Date,Close,High,Low,Open,Volume
2016-07-01,21.829320907592773,21.961358097890752,21.7018376821071,21.738260716462143,104106000
2016-07-05,21.624433517456055,21.717770680658365,21.50377951571921,21.71549369850432,110820800
2016-07-06,21.747371673583984,21.776967240861612,21.483298971964736,21.535657420975962,123796400
2016-07-07,21.840707778930664,21.968191025990517,21.767859961063753,21.786070612908745,100558400
2016-07-08,22.009166717529297,22.056972932321376,21.86574807315307,21.96591273121933,115648400
2016-07-11,22.07746124267578,22.229986073522742,22.020548836822844,22.02510106508641,95179600
2016-07-12,22.177623748779297,22.241365359270755,22.109329910465,22.120711348436405,96670000
2016-07-13,22.052419662475586,22.234538319250756,22.045588714831684,22.175350667633943,103568800
2016-07-14,22.489501953125,22.53503117386018,22.15485679655326,22.170792197493416,155676000
2016-07-15,22.487232208251953,22.605610999187544,22.423490583976943,22.51910302038946,120548000
2016-07-18,22.72626495361328,22.794558806447593,22.44625512018853,22.469019737799965,145975600
2016-07-19,22.73537826538086,22.76497210385724,22.614722454293602,22.664805670814815,95119600
2016-07-20,22.755861282348633,22.869686119737427,22.705778076004894,22.76496747775924,105104000
2016-07-21,22.635204315185547,22.99261418904708,22.56690872682313,22.726264520725785,130808000
2016-07-22,22.45991325378418,22.605608877546853,22.38023449408964,22.596502683958082,113254800
2016-07-25,22.159414291381836,22.500888738552472,22.063801863012984,22.366576289676537,161531600
2016-07-26,22.00688934326172,22.302834557369803,21.949976935689307,22.041037135170935,224959200
2016-07-27,23.4365291595459,23.755238994973727,23.39099992741144,23.737026607388394,369379200
2016-07-28,23.752965927124023,23.77800752997383,23.40693919011725,23.40921617314791,159479200
2016-07-29,23.723369598388672,23.800771381822965,23.602715562898634,23.718817369635584,110934800
2016-08-01,24.142240524291992,24.16500513669012,23.768895323111177,23.768895323111177,152671600
2016-08-02,23.784835815429688,24.146797919457065,23.675563220974293,24.1422456907347,135266400
2016-08-03,24.083051681518555,24.094433119558012,23.850848114107098,23.859954306635846,120810400
2016-08-04,24.231828689575195,24.26158283232779,24.096786895955468,24.16545245152314,109634800
2016-08-05,24.60033416748047,24.639243840287477,24.302785707365693,24.32338432959132,162213600
2016-08-08,24.80403709411621,24.80403709411621,24.52708903271134,24.609485258853,112148800
2016-08-09,24.904741287231445,24.934497174054055,24.721636062785517,24.77199056703533,105260800
2016-08-10,24.719350814819336,24.925345754190385,24.664419413066312,24.88185744859045,96034000
2016-08-11,24.703336715698242,24.932219664330212,24.685025660710487,24.838376817196714,109938000
2016-08-12,24.760547637939453,24.82005766994111,24.668994145530196,24.668994145530196,74641600
2016-08-15,25.05809783935547,25.07183025301336,24.73766146618195,24.75139387983984,103472800
2016-08-16,25.03520965576172,25.22976150751289,24.996299983906624,25.092430377750215,135177600
2016-08-17,24.99858856201172,25.032921343436463,24.797170508980045,24.97112198762436,101424000
2016-08-18,24.966543197631836,25.085561518440528,24.952809038364844,25.000875976442813,87938800
2016-08-19,25.030628204345703,25.10615996270143,24.801745358107162,24.895586417021445,101472400
2016-08-22,24.836076736450195,24.971116769936508,24.685013228240997,24.91618537887745,103280800
2016-08-23,24.913894653320312,25.02146985831504,24.840652220635842,24.854384631065013,85030800
2016-08-24,24.726219177246094,24.89101514310888,24.646110512239996,24.849816151643186,94700400
2016-08-25,24.620933532714844,24.691886673061536,24.417227891003797,24.579734540782386,100344800
2016-08-26,24.476734161376953,24.707904597919814,24.332536838720074,24.584309387410602,111065200
2016-08-29,24.44926643371582,24.591174432069376,24.32795880029892,24.403490561337307,99881200
2016-08-30,24.26158332824707,24.37602475904069,24.14714189745345,24.215807454424684,99455600
2016-08-31,24.28447723388672,24.392052484670987,24.179191301227544,24.183769937477727,118649600
2016-09-01,24.428667068481445,24.444688797948064,24.174606968198237,24.29362528048776,106806000
2016-09-02,24.657550811767578,24.71934841445918,24.44926657489614,24.650682859257305,107210000
2016-09-06,24.650686264038086,24.788017393410165,24.607199702892252,24.696463889241397,107521600
2016-09-07,24.801746368408203,24.893299859880564,24.506487275184583,24.680438734358308,169457200
2016-09-08,24.151716232299805,24.55226119771989,24.087629317230586,24.54768430931672,212008000
2016-09-09,23.604692459106445,24.197500068374616,23.604692459106445,23.950306121353805,186228000
2016-09-12,24.13341522216797,24.19750215925076,23.46736509840454,23.494831676970623,181171200
2016-09-13,24.707902908325195,24.90016540997437,24.54539629470703,24.607195641973306,248704800
2016-09-14,25.582229614257812,25.87062242924948,24.85667156227261,24.886427443662722,443554800
2016-09-15,26.451990127563477,26.48861222068165,25.97591339445229,26.06060067510993,359934400
2016-09-16,26.30321502685547,26.58016304815976,26.101798760335285,26.348992641681043,319547600
2016-09-19,25.99651527404785,26.5916103520135,25.920983512266076,26.365016812905786,188092000
2016-09-20,25.994226455688477,26.1201127277421,25.751611181808023,25.87520813630495,138057200
2016-09-21,25.989654541015625,26.090361831695407,25.73559437696434,26.058318364719387,144012800
2016-09-22,26.234556198120117,26.307798649490568,26.092648184610844,26.172756842947617,124296000
2016-09-23,25.797388076782227,26.273464865638555,25.531884855537015,26.188777575064645,209924800
2016-09-26,25.836292266845703,25.95302299477781,25.531879441337228,25.552478057081945,119477600
2016-09-27,25.88435935974121,25.90495972324331,25.712697230919463,25.86376074247659,98429600
2016-09-28,26.081201553344727,26.23913128768944,25.96218323287002,26.021693266226208,118564400
2016-09-29,25.67607879638672,26.046869650892393,25.58910393995395,25.9003847630911,143548000
2016-09-30,25.875207901000977,25.9484503460104,25.58910432733329,25.74016610618626,145516400
2016-10-03,25.753896713256836,25.875206086826246,25.698965319910553,25.797385012201293,86807200
2016-10-04,25.863759994506836,26.163595945381694,25.77907271809174,25.87749240561945,118947200
2016-10-05,25.875207901000977,26.01482658464982,25.79280993208567,25.955316552380403,85812400
2016-10-06,26.06747055053711,26.170467146015195,25.8935190762136,26.023982245396795,115117200
2016-10-07,26.10637664794922,26.220818070037353,25.980492131394783,26.163597358993286,97433600
2016-10-10,26.56186294555664,26.722080287328055,26.2574482499529,26.326112076610052,144944000
2016-10-11,26.61907958984375,27.166109532262723,26.59618990489879,26.93951422421971,256164000
2016-10-12,26.857112884521484,27.003599515625737,26.722072840694022,26.85940220197684,150347200
2016-10-13,26.77471351623535,26.879999405712596,26.486320669087977,26.73122522088529,140769600
2016-10-14,26.92348861694336,27.047085563656005,26.809047193643227,26.980709328593424,142608800
2016-10-17,26.905183792114258,26.971558291980898,26.728942993020848,26.854829278087568,94499600
2016-10-18,26.886869430541992,27.05624225539342,26.882290795519253,27.049376049096928,98214000
2016-10-19,26.806766510009766,26.953251429771733,26.046875333905316,26.836520659067105,80138400
2016-10-20,26.793031692504883,26.866274150593316,26.625948153539685,26.747255811038844,96503200
2016-10-21,26.687742233276367,26.758697110259885,26.6144997848891,26.735807426320722,92770800
2016-10-24,26.928071975708008,26.948670597321588,26.779297750071155,26.80218568949886,94154800
2016-10-25,27.065404891967773,27.09058215249656,26.850254391535653,26.99673931848235,192516000
2016-10-26,26.456571578979492,26.48174883578111,25.934718885705546,26.163601768456424,264536800
2016-10-27,26.2025146484375,26.518372415621062,26.11553803054444,26.410797175324642,138248000
2016-10-28,26.028560638427734,26.369595630794517,25.96676128472614,26.062893418679984,151446800
2016-10-31,25.98736000061035,26.145289731996076,25.909538920566067,26.01253725478018,105677600
2016-11-01,25.51814842224121,26.040001040121055,25.29842109609378,25.96904791551526,175303200
2016-11-02,25.541032791137695,25.71498422155105,25.45863658329697,25.497546243212344,113326800
2016-11-03,25.26727294921875,25.642266892785667,25.20285698396342,25.531840025263218,107730400
2016-11-04,25.039508819580078,25.363891402462773,24.871567483003545,24.968191409954677,123348000
2016-11-07,25.40070343017578,25.423708878055244,25.18214728731297,25.324783872490706,130240000
2016-11-08,25.55023956298828,25.70207867743133,25.237360559169108,25.377696072141084,97016800
2016-11-09,25.508831024169922,25.61005710827959,24.8577682024011,25.27877301861398,236705600
2016-11-10,24.79795265197754,25.557143017878346,24.347039171303557,25.557143017878346,228538000
2016-11-11,24.9451904296875,25.0464165171127,24.51268199694924,24.643814994203094,136575600
2016-11-14,24.319425582885742,24.80254692483894,23.94443175781599,24.779541480975045,204702000
2016-11-15,24.641510009765625,24.772642986196743,24.422955634114782,24.517278491798816,129058000
2016-11-16,25.304075241088867,25.359290416788934,24.524178875156075,24.54718432076294,235362000
2016-11-17,25.294883728027344,25.386907305735157,25.037219816689973,25.262675739110172,110528000
2016-11-18,25.320178985595703,25.430607580733323,25.228157204051158,25.241960120242243,113715600
2016-11-21,25.70438575744629,25.764199584509182,25.308685645104998,25.333992170094515,117058400
2016-11-22,25.720489501953125,25.86312436302286,25.628465935170478,25.754996803693512,103862000
2016-11-23,25.58935546875,25.653771436366686,25.382302890551035,25.61926238079961,109705600
2016-11-25,25.71817970275879,25.736584760910358,25.52493010257322,25.566340605812773,45903600
2016-11-28,25.66756820678711,25.8746207353781,25.626157701068912,25.635360230695518,108776000
2016-11-29,25.64226722717285,25.773400231067928,25.322486713197073,25.485827700139822,114115200
2016-11-30,25.426010131835938,25.812507653355425,25.3684956301527,25.674473200356314,144649200
2016-12-01,25.189050674438477,25.52263583743851,25.083224201929145,25.391502843763547,148347600
2016-12-02,25.283374786376953,25.327084613245596,25.041813182047214,25.11543167252432,106112000
2016-12-05,25.10163116455078,25.313284125596923,24.903781123293562,25.306382665702465,137298000
2016-12-06,25.294883728027344,25.389208377858886,25.12004086110663,25.1913583001084,104782000
2016-12-07,25.543336868286133,25.58014698705001,25.113129575252483,25.136135021878374,119994800
2016-12-08,25.794103622436523,25.86542104085599,25.44441447910836,25.504230050636142,108273200
2016-12-09,26.215110778808594,26.387654294479216,25.837815764958435,25.837815764958435,137610400
2016-12-12,26.065576553344727,26.4566745180519,25.879228347983513,26.06327548149486,105497600
2016-12-13,26.50038719177246,26.66832858441168,26.169103039974875,26.18980742186041,174935200
2016-12-14,26.50038719177246,26.732744557215963,26.452075212169248,26.465878133426276,136127200
2016-12-15,26.64531707763672,26.85467069689595,26.509583702233826,26.544090997537463,186098000
2016-12-16,26.679826736450195,26.801757196511677,26.606208246118552,26.79485573729359,177404400
2016-12-19,26.833972930908203,27.004215409896794,26.62922139065339,26.640724996143387,111117600
2016-12-20,26.90528106689453,27.031813662716168,26.84316618225683,26.856969099908948,85700000
2016-12-21,26.930591583251953,27.008812223697966,26.86617561771019,26.870777761079413,95132800
2016-12-22,26.75344467163086,26.804057711784225,26.6039066225968,26.767247589780606,104343600
2016-12-23,26.806358337402344,26.806358337402344,26.592404319614282,26.592404319614282,56998000
2016-12-27,26.976604461669922,27.1008360056042,26.799458799777113,26.806360259684002,73187600
2016-12-28,26.861570358276367,27.15144215064689,26.732736695353033,27.03641316012437,83623600
2016-12-29,26.854677200317383,26.942098628262887,26.77875762185743,26.79025947134298,60158000
2016-12-30,26.64531707763672,26.962796480852713,26.555594599440823,26.836265635931866,122345200
2017-01-03,26.721242904663086,26.76265342394271,26.401462355027416,26.64072293806483,115127600
2017-01-04,26.691329956054688,26.804059646424857,26.629215064694332,26.65222051500545,84472400
2017-01-05,26.827058792114258,26.88457328197726,26.64301172247148,26.66831823842744,88774400
2017-01-06,27.126134872436523,27.183649362365156,26.794850848782673,26.866168254629233,127007600
2017-01-09,27.374601364135742,27.47582744741152,27.133041513413918,27.13534082970417,134247600
2017-01-10,27.402202606201172,27.464317480505496,27.215856228085332,27.32398199037783,97848400
2017-01-11,27.549453735351562,27.59086425793853,27.284886605223925,27.31709459443559,110354400
2017-01-12,27.43442153930664,27.445925143500986,27.195160964733542,27.35390157555694,108344800
2017-01-13,27.386104583740234,27.51953864524781,27.33319047134818,27.40220857356334,104447600
2017-01-17,27.60696792602539,27.66218137042039,27.197464849288615,27.225070693884238,137759200
2017-01-18,27.604658126831055,27.72198819488039,27.540242169534384,27.606959198221134,94852000
2017-01-19,27.55634307861328,27.627660486905143,27.462020224601755,27.468921682797355,102389200
2017-01-20,27.60696792602539,27.710493353666486,27.544853020481483,27.710493353666486,130391600
2017-01-23,27.625368118286133,27.793309493956794,27.554048936855708,27.60696305500064,88200800
2017-01-24,27.60005760192871,27.629964509038164,27.491930064774497,27.503433666464463,92844000
2017-01-25,28.039464950561523,28.090077985152917,27.671372546991893,27.70358052260405,129510400
2017-01-26,28.053272247314453,28.168301243893303,27.975051616935176,27.991155606248086,105350400
2017-01-27,28.055572509765625,28.14759606117314,27.975052560485274,28.099284091604925,82251600
2017-01-30,27.981948852539062,27.981948852539062,27.758794107227867,27.820908983715945,121510000
2017-01-31,27.917539596557617,27.92674212772511,27.749598229560107,27.87152869592351,196804000
2017-02-01,29.61996841430664,30.020270610409472,29.21966797340711,29.224268361259686,447940000
2017-02-02,29.569360733032227,29.76721079542723,29.396817196422887,29.442829859307547,134841600
2017-02-03,29.695894241333008,29.72120076786806,29.484241251406825,29.518748555587646,98029200
2017-02-06,29.97425651550293,30.0225702420806,29.65447602268937,29.70739189237126,107383600
2017-02-07,30.259523391723633,30.388355288483623,30.011060372083982,30.031764746119144,152735200
2017-02-08,30.376850128173828,30.418262384523125,30.188204434865806,30.218113091651087,92016400
2017-02-09,30.596364974975586,30.60329635703919,30.295992158254823,30.41845127554744,113399600
2017-02-10,30.52704620361328,30.716513372844734,30.510874154762057,30.605607739377785,80262000
2017-02-13,30.797380447387695,30.919843083711402,30.672612051335886,30.74886077555563,92141600
2017-02-14,31.197105407714844,31.21327745462507,30.788136306005725,30.838968783082613,132904800
2017-02-15,31.310321807861328,31.485926200920584,31.10468260464162,31.312634618691856,142492400
2017-02-16,31.273345947265625,31.40042358110873,31.15550545138359,31.34728183283115,90338400
2017-02-17,31.358842849731445,31.38425908773884,31.215589613122148,31.215589613122148,88792800
2017-02-21,31.585283279418945,31.596836758496227,31.418923052461178,31.476686922220768,98028800
2017-02-22,31.680015563964844,31.682324849434227,31.44896009446634,31.52289601137999,83347600
2017-02-23,31.546003341674805,31.7655053351691,31.49286157023711,31.742401903322005,83152800
2017-02-24,31.576021194458008,31.576021194458008,31.257163721456017,31.402729702717696,87106400
2017-02-27,31.638429641723633,31.756270209527685,31.48824496881444,31.686952850636004,81029600
2017-02-28,31.65227699279785,31.756251206101947,31.585268959904507,31.67307113033363,93931600
2017-03-01,32.299251556396484,32.38243168968686,31.793242898309984,31.860247451914173,145658400
2017-03-02,32.10747146606445,32.41246287027101,32.06125754896711,32.34776761708699,104844000
2017-03-03,32.29691696166992,32.3084704344454,32.02196052748819,32.06586160866005,84432400
2017-03-06,32.195274353027344,32.29463005699836,32.024295529714536,32.202205736370985,87000000
2017-03-07,32.23685836791992,32.343141903855376,32.06818534575366,32.130571306357986,69785200
2017-03-08,32.1167106628418,32.30155574588277,32.0751223701116,32.105157184096726,74828800
2017-03-09,32.04276657104492,32.06818281034635,31.666148603102606,32.056632858903505,88623600
2017-03-10,32.14905548095703,32.19988796249569,32.0335277548467,32.174471721726356,78451200
2017-03-13,32.162925720214844,32.216067499402925,32.07512702538827,32.08205840851597,69686800
2017-03-14,32.114402770996094,32.266896709917894,32.07974233325674,32.18602940644647,61236400
2017-03-15,32.45403289794922,32.52103739174446,32.123621945830905,32.211424098605264,102767200
2017-03-16,32.5071907043457,32.58343942329321,32.40783503094396,32.51412208555673,76928000
2017-03-17,32.34545135498047,32.57881607322998,32.32234440141568,32.57881607322998,175540000
2017-03-20,32.685096740722656,32.69433740496831,32.40089607500655,32.44017506789506,86168000
2017-03-21,32.310791015625,32.99471665093121,32.2853747768826,32.83528783751306,158119600
2017-03-22,32.67584228515625,32.71743407525845,32.2922896153912,32.31308727325446,103440800
2017-03-23,32.560333251953125,32.71283069351587,32.488706627299024,32.638891257984966,81385200
2017-03-24,32.49563217163086,32.74979452858138,32.42862765513974,32.69433996189426,89582400
2017-03-27,32.55109405517578,32.62965206475492,32.02890646363169,32.20682015348862,94300400
2017-03-28,33.22576904296875,33.28122008560219,32.49101099744345,32.55801904145993,133499200
2017-03-29,33.299705505371094,33.38519840692117,33.084825660277524,33.19804055798778,116760000
2017-03-30,33.25579833984375,33.38750159553107,33.156446221167535,33.31587499357841,84829200
2017-03-31,33.19342041015625,33.33436434857821,33.043232281161146,33.20728317039026,78646800
2017-04-03,33.20266342163086,33.299706275752946,33.052478807647475,33.204976232250445,79942800
2017-04-04,33.44990539550781,33.477630927036365,33.08021518886731,33.098700051762044,79565600
2017-04-05,33.27659225463867,33.609312520343614,33.228069080213025,33.32280261918106,110871600
2017-04-06,33.19342041015625,33.3921281999704,33.14489722371151,33.33898291823909,84596000
2017-04-07,33.11949157714844,33.31357733372976,33.1033195269134,33.20960307310597,66688800
2017-04-10,33.0802116394043,33.244262576475684,33.017825674531885,33.17956732609938,75733600
2017-04-11,32.7243766784668,33.121792239387545,32.361618016499676,33.02705868141359,121517600
2017-04-12,32.76365661621094,32.84452389130721,32.581120874796,32.71744624106655,81400000
2017-04-13,32.59038162231445,32.89768588530368,32.59038162231445,32.78908950944931,71291600
2017-04-17,32.770599365234375,32.7821528444351,32.54878455171169,32.68972853645613,66328400
2017-04-18,32.625030517578125,32.81911625943817,32.60423637215595,32.673553715856414,58790000
2017-04-19,32.5048828125,32.809877734444996,32.45174103996478,32.78215220540519,69313600
2017-04-20,32.91153335571289,33.022438965982026,32.61578271124467,32.62964547182509,93278400
2017-04-21,32.872257232666016,32.96698728012244,32.77521437449348,32.91153623295304,69283600
2017-04-24,33.18880081176758,33.26042742878248,33.082513765934344,33.156453193579374,68537200
2017-04-25,33.39444351196289,33.47993289925257,33.241946070614006,33.25119026285557,75486000
2017-04-26,33.19804763793945,33.4106217690531,33.12873381869219,33.380583430294884,80164800
2017-04-27,33.223445892333984,33.30893876582899,33.11254031595836,33.25348421482882,56985200
2017-04-28,33.19110870361328,33.34129683760354,33.103310044002505,33.29277364954495,83441600
2017-05-01,33.868106842041016,34.01136008674115,33.49379815717875,33.5261457777764,134411600
2017-05-02,34.082984924316406,34.21699749566795,33.928178210589465,34.089916305108204,181408800
2017-05-03,33.97900390625,34.078359553815964,33.33436094186979,33.63935221272565,182788000
2017-05-04,33.85655212402344,33.99749607838162,33.690191931153905,33.854242838931896,93487600
2017-05-05,34.41802215576172,34.42264072641439,33.90969733385166,33.90969733385166,109310800
2017-05-08,35.353790283203125,35.51321909494186,34.43419065356473,34.43419065356473,195009600
2017-05-09,35.58021926879883,35.785858416166704,35.45544738913163,35.55249022574761,156521600
2017-05-10,35.411556243896484,35.568675779877275,35.145843892303795,35.497049156002355,103222800
2017-05-11,35.71780776977539,35.74565127496851,35.33731290713693,35.36979404638002,109020400
2017-05-12,36.216617584228516,36.29085864643558,35.88484277011094,35.89180275906231,130108000
2017-05-15,36.12382888793945,36.34423690255087,35.973024335884055,36.195751167848314,104038800
2017-05-16,36.070472717285156,36.207357303649644,35.896465807106004,36.17951733087847,80194000
2017-05-17,34.85938262939453,35.86166408215146,34.73409921788966,35.63661487281056,203070800
2017-05-18,35.39067840576172,35.57628645594224,35.063548155767805,35.09602929903596,134272800
2017-05-19,35.511314392089844,35.72476235196621,35.41155217244053,35.58555900779195,107843200
2017-05-22,35.72709655761719,35.86398113051497,35.476526206788755,35.72941537506011,91865600
2017-05-23,35.683006286621094,35.93821421541674,35.5693205340456,35.93821421541674,79675600
2017-05-24,35.5762825012207,35.76885052211112,35.42083679427562,35.69228707716587,76712000
2017-05-25,35.69924545288086,35.8106123896768,35.50435862375579,35.666764314693346,76942400
2017-05-26,35.63893508911133,35.78510202508662,35.56933161768597,35.72941853991041,87710400
2017-05-30,35.65283966064453,35.829165310531,35.573957412551486,35.59483738289763,80507600
2017-05-31,35.44172668457031,35.76886052990759,35.35356558950685,35.722459394582664,97804800
2017-06-01,35.539154052734375,35.573957543617595,35.3164272878654,35.536835236080066,65616400
2017-06-02,36.06582260131836,36.06582260131836,35.47187972823621,35.631966612345444,111082800
2017-06-05,35.713165283203125,35.83381102746354,35.604124244177186,35.808289880411884,101326800
2017-06-06,35.83381652832031,36.14934914931527,35.67837080520811,35.70621077347326,106499600
2017-06-07,36.047264099121094,36.18878983634843,35.84077607662668,35.96606301262677,84278400
2017-06-08,35.95909118652344,36.08669335761769,35.822203128879956,36.01941227722577,85003200
2017-06-09,34.564720153808594,36.00549844870563,33.87797509248136,36.00549844870563,259530800
2017-06-12,33.738765716552734,33.89421140172117,33.06361832949146,33.813010334042374,289229200
2017-06-13,34.010215759277344,34.2097437423721,33.676122062916065,34.142462655827934,136661600
2017-06-14,33.67844009399414,34.22134051075947,33.372186398273556,34.22134051075947,126124800
2017-06-15,33.476593017578125,33.52067531502955,32.994017182789065,33.25154743721436,128661600
2017-06-16,33.00794219970703,33.525321604147315,32.99169986019783,33.358274735777414,201444400
2017-06-19,33.952213287353516,34.04501905813801,33.330430553899184,33.330430553899184,130165600
2017-06-20,33.64364242553711,34.075179545849174,33.62740362744633,34.075179545849174,99600400
2017-06-21,33.84318161010742,33.88958628326422,33.550851286189,33.761980512442065,85063200
2017-06-22,33.787498474121094,34.03574645919202,33.669171525002966,33.819979618154086,76425200
2017-06-23,33.938289642333984,34.14245877583678,33.66683942993293,33.671480603015574,141757600
2017-06-26,33.831565856933594,34.40230621312439,33.72948129496707,34.144775991864364,102769600
2017-06-27,33.34667205810547,33.91045609832989,33.321150911590316,33.643643468366285,99047600
2017-06-28,33.833892822265625,33.89885509731291,33.21442885223566,33.52300142879953,88329600
2017-06-29,33.3350715637207,33.67148764914415,33.010260183521176,33.57404423508429,125997600
2017-06-30,33.41396713256836,33.632056354550755,33.358283648175124,33.51372939273757,92096400
2017-07-03,33.29331970214844,33.71093696393949,33.200517439607935,33.61349352621814,57111200
2017-07-05,33.430198669433594,33.59260437172023,33.11234725637412,33.33739642246375,86278400
2017-07-06,33.11466598510742,33.29331402723533,33.04042489576544,33.18195062313297,96515200
2017-07-07,33.45108413696289,33.583331077798874,33.15411264967926,33.15411264967926,76806800
2017-07-10,33.65524673461914,33.861734736524554,33.26315070466669,33.434838750141466,84362400
2017-07-11,33.764286041259766,33.838530656946226,33.49747697651507,33.57867804222174,79127200
2017-07-12,33.813018798828125,33.91509986316414,33.59957078037794,33.84317758457734,99538000
2017-07-13,34.28398895263672,34.451035803707775,33.74340727350098,33.75732725439386,100797600
2017-07-14,34.578636169433594,34.64592079378021,34.1819025741464,34.3303882628221,80528400
2017-07-17,34.69927978515625,35.01017112373985,34.46959304613573,34.527595320058545,95174000
2017-07-18,34.81992721557617,34.83152837896584,34.49279352494887,34.6157580684877,71475200
2017-07-19,35.038028717041016,35.13083097657728,34.78977718550363,34.91274177246986,83692000
2017-07-20,34.8802490234375,35.205063904111555,34.84544907273368,35.14938044280735,68974800
2017-07-21,34.864009857177734,34.90345098095028,34.54151733675225,34.79904758976671,105010400
2017-07-24,35.2862663269043,35.36747093524196,34.7781657860091,34.93593382901929,85972800
2017-07-25,35.437076568603516,35.692284493098995,35.218987415187335,35.218987415187335,75415600
2017-07-26,35.604122161865234,35.71316319451389,35.51131638702401,35.57860101630619,63124000
2017-07-27,34.93130111694336,35.72709443481554,34.174952474512295,35.67141095788023,129905200
2017-07-28,34.685359954833984,34.85472560416631,34.61343770128921,34.775843360935134,68854800
2017-07-31,34.5067253112793,34.87794142569058,34.36752192350949,34.77817563461861,79383600
2017-08-01,34.8129768371582,34.85241797143003,34.432481938100516,34.59256883261376,141474400
2017-08-02,36.45792770385742,37.06347189329879,36.23055966565275,36.95442727963152,279747200
2017-08-03,36.09365463256836,36.47414938593191,35.96604892926828,36.4370270831214,108389200
2017-08-04,36.283912658691406,36.51824063755716,36.12150695352806,36.209671567836246,82239600
2017-08-07,36.845367431640625,36.87088857620592,36.348868061152366,36.439351475487854,87481200
2017-08-08,37.140010833740234,37.546026689659826,36.720075000617484,36.79663841541217,144823600
2017-08-09,37.36738204956055,37.416105514287985,36.91496504928129,36.9497649953883,104526000
2017-08-10,36.17717742919922,37.267242568364914,36.01646187697015,37.2439491201272,163217200
2017-08-11,36.68027877807617,36.93416454339408,36.35186393739302,36.47531138153877,105028400
2017-08-14,37.2323112487793,37.31616269865462,36.97609749802643,37.108863774529745,88490800
2017-08-15,37.639923095703125,37.779673147687454,37.2998578831191,37.42097743810432,117862000
2017-08-16,37.48850631713867,37.851861268607664,37.30216944215757,37.719098599761814,110686400
2017-08-17,36.768795013427734,37.43261922350006,36.76413561275204,37.38836380228439,111762400
2017-08-18,36.684940338134766,37.150780850365045,36.50326282269144,36.768791772499455,109712400
2017-08-21,36.617401123046875,36.77578521761113,36.128267082150636,36.6849464447683,105474000
2017-08-22,37.21601104736328,37.26725380567266,36.806072534970504,36.85498381530437,86418400
2017-08-23,37.26258087158203,37.376713074383446,37.006370727162285,37.050626143637956,77596400
2017-08-24,37.097198486328125,37.43959143915482,36.92949567049138,37.36738319710516,79275600
2017-08-25,37.23462677001953,37.39767021433604,37.097204692244226,37.18571195968431,101920400
2017-08-28,37.6096305847168,37.73307802479244,37.25093143296134,37.29984624604826,103864000
2017-08-29,37.94502258300781,37.993933824343884,37.267224091858075,37.29051752854726,118067600
2017-08-30,38.047515869140625,38.17329121260983,37.87515364267968,38.15232924771166,109078400
2017-08-31,38.19892501831055,38.320044556194304,38.07780548042678,38.11507357732661,107140400
2017-09-01,38.210567474365234,38.41786635335139,38.11274139649231,38.385257660727085,66364400
2017-09-05,37.751712799072266,38.257149291687355,37.39767304031707,38.14068917207796,117874000
2017-09-06,37.71211624145508,37.963670522676125,37.38835725576962,37.898453140961124,86606800
2017-09-07,37.56072998046875,37.7889944557835,37.3511031115525,37.754054274909414,87714000
2017-09-08,36.94814682006836,37.53510339320149,36.924853369385254,37.46755807275102,114446000
2017-09-11,37.61662673950195,37.74473360949304,37.24162493139071,37.38370645009327,126323200
2017-09-12,37.4675407409668,38.18959472915535,36.98073841197719,37.87515106079712,286856000
2017-09-13,37.18571090698242,37.257919159067484,36.78043200745177,37.23695363861418,179629600
2017-09-14,36.86661148071289,37.127480985161284,36.82235607104816,37.031986397763134,95042800
2017-09-15,37.23929977416992,37.493182055504654,36.801408460248126,36.910881288728575,196458400
2017-09-18,36.95744323730469,37.38368757823772,36.80138714867015,37.29284885338837,113077600
2017-09-19,36.971439361572266,37.21367847131241,36.903894036289664,37.15311691683646,83242400
2017-09-20,36.351863861083984,36.861956205442226,35.83012123973316,36.77810477619086,211805600
2017-09-21,35.7276496887207,36.2889885434765,35.57858081796421,36.2889885434765,150046800
2017-09-22,35.378257751464844,35.46676858657564,35.06847338265814,35.296734239749,186581600
2017-09-25,35.06613540649414,35.36427296614295,34.74237648371551,34.9357006684078,177549200
2017-09-26,35.66938781738281,35.85106523064331,35.331654346787225,35.35261630506827,146640000
2017-09-27,35.92329406738281,36.03742628493576,35.76257850428549,35.82314005216649,102016800
2017-09-28,35.70200729370117,35.934927489278074,35.56691315377695,35.84408875516629,88022000
2017-09-29,35.897682189941406,35.9000136679883,35.40389219920621,35.68572737853562,105199200
2017-10-02,35.82545852661133,35.974527325485546,35.571576339386255,35.93027191496218,74795200
2017-10-03,35.981510162353516,36.12359162123133,35.84874750141396,35.872037388099464,64921200
2017-10-04,35.748592376708984,35.83710319267838,35.51101632449689,35.783532540208626,80655200
2017-10-05,36.193485260009766,36.20513198582134,35.88137291111724,35.91165013332926,85135200
2017-10-06,36.17251205444336,36.21676746633701,36.00014980656297,36.09564795285132,69630400
2017-10-09,36.29827880859375,36.505577619836615,36.21675888071339,36.29129148774914,65051600
2017-10-10,36.3122673034668,36.80140127367339,36.12593393775108,36.349535398242395,62468000
2017-10-11,36.463661193847656,36.563815182604465,36.277324306816766,36.32856703960228,67622400
2017-10-12,36.3355598449707,36.654659457585346,36.27267038086556,36.41708335599889,64500400
2017-10-13,36.56615447998047,36.63369979450911,36.431060296841906,36.50559293514657,65576800
2017-10-16,37.23929977416992,37.26724907366899,36.71988493126674,36.77811500794435,96486000
2017-10-17,37.376712799072266,37.46987947743301,37.0878904096244,37.21599725793115,75989200
2017-10-18,37.21134948730469,37.432626637208024,37.174084936762824,37.365077753316875,65496800
2017-10-19,36.33089828491211,36.5871119722712,36.107296843290385,36.51024786606347,170336800
2017-10-20,36.39380645751953,36.743186999511714,36.326261116530745,36.47765792976096,95896400
2017-10-23,36.37514877319336,36.729188487574625,36.21909265896591,36.542851608738154,87937200
2017-10-24,36.59177017211914,36.666302798854936,36.38213982913323,36.403101797207604,71028800
2017-10-25,36.431053161621094,36.69658207534849,36.1655242478937,36.547513273853816,84828400
2017-10-26,36.663978576660156,36.76180465829536,36.51723767716681,36.62205108219874,68002000
2017-10-27,37.97764587402344,38.10575271694487,36.96444140755853,37.10186349629206,177816800
2017-10-30,38.83247375488281,39.14691759005471,38.13371283590687,38.17330886149236,178803200
2017-10-31,39.372825622558594,39.51490707437439,38.883695377513966,39.10729675979726,144187200
2017-11-01,38.87205123901367,39.58245854526735,38.57391367345149,39.566152425643104,134551200
2017-11-02,39.156227111816406,39.24706587583461,38.49706231483044,38.804518780172856,165573600
2017-11-03,40.17874526977539,40.5886836521891,39.85731417031122,40.52812566342561,237594400
2017-11-06,40.58635330200195,40.75871556536482,39.997065357610694,40.14846209750659,140105200
2017-11-07,40.71678924560547,40.819274726553346,40.43495772707984,40.50716243754375,97446000
2017-11-08,41.04986572265625,41.04986572265625,40.60498719669403,40.68185130490328,97638000
2017-11-09,40.96601104736328,41.01725378211168,40.327808339911776,40.78666147574387,117930400
2017-11-10,40.83042907714844,40.99639849993857,40.736927487906414,40.93328296542886,100582000
2017-11-13,40.66680908203125,40.790700322015965,40.5335655408074,40.55694272704739,67928400
2017-11-14,40.052024841308594,40.5522659440664,40.01462277065098,40.449412033186846,99130000
2017-11-15,39.523738861083984,39.81359959427168,39.3601092402757,39.731783000438426,116632400
2017-11-16,39.99591827392578,40.17590901947847,39.80891152035712,40.014615739111214,94550000
2017-11-17,39.77384567260742,40.063706318434406,39.654630606275354,39.98188974925974,87598000
2017-11-20,39.73411560058594,39.8696954357603,39.63593783722337,39.80657988543512,65049600
2017-11-21,40.4727897644043,40.603693446612,39.92112169877338,39.92112169877338,100525200
2017-11-22,40.89823532104492,40.9075840565545,40.451757404724546,40.52422169721312,102355600
2017-11-24,40.90056228637695,41.024453513062106,40.82575815192538,40.93095191185509,56106800
2017-11-27,40.69485092163086,40.92627217962039,40.51953275956953,40.91925973848651,82867200
2017-11-28,40.456424713134766,40.877185489404816,40.173576481492574,40.7439455280813,105715200
2017-11-29,39.617225646972656,40.42135213023279,39.074910025823634,40.353564015160494,166665600
2017-11-30,40.171241760253906,40.239029889391794,39.37412755223093,39.83930285607974,166108800
2017-12-01,39.98423385620117,40.12916241108595,39.38815132748786,39.727099097349935,159037200
2017-12-04,39.69203186035156,40.3512262825852,39.652293505718426,40.31850036895455,130169600
2017-12-05,39.65462875366211,40.09409406815887,39.36476812137704,39.51904895308636,109400800
2017-12-06,39.50736999511719,39.785542104908174,38.9112909791169,39.154397309411614,114240000
2017-12-07,39.579830169677734,39.84163748488926,39.48398871791025,39.51203848258087,102693200
2017-12-08,39.59151840209961,39.972544381752805,39.4629545923694,39.853329305384676,93420800
2017-12-11,40.362918853759766,40.41434580408775,39.455938348183324,39.55177980714525,141095200
2017-12-12,40.136165618896484,40.29745887898939,40.08006609667753,40.24135578991373,77636800
2017-12-13,40.26942443847656,40.56629403478115,40.20630888511107,40.323187690009654,95273600
2017-12-14,40.25771713256836,40.470437314655996,40.12447364482455,40.29979177068341,81906000
2017-12-15,40.66680908203125,40.713559887653396,40.31383639769752,40.587332355787815,160677200
2017-12-18,41.239501953125,41.42183253648349,40.87484078640801,40.87951693560756,117684400
2017-12-19,40.8000373840332,40.99873270965546,40.694847209762465,40.914579856867505,109745600
2017-12-20,40.755638122558594,41.00575689448895,40.49850334126773,40.87718950384352,93902400
2017-12-21,40.909915924072266,41.14601338073836,40.69719922079701,40.71356039788378,83799600
2017-12-22,40.909915924072266,41.00575739525637,40.79070083321309,40.83277548874296,65397600
2017-12-26,39.87202835083008,40.082408726132456,39.66398070018009,39.925791590410505,132742000
2017-12-27,39.879032135009766,39.92110677419349,39.67098809638064,39.762153381468536,85992800
2017-12-28,39.99123001098633,40.171224268876486,39.85097409657861,39.97252898460823,65920800
2017-12-29,39.55879211425781,39.87670254845045,39.556455822653554,39.860341373505804,103999600
2018-01-02,40.26708221435547,40.27643451563853,39.56580942615581,39.77619340273042,102223600
2018-01-03,40.26005172729492,40.80237081919405,40.19693977278134,40.33017968805515,118071600
2018-01-04,40.44706726074219,40.5499211500562,40.224998308918046,40.33252478094121,89738400
2018-01-05,40.907562255859375,40.99405138894915,40.451735846951074,40.54290112873273,94640000
2018-01-08,40.755638122558594,41.050171408244445,40.65745679380547,40.755638122558594,82271200
2018-01-09,40.750938415527344,40.921580362547864,40.53588198042548,40.80236534205777,86336000
2018-01-10,40.741600036621094,40.74393989480724,40.440054379738385,40.477456442146824,95839600
2018-01-11,40.9730339050293,41.022124572917754,40.78836696115157,40.81174058221333,74670800
2018-01-12,41.396121978759766,41.45923751339591,41.05951054984298,41.18340176092249,101672400
2018-01-16,41.18575668334961,41.93378037295478,41.17406808868144,41.5854802262497,118263600
2018-01-17,41.86597442626953,41.90103662850465,40.923931879747094,41.17638686955348,137547200
2018-01-18,41.90338134765625,42.09974042023661,41.6672874824555,41.929094823419305,124773600
2018-01-19,41.71636962890625,41.97817691644085,41.47092351341417,41.75143183103793,129700400
2018-01-22,41.375091552734375,41.55742217931307,41.28158994771982,41.44521953992409,108434400
2018-01-23,41.38445281982422,41.945473320390064,41.33302941829289,41.44523209166259,130756400
2018-01-24,40.725242614746094,41.44521633156787,40.48680890350173,41.433527740131495,204420400
2018-01-25,39.99824142456055,40.8958692665599,39.86266166193731,40.793015407545305,166116000
2018-01-26,40.091758728027344,40.206301219057266,39.75281097181956,40.206301219057266,156572000
2018-01-29,39.26192855834961,39.776194571434615,39.053884434411934,39.776194571434615,202561600
2018-01-30,39.03050231933594,39.124003921961055,38.49987162895176,38.693890842913504,184192800
2018-01-31,39.138031005859375,39.37412845107517,38.92063816244911,39.007127328082305,129915600
2018-02-01,39.2198371887207,39.41619265332246,38.981403514928985,39.077244956052496,188923200
2018-02-02,37.51809310913086,38.990766636131845,37.42459150008796,38.8037598511883,346375200
2018-02-05,36.58072280883789,38.30819107991556,36.46618031736213,37.19083019912959,290954000
2018-02-06,38.1094970703125,38.270790367350905,35.99866645876102,36.19268567354218,272975200
2018-02-07,37.29368209838867,38.195986484247946,37.18381931919892,38.12352220639921,206434400
2018-02-08,36.26749038696289,37.63497378025573,36.23944061622308,37.469004314043325,217562000
2018-02-09,36.71109390258789,37.05846466441262,35.26292961094662,36.866003792290925,282690400
2018-02-12,38.189762115478516,38.466718895803275,36.96926416827277,37.20162894435836,243278000
2018-02-13,38.57234573364258,38.66857795561748,37.94097353876356,38.011387447072025,130196800
2018-02-14,39.283531188964844,39.323431580711606,38.22968237163818,38.26723336414018,162579600
2018-02-15,40.602596282958984,40.62606519891659,39.666099508224036,39.85151934431027,204588800
2018-02-16,40.47114944458008,41.03211125006785,40.31624316123592,40.454721563931344,160704400
2018-02-20,40.33502960205078,40.900679588295006,40.234102152798535,40.38197101922367,135722000
2018-02-21,40.15195083618164,40.86781542185468,40.13786518942926,40.56504027258118,149886400
2018-02-22,40.487579345703125,40.82790900653201,40.30215954364588,40.32328263855121,123967600
2018-02-23,41.191715240478516,41.22692040214116,40.73168083348682,40.76219436119442,135249600
2018-02-26,42.00615692138672,42.10473494491624,41.35835694616437,41.391216287340875,152648800
2018-02-27,41.87002182006836,42.36056609144427,41.816039387401,42.036667914040706,155712400
2018-02-28,41.80665588378906,42.39343245337469,41.79022800216865,42.074225856264114,151128400
2018-03-01,41.0743522644043,42.19626857117151,40.52513035651895,41.90522615725141,195208000
2018-03-02,41.358360290527344,41.37948338697755,40.47584605945342,40.55799620973738,153816000
2018-03-05,41.50154495239258,41.71747835236464,40.96170966176202,41.12366060709127,113605600
2018-03-06,41.46632385253906,41.837167053383304,41.33958169646813,41.75736630395347,95154000
2018-03-07,41.081398010253906,41.273862430596104,40.903019234965775,41.06027491477236,126814000
2018-03-08,41.529701232910156,41.57194742905669,41.090793481964944,41.187022122543205,95096400
2018-03-09,42.243221282958984,42.24791649869535,41.63532156620826,41.76910835419292,128740800
2018-03-12,42.651607513427734,42.808863174580104,42.29719582170219,42.31596951674786,128828400
2018-03-13,42.24087142944336,43.069399648429766,42.069533676140765,42.855812120337546,126774000
2018-03-14,41.88176345825195,42.36996197589975,41.73389462212503,42.323020568345115,117473600
2018-03-15,41.93104553222656,42.30423809273555,41.79491654145905,41.89584037623486,90975200
2018-03-16,41.78318786621094,42.04136741352731,41.689301464223135,41.93105312956666,157618800
2018-03-19,41.144771575927734,41.65409318133053,40.759846310114575,41.61888802159753,133787200
2018-03-20,41.13069152832031,41.49683953309172,41.06027762400275,41.13069152832031,78597600
2018-03-21,40.19888687133789,41.09547953238162,40.196537473159985,41.083743285691064,148219600
2018-03-22,39.630889892578125,40.529828421739076,39.57221223717389,39.900805674877645,165963200
2018-03-23,38.71316909790039,39.88202694835137,38.71316909790039,39.52291999681884,164115200
2018-03-26,40.550960540771484,40.62841548606614,39.065241676811105,39.44782118743007,150164800
2018-03-27,39.51117706298828,41.1095554946715,39.17788847855881,40.76453066529328,163690400
2018-03-28,39.074615478515625,39.90549291864882,38.77184041292756,39.25534362385068,166674000
2018-03-29,39.379756927490234,40.31155859759741,39.173210386589695,39.38679796125724,153594000
2018-04-02,39.12156295776367,39.65201123119887,38.60285451256873,39.11217610913106,150347200
2018-04-03,39.522918701171875,39.60741466237426,38.69908576549835,39.34688574711688,121112000
2018-04-04,40.2786865234375,40.37256933160999,38.6732668664508,38.69908517590817,138422000
2018-04-05,40.55800247192383,40.89363699423224,40.389010511429944,40.50636584058401,107732800
2018-04-06,39.52057647705078,40.482887897857516,39.478326701909054,40.12847614077942,140021200
2018-04-09,39.91253662109375,40.62605524022441,39.865595219285055,39.87263625048639,116070800
2018-04-10,40.66361999511719,40.83965298210904,40.25991739177053,40.60494233278657,113634400
2018-04-11,40.4734992980957,40.82087000785947,40.29981215251393,40.42420849279554,89726400
2018-04-12,40.872493743896484,41.07434495378245,40.614310714484674,40.70115605059519,91557200
2018-04-13,41.010982513427734,41.271511425086416,40.8044396188746,41.02271875981588,100497200
2018-04-16,41.26682662963867,41.35366842078155,41.03446180568861,41.081403217619894,86313600
2018-04-17,41.83482360839844,41.999120331657075,41.40530272955087,41.42408000955185,106421600
2018-04-18,41.740936279296875,41.97095526813903,41.515616087100334,41.733895247128224,83018000
2018-04-19,40.55800247192383,41.165902217405765,40.52514312301671,40.78332269831539,139235200
2018-04-20,38.896240234375,40.18714851166951,38.8281721559885,40.04162908827687,261964400
2018-04-23,38.7835807800293,39.17789286841588,38.513661441560345,39.156769773980784,146062000
2018-04-24,38.24374008178711,39.039408754872795,37.840037622972055,38.88449892224397,134768000
2018-04-25,38.41038131713867,38.82582000686568,38.11934251782164,38.16862972933229,113528400
2018-04-26,38.54418182373047,38.89859360300027,38.3446763459467,38.52070932702644,111852000
2018-04-27,38.09822463989258,38.56999163589468,37.701563170268216,38.492536711524295,142623200
2018-04-30,38.78826904296875,39.25769020153432,37.985559291589546,38.05362736516511,169709600
2018-05-01,39.6895637512207,39.71303266229741,38.790621726653995,39.05819166644517,214277600
2018-05-02,41.44285583496094,41.719812647104675,40.792706415671205,41.12834088273352,266157600
2018-05-03,41.51796340942383,41.66113703771084,40.94292307926782,41.28090696121748,136272800
2018-05-04,43.1468505859375,43.245428609444815,41.81838771321594,41.8371649912268,224805200
2018-05-07,43.45901870727539,44.04814106669595,43.36278649476054,43.463710341007975,169805600
2018-05-08,43.667911529541016,43.70781190513855,43.109299108375836,43.41911884558,113611200
2018-05-09,43.97538375854492,43.98477060792433,43.47310315384662,43.78526872136192,92844800
2018-05-10,44.60441589355469,44.681870847448714,44.04345751359562,44.06458419658544,111957200
2018-05-11,44.43475341796875,44.78110870210072,44.16615172774492,44.646809654593504,104848800
2018-05-14,44.33108901977539,44.65623981059255,44.26276205405801,44.53371864959899,83115200
2018-05-15,43.928192138671875,44.076631181678145,43.61246796024898,44.00830061465196,94780800
2018-05-16,44.33815002441406,44.40412571212167,43.824509647791004,43.841004468520254,76732400
2018-05-17,44.057777404785156,44.510159080061804,43.90933837555642,44.29574794788918,69176000
2018-05-18,43.89756393432617,44.250987512042556,43.85515483070127,44.104906917053825,73190800
2018-05-21,44.20856475830078,44.594974273485356,44.038921205760296,44.2957413967529,73603200
2018-05-22,44.09783172607422,44.503090985077776,44.00829661681228,44.385283144558365,60962800
2018-05-23,44.380577087402344,44.41356314433773,43.76797477836174,43.90699078528495,80233600
2018-05-24,44.33108901977539,44.49366441518397,43.873997617810524,44.47717318699425,92936000
2018-05-25,44.43240737915039,44.6845142986647,44.21328291731223,44.34994044932966,69844000
2018-05-29,44.27218246459961,44.472457219965484,44.02949861480413,44.201500640550265,90056400
2018-05-30,44.17793655395508,44.29574438476563,44.00829298997112,44.2297722871285,74762000
2018-05-31,44.02949142456055,44.349928823690995,43.857493022112415,44.11195833276388,109931200
2018-06-01,44.823524475097656,44.82823419974906,44.2368401871287,44.293389239832464,93770000
2018-06-04,45.19816207885742,45.57279019489144,45.085067544721014,45.153394518725605,105064800
2018-06-05,45.546871185302734,45.69531022935619,45.32303698544506,45.49032571725215,86264000
2018-06-06,45.70472717285156,45.72829017819991,45.219359462438206,45.62226384455202,83734400
2018-06-07,45.58221435546875,45.756567670436446,45.318322329900795,45.74243130384017,85388800
2018-06-08,45.167518615722656,45.23820402855917,44.71278214467778,45.04264261096891,106627200
2018-06-11,45.056793212890625,45.23115014029129,44.816467766594464,45.0850695440865,73234000
2018-06-12,45.304176330566406,45.38192992552389,45.037929498912845,45.0944785484845,67644400
2018-06-13,44.931907653808594,45.445551685104874,44.87064887374254,45.33716689476205,86553600
2018-06-14,44.955474853515625,45.13689994342156,44.81881732042377,45.132186622912144,86440400
2018-06-15,44.49367141723633,44.80468589134723,44.35701386908553,44.77405469747586,246876800
2018-06-18,44.47010040283203,44.583194911549555,44.107250277682624,44.267470793974596,73939600
2018-06-19,43.7514762878418,43.90227017955534,43.223695869239414,43.62188694452313,134314000
2018-06-20,43.94232177734375,44.10725202475832,43.76089670758285,43.90698086547268,82514800
2018-06-21,43.697296142578125,44.37822547833607,43.57477495274452,44.11904672969014,102847600
2018-06-22,43.570045471191406,43.8598517133983,43.51820974068812,43.852783531530534,108801600
2018-06-25,42.92210388183594,43.570046939756935,42.58281675990922,43.211910133811,126652400
2018-06-26,43.45459747314453,43.94939183167297,43.009283988552895,43.11531391910178,98276800
2018-06-27,43.39098358154297,44.12610333725696,43.36035239331826,43.643090484345954,101141200
2018-06-28,43.70670700073242,43.87399570915046,43.306161078797324,43.37684649918818,69460800
2018-06-29,43.614830017089844,44.104911190433064,43.0964761052573,43.892854866130506,90950800
2018-07-02,44.1025390625,44.130815387435966,43.21662544405176,43.31087386848866,70925200
2018-07-03,43.33443832397461,44.28396929007822,43.24490320913668,44.24626991591381,55819200
2018-07-05,43.68315124511719,43.92112541341989,43.419262800087296,43.65016518948845,66416800
2018-07-06,44.288673400878906,44.39705458505111,43.63601705281612,43.68785278271046,69940800
2018-07-09,44.90363311767578,44.92719252665673,44.60204535912611,44.64916777229769,79026400
2018-07-10,44.849456787109375,45.06857769589515,44.809398948202585,44.93427859588051,63756400
2018-07-11,44.26747131347656,44.71513962901053,44.20385407867217,44.41355187208477,75326000
2018-07-12,45.009666442871094,45.09920155846209,44.60440715522057,44.65624289633007,72164400
2018-07-13,45.08034133911133,45.20050402258601,44.979024743264155,45.02143742844953,50055600
2018-07-16,44.98139953613281,45.39136860228985,44.865946535032236,45.125125274151614,60172400
2018-07-17,45.10861587524414,45.20757401770042,44.57848065802218,44.708069985718346,62138000
2018-07-18,44.86122131347656,45.19108540259918,44.750481662975155,45.18637208262621,65573600
2018-07-19,45.20994186401367,45.36780395227822,44.693942903525354,44.693942903525354,81147200
2018-07-20,45.10626220703125,45.33951940784949,44.80702931428614,45.1863706680151,82704800
2018-07-23,45.14631652832031,45.228783446987535,44.66330370871866,44.927192096118354,63957600
2018-07-24,45.47382736206055,45.62933457754806,45.24999317957946,45.344238015820956,74791600
2018-07-25,45.90263748168945,45.90970566277552,45.33951269029891,45.48795168352464,66839600
2018-07-26,45.758934020996094,46.17126156215479,45.617563140228775,45.853178878033745,76304000
2018-07-27,44.99787139892578,45.989814769630826,44.79053209208713,45.94269236331336,96096000
2018-07-30,44.745765686035156,45.28532390323262,44.54784941734162,45.21463849435372,84118000
2018-07-31,44.83530807495117,45.27119853960078,44.61147388845953,44.837666532786,157492000
2018-08-01,47.4765510559082,47.53780982751144,46.48932095747742,46.91814314432803,271742800
2018-08-02,48.86433792114258,49.097598749071246,47.20560504150239,47.259795643672035,249616000
2018-08-03,49.005714416503906,49.18242620477099,48.414316664168645,48.779521745629395,133789600
2018-08-06,49.26017379760742,49.30258289590306,48.7889424198688,49.008063284816416,101701600
2018-08-07,48.798362731933594,49.36148405297779,48.715895807364944,49.319074957057836,102349600
2018-08-08,48.83134841918945,48.9632926213491,48.18811863605624,48.548610329531655,90102000
2018-08-09,49.21540069580078,49.427453353804616,48.81956451359469,49.3685494382247,93970400
2018-08-10,49.06881332397461,49.44002903622106,48.86547303748079,49.02861861252826,98444800
2018-08-13,49.3856315612793,49.87743127630117,49.108994898045374,49.48966660204789,103563600
2018-08-14,49.59373092651367,49.78524845200607,49.241430895491,49.69067305427309,82992000
2018-08-15,49.70957565307617,49.82779667275431,49.257970492029095,49.46840376274341,115230400
2018-08-16,50.437808990478516,50.553663261058226,50.00038984892316,50.06659332005974,114001600
2018-08-17,51.44505310058594,51.532535490008144,50.399979846645785,50.466183320989956,141708000
2018-08-20,50.94380187988281,51.823362921071144,50.861045725428916,51.56800870100237,121150800
2018-08-21,50.844486236572266,51.35283870270329,50.60568111471057,51.26062646675485,104639200
2018-08-22,50.84686279296875,51.156601296459534,50.56076632942316,50.62224357048316,76072400
2018-08-23,50.950889587402344,51.31973854252035,50.74045634465841,50.75227555879988,75532800
2018-08-24,51.10930633544922,51.28427111585805,50.861041500529375,51.21334139829706,73905600
2018-08-27,51.530174255371094,51.71932859234506,51.14950246004533,51.34338303977495,82100400
2018-08-28,51.946319580078125,52.14493004352953,51.76189506289904,51.78317398230751,91107200
2018-08-29,52.721839904785156,52.8424276423776,51.8777437807323,52.0527085641898,109019200
2018-08-30,53.20654296875,53.97024961852312,52.58469935427872,52.78567649739625,195175200
2018-08-31,53.821292877197266,54.11447864417697,53.43589126797498,53.556475387508385,173360400
2018-09-04,53.9939079284668,54.1877885378754,53.584864182715684,54.00573075280354,109560400
2018-09-05,53.64159393310547,54.30363223674393,53.22309420206611,54.14285341285009,133332000
2018-09-06,52.75020980834961,53.75508827339755,52.32461350158914,53.49027078929188,137160000
2018-09-07,52.324615478515625,53.2869325453365,52.18511556397365,52.45465930046942,150479200
2018-09-10,51.62237548828125,52.45465222876304,51.18259328193886,52.24185229212232,158066000
2018-09-11,52.927547454833984,53.03394564193792,51.203883114038426,51.54672332040395,142996000
2018-09-12,52.27022171020508,53.199436808032885,51.979395524692414,53.185250868801575,197114800
2018-09-13,53.5328369140625,53.99153499554689,52.6249004519719,52.849519642275006,166825600
2018-09-14,52.925174713134766,53.63450069033738,52.61307315923123,53.37677978449687,127997200
2018-09-17,51.5159912109375,52.71475044000342,51.371761426756805,52.52559609238329,148780400
2018-09-18,51.60110855102539,52.45466440089387,51.33629103116489,51.49470675410538,126286800
2018-09-19,51.6318359375,51.927388423487095,50.905960907981274,51.662574550544555,108495200
2018-09-20,52.02434158325195,52.55633617131596,51.816271434307,52.07399599891171,106435200
2018-09-21,51.46397018432617,52.33880492393241,51.37648418489235,52.20166812140533,384986800
2018-09-24,52.204036712646484,52.31516476068613,51.220440562753595,51.265365127852924,110773600
2018-09-25,52.5350456237793,52.68400522996359,51.94630377783899,51.958126598742545,98217600
2018-09-26,52.11654281616211,52.90389507297976,51.960490237444716,52.25367960280906,95938800
2018-09-27,53.18763732910156,53.53993727515141,52.85425317959996,52.92046027142845,120724800
2018-09-28,53.37443161010742,53.39807365127702,52.96775098066755,53.1498087681695,91717600
2018-10-01,53.73381042480469,54.244526037328285,53.51865093552065,53.89695599056796,94403200
2018-10-02,54.2114143371582,54.38165284338032,53.58484456274216,53.7314374289486,99152800
2018-10-03,54.87110137939453,55.20211876466658,54.329647132562286,54.39348748822865,114619200
2018-10-04,53.90641784667969,54.93730520599613,53.60849859022037,54.566089500033,128168000
2018-10-05,53.03158187866211,54.00572550581806,52.15438395852076,53.899327312763546,134322000
2018-10-08,52.90863037109375,53.15216535637329,52.06453065114557,52.53978140728469,118655600
2018-10-09,53.64159393310547,53.736172895235825,52.549233077184034,52.87788730397269,107564000
2018-10-10,51.15658950805664,53.5186463057796,51.08329306782395,53.30821307731672,167962400
2018-10-11,50.704994201660156,51.89902721215979,50.20137511528744,50.72154687603227,212497600
2018-10-12,52.516136169433594,52.698197531427574,51.27008573845108,52.11654858627355,161351600
2018-10-15,51.393035888671875,52.44993197126722,51.37175697346174,52.29151625611603,123164000
2018-10-16,52.525596618652344,52.72421066994395,51.251174194641926,51.764252977522055,116736000
2018-10-17,52.29861831665039,52.64145857217466,51.86119907516877,52.56106913997548,91541600
2018-10-18,51.07619857788086,51.95576305015513,50.362142773439196,51.51125096413181,130325200
2018-10-19,51.854087829589844,52.315148949225154,51.40957577177829,51.55853536728283,132314800
2018-10-22,52.17093276977539,52.81169226211933,51.766618916580256,51.967592478519066,115168400
2018-10-23,52.66273498535156,52.78568585733632,50.7641056774064,51.03128633927155,155071200
2018-10-24,50.8563117980957,53.017391656334006,50.726267969157426,52.63199362779541,163702000
2018-10-25,51.969947814941406,52.34352657548441,51.24879905591277,51.475784943669666,119423200
2018-10-26,51.14241409301758,52.0621734864531,50.284128331310725,51.04783511210514,189033600
2018-10-29,50.18245315551758,51.94394539631925,48.72833263934348,51.82572439213365,183742000
2018-10-30,50.43307113647461,50.877579571015985,49.48021031974566,49.92471875428704,146640000
2018-10-31,51.7476921081543,52.123633992083754,51.218060771877376,51.27953799594369,153435600
2018-11-01,52.54214096069336,52.57524269602282,51.26298888864335,51.79262026173322,233292800
2018-11-02,49.056983947753906,50.51583061906915,48.572277138067086,49.54642060751403,365314800
2018-11-05,47.66434097290039,48.326379281390906,46.85570978180658,48.30510036768756,264654800
2018-11-06,48.179786682128906,48.40440585745062,47.68798689600997,47.74236754506671,127531600
2018-11-07,49.64099884033203,49.66700760551551,48.264908230328544,48.699960659016895,133697600
2018-11-08,49.467796325683594,49.85453905967433,49.054950457423345,49.821321825704445,101450400
2018-11-09,48.513980865478516,48.87937043055105,47.98724786748592,48.77022964453493,137463200
2018-11-12,46.07012939453125,47.41780773297329,45.97996678297015,47.21612935039931,204542000
2018-11-13,45.60983657836914,46.78430756047721,45.42476859914762,45.467478543802656,187531600
2018-11-14,44.321475982666016,46.14368479083384,44.11505123237931,46.00606949744506,243204000
2018-11-15,45.41527557373047,45.54814450930108,44.34519912826086,44.69872824786671,185915200
2018-11-16,45.918277740478516,46.259942766410056,44.952603027303574,45.19935909025038,147713200
2018-11-19,44.09843444824219,45.24680559068968,43.892013365063484,45.080719453626,167701200
2018-11-20,41.99149703979492,43.05682677720277,41.64271438979034,42.32129790240539,271300800
2018-11-21,41.94404602050781,42.77210887845507,41.88947564237096,42.64398271363963,124496800
2018-11-23,40.878726959228516,41.901350698379524,40.83364927354388,41.507486637209176,94496000
2018-11-26,41.43156051635742,41.50985905728153,40.39707629811021,41.34140152229291,179994000
2018-11-27,41.341400146484375,41.467151357006,40.544182944086934,40.693658680506765,165549600
2018-11-28,42.931087493896484,43.01412876378861,41.50511064186913,41.93219192550799,184250000
2018-11-29,42.60129165649414,43.37240942608668,42.16234624717858,43.33919219005899,167080000
2018-11-30,42.37113571166992,42.78635290696132,42.003371186044795,42.776860200784085,158126000
2018-12-03,43.851688385009766,43.8801592662894,42.99515437591232,43.76627212076378,163210000
2018-12-04,41.922706604003906,43.27512777330079,41.823054898940676,42.9334627157085,165377200
2018-12-06,41.455291748046875,41.469527189200136,40.43504289397928,40.75297981442607,172393600
2018-12-07,39.97711181640625,41.40071359145735,39.93203051426459,41.16344662894883,169126400
2018-12-10,40.240474700927734,40.3567331851287,38.7528099649567,39.14904532256053,248104000
2018-12-11,40.01034164428711,40.76010273038026,39.623595215094355,40.72926047741938,189126800
2018-12-12,40.121849060058594,40.79094008262468,40.10286726659763,40.43029324768022,142510800
2018-12-13,40.56078338623047,40.94515829770429,40.22861111251852,40.45164261932779,127594400
2018-12-14,39.262939453125,40.117102042698306,39.21548678046134,40.09812024955147,162814800
2018-12-17,38.89754867553711,39.94389690996211,38.610454041222965,39.25582050641888,177151600
2018-12-18,39.40292739868164,39.749335147040604,39.00431700694578,39.23921261031191,135366000
2018-12-19,38.17388916015625,39.730360169185076,37.74680781733559,39.38632372817106,196189200
2018-12-20,37.21059036254883,38.46336004562786,36.847572080543415,38.057631813758896,259092000
2018-12-21,35.76325607299805,37.52615187290748,35.50226452935719,37.21770403005254,382978400
2018-12-24,34.83791732788086,35.95781796306272,34.780971939167266,35.151107914787005,148676800
2018-12-26,37.291255950927734,37.30549139242431,34.811816392339566,35.18669870684758,234330000
2018-12-27,37.04924011230469,37.19634811223778,35.606659957323785,36.97568792254167,212468400
2018-12-28,37.0682258605957,37.611569368803295,36.66961900113825,37.369555992471305,169165600
2018-12-31,37.4265022277832,37.81087365387044,37.12754345601977,37.61394158656188,140014000
2019-01-02,37.46920394897461,37.6898641400753,36.59368814570471,36.75028523353009,148158800
2019-01-03,33.73699951171875,34.57455183641599,33.69191819683805,34.16170590164323,365248800
2019-01-04,35.17720413208008,35.24601358953824,34.11899533904399,34.29219923540596,234428400
2019-01-07,35.09890365600586,35.31244611659193,34.617251961933846,35.281600249745665,219111200
2019-01-08,35.768001556396484,36.021878993464554,35.238897140785376,35.48565323681881,164101200
2019-01-09,36.37540817260742,36.66487424188444,35.502267230819925,35.89612775325254,180396400
2019-01-10,36.491668701171875,36.532003660455786,35.794103077351124,36.18322084854541,143122800
2019-01-11,36.133392333984375,36.467939696000656,35.948324350827995,36.27338262516767,108092800
2019-01-14,35.590065002441406,35.891395233176496,35.4049969540614,35.791743485618696,129756800
2019-01-15,36.31846237182617,36.39438593118797,35.601914999486866,35.65411403047625,114843600
2019-01-16,36.76215362548828,36.98518520942271,36.30185501531,36.320836811858406,122278800
2019-01-17,36.980445861816406,37.407527314055365,36.363550028537,36.58658165472891,119284800
2019-01-18,37.20820617675781,37.459708573550046,37.00889918007144,37.369545970773025,135004000
2019-01-22,36.3730354309082,37.18685958381331,36.21169197229735,37.11093601889627,121576000
2019-01-23,36.52013397216797,36.80959998409829,35.99340097474768,36.57470436511674,92522400
2019-01-24,36.23066711425781,36.65300204893597,36.00289284093378,36.56521442488471,101766000
2019-01-25,37.43123245239258,37.51902368512095,36.61503719155783,36.8902641000177,134142000
2019-01-28,37.08482360839844,37.091941326997095,36.45843902887305,36.96381515140883,104768400
2019-01-29,36.70045471191406,37.51902868886723,36.56521441598711,37.07296560813992,166348800
2019-01-30,39.2083740234375,39.42191288765638,38.017292600660475,38.73383999592237,244439200
2019-01-31,39.490718841552734,40.09812176355808,39.044655736776996,39.41242029951825,162958400
2019-02-01,39.50970458984375,40.09337942283648,39.36971429863973,39.61410265633867,130672400
2019-02-04,40.63196563720703,40.72924595668123,39.690015545649196,39.72086140802062,125982000
2019-02-05,41.32716751098633,41.54070999970741,40.89297205344229,41.01397692943241,144406400
2019-02-06,41.341400146484375,41.656965666225744,41.01159918712273,41.43867685735861,112958400
2019-02-07,40.558414459228516,41.27021533462275,40.41605283598708,40.90482219115942,126966800
2019-02-08,40.60608673095703,40.665657891479206,40.13189898426392,40.26772297550331,95280000
2019-02-11,40.372554779052734,40.796704677929405,40.329665299757814,40.75857827237781,83973600
2019-02-12,40.720458984375,40.74667043828146,40.436899701914584,40.5322157324539,89134000
2019-02-13,40.551273345947266,41.099328678315466,40.489320656037144,40.83959932500604,89960800
2019-02-14,40.699005126953125,40.808613992609324,40.3606414751641,40.43927581927432,87342800
2019-02-15,40.608463287353516,40.91346730094003,40.44881303304922,40.80623995233979,98507200
2019-02-19,40.72998809814453,40.851515580587275,40.38686130166285,40.43928420861173,75891200
2019-02-20,40.99211502075195,41.29950430765785,40.744300542414024,40.79195675333257,104457600
2019-02-21,40.7609748840332,41.07312721857123,40.57987984458933,40.9373068479722,68998800
2019-02-22,41.21608352661133,41.223231773038286,40.83721192224632,40.88486811040405,75652800
2019-02-25,41.516326904296875,41.90711352229098,41.449607503854075,41.499648872153486,87493600
2019-02-26,41.54015350341797,41.77128984933254,41.263742503117236,41.39241821936573,68280800
2019-02-27,41.6688232421875,41.69980140101289,41.158894387635335,41.273273603636405,111341600
2019-02-28,41.258975982666016,41.67835919496109,41.20417154412631,41.537772157173244,112861600
2019-03-01,41.69264602661133,41.73553549832862,41.197013749810466,41.52822911316134,103544800
2019-03-04,41.90233612060547,42.355075273942326,41.45436004000405,41.86420972312165,109744800
2019-03-05,41.826080322265625,41.938074334374114,41.590177345198846,41.923777845327606,78949600
2019-03-06,41.585426330566406,41.81656266632499,41.447220836488704,41.62116756354591,83241600
2019-03-07,41.10409164428711,41.56636432916655,40.98971605951243,41.43054036805001,99185600
2019-03-08,41.20178985595703,41.2399162634684,40.38923852105088,40.584633632595896,95997600
2019-03-11,42.629119873046875,42.68154278377652,41.78321232504616,41.8165720286073,128044000
2019-03-12,43.10806655883789,43.52744613325643,42.74110624977912,42.89122670675174,129870400
2019-03-13,43.298709869384766,43.6775816297943,43.11046294011812,43.427381993999774,124130000
2019-03-14,43.780029296875,43.86819707283481,43.50123674636694,43.82053724326323,94318000
2019-03-15,44.34952926635742,44.63785523657547,43.78241438212483,44.04691043760487,156171600
2019-03-18,44.802268981933594,44.890433115459594,44.27089173604565,44.273276908909104,104879200
2019-03-19,44.44722366333008,45.03340534638429,44.30186992001534,44.88090335634377,126585600
2019-03-20,44.835628509521484,45.152547444755115,44.018310490038075,44.375737368520994,124140800
2019-03-21,46.486942291259766,46.782416507691266,45.22879987925223,45.27884124565531,204136800
2019-03-22,45.52427291870117,47.10648249507304,45.45993505954188,46.546512238552936,169630800
2019-03-25,44.97383117675781,45.7458708587234,44.4639023409663,45.633876819634864,175381200
2019-03-26,44.509178161621094,45.96033411700319,43.98257123970182,45.66962661852125,199202000
2019-03-27,44.90950012207031,45.21688566494624,44.45199411345279,44.97621952108113,119393600
2019-03-28,44.96906661987305,45.169224796190974,44.685507385455566,45.02387105568849,83121600
2019-03-29,45.262149810791016,45.29312796597149,44.926167720696284,45.23355682812209,94256000
2019-04-01,45.569541931152344,45.67438408651486,44.88804792365926,45.66485430363971,111448000
2019-04-02,46.23198318481445,46.336828999804766,45.524277569564575,45.53380735459335,91062800
2019-04-03,46.54889678955078,46.822922617672326,46.024667775160154,46.048497688881305,93087200
2019-04-04,46.62990951538086,46.79194128270273,46.02228311605566,46.41545121424215,76457200
2019-04-05,46.94206619262695,46.96589610699699,46.687099925418465,46.81100893546065,74106400
2019-04-08,47.68074417114258,47.71171869297622,46.7847918560636,46.803855058079535,103526800
2019-04-09,47.53777313232422,48.33602791999754,47.47343527844449,47.73316823079818,143072800
2019-04-10,47.804649353027344,47.833245973912184,47.2232344194669,47.34237670467407,86781200
2019-04-11,47.406715393066406,47.89519949822014,47.28519156894748,47.85945826640106,83603200
2019-04-12,47.38766098022461,47.690283464181285,46.753826657487316,47.4662953407457,111042800
2019-04-15,47.47344970703125,47.621188662173395,47.182742143734544,47.31856613921334,70146400
2019-04-16,47.478206634521484,47.98336882392176,47.313789678479274,47.528248000421726,102785600
2019-04-17,48.40275192260742,48.462323072559556,47.32570451341118,47.547307445984586,115627200
2019-04-18,48.57670593261719,48.64580687709247,48.25740539371004,48.40037399343183,96783200
2019-04-22,48.73634719848633,48.83404475360525,48.214503361460345,48.33126412020742,77758000
2019-04-23,49.43928146362305,49.503619315451935,48.58622226846949,48.71251279943443,93292000
2019-04-24,49.363037109375,49.6775708811361,49.33682565873371,49.4106933007407,70162400
2019-04-25,48.915061950683594,49.50600673522847,48.8769355424073,49.28440380449955,74172800
2019-04-26,48.681541442871094,48.84833992518488,48.16207915688333,48.8245100123111,74596400
2019-04-29,48.75541687011719,49.07948410291866,48.57670340282082,48.70537549946289,88818800
2019-04-30,47.816566467285156,48.467082355820594,47.444843102407766,48.38606647084663,186139600
2019-05-01,50.16368103027344,51.30506280144106,49.856291823259944,50.01117901340884,259309200
2019-05-02,49.83723068237305,50.671226917030545,49.594182969003235,50.00164766466942,127985200
2019-05-03,50.45674514770508,50.47818988104711,50.09455167332971,50.25182032303741,83569600
2019-05-06,49.677574157714844,49.7633567622048,48.490917825549325,48.679161066436805,129772400
2019-05-07,48.338409423828125,49.42498651293276,47.85469202351123,49.05802986425357,155054800
2019-05-08,48.34793472290039,48.929349618462254,48.07390893920655,48.10965016805922,105358000
2019-05-09,47.828495025634766,48.057246252491176,46.86105993269764,47.75224219272583,139634400
2019-05-10,47.16588592529297,47.565356793291954,46.111007044630455,47.223295764690995,164834800
2019-05-13,44.42463302612305,45.32403198718554,43.738123877782556,44.90064671970861,229722400
2019-05-14,45.127891540527344,45.37666024246978,44.35048432829495,44.58968654744338,146118800
2019-05-15,45.66849136352539,45.867029661329525,44.49640184388846,44.556202404072714,106178800
2019-05-16,45.46756362915039,46.03925685450639,45.170951528362195,45.42689968507999,132125600
2019-05-17,45.20921325683594,45.66369595129546,44.67339904500029,44.7140629787205,131516400
2019-05-20,43.7955322265625,44.09692935038118,43.12337459318291,43.89839107594167,154449200
2019-05-21,44.635135650634766,44.97001729820006,44.18064924329761,44.30503541950881,113459200
2019-05-22,43.72138214111328,44.42224655428425,43.66636665166303,44.17108348949689,118994400
2019-05-23,42.97507095336914,43.185566421251686,42.53254539430105,43.00855911757338,146118800
2019-05-24,42.810028076171875,43.56829879019288,42.72630582654269,43.10424582926103,94858800
2019-05-28,42.63301467895508,43.197532117519515,42.55647185928589,42.79806481034798,111792800
2019-05-29,42.42969512939453,42.900923841188686,42.099594865311815,42.200059369611644,113924800
2019-05-30,42.64976501464844,42.872221371398474,42.25986415074042,42.56604276106945,84873600
2019-05-31,41.877140045166016,42.575610183606656,41.858003426997364,42.15461188376971,108174400
2019-06-03,41.4537353515625,42.558848170609615,40.72895309362441,42.00390105344583,161584400
2019-06-04,42.97028732299805,43.01573632949458,41.74557310553312,41.96563871336283,123872000
2019-06-05,43.663978576660156,44.250027028807736,43.329096875378795,44.0801918196271,119093600
2019-06-06,44.30503845214844,44.36483901115955,43.57068583552247,43.79314581301077,90105200
2019-06-07,45.48430633544922,45.90769533953983,44.43660296337536,44.61361029225214,122737600
2019-06-10,46.0655632019043,46.73293577866847,45.835927468539325,45.881376473575656,104883600
2019-06-11,46.5989875793457,46.88363882764626,46.30955491422111,46.610948421278835,107731600
2019-06-12,46.45067596435547,46.87645558984888,46.259313473699386,46.39326612217786,73012800
2019-06-13,46.44110107421875,47.072594673728766,46.309542797186474,46.57266300118658,86698400
2019-06-14,46.10382843017578,46.307148088553,45.52017454036724,45.81917725851215,75046000
2019-06-17,46.3789176940918,46.63486581817367,45.96748958898146,46.14210618535647,58676400
2019-06-18,47.46968078613281,47.90981200382238,46.69466791366559,46.89559690653218,106204000
2019-06-19,47.3309440612793,47.811742879326864,47.1969913965281,47.76389951339883,84496800
2019-06-20,47.711280822753906,47.98636194123762,47.36921971853001,47.928952089147415,86056000
2019-06-21,47.54861831665039,48.04376867773491,47.397919745896615,47.553403383165076,191202400
2019-06-24,47.50078582763672,47.87872584119384,47.40271202381546,47.491215693151446,72881600
2019-06-25,46.78078079223633,47.66343393459677,46.71380081144238,47.464895650291474,84281200
2019-06-26,47.79261779785156,48.07726910411759,47.20657292315299,47.307037445963836,104270000
2019-06-27,47.778255462646484,48.215995988213024,47.73759152091885,47.90981377120324,83598800
2019-06-28,47.34291076660156,47.72085077463874,47.13480596879721,47.52470316986103,124442400
2019-07-01,48.21120834350586,48.91446345681218,47.99592415477376,48.59871477331292,109012000
2019-07-02,48.49345779418945,48.58914085785711,48.16575196972495,48.17771280892537,67740800
2019-07-03,48.89532470703125,48.90250048134883,48.48389661312159,48.625025041282115,45448000
2019-07-05,48.852264404296875,49.05558773477184,48.53412503952128,48.64176894973504,69062000
2019-07-08,47.84523391723633,48.17533053234699,47.46011815799339,48.03420208422318,101354400
2019-07-09,48.13705825805664,48.20164023244244,47.555794939029724,47.64908366307894,82312000
2019-07-10,48.61307144165039,48.73267256467266,48.21360412874839,48.28297482406582,71588400
2019-07-11,48.25905227661133,48.8905460488803,48.24948579291271,48.63220718977892,80767200
2019-07-12,48.62981033325195,48.797251151333036,48.36668644059876,48.426486993480296,70380800
2019-07-15,49.08669662475586,49.244567339973045,48.797260288640274,48.81878761572397,67789600
2019-07-16,48.916866302490234,49.30198211962224,48.67766402228246,48.93839363172402,67467200
2019-07-17,48.641780853271484,49.05799044819137,48.62264423454898,48.8092217046724,56430000
2019-07-18,49.1943359375,49.246960724844214,48.72549791841606,48.7972593238797,74162400
2019-07-19,48.4599723815918,49.395253851076205,48.404956898073856,49.225418684647934,83717200
2019-07-22,49.56748580932617,49.56987651762095,48.7039656231899,48.71353210630533,89111600
2019-07-23,49.95499801635742,49.971743926163036,49.58423379143074,49.86410364149058,73420800
2019-07-24,49.91432571411133,50.02914175520972,49.55552239198474,49.67512349936027,59966400
2019-07-25,49.519649505615234,50.050678778547585,49.450278810987754,49.96695653329002,55638400
2019-07-26,49.69187545776367,50.167885587126946,49.54835265146059,49.62968053839526,70475600
2019-07-29,50.15591812133789,50.385553851109734,49.859309714055385,49.864094780283324,86693600
2019-07-30,49.94063949584961,50.27073972938734,49.589011938368884,49.93585442943909,135742800
2019-07-31,50.95963668823242,52.95219151502836,50.54342718307284,51.76814131769529,277125600
2019-08-01,49.8569221496582,52.15326516054023,49.45267342174729,51.16535872118057,216071600
2019-08-02,48.80204772949219,49.37852242130375,48.230354455085056,49.163241840121984,163448400
2019-08-05,46.24736404418945,47.517527460024354,46.06557164067767,47.3596567424727,209572000
2019-08-06,47.122840881347656,47.3787890279519,46.4148006509655,46.957790753154114,143299200
2019-08-07,47.610816955566406,47.73520315465886,46.36218449713358,46.74251522038932,133457600
2019-08-08,48.66090774536133,48.68482942826137,47.6945323451434,47.88828556685008,108038000
2019-08-09,48.259918212890625,48.6849121066314,47.85172652260763,48.33435204748465,98478800
2019-08-12,48.13746643066406,48.51444257030938,47.81811826695935,47.93097076329877,89927600
2019-08-13,50.176002502441406,50.93715403198438,48.137458527792965,48.267120536421295,188874000
2019-08-14,48.682518005371094,49.56852841372435,48.644099355992225,48.780964420477915,146189600
2019-08-15,48.44001770019531,49.25639402636647,47.942985933097,48.853009111450326,108909600
2019-08-16,49.58293533325195,49.74140951677776,48.944239015747925,49.04988847143179,110481600
2019-08-19,50.507362365722656,51.078824190677665,50.43052506876509,50.57218971325113,97654400
2019-08-20,50.509761810302734,51.2276951856261,50.50015898015101,50.634620585098965,107537200
2019-08-21,51.057228088378906,51.29973899908032,50.807514137227294,51.14126844537108,86141600
2019-08-22,51.01399230957031,51.48941113488219,50.603400826025755,51.18927233994728,89014800
2019-08-23,48.6561164855957,50.91556297045818,48.262334401212634,50.286469354040136,187272000
2019-08-26,49.580543518066406,49.748620559238184,49.23718273185397,49.429272349109446,104174400
2019-08-27,49.02107238769531,50.07515974076012,48.86980125519638,49.90948253160488,103493200
2019-08-28,49.35002136230469,49.39564304574739,48.819378019890564,49.00666433648422,63755200
2019-08-29,50.18560791015625,50.26004541127674,49.621349155907794,50.06315259687426,83962000
2019-08-30,50.12078094482422,50.5313687808023,49.751007883111264,50.46173818969739,84573600
2019-09-03,49.39084243774414,49.69818428979416,49.03547910827453,49.56612247903739,80092000
2019-09-04,50.228843688964844,50.298474298793316,49.77983708566578,50.03675406819679,76752400
2019-09-05,51.21089553833008,51.37657278490871,50.785897861950716,50.903553620893206,95654800
2019-09-06,51.206085205078125,51.4846149241543,51.02600190350711,51.39577500112992,77449200
2019-09-09,51.424591064453125,51.96964425782235,50.680248893016675,51.58546505309072,109237600
2019-09-10,52.03207015991211,52.051279485915714,50.83391821884729,51.35015557390354,127111600
2019-09-11,53.68642807006836,53.71524388706847,52.27937718938957,52.36101772978543,177158400
2019-09-12,53.56637954711914,54.365949877044244,53.51115502500784,53.976971102844466,128906800
2019-09-13,52.524295806884766,53.014120770564304,52.10890468762575,52.82443464006696,159053200
2019-09-16,52.800418853759766,52.855647033642335,52.23855987155783,52.27937831072937,84632400
2019-09-17,52.99250793457031,53.02132375192014,52.61313203639829,52.81482810263167,73274800
2019-09-18,53.489540100097656,53.50874942392138,52.68996985697935,53.07894858894895,101360000
2019-09-19,53.05493927001953,53.72724727960935,52.91327096589523,53.307052941713785,88242400
2019-09-20,52.279380798339844,53.43911767399923,52.2169532408371,53.155788377866706,221652400
2019-09-23,52.517086029052734,52.78600921665871,52.260165462190585,52.57231054140675,76662000
2019-09-24,52.26736831665039,53.42230547207564,52.14971625438767,53.07174174905982,124763200
2019-09-25,53.07175064086914,53.184603139280306,52.137718705200996,52.47627620043449,87613600
2019-09-26,52.79802703857422,53.05014441394907,52.54350987128694,52.824439404828816,75334000
2019-09-27,52.541099548339844,53.05493702755311,52.17132649489073,52.95408716657338,101408000
2019-09-30,53.777671813964844,53.92413970007018,53.01411677472275,53.040529136604164,103909600
2019-10-01,53.926536560058594,54.79814079095974,53.832893402806675,54.04179249498683,139223200
2019-10-02,52.57472229003906,53.68403427770665,52.32740451351937,53.559175493563515,138449200
2019-10-03,53.021324157714844,53.054939558377036,51.65509168829448,52.44745522730388,114426000
2019-10-04,54.50761032104492,54.622866267592265,53.7584649875072,54.17865934180888,138478800
2019-10-07,54.519615173339844,55.20873272385884,54.2266793952243,54.32992905331613,122306000
2019-10-08,53.88092041015625,54.75972776925968,53.8641145411307,54.221881339577685,111820000
2019-10-09,54.51241683959961,54.6948999368784,54.17866259327657,54.51241683959961,74770400
2019-10-10,55.24716567993164,55.33120603586923,54.57725727983536,54.72852479119621,113013600
2019-10-11,56.716636657714844,57.059993724351415,55.78020129962542,55.93387223570824,166795600
2019-10-14,56.63500213623047,57.17765554935528,56.34686955839495,56.402094083727334,96427600
2019-10-15,56.50293731689453,57.06239287164702,56.39728786256741,56.759854250095415,87360000
2019-10-16,56.27482986450195,56.48372898515924,55.99390035444989,56.03471879637498,73903200
2019-10-17,56.49333572387695,56.702231195180964,56.07074153370897,56.447714031568175,67585200
2019-10-18,56.76465606689453,57.04558556492881,56.255618132854494,56.327652182971896,97433600
2019-10-21,57.74910354614258,57.8643594805564,56.98315242424609,57.03117389835004,87247200
2019-10-22,57.61705780029297,58.15490428802028,57.53541724657344,57.90519037069038,82293600
2019-10-23,58.39019775390625,58.40460749311298,57.91958219298484,58.13088106904136,75828800
2019-10-24,58.486263275146484,58.77919911574777,58.06126559430614,58.7095648437105,69275200
2019-10-25,59.20658493041992,59.24260012348222,58.31817475144487,58.38540555436381,73477200
2019-10-28,59.79966735839844,59.847688843365425,59.24020808221215,59.40828511149882,96572800
2019-10-29,58.41661834716797,59.9677374114046,58.24374175415912,59.780451077157984,142839600
2019-10-30,58.409420013427734,58.89924866845541,57.91719523037346,58.769586633499244,124522000
2019-10-31,59.73002624511719,59.82847265948915,56.96874904224295,59.365060070154456,139162000
2019-11-01,61.42520523071289,61.45161392666581,59.82606489739292,59.91730459707598,151125200
2019-11-04,61.828590393066406,61.912630719316276,61.31955618049986,61.78776829370831,103272000
2019-11-05,61.7397575378418,61.99427467320338,61.545268167001495,61.72054454973453,79897600
2019-11-06,61.76616287231445,61.826190633565766,61.31715639057186,61.65331038805769,75864400
2019-11-07,62.479026794433594,62.700595407259684,62.16112687805122,62.31285217221587,94940400
2019-11-08,62.650020599365234,62.72226723714008,61.85768150693457,62.30081136770355,69986400
2019-11-11,63.14616012573242,63.211182126860514,62.20209535045207,62.20690934511002,81821200
2019-11-12,63.08831787109375,63.28821244931404,62.83785800505247,62.98957591733283,87388800
2019-11-13,63.69282913208008,63.7674864521532,62.87400193315638,62.88845126287323,102734400
2019-11-14,63.25209426879883,63.7915553774023,63.122042983829644,63.51941415220653,89182800
2019-11-15,64.00347900390625,64.00829299536413,63.34119137298703,63.50254460728658,100206400
2019-11-18,64.32621765136719,64.40568896392628,63.635031105699284,64.01313169523063,86703200
2019-11-19,64.13113403320312,64.54295455850364,63.914386775129536,64.51886989658281,76167200
2019-11-20,63.384552001953125,64.0805524112698,62.71262890433902,63.95050846949165,106234400
2019-11-21,63.10038757324219,63.58205151905622,62.900492919948576,63.504983523819924,121395200
2019-11-22,63.044986724853516,63.3821499803746,62.81860410694484,63.24006001374813,65325200
2019-11-25,64.15040588378906,64.1672658843364,63.22320139858819,63.26896005744073,84020400
2019-11-26,63.64947509765625,64.34066158536174,63.21838386975903,64.28767826489613,105207600
2019-11-27,64.50442504882812,64.53814504778033,63.89512054291369,63.960142519969104,65235600
2019-11-29,64.36233520507812,64.54295915794552,64.03721061999535,64.20579591584789,46617600
2019-12-02,63.61815643310547,64.6031580352692,63.44716783971832,64.36714012426806,94487200
2019-12-03,62.483848571777344,62.50311189277975,61.72281877405297,62.20929663764317,114430400
2019-12-04,63.03535079956055,63.413458716319425,62.78006952636724,62.873997512530956,67181600
2019-12-05,63.96013641357422,64.03480106846754,63.27377133913998,63.529052579721196,74424400
2019-12-06,65.19561767578125,65.26546100190234,64.37437981221761,64.41773515061479,106075600
2019-12-09,64.2828598022461,65.21728148518294,63.79878528754208,65.02461888758106,128042400
2019-12-10,64.65856170654297,65.04148360806178,64.02757585193183,64.68746036332061,90420400
2019-12-11,65.21006774902344,65.28954641231785,64.66338184077233,64.73803916107421,78756800
2019-12-12,65.376220703125,65.64113724354316,64.3791805323222,64.48996114027678,137310400
2019-12-13,66.26490020751953,66.30102352499274,65.248589228168,65.37622984964455,133587600
2019-12-16,67.39923095703125,67.62321027270899,66.70564106368182,66.71045505717711,128186000
2019-12-17,67.53169250488281,67.85922045100963,67.14394921761478,67.32939453528536,114158400
2019-12-18,67.37033081054688,67.89052873128885,67.22101616979477,67.38478014032236,116028400
2019-12-19,67.43775177001953,67.71711767990757,67.18006720064264,67.31252181714845,98369200
2019-12-20,67.29808807373047,68.07115666009031,67.08615475855936,67.97001134578234,275978000
2019-12-23,68.39627075195312,68.45647873677,67.52204963647512,67.5605836287108,98572000
2019-12-24,68.4613037109375,68.61062571090498,68.13618642046343,68.5624563754821,48478800
2019-12-26,69.81959533691406,69.83645533824492,68.5648628664668,68.59376152611499,93121200
2019-12-27,69.7931137084961,70.79738642618764,69.3885176947309,70.1110137262872,146266000
2019-12-30,70.20732116699219,70.4890977572307,68.69008295692782,69.71120798213394,144114400
2019-12-31,70.72030639648438,70.72753106158736,69.72566918619233,69.82441117567208,100805600
2020-01-02,72.33389282226562,72.39410082239243,71.09119881769524,71.34406947838406,135480400
2020-01-03,71.6306381225586,72.38925722098051,71.40666619485818,71.56320547713457,146322800
2020-01-06,72.20142364501953,72.23995764322866,70.5035611498287,70.75402846338375,118387200
2020-01-07,71.86186981201172,72.46635318310075,71.64271179235746,72.21107183045073,108872000
2020-01-08,73.017822265625,73.31886213203573,71.56560624404386,71.56560624404386,132079200
2020-01-09,74.56880187988281,74.76146451044018,73.74275001069596,73.99320996049889,170108400
2020-01-10,74.73738861083984,75.30094193802128,74.23646130286748,74.80241795222723,140644800
2020-01-13,76.33409118652344,76.36058652225458,74.93485817482635,75.05287082554342,121532000
2020-01-14,75.30330657958984,76.48097793968802,75.18048732487429,76.27145539086204,161954400
2020-01-15,74.9806137084961,75.98247543934815,74.54952248725758,75.10344034713454,121923600
2020-01-16,75.91985321044922,76.03064118697364,75.16123412136378,75.52248200660513,108829200
2020-01-17,76.7603759765625,76.76277929851412,75.86207008807327,76.16792404225187,137816400
2020-01-21,76.24016571044922,76.83019952815127,76.10288974668396,76.3894803308505,110843200
2020-01-22,76.51232147216797,77.0638214037391,76.41839347401398,76.72424743670398,101832400
2020-01-23,76.88079071044922,76.96026202494508,76.01860816134078,76.56530142477,104472000
2020-01-24,76.65921783447266,77.86819158420508,76.46895853504518,77.1264324079885,146537600
2020-01-27,74.40501403808594,75.08415437016195,73.4248264992336,74.67233390344245,161940000
2020-01-28,76.50990295410156,76.68089158109271,75.18532722614749,75.28406920782065,162234000
2020-01-29,78.11141967773438,78.95674202148273,77.39855929233421,78.13791500924663,216229200
2020-01-30,77.99822235107422,78.0512056603916,76.7651642610764,77.19625539826748,126743200
2020-01-31,74.53988647460938,77.71163859900423,74.24607125177067,77.29018275843434,199588400
2020-02-03,74.33516693115234,75.49838164593486,72.78420907837199,73.285136141255,173788400
2020-02-04,76.78927612304688,76.97953543976107,75.53213292898627,75.9367288800473,136616400
2020-02-05,77.41544342041016,78.21259669148851,76.81336346644713,77.91396003658885,118826800
2020-02-06,78.3209457397461,78.32335641079244,77.12883215929374,77.68515330009288,105425600
2020-02-07,77.25637817382812,78.0699069624119,76.76632925971391,77.82126159942887,117684000
2020-02-10,77.623291015625,77.623291015625,75.7644885208781,75.8441484328751,109348800
2020-02-11,77.15496826171875,78.19059132825674,76.93770658748598,78.11817322586252,94323200
2020-02-12,78.98722839355469,78.9920538114317,77.60398368209574,77.60398368209574,113730400
2020-02-13,78.42476654052734,78.75066279160559,78.0578358133656,78.26061390209061,94747600
2020-02-14,78.44405364990234,78.69269890753361,77.93710493391231,78.39335362136931,80113600
2020-02-18,77.00772857666016,77.18878123005356,75.94796350927948,76.12901616267288,152531200
2020-02-19,78.12301635742188,78.35235267875386,77.24913667748609,77.24913667748609,93984000
2020-02-20,77.32152557373047,78.37163210197758,76.81699322453267,77.88399976313329,100566000
2020-02-21,75.57136535644531,77.35775721221363,74.95578935685651,76.91598466630131,129554000
2020-02-24,71.98170471191406,73.43012593023869,69.82114748147725,71.75961758398634,222195200
2020-02-25,69.54351806640625,73.03180163978591,69.07278565467855,72.65038734565039,230673600
2020-02-26,70.64673614501953,71.90927916190874,69.16210602316792,69.16934783382864,198054800
2020-02-27,66.02870178222656,69.04142098650374,65.89351637245633,67.85854496748809,320605600
2020-02-28,65.99006652832031,67.20915879544067,61.88862284247871,62.10347552395671,426510000
2020-03-02,72.13378143310547,72.76867383608672,67.04258234775999,68.14338175177791,341397200
2020-03-03,69.84288024902344,73.3866827671886,68.99313499680584,73.30702283331924,319475600
2020-03-04,73.0824966430664,73.24182384454771,70.76261243598904,71.56165746891385,219178400
2020-03-05,70.7119140625,72.31241302487865,70.34739243241086,71.33955724756618,187572800
2020-03-06,69.77285766601562,70.2049720207652,67.88991319528947,68.07579124975517,226176800
2020-03-09,64.25438690185547,67.13191312620091,63.48913439783881,63.67018706247143,286744800
2020-03-10,68.8820571899414,69.14760244929552,65.02684393022976,66.90255338767554,285290000
2020-03-11,66.48976135253906,67.88748961967876,65.627949126833,66.96291749628936,255598800
2020-03-12,59.92359161376953,65.17894700154001,59.86806983845157,61.784814276675704,418474000
2020-03-13,67.10293579101562,67.57367559511492,61.06301877546382,63.94538103600016,370732000
2020-03-16,58.4703483581543,62.542820889319664,57.93684495675963,58.40758108532822,322423600
2020-03-17,61.04128646850586,62.1879493594709,57.550590391518064,59.74977632698614,324056000
2020-03-18,59.5469970703125,60.350871115595204,57.24159305699179,57.88131450093201,300233600
2020-03-19,59.09075927734375,61.036471254980725,58.56691402825116,59.720822675289355,271857200
2020-03-20,55.33934020996094,60.79264444451166,55.03999854094989,59.67011594836406,401693200
2020-03-23,54.16371154785156,55.160709355187784,51.324807219579434,55.05932030955582,336752800
2020-03-24,59.597694396972656,59.79323063321941,56.56083807077307,57.05812866753022,287531200
2020-03-25,59.269386291503906,62.34245170831376,58.97487373705756,60.53192552123785,303602000
2020-03-26,62.388309478759766,62.446243950484835,59.472155301309265,59.510780738142245,252087200
2020-03-27,59.805294036865234,61.76790164645779,59.638725061409254,61.014724035899725,204216800
2020-03-30,61.512027740478516,61.68342585318123,60.206033868463194,60.529517371062305,167976400
2020-03-31,61.38648986816406,63.365997685508034,60.833677514674484,61.702731524008335,197002000
2020-04-01,58.15652084350586,60.04188167908633,57.726822887688364,59.50596558883749,176218400
2020-04-02,59.12696075439453,59.18006982201146,57.188490836952404,58.01891951220774,165934000
2020-04-03,58.2772216796875,59.31284110700112,57.68819653151743,58.61277240805976,129880000
2020-04-06,63.361175537109375,63.51566994282337,60.201204676104986,60.568135335844495,201820400
2020-04-07,62.6273078918457,65.58933353543772,62.52350615550967,65.3720644929947,202887200
2020-04-08,64.23023986816406,64.54406151460887,63.061847651130236,63.42636197678972,168895200
2020-04-09,64.6937255859375,65.19584902236409,63.89951332637289,64.86512738575412,161834800
2020-04-13,65.96351623535156,66.07215077341053,64.17229875609489,64.77098217772529,131022800
2020-04-14,69.29486846923828,69.58455560243435,67.12223707141726,67.59297682109842,194994800
2020-04-15,68.66238403320312,69.12104913161228,67.74505383638481,68.17233530641538,131154400
2020-04-16,69.20796203613281,69.57248363661981,68.16027185080422,69.37453102131897,157125200
2020-04-17,68.26889038085938,69.27072055777202,66.83495334748415,68.72514642195532,215250000
2020-04-20,66.85187530517578,67.99854202997274,66.83256626499734,67.09811161151838,130015200
2020-04-21,64.78546142578125,66.92912586019385,64.07573448825138,66.69496415132106,180991600
2020-04-22,66.6515121459961,67.0860355273564,65.71003990834832,66.05041238241853,116862400
2020-04-23,66.39319610595703,68.01542772017612,66.35457066668404,66.59597413685326,124814400
2020-04-24,68.30995178222656,68.31960998543786,66.86877252729914,66.91705617630512,126161200
2020-04-27,68.35822296142578,68.68894453234053,67.58090350335026,68.02749402346188,117087600
2020-04-28,67.25018310546875,69.00035846269303,67.15845596472252,68.81930583953189,112004800
2020-04-29,69.45902252197266,69.92734583940624,68.53203408860236,68.73481211774124,137280800
2020-04-30,70.9243392944336,71.10056648651737,69.60869475205328,69.99735081766806,183064000
2020-05-01,69.78250885009766,72.17964374552773,69.0051893150792,69.10174923798432,240616800
2020-05-04,70.76985168457031,70.89779524622708,69.11865261133845,69.80665406694762,133568000
2020-05-05,71.83203125,72.66245995311394,71.0836788601292,71.2285224464027,147751200
2020-05-06,72.5731430053711,73.20320267035598,72.14827044329485,72.5321011645588,142333600
2020-05-07,73.32389831542969,73.66911092684012,72.89661676334377,73.19837114485792,115215200
2020-05-08,75.06914520263672,75.122398042806,73.65553308459083,73.98231154076618,133838400
2020-05-11,76.25035095214844,76.74414173878206,74.36956400000152,74.57773678757478,145946400
2020-05-12,75.37898254394531,77.38321450858611,75.25795402582209,76.93298457993056,162301200
2020-05-13,74.4688491821289,76.47792710847203,73.39411530032484,75.55810589582264,200622400
2020-05-14,74.92633056640625,74.98684482021679,72.98745151047878,73.7087840752181,158929200
2020-05-15,74.48334503173828,74.52933644505968,72.66791783323735,72.70180935336562,166348400
2020-05-18,76.23826599121094,76.61103581678174,75.11512542110488,75.80498930633232,135178400
2020-05-19,75.79772186279297,77.09998213452099,75.76625327530091,76.25520568719914,101729600
2020-05-20,77.27186584472656,77.34205706251838,76.61588599602642,76.65461600601195,111504800
2020-05-21,76.69573211669922,77.67364408495487,76.45851368958552,77.13385452544689,102688800
2020-05-22,77.1895523071289,77.27185079219365,76.33266854723075,76.43432834001963,81803200
2020-05-26,76.66673278808594,78.48457622660662,76.61105700677228,78.30545637185098,125522000
2020-05-27,77.00074768066406,77.14598335609439,75.78562421645006,76.52390248864035,112945200
2020-05-28,77.03463745117188,78.29091382648822,76.4004493161322,76.67639044487011,133560800
2020-05-29,76.9595947265625,77.73659554294788,76.60377068012559,77.27668877080987,153532400
2020-06-01,77.90601348876953,78.02704193682199,76.78286594508734,76.91357873734127,80791200
2020-06-02,78.26669311523438,78.2909002875674,77.19922108217762,77.63976650286615,87642800
2020-06-03,78.69754028320312,78.95896587901703,78.0149380337886,78.58619617453675,104491200
2020-06-04,78.0197982788086,78.81858326292213,77.64702850562604,78.52085794063949,87560400
2020-06-05,80.24188995361328,80.30240419943048,78.2400813612976,78.26912701737099,137250400
2020-06-08,80.71631622314453,80.75020774515244,79.23009024878114,79.93931540745123,95654400
2020-06-09,83.26517486572266,83.65730597576551,80.36533708864444,80.3968056767083,147712400
2020-06-10,85.40738677978516,85.87455499385788,83.77350211039672,84.21162466782144,166651600
2020-06-11,81.30692291259766,84.9765069301838,81.20526313670851,84.55290729433239,201662400
2020-06-12,82.0089111328125,84.18742419889422,80.90029328946143,83.44189186655679,200146000
2020-06-15,83.02311706542969,83.6742509001126,80.50330314287096,80.6654845616587,138808800
2020-06-16,85.22342681884766,85.4945368687229,83.4418908130573,85.07335265810912,165428800
2020-06-17,85.10481262207031,86.02704912393895,84.98378413219785,85.96653487900272,114406400
2020-06-18,85.13871002197266,85.55504835135272,84.53114459703605,85.06125001022909,96820400
2020-06-19,84.65215301513672,86.30782159170373,83.5459510308644,85.84307640546994,264476000
2020-06-22,86.86700439453125,87.00981715451016,84.99832384422328,85.04431527047004,135445200
2020-06-23,88.72113800048828,90.1371727058119,87.6899729783668,88.1087341820106,212155600
2020-06-24,87.1550521850586,89.26821268122214,86.78228229668392,88.3508144843821,192623200
2020-06-25,88.31204986572266,88.35077986114183,86.55229863575047,87.30993801209478,137522400
2020-06-26,85.59860229492188,88.42824869367755,85.4509437109353,88.20797597788908,205256800
2020-06-29,87.57135772705078,87.665763477541,85.0297599072803,85.50661236513594,130646000
2020-06-30,88.3023910522461,88.58802392767775,87.14052040168764,87.15988171149978,140223200
2020-07-01,88.13536071777344,88.92204587845694,88.08695375546539,88.37984062385425,110737200
2020-07-02,88.13536071777344,89.67484690422407,88.02160103220285,89.04065881814572,114041600
2020-07-06,90.4930191040039,90.96018738333704,89.52962949763806,89.56109809240039,118655600
2020-07-07,90.21222686767578,91.64762315168353,90.10088271239697,90.87062222466152,112424400
2020-07-08,92.31326293945312,92.34473152661032,91.10055518911935,91.18769953716944,117092000
2020-07-09,92.71025848388672,93.25730230757911,91.66457041968785,93.20404946948581,125642800
2020-07-10,92.87242889404297,92.93052759776583,91.69603540831204,92.30601639495103,90257200
2020-07-13,92.4439697265625,96.77921054368312,92.2309584307968,94.17467542417103,191649200
2020-07-14,93.9737777709961,94.16499745387678,90.89481289415856,91.82672629574613,170989200
2020-07-15,94.62006378173828,96.09418977539168,93.42430181349536,95.84487140313816,153198000
2020-07-16,93.4557876586914,94.31024858615012,92.85790656415841,93.49451766571708,110577600
2020-07-17,93.26698303222656,94.06092970486094,92.79496892260524,93.90601706451432,92186800
2020-07-20,95.23246002197266,95.37043425049221,93.0103790882021,93.35410319288373,90318000
2020-07-21,93.9180908203125,96.09660323624759,93.66877247263514,96.02156617732469,103433200
2020-07-22,94.18193817138672,94.86211761268852,93.53322731563136,93.620364272229,89001600
2020-07-23,89.89510345458984,93.99312548879989,89.08663419834281,93.91566549865867,197004400
2020-07-24,89.67243194580078,90.01615612762265,86.31267968652797,88.09664593771886,185438800
2020-07-27,91.7977066040039,91.88968945823548,90.50996880574512,90.73265713883738,121214000
2020-07-28,90.2896728515625,91.54594911832494,90.2848269844815,91.36924487069622,103625600
2020-07-29,92.0203857421875,92.20435141750036,90.73506372270917,90.77137079362801,90329200
2020-07-30,93.13384246826172,93.23792519284922,90.78830982976133,91.19496376791191,158130000
2020-07-31,102.8838882446289,103.03396237192649,97.62156512089064,99.61611941491957,374336800
2020-08-03,105.47631072998047,108.09052270549662,104.4645145020522,104.7622398081077,308151200
2020-08-04,106.18069458007812,107.26995077307812,104.94377981745819,105.66511213347285,173071600
2020-08-05,106.56558990478516,106.88510690463526,105.43760344433963,105.90235611566642,121776800
2020-08-06,110.28356170654297,110.77735994512233,106.30899078686637,106.89718739322298,202428800
2020-08-07,107.77620697021484,110.26176460572711,106.98082882286342,109.80587577731004,198045600
2020-08-10,109.34272766113281,110.35877585729011,106.6971231069657,109.21905362761316,212403600
2020-08-11,106.09085845947266,109.10504953060087,105.83138875527999,108.60794103965802,187902400
2020-08-12,109.6167221069336,109.87376452711321,106.98566715289093,107.17965891895842,165598000
2020-08-13,111.55667877197266,112.55817781440562,110.50667808377885,110.99409224252035,210082000
2020-08-14,111.4572525024414,111.54697388434195,109.65067355223327,111.38208013380518,165565200
2020-08-17,111.16625213623047,112.60181637912858,110.54062239475888,112.57756555807367,119561600
2020-08-18,112.09258270263672,112.51694618501556,110.58427334354063,110.91891544512356,105633600
2020-08-19,112.23322296142578,113.64453639963617,112.13865437861999,112.49996719549999,145538000
2020-08-20,114.7236557006836,114.83762792120191,112.25749399300557,112.27447031102837,126907200
2020-08-21,120.6356201171875,121.11817961837231,115.6693525872738,115.6814742972318,338054800
2020-08-24,122.07843017578125,124.91803274325568,120.21608295121952,124.83315118707338,345937600
2020-08-25,121.07695770263672,121.42130160395935,119.35768029886763,120.95329109467639,211495600
2020-08-26,122.72347259521484,123.17936132920332,121.3267083719839,122.39125785191554,163022400
2020-08-27,121.25640106201172,123.65708422717836,120.11425182681509,123.32486945527224,155552400
2020-08-28,121.05998992919922,122.64589153107447,120.83689273182479,122.22880256231407,187630000
2020-08-31,125.1654052734375,127.06656032182518,122.2166916072517,123.7492518971319,225702700
2020-09-01,130.15106201171875,130.75245576113278,126.61066398001222,128.7737011544299,151948100
2020-09-02,127.45450592041016,133.83693302305636,123.18662864355862,133.45864396806553,200119000
2020-09-03,117.25041961669922,124.97140947448622,116.88183227033254,123.09936731503697,257599600
2020-09-04,117.32803344726562,119.98575966617278,107.56039728695785,116.46475733163177,332607200
2020-09-08,109.43243408203125,115.41717011939836,109.2966383541402,110.52850171438395,231366600
2020-09-09,113.79731750488281,115.56266939432574,111.799173992742,113.7391214492864,176940500
2020-09-10,110.08230590820312,116.88182317054356,109.12203408038299,116.74602745349068,182274400
2020-09-11,108.63705444335938,111.77007275174712,106.6971070425851,111.12988655734183,180860300
2020-09-14,111.89616394042969,112.44904864015743,109.41303369608222,111.27538137934282,140150100
2020-09-15,112.07075500488281,115.26196916143692,110.1987055878256,114.7769823425134,184642000
2020-09-16,108.76313018798828,112.51693044540818,108.67583612168845,111.77005407703663,154679000
2020-09-17,107.02688598632812,108.83103751673956,105.44583164529507,106.42550707639862,178011000
2020-09-18,103.6319808959961,107.5506753180143,102.9045006607274,107.08509211161683,287104900
2020-09-21,106.77470397949219,106.88140167582651,100.0042844680874,101.40104892896447,195713800
2020-09-22,108.45277404785156,109.47124955280064,105.88234925973728,109.29665396338974,183055400
2020-09-23,103.90357971191406,108.74374613747926,103.56408301527631,108.2684611226227,150718700
2020-09-24,104.97054290771484,106.93958810787352,101.84722676940335,102.01212050333626,167743300
2020-09-25,108.9086685180664,109.06386789451633,104.43708823841433,105.17427047592437,149981400
2020-09-28,111.5081787109375,111.85736984450415,109.39363569114487,111.55668035738763,137672400
2020-09-29,110.6642837524414,111.84765272079834,110.15990073985728,111.1104781178147,99382200
2020-09-30,112.3326187133789,113.73908460394166,110.20838196881353,110.37327567312818,142675200
2020-10-01,113.28323364257812,114.18530951408272,112.35205974301084,114.1077098390407,116120400
2020-10-02,109.62642669677734,111.90587086149135,108.85045216012577,109.50033277715342,144712000
2020-10-05,113.00193786621094,113.14743540361185,110.14051836534591,110.48970949498322,106243800
2020-10-06,109.7622299194336,112.63335124814374,108.87955028037823,112.2259566607193,161498200
2020-10-07,111.62458038330078,112.08046922763401,110.70310088509402,111.17839334850785,96849000
2020-10-08,111.51787567138672,112.90493833599005,111.14928093514196,112.75944080327828,83477200
2020-10-09,113.45781707763672,113.48691510258755,111.46936816913343,111.81855926916633,100506900
2020-10-12,120.66471099853516,121.42128918284882,115.69844376260184,116.45502194691551,240226800
2020-10-13,117.46379852294922,121.62498605023444,116.05733979847938,121.50858655705257,262330500
2020-10-14,117.55109405517578,119.33584179194668,116.02823591444664,117.36679671702483,150712000
2020-10-15,117.08551025390625,117.56079523723751,114.60238025084043,115.15526489684527,112559200
2020-10-16,115.44625091552734,117.90029026113083,115.24255735409358,117.63839325335097,115393800
2020-10-19,112.49752044677734,116.80419739703295,112.18712924855792,116.35801051211192,120639300
2020-10-20,113.98159790039062,115.40746025257594,112.15804282671203,112.71092747344602,124423700
2020-10-21,113.36082458496094,115.14557257156684,112.9534300225298,113.16682541230045,89946000
2020-10-22,112.27445220947266,114.49569279996962,111.14927920105526,113.92340448698165,101988000
2020-10-23,111.58576965332031,113.05043193781697,110.84858760677534,112.89523260157101,82572600
2020-10-26,111.5954818725586,113.05044248419397,109.49063323015535,110.58670829378724,111850700
2020-10-27,113.09893798828125,113.7585204355671,111.10079442752371,112.02226653167769,92276800
2020-10-28,107.86107635498047,111.96406850952522,107.76408046155812,111.59548115439539,143937800
2020-10-29,111.85736846923828,113.41902674173545,108.83104781563942,108.99594897135509,146129200
2020-10-30,105.59134674072266,108.62736202117581,104.4855772187525,107.72528610585144,190272600
2020-11-02,105.5040054321289,107.35665821287549,104.0975469359875,105.83380024244883,122866900
2020-11-03,107.12388610839844,108.14235394209176,105.46523215040254,106.36730788899447,107624400
2020-11-04,111.49846649169922,112.11924902667879,108.97653651830575,110.71279021468385,138235500
2020-11-05,115.45596313476562,116.02825144019144,113.36082388514865,114.40838980980128,126387100
2020-11-06,115.32479095458984,115.8203256136095,112.83736946099638,114.96527887670223,114457900
2020-11-09,113.02198028564453,118.53121707167843,112.75963885381937,117.083465097586,154515300
2020-11-10,112.68192291259766,114.25598657554706,110.8940882741732,112.27383288243148,138023400
2020-11-11,116.10211181640625,116.23814181960135,113.13859256042241,113.86732789743012,112295000
2020-11-12,115.83004760742188,117.1126214574974,115.20819406878398,116.22842646880996,103162300
2020-11-13,115.87862396240234,116.27699537989376,114.52803521767761,116.05352071993178,81581900
2020-11-16,116.88916778564453,117.55959935095183,114.80012470399369,115.54828982886944,91183000
2020-11-17,116.00496673583984,117.24867405281236,115.58715811406812,116.16043385700159,74271000
2020-11-18,114.68350982666016,116.42275908285534,114.65436159878705,115.24706694247119,76322100
2020-11-19,115.27620697021484,115.68429695756758,113.49809106564801,114.25597458875419,74113000
2020-11-20,114.01305389404297,115.40250938194856,113.96447599254086,115.27619794234921,73604300
2020-11-23,110.62202453613281,114.28513837643995,110.52486130551306,113.85761126601786,127959300
2020-11-24,111.90459442138672,112.56531474410036,109.39774313111327,110.68032441615657,113874200
2020-11-25,112.74019622802734,113.43978322932423,111.90457924459807,112.27380983588145,76499200
2020-11-27,113.28431701660156,114.15880077486167,112.92481238098438,113.26488733889717,46691300
2020-11-30,115.67460632324219,117.54016723580712,113.49811117883634,113.6535782947568,169410200
2020-12-01,119.24053192138672,119.96926723797301,116.60736920035771,117.57901628913943,127728200
2020-12-02,119.59032440185547,119.87210294466338,117.4624149241799,118.56037345602128,89004200
2020-12-03,119.45429229736328,120.27047227200518,118.74498667961886,120.0178419599632,78967600
2020-12-04,118.78386688232422,119.37657225081612,118.07456118438024,119.12394191020984,78260400
2020-12-07,120.24132537841797,121.03807568238211,118.78385476777048,118.84215122001115,86712000
2020-12-08,120.85346984863281,121.43646406909802,119.60004413555974,120.84375871454999,82225500
2020-12-09,118.32718658447266,122.37895334699282,117.56930300737729,120.99921619827668,115089200
2020-12-10,119.74578857421875,120.35793100204793,116.74340254220034,117.08347755039478,81312200
2020-12-11,118.9393081665039,119.27938312055916,117.13204422429256,118.95873784398792,86939800
2020-12-14,118.32718658447266,119.85267228564851,118.09399334838469,119.12393693642923,79184500
2020-12-15,124.25422668457031,124.27366377761385,120.61055011219938,120.81459511068267,157243700
2020-12-16,124.18621063232422,124.73033062366706,122.9716517851633,123.79755773169585,98208600
2020-12-17,125.05096435546875,125.90601844904018,124.40967378529018,125.24529078778322,94359800
2020-12-18,123.06881713867188,125.43963827870924,122.54412684965975,125.30360828671483,192541500
2020-12-21,124.59430694580078,124.672040495101,119.94983486476208,121.47532055765235,121251600
2020-12-22,128.1408233642578,130.59908932336018,125.97403967211778,127.87847449783371,168904800
2020-12-23,127.24688720703125,128.6751945398209,127.07198305177502,128.41286054616967,88223700
2020-12-24,128.22825622558594,129.67601559807733,127.38292807699283,127.59669160383469,54930100
2020-12-28,132.81442260742188,133.44598718799116,129.7245776284665,130.19097883452193,124486200
2020-12-29,131.04603576660156,134.85489050709643,130.53106400488656,134.13588116304936,121047300
2020-12-30,129.9287109375,132.13435501655349,129.61777660645944,131.73597596471961,96452100
2020-12-31,128.92784118652344,130.9197204767935,127.98534242224186,130.27842990655225,99116600
2021-01-04,125.7408218383789,129.82173562437615,123.16595621510766,129.73429096655542,143301900
2021-01-05,127.29550170898438,128.0048148809108,124.78865000861988,125.23561427002338,97664900
2021-01-06,123.0105209350586,127.33435496235823,122.7967573877346,124.0987683518539,155088000
2021-01-07,127.20803833007812,127.89791430422592,124.23480053472447,124.72062409151188,109578200
2021-01-08,128.3059844970703,128.86954151504634,126.53757990692247,128.67520026141898,105158200
2021-01-11,125.32302856445312,126.47929089114106,124.85664214589357,125.5270809622862,100384500
2021-01-12,125.14814758300781,126.01291289609365,123.26314986487158,124.85665049211372,91951100
2021-01-13,127.17889404296875,127.72301407124303,124.84694682860504,125.10928088256377,88636800
2021-01-14,125.25502014160156,127.2857588427231,125.10926419379747,127.09143240514113,90221800
2021-01-15,123.53520965576172,126.52788445335536,123.39917965706009,125.12871028033413,111598500
2021-01-19,124.20564270019531,125.06069683837403,123.340877429049,124.15705738304294,90757300
2021-01-20,128.2865753173828,128.7335395413519,124.90524730001776,125.01212908230433,104319500
2021-01-21,132.9893035888672,135.70991781539036,129.80230301173157,130.00635537983658,120150900
2021-01-22,135.126953125,135.88483658611096,131.19177987621222,132.41604973812463,114459400
2021-01-25,138.86782836914062,140.97630120112478,132.66871393860882,139.013584357772,157611700
2021-01-26,139.10101318359375,140.20869037046396,137.3617564370404,139.52854031294,98390600
2021-01-27,138.0321807861328,140.20867556656404,136.4289690465183,139.36333253146313,140843800
2021-01-28,133.2030792236328,137.96415826033868,132.8241374993332,135.564189064389,142621100
2021-01-29,128.2185821533203,132.86305498594893,126.51819940588042,131.97885239900157,177523800
2021-02-01,130.3367462158203,131.5415940017464,127.21775238608966,129.95780442586786,106239800
2021-02-02,131.16265869140625,132.44522526454477,130.79342801715512,131.88166811874655,83305400
2021-02-03,130.1424560546875,131.92057258848567,129.82181063126527,131.9108466256723,89880900
2021-02-04,133.49459838867188,133.5043095225396,130.7739834636992,132.43550657690793,84183100
2021-02-05,133.08099365234375,133.72324245824956,132.20521062487953,133.65513325973174,75693800
2021-02-08,133.22698974609375,133.27564766652046,131.29051736028654,132.37065786118401,71297200
2021-02-09,132.3511962890625,134.17090160726997,132.19551172596402,132.94478730279516,76774200
2021-02-10,131.74790954589844,133.30487431692404,130.78453592339073,132.80858418639744,73046600
2021-02-11,131.49484252929688,132.72094164331565,130.17142759822354,132.24411789704274,64280000
2021-02-12,131.72842407226562,131.88412349618312,130.09362466607496,130.73587365349886,60145100
2021-02-16,129.60707092285156,132.35120265140839,129.21782237561078,131.84520181246612,80576300
2021-02-17,127.32027435302734,128.6631557746567,125.98713342468182,127.71924852152779,97918500
2021-02-18,126.22068786621094,126.50288006540657,123.98255701846796,125.7243978338029,96856700
2021-02-19,126.3763656616211,127.19378012757379,125.33515742569439,126.73642239782728,87668800
2021-02-22,122.61048889160156,126.2304187991235,122.22124775949521,124.56641277376495,103916400
2021-02-23,122.4742431640625,123.30137584564321,115.20519230196524,120.43073670834654,158273000
2021-02-24,121.97795867919922,122.18230857916163,118.94189453786483,121.57899194807914,111039900
2021-02-25,117.73526000976562,123.05811336412599,117.29736837706596,121.32599812486836,148199500
2021-02-26,117.99798583984375,121.49140765726709,117.93959485190196,119.29220185674814,164560400
2021-03-01,124.35231018066406,124.48854343367245,119.48681564706342,120.42098970661608,116307900
2021-03-02,121.75414276123047,125.2572974809927,121.64710128326877,124.95563918354922,102260900
2021-03-03,118.77648162841797,122.32829506323422,118.5623986243893,121.4525043304613,112966300
2021-03-04,116.89838409423828,120.27503892466773,115.42900990064756,118.47480719948628,178155000
2021-03-05,118.15367126464844,118.65968686991202,114.40724183835442,117.7255127803743,153766600
2021-03-08,113.22980499267578,117.74498394850409,113.08383865170997,117.67686731260757,154376600
2021-03-09,117.83256530761719,118.77647261328785,115.59444185391254,115.8279835568737,129525800
2021-03-10,116.7524185180664,118.88350022910564,116.23666982400522,118.4164168777091,111943300
2021-03-11,118.67914581298828,119.89551948779854,117.99797952475683,119.2435449798976,103026500
2021-03-12,117.774169921875,117.91040318694742,115.95447955662657,117.16112022904915,88105100
2021-03-15,120.65455627441406,120.66428934425417,117.18059275719496,118.14396621912681,92403800
2021-03-16,122.19205474853516,123.79766976227535,121.36492199120141,122.31855495993447,115227900
2021-03-17,121.40383911132812,122.47424657756945,119.04893377660937,120.71293967926185,111932600
2021-03-18,117.28761291503906,119.86632656590932,117.08326303051578,119.57439391707281,121229700
2021-03-19,116.76215362548828,118.16341864155612,116.46049529392347,116.67457827406234,185549500
2021-03-22,120.07068634033203,120.53777713211232,117.02488910943605,117.09300574322106,111912300
2021-03-23,119.24356079101562,120.89782623844285,118.8543196786337,120.0123099463268,95467100
2021-03-24,116.85945129394531,119.59386443754735,116.83999258124882,119.51601473844956,88530500
2021-03-25,117.34600830078125,118.38723138862223,115.79878440882977,116.32425877519718,98844700
2021-03-26,117.9493408203125,118.21208173439534,115.72094299418823,117.11247500179746,94071200
2021-03-29,118.12451934814453,119.2825098508302,117.48227769291661,118.37752723615951,80819200
2021-03-30,116.67456817626953,117.16111766205535,115.66254435493632,116.87891806940085,85671900
2021-03-31,118.86405181884766,120.19719278132602,117.89095275757859,118.37750228821312,118323800
2021-04-01,119.69117736816406,120.83943448866229,119.19489479787379,120.33342627373456,75089100
2021-04-05,122.51316833496094,122.7661761594041,119.75929632134557,120.53777850848313,88651200
2021-04-06,122.81482696533203,123.71007628588559,122.26989388745704,123.09702657327624,80171300
2021-04-07,124.4593505859375,124.47880929727646,121.77359554768178,122.44503616328456,83466700
2021-04-08,126.85318756103516,126.88237934347556,125.06268894589843,125.48111439308595,88844600
2021-04-09,129.42218017578125,129.46109760648577,125.9871415439433,126.30826602843275,106686700
2021-04-12,127.70952606201172,129.2762161435529,127.11593504109703,128.95509167174853,91420000
2021-04-13,130.813720703125,131.03754421397457,128.38097265896974,128.87726276289945,91266500
2021-04-14,128.478271484375,131.36837696548068,128.1182295730411,131.3099933958929,87222800
2021-04-15,130.88180541992188,131.36835488244947,130.04493975044198,130.22010527807376,89347100
2021-04-16,130.5509490966797,131.0472241792983,129.6946173321828,130.68718234573052,84922400
2021-04-19,131.21266174316406,131.82571884662076,129.75301328602865,129.91843832937323,94264200
2021-04-20,129.52920532226562,131.88410306298763,128.26417368348118,131.38782793049364,94812300
2021-04-21,129.90875244140625,130.15202725871225,127.76793701877672,128.79941986842354,68847100
2021-04-22,128.3906707763672,130.5412110225183,127.87492954910141,129.46107065350094,84566500
2021-04-23,130.70664978027344,131.4851170121257,128.60475261832673,128.60475261832673,78657500
2021-04-26,131.0959014892578,131.426751593288,129.9671030596472,131.20294297565732,66905100
2021-04-27,130.7747802734375,131.76734545845767,130.5023137282654,131.37809693084532,66015800
2021-04-28,129.986572265625,131.3878372667235,129.50002274292763,130.69693041123548,107760100
2021-04-29,129.88925170898438,133.38268843991688,128.886960916459,132.79882309453924,151101000
2021-04-30,127.92359924316406,129.96709820494203,127.54409123252586,128.23498319758693,109839500
2021-05-03,128.97451782226562,130.4633727552625,128.283625938946,128.48796838679135,75135100
2021-05-04,124.41069793701172,127.95278490720769,123.2916326716947,127.66085225567952,137564700
2021-05-05,124.65399169921875,126.94076551104096,124.5274840738415,125.72439172337612,84000900
2021-05-06,126.24988555908203,126.25961120491856,123.71008883004946,124.44964624226809,78128300
2021-05-07,126.92245483398438,127.94593245749884,126.2108752190309,127.54629547170842,78973300
2021-05-10,123.64728546142578,126.26936319427197,123.60829449035425,126.14265555263232,88071200
2021-05-11,122.73101806640625,123.08192191649415,119.67029018955704,120.38186236478138,126142800
2021-05-12,119.67027282714844,121.49306133403097,119.16340517343434,120.28437120843128,112172300
2021-05-13,121.81475067138672,122.96495825371117,121.12267768901388,121.43459801116457,105861300
2021-05-14,124.23213958740234,124.66103284772763,122.67253787272075,123.06244016058305,81918000
2021-05-17,123.08193969726562,123.72527962836065,122.00971391554195,123.61805630651149,74244600
2021-05-18,121.69776916503906,123.78373756646234,121.62953683178752,123.36459396598383,63342900
2021-05-19,121.54180908203125,121.76599784022277,119.75801143334377,120.05043995950335,92612000
2021-05-20,124.09566497802734,124.49531683623646,121.94146411990351,122.06818662946591,76857100
2021-05-21,122.26314544677734,124.76825782596866,122.04869881375613,124.59280216593018,79295400
2021-05-24,123.8909683227539,124.70976380781524,122.76025995557121,122.82849229292907,63092900
2021-05-25,123.69601440429688,125.08016771850949,123.13065653206684,124.59278434432386,72009500
2021-05-26,123.64728546142578,124.17365241574042,123.228141818366,123.75450877268065,56575900
2021-05-27,122.1169204711914,124.41733561849655,121.92197306010468,123.24763627844212,94625600
2021-05-28,121.46383666992188,122.62379382802953,121.4053539348129,122.39959761550023,71311100
2021-06-01,121.14215850830078,122.1851426884376,120.81074644955004,121.92196296159237,67637100
2021-06-02,121.9024887084961,122.07794437455699,120.91799449476859,121.14218330115489,59278900
2021-06-03,120.42086791992188,121.69779071261881,120.02121601385367,121.53208465063497,76229200
2021-06-04,122.7115249633789,122.97471215998662,120.72303005127523,120.93747667465416,75169300
2021-06-07,122.72126770019531,123.1306617200527,121.67828344764422,122.98444744531308,71057600
2021-06-08,123.54006958007812,125.21665168991701,123.02345219665295,123.40360489150423,74403800
2021-06-09,123.92020416259766,124.52455300706954,123.32560491924683,123.99818609803275,56877900
2021-06-10,122.92596435546875,124.95345011953233,122.76025831506651,123.81298472926724,71186400
2021-06-11,124.13463592529297,124.22236745136004,122.91619621766982,123.33533977456281,53522400
2021-06-14,127.18561553955078,127.24409827001125,123.86171564217574,124.5927795199969,96906500
2021-06-15,126.3668441772461,127.30261260822043,126.12315618593904,126.65927274152149,62746300
2021-06-16,126.86396789550781,127.58528973592168,125.21664949570912,127.07841452715692,91815000
2021-06-17,128.46250915527344,129.20332990380118,126.37654128828882,126.52276295506476,96721700
2021-06-18,127.1661376953125,128.18961527761795,126.95169109033546,127.40982566701065,108953300
2021-06-21,128.9596405029297,129.06686377457612,125.94766160876556,127.01013729010695,79663300
2021-06-22,130.5972442626953,130.6947253937975,128.29682937988724,128.79396232556323,74783600
2021-06-23,130.32432556152344,130.92868185123652,129.8661909803765,130.39256533356104,60214200
2021-06-24,130.04165649414062,131.240597184488,129.5737648661965,131.05539194095186,68711000
2021-06-25,129.7492218017578,130.50952706925113,129.45679326652197,130.09039090512184,70783700
2021-06-28,131.37705993652344,131.83519451956099,129.98317185834844,130.04165459260284,62111300
2021-06-29,132.88792419433594,133.0438880631515,130.9579196567259,131.3965550234282,64556100
2021-06-30,133.5019989013672,133.94063419010044,132.43950824826416,132.73193673192986,63261400
2021-07-01,133.80419921875,133.86268195374564,132.3323143115352,133.15111722207564,52485800
2021-07-02,136.4263153076172,136.46529884864614,134.27210654572147,134.41831341650158,78852600
2021-07-06,138.4342498779297,139.53570925876045,136.53348691022637,136.53348691022637,108181800
2021-07-07,140.91990661621094,141.2318195282519,139.0581266890823,139.91589835234652,104911600
2021-07-08,139.62347412109375,140.42276298269945,137.11835448019005,138.0053823208354,105575500
2021-07-09,141.44625854492188,141.97261806281588,139.04836216143113,139.1458433075578,99890800
