Date,Close,High,Low,Open,Volume
2016-07-01,41.23721694946289,41.57258721008266,40.65854308271245,40.75717947640125,6533700
2016-07-05,40.717735290527344,41.237228977687195,40.61909886806792,41.09913648114867,6293600
2016-07-06,41.67122268676758,41.927680816602994,40.63881290289651,40.665116944031276,9202200
2016-07-07,41.71067810058594,41.9211054094127,41.566008385083265,41.82246651093517,7081900
2016-07-08,42.19072723388672,42.40115458844794,41.25695365309088,41.74356596982922,7921700
2016-07-11,42.3156623840332,42.736517065315624,42.13153908809509,42.24990478076724,9641500
2016-07-12,43.071895599365234,43.275745713560774,42.29594369170492,42.52609785563288,11870500
2016-07-13,42.965736389160156,43.14484605406309,42.62079212719946,42.992271341776316,7684200
2016-07-14,42.20288848876953,42.5478353875679,41.75180427730344,42.25595841035996,12090100
2016-07-15,42.003875732421875,42.56772965617117,41.87783848125197,42.33555510651271,8827500
2016-07-18,42.1630859375,42.30239067718079,41.91100888675882,41.94417632041906,6384800
2016-07-19,42.003875732421875,42.43505993094508,41.85130352400163,42.06357812097874,5794500
2016-07-20,42.0635871887207,42.388634158826456,42.01051979329297,42.169724510089516,7502800
2016-07-21,42.381988525390625,42.45495839000548,41.90436943373899,41.9441718682142,6145500
2016-07-22,42.32892608642578,42.51466321079558,42.176353865555896,42.45496334788012,4972900
2016-07-25,42.667240142822266,42.78664493578178,42.26259084784982,42.395263121195185,7241200
2016-07-26,42.753475189208984,42.93921991556516,42.42843077488171,42.72694528932726,4885200
2016-07-27,43.051998138427734,43.19130291471782,42.66724872142049,42.733583606173774,6220400
2016-07-28,42.932594299316406,43.15813392482003,42.408540094082944,42.979029225804055,6556100
2016-07-29,43.93425369262695,44.047023469211055,43.217825004282474,43.29742481785912,10525000
2016-08-01,44.405242919921875,44.49811275379171,43.93425874500304,43.93425874500304,7599000
2016-08-02,44.29909896850586,44.48483861902797,43.81484988836265,44.39860379872153,8763200
2016-08-03,44.15980529785156,44.44504985007672,43.92763067651182,44.319010029480644,6355100
2016-08-04,43.8480110168457,44.43176993798316,43.834746069104156,44.166425433922996,4901900
2016-08-05,44.13990783691406,44.17970775681683,43.86129827553979,43.881198235491176,5045600
2016-08-08,44.0072021484375,44.22611167647863,43.61582304771902,44.03373709677799,5309300
2016-08-09,44.28583526611328,44.61087966367582,43.947520858268,44.007220721462204,5717300
2016-08-10,44.06692123413086,44.418500556036136,43.9077165538583,44.2460258668093,4506100
2016-08-11,44.41187286376953,44.518012708777036,44.24603315171509,44.352172996722594,4246600
2016-08-12,44.57108688354492,44.70375664143516,44.14653758506391,44.35217722810185,5215400
2016-08-15,44.70375442504883,45.1880086332902,44.65731950598678,44.75682434998449,5215400
2016-08-16,44.27257537841797,44.84969949304718,44.113370645806434,44.53128496679691,7147600
2016-08-17,44.33228302001953,44.677227471886475,44.01386847434985,44.2394131652466,7945400
2016-08-18,44.29246139526367,44.73028059841542,44.14652672190537,44.15979167001954,8205800
2016-08-19,44.511375427246094,44.56444534703627,44.11999615610232,44.15979606543189,6709400
2016-08-22,44.45167541503906,44.96909447870277,44.391970490217666,44.650680022049514,7884800
2016-08-23,43.89445114135742,44.77008456608768,43.77504635339302,44.617514874315766,10227800
2016-08-24,43.15813064575195,44.13326908893101,43.012190870442566,43.98732931362162,8551100
2016-08-25,42.932594299316406,43.40357857112757,42.63407971958657,43.14486897197816,6379000
2016-08-26,42.85960388183594,43.13157830358617,42.59425940281804,42.906038786087194,7041600
2016-08-29,42.79328536987305,43.178029697304645,42.581010717797135,43.012189967213246,5099200
2016-08-30,42.561100006103516,42.92594428350382,42.52793004405547,42.81317451018148,5531800
2016-08-31,42.52130126953125,42.75347585480815,42.12328697176707,42.59427114790776,6750000
2016-09-01,42.474857330322266,42.547827193199126,42.19624788716987,42.52129223751433,5126700
2016-09-02,42.53457260131836,42.7733821995967,42.36873035316883,42.700412318954626,4100800
2016-09-06,42.85960388183594,43.05197850259829,42.48812464782587,42.91930373257684,6286300
2016-09-07,43.098426818847656,43.21119661269049,42.647342582449745,42.70041250697339,5714300
2016-09-08,42.49477005004883,42.55447498353523,42.08348823540904,42.428435171418144,8238800
2016-09-09,42.030418395996094,42.45496766779189,41.831411241155976,41.937548559104926,8848500
2016-09-12,42.50803756713867,42.607542409757116,41.566066656694076,41.77834129246771,6653000
2016-09-13,42.017147064208984,42.55446861049555,41.79823744258789,42.22942168065263,7640400
2016-09-14,42.017147064208984,42.42842881725442,41.83140740744905,42.063581978398965,5890000
2016-09-15,42.02377700805664,42.33555643928127,41.7385325349177,41.90437222718393,7806800
2016-09-16,41.97071075439453,42.315657627273424,41.904373357391115,42.143182925577506,11165300
2016-09-19,41.731903076171875,42.262589623668276,41.67883568667877,42.20288722891786,7903500
2016-09-20,41.97734451293945,42.15645169455819,41.63239762950852,42.030414432165614,4826500
2016-09-21,42.52130126953125,42.62080610922889,41.924279822884984,42.116654496693386,7587400
2016-09-22,43.17139434814453,43.25099416956742,42.50803551081358,42.53457047162997,5416100
2016-09-23,43.10504913330078,43.33722365844969,42.95247441047432,43.151484038330565,5154200
2016-09-26,42.50139236450195,43.038711300291844,42.46822240457837,42.79990175971293,5567700
2016-09-27,42.83307647705078,42.952481260602376,42.249320038633336,42.42179473954694,4358300
2016-09-28,42.60090255737305,43.078521698782765,42.3819929407226,43.078521698782765,5645600
2016-09-29,41.67221450805664,42.66061805624491,41.658947023653006,42.653988109813945,6431200
2016-09-30,41.83803176879883,41.96406900708553,41.42675009550995,41.57268728444388,7325400
2016-10-03,41.94417190551758,41.98397434002818,41.29408065825398,41.804867180499535,4239600
2016-10-04,41.79161071777344,42.14319012515868,41.49309870654381,41.99725288784571,4719400
2016-10-05,42.05031967163086,42.28912927713682,41.79161010917051,41.84468003506666,4442500
2016-10-06,41.67884063720703,41.93091519563806,41.499733431681804,41.897747756951176,4446100
2016-10-07,41.74516677856445,42.1763509828001,41.45992231062632,41.8579365526032,3812700
2016-10-10,41.997257232666016,42.229431859578995,41.738545109159716,41.838049966701654,3135300
2016-10-11,41.3869514465332,41.96407284266555,41.161409373370375,41.84467059735608,5308400
2016-10-12,40.978572845458984,41.66143779703637,40.85137348781177,41.50745882077553,4563800
2016-10-13,40.93840408325195,41.2463620215702,40.62374996366663,40.81120217762646,5988600
2016-10-14,40.28232192993164,41.18611499058014,40.26893467319187,41.13925193045524,5606500
2016-10-17,40.262237548828125,40.643838203112836,40.07478531271498,40.23545792828477,6138700
2016-10-18,41.20619583129883,41.2530588884688,40.436300925045714,40.58358372450344,6655100
2016-10-19,41.125850677490234,41.61456713556451,40.951785742160226,41.53423084825157,5588900
2016-10-20,41.34678649902344,41.49407185765605,41.05891451763859,41.13925082514494,4391300
2016-10-21,40.82460021972656,41.13255822015307,40.60367471641029,41.09239133982942,4341700
2016-10-24,40.91831970214844,41.293226698653804,40.85137320991479,40.92501588367879,3934800
2016-10-25,41.20619583129883,41.27983850795023,40.80451175445765,40.878154431109046,6432800
2016-10-26,40.85137176513672,41.31330867443965,40.64383356040039,41.17941314086281,4560800
2016-10-27,41.14594650268555,41.3200114904383,40.57019740354926,41.13925287416212,6612500
2016-10-28,38.56177520751953,39.09066129302849,36.861309932785765,38.52830195420091,24865300
2016-10-31,37.34333038330078,38.36093311760032,37.30316350087357,38.200260480200434,14185800
2016-11-01,37.79187774658203,37.898993682651955,37.27638150616884,37.49061337830869,9799400
2016-11-02,38.019493103027344,38.28728162171601,37.758398211921794,37.798565085110376,9746200
2016-11-03,37.416969299316406,38.35423562039118,37.39018967783535,38.24042350601933,9842600
2016-11-04,37.51738739013672,38.07305042732447,37.40357528854478,37.53747082706971,11187000
2016-11-07,39.43877410888672,40.94509293378641,37.91906547685989,38.032877560518166,17763100
2016-11-08,39.37184143066406,39.907421134297685,38.84964898500649,39.36514524783056,9353200
2016-11-09,41.93593215942383,43.308358560170795,40.44300255485836,42.913365479280856,18694000
2016-11-10,42.846405029296875,43.54935590488458,42.03634079713447,42.21709937481319,15948700
2016-11-11,42.24386978149414,42.74597601132415,42.036334174291454,42.53844040412147,10201600
2016-11-14,42.1568603515625,42.60540757558167,41.67483731955156,42.44473493414175,8315700
2016-11-15,42.08989715576172,42.438024500442204,41.49406474896339,42.438024500442204,5610300
2016-11-16,41.19951629638672,42.15686631264358,41.119177410461056,41.95602165167538,6571200
2016-11-17,41.306610107421875,41.50075848019918,40.92500954236004,41.34008334835203,4879500
2016-11-18,40.51665115356445,41.60120057682709,40.42961863726281,41.273159063902824,7023200
2016-11-21,40.449684143066406,40.70408539505435,40.30240135831113,40.637138906878754,6328300
2016-11-22,39.45217514038086,40.54342047018348,39.23794327308585,40.496557408828025,8518600
2016-11-23,40.28901672363281,40.42291227102306,39.231244708479494,39.37183643785409,5546600
2016-11-25,40.509952545166016,40.617068499647736,39.947593145675526,40.195300865414225,2941600
2016-11-28,39.80699157714844,40.12833934083897,39.50572725061199,39.58606610691839,6274600
2016-11-29,41.23297882080078,41.574410058636865,39.847165322435906,39.967671066106355,11858800
2016-11-30,40.704078674316406,41.40033327329974,40.590269152440264,41.25974413903706,9025200
2016-12-01,39.60615921020508,40.724184305135836,39.331674435447695,40.724184305135836,8266200
2016-12-02,39.78691482543945,40.168515518558124,39.46556700775244,39.62623963967323,8020700
2016-12-05,40.744266510009766,40.98527802274109,39.88064277400437,39.90072621545013,10227700
2016-12-06,41.25306701660156,41.32001607849618,40.38944582584836,40.67731785353571,7610400
2016-12-07,40.16181182861328,40.60366528647363,39.3651348359453,40.3425678557811,13095600
2016-12-08,40.77104187011719,40.82459855965271,39.55929080400172,40.18190296215464,9192300
2016-12-09,41.19951629638672,41.46061129103023,40.784439713975324,40.965198376539135,7102900
2016-12-12,41.53424072265625,41.80872544392267,41.17941714113249,41.19280695117538,5984500
2016-12-13,41.50076675415039,41.80202853642851,41.07899668357789,41.72838841323847,8599600
2016-12-14,41.286537170410156,41.70830729021593,41.1794212332677,41.20620085601466,5115700
2016-12-15,41.520843505859375,41.581096363381526,41.2061894105943,41.37355817550641,6416900
2016-12-16,41.654754638671875,41.8355132789776,41.39365967617882,41.587805575311066,10555800
2016-12-19,41.654754638671875,42.3978726419802,41.587805575311066,41.75517440294463,5976800
2016-12-20,41.61457443237305,41.98278524711869,41.34008972823412,41.73508016139453,5751800
2016-12-21,41.13924789428711,41.781943416241084,41.12585808501578,41.66143768664409,5498700
2016-12-22,41.27985763549805,41.45392013509128,41.07231931911904,41.226300925564075,5626000
2016-12-23,41.73508071899414,41.775250147152974,41.15263805683861,41.360173717713394,4795900
2016-12-27,41.84220504760742,42.19033250006498,41.78195217018505,41.855594859684125,5396200
2016-12-28,41.6882209777832,42.00956876706989,41.67483116733228,41.84889359550394,5190400
2016-12-29,41.996185302734375,42.21711337779172,41.76856359836269,41.76856359836269,4990000
2016-12-30,41.92254638671875,42.13008466799332,41.78195717384524,41.99618908503701,5999200
2017-01-03,41.781944274902344,42.19701815546385,41.46729013517207,42.123375479880586,9328200
2017-01-04,42.37109375,42.712525040589924,41.93593376908267,41.93593376908267,8674800
2017-01-05,42.69243240356445,42.81293813990089,42.19701964819851,42.43133749278387,5359400
2017-01-06,42.70582580566406,42.846414991933464,42.52506718595541,42.766078678900286,4722300
2017-01-09,42.98701095581055,43.10082053773105,42.67905291242427,42.712526168645255,8794500
2017-01-10,42.893272399902344,43.181146916989874,42.69243036687139,42.87988514436595,6523500
2017-01-11,41.344703674316406,43.042042496369454,40.97277767326351,42.8594600784825,13565200
2017-01-12,41.43938446044922,41.54082001894094,40.85782609493862,41.0945082048815,8194400
2017-01-13,41.91950225830078,42.203517643280215,41.28384435543892,41.48671285608322,7295100
2017-01-17,41.83158874511719,41.95331035303533,41.317652493993336,41.75720303143247,8446700
2017-01-18,41.696353912353516,42.020944097893285,41.46643554181116,41.763975900319245,5519400
2017-01-19,41.507015228271484,41.845130367616385,41.33119391122842,41.55435114141067,5384200
2017-01-20,41.351470947265625,41.770732879880924,41.304135047435494,41.52728963526137,6730000
2017-01-23,41.22300338745117,41.42587198573384,41.03365970633591,41.263578138953385,5244700
2017-01-24,40.96601486206055,41.20269433150872,40.35064308226981,41.18916942188129,6642000
2017-01-25,41.507015228271484,41.67607279794394,40.80373511932679,40.97955385675607,8052800
2017-01-26,41.4326286315918,41.85865442068443,41.29738206271642,41.35824288972965,7765300
2017-01-27,40.57380676269531,41.41909440358479,40.24921661814733,40.57380676269531,14151200
2017-01-30,40.86458969116211,40.89163951727564,40.08016279116346,40.51294969052638,7792700
2017-01-31,41.324432373046875,41.46644011119149,40.404758789534334,40.5805775253876,8149800
2017-02-01,41.17565155029297,41.317659256234855,40.75638959863033,41.29737317813264,5888700
2017-02-02,41.17565155029297,41.33118416817406,40.898397304572214,41.01335776624887,5365300
2017-02-03,41.02687454223633,41.290606419913416,40.87134194541928,41.182409718666214,6470300
2017-02-06,41.013362884521484,41.22975634332728,40.810491759729224,40.91868848913212,5358100
2017-02-07,40.95249557495117,41.1621252539253,40.84429886268975,41.013356386824036,4210300
2017-02-08,40.92544937133789,41.263564449508614,40.60762037238115,40.66848118963641,5357800
2017-02-09,41.14182662963867,41.250023308903764,40.85780873431011,40.92543327110849,4324600
2017-02-10,40.857826232910156,41.25004097548164,40.75639325368932,41.14860541664738,5749200
2017-02-13,40.91869354248047,41.1553756907632,40.86459646090493,40.96603203582808,6396000
2017-02-14,41.12831115722656,41.236507861312276,40.67523826499668,40.87134301766816,13562200
2017-02-15,41.6895751953125,41.8180579502053,40.844287803514696,41.19592508844367,8927600
2017-02-16,41.574623107910156,41.86540223538377,41.12155021324048,41.70310588857478,5662000
2017-02-17,41.77074432373047,41.98037663727721,41.36500461166714,41.61521167030435,8124400
2017-02-21,41.811309814453125,42.0006534237391,41.58815263526905,41.81807098066482,8503500
2017-02-22,41.49348068237305,41.89245655738099,41.45290594640822,41.73692393893562,6422200
2017-02-23,41.88570022583008,42.08857136195154,41.55434885211052,41.70988149808696,8057700
2017-02-24,41.987117767333984,42.081789547750766,41.58138082851562,41.872157334247504,6536400
2017-02-27,42.075042724609375,42.17647570408128,41.70987780743832,41.939796172366755,5214100
2017-02-28,41.818084716796875,42.196774639371625,41.71664913301009,42.000667219844665,6756100
2017-03-01,42.487548828125,42.5551708228431,41.89246547207346,42.03447320874972,7737400
2017-03-02,42.77156448364258,43.0082440457777,42.332013777261615,42.45373543196361,8190000
2017-03-03,42.832427978515625,42.960910808874395,42.48755165512423,42.6768953166243,6125800
2017-03-06,42.97441101074219,43.17727947134212,42.52133820138943,42.602485069706916,6837000
2017-03-07,43.069087982177734,43.373391999589956,42.58220413393092,42.69716199627957,9638000
2017-03-08,43.37339401245117,43.738558850292314,42.94060720298591,43.109664711659086,7049700
2017-03-09,43.61684036254883,43.76561180631587,43.31253888882613,43.37339711988023,6957000
2017-03-10,44.5500373840332,44.935488336856196,44.02934247413157,44.15782784481465,12788100
2017-03-13,44.52975845336914,44.59062185528141,44.15783493209646,44.543285946783904,7577400
2017-03-14,44.40802764892578,44.66499837853126,44.36069175019204,44.55003534512701,3727200
2017-03-15,45.00312042236328,45.16541422054583,44.414798310014646,44.42832064351868,5241200
2017-03-16,44.563568115234375,44.935491603854146,44.32688859352604,44.9016831917396,5162800
2017-03-17,44.42157745361328,44.692065491264096,44.293092024269114,44.65825706617205,11288000
2017-03-20,44.49595642089844,44.63796416676091,44.33365743200319,44.48242892554325,4252100
2017-03-21,44.19163131713867,44.63118186737462,43.982001659319884,44.60413204713579,5187400
2017-03-22,44.30659484863281,44.44860771285036,44.02257943865039,44.21192304530533,5662600
2017-03-23,44.39451599121094,44.67853145189866,44.19840860381401,44.30660275869289,4099500
2017-03-24,44.37423324584961,44.70558464156423,44.171362096261596,44.29984750161585,4056300
2017-03-27,44.69880676269531,44.82052838212059,44.11724848757743,44.20516169891159,4962300
2017-03-28,44.61766815185547,44.773198199227075,44.3877472150441,44.604140659511266,5067400
2017-03-29,44.47566604614258,44.81378120743346,44.41480779353962,44.59738771057641,3649900
2017-03-30,44.26601791381836,44.50946114158626,44.12401022415805,44.468888990033534,3749600
2017-03-31,44.063148498535156,44.30658654775006,44.05638475407143,44.266014399418474,4057800
2017-04-03,43.975242614746094,44.35392982011423,43.87380706781499,44.11725031675915,5229600
2017-04-04,44.02934265136719,44.15782802256748,43.839999047004405,44.03610639701622,3457900
2017-04-05,43.927913665771484,44.46889989553224,43.860291676858154,44.11049871098724,4396300
2017-04-06,44.0090446472168,44.08343035151887,43.71826557382458,43.97523108736136,4628400
2017-04-07,44.32011795043945,44.583847256334586,43.839995235624585,43.99552525744693,6089300
2017-04-10,43.93466567993164,44.48241035085273,43.89409352926361,44.293066768767694,7136200
2017-04-11,43.83222198486328,44.00296139658205,43.24487799170647,44.00296139658205,5404500
2017-04-12,43.96199035644531,43.989309290539275,43.483916825631816,43.8253956859755,6122000
2017-04-13,43.7980842590332,44.20103209279351,43.76393949347864,43.87321003802996,3896700
2017-04-17,43.92100143432617,44.371755949808076,43.75026203492599,44.24882337381783,4189500
2017-04-18,43.47026443481445,43.763936493336594,43.10829503403297,43.72978651956831,4755800
2017-04-19,43.33366775512695,43.66148714733776,43.23805409139175,43.64099924947363,4057100
2017-04-20,43.55904769897461,43.709299248831186,43.22439983555601,43.518071898306275,5708600
2017-04-21,43.58636474609375,43.9073557322209,43.40196583525117,43.545386341925244,4154900
2017-04-24,44.160037994384766,44.50151677178439,43.88685393035453,43.98246757118222,7121000
2017-04-25,44.46053695678711,44.82250363676096,44.269309670050184,44.35126645460291,5352900
2017-04-26,44.419578552246094,45.02057957582739,44.405916477531285,44.52202327038791,5008900
2017-04-27,45.12303161621094,46.09966169460782,44.47422364695353,44.69959581077154,11692900
2017-04-28,45.034236907958984,45.293758984106994,44.69275802381748,45.11618850539822,5521100
2017-05-01,45.40303421020508,45.53279264152185,45.03423639427246,45.07521219252468,4575800
2017-05-02,45.505470275878906,45.53962024555119,45.19814139104362,45.42351868555153,4342800
2017-05-03,45.58060073852539,45.676214410797726,45.21863394912951,45.38254235723146,4993400
2017-05-04,45.91523742675781,46.03133895731698,45.49863291305493,45.5805844826014,4287400
2017-05-05,45.7513427734375,45.908425364237246,45.29376228586488,45.88793746338394,4587800
2017-05-08,45.21863555908203,45.72402287488009,45.170828721243765,45.71719704844215,4497400
2017-05-09,45.191307067871094,45.72401320846628,44.97959186085337,45.21179496396269,4395200
2017-05-10,45.06155014038086,45.23228956084061,44.638114501841386,45.184482731534025,5140200
2017-05-11,44.59713363647461,45.04788294573876,44.16004118665052,45.006907156865566,7853800
2017-05-12,45.11619186401367,45.204979715254886,44.53567875986843,44.57665456163844,6093500
2017-05-15,45.532798767089844,45.655731388938946,45.04106827969341,45.123025097777784,8527900
2017-05-16,45.65571594238281,45.703522767452306,45.30058027194562,45.573764362579766,6313500
2017-05-17,44.644962310791016,45.65573714175227,44.12591281863073,45.65573714175227,12771400
2017-05-18,44.822513580322266,45.143504544505745,44.52884155038354,44.64494832356224,6001000
2017-05-19,44.78838348388672,45.08205560997198,44.603981920001104,44.897654046086366,6731800
2017-05-22,44.6927490234375,44.815681605394026,44.25565655660391,44.76787477966389,5541700
2017-05-23,44.96593475341797,45.25278096202472,44.68592479166762,44.69275582797002,4676500
2017-05-24,45.02741241455078,45.15717607675873,44.78154716539626,44.93179872994125,3174600
2017-05-25,45.29376220703125,45.46450166125115,44.93862643489791,45.116191715687265,4058300
2017-05-26,45.11619186401367,45.35523126915111,44.972771347264,45.17082974007678,4083000
2017-05-30,45.0888557434082,45.21178831242542,44.94543528131356,45.00007313655514,4803900
2017-05-31,45.0888557434082,45.35521398507273,44.80884585376228,45.23910724004621,6935800
2017-06-01,45.56010818481445,45.566939220865926,45.15716563719272,45.252779299698005,4554700
2017-06-02,45.92891311645508,45.96988891802908,45.49865156826416,45.62841001010005,5646000
2017-06-05,46.106475830078125,46.34550998319613,45.676209143911976,45.928905368953146,4918100
2017-06-06,46.35234451293945,46.509421878019296,46.01086563687389,46.08599140645264,5494500
2017-06-07,46.953338623046875,47.342624276663095,46.44795141900467,46.44795141900467,8406300
2017-06-08,46.960174560546875,47.15823292577061,46.66650253080877,46.95334352435187,6082500
2017-06-09,47.58167266845703,47.69094842669347,46.93286478823175,46.987502667349965,6159800
2017-06-12,47.486053466796875,47.738749720435926,47.29482612266109,47.66362394801767,6084300
2017-06-13,47.58167266845703,47.82753791393407,47.4109332041288,47.547527901924354,5269000
2017-06-14,48.16217041015625,48.34657189059807,47.37677329374039,47.45189905087547,6639100
2017-06-15,48.216819763183594,48.25096973749413,47.72508931221708,48.0392492757669,4682700
2017-06-16,48.524166107177734,48.571972956906194,48.14170609879421,48.35342661378239,9342300
2017-06-19,48.7221794128418,48.8929187663388,48.44900061568783,48.56510212553342,6396300
2017-06-20,48.6402587890625,49.043201418488586,48.59928298554253,48.79051034937557,6542800
2017-06-21,48.7221794128418,48.96804449872161,48.52412634807064,48.56510212553342,6096800
2017-06-22,49.97883987426758,50.31348765603779,48.77000715449578,48.82463980520595,9998900
2017-06-23,49.610042572021484,50.190555524136265,49.35052054451989,49.99249718319296,7064500
2017-06-26,49.6783447265625,49.81493940138413,49.452972631576436,49.71249469790643,4019500
2017-06-27,49.43931198120117,49.8968924312717,49.343698311352234,49.651027220073225,4490600
2017-06-28,49.80128479003906,50.22472052959573,49.56908162388385,49.664695305307156,4196200
2017-06-29,49.50077819824219,49.97201548529265,49.11149250343323,49.95835862343704,4444700
2017-06-30,49.52128219604492,49.73299749223763,49.316392727722175,49.562258005487216,4729100
2017-07-03,49.45979690551758,49.84908259807511,49.42565214579907,49.69200524015138,2570700
2017-07-05,49.50077819824219,49.678343455134744,49.16612516140959,49.50077819824219,4751900
2017-07-06,48.988563537597656,49.480288759175735,48.77001725782263,49.33686825156284,4372100
2017-07-07,49.193458557128906,49.24809644172116,48.92027434472311,49.24809644172116,4333700
2017-07-10,49.0568733215332,49.32322651888461,48.88613382525379,49.03638541566862,3158300
2017-07-11,49.06367492675781,49.28905220110996,48.71537027790814,49.09782489337602,3535100
2017-07-12,49.53227996826172,49.70455418174573,49.13260778859656,49.277317497036115,4860200
2017-07-13,50.049095153808594,50.23515422079687,49.38756290345345,49.573621970441735,5189800
2017-07-14,50.37986373901367,50.46255724155284,49.96640674109981,50.04220780407963,4335700
2017-07-17,50.097320556640625,50.62792788108001,50.09043337598336,50.37296024723604,3461600
2017-07-18,49.773460388183594,50.207589446474074,49.44269163611159,50.04909488128748,5269100
2017-07-19,50.145565032958984,50.14556503295899,49.62874250293758,49.945731614521144,3904100
2017-07-20,51.00004959106445,51.14475927101379,50.26271631281361,50.29716799429256,5329700
2017-07-21,51.42729187011719,51.709824079350916,50.88979721170222,50.979383159698926,4961500
2017-07-24,50.931129455566406,51.50996804449265,50.88288764909967,51.42727456433624,5497800
2017-07-25,49.9732780456543,51.372148417853836,49.93882637358559,51.26878288686914,6354200
2017-07-26,50.021514892578125,50.09042875190759,49.58049353129408,49.869918071265566,4877000
2017-07-27,49.42891311645508,50.16624644246819,48.84317666207264,50.152461563071085,7389300
2017-07-28,48.539974212646484,49.91816764053637,47.809528120839175,49.36688816642413,8012400
2017-07-31,48.17475509643555,48.63644864547329,48.11962609605738,48.595099266494245,7770400
2017-08-01,48.498626708984375,48.81561057876181,48.133406277662345,48.257443901261425,6681700
2017-08-02,48.72602462768555,48.746696686485514,48.18853006932499,48.409040792175226,4922200
2017-08-03,48.91897964477539,48.93276452471303,48.484850559782885,48.657124757264384,4400400
2017-08-04,48.91897964477539,49.180839789677684,48.47795811981407,49.04301727725772,4732500
2017-08-07,49.077476501464844,49.084368941754114,48.67779908295171,48.884530232497546,3551100
2017-08-08,49.249755859375,49.552960175125165,48.932771918996224,49.15328271479851,4398000
2017-08-09,49.62873077392578,49.711424251846466,48.99476321536873,49.105021185929644,4536300
2017-08-10,48.539974212646484,49.74589346205013,48.50551727399296,49.62185584324441,5940300
2017-08-11,48.6708984375,48.93275855043136,48.533081199297655,48.746699495728485,3248300
2017-08-14,48.80182647705078,49.125702756570625,48.71913298311261,49.08435863829675,2648800
2017-08-15,48.47105407714844,49.02233348008392,48.42970996201478,48.98098936495027,3724100
2017-08-16,48.52618408203125,48.75358723479403,48.31256580619417,48.57442063649092,4751600
2017-08-17,48.133384704589844,48.70533600469575,48.11960508920628,48.65020702838441,5086000
2017-08-18,48.20919418334961,48.53996284181014,47.871538344684296,47.90599001787657,4016400
2017-08-21,48.719146728515625,48.808732686571645,48.174764826352,48.181652009747154,4666400
2017-08-22,49.442691802978516,49.53227248780051,48.76048749267937,48.86385305663766,3589000
2017-08-23,49.28418731689453,49.54604739386479,49.11191316410459,49.12569804046614,3071300
2017-08-24,49.69076919555664,49.82858644851464,49.20151111294719,49.422021872114705,4088300
2017-08-25,49.94572830200195,50.15245414586558,49.75966925939536,49.766561698074575,3871200
2017-08-28,50.52457809448242,50.696852297649286,50.00086304478555,50.07666411477028,4574400
2017-08-29,50.91734313964844,50.92423557714719,50.15244555635779,50.15244555635779,3390800
2017-08-30,50.93802261352539,51.11718921286165,50.70373227833888,50.731296774959084,3189100
2017-08-31,51.888973236083984,51.957881840825365,50.938016615528426,51.06894664470973,6177600
2017-09-01,51.971675872802734,52.37135325149589,51.86142312611659,52.08882105909145,3831700
2017-09-05,51.854530334472656,52.08193352329467,51.49620233843663,51.951003458689705,6309100
2017-09-06,53.09490966796875,53.377436617469286,51.92344197283936,52.10260860995633,7755200
2017-09-07,56.354331970214844,56.81602553582711,53.060450311538276,53.26028900204009,15377300
2017-09-08,58.8075065612793,59.32432905733765,55.89263062764874,56.01666823699836,14809100
2017-09-11,59.951412200927734,60.0203208186461,58.14597697531966,58.20110597245056,12687000
2017-09-12,60.46823501586914,60.619837130025886,59.60686414669721,59.930740434688346,11155600
2017-09-13,60.96437454223633,61.21933690904749,60.240821038962785,60.351079013986784,9172200
2017-09-14,61.48122024536133,61.55012887714257,60.743886844779716,60.79901585316134,10272200
2017-09-15,60.20638656616211,61.80509085904288,59.62065010693028,61.59835972550328,20441500
2017-09-18,58.793731689453125,60.50958104286865,58.628349949427594,60.275290682615044,9656700
2017-09-19,59.51726531982422,59.71710393142037,58.83505601415112,58.945313975330635,7786400
2017-09-20,60.23394012451172,60.282176679255215,59.43458549460226,59.53795104259264,6559400
2017-09-21,60.23394012451172,60.43377352459893,59.724004823063204,60.19948318938487,7340300
2017-09-22,60.282169342041016,60.46822309986614,59.792906158262966,60.10300276449087,6807000
2017-09-25,59.65510177612305,60.488908161564765,59.537956597586174,59.896284572343276,8287000
2017-09-26,58.81438446044922,59.889378561526534,58.683459702172435,59.5034809515087,5862400
2017-09-27,58.400970458984375,58.8419921161953,57.32598082670683,58.814427605445516,6581200
2017-09-28,61.302032470703125,62.673333222916405,59.52416199352825,59.7240006369989,14809300
2017-09-29,61.23311233520508,61.57076813117764,60.41308585902578,61.11596719786198,6769400
2017-10-02,62.28742599487305,62.301210867634474,61.267566220846156,61.8395122631204,6600100
2017-10-03,61.811973571777344,62.459726169797335,61.34338759271004,62.32190892899725,4286900
2017-10-04,61.94977951049805,62.321892270059635,61.543209821251565,61.68791946262729,3251200
2017-10-05,62.14272689819336,62.4045816937279,61.660361417632515,61.80507106180077,4382900
2017-10-06,62.35635757446289,62.935201523899785,61.984244733551414,62.156518904859105,3461800
2017-10-09,62.55620193481445,62.8387341250085,62.12207287628686,62.41149224863859,4331500
2017-10-10,62.824947357177734,62.85940429649413,61.81197432700915,62.50796349355199,3560200
2017-10-11,63.658748626708984,63.81724317442118,62.687125053642355,63.031673389425904,6298500
2017-10-12,63.43672180175781,63.832246990905475,63.08283446530449,63.679587217187255,4818200
2017-10-13,62.9162712097168,63.73507809983776,62.8260656001686,63.42976395533082,6803900
2017-10-16,63.173030853271484,63.83223764059898,62.83995455085168,63.15221457700804,4640300
2017-10-17,63.9571418762207,64.3804238156358,63.11057799739053,63.207724151282356,5280500
2017-10-18,66.64252471923828,66.92008731109586,63.97793124909807,64.08201788280293,10979700
2017-10-19,66.94783782958984,67.04498393353171,65.58084656032338,66.2678098079311,9303700
2017-10-20,66.6841812133789,68.18301657147157,65.84455790954789,67.15603620084497,6882600
2017-10-23,65.58086395263672,66.6147793582542,65.53922611557225,66.56620629340148,4483900
2017-10-24,63.624046325683594,65.32410865725957,62.985650753921256,65.22696254083046,10301100
2017-10-25,63.67958068847656,63.89469457214736,62.957925040636106,63.68652121222554,6924800
2017-10-26,62.14604187011719,63.74202322175159,59.148376738005105,63.74202322175159,10307500
2017-10-27,63.79059600830078,65.90006483918852,62.97178906271979,64.3248997679281,9066300
2017-10-30,63.117488861083984,63.88078198043715,61.69498925094079,63.63097618951199,6526200
2017-10-31,62.62483596801758,63.71426503569851,62.47911676338008,63.06199358193006,7065600
2017-11-01,64.14450073242188,64.76901022644542,62.638724717225436,62.992617312822325,7048800
2017-11-02,63.159149169921875,64.0751023747609,62.58321278752016,63.894691119583584,4981900
2017-11-03,64.05428314208984,64.22775915995408,63.082821677304445,63.35344384164722,3620800
2017-11-06,64.50531768798828,64.93554009041492,63.43670485156156,63.991830190559305,5633600
2017-11-07,65.19921875,66.39273446872697,64.50531475483942,64.51919579942034,7014000
2017-11-08,66.41356658935547,66.8715458765983,65.1159639029027,65.44209970550256,6802600
2017-11-09,66.5384750366211,66.87155139063209,66.1013172851714,66.12213356465914,5187000
2017-11-10,66.2192611694336,66.57315370373114,64.92165873972095,66.16374757698152,6170100
2017-11-13,66.004150390625,66.21231841419959,65.25473279999477,66.17762639063751,4035700
2017-11-14,65.74738311767578,65.8584102635643,64.61632186278153,65.67105327839386,4717300
2017-11-15,65.0604476928711,65.71271392479375,64.33878681804632,65.66414085120303,4745700
2017-11-16,65.55311584472656,66.03884655761047,64.72736833875622,65.53229957046979,4301600
2017-11-17,64.95636749267578,65.56700123493475,64.92861069156376,65.08821097444076,3386400
2017-11-20,64.94940185546875,65.4420729730562,64.45673073788129,65.17145088443868,4352200
2017-11-21,65.69882202148438,66.19843368077626,64.94940453254652,65.01879386432225,4346200
2017-11-22,65.55311584472656,66.1984468170253,65.37963983382978,65.70577558136657,2560700
2017-11-24,65.72660064697266,65.90007668107296,64.91473407795968,65.22698882171285,1932900
2017-11-27,66.21231079101562,66.35802997896104,65.532287913937,65.7057638939768,3044600
2017-11-28,66.21231079101562,67.23235040070034,65.80291001927374,66.5731437941758,5105400
2017-11-29,66.4898910522461,66.85765938041878,65.9417061746435,66.44825850009617,4081400
2017-11-30,67.25315856933594,67.67644033316608,66.76048748066249,66.86457411496052,7889600
2017-12-01,66.83684539794922,68.36343236193906,65.43516138876353,67.44054389518062,4823200
2017-12-04,66.07355499267578,67.06583815369544,65.6780298330564,66.87154583585695,4934400
2017-12-05,66.20538330078125,67.11439584832222,65.92088011911483,66.80907639366896,5553000
2017-12-06,65.50456237792969,66.46908886365807,64.85923121249343,66.40663472812848,5114200
2017-12-07,65.39352416992188,65.62251380494276,64.46369517060326,65.24780493692724,4524500
2017-12-08,66.5801010131836,66.9895072142199,65.65721251803078,66.39274922224733,5297000
2017-12-11,66.94091033935547,67.52378707646135,66.45517443103394,66.88539675656445,4181100
2017-12-12,66.82298278808594,67.09360502771177,65.75436958548188,66.42051704410466,4195200
2017-12-13,67.5515365600586,68.606273342719,67.0311086893431,67.0311086893431,6148700
2017-12-14,66.82298278808594,67.61403322607983,66.37194395735308,67.5377033334603,3985800
2017-12-15,67.62095642089844,67.91933541328268,67.05889576080634,67.21155551887294,11564700
2017-12-18,68.13442993164062,68.76587976754504,67.69033183116125,67.77359691620929,4768300
2017-12-19,67.94708251953125,68.38424545417828,67.7944227832461,68.29403454051831,2817700
2017-12-20,67.59318542480469,68.62710081441587,67.46134198193113,67.9054400805856,3411900
2017-12-21,67.94014739990234,68.24546157889503,67.80830393761396,67.87769328310921,2249500
2017-12-22,68.14830780029297,68.48138403304345,67.8013558176253,67.90544247123903,2835600
2017-12-26,67.82910919189453,68.25239101293452,67.34337855827498,68.10667182284865,2363800
2017-12-27,68.06504821777344,68.16219965887615,67.61401480399832,67.81524762116116,1927300
2017-12-28,67.85687255859375,68.27321389832801,67.66951551456954,68.13443521643904,1870400
2017-12-29,67.10746765136719,68.30098359978352,67.10746765136719,68.09975076717208,3214400
2018-01-02,68.287109375,68.62712092333439,67.13522595442241,67.40584814714731,4561300
2018-01-03,69.35569763183594,69.45978428306974,68.0303438412643,68.38423633783243,4702300
2018-01-04,68.96017456054688,69.47366730953769,68.24545431924581,69.43896999344716,3579000
2018-01-05,70.1606216430664,70.22307045103683,68.39116463364049,68.93240881231671,4599300
2018-01-08,69.03651428222656,70.2786031999408,68.12750164673153,70.2786031999408,5582000
2018-01-09,69.55693054199219,69.84837422480294,68.48831782253146,69.03650257892107,4055400
2018-01-10,69.17529296875,69.52918020477013,68.82140043866238,69.14753617285416,4608600
2018-01-11,69.37797546386719,69.53173027204798,68.8817701578569,69.44786789089014,4240900
2018-01-12,70.1257553100586,70.33542185747399,68.95163970706611,69.42687392806299,4372600
2018-01-16,71.62837219238281,71.98480329389754,69.88815853776461,70.06986924293494,8528600
2018-01-17,72.9352798461914,73.27074000821028,71.6703059320013,71.98480050039939,5384900
2018-01-18,72.55089569091797,73.27773317974746,72.29231291676784,72.88636119808672,6371200
2018-01-19,73.1309585571289,73.29170364564212,72.36918029376257,72.9143070018674,4991300
2018-01-22,74.42389678955078,74.45884300081794,73.00516805761318,73.17289814120042,4538100
2018-01-23,73.64813995361328,74.75936445315293,73.40353246379115,74.20025704895087,5095300
2018-01-24,73.739013671875,74.24220937637934,72.75358786187992,73.56429323736903,4436500
2018-01-25,75.68887329101562,75.73779478577707,73.89973291393378,74.04649739821808,6327500
2018-01-26,86.10919189453125,87.96122899872977,79.32305293930462,80.02193446299893,19614500
2018-01-29,85.48018646240234,86.76613107326497,83.15291534018468,84.91409420727402,10182700
2018-01-30,80.98639678955078,84.8791670354476,80.97941181271685,83.46043825982544,11851400
2018-01-31,78.42848205566406,81.41969399479227,77.77852205341105,81.21701772182706,15744800
2018-02-01,81.3078842163086,82.13955504120676,78.43548569521066,78.44247067226236,9943500
2018-02-02,80.49018859863281,82.41910321189815,80.3154682073019,80.72082079487998,7184400
2018-02-05,76.5345230102539,80.7487780675389,76.45764561020034,78.97361822164955,9827800
2018-02-06,77.71561431884766,79.33701905311868,70.58702573397589,73.31965473513684,14107800
2018-02-07,79.40692138671875,81.66430574348729,77.84142291988434,77.93926590755612,10030800
2018-02-08,75.81468200683594,79.67250628064144,75.70285838600844,79.20425686552466,7212400
2018-02-09,77.78550720214844,78.79888316771904,74.36797735208081,76.57643995245644,8909300
2018-02-12,78.22582244873047,79.20425781451945,77.33125479956699,78.67310627331221,4823300
2018-02-13,78.17687225341797,78.5612591484801,77.14951576301722,77.95323042321142,5316200
2018-02-14,79.0295181274414,79.44185563650966,77.0726478731732,77.6037992848247,6189100
2018-02-15,80.30148315429688,81.30088388442522,78.54029883796593,79.40691571262387,7401100
2018-02-16,82.88734436035156,83.3066721915489,80.51114620750977,80.5321171313059,8717000
2018-02-20,82.45404052734375,84.94904723309106,81.9228891020295,82.27232984699155,8751400
2018-02-21,82.40511322021484,84.77432087727651,82.36317670799028,82.81046040340921,5122500
2018-02-22,82.1604995727539,83.67707633500258,81.4755987542281,82.86637131318912,5185700
2018-02-23,82.99219512939453,83.38356714332967,81.69227484648852,82.75457793008928,4685700
2018-02-26,84.94207000732422,85.06786890816682,83.19486601342346,83.35560579491802,4473500
2018-02-27,82.64972686767578,85.2635421589199,82.57983978477371,84.71142513952113,4754300
2018-02-28,80.95144653320312,83.86578114842047,80.9165003249075,83.1668996388503,6660000
2018-03-01,79.5606689453125,81.49657372384256,78.14194032589431,81.00735879716139,7148900
2018-03-02,80.39933013916016,80.69984940394313,78.19785230012606,78.93168002381836,5439700
2018-03-05,80.8326416015625,81.29390064601789,78.896736746806,79.67249568397658,3975700
2018-03-06,80.0638427734375,81.27990011630146,79.55366239284632,81.07722389249079,3650500
2018-03-07,80.17568969726562,80.36438536361372,78.42149557006428,78.68008365480485,5286200
2018-03-08,81.776123046875,82.29329384644124,79.91709576026288,80.37136978633328,6179400
2018-03-09,83.36957550048828,83.62816357727439,82.2373855410984,82.36318442547505,5835600
2018-03-12,82.67766571044922,83.57921795836378,82.41907769181262,83.4464341278566,4892900
2018-03-13,83.6910629272461,84.87915939130842,82.97820611521729,83.34861247170579,5403200
2018-03-14,83.12496185302734,84.33402378262019,82.43306537443016,84.1033916230878,3556100
2018-03-15,80.32244873046875,83.51633688161361,80.28750252364269,83.16689614152318,5812400
2018-03-16,79.46981048583984,81.58043548919252,79.3859427907784,80.294490825129,8879300
2018-03-19,78.2956771850586,80.35738037725548,77.18445839229436,79.49076365978378,8598900
2018-03-20,78.72900390625,79.77732618108145,78.33762663119049,78.90372428538858,4933800
2018-03-21,78.58919525146484,79.52569890891876,78.0860052251174,79.029493856075,4618000
2018-03-22,68.56026458740234,73.0331066342836,66.75714928745914,72.81645510554537,26861200
2018-03-23,68.11299133300781,70.11179287841343,68.05009455648073,69.18227919031054,14253600
2018-03-26,66.58941650390625,69.82524068008911,64.12935641196142,69.53170645047086,13760600
2018-03-27,64.30406951904297,66.89691848659642,63.68206559234897,66.743163748395,10821300
2018-03-28,65.88358306884766,67.68669934133108,64.00359470602874,64.42991301848517,11154200
2018-03-29,66.14912414550781,66.77112815148962,65.34540948648493,66.05826615296637,7399400
2018-04-02,63.91969680786133,66.14214003321067,63.10899709813388,65.69485633155918,7816500
2018-04-03,63.31168746948242,64.61859810249628,61.65534133603176,64.53473038316507,10449200
2018-04-04,64.95403289794922,65.28250797810509,61.941850722169555,61.99776250858788,8841700
2018-04-05,64.44385528564453,65.18466788674405,64.05248339556059,65.04489373515467,7045000
2018-04-06,62.74558639526367,64.83524079305441,62.05369513510694,63.9127173354977,6761200
2018-04-09,63.234798431396484,65.26155045054766,63.19286191695684,63.870777803270414,8302100
2018-04-10,65.4292984008789,65.96743489573932,63.54930515932468,63.94766746467534,6253700
2018-04-11,65.44324493408203,66.03030800258864,64.57663360937737,64.70243245748297,7135700
2018-04-12,65.0478286743164,66.170557791731,65.01252049100162,66.170557791731,6402500
2018-04-13,64.84306335449219,65.41501938151599,64.32053017231726,65.40795666627761,4630000
2018-04-16,65.38675689697266,66.01520370786174,65.18198130651965,65.59153248742567,3922500
2018-04-17,66.08583068847656,66.38240546316781,65.40089816627948,65.81044405912073,4474700
2018-04-18,66.60130310058594,66.79901603133321,65.68334405094697,66.37534469583572,5289700
2018-04-19,65.67628479003906,66.74958583419684,64.53943008442674,66.67897484490423,4972900
2018-04-20,65.38675689697266,66.23410472511668,64.97720571606663,65.95871816246964,4754800
2018-04-23,65.78926086425781,66.23412032970452,65.47857143595205,65.61979341361166,4716300
2018-04-24,64.51117706298828,66.00815464229096,63.86154741787058,65.6339062070109,6378300
2018-04-25,64.87129211425781,65.16079871716167,63.91802513179382,64.22871987495374,5487800
2018-04-26,68.80440521240234,69.58819964864087,66.07877878115862,66.37534819290467,12594400
2018-04-27,69.71529388427734,70.15308523778597,68.04884872552532,68.80439760270987,6117600
2018-04-30,68.17594146728516,70.20250400416958,68.15475332541122,69.94124284771955,7449400
2018-05-01,72.07373046875,72.99168941693344,71.44528355664399,72.0949132250927,11910500
2018-05-02,70.87333679199219,71.85484413669107,70.58382471831023,71.43823012117102,7625600
2018-05-03,70.80977630615234,71.15577390832999,69.74353264051754,70.75328536249435,7699500
2018-05-04,70.73212432861328,71.26877768363481,69.99070066767027,70.54147406930639,5224400
2018-05-07,70.35079956054688,71.50883701433811,70.0754129335644,71.14165664078584,6151500
2018-05-08,70.18840026855469,70.45672420129536,69.69411253484479,69.99774465830528,7620900
2018-05-09,71.44527435302734,72.05253843056259,69.83532043110489,70.21662615797159,5665600
2018-05-10,72.62450408935547,73.30237923248058,71.97487441726967,72.43385389393109,5369700
2018-05-11,73.56363677978516,73.92375975729209,72.05253928172499,73.05522913795704,6358900
2018-05-14,74.77111053466797,75.06062256900456,73.6695641132896,73.71899234021625,8471700
2018-05-15,73.56363677978516,74.53808116844098,73.14702286712576,74.41097925798395,8387600
2018-05-16,74.17091369628906,74.60164772361885,73.57776954911648,73.76136242648812,8296700
2018-05-17,74.36861419677734,74.43216784602349,73.58481997546498,74.21326681781134,6702900
2018-05-18,74.83467102050781,75.39956432447232,74.22034409783231,74.33332060371593,5328000
2018-05-21,75.01121520996094,75.73145605801413,74.81349685997701,75.5549258574127,5797300
2018-05-22,75.01121520996094,75.7243933415533,74.9194160577927,75.2371736512398,9456800
2018-05-23,74.56633758544922,75.07474530193268,73.95907341156874,74.74286774326859,12816600
2018-05-24,72.82926940917969,73.82490192016843,71.74890588433452,73.82490192016843,13164500
2018-05-25,71.37467956542969,72.82928644104041,70.2943157879306,72.22908494101573,25301700
2018-05-29,70.23785400390625,71.73482701790695,69.8565480322432,70.80274754960021,25494700
2018-05-30,72.73748779296875,72.84340696519743,71.19814460009428,71.92544798891277,31273400
2018-05-31,69.86359405517578,71.38881219007273,69.55289917756147,71.2687729463669,18910900
2018-06-01,69.23513793945312,70.20958258221386,69.12921875523982,69.15040151462777,14837300
2018-06-04,69.9765396118164,70.23074341967138,68.93148430154311,69.53874835505536,10922500
2018-06-05,70.0754165649414,70.8521482553295,69.73648164675585,69.98362281361477,10199000
2018-06-06,70.59796142578125,70.60501875509094,69.4257982874598,70.08249086063734,4933500
2018-06-07,70.13189697265625,70.84508027891808,69.81414486120738,70.78858933862014,5092500
2018-06-08,70.91569519042969,70.9651234191113,69.9059424725574,70.1036553872838,4012900
2018-06-11,70.44963836669922,71.37465986471977,70.19543994857453,71.00747419591522,5770100
2018-06-12,69.8423843383789,70.69678953479888,69.72233975372833,70.47083118026858,8060400
2018-06-13,68.90323638916016,70.0683362359192,68.85380817201386,69.84943522803846,7816200
2018-06-14,69.72942352294922,69.84946275657468,69.02330277841303,69.46815690805228,4648700
2018-06-15,70.30841827392578,70.52025657975173,69.19980929961667,69.74351971657117,20806200
2018-06-18,69.53878021240234,70.13898182753178,69.41873557955702,70.0118798653759,6425600
2018-06-19,69.2068862915039,69.46814748368321,68.44427469791853,69.12214987423675,5528300
2018-06-20,69.3763656616211,70.29432481765136,69.08685355999154,69.35518290048215,5842700
2018-06-21,67.4698257446289,69.19275635191579,67.26505012336791,68.99504344511834,7225000
2018-06-22,66.01524353027344,67.86528228647953,65.9728779988552,67.82997408544759,9454800
2018-06-25,65.70452880859375,66.64366518121305,65.0337109569822,66.0010981894209,5573100
2018-06-26,65.0478286743164,66.27647695440297,65.01958320511906,65.92341667034468,5117100
2018-06-27,64.61710357666016,65.85987206849417,64.58885810358123,65.21730506458626,5833000
2018-06-28,65.2667465209961,65.39384848197004,64.12282887223064,64.49707203863329,6698900
2018-06-29,65.42208099365234,66.70015767931281,65.35852733212504,65.5562402572799,6787900
2018-07-02,65.74688720703125,65.88105184028556,64.85717377358344,65.005458447946,3854500
2018-07-03,66.0999755859375,66.63662895974957,65.75397786538257,66.07879282163665,2452400
2018-07-05,66.71427154541016,67.12381736769531,66.34002313078358,66.70014611762005,4744000
2018-07-06,68.43719482421875,68.54311397242809,67.05319934615935,67.22266675093128,5867400
2018-07-09,68.5219497680664,69.446966112454,68.43721334910776,69.18570491505953,5953100
2018-07-10,69.7929458618164,69.87061954582575,68.26772842192852,68.57136044470909,5119900
2018-07-11,67.05319213867188,68.84673859047577,66.98964388894001,67.97115080811999,6230000
2018-07-12,68.2016830444336,68.24448122923151,67.12455004125215,67.70948215008929,4672000
2018-07-13,68.92928314208984,69.09335192988179,67.72375551902351,67.73801976730039,3712400
2018-07-16,68.65821075439453,69.06480981078083,67.95201353904815,69.02201162872703,3783500
2018-07-17,68.05902099609375,69.3144816238699,68.00195311966058,68.6724816197274,5107500
2018-07-18,67.33857727050781,68.07330874579489,67.2886442219629,67.95917295352415,5521900
2018-07-19,64.16419982910156,66.53959627343956,62.60200672726665,66.49679810257265,19747200
2018-07-20,63.422367095947266,63.943096542617916,61.88870181178701,63.279697393762206,11791900
2018-07-23,63.77188491821289,64.19274820590799,63.22975104861496,63.60781615580995,6316800
2018-07-24,65.29843139648438,65.3483644336762,64.02156608281602,64.56370008825067,7965000
2018-07-25,66.42548370361328,66.70368277295837,64.97028564118956,64.97028564118956,7494300
2018-07-26,67.01042175292969,67.45268418860937,66.0117556866561,67.01755115574939,6812400
2018-07-27,64.59934997558594,65.81914715197509,63.32248492792564,65.15574811475028,12905800
2018-07-30,65.23420715332031,65.29840986127473,63.75761017786171,64.67780908174042,6466000
2018-07-31,65.79064178466797,66.07597035673594,65.14864161292773,65.3769077359583,8691800
2018-08-01,66.9890365600586,67.39563573913208,65.82630146869731,65.83343631528972,5330400
2018-08-02,67.85216522216797,68.38002956054811,66.63236773416207,66.75363290987357,6023200
2018-08-03,68.85794830322266,69.08621436270569,67.63815103764524,67.68808406808553,4876100
2018-08-06,69.23600006103516,69.58553664879504,68.29440206752352,68.66533774386237,5134200
2018-08-07,67.09600067138672,70.15619535328817,66.8677346678139,69.40720008013868,8890900
2018-08-08,66.860595703125,67.1102607584628,66.24712988584352,66.71079122763228,4535100
2018-08-09,68.10182189941406,68.57975313845287,66.67515758541705,67.19588701234218,6176100
2018-08-10,68.33721923828125,69.00774772998273,67.98768258120805,68.01621651906864,4446800
2018-08-13,69.0362777709961,69.6069456114116,68.34434478323715,68.4798796198515,5920000
2018-08-14,68.42281341552734,69.44287853159265,68.29441342041801,68.99348126985596,5580800
2018-08-15,69.51421356201172,69.75674931505381,68.20168506133479,68.42281627905287,6861500
2018-08-16,70.06348419189453,70.37021723210796,69.2360162909309,69.79241449357565,6332900
2018-08-17,70.48434448242188,70.7268802313101,68.77948116438704,70.06348114722556,6307300
2018-08-20,69.6426010131836,71.4972685620208,69.52847072348247,70.85526867529187,6172500
2018-08-21,69.72108459472656,69.94222126762338,69.05055605739,69.80668641413429,3528400
2018-08-22,69.64974212646484,70.13480814651268,69.28594125085603,69.79240636200585,2963300
2018-08-23,69.30021667480469,69.79954698281259,69.11474879941939,69.68541667339315,2137500
2018-08-24,69.47854614257812,69.6140755379211,68.87221495900363,69.2930782767028,2996100
2018-08-27,69.92080688476562,70.12054443525649,69.4072123675216,69.98500960085349,2456000
2018-08-28,69.378662109375,70.40585634449211,69.26452639308948,69.75672714556238,3515400
2018-08-29,69.60693359375,69.78526658280411,68.50126688469815,69.49993271185934,3637100
2018-08-30,69.04341125488281,69.71394513781198,68.87934248525205,69.54987636818122,3434400
2018-08-31,68.46562194824219,68.97208712016273,68.28015406595122,68.65821923356145,4703100
2018-09-04,67.45268249511719,68.4584833812507,67.11028613043197,68.4584833812507,4456100
2018-09-05,67.90208435058594,67.94488253505882,67.11741468663615,67.29574771166256,5188800
2018-09-06,66.86776733398438,67.82363543248016,66.19010383547041,67.6167684153259,5416300
2018-09-07,67.17446899414062,67.30286896391947,65.34120608480936,66.80353877160782,4051700
2018-09-10,66.9248275756836,67.88782496858354,66.83922575144852,67.75229554974408,3156800
2018-09-11,66.4682846069336,66.86061943478495,66.25428280223431,66.8534845900171,2638500
2018-09-12,66.5110855102539,67.01042126087017,65.65508914104342,65.90475429520546,3304700
2018-09-13,68.71528625488281,68.74382019351742,66.63235771518744,66.63948711812685,4850700
2018-09-14,68.25160217285156,68.76520205498637,67.70946835923249,68.68673510397738,3446000
2018-09-17,68.03048706054688,68.59402009518894,67.62388796495605,68.05188615363708,3987200
2018-09-18,66.06169128417969,68.52268504105331,65.91902703015228,68.01621986427584,10240500
2018-09-19,64.92749786376953,65.79776406430155,64.4852353595794,65.41969884918687,8451400
2018-09-20,66.11161041259766,66.4254782361956,64.64214822446421,65.21994540673197,5991200
2018-09-21,65.81200408935547,66.57526902172997,65.66220504008092,66.23286730746626,9953500
2018-09-24,66.63948059082031,67.03895025028461,65.59088157845069,65.8405521564753,5910300
2018-09-25,66.89629364013672,67.50975977480974,66.62522936014118,66.68229724296955,5303900
2018-09-26,67.1816177368164,67.8450168108766,66.94621683647104,67.2600847035982,4656200
2018-09-27,67.15306854248047,67.68806749864574,67.02466857530918,67.30286759713185,3028600
2018-09-28,67.4669418334961,67.88067569944575,66.93907223530188,67.05320796754644,4527900
2018-10-01,67.76656341552734,68.2230956178906,67.2886321165366,67.58109550760066,3763800
2018-10-02,67.21727752685547,68.0162058929678,66.67514367678544,68.00907104904428,6792200
2018-10-03,68.48700714111328,68.90787041064026,67.48120640444773,67.50974033764655,4796800
2018-10-04,66.93907928466797,68.34434434274314,66.52535081743976,68.34434434274314,4425400
2018-10-05,67.32428741455078,67.95915260263274,66.27569370911684,67.12455528018242,4190100
2018-10-08,67.63099670410156,68.0304662748049,66.87486662038012,67.10313261408605,3305500
2018-10-09,67.45980834960938,67.95200918082685,66.91054509341053,67.55967439619099,3625600
2018-10-10,66.39696502685547,68.04476073047458,66.33276229640262,66.94622844729751,5310800
2018-10-11,64.69921875,66.61094897964468,63.921689379826724,66.3398847431451,9994400
2018-10-12,65.3841323852539,65.66530749867853,64.09360803108177,65.39854922418121,5709600
2018-10-15,64.29548645019531,65.3192526838609,64.29548645019531,65.25436864816217,4827900
2018-10-16,66.26370239257812,66.31416957526322,64.54780718026419,64.72804790421243,3787100
2018-10-17,66.52326202392578,66.62420191719372,65.48507891264735,66.19883083299725,2857400
2018-10-18,64.81455993652344,66.61696702318699,64.32430498893055,66.22043526391705,4422300
2018-10-19,63.4231071472168,64.87944978393905,63.4231071472168,64.35314994760547,7059400
2018-10-22,60.75553512573242,63.8268383146918,60.20039616811902,63.8268383146918,7621100
2018-10-23,59.81110382080078,60.98627180570556,58.7584982544633,59.53713979685402,8096200
2018-10-24,57.251678466796875,59.933656393587555,57.14353290914536,59.72457644893103,8689100
2018-10-25,58.92429733276367,59.976902454818045,57.43190442334622,57.9654154029058,9173500
2018-10-26,58.24658966064453,58.78010063269916,57.26607973872734,58.412408036852696,6181500
2018-10-29,58.65754699707031,59.962488197430716,57.63378091169904,59.227108396807786,4343900
2018-10-30,58.82337188720703,59.75341487035229,57.77076650718897,59.0685021814641,5243100
2018-10-31,56.1269645690918,58.816158793376836,56.047658204534414,58.38358212338886,14068500
2018-11-01,57.82844161987305,58.14566710031055,55.87463254824729,56.02603411831669,10671700
2018-11-02,57.35981750488281,60.8636983072682,56.783050375174135,60.69066871840674,12781500
2018-11-05,59.5371208190918,60.438324492786535,57.15072975080085,57.28050329983332,10315600
2018-11-06,60.31576156616211,60.72671021761876,59.34245720699207,59.645265818994865,7945500
2018-11-07,62.694950103759766,62.882402048670734,60.66183439514667,60.6690455662426,10378000
2018-11-08,63.250099182128906,64.67760313009427,62.72379366562869,62.81751689436992,9333200
2018-11-09,64.01431274414062,64.54782388495485,63.127525732594144,63.322188845122014,9169800
2018-11-12,64.66317749023438,64.80736789952931,63.8052297035484,63.98547046542283,9344700
2018-11-13,63.60336685180664,65.52112587642802,63.5889445092275,64.88668031574727,7237200
2018-11-14,63.668251037597656,64.4541036945977,62.32725920129538,64.20176770400577,7268200
2018-11-15,64.98761749267578,65.09576306459883,61.973991324588326,63.17799845740122,10365700
2018-11-16,65.98975372314453,66.32860727080559,64.30990832757622,64.69202340293603,8691100
2018-11-19,64.51176452636719,66.57371341788192,64.24500626568191,65.81670565190026,5971700
2018-11-20,63.50962829589844,64.67759034097693,63.34380988548982,64.16570726889317,5372900
2018-11-21,62.1109619140625,64.00709257393326,61.54861166895692,63.8052238193324,6532500
2018-11-23,61.73605728149414,62.39934739579282,61.20975739248184,61.71442927242664,1612800
2018-11-26,62.175865173339844,62.904039549529536,61.433273953295625,62.2840107540433,5227900
2018-11-27,63.21403884887695,63.228455689288076,61.64233921951677,62.16143348249979,4338300
2018-11-28,64.1224594116211,64.13687625329185,62.40656372567094,63.473591526199264,3953600
2018-11-29,64.82178497314453,65.12458810836408,63.70429014012957,64.1729171830233,3838000
2018-11-30,67.96517944335938,67.96517944335938,64.79294665060218,65.07412177995555,12031700
2018-12-03,67.52539825439453,68.28961728593495,66.9197864648538,68.00123098141609,6673900
2018-12-04,65.2831802368164,68.4770454894397,65.17503472251805,67.71282122210484,7008400
2018-12-06,65.12458038330078,65.2327259189113,62.846334968344784,64.67037023383868,8734300
2018-12-07,62.694950103759766,64.886678573412,62.269584517802,64.83621137676427,6737700
2018-12-10,63.16356658935547,63.35822417210193,60.993466497569464,62.48585963366227,5229400
2018-12-11,63.56731033325195,64.48293648033874,62.478660096085974,63.89174700368496,5098100
2018-12-12,63.8773193359375,65.00923100174755,63.70428975977529,64.39641356493516,4185100
2018-12-13,63.23568344116211,64.87947870463027,62.99055858631746,64.43248502802818,4078600
2018-12-14,61.72163391113281,62.83912859913269,61.339524456677864,62.57958151676511,5461600
2018-12-17,61.23139572143555,62.63727155287756,60.70509024320923,61.332330114435905,5958200
2018-12-18,60.25810241699219,61.64235036829765,59.69575203055637,61.61351118174807,5288600
2018-12-19,60.214839935302734,62.21912211498079,59.5876055144272,60.798823827806025,5510800
2018-12-20,61.54861068725586,62.34888002345287,59.41456095756745,59.832715299494964,9453300
2018-12-21,61.224178314208984,63.95662881899617,59.998543380895335,61.01509837842982,16044700
2018-12-24,60.67625045776367,62.32004526475341,60.272507425854535,61.173711201661305,5097900
2018-12-26,64.19453430175781,64.23057914478152,61.00787975152649,61.0943917751915,6225000
2018-12-27,64.82178497314453,64.83620181269785,62.622845656764554,63.40869267443115,7272800
2018-12-28,65.69416046142578,66.91979554631878,64.88667979929468,64.95156383884822,6037700
2018-12-31,66.46558380126953,67.0423509276129,65.77345994935062,66.04021275134905,5722100
2019-01-02,64.33154296875,65.79509725300186,63.747559088938466,65.78067491001222,6908400
2019-01-03,62.21190643310547,64.021525350585,62.06050484247343,63.90616861457283,7653200
2019-01-04,64.2161865234375,64.26665372310987,62.197487535518654,63.264515400678555,8910600
2019-01-07,65.15343475341797,65.4346099112697,64.30990377935103,64.93714363175738,7281500
2019-01-08,65.45623779296875,66.54489356893855,65.17506263567701,65.75182979143702,7478300
2019-01-09,63.30775833129883,65.88880715315746,63.055422385141945,65.52111448846537,9971900
2019-01-10,63.58892822265625,64.07918323505247,62.81029243868277,63.35822030508807,6527700
2019-01-11,63.668251037597656,63.66825103759765,63.113111858295426,63.113111858295426,5318100
2019-01-14,61.85835266113281,63.4712231106683,61.661301940451416,63.4712231106683,6368500
2019-01-15,62.39839172363281,62.5297569815595,61.63209345773113,61.9824026681943,7295500
2019-01-16,62.43486404418945,63.04789800424774,62.361879038299854,62.51514309628864,4927000
2019-01-17,63.63904571533203,63.99665446615275,62.3399926459134,62.42757132186487,6438700
2019-01-18,65.31761169433594,65.52925602049702,63.434711607503466,64.55131346402773,6190000
2019-01-22,64.70457458496094,65.21543633632514,64.14992070635445,64.85053349450057,5664600
2019-01-23,64.55131530761719,65.15705540655311,64.00396100404336,64.8359391000375,4969300
2019-01-24,62.67570877075195,64.54401506727528,62.10646124052096,64.4637359983478,8372600
2019-01-25,58.77854919433594,60.28924670503126,57.968464457067036,60.21626725179472,21308600
2019-01-28,56.297218322753906,58.45744279789268,55.96150832675021,58.38446333232255,14718800
2019-01-29,56.53803634643555,57.04160395320784,55.29736358168741,56.21692012554024,13909000
2019-01-30,57.69844436645508,57.793322683302556,56.180452544635294,56.698613990887786,9277200
2019-01-31,58.596099853515625,59.340499211665474,57.44300552040404,57.61815732797302,11563900
2019-02-01,58.749359130859375,58.91721689257112,57.73492964844781,58.566907704987145,6759500
2019-02-04,57.31163787841797,58.647183579278185,56.57453259906159,58.603397021209105,10205600
2019-02-05,58.15822982788086,58.428254428223994,57.08541434009394,57.3335456558662,7965500
2019-02-06,57.71302032470703,58.304160998451,57.501376061372675,58.09251673511664,4907200
2019-02-07,57.77872085571289,57.815213371012476,56.78618457370594,57.18028035344188,5877500
2019-02-08,58.143611907958984,58.282276756315866,57.5743644201412,57.676536760622604,4598900
2019-02-11,58.21659469604492,58.51581768746259,57.77871241628944,58.304173379186125,4803500
2019-02-12,58.33336639404297,58.47203125064245,57.3408302549605,58.37715295171637,6620100
2019-02-13,58.96098327636719,59.34777927597723,58.59608054949374,58.63256748139685,4237200
2019-02-14,58.76396179199219,58.88073339505688,58.180120480598234,58.712875607645515,3436300
2019-02-15,59.00477600097656,59.62510958802963,58.50121397137901,59.2091206585494,6295400
2019-02-19,58.76396179199219,59.493767607217,58.55232300539631,58.74936812559735,5674700
2019-02-20,58.377140045166016,58.82232184300501,57.7568064873823,58.77123568102221,5564100
2019-02-21,57.47219467163086,58.31877189434267,56.997819887730294,58.19470070275545,6360800
2019-02-22,58.399024963378906,58.523096111562694,57.099972257708124,57.77139744938061,5022700
2019-02-25,58.596099853515625,58.83693706890771,58.29687684627535,58.72016548521133,5511800
2019-02-26,58.75666046142578,59.012091351505156,58.39905164733884,58.530416900519064,4283100
2019-02-27,57.95387268066406,58.486627717815814,57.50869076305751,58.486627717815814,4175500
2019-02-28,57.82979202270508,58.1728015327559,57.47218885110886,57.99035013957777,6310800
2019-03-01,58.457427978515625,59.00478218349793,57.85898760378729,58.21659079200943,8567900
2019-03-04,57.9903678894043,58.91722436850935,57.73493697436697,58.67638711948429,5872500
2019-03-05,57.58895492553711,58.31146081461461,57.450290098188475,57.93195883491544,5933100
2019-03-06,56.990509033203125,57.74950742416785,56.60371300764807,57.74950742416785,5293200
2019-03-07,57.099998474121094,57.74223107685333,56.51615723379049,56.756988891839256,6642500
2019-03-08,56.61833190917969,56.95404188891529,56.26072307965555,56.68401175461715,6189100
2019-03-11,56.98322296142578,57.1510751324707,56.392076635290714,56.61102054392961,8078100
2019-03-12,57.46488571166992,57.75680903644438,56.96132368360765,57.27514028334469,6128800
2019-03-13,57.60356140136719,57.873591502076756,57.034313873146004,57.596261785679,5984500
2019-03-14,58.34795379638672,58.67636964762318,57.22405810488102,57.65464072373422,6161800
2019-03-15,59.362388610839844,59.449967292886726,57.734925137288876,58.4282382742406,12751100
2019-03-18,58.85881042480469,59.66159530305534,58.58878040489525,59.36237239710378,5550100
2019-03-19,58.98291015625,59.32591980582608,58.0268662488607,58.625306839192284,6335500
2019-03-20,58.69828414916992,59.04859340356427,58.428253982908096,58.909928511703235,5360900
2019-03-21,59.28941345214844,59.340499628380456,57.844401285599574,58.29687725566156,5159200
2019-03-22,58.209312438964844,59.83677626250096,58.15822625544525,58.95371190853279,4992500
2019-03-25,58.02685546875,58.4136516168897,57.224070274953796,58.01955585237683,4008400
2019-03-26,58.939090728759766,59.25290730045077,58.23847815269996,58.27496508505196,4921900
2019-03-27,58.304176330566406,59.11426109470973,58.23849649086722,59.11426109470973,4006200
2019-03-28,58.35527420043945,58.74207040411491,58.019564182759304,58.625304365258486,3071000
2019-03-29,58.815040588378906,59.04128414890338,58.35526498701281,58.44284367831026,7105900
2019-04-01,58.953712463378906,59.19454971708499,58.362571538806215,59.09967696622038,4759400
2019-04-02,60.62494659423828,60.931463587804295,58.968290451700994,59.033970278333236,6355800
2019-04-03,60.63226318359375,61.83644378741537,60.42061884745743,61.026358957643154,6083500
2019-04-04,60.43519973754883,60.851188705338245,59.89514515451823,60.60305747485589,4827900
2019-04-05,60.902278900146484,61.435039471361215,60.33303138743567,60.442503347874336,3996300
2019-04-08,61.28908157348633,61.3036752367288,60.413311443605025,61.08473131226465,3499200
2019-04-09,60.347633361816406,61.1431188790814,60.208968501092045,61.13581926326026,3712700
2019-04-10,60.53738021850586,60.85119689031047,60.281949338659224,60.719831642392826,3641900
2019-04-11,59.67621994018555,60.7563350125404,59.282129693977645,60.719842494050944,9094200
2019-04-12,59.735389709472656,60.497055708622796,59.04027442086424,59.65404619094175,5011500
2019-04-15,59.92023849487305,60.27519241390419,59.4321832032315,59.86847496936862,3495500
2019-04-16,59.31386184692383,60.119900314273295,59.17335843477093,59.979396902120406,3624700
2019-04-17,57.66481018066406,59.30645551965106,57.34683268761251,59.2325084462949,6817100
2019-04-18,57.36163330078125,57.83490145143443,56.799625256205076,57.72397799448104,7784900
2019-04-22,57.790531158447266,58.493036944319066,57.30986663252395,57.38381371917344,5358600
2019-04-23,58.167659759521484,58.90714179678893,57.494728397544,57.79052234081102,9920600
2019-04-24,58.1750602722168,58.855382506542846,58.00498253453587,58.58917411894665,7056400
2019-04-25,58.67052459716797,59.50614323004039,56.873587974582385,59.19556200948009,10442900
2019-04-26,58.93671798706055,59.63922932987719,58.71487675390823,58.914534427925354,5790000
2019-04-29,59.38042068481445,59.88326878758618,59.092023088998445,59.49873489863068,6444500
2019-04-30,58.707481384277344,59.66881033688251,58.18244978892545,59.661413936440795,9367400
2019-05-01,58.337738037109375,58.92192952925887,58.13068396734506,58.86276961166898,5231700
2019-05-02,58.02716064453125,58.25639828760632,57.383809193635905,58.219427568097785,5206300
2019-05-03,58.20463562011719,58.271191943089256,57.86447452992858,58.21203202084757,4527300
2019-05-06,58.611351013183594,58.80361229114153,57.191541137321835,57.494731497010186,5413200
2019-05-07,57.64262771606445,58.41168978078671,57.06583257797294,58.12329221174095,4275300
2019-05-08,57.672218322753906,58.33775346717032,57.17676657594459,57.6426383561352,3820700
2019-05-09,57.6130485534668,57.77572986346239,56.740459518943865,57.31725460854712,3792200
2019-05-10,57.27288055419922,57.479940260219735,55.91963273681582,57.27288055419922,4731800
2019-05-13,56.84398651123047,57.161964014468225,56.32634569755494,56.422481973617664,3858400
2019-05-14,58.00497817993164,58.6853003631839,56.94012214228412,57.0584419872675,6365200
2019-05-15,58.25642013549805,58.530030643116326,57.29509644074163,58.05676237823258,4795700
2019-05-16,58.78883743286133,59.713190222686194,58.20464579267581,58.404309154686935,5404700
2019-05-17,58.75925827026367,59.217739291336386,57.694402036444075,58.071539559555475,4756400
2019-05-20,59.02548599243164,59.44699074225838,58.35255993019737,58.43389780518569,4395500
2019-05-21,59.80930709838867,60.26778800753092,59.39519894935723,59.40259534967576,4841900
2019-05-22,60.33433532714844,60.45265515845839,59.06982174947375,59.53569903300659,4219500
2019-05-23,60.008968353271484,60.36391657116414,59.395196909323516,59.44696042617454,3299100
2019-05-24,59.20293426513672,59.971996315039796,59.06243650459139,59.96459991444248,3872700
2019-05-28,57.70179748535156,59.23252547527917,57.62045398873401,59.15857838066367,6557800
2019-05-29,57.723976135253906,57.88666311463873,57.01407393213932,57.36163145322485,4182200
2019-05-30,57.391197204589844,58.11588638918634,57.03624337003251,58.06412287600088,3533100
2019-05-31,56.72565841674805,57.36161333062149,56.49642082283997,57.16934644829246,4003200
2019-06-03,55.97877883911133,56.8217877728301,54.5811584678513,56.66649724733446,8434400
2019-06-04,56.75524139404297,57.265485760485845,56.126682845726215,56.30415693943689,6447100
2019-06-05,56.984474182128906,57.80529955361468,56.688685931553216,57.243297364081485,3804400
2019-06-06,56.991878509521484,57.47254294627484,56.836587963825785,57.058434824419656,4032800
2019-06-07,57.25811004638672,57.96061591739014,56.99929239084871,57.30247717539273,4829100
2019-06-10,56.90314865112305,57.494736622284975,56.644331029415085,57.2802861237838,3969400
2019-06-11,57.80532455444336,58.345149064636885,57.30247641246371,57.30247641246371,4210200
2019-06-12,58.10111618041992,58.60396430167735,57.81271857400184,57.8644821022871,4165700
2019-06-13,58.382110595703125,58.56698112405152,57.90145173543793,58.3673234358276,2924900
2019-06-14,58.189849853515625,58.67050871828425,57.83489595336868,58.38211114270274,4075900
2019-06-17,58.160274505615234,58.456068505569924,57.97540396086872,57.97540396086872,3083200
2019-06-18,57.864471435546875,58.56697713874709,56.94751525703913,58.3303431042354,5433500
2019-06-19,57.391197204589844,58.03454856143759,57.15456319548489,57.9753886487114,6147300
2019-06-20,57.93102264404297,58.5447941160512,57.73876136797811,57.85707556541799,5347000
2019-06-21,58.25642013549805,58.478267102951,56.51863769645902,57.79054827401012,10516900
2019-06-24,58.01237106323242,58.64832614880415,57.568682911898904,57.98279674270434,5182700
2019-06-25,48.58396911621094,52.25919585943884,48.11070104885366,52.111301704064836,90131800
2019-06-26,50.2847785949707,50.58796893868095,49.39740240589719,49.722770666264026,42093800
2019-06-27,51.76375198364258,52.20744015799927,50.35873473001204,50.403107496708564,22129200
2019-06-28,53.775142669677734,53.78992983023549,52.00778078847087,52.192651325348585,21381500
2019-07-01,54.277984619140625,54.61074929117865,53.44976267651653,54.351931697171246,18010900
2019-07-02,54.891754150390625,54.906541308755095,53.479340750074364,54.13008291231524,12862200
2019-07-03,55.43158721923828,55.438983621234144,54.55899796318228,54.9805026081194,7434100
2019-07-05,53.97480010986328,55.30587022575922,53.69379892619682,55.202343176945206,10854900
2019-07-08,52.66592788696289,53.98220541774844,52.41450098278704,53.62725144767723,13487400
2019-07-09,52.68070983886719,53.57548261519846,52.42189219973027,52.636342712672686,11832500
2019-07-10,52.983909606933594,53.050460307983194,52.47366499834377,52.932146069960886,9170400
2019-07-11,52.68070983886719,53.53851189063684,51.65283004215102,53.46456479971221,13001000
2019-07-12,52.76329040527344,52.77830877828902,51.45697261663864,52.77830877828902,12903000
2019-07-15,52.75578689575195,53.31885565997563,52.32785486405521,52.78581791718368,10253300
2019-07-16,51.922454833984375,52.77831897055931,51.89992727011058,52.665704062519,10141600
2019-07-17,51.291805267333984,52.447973701519864,51.28429608076955,52.05007273107124,12205000
2019-07-18,51.239253997802734,51.7647825169041,51.0515644227192,51.479496424796395,8573300
2019-07-19,51.45697784423828,51.667189265163856,51.12664233830859,51.156673359559626,9806900
2019-07-22,51.05155944824219,51.61462811862721,50.93143538253464,51.4269385618322,9961800
2019-07-23,50.84885787963867,51.38189554022706,50.751255643079574,51.0515600832531,8025300
2019-07-24,50.64615249633789,50.96897878339631,50.12062399546655,50.87888572846219,12595300
2019-07-25,50.0455436706543,50.95396039277711,49.92541961095355,50.64614678566676,12403500
2019-07-26,50.87137985229492,51.90742415956351,50.57858459746183,50.781286801642125,12259300
2019-07-29,50.435935974121094,51.35937107796817,50.21070622357386,50.953960963681446,10117300
2019-07-30,50.435935974121094,50.69870019787254,49.74523980659429,50.24073723883552,8143700
2019-07-31,50.01551818847656,50.58609035168088,49.27226337447733,50.23323877489573,11300000
2019-08-01,49.3998908996582,50.45094777714976,48.881865918729936,50.24824558729936,13106700
2019-08-02,49.062049865722656,49.392385324412245,48.82180745790226,49.17466474735145,9653900
2019-08-05,48.97197341918945,49.64014794333387,48.45394828534388,48.784283817399846,11618800
2019-08-06,48.62661361694336,49.42992478611314,48.2662528327758,49.001992775019545,10248700
2019-08-07,48.39387512207031,48.72421057824859,47.53050487050299,48.33381308861413,10532100
2019-08-08,49.13713073730469,49.13713073730469,48.29628506787088,48.641633214649985,7427400
2019-08-09,49.23472213745117,50.203200863582744,48.26624341131959,49.07706360917351,10893500
2019-08-12,48.446434020996094,49.15965786976033,48.10859506430826,48.9794717468841,5258900
2019-08-13,48.80679702758789,49.49749326542792,48.52901440401196,48.694182140850025,7082500
2019-08-14,47.67314147949219,48.7917694946674,47.67314147949219,48.4238996130275,9373300
2019-08-15,47.28276443481445,48.228718773625815,47.042521972134864,48.13863143001605,9195700
2019-08-16,48.37135314941406,48.656639215746914,47.350321494980726,47.680654086273414,8348100
2019-08-19,49.970462799072266,50.21070518838202,48.7767600381417,48.82931288180852,9826300
2019-08-20,49.85786819458008,51.39691948100541,49.79780614777845,50.58609903267961,12037900
2019-08-21,50.70621109008789,50.991497152928844,50.000496527265234,50.55605600872632,7615700
2019-08-22,50.691200256347656,51.0740886109708,50.158162525864846,50.95397025584938,6495700
2019-08-23,49.52751541137695,50.89389499703959,49.15964552657587,50.51100674185395,8904700
2019-08-26,49.89540100097656,50.24825835428655,49.610114880005355,49.87287916614092,4841100
2019-08-27,49.30229568481445,50.28579294273552,49.16715896307582,50.05305397717769,7591200
2019-08-28,49.602596282958984,49.83532950255417,49.09958964094262,49.22721716602186,6872800
2019-08-29,49.715213775634766,50.32332614411718,49.520015020779134,50.098102098820135,6011900
2019-08-30,49.35485076904297,49.87287584711571,49.16716118746084,49.85035401377889,6415100
2019-09-03,49.09958267211914,49.39988706861207,48.74672543582721,49.38486869848094,7915700
2019-09-04,49.8353385925293,49.86536961470162,48.378871248078234,49.302300836592075,9618300
2019-09-05,50.323326110839844,50.52603405208731,49.87287229271255,50.03053084266555,5602400
2019-09-06,50.76628494262695,51.14166414168498,50.300812673775475,50.49601146107861,7502500
2019-09-09,50.0755729675293,51.051560983343215,49.7827777083513,51.021529966013304,10310900
2019-09-10,51.18669891357422,51.18669891357422,49.28728141301799,49.602598510727425,12155700
2019-09-11,52.17020034790039,52.357889950547154,51.09661559164764,51.33685805392221,8369100
2019-09-12,53.17620849609375,53.43146355304976,52.695723671845215,53.12365564743629,9560100
2019-09-13,52.93596649169922,53.686724751349004,52.91344466036268,53.4164513196486,8135600
2019-09-16,52.9885139465332,53.27379999413887,52.342861450735306,52.830855415396094,5992000
2019-09-17,53.75428771972656,54.12215764587801,52.82334912529342,52.935964004515895,9013500
2019-09-18,53.50654602050781,53.91946541136571,53.161197860804734,53.81435969875311,6252600
2019-09-19,53.806846618652344,53.98703273680838,53.4614984839336,53.604144395515966,5541200
2019-09-20,54.34738540649414,54.805348364754835,54.054590167977366,54.054590167977366,12968700
2019-09-23,54.7528076171875,55.390951079873766,54.092142320074814,54.30235374516377,8092300
2019-09-24,54.767826080322266,55.42849717542737,54.18223541172081,55.42849717542737,8223800
2019-09-25,54.122161865234375,54.9855350361409,54.0696090145443,54.71526159606875,5922700
2019-09-26,55.57863998413086,55.90146630519673,54.52007368434015,54.76781958780286,10324100
2019-09-27,56.19426727294922,56.411987904729564,55.496061704768195,55.71378233654854,7677300
2019-09-30,56.8474006652832,57.38794737966456,56.26931375713615,56.26931375713615,8315100
2019-10-01,54.978031158447266,57.08015089786446,54.7603105707241,56.97504519728516,10910800
2019-10-02,54.15220260620117,54.805364491613965,53.731779725199196,54.72278060744112,8380500
2019-10-03,55.443511962890625,55.51108320378417,54.0846409626717,54.09965361185216,6228500
2019-10-04,56.05162048339844,56.35191923750627,55.51857702084439,55.72128498048192,7007500
2019-10-07,55.80386734008789,56.50957626646595,55.616177759954,56.09666262687025,5163500
2019-10-08,55.20326232910156,56.119188461923166,55.12067844972704,55.46602661446059,6121500
2019-10-09,55.03057861328125,56.02157921288886,54.99303841197022,55.60865990978963,5851000
2019-10-10,55.89395523071289,56.02909195887158,54.95550732067519,54.970525694821426,7329400
2019-10-11,56.08439636230469,56.625206786803105,56.03869587361173,56.34337935805771,7164900
2019-10-14,56.18339538574219,56.495691597041905,55.90156227832667,56.09960732168221,5040900
2019-10-15,56.7470703125,57.11269157754895,56.213878687796175,56.5185562954253,6028300
2019-10-16,56.93749237060547,57.11268721181778,56.62519029189948,56.6556592126039,8288300
2019-10-17,57.23455047607422,58.026724888882555,56.86131641039829,57.12029348946068,6811300
2019-10-18,58.24001693725586,58.78082728515346,57.28788481531925,57.31073505642921,9480200
2019-10-21,58.87984085083008,59.29877541304157,57.77536432568609,58.55992010585783,7839100
2019-10-22,59.31400680541992,59.91575482169225,59.22260005729639,59.45111402192946,6062000
2019-10-23,59.22260665893555,59.42826460094911,58.796053409513526,59.25307557837314,6136700
2019-10-24,58.49898910522461,59.32924537294931,58.08004872431164,59.29115777055642,5699300
2019-10-25,58.29331970214844,58.49136475496797,58.05719286197815,58.18668139940369,5497000
2019-10-28,59.66439437866211,59.70247616759714,58.26285320930036,58.39996043444062,7146400
2019-10-29,59.77102279663086,59.976680694638866,59.10071833513615,59.496808391719554,6391500
2019-10-30,60.677459716796875,60.776479334483824,59.420644545863205,59.80149727576119,7222500
2019-10-31,60.59368896484375,60.7384090918371,59.97670341439772,60.71555885133042,10009400
2019-11-01,62.26942443847656,62.59695803494953,60.273753942367804,60.959290052584684,13356300
2019-11-04,63.21392822265625,63.46529239422642,62.56647980820201,63.183459309918874,9127900
2019-11-05,62.33796310424805,63.526227402913776,62.05613584378778,63.35103261527983,7475600
2019-11-06,62.52080535888672,62.650293933385946,61.20305193861154,62.284672639757964,9303600
2019-11-07,62.46746826171875,62.909253025045565,61.75908193037281,62.619807033713975,6561500
2019-11-08,64.90492248535156,65.09534885309806,62.52839932378881,62.5360180056771,11364100
2019-11-11,65.24769592285156,65.26292747585758,63.907092615603155,64.7068799038338,8726300
2019-11-12,65.84183502197266,67.24337055990314,65.16391749157219,65.20199928539593,12165900
2019-11-13,66.0093994140625,66.4740344085031,64.99632973511545,65.30862595872486,5798800
2019-11-14,66.74825286865234,66.839659623472,65.45335580447629,65.87229616654311,5425600
2019-11-15,67.50996398925781,67.93652306910059,66.46643105579356,67.10626095852909,8036700
2019-11-18,67.58613586425781,68.10409586960651,67.27383379997528,67.28906535394782,5772300
2019-11-19,67.8070297241211,68.86580585096029,67.7232474548507,67.98984325167244,7504800
2019-11-20,66.42074584960938,67.5785419620493,65.91802302524135,67.5785419620493,10933000
2019-11-21,65.90274810791016,66.16934964479394,65.16389875753376,66.10841181857188,9614100
2019-11-22,65.54475402832031,66.10841441463177,64.98108783065766,65.9941574388163,7784700
2019-11-25,66.8472900390625,66.9386909985731,65.55238693625023,66.15413510222457,9522100
2019-11-26,66.81680297851562,67.1748054696963,66.21505497588132,67.14433655434566,6431400
2019-11-27,67.28145599365234,67.64707142159413,66.7330270403872,66.92345343741802,4711800
2019-11-29,66.82443237304688,67.0986410324591,66.43596090423839,67.03009032044413,3042800
2019-12-02,66.29122924804688,67.05293475393982,66.26837901268638,66.90820884818757,6526400
2019-12-03,65.46858215332031,65.87229092983249,65.19436772201279,65.47620083512093,10054500
2019-12-04,66.42074584960938,66.68734753838262,65.5981079723386,65.64380846236634,6174600
2019-12-05,66.05510711669922,66.45881013382761,65.70472325633587,66.45881013382761,6072100
2019-12-06,66.25314331054688,66.80918504067033,66.10079873209757,66.42833231157425,6044600
2019-12-09,65.84183502197266,66.81681727642041,65.79612873349049,66.43596447006722,5582700
2019-12-10,65.9332504272461,66.23031521640297,65.66665456663786,66.20746497282997,7816000
2019-12-11,66.03987884521484,66.46643796942699,65.68188206412411,66.03987884521484,7326400
2019-12-12,67.58613586425781,67.74609333205419,66.07795632148151,66.08557500414385,6260500
2019-12-13,66.9082260131836,67.86035813981488,66.51976028969241,67.62423123204337,5975200
2019-12-16,68.11931610107422,68.6448947017258,67.22812215233115,67.31952308367843,6723300
2019-12-17,68.61444854736328,68.68299926861248,67.84512418901029,68.55351069868415,8750000
2019-12-18,68.04315948486328,68.69060805254489,67.80702680810239,68.59158842122727,6490100
2019-12-19,67.61658477783203,68.30973947079171,67.45662734361463,68.30973947079171,5447000
2019-12-20,68.01268768310547,70.06929029597654,67.90604937348117,68.85818128894962,19134800
2019-12-23,68.74394226074219,68.91151845147137,68.04317438255976,68.19551320430253,5907200
2019-12-24,68.43924713134766,68.8581875367066,68.11933217344767,68.8581875367066,1798800
2019-12-26,68.42400360107422,69.10192100284372,68.13455180390194,68.70583090503477,4066700
2019-12-27,67.94412231445312,68.76676557700381,67.66229502344409,68.5382574338628,4087800
2019-12-30,67.42618560791016,68.34785461344572,67.15197690397824,67.95938308156616,7014800
2019-12-31,67.4414291381836,67.48712962445562,66.93870054377622,67.1900648409799,4702100
2020-01-02,68.21073913574219,68.22597069082103,67.41856461053342,67.85273657218748,5639200
2020-01-03,67.56329345703125,68.08887225115457,66.95393238211543,67.1595903647031,5988500
2020-01-06,68.09647369384766,68.26404983571034,67.0148532653636,67.19766096041751,6786600
2020-01-07,67.7080078125,68.20311759644125,67.22813539435208,67.73847673273433,7242500
2020-01-08,68.1878662109375,68.59918783250298,67.69276234014401,67.90603892658142,7696800
2020-01-09,68.71347045898438,68.72870782733321,67.82989486941085,68.56113164361582,7518000
2020-01-10,67.83749389648438,68.77439427270257,67.66230487570225,68.7286937996902,8581400
2020-01-13,67.42618560791016,68.17265974648724,66.96916335288593,68.17265974648724,9292200
2020-01-14,68.09008026123047,68.27536363830663,66.9861251714118,67.24088539749268,8876900
2020-01-15,68.90840148925781,69.38703549591324,68.07464394946001,68.07464394946001,8490100
2020-01-16,68.90840148925781,69.32528025915671,68.64591964604804,68.94699777599749,7073200
2020-01-17,67.93567657470703,68.91610931555161,67.77355805330114,68.80803030128102,10122300
2020-01-21,67.927978515625,68.344857382302,67.6037413603873,67.68866145674002,13552000
2020-01-22,67.32579803466797,68.06691379149842,67.27948014044871,67.95883477841052,6438900
2020-01-23,65.82814025878906,67.21773634207912,65.61198217691417,67.20229900331634,12266800
2020-01-24,64.49259185791016,65.99026703490082,63.8904354972258,65.95166485183492,13215400
2020-01-27,64.8631591796875,66.33767568193745,64.8477218374583,65.65832071637345,13832000
2020-01-28,64.6701431274414,65.61197978400351,64.56978570447845,65.61197978400351,8614400
2020-01-29,64.2301025390625,64.84770205746072,64.17606302294257,64.69330512279392,5703200
2020-01-30,63.13386917114258,63.91358724014665,62.67067247594238,63.75146869131986,10870000
2020-01-31,62.54717254638672,63.08757379194085,62.076259959212855,62.94861414478323,13870100
2020-02-03,63.535308837890625,63.76690423403925,62.46994999006473,62.77102812796369,10143700
2020-02-04,65.1256332397461,65.39583087008234,64.53119256313975,64.53119256313975,8251500
2020-02-05,66.87804412841797,67.27176393049338,65.52705046646084,65.66601005014245,10020600
2020-02-06,67.30265808105469,67.90481443529757,66.56154211507375,67.8507749135031,7769700
2020-02-07,71.24755096435547,71.78023038381521,68.61504032079017,69.27895771929018,19090300
2020-02-10,73.14667510986328,73.72567253817354,71.10860463340046,71.30160377617055,13998300
2020-02-11,74.11166381835938,74.94542144988372,73.34738893439498,73.54038805892196,10682800
2020-02-12,75.4935531616211,75.54759269156315,73.88779871496106,74.09624110892834,10591000
2020-02-13,73.60987854003906,75.1615934375836,73.51724271263559,74.76787350151801,10613000
2020-02-14,72.6063003540039,73.57129634015564,72.39013630561674,73.51725680052587,11175800
2020-02-18,72.26660919189453,72.95368576120752,71.99641153371535,72.31292710762033,9406300
2020-02-19,72.67573547363281,73.17753427603887,71.81109744656598,72.39009470552729,6349100
2020-02-20,72.74523162841797,72.86874800372131,71.47915196989769,72.51363032615878,5446200
2020-02-21,73.30879211425781,73.74110830005434,72.0890361444847,72.53679555969755,6676000
2020-02-24,71.90373992919922,72.46729985907216,71.1394651880201,71.1549025235572,10705100
2020-02-25,68.8466567993164,72.150801294174,68.020620675602,72.04272224171541,11366400
2020-02-26,68.25222778320312,70.39065594755239,68.08238757501357,68.41434637560214,9786900
2020-02-27,65.9439468383789,69.05509213172195,65.00211006285376,66.53838750680482,14184100
2020-02-28,66.16783905029297,66.16783905029297,62.97949467435867,63.91361001128081,18450000
2020-03-02,68.46839141845703,68.53786829656394,64.50032872352607,66.39171834364808,12171100
2020-03-03,67.60374450683594,70.17449469272663,66.12923400946572,69.04738032215597,12660900
2020-03-04,70.83069610595703,70.91561621280478,68.66910302416073,68.91614172866312,16590400
2020-03-05,69.95060729980469,70.79980231994949,69.03965114259249,69.52600684479917,9688400
2020-03-06,68.56873321533203,69.29441185581847,67.36442048419815,68.4992563530895,12664600
2020-03-09,65.82814025878906,67.42617280963964,63.635672982782516,64.84770727603762,15806200
2020-03-10,67.5728530883789,68.10553256117693,64.66242885830498,68.08237360842327,12965800
2020-03-11,65.50389862060547,66.88577299432458,64.51574409165596,66.23729879340107,10382200
2020-03-12,60.686649322509766,62.75560031400747,59.49005231296261,60.871926845517635,19935700
2020-03-13,65.90534973144531,66.63874412178593,62.292405524667366,64.35363496645398,21867700
2020-03-16,57.3361930847168,63.442689890568744,56.80351935969853,60.98774011612253,20916000
2020-03-17,56.37117385864258,59.99183881586391,54.032025737147315,58.44784603442915,23205000
2020-03-18,54.83490753173828,55.11282672812367,49.94045280958612,54.039752121472254,23712800
2020-03-19,54.858062744140625,57.78392983065314,50.43452663459033,53.34495049465313,19739900
2020-03-20,53.12880325317383,56.35574912351205,51.57708851170633,56.35574912351205,18844500
2020-03-23,49.79376983642578,52.302758239036386,48.288376205872886,52.01711743900304,19219000
2020-03-24,52.102046966552734,55.444793535048035,51.79324715994875,52.61928914580764,18376300
2020-03-25,52.426292419433594,54.56472042972798,50.604379955344506,52.43400814480118,20017300
2020-03-26,56.99650192260742,57.36705693722231,53.08247997777634,53.12879788213675,15979400
2020-03-27,56.100982666015625,57.946053778013436,54.58787027529045,55.29810562177795,12293300
2020-03-30,58.08501434326172,58.8570108343891,56.71858314550721,56.7571794361441,10671600
2020-03-31,58.818416595458984,60.15396727337124,57.46742268886063,58.20853863941066,20474400
2020-04-01,56.679996490478516,57.12003437535925,55.14372470149031,55.676404311033934,12948000
2020-04-02,58.000099182128906,58.285740028448004,55.166873232724576,56.18590845193193,8077800
2020-04-03,56.64140319824219,58.23943622189828,56.00836610408536,57.62955808767061,8062700
2020-04-06,58.46331024169922,59.644464201007274,57.15091237257137,58.47102596767256,10266500
2020-04-07,58.200809478759766,60.6634799368067,58.09273045143469,60.5090771192957,11591700
2020-04-08,60.648040771484375,60.97228376503814,57.729895058560025,59.01141202532589,12218500
2020-04-09,61.56671905517578,61.82147930621324,60.648041362573494,60.648041362573494,9425900
2020-04-13,61.991329193115234,62.78648474690449,60.72525524322167,62.269248439664224,9293500
2020-04-14,64.34969329833984,64.91382162265619,62.90803733860581,63.16659715020224,11072700
2020-04-15,64.10680389404297,65.06268728805202,62.38308385671111,63.080407451807865,8977300
2020-04-16,64.13813018798828,65.59545929142077,63.91874834062546,64.81978605175735,10326900
2020-04-17,65.3839111328125,66.43381770583406,64.63957897808713,65.81484405041599,10734800
2020-04-20,65.80701446533203,66.85692115305174,64.7414402051275,65.45443729619862,9126300
2020-04-21,62.9628791809082,65.00784124964285,62.69648260860097,64.6474272805164,9627500
2020-04-22,63.83256912231445,64.60040567663395,63.252773319176185,63.64452837113323,7033300
2020-04-23,64.27916717529297,65.6816509247944,64.21648493473585,64.3888581074142,7869600
2020-04-24,65.49361419677734,65.55629644689914,64.52206323072308,64.92949187880635,6770700
2020-04-27,66.35547637939453,66.53568036600605,65.64247927506645,65.83835681216212,9209700
2020-04-28,64.84329986572266,67.35836665922669,64.53773139402549,67.14681557715456,8341000
2020-04-29,65.62679290771484,66.40246605871373,64.35750467886604,65.59545179343021,8231700
2020-04-30,64.40453338623047,65.2350582287357,63.64453354492634,65.00783956280462,15535800
2020-05-01,64.90599822998047,65.99508317814575,63.072586775617324,64.2086744568892,12705300
2020-05-04,64.13813018798828,64.90596665375817,63.5583344517141,64.42019427108535,6833000
2020-05-05,66.88826751708984,67.75796431199011,64.71794092884024,64.99216830162221,10927000
2020-05-06,66.92742919921875,69.06641433503474,66.79423392106408,67.6012483422109,17042600
2020-05-07,65.9872055053711,68.03999764162222,65.47008609603056,67.78927470980123,11941800
2020-05-08,65.78350830078125,66.33196896592752,64.60040635764075,66.14392223505624,20188100
2020-05-11,68.87055206298828,69.30931588943626,65.79919332243487,66.66105340054716,19219800
2020-05-12,70.8763198852539,72.26313605022048,69.31713652696321,70.51590597205497,23492300
2020-05-13,69.63056182861328,72.27098768792804,68.73736057360883,71.09572224947911,23562600
2020-05-14,70.4688949584961,70.89199109770934,68.50228308299768,68.65115190356546,13379500
2020-05-15,71.07219696044922,71.41694330037126,70.061468263802,70.52374230848905,14071200
2020-05-18,71.66767883300781,73.38356808106307,71.54231433191318,72.08293828189407,16300200
2020-05-19,71.45614624023438,71.808729507607,70.1711896597301,71.50316092917672,9892500
2020-05-20,71.44828796386719,72.5060254037994,70.43755921708957,72.18478339335584,10661500
2020-05-21,72.882080078125,72.9682666356568,70.79011031484697,71.51877467907595,10393200
2020-05-22,72.16128540039062,72.87428252378717,71.8713904634692,72.76459157829666,5507000
2020-05-26,71.07219696044922,73.31303621452773,70.75879174031168,73.21901285517424,11869800
2020-05-27,70.50023651123047,71.29941412730133,69.3876477037689,70.93900022376292,12529500
2020-05-28,70.53939056396484,71.44826485571902,70.51588622498943,71.19754194380506,8765900
2020-05-29,72.60790252685547,72.78027575987831,70.20252599719485,71.29944168012328,13758800
2020-06-01,71.06438446044922,72.91346931539825,71.05655366110877,72.12212818693395,8486500
2020-06-02,71.33077239990234,71.84788604578316,70.55509894222678,71.27592692264668,9413300
2020-06-03,71.21322631835938,71.69116791601606,70.20249765992347,71.66766357149312,8588400
2020-06-04,72.89777374267578,73.24252006795774,70.71178004662426,70.73528439103764,9525700
2020-06-05,73.53241729736328,74.85655120013915,72.71756612470946,73.25818997428442,9630100
2020-06-08,74.11222839355469,74.44130722702866,72.7175811667987,72.79593697049303,6621400
2020-06-09,75.35017395019531,75.73409824934734,74.24542768465513,74.39429055672848,9555900
2020-06-10,75.9221420288086,77.84173968975306,75.84379220181857,75.99265507978703,11138300
2020-06-11,72.28666687011719,75.91431765396592,72.10645685866372,74.97410762107805,12584800
2020-06-12,72.4433364868164,74.2297383945996,71.32291690743209,73.44622836643454,8010100
2020-06-15,72.92911529541016,73.67344743556626,71.12703982869613,71.51095807105085,7120200
2020-06-16,75.26398468017578,75.37367562526774,73.24253299368945,74.32377487147089,9366100
2020-06-17,75.01326751708984,76.07884190484856,74.64501675368238,75.88296434794746,6212200
2020-06-18,75.39717102050781,75.5695382017266,74.63716535308428,74.87221476985918,4571600
2020-06-19,75.77326202392578,76.94069041411616,75.02109303561944,76.56460890881685,9210900
2020-06-22,76.21202850341797,76.23553882883586,75.07594119424688,75.7184192683858,6004300
2020-06-23,76.24337005615234,77.64585392859543,76.03966172304584,77.11306679257072,6715600
2020-06-24,74.54315185546875,76.12584563512769,73.92417814735538,75.57738496805756,9025100
2020-06-25,75.99263763427734,76.05531987256295,73.90066724757999,74.57448636488215,6411700
2020-06-26,75.31883239746094,76.0239927638597,74.46480915983402,75.9143018154986,14568400
2020-06-29,75.56170654296875,76.2590299668757,74.96623726739747,75.60871523024569,6676400
2020-06-30,76.9250259399414,77.47348064796783,75.08377830275784,75.19346924436311,8112500
2020-07-01,77.67721557617188,78.08464430545524,76.39225908112661,77.17576943067662,6522900
2020-07-02,77.4734878540039,78.34318467027315,76.67431006544466,77.92008843713876,6158800
2020-07-06,77.5753402709961,78.19431399601541,76.7448154616534,78.06894950490408,7039000
2020-07-07,77.84172821044922,78.89163486595365,77.22275450640328,77.31677787155088,6345600
2020-07-08,77.7868881225586,78.79761695140553,77.2149290503767,78.15513885605804,6154400
2020-07-09,76.73699951171875,78.17865557219055,75.8516290606357,77.63020076173044,5817300
2020-07-10,75.8672866821289,77.0425518672081,75.49903596770417,76.83100078637746,6202500
2020-07-13,76.67430877685547,78.00627372797203,75.93780727477233,76.28255367620842,8507400
2020-07-14,78.4111328125,78.59353622139437,76.08742858788627,76.90429284232721,6765600
2020-07-15,79.68798065185547,79.68798065185547,78.37147651880646,79.30730293547171,5661600
2020-07-16,79.24384307861328,79.4896997931917,78.36353167152998,79.06143969915124,4269200
2020-07-17,79.96554565429688,80.32242605552157,79.24384637762809,79.53728554242743,6890900
2020-07-20,78.94248962402344,80.29864377051204,78.72043014515985,79.91003968250078,4823300
2020-07-21,77.24530792236328,79.15661061971765,77.06289847830601,79.15661061971765,8239000
2020-07-22,77.48323822021484,77.94322206307595,76.8725746051987,77.56255036949035,4441800
2020-07-23,77.74494171142578,78.45077616550144,77.2849579400357,77.91148630782567,5127200
2020-07-24,77.01530456542969,77.87182469133968,76.49980600535429,77.76079497694383,5169400
2020-07-27,77.05496978759766,77.63390964567152,76.34120293115983,76.41257659147044,5030700
2020-07-28,76.69806671142578,77.41976583504115,76.49979851931145,76.9280585403582,5941800
2020-07-29,76.93599700927734,77.24529492923283,76.64255788364487,76.82496729701977,5512000
2020-07-30,76.1667251586914,76.72187379114071,75.66709138948703,76.38085218816005,6411500
2020-07-31,75.27056121826172,77.12634913108025,74.19198145587141,75.7701950292513,14613000
2020-08-03,76.0874252319336,77.06290162940276,75.38951712248127,75.49262048446862,6919000
2020-08-04,74.77885437011719,76.15879970467822,74.59644491666747,76.07156119007185,7865100
2020-08-05,73.95404815673828,75.18331357585666,73.85887723020029,74.92159806587671,6918900
2020-08-06,73.41476440429688,74.27128466188009,72.78823603350915,74.00956913028524,7269300
2020-08-07,73.69233703613281,73.75578432427062,73.12132354422538,73.50993364606964,5226600
2020-08-10,73.26406860351562,74.28713331864579,73.08166523415079,73.46233681844784,7623600
2020-08-11,73.49408721923828,73.98579474954809,73.0658269929687,73.20858040172521,7208400
2020-08-12,75.74641418457031,75.80192906006351,74.01751456835204,74.11267946881604,7705600
2020-08-13,75.0881576538086,75.73847732176988,74.5568001551249,75.45297053577056,6004200
2020-08-14,75.39745330810547,75.8732959196832,74.97712556703402,75.64330401310943,5488100
2020-08-17,76.4125747680664,77.13427403087256,75.54812818804537,75.57191940758119,7251400
2020-08-18,75.85742950439453,76.69015247837493,75.4608930261182,76.62671124035724,4557400
2020-08-19,76.21432495117188,77.26118121833271,76.01605667291666,77.01533048950989,7672000
2020-08-20,75.50055694580078,76.15880907310634,75.08816159475045,75.73054887163046,6798000
2020-08-21,75.23089599609375,75.59570880507115,74.80263590277261,75.50053787855555,5269000
2020-08-24,74.95332336425781,75.53226320749147,74.69160784849488,75.26262131900812,4103600
2020-08-25,74.59644317626953,75.17538911872568,74.47748706882425,74.71540533438153,6710000
2020-08-26,74.82642364501953,74.87401213139923,73.70819405108206,74.15231291952068,5682800
2020-08-27,74.78678894042969,75.38952008506632,74.287149060498,74.81058016315652,5271500
2020-08-28,74.68367004394531,75.064347680414,74.17610389576424,74.96124433581531,4938300
2020-08-31,75.95259857177734,76.14294044831777,74.5567944478151,74.64403296189609,9932300
2020-09-01,73.15304565429688,76.07155429010517,72.3996287881252,75.75432390673478,15783600
2020-09-02,74.50919342041016,74.73918527787691,72.88339767376453,73.01821860896946,9139200
2020-09-03,72.85961151123047,74.79470532616132,72.24100954960551,74.45368372772687,8921900
2020-09-04,72.85961151123047,73.85887903631789,71.83654671592708,73.02615609874503,9444800
2020-09-08,71.5510482788086,72.85168753749024,70.94037866976076,72.58203956643008,8563900
2020-09-09,72.66926574707031,73.30372647073347,71.78102799474098,72.05860229234389,5373500
2020-09-10,71.09900665283203,72.49481704282658,70.96418567414725,72.22516903478925,10403600
2020-09-11,71.13865661621094,71.64622293018813,70.6152315020891,71.22589514367587,8385800
2020-09-14,71.76516723632812,72.37583677650248,70.94830309228497,71.41621926403758,5212300
2020-09-15,72.09825134277344,72.94683899898845,71.88411829783523,72.48685532161369,3851300
2020-09-16,71.20207977294922,72.38375662971151,71.13070612050004,72.18548841646508,6304400
2020-09-17,71.0831298828125,72.01895625260936,70.72624945774311,70.82142039473942,5604700
2020-09-18,71.46380615234375,71.77310412806884,70.47246493510522,70.97209873035347,10076300
2020-09-21,70.65486145019531,70.92450938137199,69.13216294096028,70.69451751528972,7328300
2020-09-22,70.26627349853516,70.54384786569325,69.73491598845145,70.5041978421949,5306100
2020-09-23,69.1083755493164,70.79761873429752,69.09251675280001,70.58349170266129,6253000
2020-09-24,68.1329116821289,68.99735844103529,67.66499541531964,68.99735844103529,9980800
2020-09-25,68.38668060302734,68.88631436474648,67.77601106581552,68.20427116900316,9935600
2020-09-28,69.21939849853516,69.94902408016674,68.8942417711265,69.22733092134973,6306900
2020-09-29,68.91011810302734,69.21941611418585,68.45013427337258,69.0845951453562,5508900
2020-09-30,69.46525573730469,70.13937257515916,68.84665981375167,68.99734560818968,8209300
2020-10-01,69.1083755493164,69.92523970990351,68.78321879006639,69.92523970990351,8777300
2020-10-02,68.2994384765625,69.27491472877178,68.24392361709259,68.60080399216118,5554300
2020-10-05,69.73492431640625,69.93319260957803,68.37083749127748,68.59289701152298,5984200
2020-10-06,68.11701965332031,69.8379861100919,67.97426631285703,69.76661246519278,8743800
2020-10-07,69.05287170410156,69.23528117181162,68.22807498831236,68.33117835945309,5899700
2020-10-08,69.26699829101562,70.2504132438118,68.93390905732689,69.21148341873418,5535100
2020-10-09,69.552490234375,70.34556312667422,69.27491593220347,69.32250442019429,6005800
2020-10-12,70.04421997070312,70.26627948334314,69.25114682517857,69.92525778874086,7314900
2020-10-13,69.65560150146484,70.42488326255598,69.37009474372655,69.79835488033399,7851700
2020-10-14,69.1893539428711,70.02538266019963,69.0526969947765,69.80029918496977,5863900
2020-10-15,68.51409149169922,68.9240622640256,68.29704236934889,68.65878886224489,6190900
2020-10-16,69.3501205444336,70.05753270483086,68.9401497330007,69.04465101439382,5358500
2020-10-19,67.77452850341797,69.76813617831151,67.6298311227155,69.6073579036065,10288000
2020-10-20,67.72631072998047,68.19255861406316,67.0590945647999,67.67808030509785,6932100
2020-10-21,66.63304138183594,67.63788276608737,66.36776178445794,67.18771578852356,9776900
2020-10-22,67.77452850341797,68.24077630046637,66.6571455597405,66.73753163056097,8080100
2020-10-23,67.79864501953125,68.44978631178815,67.4771007300452,68.03980936970999,4238700
2020-10-26,67.4610366821289,67.78258718497688,66.56873694993203,67.59769365259294,7986300
2020-10-27,66.48834991455078,67.73435579551618,66.46423470046568,67.5253470516693,6705600
2020-10-28,64.7037353515625,66.08639787786919,64.50276710374035,65.39506661471584,11480200
2020-10-29,64.84845733642578,65.4111723236396,63.594416956859504,64.71180034799951,8876700
2020-10-30,68.40960693359375,69.2456357833879,66.72147446882693,66.88224665287494,18089100
2020-11-02,70.94181060791016,71.17493457420434,69.13309588986145,69.15721110481157,10781400
2020-11-03,70.70866394042969,71.85820250416116,70.28261225825366,71.65723426667708,8518800
2020-11-04,75.96601104736328,78.36958999710623,74.49492174244692,74.87274309614224,25849000
2020-11-05,75.31485748291016,76.78594029752298,74.76018319341088,76.65732381670598,8013000
2020-11-06,74.63961029052734,75.28271117362621,73.72319551860342,74.74411771054302,7006900
2020-11-09,76.46440124511719,77.93548416008281,76.10265471869806,76.96279857524492,11028900
2020-11-10,79.47893524169922,79.68793783093729,76.87438199379473,77.17985769556037,12267200
2020-11-11,78.900146484375,80.28280920630067,78.59467077930557,79.7040195893955,9476500
2020-11-12,78.45802307128906,78.57860527786825,77.39691069291055,78.37763697792485,7646600
2020-11-13,79.61560821533203,80.02558529420685,78.29725656274069,78.30529701257994,6888600
2020-11-16,79.0689697265625,80.82141357634121,79.04485451146145,80.35516564083451,8611300
2020-11-17,79.75224304199219,80.59631218170986,79.3744217343674,79.88086567142383,11593500
2020-11-18,79.35836791992188,80.62044867230638,79.32621225407604,80.38732469472374,8880600
2020-11-19,80.12203979492188,80.50790162669135,79.25385527323986,79.39051837738545,7550300
2020-11-20,81.06255340576172,81.85839212131167,79.2779604308383,80.34710689966775,9682500
2020-11-23,82.13975524902344,82.6060031283005,81.24745559950068,81.94682741841626,7541500
2020-11-24,83.5706558227539,84.26198725453519,82.46131303209046,82.70247130846128,9322200
2020-11-25,83.7635726928711,83.9725814114535,83.11243745901866,83.45810312960826,6368100
2020-11-27,84.3182601928711,85.04978775512386,83.84397794460547,84.39061197069644,4418800
2020-11-30,84.06904602050781,84.74429644650479,83.32144382997417,84.50313820853361,20726500
2020-12-01,83.63495635986328,85.51601643175448,83.63495635986328,84.44686989161717,7623500
2020-12-02,84.39863586425781,84.7121458856308,83.05616924626933,83.60280320485444,5492200
2020-12-03,84.19766998291016,84.96938745232862,83.8439699759258,84.40667871412721,4693600
2020-12-04,86.23950958251953,86.26362479545833,84.42275456665749,84.42275456665749,7235800
2020-12-07,85.08191680908203,86.18322504553345,84.37451076507101,86.04656810516728,6532500
2020-12-08,86.56910705566406,87.09966017960416,84.88900887487783,84.96939496843653,6688200
2020-12-09,87.35688018798828,87.74274193868318,86.52085150570306,86.7379006570516,7350700
2020-12-10,86.40830993652344,87.67843079084774,85.74913429984676,87.6703903433214,6285700
2020-12-11,85.48384857177734,86.35203285015338,84.87290953119928,86.02244812208679,5205200
2020-12-14,83.7635726928711,86.87456372817749,83.6751461632041,86.36008544633225,8272700
2020-12-15,82.65422821044922,84.76841216125705,82.25229167837486,84.76037784642219,12101000
2020-12-16,84.11727142333984,84.73625707664189,81.91466108933335,82.39698366956672,9182100
2020-12-17,84.3182601928711,84.80862333979384,83.69124007269207,84.29414497795126,6360600
2020-12-18,83.96454620361328,84.45490930489203,82.95970478838063,84.43079409221689,13906800
2020-12-21,83.36966705322266,83.53847964514743,81.6333045840933,82.60599016598232,6664600
2020-12-22,82.6381607055664,83.20086944666556,82.00310019314576,83.12852380840937,4002900
2020-12-23,83.02401733398438,83.54653610421605,82.72658819585563,82.84716426100762,3659100
2020-12-24,83.00794219970703,83.11244350006147,82.47738298314134,82.88736000202707,1378600
2020-12-28,83.1606674194336,83.50633308810316,82.57384350733763,83.32144571478273,3948900
2020-12-29,84.16551971435547,84.70411940750333,83.56261482776821,83.56261482776821,5096400
2020-12-30,84.62371063232422,85.39543413332174,84.48705369002725,84.49509413753427,5328400
2020-12-31,86.13499450683594,86.23949579054667,84.28608412505665,84.61567500401752,6148100
2021-01-04,84.73625183105469,86.29576120616588,83.49024628727663,86.15910427462128,9523400
2021-01-05,85.61247253417969,86.03048378603309,84.10922785079381,84.73625392817013,6823800
2021-01-06,84.8729248046875,86.16716100821138,83.74750121904954,84.2057086484728,11017500
2021-01-07,85.78128814697266,86.06264247381334,84.86487340636907,85.29896556766515,8196000
2021-01-08,86.2314682006836,86.4404769323336,85.01762418675403,85.88580250848236,5345900
2021-01-11,87.63824462890625,88.0723368486094,86.07069450197696,86.07069450197696,6334200
2021-01-12,88.24918365478516,89.05305671578056,87.71863062372185,87.79901670320844,6106900
2021-01-13,90.3955307006836,91.1672542998953,88.184879600877,88.26527182004943,9821300
2021-01-14,90.78589630126953,91.64797211819395,89.05362258874938,90.0295502173924,8268800
2021-01-15,89.88316345214844,90.72897032076992,89.0373627883237,90.43619078144722,9196200
2021-01-19,91.23322296142578,91.33894651618769,89.6717358821212,90.47687668788792,7723800
2021-01-20,91.59105682373047,91.98142545171838,90.65578908678,91.82690738033868,6554600
2021-01-21,90.4850082397461,91.6967866541965,90.07837060491596,91.59919138811003,5417000
2021-01-22,90.15968322753906,90.76150509854027,89.03736575921839,89.98889619136833,5185500
2021-01-25,89.86689758300781,90.46059112973002,88.8177719707211,89.2406784928566,6928200
2021-01-26,88.48434448242188,90.51753248794813,88.28915396643724,90.51753248794813,5554600
2021-01-27,83.5965805053711,86.77648414593185,83.43392169977783,86.43490996138446,11887900
2021-01-28,84.75139617919922,85.50774225926048,83.85679482332375,84.58060915528816,8534300
2021-01-29,83.34443664550781,84.9791151617578,82.79953760196109,84.58061209212836,9380400
2021-02-01,83.19804382324219,84.49114823235634,82.84020079968012,83.7673339018214,7518200
2021-02-02,84.14958190917969,84.83273006617995,83.36070401016957,83.66974633765106,10481300
2021-02-03,86.9797592163086,87.48399195263353,84.58873492324827,86.36980296316536,12101900
2021-02-04,88.26475524902344,88.54940032414827,85.59721362248689,86.91472166208972,9077800
2021-02-05,88.42740631103516,89.67984453254515,88.19155578223746,89.15934895340426,7251000
2021-02-08,86.89031219482422,88.63072668712435,86.0526398009545,88.55752869869082,9199100
2021-02-09,85.71920013427734,86.61380153831466,85.48334960147533,86.20716397240707,5506900
2021-02-10,84.62129211425781,86.31289991600956,84.35290979301917,86.1909135925354,7446000
2021-02-11,84.37728118896484,85.13362718660957,84.02757269102598,85.04416644029061,5090100
2021-02-12,84.9384536743164,85.04417720389432,83.88932804771737,84.3854263565308,3738400
2021-02-16,84.7432861328125,86.36170849223768,84.5968963265529,85.66229121841937,5637300
2021-02-17,86.44300079345703,86.81710655017503,84.70259278382314,85.14989031249219,6940400
2021-02-18,86.25595092773438,86.70325469291046,85.56466836729557,85.6541291203308,5386600
2021-02-19,85.40202331542969,86.77645406871298,85.3206970432207,86.39421996885108,6702400
2021-02-22,87.0692138671875,87.57344656820965,84.76765048211091,85.11735895762078,10272500
2021-02-23,86.42674255371094,87.50839993095362,86.17462925705912,86.99603884926864,7058600
2021-02-24,88.39486694335938,89.00482322929524,85.88184381880961,86.20715507893465,7626200
2021-02-25,87.28882598876953,88.89097907567896,87.07737270600659,88.22409368062398,6237600
2021-02-26,87.62225341796875,88.30540769635128,85.68666100467814,87.57345889979726,9250000
2021-03-01,88.16715240478516,88.81776873117576,87.89063565735201,88.26474144110577,4709500
2021-03-02,87.71171569824219,88.9560255716498,87.67918395062937,88.52499077417359,5487000
2021-03-03,86.78459167480469,87.13430024218253,85.76799772368271,86.90658418989874,7218700
2021-03-04,85.9225082397461,87.63038456336285,85.35321199534312,86.61379077492478,7503700
2021-03-05,86.77645111083984,87.01230163556446,84.63753982114625,86.21529550836769,7277800
2021-03-08,86.296630859375,87.96384747986833,86.0445175361501,86.89845276229765,6049400
2021-03-09,86.84966278076172,88.39488696271528,86.56501769048549,86.59754944434529,6857500
2021-03-10,87.8337173461914,88.12649690039581,87.06110842552799,87.33761900183379,5762600
2021-03-11,87.72798919677734,88.34607381889371,87.29694817228479,87.93943625996607,4671400
2021-03-12,88.01264190673828,88.3054214710303,87.32135923735885,87.67106781666335,5341200
2021-03-15,89.6717300415039,89.75305632485433,88.12650583865515,88.37861917848076,6642200
2021-03-16,90.14341735839844,90.33860786772183,89.37894291367189,89.41960294951639,5570200
2021-03-17,85.42642211914062,85.46708215358088,83.60468752861794,84.38543092455623,19445600
2021-03-18,84.3935546875,85.3857513056841,84.10890964247913,84.58061069125463,8675100
2021-03-19,84.10893249511719,84.93034230946817,83.7022948332323,84.52370464758329,10899100
2021-03-22,86.12582397460938,86.53246147571254,83.66972999326059,84.17396272835501,7627200
2021-03-23,85.2637710571289,86.15837876265878,84.99539495026745,85.69481213561035,6111600
2021-03-24,83.81611633300781,85.66225398761856,83.80798805076935,85.24748201601946,9420100
2021-03-25,84.4830093383789,84.70259707494837,82.99472072347959,83.6860032699317,6281500
2021-03-26,86.19090270996094,86.30476073402613,84.45048818897104,84.4748916553824,6596900
2021-03-29,86.80084228515625,87.02042380202319,85.7923768315864,86.01196455324909,5472700
2021-03-30,86.84966278076172,87.0448470991229,86.10145105637919,86.90659179881696,5354100
2021-03-31,88.01264190673828,88.79338534325124,86.85779262802936,86.92284992747415,9048000
2021-04-01,88.2566146850586,88.63072670638357,87.28068700757628,88.58192597915165,5091700
2021-04-05,86.32103729248047,88.71206858929582,85.71921532562416,88.71206858929582,10584400
2021-04-06,85.70294189453125,86.43489084582892,85.29630427767674,86.08518224714213,8522500
2021-04-07,85.5646743774414,86.31288599647625,84.71886751056851,85.82492216687947,8037300
2021-04-08,86.2884750366211,86.95536027898171,85.67851879526214,85.71918502660436,5881800
2021-04-09,87.45960235595703,87.60599211772569,86.24782423091433,86.52433477825711,5977500
2021-04-12,88.03701782226562,88.2972655713313,87.31320357627685,87.68730932775901,5647500
2021-04-13,88.01264190673828,88.12649993676325,87.04484244672871,87.85811763536269,6165100
2021-04-14,87.1729965209961,87.80682951174259,86.90958451078177,87.43640853121042,7766700
2021-04-15,87.98793029785156,88.03731808935434,86.94251560286884,87.24708202411996,5730500
2021-04-16,88.82756042480469,89.35438446823484,88.19372112614661,88.4818270436103,8207700
2021-04-19,89.40377807617188,89.50255994583084,88.17726635903885,88.87695399846756,4542900
2021-04-20,89.74950408935547,90.18577968453496,88.94280747795443,89.00042866448307,5411800
2021-04-21,91.20650482177734,91.73332888143588,90.01291415517741,90.37510805128197,6181100
2021-04-22,90.58911895751953,91.44520321830959,90.22692511471334,91.08301565574064,5046000
2021-04-23,91.6839370727539,92.00497029578034,90.17755282633694,90.3092557043855,4611000
2021-04-26,91.69216918945312,92.22722664713213,91.24766020677694,91.83210545800722,5202300
2021-04-27,91.73334503173828,92.07083881051355,91.02542389939296,91.57694195265942,3522900
2021-04-28,92.13668060302734,92.66350468226791,91.63455042121393,91.93088975081655,5116000
2021-04-29,91.28059387207031,92.69643600166387,90.81962435275658,92.50710564609504,6766700
2021-04-30,91.78269958496094,92.44945978751666,90.63850320466155,91.75800569304954,10575400
2021-05-03,94.40037536621094,94.74610247378028,91.85679729140661,92.52356389056244,9138200
2021-05-04,93.75830841064453,95.4375624267435,93.05862080732949,94.350987037531,8151400
2021-05-05,95.30587005615234,95.71745181060471,93.79947932759927,94.09581869322412,7021400
2021-05-06,95.55280303955078,95.63511811838629,93.97233091705252,94.66378511555628,5803800
2021-05-07,95.28116607666016,96.25249916562744,94.63086621978694,95.7997567715263,6808200
2021-05-10,95.66804504394531,96.47474160581369,95.46225420751632,95.79974791353614,7093300
2021-05-11,94.57324981689453,95.95616468675189,94.15343469205243,95.05891952607242,5784600
2021-05-12,94.630859375,95.48695002540809,94.202817189915,94.54031090272927,6208300
2021-05-13,95.98085021972656,96.4747469987172,94.67202344138947,95.11653242655252,6558200
2021-05-14,95.84091186523438,96.79577811314336,95.79975118444804,96.6064540540978,6268500
2021-05-17,96.21956634521484,96.89456006111166,95.94792092436612,96.12078447938671,6183200
2021-05-18,96.48298645019531,97.05097123583482,94.92720804454149,95.57750791847573,8174900
2021-05-19,95.36346435546875,95.8985217414039,94.1534133338079,95.8655944567054,6433600
2021-05-20,96.4006576538086,96.58998170194093,94.7625643927955,94.94365504919753,5526100
2021-05-21,95.58573913574219,97.36376886734583,95.53634505969866,96.73816290611559,5577800
2021-05-24,95.41285705566406,96.15369896993539,95.14943878185005,95.97260204680691,4821300
2021-05-25,94.30159759521484,95.48695490718724,93.99703115494965,95.46226100989422,6574200
2021-05-26,94.41683959960938,94.44976688928391,93.64307027309209,94.27690332867137,5802600
2021-05-27,92.45767974853516,94.82838723123336,92.21072830481748,94.76253895577993,26406000
2021-05-28,93.18209838867188,94.23575286153682,92.9022258351099,93.28911365464208,7104300
2021-06-01,92.3671646118164,93.83239446296697,92.22722834069268,93.59367632268852,6846200
2021-06-02,91.70040130615234,92.73758891796851,91.24765893743627,92.53179807404996,8100700
2021-06-03,92.3671646118164,92.53180106040759,91.08303171399697,91.4699195178883,6286100
2021-06-04,92.49063873291016,93.10801127360853,92.32600856748589,92.52356602204266,4255400
2021-06-07,93.02568817138672,93.93116656363766,92.46593686486541,92.77873666430114,5570100
2021-06-08,92.47416687011719,93.09153937691327,92.04612469537656,92.75404567225512,4114200
2021-06-09,93.84062957763672,94.18635670566552,92.80344191331186,92.91868428932145,4884000
2021-06-10,95.68451690673828,96.30188948931661,93.96410832446793,94.13697189396122,6263800
2021-06-11,95.00951385498047,95.78328942591556,94.55677777345053,95.68450756146488,4471400
2021-06-14,94.99305725097656,95.05891182998067,93.99703029443302,94.72141182276333,4427600
2021-06-15,95.3470230102539,95.43757149130832,94.26867463048912,94.96013518761025,3590500
2021-06-16,95.10008239746094,95.92324593422455,94.8037430218069,95.66806724750444,6670200
2021-06-17,94.58146667480469,95.39639660271384,93.86531232589196,94.64732124762745,4172300
2021-06-18,93.11625671386719,94.00526851451721,93.0586355204895,93.54429896749579,7415400
2021-06-21,94.44154357910156,94.86958580162604,92.82813772128823,93.585452853814,4666100
2021-06-22,94.41683959960938,94.89427587953256,93.74184586187734,94.24397603899683,4359900
2021-06-23,93.84062957763672,94.68848689266669,93.79946889467394,94.29337196927334,3837300
2021-06-24,94.44976043701172,95.64335105528035,94.05464554838603,94.18634841784862,7712300
2021-06-25,93.0009994506836,93.5031233239471,92.30953896051832,92.93514487443204,11709400
2021-06-28,93.01746368408203,93.93117555543323,92.88575452629814,93.23148792536169,5141800
2021-06-29,92.4412612915039,92.81168234530978,91.87327648077853,92.72936725337946,5795100
2021-06-30,92.72113037109375,92.95161513192124,91.8897335293328,92.3671698368976,5042600
2021-07-01,94.05465698242188,94.29337513509608,92.92692080190686,92.97630859892958,5306900
2021-07-02,94.80371856689453,95.06713057950137,93.75007051646719,94.26866114997003,5719500
2021-07-06,95.26470947265625,95.40464575284031,94.47446702873016,94.80373366699291,7172100
2021-07-07,96.10431671142578,96.28541364497057,94.91895953203279,95.41286254360499,6695100
2021-07-08,95.77505493164062,96.15370932065355,95.22353699200688,95.28939156754947,3948800
2021-07-09,95.96438598632812,96.58175850613686,95.5774982024099,95.73390125043761,4823400
