Date,Close,High,Low,Open,Volume
2016-07-01,49.384437561035156,49.63086581797982,48.89861801753487,49.609744163346434,2113600
2016-07-05,49.85617446899414,49.9336241203212,49.391481932765096,49.49005323959348,1935200
2016-07-06,50.1800537109375,50.21526005219052,49.58862585436774,49.856175783996896,2990400
2016-07-07,49.483009338378906,49.97587122872813,49.37035872200945,49.96178654434872,2989800
2016-07-08,49.7857551574707,49.856162449412054,48.89860823815989,49.299935711130864,2690500
2016-07-11,49.778724670410156,49.82097335302115,49.06056152682309,49.58862439972731,2064800
2016-07-12,48.99013900756836,49.58156666316154,48.94085336960226,49.461873738348395,2865500
2016-07-13,49.29291534423828,49.38444431741623,49.02536002432236,49.22954499993519,2007100
2016-07-14,48.84932327270508,49.215449790638615,48.687387036171955,48.90565125573056,2473300
2016-07-15,49.032379150390625,49.10278643270738,48.70145901459741,48.8915645857571,2263600
2016-07-18,49.25065231323242,49.363308282856316,49.06055207915747,49.095758412598,1581300
2016-07-19,49.123924255371094,49.35627319808063,48.807088694754874,49.2858658925807,1821600
2016-07-20,48.828208923339844,49.19433549602069,48.72963762417183,49.145049846436685,1458500
2016-07-21,48.884521484375,48.89860079192647,48.37053812518113,48.70850059545989,3186400
2016-07-22,49.32810974121094,49.46188738333756,48.6944386130458,48.91270287400343,2452800
2016-07-25,49.123924255371094,49.39852187876705,48.898617654731474,49.34219388567387,1966600
2016-07-26,49.10279083251953,49.475954296793525,48.81411933763527,49.45483264737904,2375100
2016-07-27,48.48320007324219,49.02534211463946,48.053708621393014,48.96197716521838,3190500
2016-07-28,48.525455474853516,48.73668276906655,48.286069555029755,48.56066181446676,2641200
2016-07-29,48.79300308227539,48.97606097859245,48.455040539086596,48.46911984967545,2490200
2016-08-01,48.80004119873047,48.919739514344954,48.49024801290259,48.49024801290259,1669500
2016-08-02,48.58881378173828,48.76483469275717,48.28605759991652,48.54656511031605,1893900
2016-08-03,48.19451904296875,48.60288880977616,47.9621755434065,48.46911121023167,1959400
2016-08-04,48.32830047607422,48.60993500558267,48.15227956659792,48.27901483629013,1797600
2016-08-05,47.77207946777344,48.27197826583179,47.61718018944191,48.21565565058328,3774800
2016-08-08,47.67267990112305,48.1625369533793,47.573288301161725,47.87856404859607,1876500
2016-08-09,47.84306716918945,47.99215457674086,47.559088833476004,47.70108070955085,1747200
2016-08-10,47.963775634765625,48.105767568370624,47.72239747229478,47.8998833269722,1289100
2016-08-11,48.077354431152344,48.08445537976358,47.71528188209425,47.99215929712786,2133600
2016-08-12,47.95667266845703,48.403935003013004,47.928274286137,48.233550125530385,1372600
2016-08-15,47.22542953491211,48.134161578033655,47.20413210091764,48.070263859612304,1943800
2016-08-16,46.62907409667969,47.168632497399315,46.62907409667969,47.11183573596835,2380900
2016-08-17,47.21123123168945,47.29642638082212,46.203113007589415,46.67877373659521,3340000
2016-08-18,47.85018539428711,47.86438187880238,47.04794590000065,47.11894457189156,3464100
2016-08-19,47.118934631347656,47.821776919997895,46.9556453034607,47.644291110590665,2056700
2016-08-22,47.22542953491211,47.49521147600989,47.08344303065702,47.253827919050714,1595000
2016-08-23,47.05503845214844,47.5590975172685,47.05503845214844,47.31061845931315,1858100
2016-08-24,47.09764099121094,47.18993709666476,46.685877949385564,46.94145799820855,1584100
2016-08-25,47.118934631347656,47.31061692227515,47.01244206241591,47.14733301082526,1594200
2016-08-26,45.92622375488281,47.50229840243709,45.883623483032466,47.15442236176825,3314600
2016-08-29,46.274105072021484,46.408996033917894,46.01852504760597,46.05402437961163,2269300
2016-08-30,45.663551330566406,46.501284613544236,45.620956467233796,46.29540041337438,3295000
2016-08-31,45.84103775024414,45.86943613165037,45.48606610732249,45.82684126775974,3163300
2016-09-01,45.727439880371094,45.93331862285516,45.59254895159384,45.727439880371094,2030800
2016-09-02,46.31669235229492,46.40898843381988,45.777139425943545,45.8410317133654,2209500
2016-09-06,46.884666442871094,46.976957142151775,46.43030306474684,46.508397278153076,2431000
2016-09-07,46.891761779785156,47.02664733697836,46.6077833483479,46.83496501021009,1992800
2016-09-08,46.92725372314453,47.10473955826719,46.692971120837534,46.77816627161403,1834100
2016-09-09,45.23048782348633,46.57228025180744,45.16659281698443,46.508387953524355,3341300
2016-09-12,45.9404296875,46.068219696473136,45.20918896476827,45.20918896476827,2815100
2016-09-13,45.30147933959961,46.0753175832905,45.12399352873673,45.80553568425918,3845800
2016-09-14,45.45056915283203,45.97593111165949,45.223390214360364,45.97593111165949,2820600
2016-09-15,45.649349212646484,45.77003825481416,45.23047991465023,45.39376652311032,2450900
2016-09-16,46.01142120361328,46.061117015432586,45.35117645969699,45.54996241519284,3751500
2016-09-19,46.44448471069336,46.4941805200332,46.01141890797318,46.14630985465431,2185900
2016-09-20,46.153411865234375,46.63617348839963,46.153411865234375,46.30960024573447,2232900
2016-09-21,46.99113464355469,47.047925974001366,46.082408359177066,46.110801316182446,3380800
2016-09-22,47.2822151184082,47.417106057048144,46.99823676063621,47.21832283153875,2582500
2016-09-23,47.3248176574707,47.47390508373728,46.92014482218539,47.197027661179796,2031100
2016-09-26,47.11184310913086,47.38161964349297,46.96275564936984,47.32482828961125,1745800
2016-09-27,46.50128173828125,47.537798207971264,46.40899106795466,47.32481848803982,2229800
2016-09-28,46.401885986328125,46.70006081753797,45.99011764812222,46.607770155431076,2515900
2016-09-29,45.79133987426758,46.4444863678781,45.5073614894343,46.4444863678781,3632100
2016-09-30,45.585453033447266,46.19600462963,45.25887980560668,46.00432234545025,4152600
2016-10-03,45.0885009765625,45.47896927750253,44.76192768546495,45.464772793732166,2813400
2016-10-04,44.1442756652832,45.060103194135216,43.888695637862284,45.060103194135216,3586500
2016-10-05,44.1442756652832,44.74772640141239,44.00228646024726,44.151373906836525,3825400
2016-10-06,44.19397735595703,44.37856145128916,43.81770821457661,44.06618732525817,3195800
2016-10-07,43.867393493652344,44.83291673433751,43.83899511405136,44.51344173437278,3345100
2016-10-10,44.165565490722656,44.23656143512111,43.82479308226514,43.99518064060308,1633700
2016-10-11,43.547916412353516,44.215262051770225,43.505318844987954,44.002279631379224,2157700
2016-10-12,44.0164794921875,44.151367728575885,43.61181207480389,43.61181207480389,2648400
2016-10-13,44.392757415771484,44.73352990344397,43.874499088172556,43.91709666471374,3457000
2016-10-14,44.229461669921875,44.61283165527544,43.99518181768476,44.19396505088212,2490100
2016-10-17,44.70512390136719,44.82581294469544,44.321753925703845,44.37144973274705,2767900
2016-10-18,44.989097595214844,45.06719177665801,44.34304942357357,44.91810436202192,2833900
2016-10-19,44.8613166809082,45.03880250800057,44.62703679742005,44.99620764275843,2351300
2016-10-20,44.66252899169922,45.01750061067894,44.56313737169986,44.88261237042531,1682700
2016-10-21,44.35725021362305,44.58443181790596,44.15846698693009,44.43534439788624,1782700
2016-10-24,44.74772262573242,44.81871857636938,44.35725437599427,44.55603762134054,1677400
2016-10-25,45.05299758911133,45.230483400012226,44.56313772598353,44.59863434652,2535100
2016-10-26,45.10269546508789,45.34407628729644,44.683828823850064,44.974905458729324,2250800
2016-10-27,44.8613166809082,45.060102648840434,44.55604084165182,44.94651182783007,2305000
2016-10-28,45.01750946044922,45.32988357160079,44.840023616068294,44.88971943583743,2351900
2016-10-31,46.03272247314453,46.32380183552606,45.13109683597685,45.145296027426106,4076400
2016-11-01,44.99620056152344,46.075314545406734,44.804515573443666,45.82683550986909,4536100
2016-11-02,44.44953536987305,44.64831855981954,43.95967292576511,44.54182872587014,3156200
2016-11-03,44.66962814331055,44.989103148550335,44.14427165311052,44.35015584628934,2401800
2016-11-04,44.30046463012695,45.251788795391036,44.272066247111574,44.90391537399988,2966900
2016-11-07,44.896812438964844,44.925208110792944,43.74670242104138,44.46374662201795,3102500
2016-11-08,45.31245803833008,45.63494168273197,45.05447112280856,45.06880403297343,2970800
2016-11-09,43.89352798461914,44.43816484330455,43.728703636152204,44.43816484330455,3160900
2016-11-10,42.81142044067383,43.7143718364242,41.97296303473439,43.7143718364242,5057600
2016-11-11,42.99059295654297,43.62839259684006,42.67527431461716,42.825765811686935,3539800
2016-11-14,42.08045196533203,42.76841508728563,41.679138777331204,42.70391837374483,7074600
2016-11-15,42.61076354980469,42.811421546940984,42.245283929484216,42.259616838831306,3537900
2016-11-16,42.273948669433594,42.768421727536975,41.94429723030847,42.61076246246509,2755400
2016-11-17,42.180789947509766,42.510438682762675,42.13779121667208,42.13779121667208,2307200
2016-11-18,41.87979507446289,42.44593260403843,41.786635278752364,42.16644774946184,2775700
2016-11-21,42.510433197021484,42.553431922310416,42.00162724952155,42.00879233687499,2462300
2016-11-22,42.40294647216797,42.560605763598915,42.19512609150019,42.51044194063876,4091400
2016-11-23,42.152122497558594,42.460273222342636,41.994463224304525,42.023129043754906,2438500
2016-11-25,42.797096252441406,42.961920638675565,42.31695327191284,42.331286183810164,984800
2016-11-28,43.64271926879883,43.81470874550113,42.96192098368724,42.997751896856606,2705300
2016-11-29,43.907867431640625,44.036860894644775,43.42055940111897,43.49222122113319,2769700
2016-11-30,42.316951751708984,43.35606459028697,42.316951751708984,43.35606459028697,3515300
2016-12-01,41.67914581298828,42.20228469614006,41.48565563970372,42.152120880887345,3539300
2016-12-02,42.06612777709961,42.4029415876444,41.80097578146486,42.01596395991798,2129800
2016-12-05,42.42443084716797,42.43876375301884,41.492813836639606,41.872626273659705,3400600
2016-12-06,42.61793518066406,42.739760820419065,42.28828370366163,42.56060353815123,3343400
2016-12-07,43.176902770996094,43.241399498592145,42.610765132511084,42.80425531529924,2444700
2016-12-08,43.12675476074219,43.25574826321492,42.53195108448192,42.861602665092256,2876800
2016-12-09,43.707210540771484,43.707210540771484,43.1769037975157,43.21273470620471,2329400
2016-12-12,44.39517593383789,44.49550357641301,43.62838296990154,43.70004479067712,2603000
2016-12-13,44.93981170654297,44.98997552652131,44.395174775182404,44.438170773036326,2909000
2016-12-14,44.21601486206055,45.44144993496525,44.122852316050995,45.16196503065958,3726100
2016-12-15,44.50981903076172,44.53131702181833,43.735858548057685,43.94368157401215,2290700
2016-12-16,45.01146697998047,45.03296497447558,44.43099652510907,44.6173188560861,3966200
2016-12-19,45.104637145996094,45.290962253522906,44.77498839726185,45.226465521490276,2011500
2016-12-20,45.29812240600586,45.40561785892099,44.95414078388954,45.11896514029593,2549000
2016-12-21,45.00430679321289,45.43428589210874,44.99714170507334,45.18346406765539,1506000
2016-12-22,45.319618225097656,45.41994584562608,44.9326379170115,45.00429972203962,2143100
2016-12-23,45.26945114135742,45.52743801033885,45.0401300875345,45.52743801033885,1121600
2016-12-27,45.24079513549805,45.3411227705213,45.00430622403778,45.12613459065389,1246500
2016-12-28,44.71048355102539,45.23362240091659,44.64598683069783,45.212124405381644,1501800
2016-12-29,45.34828186035156,45.419946399976986,44.78931211988663,44.91830555748972,1508100
2016-12-30,45.11895751953125,45.4486061766651,44.946968104384226,45.376944375974254,1677000
2017-01-03,44.97563552856445,45.16912568958566,44.68181774339655,45.154792781318605,1943800
2017-01-04,45.040130615234375,45.44144383098765,44.91113717923234,45.08312933847593,2127200
2017-01-05,45.28379440307617,45.45578659963067,44.7104916374332,45.16913384994758,3884800
2017-01-06,45.24795913696289,45.36978750065342,44.946976239120914,45.075969690688325,1769900
2017-01-09,44.653167724609375,45.38412985774813,44.574338072938986,45.118975077816195,2381300
2017-01-10,44.51699447631836,44.93264062495445,44.30200631455474,44.846645906993565,2046000
2017-01-11,45.2766227722168,45.2837878597481,44.51699500892606,44.58149173159907,2918400
2017-01-12,45.35546112060547,45.43429076721429,45.004311622181625,45.118972180779,2139900
2017-01-13,45.31245803833008,45.36262185704558,44.96847639554242,45.21929548911995,2506500
2017-01-17,45.72810745239258,45.885764007863116,45.36262505175658,45.47012051870206,1705800
2017-01-18,45.47727584838867,45.8069245334875,45.42711203690506,45.52743965987229,1883900
2017-01-19,44.93265151977539,45.44145759718817,44.81799095678486,45.28379829792989,2628100
2017-01-20,45.083133697509766,45.255125873383065,44.782150806885106,45.075968609804704,2015000
2017-01-23,44.93981170654297,45.24796244853748,44.88964788656462,45.08313807807674,1317800
2017-01-24,44.98997116088867,45.07596861569801,44.796480988152,44.889643530667335,2061100
2017-01-25,44.81080627441406,45.02579714114191,44.72481156795638,44.88963589438461,2316900
2017-01-26,44.8896484375,45.01864190009124,44.531333871129505,44.789320796311976,2525600
2017-01-27,45.12614440917969,45.176308237605944,44.774994876472306,44.989983103116764,2537400
2017-01-30,45.29812240600586,45.434283677528086,44.98997169028694,45.22646059321106,2265000
2017-01-31,45.907257080078125,45.94309072102909,45.11180109821431,45.2551274608492,2712300
2017-02-01,45.212135314941406,45.7281092020649,45.16197149077367,45.56328481783898,2779500
2017-02-02,45.706600189208984,45.72810091976049,45.126132405053156,45.22646003521723,1802600
2017-02-03,45.885765075683594,46.10791836974656,45.60628013558932,45.70660778242077,2288300
2017-02-06,45.73526382446289,46.15807778921217,45.66360201597274,46.04341452167151,1741400
2017-02-07,45.81410598754883,45.87143763700356,45.548953943129455,45.73527633641032,1552800
2017-02-08,46.146820068359375,46.30594515976785,45.79963428821272,45.79963428821272,1817000
2017-02-09,45.87195587158203,46.3059373336215,45.82855938089019,46.146812269106675,2517000
2017-02-10,46.25532913208008,46.34935950145385,45.792414635452346,45.82134472210055,2429800
2017-02-13,46.139583587646484,46.36380616268052,45.900891835812416,46.26977858697652,2188300
2017-02-14,45.76346969604492,46.10342364681358,45.539244338850466,46.03109155133764,2218600
2017-02-15,45.77792739868164,45.806860231363,45.34394318602174,45.51753742292306,2068300
2017-02-16,46.074493408203125,46.088959828114525,45.79240511789945,45.85026803835759,1890300
2017-02-17,46.371028900146484,46.385492554876016,45.95151117414552,46.14680362323015,1955900
2017-02-21,46.84119415283203,46.920758077730746,46.1106551689323,46.27701484863538,2067300
2017-02-22,47.2390022277832,47.311337072728314,46.667591166634935,46.77608791567871,2455900
2017-02-23,47.74531555175781,47.8031756983564,47.23899926081202,47.4125962557284,2286600
2017-02-24,48.56988525390625,48.620516334593724,47.84658094787153,47.87551378231779,4094100
2017-02-27,48.2443962097168,48.54818821980054,48.1069721406333,48.50478620786054,3101200
2017-02-28,48.439693450927734,48.569888455330585,48.085275862754415,48.24439818513632,3912000
2017-03-01,47.824893951416016,48.27333919488541,47.65853149381029,47.882754115544984,3147100
2017-03-02,48.099735260009766,48.432454571032046,47.636820956120175,47.66575378991,2442900
2017-03-03,48.11420440673828,48.18653925865192,47.7091557242191,48.1503718326951,2127400
2017-03-06,47.99124526977539,48.17207136764069,47.7814863340467,48.00571444789438,1832300
2017-03-07,47.911678314208984,48.11420264806589,47.83211439471174,47.918912902810796,2770000
2017-03-08,47.12327194213867,47.665750117562276,47.029238859972956,47.57171703539656,3126100
2017-03-09,46.899044036865234,47.48492422081201,46.87734579271413,47.10157385848012,2532300
2017-03-10,47.30409622192383,47.44152026870328,46.97137694904612,47.23176690492835,2358600
2017-03-13,47.600669860839844,47.62960270455334,47.253486773029245,47.311352460456234,1922000
2017-03-14,47.58618927001953,47.687451427806266,47.39089402402102,47.578954682070844,1641900
2017-03-15,48.22993469238281,48.461391865632955,47.607892504577876,47.636825341030935,1776000
2017-03-16,47.74531555175781,48.09973309255839,47.636818809528464,48.07803484778723,1615300
2017-03-17,48.07804870605469,48.36013700613748,47.7959604059719,47.85382608762353,3823600
2017-03-20,47.83211135864258,48.360125925575375,47.730849198141584,48.18653443876994,1861500
2017-03-21,48.44693374633789,48.62052526653153,47.80318771880224,47.810422308336335,3159300
2017-03-22,48.77964782714844,49.04003783834046,48.5481906525749,48.70731297641507,2609300
2017-03-23,48.786869049072266,49.206386834990035,48.627746750830454,48.714539728348996,2554400
2017-03-24,49.032798767089844,49.199155664470126,48.65667744380832,48.74347594572878,1969500
2017-03-27,48.96046829223633,49.36551692161099,48.707307380503465,49.14129436154626,2565000
2017-03-28,49.068965911865234,49.112367926648176,48.7651794002567,48.80858141503964,2645000
2017-03-29,48.74348449707031,48.982176280446254,48.66392056927833,48.88814317394221,2272400
2017-03-30,48.577110290527344,48.74346715791564,48.352882247251664,48.577110290527344,2080900
2017-03-31,48.5554084777832,48.830267602815766,48.51201199209303,48.51924657916574,2259700
2017-04-03,48.56988525390625,48.591583500147465,48.0997363513089,48.47585216236243,1939900
2017-04-04,48.6711540222168,48.837510944897744,48.43246224441404,48.57712643628298,1767600
2017-04-05,49.06173324584961,49.11236432740716,48.53371866528604,48.66391366334459,2162700
2017-04-06,48.90983581542969,49.01832703921536,48.72177516357862,48.90983581542969,2073500
2017-04-07,48.69285202026367,49.17746464418217,48.67838836033871,49.04004056058379,2934600
2017-04-10,48.823062896728516,48.91709051272892,48.483108835099955,48.80136464060353,1556700
2017-04-11,48.74348449707031,48.85198126391163,48.45416162495172,48.74348449707031,2046600
2017-04-12,49.032798767089844,49.076195258863166,48.47585137025438,48.56988446026168,2286700
2017-04-13,48.85198211669922,49.11237215431398,48.67115600826535,49.04004281461541,1899000
2017-04-17,48.996639251708984,49.09790142777015,48.86644423700538,48.9460081636784,1452600
2017-04-18,49.170230865478516,49.27149303038156,48.93153911176099,49.01833209974983,2427400
2017-04-19,48.996639251708984,49.27872753050433,48.83028232748338,49.177465354443164,2802200
2017-04-20,48.77964782714844,48.99663582422557,48.43969389484917,48.99663582422557,2518300
2017-04-21,49.08344268798828,49.20640312576372,48.66392476318063,48.66392476318063,2721100
2017-04-24,49.16300582885742,49.24979883370919,48.7217896596103,49.05450905441752,2714500
2017-04-25,49.08344268798828,49.20640312576372,48.859220064000695,48.99664416335989,1824500
2017-04-26,48.96046829223633,49.27148935218435,48.909837213564494,49.03279761628556,2821600
2017-04-27,49.25702667236328,49.5174166879797,48.61328622219339,48.77964865598281,2225400
2017-04-28,49.06173324584961,49.358285146865526,48.996632987633326,49.25702298375043,2671300
2017-05-01,48.801334381103516,49.20638295995472,48.70730130503233,49.20638295995472,1694400
2017-05-02,49.19192886352539,49.30042561633647,48.85920953504575,48.94600252259534,3172000
2017-05-03,49.11235046386719,49.36550580019369,49.0183173972513,49.18467977162155,1879000
2017-05-04,49.199161529541016,49.271496382284745,48.94600610006141,48.974938937484005,2285000
2017-05-05,49.48124694824219,49.66207301277743,49.1051256437197,49.34381737331587,2674800
2017-05-08,49.415584564208984,49.74390083687046,49.26236436616077,49.60527568929389,2650900
2017-05-09,49.10914611816406,49.44475989134723,49.058074578035765,49.342616811090636,2340700
2017-05-10,49.182106018066406,49.33532062532264,48.977814308678184,49.13832644000754,2236300
2017-05-11,49.284271240234375,49.29156320120494,48.831919172850654,49.05080046238074,1491200
2017-05-12,49.65635299682617,49.83146022452585,49.284262662322625,49.31344163389112,2241700
2017-05-15,50.02114486694336,50.13788300356266,49.51772696031959,49.67094158984689,2427700
2017-05-16,49.51044464111328,50.072231788585945,49.50314711373814,49.92631463937764,1556700
2017-05-17,49.72201919555664,49.97737694257087,49.510435471921596,49.510435471921596,2243900
2017-05-18,49.83876037597656,50.26192789623254,49.47396194121431,49.867944918723424,2139900
2017-05-19,50.13788986206055,50.15247934794333,49.52502569373529,49.83146056108866,2377600
2017-05-22,50.64861297607422,50.76535114620799,50.050343770094464,50.10871285516135,2881500
2017-05-23,50.772640228271484,51.122849152433794,50.612133603011685,50.65590763113872,2251900
2017-05-24,51.217689514160156,51.24687405206366,50.8237121684165,50.88207567784205,1997700
2017-05-25,51.65546417236328,51.750309768083504,51.13015349924228,51.19581455019103,2214200
2017-05-26,51.70651626586914,51.80865935091958,51.58977813073684,51.65544472334392,3464800
2017-05-30,51.954586029052734,51.99106809460065,51.58249011271443,51.6335616646525,2027900
2017-05-31,52.370460510253906,52.465311662347204,51.976477546990296,51.991072601027184,2857100
2017-06-01,52.684173583984375,52.6914711090925,52.09320207698247,52.275601240020656,2715100
2017-06-02,53.0197868347168,53.05626889350426,52.73524458859264,52.90305426608207,2583700
2017-06-05,52.82281494140625,53.034398703435095,52.76444585538814,52.99791663307817,2723200
2017-06-06,52.62580490112305,53.01978776413533,52.574733357753715,52.98331127108909,2485900
2017-06-07,52.98331832885742,53.04897936491563,52.58203788723008,52.720663051861614,2565300
2017-06-08,52.494476318359375,53.00519730907641,52.17345758008249,52.98331030037351,2679900
2017-06-09,52.428829193115234,52.56015684653318,52.07132830129276,52.31938855420326,2271600
2017-06-12,52.10051345825195,52.698782649472015,52.10051345825195,52.42882981248433,3169400
2017-06-13,52.27560806274414,52.297495074544386,51.837851127595016,52.04213732623918,1800200
2017-06-14,52.50178527832031,52.82280965289722,52.3047965907093,52.69877953231318,1792200
2017-06-15,52.63310623168945,52.64770128306778,52.17346230813297,52.47989159050396,2311500
2017-06-16,52.83737564086914,52.961405706292076,52.509059452072094,52.76441710628973,3326400
2017-06-19,52.57474899291992,52.873886383315345,52.34127821574547,52.83740431303899,2076300
2017-06-20,52.93952941894531,52.94682694379428,52.54554657280846,52.60391563883922,2486600
2017-06-21,52.82281494140625,53.238684938116066,52.67689222636098,52.96873209006912,6134900
2017-06-22,52.37774658203125,52.85927749867464,52.355859572144865,52.676878327780145,2172100
2017-06-23,52.202640533447266,52.59661781093354,52.115086934905605,52.34855763130289,2431800
2017-06-26,52.43613052368164,52.676893267093845,51.940004415490606,52.01296299126347,2026000
2017-06-27,51.59709167480469,52.24643244552808,51.531425061810495,52.166176344303175,3003600
2017-06-28,51.181217193603516,51.859742447687225,51.159330179985,51.735712326260995,2553900
2017-06-29,50.77993392944336,50.94044610899255,50.48080214914117,50.94044610899255,3112100
2017-06-30,50.68509292602539,51.15203445426685,50.68509292602539,50.90396863629865,2130200
2017-07-03,50.34217071533203,50.845594203727245,50.291099170594904,50.845594203727245,1592000
2017-07-05,50.21085739135742,50.41514362848868,50.06494024094438,50.37866712407666,2735700
2017-07-06,50.35677719116211,50.451628353665164,49.95550222322295,50.11601443695172,2147800
2017-07-07,50.45161437988281,50.641311085965114,50.2181436517743,50.34947128423416,1747500
2017-07-10,50.26190948486328,50.68507685010942,50.261909484863274,50.63400531060594,1567600
2017-07-11,50.225440979003906,50.37866120523343,50.10141085908651,50.3421791387251,1813100
2017-07-12,50.33488845825195,50.7288714513243,50.320298969493386,50.63402585843715,2287800
2017-07-13,49.816864013671875,50.41513311177702,49.816864013671875,50.269215991802625,3489100
2017-07-14,49.73662185668945,50.261932541922526,49.692847821714324,50.15249188810182,4900500
2017-07-17,50.01386260986328,50.10141066292958,49.70013576481817,49.787683817884464,2885100
2017-07-18,49.875221252441406,50.21083500184386,49.86062620407869,50.07220987429807,2721400
2017-07-19,50.086822509765625,50.174370565162874,49.92631031969473,49.94089980680028,2981300
2017-07-20,50.123294830322266,50.21814597093442,49.91171666983705,50.17436638050516,3771000
2017-07-21,51.05718231201172,51.06447427161678,50.10870432350367,50.15247834665958,2922300
2017-07-24,50.48078536987305,51.07175677416111,50.269201709557386,51.07175677416111,4129500
2017-07-25,50.225440979003906,50.56835236520762,50.13059539901681,50.50269132515082,1614100
2017-07-26,50.67047882080078,50.714258399500615,50.04302533444325,50.11598944348297,1962900
2017-07-27,51.56059265136719,51.65544377601784,50.60482284461744,50.61212036952454,4203300
2017-07-28,51.385498046875,51.66274280108085,51.093658240858595,51.524123207168586,2570900
2017-07-31,51.46576690673828,51.582499518289644,51.09367092255184,51.400100290054695,2268900
2017-08-01,51.52412796020508,51.67734262006175,51.341728760416395,51.5022353804697,1629000
2017-08-02,51.75029373168945,51.82325228781834,51.130137655022345,51.341721364262845,1405000
2017-08-03,51.947288513183594,51.947288513183594,51.51682908481584,51.618972188712654,1794100
2017-08-04,51.71381378173828,51.837849455240494,51.30524139763102,51.78677790722708,1879500
2017-08-07,52.08590316772461,52.08590316772461,51.53870569315147,51.71380732642832,2007000
2017-08-08,52.490535736083984,52.51996348003447,51.90935042179042,52.08591688549335,2398000
2017-08-09,52.203617095947266,52.681808065600045,52.13005054971631,52.681808065600045,2492200
2017-08-10,52.49789047241211,52.54202927892453,51.9019941334229,52.1226937787529,2053500
2017-08-11,51.90934371948242,52.48317062050627,51.76956896972503,52.48317062050627,2007600
2017-08-14,52.26985168457031,52.34341826003105,51.835799347643075,51.93143533446504,1865200
2017-08-15,52.61559295654297,52.63030963308938,52.0196966500672,52.06383545417132,1289300
2017-08-16,52.983428955078125,52.99814563097558,52.51259635617108,52.61559063638404,1692400
2017-08-17,52.96871566772461,53.1599931569884,52.80686591625272,52.961357330084866,3318500
2017-08-18,53.0864372253418,53.432200584752735,52.755379318614274,52.91722910242308,2871400
2017-08-21,53.46161651611328,53.54254139013738,53.06435048347686,53.137922632783834,1808200
2017-08-22,53.56462478637695,53.60876921004956,53.2777112899629,53.43956108030281,1959100
2017-08-23,53.93244934082031,53.998663152956915,53.520472244030735,53.527830581549686,2379900
2017-08-24,53.99131393432617,54.18994979151769,53.77060867361736,53.9103890462508,2123000
2017-08-25,54.12374496459961,54.2708780876832,54.00603958868651,54.2267392733119,2067800
2017-08-28,54.51363754272461,54.52099588065104,54.13844088721871,54.256151842972436,1768100
2017-08-29,54.39592361450195,54.6534092736155,54.30764041162027,54.55777334673516,1748900
2017-08-30,54.256168365478516,54.4621569880095,54.226740617578514,54.41065983237675,1356800
2017-08-31,54.16786193847656,54.40327820815174,54.160509214225215,54.3444283503079,2787400
2017-09-01,54.101661682128906,54.40328619092423,53.90302584286382,54.32236131015215,1745400
2017-09-05,54.506282806396484,54.51364114480913,53.95452529356893,54.18994722063231,2824700
2017-09-06,53.92510223388672,54.61663448800222,53.880957816941105,54.61663448800222,2491900
2017-09-07,54.31501007080078,54.41800435591622,53.969241136727135,54.05016601971321,2286000
2017-09-08,54.579837799072266,54.71225978501352,54.13842743742415,54.2414273045037,1507000
2017-09-11,54.84471130371094,54.87413343841586,54.49158394679376,54.572508849154595,2108600
2017-09-12,53.78532409667969,54.80055592417203,53.44691348751557,54.80055592417203,2166500
2017-09-13,53.402767181396484,53.95452468803161,53.2409230275083,53.80739159803595,3147600
2017-09-14,53.63082504272461,53.68968051754746,53.1820618695427,53.292414481643775,2234400
2017-09-15,53.726478576660156,53.83683122490481,53.30714300354554,53.75590632370999,2730900
2017-09-18,53.1673583984375,53.785329812015036,52.681814642482955,53.704404917227876,2230700
2017-09-19,52.954010009765625,53.24827619218361,52.82158798257047,53.21149572576519,2268900
2017-09-20,52.73331069946289,53.13057682579188,52.43903887113383,53.07907967679191,2446900
2017-09-21,52.56410217285156,52.90987114754166,52.50525229784952,52.73331029699906,1942600
2017-09-22,51.91670227050781,52.5493846544267,51.82106632420102,52.159476918172224,3052200
2017-09-25,52.26246643066406,52.38017176823496,51.86520039242409,51.960836329998386,3057100
2017-09-26,52.372840881347656,52.38755194989046,51.99028574600217,52.26984656323988,2038900
2017-09-27,51.725425720214844,52.09326406124955,51.445870601624826,52.034414192387416,2339600
2017-09-28,51.86521911621094,52.078566081143244,51.46795293455448,51.64451381103433,1820100
2017-09-29,51.673927307128906,51.8872742132183,51.51943588122297,51.68128564534372,1624900
2017-10-02,51.8137092590332,51.997628430673565,51.6150790232794,51.83577866158721,1446600
2017-10-03,51.71072006225586,51.754858871708834,51.16632083218556,51.754858871708834,2406000
2017-10-04,52.61559295654297,52.622951294816176,51.578291770723396,51.7474942616342,3066100
2017-10-05,52.59352493286133,52.69651922031523,52.30661147313005,52.58617220716298,2305100
2017-10-06,52.62294387817383,52.62294387817383,52.18889739827745,52.387527601518705,1813600
2017-10-09,52.77745056152344,52.8951615403093,52.586178640149,52.63767579017571,1603300
2017-10-10,53.25563430786133,53.25563430786133,52.56409643398221,52.74801560360814,2163600
2017-10-11,53.5278434753418,53.84418471165324,53.23357164413631,53.27035772782512,1975100
2017-10-12,53.95452880859375,53.99867322917789,53.51312389212863,53.56462103883676,1822000
2017-10-13,53.82212829589844,54.373886007780975,53.652920127969125,54.10904185705578,1943800
2017-10-16,53.79269790649414,53.8883338846002,53.37336229053773,53.68234524697521,1464700
2017-10-17,53.85153579711914,53.932460688553775,53.35127538314511,53.586691718381815,1721900
2017-10-18,53.71176528930664,53.851540066054596,53.41749344374111,53.77061516820486,1100500
2017-10-19,54.31501007080078,54.329721134631164,53.66761100691223,53.807391370755,1686200
2017-10-20,54.42536163330078,54.432714358688855,54.1310898475211,54.22672579247332,1568300
2017-10-23,54.381229400634766,54.52100979306901,54.18995746787801,54.41801548688653,1787300
2017-10-24,54.41800308227539,54.4768585617546,54.028095353068714,54.292939397957674,2107900
2017-10-25,54.13109588623047,54.315015071264334,53.35863306398102,54.315015071264334,3179500
2017-10-26,54.263519287109375,55.10219034291043,54.19730546019443,54.32236916209481,2303900
2017-10-27,54.45479202270508,54.81527768104551,54.00603435694211,54.13845078722841,1839300
2017-10-30,54.56515884399414,54.638725417531674,54.12375378999915,54.33710078219685,1541400
2017-10-31,54.74170684814453,54.866770542152445,54.27086858859684,54.454787766644195,2314000
2017-11-01,54.44744110107422,54.88884605496558,54.226735817744284,54.74906566800539,1614700
2017-11-02,54.23408508300781,55.11689484308199,54.19729900435157,54.47685973149686,4226100
2017-11-03,54.498931884765625,54.89619798068382,54.18994901441854,54.18994901441854,2312100
2017-11-06,54.2414436340332,54.55042648999427,54.11637433377198,54.49157100902047,2339800
2017-11-07,55.3155403137207,55.3155403137207,54.11638353916096,54.36651656946433,2239000
2017-11-08,55.558311462402344,55.79372782234931,55.09483708234797,55.249328542366094,2491100
2017-11-09,55.99595260620117,56.00337185593188,55.42479487998306,55.528641739295445,1728700
2017-11-10,55.46928787231445,55.721491379227196,55.36544103394692,55.617644540859665,2133500
2017-11-13,56.47068405151367,56.59678866298525,55.4099576842403,55.461881115118175,2280700
2017-11-14,57.40530776977539,57.44239835768369,56.21106327726129,56.32232938175704,2050500
2017-11-15,56.81187438964844,57.805844107771705,56.715446814438764,57.538807804946195,2187200
2017-11-16,56.9379997253418,56.96025181549071,56.60420139541981,56.79706227542611,1750100
2017-11-17,56.656124114990234,57.03442662046578,56.44843039723248,56.73771888399926,1720900
2017-11-20,56.70063781738281,56.841569615904355,56.389091560288925,56.74514200015491,1614100
2017-11-21,56.94541549682617,57.16052847521988,56.71546967750827,56.737721768509395,2080900
2017-11-22,56.81187438964844,57.034406528412156,56.633852074173895,56.87863629496851,1065200
2017-11-24,56.722877502441406,57.108593540305826,56.67837332940319,56.81188584851784,732600
2017-11-27,56.923152923583984,57.02699976861926,56.70803998480273,56.9083200853912,1629200
2017-11-28,57.130855560302734,57.31629719250983,56.952833177968174,57.07893212965392,3039500
2017-11-29,57.2198600769043,57.5091485223584,56.8044727007094,57.02699922685871,1568400
2017-11-30,57.58332824707031,57.65750942044652,57.04184190048938,57.1382695029579,3201800
2017-12-01,57.29403305053711,57.83552499274203,56.952821198156215,57.69458757095685,2082100
2017-12-04,57.40530776977539,57.90970920549085,57.242118237745515,57.546245212751955,2558300
2017-12-05,56.574527740478516,57.55365928157115,56.27040642217214,57.46465092461768,2630400
2017-12-06,56.915748596191406,57.08635172969991,56.55227892019069,56.752559053371414,3733400
2017-12-07,56.826725006103516,56.92315260188314,56.322323621970526,56.856396341549996,2041300
2017-12-08,57.06409454345703,57.071513792712565,56.51518894235749,56.69321130988698,1459600
2017-12-11,57.17536544799805,57.256960218975586,56.58936921062729,56.96767172522957,1670600
2017-12-12,56.38907241821289,57.27919538609802,56.38165882975402,56.96765489399075,2105700
2017-12-13,56.75254440307617,57.167931743585164,56.57451640637683,56.85639123820342,2301700
2017-12-14,56.58938217163086,56.908342078715584,56.20366031880567,56.908342078715584,1942800
2017-12-15,56.77479934692383,57.041835696192194,56.233307400010645,56.2703979826645,3894800
2017-12-18,56.003360748291016,57.0492540429337,55.958856577192435,56.87122604008286,2489700
2017-12-19,55.269020080566406,56.1888088990828,55.25418158231594,56.1591375618108,1684400
2017-12-20,55.2615966796875,55.5286330358444,55.11324566370189,55.2615966796875,3630900
2017-12-21,54.69785690307617,55.128082805945894,54.60884855022654,54.94264119187056,4431100
2017-12-22,54.631099700927734,55.0687391862054,54.60884761309719,54.81654131182075,1801500
2017-12-26,54.141536712646484,54.801708462737764,54.10445178218247,54.705280852456035,1077800
2017-12-27,54.326969146728516,54.51241074534714,54.12669471028092,54.304717060370834,2156400
2017-12-28,54.631099700927734,54.65335178875828,54.20087380544102,54.46791017786527,1615000
2017-12-29,54.57176208496094,54.8907219116274,54.46049597626717,54.79429430234847,1415900
2018-01-02,53.7113037109375,54.46048364408851,53.62970896032056,54.28246130602797,3016800
2018-01-03,53.25885009765625,54.01544962417753,53.11791261694682,53.562971494855255,2235700
2018-01-04,52.62832260131836,53.392346729431864,52.60607051530864,53.169814550877895,3392100
2018-01-05,52.51708221435547,52.895379139354084,52.153612473384264,52.754447321096585,2967900
2018-01-08,52.97694778442383,53.05854253015687,52.517056300358774,52.53930838388092,5715500
2018-01-09,52.3538703918457,52.962118573064814,52.11650538598528,52.887943069838705,4323700
2018-01-10,51.552764892578125,52.19068445046198,51.47858938429063,52.15359386670397,3978400
2018-01-11,50.98160934448242,51.79013203866399,50.721986565985674,51.619523269300025,2794200
2018-01-12,50.0395622253418,50.81099998450597,49.868959117189625,50.788747897288616,6646900
2018-01-16,50.069252014160156,50.388211920027004,49.77996345526125,50.25469368828668,3999900
2018-01-17,50.62555694580078,50.848089130133076,50.24725449612729,50.57363352402039,2934700
2018-01-18,50.29176330566406,50.87775377131235,50.11373529812766,50.870340182086316,2704800
2018-01-19,50.262088775634766,50.60330061287751,50.11373211211963,50.506867366785656,3221600
2018-01-22,50.53654479980469,51.01869411078052,50.4697885375857,50.714572817512796,4622500
2018-01-23,51.01128005981445,51.52310075922813,50.53654994934326,50.69973948592323,3888500
2018-01-24,50.79616928100586,51.09287133534552,50.72940735731918,51.00386298273519,3519600
2018-01-25,51.70111846923828,51.77529964042754,50.68490207099961,50.788748919590006,3721100
2018-01-26,50.9964485168457,51.72338220031043,50.67748868520753,51.612116089882335,4900600
2018-01-29,50.365943908691406,50.900016666882756,50.195335132346784,50.82583549328919,5796100
2018-01-30,50.699737548828125,50.97419318252002,50.417868325014446,50.417868325014446,4216000
2018-01-31,51.018699645996094,51.070623075320476,50.29918522590863,50.7813345891947,3754400
2018-02-01,50.32143020629883,51.16704911461561,50.18791768623826,50.98902110274441,2968600
2018-02-02,50.254676818847656,50.61072720371349,50.0840680458595,50.24725756978847,2800200
2018-02-05,49.31262969970703,50.75165257806717,49.17911152962947,50.30659389755137,4146500
2018-02-06,48.14806365966797,48.86015878252488,47.428546458008654,48.548612568151434,7872400
2018-02-07,47.80684280395508,48.54119562362634,47.74008654356419,48.155473921717046,5927700
2018-02-08,47.46980667114258,48.55581573914135,47.42486735996985,47.62708997459851,4464700
2018-02-09,48.473426818847656,48.825444268582096,47.47729354921571,47.58964039486256,4761500
2018-02-12,48.53335189819336,48.80298207539877,48.09145577447391,48.443473267725345,3538200
2018-02-13,49.11754608154297,49.297297618658504,48.07647628635971,48.540834900091376,3859200
2018-02-14,48.9078369140625,49.28232263097202,48.376062167556256,48.80298137046372,5756000
2018-02-15,49.941410064697266,49.941410064697266,48.91531725360434,49.00519587310816,3870400
2018-02-16,50.37582015991211,50.57054861817776,49.82906849983136,49.89647890015297,3559500
2018-02-20,49.70924377441406,50.4881748712374,49.402162696445494,50.1885851087362,2750100
2018-02-21,49.11754608154297,50.33836741384176,49.10256345350097,49.8065984023178,3570400
2018-02-22,49.19244384765625,49.5893977920647,49.00520098978822,49.23738030500104,2639100
2018-02-23,50.45819854736328,50.55556275927002,49.16996699685546,49.222394759297174,2401000
2018-02-26,50.158626556396484,50.750314777672756,50.038788363338206,50.69788699675964,2088200
2018-02-27,49.39466094970703,50.55556889141132,49.342233180906085,50.21104273726253,3678000
2018-02-28,49.11754608154297,49.8515348580471,49.10256345350097,49.611864237160276,2935300
2018-03-01,49.147518157958984,49.97887708616995,48.86290529455716,49.16998639155391,3568000
2018-03-02,48.817962646484375,49.694257930936715,48.38355780465022,49.23738485835236,4418700
2018-03-05,49.79911422729492,49.971380189283146,48.55582448889852,48.750552967773196,2720200
2018-03-06,49.0576286315918,49.72421274670197,48.81795800272295,49.69425320381855,3507700
2018-03-07,48.623226165771484,49.07260790220325,48.421006384346775,48.94528412448403,3071000
2018-03-08,48.9078369140625,49.11754800126006,48.68314319823737,48.71310274129396,2346300
2018-03-09,49.16997146606445,49.19243969283917,48.74305801475061,48.94527776992114,3379800
2018-03-12,49.334754943847656,49.42462786709132,49.11755252234365,49.23738499140157,3190400
2018-03-13,49.46208190917969,49.69426126142444,49.11006436597026,49.43961367692367,3006400
2018-03-14,49.87400436401367,50.1286576194684,49.51450128056975,49.60437990852998,3138900
2018-03-15,50.1735954284668,50.61549155176501,49.80660102091984,49.874005708057624,4182500
2018-03-16,50.787750244140625,50.870137557610306,50.23351299241606,50.24848990659306,6399400
2018-03-19,50.51810836791992,51.04988298224076,50.26346088653553,50.697865581576465,2595600
2018-03-20,50.51810836791992,50.825189322268656,50.31588864530274,50.33835686846052,2496400
2018-03-21,50.113685607910156,50.87763402061515,49.97137919493412,50.51812518780165,2805300
2018-03-22,50.450721740722656,51.18471062595393,50.076235982976314,50.203559769202265,3137500
2018-03-23,49.724212646484375,50.90758887410109,49.619357103702995,50.50314361728784,3111800
2018-03-26,50.413265228271484,50.56306294309819,49.85153665461807,50.04627082679352,2917800
2018-03-27,51.252105712890625,51.664042208950704,50.218527387591,50.41325580918533,3484400
2018-03-28,51.424381256103516,51.619109714170904,50.952525596928304,51.40190731322016,3274700
2018-03-29,51.3719482421875,51.858780820225526,51.30454355551383,51.46182687195099,2238900
2018-04-02,51.1397705078125,51.90372459895488,50.75779346224131,51.52174755338369,2808500
2018-04-03,51.2671012878418,51.521754591073595,50.87763858867498,51.12480057628831,2551500
2018-04-04,51.43186569213867,51.536721233093616,50.847668902761576,51.23713723847858,2082700
2018-04-05,51.63410186767578,51.82134476018786,50.69788740511537,51.371957246799184,2017900
2018-04-06,51.32701873779297,51.99360295146306,51.24463141123156,51.634099812103585,2307500
2018-04-09,51.46183776855469,51.783895783985315,51.13977975312407,51.2296584019186,1940900
2018-04-10,50.83269119262695,51.49178397033586,50.66791656965015,51.39441974503062,2183500
2018-04-11,50.77277755737305,51.07985289425607,50.56306645624338,50.780268872184514,1803200
2018-04-12,49.91145706176758,50.862654004951246,49.77664197195409,50.780266688165305,2565000
2018-04-13,50.43573760986328,50.62298048316548,49.948910710636795,50.121170954123365,1833700
2018-04-16,51.13228225708008,51.2296522100555,50.49565761911386,50.5405997951791,1537300
2018-04-17,51.57417678833008,51.70899188386891,50.96751171550476,51.109812411652086,1710900
2018-04-18,51.476806640625,52.18083586829471,51.439355785088004,51.67902640360928,2040600
2018-04-19,51.31950378417969,51.58164827387405,51.00493725358254,51.40189107279276,2464300
2018-04-20,51.27458953857422,51.58915620535216,51.0424101960761,51.44685550230455,2634600
2018-04-23,51.25960159301758,51.611619045706895,51.07235875343373,51.35696581248991,1875700
2018-04-24,51.58914566040039,51.94116311687926,51.19219175048101,51.31202991191979,2022300
2018-04-25,51.74643325805664,51.926190515139744,51.31203417226877,51.46182617230617,3067800
2018-04-26,52.25572967529297,52.368076522997576,51.56667739019517,51.79886239923751,2326200
2018-04-27,52.83993911743164,53.16199707580332,52.05351679385928,52.05351679385928,3010000
2018-04-30,52.41301345825195,53.0346552869898,52.39053951959615,53.0346552869898,3056200
2018-05-01,52.00857925415039,52.420510122637,51.91120930868004,52.40553320790239,3028000
2018-05-02,51.821319580078125,52.158354337153995,51.5591750865782,51.903706869887216,2669300
2018-05-03,51.85878372192383,52.21829254689509,51.31952334156639,51.738951256399346,2346400
2018-05-04,51.97112274169922,52.27820374523661,51.80634812655213,51.85877589371729,2238500
2018-05-07,51.51425552368164,52.01606502481581,51.40939997759984,51.933677708008865,1961200
2018-05-08,50.36833572387695,51.48430171094317,50.248497535472865,51.34200100496248,4789700
2018-05-09,50.0961799621582,50.64045810539682,49.914755836868316,50.45903398010693,3535000
2018-05-10,50.66313934326172,50.67826138584472,50.1415442215363,50.24737545013968,1909800
2018-05-11,50.768978118896484,50.9126029242532,50.54975463271353,50.76141709733994,1541600
2018-05-14,50.73118591308594,50.95040943009949,50.451485749854086,50.889932783881186,2843900
2018-05-15,50.50438690185547,50.71604933559908,50.202015292146754,50.383439411445735,4596100
2018-05-16,50.00547790527344,50.557311380441504,49.80893171058423,50.557311380441504,3652800
2018-05-17,49.302452087402344,50.2171396183967,49.13614421497252,50.0205934266733,3186800
2018-05-18,49.083229064941406,49.55191436739555,48.72793601907437,49.42340006733296,3145600
2018-05-21,49.20418167114258,49.31757393947181,48.8186560331417,49.13614977056725,2765000
2018-05-22,49.46876525878906,49.635073149033325,49.15126575588168,49.22686444589839,2319500
2018-05-23,50.24738311767578,50.27006041764133,49.45364301465964,49.59727360426854,2820000
2018-05-24,50.52708053588867,50.595118207234094,50.04327888305473,50.04327888305473,2442700
2018-05-25,50.81433868408203,50.950408251239715,50.4514845825381,50.52707750487675,2039200
2018-05-29,51.1167106628418,51.32837312965515,50.57243245253908,50.7614176218181,2758300
2018-05-30,51.40396499633789,51.56271184321282,50.72361724732421,50.80677118150197,2947300
2018-05-31,51.36616516113281,51.7290192128987,51.01843315218232,51.343487864279226,4301700
2018-06-01,50.40612030029297,51.252775863017824,50.21713514706262,51.16962193420694,2789700
2018-06-04,49.929893493652344,50.738749940773914,49.85429479771682,50.640473943006036,2205600
2018-06-05,49.35536193847656,49.92987840319833,49.21929240123637,49.73333223443606,3221900
2018-06-06,48.23657989501953,49.46120309241715,48.130745768603,49.3553718496857,3976800
2018-06-07,48.493595123291016,48.954719393279,48.1912177018837,48.1912177018837,3025200
2018-06-08,48.463356018066406,48.682579500845435,48.25169355672652,48.50115535789261,2090800
2018-06-11,47.57135009765625,48.6069909680893,47.40504221522772,48.5994299459689,4329700
2018-06-12,48.05514907836914,48.24413424947605,47.43527794783328,47.43527794783328,4908300
2018-06-13,47.97200012207031,48.35753152601719,47.65450638581775,48.153427173989755,3539400
2018-06-14,48.84888458251953,48.99250937745548,48.02490631372849,48.198772309011645,3694400
2018-06-15,49.173946380615234,49.23441725530631,48.52383689688353,48.74306039882748,5315100
2018-06-18,49.48386764526367,49.551905293705126,49.090781097427424,49.151251958146986,3214100
2018-06-19,50.54975509643555,50.564871372317704,49.55191363449327,49.55191363449327,5873000
2018-06-20,50.57243347167969,50.62534908944939,50.232256699700386,50.542195151901325,3062400
2018-06-21,51.00331115722656,51.131819669898945,50.45147200373802,50.54218694834909,3129600
2018-06-22,50.9126091003418,51.267902180794295,50.88993180029084,51.0260013679669,3148800
2018-06-25,52.182586669921875,52.22038601264612,51.078913917339555,51.078913917339555,3942100
2018-06-26,52.386695861816406,52.71175061240434,52.008725489847656,52.159911331687084,3363000
2018-06-27,52.80246353149414,52.88561748057665,52.03896171145045,52.34890020664354,4191600
2018-06-28,52.416934967041016,53.14264324720142,52.31866473430119,52.855382037488084,2174800
2018-06-29,52.34888458251953,52.59078533473318,51.78192915382799,52.23549234330745,2941900
2018-07-02,52.95366287231445,52.99145645726303,52.2506375977111,52.47741640951679,2211700
2018-07-03,53.29383087158203,53.63400195317561,52.67395959426699,52.900744160243434,2132100
2018-07-05,53.77006530761719,53.79274837548286,52.88561598408008,53.19555447050289,4157000
2018-07-06,54.09512710571289,54.22364143751359,53.52061619389696,53.7020403888193,2315100
2018-07-09,52.06163024902344,54.0119525782631,51.781930155870285,53.98927528345562,4302600
2018-07-10,52.749534606933594,53.08215031940306,51.585385380659595,51.8877627767801,3829500
2018-07-11,53.4827995300293,53.61130805285862,52.91584405797952,52.968759671342724,2815400
2018-07-12,53.203121185302734,53.649129338134216,52.968781339882945,53.58109165462326,4186400
2018-07-13,53.18042755126953,53.49036600928646,52.832695518347776,53.30138083265269,2432200
2018-07-16,53.23335266113281,53.35430596408103,52.82514391473897,53.32406763834397,2367000
2018-07-17,53.24845886230469,53.482798607819674,53.14262763740313,53.467682333134825,2411700
2018-07-18,53.097259521484375,53.39963687732905,52.84780353772826,53.26356735556737,2561000
2018-07-19,53.3996467590332,53.80029437853643,53.203100576257675,53.2635772120916,2055100
2018-07-20,53.22578811645508,53.58863642723491,52.69662615946046,53.399651249887526,2440900
2018-07-23,52.49253463745117,53.26359176927409,52.333787750527954,53.1728767907304,2754800
2018-07-24,52.20528030395508,52.3413499060214,51.502254987841035,52.26575696428939,4202000
2018-07-25,52.44715881347656,52.8024518322224,51.78193313557901,51.97091829300813,2581500
2018-07-26,53.702030181884766,53.70959120405269,52.515203465803296,52.7495432466784,4758200
2018-07-27,53.777610778808594,54.34456619671903,53.51303273725747,53.717134150062975,3276100
2018-07-30,53.21822738647461,53.57352044461616,52.991442865465544,53.57352044461616,2004700
2018-07-31,53.777610778808594,53.830526387118816,53.20309434046276,53.49791069638669,3219000
2018-08-01,53.142642974853516,53.39209906704865,52.6361582325123,53.39209906704865,2172700
2018-08-02,53.286258697509766,53.437450298979705,52.40180945654764,52.9687649854777,2404500
2018-08-03,53.807861328125,54.04220110858798,52.930967314029864,53.33162074504441,1563900
2018-08-06,53.87590408325195,54.20095889297002,53.762517564931535,53.800311148581265,1622200
2018-08-07,53.853206634521484,53.93636056176492,53.18041996309304,53.89856699225277,1781600
2018-08-08,53.61886978149414,53.807854941337645,53.37696900758923,53.61886978149414,2040000
2018-08-09,54.129825592041016,54.15270286189895,53.580747842541165,53.763771819632005,2057600
2018-08-10,54.030670166015625,54.74752214852374,54.00016520737422,54.28233171113774,1796200
2018-08-13,54.09931945800781,54.190828535463645,53.801903319821946,53.98492729296082,2018800
2018-08-14,54.16032791137695,54.38148456333371,54.03831385891359,54.05356343363613,1174500
2018-08-15,54.732295989990234,55.182237097460515,54.19847347424148,54.251855725816355,2352900
2018-08-16,55.166954040527344,55.227963959802665,54.533995037280796,54.73226854758639,1803100
2018-08-17,55.288978576660156,55.601650075842464,55.014439734821366,55.16695872774219,2134300
2018-08-20,55.04495620727539,55.395754618928606,54.8237995485364,55.311867409812855,2279900
2018-08-21,54.64077377319336,54.9305622381796,54.1984604701399,54.77804321834003,3703300
2018-08-22,53.94679260253906,54.77040917802259,53.771396331861844,54.755159605096,2680400
2018-08-23,54.419612884521484,54.7475339880493,53.878162842552705,53.916289685430186,2421600
2018-08-24,54.56450653076172,54.61026106658404,53.984923864696114,54.35859948310763,1626000
2018-08-27,54.267093658447266,54.694151533612754,54.0459370250288,54.52637713458997,2205900
2018-08-28,54.228981018066406,54.43488233582927,54.07646195440719,54.20610374034045,2020700
2018-08-29,54.678890228271484,54.724650580109525,54.289965056120735,54.350969161527196,1702100
2018-08-30,54.762786865234375,55.1212129556233,54.5416302175853,54.73990959448232,1765500
2018-08-31,54.7017822265625,55.128840125126516,54.579762359414204,54.84667354601672,3109600
2018-09-04,55.1059684753418,55.30424205234021,54.80855229161609,54.930566352982176,2150300
2018-09-05,55.853302001953125,55.89906235127246,55.044940922101745,55.15933306806073,2121700
2018-09-06,55.921958923339844,56.165992870463825,55.72367952310528,56.04397298778771,2113200
2018-09-07,55.426246643066406,55.89143712380116,55.20509003597722,55.45675160455041,3034100
2018-09-10,55.97532653808594,56.15072280080706,55.70078769204471,55.83042941983454,2481500
2018-09-11,55.65502166748047,56.23459838438263,55.616889017425486,55.98294267598653,2095300
2018-09-12,55.296607971191406,55.815180708576655,55.15171085070489,55.464382359496454,2167900
2018-09-13,55.647422790527344,55.655050488133405,55.02208540608668,55.28136894240739,2201900
2018-09-14,55.365230560302734,55.49487226851629,54.808531075279426,55.49487226851629,1866000
2018-09-17,55.51777648925781,55.57115873168443,55.18222764073163,55.49489339830807,1706500
2018-09-18,55.23558807373047,55.55588140182434,54.96104927301408,55.38048516806016,2099800
2018-09-19,54.129825592041016,55.418626945932644,53.90866895303539,55.342367440330406,1976100
2018-09-20,54.206092834472656,54.236597804712986,53.47399100338916,53.99256386101849,2111000
2018-09-21,54.45012283325195,54.68652906270169,53.92392231662877,54.19083351410874,4336800
2018-09-24,53.87053298950195,54.48062063338346,53.84765572104612,54.26709170349302,1838000
2018-09-25,53.237571716308594,53.84765940189367,52.91727829957875,53.84003170581133,2529800
2018-09-26,52.596988677978516,53.43585494251577,52.55885601304273,53.37484500590962,1975900
2018-09-27,53.199432373046875,53.374828614139446,52.5664675661584,52.5740952604486,2318800
2018-09-28,54.053565979003906,54.10694822038808,53.26808193368205,53.35196914417544,2740200
2018-10-01,54.068809509277344,54.1526967013648,53.61886858642398,53.96966692686852,1806600
2018-10-02,54.411983489990234,54.793286816224544,54.21370413124483,54.21370413124483,2966700
2018-10-03,53.55024337768555,54.694153427103856,53.054547859292136,54.35097692134193,2514800
2018-10-04,53.80952835083008,53.96967506398998,52.85626994995382,53.41297541608567,2174500
2018-10-05,54.80855178833008,54.99157578781263,53.8095329425676,53.8095329425676,3535300
2018-10-08,55.55589294433594,55.81518222920605,54.8161635675069,54.96868838749725,3168900
2018-10-09,55.70841598510742,56.0363370648298,55.273730443915134,55.616901096036024,3228400
2018-10-10,55.441497802734375,56.34900152364159,55.39574326831104,55.62452757688103,3005400
2018-10-11,54.312843322753906,55.723664377936146,54.07643713710722,55.58639495634818,4735800
2018-10-12,54.068809509277344,54.38910288730584,53.61886858642398,54.24420577038628,2864300
2018-10-15,54.16032791137695,54.60264121529046,53.91629398822255,54.00780889124083,2101800
2018-10-16,54.678890228271484,55.04494395184305,53.83239644709964,54.14506794204895,2692600
2018-10-17,54.69414520263672,54.8924245438239,54.282336948583264,54.5568757846189,2607900
2018-10-18,54.663639068603516,54.97630473624394,54.3357180113847,54.71702129567512,2053300
2018-10-19,55.86856460571289,55.975329070867964,54.617890169701774,54.709399243704986,2638900
2018-10-22,55.7846794128418,56.051590585316916,55.563522779011784,55.90669345530448,2471300
2018-10-23,56.00584030151367,56.516785415958566,55.40338028459885,56.03634526900365,4869800
2018-10-24,57.6225700378418,57.99625157253055,56.0668514111825,56.28800808939777,5070900
2018-10-25,56.08209228515625,57.57680058221595,55.670284006645886,57.19549726710194,5291300
2018-10-26,55.47200012207031,56.87519923253785,54.976304689271025,56.783684349824846,4161500
2018-10-29,56.46339416503906,56.71505574299183,55.48725863407567,55.51776359669662,3024100
2018-10-30,56.654052734375,57.103987896954294,56.07447001027196,56.715062667065304,3254800
2018-10-31,55.944828033447266,56.53203263301488,55.57877425706087,56.417646282482316,2713200
2018-11-01,55.647422790527344,56.08210846241624,55.42626610577987,56.01347082041877,2902400
2018-11-02,55.43387985229492,56.07446665250216,54.96106162959882,55.86856541478614,3054500
2018-11-05,56.051605224609375,56.34139374209264,55.46440049180077,55.609291841428046,2188400
2018-11-06,56.77606964111328,56.8294518803491,55.990585627403036,56.12785507375622,2662600
2018-11-07,57.29464340209961,57.363281035520295,56.47103252864601,57.027732201525396,2781600
2018-11-08,57.07150650024414,57.46393728023036,56.80219356126606,57.34851577193068,3465900
2018-11-09,57.956390380859375,58.08719866927341,57.06380961632587,57.10227953437529,2419500
2018-11-12,58.63352966308594,59.21832768911402,57.656306712620044,57.7717282253414,2245500
2018-11-13,58.81049346923828,59.010556976679275,58.14105358121283,58.7027683199809,2860100
2018-11-14,58.57965087890625,59.07211038450061,58.4488426069222,58.571960418610985,3578400
2018-11-15,59.087501525878906,59.11058464733151,57.78709755863349,58.27955705155644,3031100
2018-11-16,59.26448440551758,59.85697866916867,59.01056416310531,59.618445219704,3309100
2018-11-19,59.57997131347656,59.75695172616024,59.06442861002167,59.18754056923451,2681100
2018-11-20,59.880062103271484,60.38021800007803,59.279877375336056,59.741557483703225,2694200
2018-11-21,58.21030807495117,59.76463225910917,58.056410813274965,59.54918196334274,3341300
2018-11-23,58.37188720703125,58.51039178686799,57.987152915326895,58.32572097061213,915200
2018-11-26,58.4488410949707,58.610428815697,57.94099481134237,58.21800400989609,1586800
2018-11-27,58.92593002319336,59.00287573940639,58.071819070890484,58.51811244374064,1789800
2018-11-28,58.648887634277344,59.04131819714773,58.556549304608275,58.94897986747866,2142200
2018-11-29,58.74892807006836,58.76432073002107,57.72553339466211,58.64889926269455,2298800
2018-11-30,59.81849670410156,59.86466881933877,58.66429362303909,58.87205346515539,2814600
2018-12-03,60.257083892822266,60.28786334114133,58.92590650885483,59.40297328135159,2504200
2018-12-04,60.34173583984375,61.02656253356657,60.157064990113454,60.526412560154526,3457900
2018-12-06,60.603355407714844,60.98039342043204,59.3414272311845,60.818805700696096,3118900
2018-12-07,61.03425598144531,61.380514542155765,60.010861219409286,60.61874218624467,2495200
2018-12-10,61.06503677368164,61.257403949538606,60.103200894396814,61.10351255708516,2020800
2018-12-11,61.372825622558594,61.67291794819465,60.66490995153323,61.06503696610152,2037900
2018-12-12,61.18814468383789,61.93453021630077,61.12659165325842,61.665217361953324,3317700
2018-12-13,61.83450698852539,62.07304041383278,61.20354287111515,61.218929662504465,1832400
2018-12-14,61.56519317626953,62.365441339729394,61.13428670635707,61.99609377560162,2828100
2018-12-17,59.50300216674805,61.88835340888996,59.22599302940729,61.71906939489518,3581300
2018-12-18,59.449153900146484,60.30326463389576,59.16444836536994,59.75694255682214,2818800
2018-12-19,59.1413688659668,59.85697504157298,58.841276521736525,59.5799658206557,2473100
2018-12-20,59.726158142089844,60.38020531407512,58.64890086851299,59.310644370685345,3489900
2018-12-21,58.81049346923828,60.980394986620354,58.795106678164515,59.71077044685226,6388600
2018-12-24,56.59442138671875,59.41836991484615,56.25585330314428,59.002856140617446,1762300
2018-12-26,57.21769714355469,57.2253934748743,55.80956791168293,56.67137503147684,2461200
2018-12-27,57.740943908691406,57.740943908691406,56.20200619002878,57.109979678862985,2161200
2018-12-28,57.502403259277344,58.264175691113,57.29464340567985,57.74093669729297,2027000
2018-12-31,57.51008605957031,57.77939891671156,56.87143153280107,57.54086551046931,2203300
2019-01-02,56.125038146972656,57.410049221831386,55.76338698768901,57.410049221831386,2679600
2019-01-03,55.994232177734375,56.679064690624884,55.63258683641514,56.125046312445605,3063500
2019-01-04,56.509788513183594,56.509788513183594,55.601815127096394,55.64798137484598,2857500
2019-01-07,56.194305419921875,56.332810038486855,55.740321646647324,56.12505604592992,3218400
2019-01-08,56.88681411743164,56.97915246330224,55.932674692420285,56.109649183781166,3605700
2019-01-09,56.455936431884766,57.13306696397422,56.232789741966414,56.740636173388026,3100400
2019-01-10,57.49470901489258,57.55626792712494,56.394368408708154,56.58673560649857,2285100
2019-01-11,57.27925109863281,57.52548084433641,56.80217839795326,57.52548084433641,2244000
2019-01-14,56.779083251953125,56.96375405447636,56.13272663725333,56.96375405447636,2764600
2019-01-15,58.002559661865234,58.06411857865861,56.72524442660053,56.79449380505701,2279500
2019-01-16,58.264156341552734,58.29493578632978,57.37157005475491,57.70244174788461,2727800
2019-01-17,58.4796142578125,58.64120196116059,58.19490875920134,58.287247105648646,1779100
2019-01-18,58.54888916015625,58.864374245232355,58.21802314983081,58.77203585849693,2437900
2019-01-22,58.77201461791992,59.19522473261215,58.11027109526301,58.65659901444026,2275300
2019-01-23,59.256771087646484,59.31832410627554,58.62580714971305,58.671973381329536,2337800
2019-01-24,59.82619094848633,59.84157773930844,58.887438202670616,59.32603512335399,2047300
2019-01-25,59.09520721435547,60.09551314937604,58.92592313612307,59.53380420314798,2682000
2019-01-28,59.133670806884766,59.41068001970831,58.71046652715695,59.06442143896914,2159200
2019-01-29,59.22600173950195,59.56456981728318,58.87204687208513,59.34142320879826,2439300
2019-01-30,59.3722038269043,59.9185258637049,58.94899372135035,58.94899372135035,2449200
2019-01-31,60.88037109375,61.257409146655306,59.079811122266406,59.45684917517171,5718900
2019-02-01,60.8726806640625,61.03426841668826,60.1339912789527,60.880376996258406,2630700
2019-02-04,61.1496696472168,61.18813955428144,60.13397134555501,60.50331298038869,2757600
2019-02-05,60.79571533203125,61.1496701812461,60.58026506473347,61.07272449586539,2658000
2019-02-06,60.94961929321289,61.14968281299364,60.426380305726816,60.64952694883213,1587700
2019-02-07,61.65581512451172,61.663577111748516,60.68577394306464,60.94962822316223,1871900
2019-02-08,62.09814453125,62.15246659259333,61.30659364872424,61.415237771410894,1970300
2019-02-11,62.15248107910156,62.447377412837525,61.92743671584057,61.92743671584057,3914300
2019-02-12,62.3154182434082,62.74223260796604,61.70235179766933,62.23781024925342,2470300
2019-02-13,61.73339080810547,62.21452719277098,61.40745264222364,62.144687106219564,2779400
2019-02-14,61.57820510864258,62.03606756624863,61.46956098392129,61.91966145528704,2122400
2019-02-15,61.51612854003906,62.05159316317527,61.322120305066406,61.81102484642084,2740400
2019-02-19,62.14469909667969,62.25334319938308,61.40746449043861,61.679080667856645,2168300
2019-02-20,62.48617172241211,62.664661909412395,61.77222281573425,61.950713002734545,2218100
2019-02-21,62.975059509277344,63.10698365720709,62.10590068869414,62.23782483662389,1997300
2019-02-22,63.41740036010742,63.44844238209562,62.72673165268593,63.06818205323546,1828700
2019-02-25,62.68791198730469,63.41738452017416,62.37749776561605,63.31649649374653,3216800
2019-02-26,62.40855026245117,62.82760864402014,62.01277783596366,62.82760864402014,2083700
2019-02-27,62.5715217590332,62.61808775250661,62.04381922473041,62.16022532742344,1567000
2019-02-28,62.975059509277344,63.130263692646444,62.36199291984724,62.625841215706735,2523400
2019-03-01,63.1690788269043,63.223400892719056,62.56377411620809,62.9440285769114,2945100
2019-03-04,63.184600830078125,63.48725320434837,62.61033810975271,63.440693122356485,3054500
2019-03-05,62.881927490234375,63.16129973036269,62.59479918613437,63.099215694632065,2258900
2019-03-06,63.06043243408203,63.28548267600518,62.742256116675236,62.96730635859838,1892400
2019-03-07,63.2078742980957,63.789898945115596,63.0681881459845,63.32428041163186,2115400
2019-03-08,63.595882415771484,63.6269244367005,62.80433160439193,63.39411816072304,1721100
2019-03-11,64.10029602050781,64.10029602050781,63.59587361139997,63.720041677925906,3831400
2019-03-12,64.49607849121094,64.73664673479553,64.07702012064898,64.40295243531061,2371600
2019-03-13,64.55042266845703,64.7211508691286,64.37969446778547,64.41073649705864,1781300
2019-03-14,64.39522552490234,64.97725031629615,64.15465125174251,64.52714972332598,2915400
2019-03-15,65.039306640625,65.39628101577048,64.41848395715212,64.56592616212198,9901400
2019-03-18,64.783203125,65.07809337733818,64.44950887495418,65.03153331661605,3371900
2019-03-19,64.06924438476562,64.75215680680981,63.696752082430976,64.67454881655323,3855800
2019-03-20,64.3098373413086,64.86081989375937,63.96061904480196,64.35639741257876,3322800
2019-03-21,65.25659942626953,65.45060763850697,64.20895626431948,64.3253623757941,3243400
2019-03-22,66.07141876220703,66.51375713196323,65.4505902794415,65.63684237666668,3595300
2019-03-25,66.21112060546875,66.45945087344231,65.89295022493728,66.16456053043015,2383800
2019-03-26,66.72332763671875,66.73884569341637,66.11026078556715,66.24994697849615,2166400
2019-03-27,66.14128112792969,66.81642590511387,65.83862287529115,66.76210384349376,3297400
2019-03-28,65.0238037109375,66.43618348915858,65.0238037109375,66.13353110244418,4990000
2019-03-29,64.99276733398438,65.10917347453591,64.62803085656532,64.87636119343286,4625700
2019-04-01,64.2710189819336,65.15569566246329,63.867484639501676,65.10913560159082,4769700
2019-04-02,64.47280883789062,64.62801303538693,63.91406425384695,64.58145296027016,3306400
2019-04-03,64.34087371826172,64.61248397794503,63.81317124773717,64.4417558373842,2771300
2019-04-04,64.1158218383789,64.61248227748871,63.75108553326339,64.61248227748871,2401200
2019-04-05,64.85305786132812,64.86857591152022,64.01494105511175,64.27103328823233,2194600
2019-04-08,64.52713012695312,64.88410451345159,64.15463176849443,64.70561435987209,3121000
2019-04-09,64.85305786132812,65.00826204588962,64.39520137240962,64.47280346469037,1898500
2019-04-10,64.68233489990234,65.56701184839466,64.54264875431616,65.10915532271031,1795000
2019-04-11,65.14019775390625,65.17899584307484,64.63577522942933,64.72113931452515,2757100
2019-04-12,65.30316162109375,65.36524566635357,64.44176473525995,64.82201915132069,2458800
2019-04-15,65.38851928710938,65.66012955764467,65.15570710055921,65.30315521341831,2425500
2019-04-16,64.44952392578125,65.59804910997224,64.24775374776817,65.22555669588982,2187000
2019-04-17,64.56593322753906,64.89962760266113,64.2012027474084,64.48833112369554,2094100
2019-04-18,64.4184799194336,64.85305636269162,64.2943118381256,64.4339979692671,2268200
2019-04-22,64.35639190673828,64.51159607813418,64.03045959441113,64.35639190673828,2320100
2019-04-23,64.85305786132812,64.9461839244611,64.15462718948115,64.41071942260172,2722700
2019-04-24,65.2022705078125,65.45836274199705,64.72113398127685,64.93842220882975,2292200
2019-04-25,65.83084869384766,66.09469694320542,64.76768187110004,64.8142419337728,2249400
2019-04-26,65.73774719238281,66.56034018358203,65.62134107157922,66.32753386263609,1761200
2019-04-29,65.2177963256836,65.69893878650525,65.01602614267318,65.52821062554723,1474600
2019-04-30,66.38959503173828,66.41287506374204,65.08585995359529,65.23330212983879,2545300
2019-05-01,65.92399597167969,66.42841856747724,65.69118964176953,66.125766194131,2282600
2019-05-02,65.72997283935547,66.13351319279955,65.2177942931043,65.83086088804656,1789600
2019-05-03,66.29647064208984,66.35855467609294,65.67564214337766,65.8541322609717,1323200
2019-05-06,65.83084869384766,66.48271325390263,65.65235858583696,66.38183114455862,1993800
2019-05-07,65.67565155029297,65.97054779371682,65.51268537818726,65.93950577226903,1808700
2019-05-08,64.97724151611328,65.56702229530524,64.82203137369838,65.51270022562542,3040300
2019-05-09,64.8285903930664,65.3057893600911,64.58607562673684,65.03980677053391,2452100
2019-05-10,66.22891235351562,66.35407609990375,64.672145359791,64.92247882098775,2584500
2019-05-13,67.54314422607422,67.69960633640747,65.94727247960968,66.2288983097903,3566700
2019-05-14,66.9329605102539,67.64484972154615,66.78432895798178,67.51186139693756,2403100
2019-05-15,66.53398895263672,67.2615213196004,66.4792287086037,67.0972346190824,2169900
2019-05-16,66.80779266357422,67.16764656183874,66.30712585134366,66.48704981626632,1866600
2019-05-17,67.1598129272461,67.56660838770696,66.44010522756103,66.44010522756103,2212300
2019-05-20,67.74655151367188,67.87953984984517,67.18329977409076,67.42581458711156,2142000
2019-05-21,67.75437927246094,68.16899349776241,67.52751364630308,67.52751364630308,1768400
2019-05-22,68.28633880615234,68.34892366218642,67.64485895285397,67.8795432103512,1916600
2019-05-23,68.98257446289062,69.04515931488426,68.30197762640489,68.51320000977839,2037100
2019-05-24,69.06861114501953,69.63186274566526,68.77916074790475,68.95909066360716,1485000
2019-05-28,67.80130767822266,69.24072936681976,67.754372025562,69.14685209307873,2650300
2019-05-29,67.03466033935547,68.22374256344094,66.76867772981385,68.10639747006726,2137400
2019-05-30,66.72956085205078,67.36321594516254,66.57309875173878,67.05029771295739,2341200
2019-05-31,67.37104797363281,67.57443977384523,66.78432846168725,66.94078461083826,2250000
2019-06-03,68.34890747070312,68.38801852014396,67.22240420263367,67.55096566634761,2216100
2019-06-04,68.09859466552734,68.26287544705853,66.69828975428061,68.16899815686038,1904600
2019-06-05,69.91349029541016,70.24205174786879,68.24720327373517,68.38019754885116,2155500
2019-06-06,70.40633392333984,70.6019070731269,69.85873149130364,70.01518762376573,1739600
2019-06-07,70.04649353027344,71.24340048246847,70.02302570272765,70.82878628003961,2274900
2019-06-10,69.63969421386719,69.8743844135468,69.32678190552062,69.85874118549737,1956700
2019-06-11,69.09210205078125,69.71011409861218,68.7478912979588,69.60059358060879,1988400
2019-06-12,69.92913818359375,70.20293941223203,69.51452404188161,69.53799186599073,1910900
2019-06-13,70.08560180664062,70.2968241830142,69.55364848758371,70.04649075175574,1794800
2019-06-14,70.86007690429688,71.09476114220679,70.14818765527112,70.26553275843601,1783800
2019-06-17,70.46892547607422,71.13387305500473,69.93696621924592,70.96176771185154,1835200
2019-06-18,70.23423767089844,71.0243549692792,69.75703864629003,70.9304776966216,2230100
2019-06-19,71.07910919189453,71.33726719349583,70.03083395891613,70.03083395891613,2394000
2019-06-20,71.0869369506836,71.73623532968104,70.60973794532127,71.39203061399138,2206800
2019-06-21,71.61888885498047,71.70494151717749,70.6253739254036,71.38419869109428,3885800
2019-06-24,71.11039733886719,71.9630933936989,70.98522766012927,71.62670734261418,2709600
2019-06-25,70.69580841064453,71.3372883216792,70.50023519425078,71.14953373667814,2446200
2019-06-26,69.23291015625,70.64885816028563,69.15468207292132,70.46110956661276,2895100
2019-06-27,68.76350402832031,69.51450402566257,68.56010633057633,69.24070287586343,3105800
2019-06-28,68.84957885742188,69.56928667407932,68.62271326921955,68.6461810941337,3815700
2019-07-01,68.94344329833984,69.02167733149648,68.12203966596414,68.83392281402308,2034200
2019-07-02,69.77268981933594,70.11689455865948,69.05297597874348,69.10773623057356,2083200
2019-07-03,70.51585388183594,70.94611719551388,70.085590568158,70.14035677937049,1843300
2019-07-05,70.28118133544922,70.48457913185263,69.13903457912599,70.06214030936262,1758500
2019-07-08,70.3515853881836,70.62538664976823,70.03084250431311,70.47674912129949,1233500
2019-07-09,70.6879653930664,70.76619346555738,70.16383074211556,70.46109980494901,1532900
2019-07-10,71.04000854492188,71.45462278148491,70.57845864940317,70.82096751190144,1342000
2019-07-11,71.13385772705078,71.51717938339038,70.55496294443736,70.82093953132903,1813700
2019-07-12,70.60191345214844,71.29815345082349,70.24988413809274,71.11040488122175,1368200
2019-07-15,71.33726501464844,71.45460413141139,70.51585538679404,70.90700169178776,1901900
2019-07-16,70.80531311035156,71.32162318266408,70.37504974307481,71.00870491268277,1563200
2019-07-17,71.20426940917969,71.83010587288459,70.87570795152308,71.02434545454724,1788800
2019-07-18,71.7831802368164,71.83011588919258,70.61755980983723,71.1104080334659,1338300
2019-07-19,70.62539672851562,71.83012841983171,70.59410429866602,71.64237980915487,1693300
2019-07-22,70.50020599365234,70.85223524998514,69.9291298122124,70.78183178608596,1390800
2019-07-23,70.02301788330078,70.56279576183717,69.7100996246537,70.44545663721145,1732300
2019-07-24,70.10124969482422,70.30464746905629,69.33460021866931,70.28899827265862,2008400
2019-07-25,69.68663787841797,70.30464985183916,69.217263433714,69.84309403717933,2252600
2019-07-26,69.58493041992188,69.98390135169446,69.3424216027755,69.4206496758789,2176500
2019-07-29,70.20295715332031,70.27336661186008,69.49889241002586,69.84310316639663,1736300
2019-07-30,69.40499877929688,70.31245507017637,69.05296353660273,70.10906329626641,1691100
2019-07-31,68.693115234375,69.75703370884439,68.40367077556884,69.30330254241085,2942800
2019-08-01,69.47540283203125,69.89001694873406,68.09074757734273,68.56794653350752,3433000
2019-08-02,69.38935089111328,70.22640373025673,69.30329822806331,69.89784227229438,1984300
2019-08-05,68.8573989868164,69.99955155048733,68.35673214967659,69.58493141710075,2944400
2019-08-06,69.73358154296875,70.0230320351896,68.24722399031178,68.84176820505867,2725600
2019-08-07,70.20295715332031,70.65668842882347,68.90435415428446,69.92915585548931,1945400
2019-08-08,70.54974365234375,70.7704323087053,69.43841090140398,70.00589945394216,3090500
2019-08-09,70.91230010986328,71.24333307415971,70.57338369023184,70.75466106973556,1597500
2019-08-12,71.27485656738281,71.45613994922661,70.81771239865857,71.03840102816292,1497100
2019-08-13,71.13298797607422,71.47190439200527,70.48668295189344,71.23544884105264,1810400
2019-08-14,69.73792266845703,71.3852101623465,69.43052802218364,70.9990050105065,4572300
2019-08-15,71.21969604492188,71.42462381150318,69.5172303163667,69.65910246041297,2874200
2019-08-16,71.11721801757812,71.55859524225006,70.95169554501246,71.30637882624985,2131000
2019-08-19,71.36943817138672,71.8975153804637,70.93593836494203,71.13298263817798,1734100
2019-08-20,71.5428466796875,71.76354136193049,70.99900846363414,71.72413009391543,1450400
2019-08-21,71.99999237060547,72.00787582702925,71.25910982628417,71.33792635057597,1332100
2019-08-22,71.70048522949219,72.08669039737444,71.41674093908048,71.94481825216859,1625600
2019-08-23,70.60489654541016,72.06302278122817,70.18716370084042,71.88962288046791,2253100
2019-08-26,71.59013366699219,71.60589456450575,70.54974004497483,70.69948961795461,1625500
2019-08-27,71.46403503417969,72.0394071145647,71.41674631998649,71.84236278767219,1339000
2019-08-28,70.64431762695312,71.6768338093596,70.5497402150147,71.6768338093596,4525300
2019-08-29,71.5034408569336,71.5270852122287,70.66797489882572,70.98324098718065,1856900
2019-08-30,71.84234619140625,72.11820698266617,71.1802742790682,71.72411841991935,2584700
2019-09-03,73.12705993652344,73.19799899231975,71.70834496704234,71.89750576031051,2043800
2019-09-04,73.33989715576172,73.48176930446283,72.75664164814864,73.30048588705544,1782700
2019-09-05,72.1418685913086,73.04039024824094,71.96059117653779,72.83546847617966,2318800
2019-09-06,71.79505920410156,72.48865899772831,71.51919838314315,72.16550345509495,1447900
2019-09-09,72.02362823486328,72.31525595500644,71.20392324957935,71.59013439571034,3278500
2019-09-10,71.79505920410156,71.96845915250825,70.99900455123799,71.7635374074048,3370100
2019-09-11,72.2679672241211,72.57535584183383,71.1566345190715,71.51131785641941,2003500
2019-09-12,72.52806091308594,73.0719050874626,72.26008356028937,72.84333298538131,1755700
2019-09-13,72.14973449707031,72.55170651317202,71.87387370692765,72.19702320014785,2014200
2019-09-16,72.28372955322266,72.63841289759434,71.67683576127054,72.40195733467988,2219300
2019-09-17,73.0876693725586,73.13495807704383,72.27584186123752,72.33101402090844,2788100
2019-09-18,73.31625366210938,73.42660402217247,72.70147629785617,73.41872056502883,2969500
2019-09-19,73.44234466552734,73.59997768502456,73.32411689424731,73.48963336871365,1200200
2019-09-20,73.44234466552734,73.74184980789775,73.17436131640498,73.56057243680738,3147400
2019-09-23,73.61575317382812,73.96254705979872,73.26106981865475,73.26106981865475,1610400
2019-09-24,74.5537109375,74.79016660582694,73.69460030165912,73.89164468749243,2195900
2019-09-25,74.26993560791016,74.71919634358865,73.99406879432198,74.56155730535048,2354300
2019-09-26,74.31723022460938,74.50639107222835,73.88373035161285,74.00984159223546,3104900
2019-09-27,74.24628448486328,74.78224518277726,73.84431847141359,74.6876677741135,2178500
2019-09-30,73.84432983398438,74.6167401857244,73.72610204164836,73.97043506937823,2048200
2019-10-01,73.47388458251953,73.74974541876591,73.22166810176353,73.56846200448102,2926400
2019-10-02,72.61475372314453,73.5369254960081,72.26007643510673,73.51327513193341,2495300
2019-10-03,72.9063720703125,72.96942767313607,72.42558362208105,72.70932782147382,2473700
2019-10-04,73.7812728881836,73.95467284539538,72.78816786898936,73.10343997180033,2873000
2019-10-07,73.86009216308594,74.14383646485852,73.2768426598047,73.63152003036272,2234200
2019-10-08,72.95368957519531,74.04925555031248,72.95368957519531,73.97832247910944,2013400
2019-10-09,73.20589447021484,73.48176129445673,72.89062840819213,73.12707795470916,1752600
2019-10-10,72.99308776855469,73.36353199842198,72.59899918585579,72.89062690184622,1739900
2019-10-11,72.78028106689453,73.24530875015833,72.55171496651234,72.92215320597154,1818000
2019-10-14,72.53595733642578,73.1822624941852,72.3704408218757,73.0719181511518,1504300
2019-10-15,72.30738067626953,72.99309706226643,72.25220850819957,72.79605274582867,1546400
2019-10-16,72.98519897460938,73.04037113161903,71.99997758992697,72.30736618088275,2180100
2019-10-17,73.30048370361328,73.57634453639396,72.83546201597088,72.90639508155084,1904800
2019-10-18,74.19900512695312,74.30934945983653,73.04038361836226,73.14285050840766,2482100
2019-10-21,74.46698760986328,74.51427631957621,73.68668781970949,74.12018770312827,2123200
2019-10-22,74.2069091796875,74.64040317538688,74.00198135603287,74.64040317538688,2255400
2019-10-23,74.43547821044922,74.95567218590584,74.26207821419149,74.39606693373008,2369600
2019-10-24,75.44432067871094,75.83840926895634,74.69554874925586,74.69554874925586,2809200
2019-10-25,74.36453247070312,75.47586543106881,74.10443249955591,75.42069325658146,2454300
2019-10-28,73.59211730957031,74.1595999193495,73.20590609960456,73.85221125072574,2566400
2019-10-29,73.4344711303711,73.63151543801725,73.19013811315068,73.41871023161802,2068800
2019-10-30,74.1674575805664,74.5300182940409,73.59209171410322,73.59209171410322,1381300
2019-10-31,74.39604949951172,74.60097726645799,73.81280002331172,74.38816604335202,2309000
2019-11-01,73.7418441772461,74.86106017814843,73.6709111278828,74.65613245779818,1923900
2019-11-04,73.14283752441406,73.87584247034266,72.74086551837216,73.7576147022934,2983300
2019-11-05,72.03939056396484,72.94579546209265,71.73987940737703,72.75662862214848,2196600
2019-11-06,72.4965591430664,72.6936034910149,72.0157704530068,72.29951479511791,2394300
2019-11-07,70.95574188232422,72.13913621308215,70.41567710996713,71.99617610880269,4086700
2019-11-08,70.74131774902344,71.02723801009874,70.15359546100414,70.54276234880058,3016100
2019-11-11,70.50304412841797,71.02723325846509,70.41568533283964,70.88427313749129,2113400
2019-11-12,70.28860473632812,70.65394590952103,70.02651017965843,70.49510402880388,1966600
2019-11-13,71.36874389648438,71.57524318145137,70.3918487932509,70.5824663144954,4140200
2019-11-14,71.16226959228516,71.9326656809911,71.0431351145437,71.54349870917153,2668200
2019-11-15,71.1304702758789,71.31314387335209,70.50303461071968,71.10664460217126,3601300
2019-11-18,71.59906005859375,72.26620312268305,71.20194936060868,71.46404387554163,2789900
2019-11-19,72.0120620727539,72.49653767332913,71.14636354481307,71.3687445956812,3787700
2019-11-20,72.63949584960938,72.7824559584179,71.93263921700857,72.13119458705215,2136400
2019-11-21,72.32975006103516,72.71097903821543,71.86910014760915,72.59184460413228,1859500
2019-11-22,72.70303344726562,72.89364490173797,71.73408229293547,72.36151797581202,2596600
2019-11-25,72.18680572509766,72.82218547275451,71.98825031138368,72.74275845972464,2502800
2019-11-26,72.67125701904297,72.91746371036365,72.18678148749508,72.22649498067572,2943100
2019-11-27,72.74273681640625,72.7983381327561,72.23443559328896,72.7109732919614,1488900
2019-11-29,72.5521469116211,73.13986923918853,72.4806698712575,72.83806719193613,754500
2019-12-02,71.70231628417969,72.41711684839515,71.64672102137565,72.29798241112105,2341800
2019-12-03,72.1788558959961,72.48066397814,71.7499755103941,71.90882346400402,2096800
2019-12-04,73.09221649169922,73.18752526980545,72.15503471499379,72.15503471499379,2792400
2019-12-05,73.43372344970703,73.50520653978317,72.80628770094773,72.94924782167048,1536500
2019-12-06,73.37813568115234,73.69582554404349,73.05250796477577,73.22723163290726,1379300
2019-12-09,72.95718383789062,73.3384067456066,72.89364466679501,73.29075539699933,1705700
2019-12-10,73.020751953125,73.09222900436816,72.61569715111995,72.94926884245058,1903400
2019-12-11,73.18750762939453,73.43371433920453,72.87776174949524,73.22721506612875,2508700
2019-12-12,72.3853530883789,73.21134424469697,72.17885378444197,73.09220979783223,2052700
2019-12-13,73.10810852050781,73.23518083919085,71.72615842595984,72.38536387870542,2613700
2019-12-16,73.88641357421875,73.8943574846116,72.89363685509956,73.09219219892339,2066400
2019-12-17,74.03733825683594,74.51387000324642,73.87055244856377,74.03733825683594,3043400
2019-12-18,74.45826721191406,74.61710909152775,73.8784828384084,74.22794224487369,3237300
2019-12-19,74.63301086425781,74.73625749936086,74.14853516362813,74.30737707292981,2227500
2019-12-20,75.37163543701172,76.06260439117717,74.72831178317075,75.58607261533851,4417100
2019-12-23,74.45826721191406,75.64165557549521,74.28353750868142,75.49869546007116,1514800
2019-12-24,74.52974700927734,74.64094360045392,74.10087270649845,74.51386524449757,440100
2019-12-26,74.56150817871094,74.73623786870552,74.29147579194027,74.53768250451692,1154600
2019-12-27,74.80772399902344,74.89508884758072,74.41061325446454,74.60916862674398,1014400
2019-12-30,74.6806411743164,74.79183169137148,74.3232439494149,74.62504591578886,1544700
2019-12-31,75.06187438964844,75.08570006473603,74.56945488659844,74.79183593332132,1366900
2020-01-02,74.2279281616211,75.10157045259902,73.84670529910585,75.05391910964165,1779700
2020-01-03,74.14852142333984,74.68859229808889,73.94202213196921,74.0849822476213,1939400
2020-01-06,74.39472961425781,74.64888026268801,74.0770397888627,74.14057896582761,1253200
2020-01-07,74.4106216430664,74.52181217932352,73.81495545907626,74.08498788729217,2608100
2020-01-08,74.18824768066406,74.6727173153983,74.00557403391743,74.18824768066406,2245400
2020-01-09,74.56150817871094,74.76800745410716,74.06909475355765,74.07703260533643,2141900
2020-01-10,74.92684936523438,75.1810060485952,74.6726987413024,74.81565884597843,1452800
2020-01-13,75.15716552734375,75.53045053809822,74.96655409653887,74.96655409653887,2383800
2020-01-14,75.43517303466797,75.43517303466797,74.69654667686939,75.09365749161206,2717500
2020-01-15,76.72178649902344,76.77738175498754,75.86402592749579,76.0069860227504,4114400
2020-01-16,77.28569030761719,77.46042000278877,76.75356337008851,76.79327686787443,2175900
2020-01-17,78.27845764160156,78.35788462751738,77.08712556600368,77.37304574890143,4554800
2020-01-21,78.89795684814453,79.30301148897529,78.23875764217662,78.47702044427852,4731400
2020-01-22,79.42216491699219,79.73985478854622,79.26332301093032,79.42216491699219,2985100
2020-01-23,80.19255828857422,80.24020964696318,79.43010625720031,79.44598802351992,2402200
2020-01-24,81.13765716552734,81.29649901398986,80.04957171933201,80.19253180671951,3189000
2020-01-27,80.83587646484375,81.60627241481359,80.68497241625127,81.11385282322716,2294900
2020-01-28,81.16148376464844,81.44740394269193,80.78025484078105,80.87556358660494,1572400
2020-01-29,81.6539306640625,81.91602527812566,80.89942247628991,81.28064549726298,1643600
2020-01-30,82.67845916748047,82.70228484361425,81.33622891670002,81.59037956117584,1952900
2020-01-31,82.7737808227539,82.94056664109513,82.28930513448309,82.59905109132112,2457800
2020-02-03,82.7737808227539,83.1550038191252,82.4878605457603,82.97233623403112,3671500
2020-02-04,81.7015609741211,83.36942477112743,81.68567315218493,82.45606891151509,3203200
2020-02-05,81.10588836669922,81.88422191487655,80.98675394948853,81.59036388644208,4064600
2020-02-06,81.20913696289062,81.58242198494251,80.99469985417375,80.99469985417375,2752700
2020-02-07,81.04122161865234,81.72096836723655,80.96125320740676,81.60101269976883,2260700
2020-02-10,81.5050277709961,81.55301368741341,80.9372442531687,81.30510373931614,1541000
2020-02-11,81.74493408203125,81.90487085717731,81.37707461823781,81.56899996865246,1498000
2020-02-12,81.40108489990234,81.84891286336466,81.04921658506856,81.39308622878382,1503500
2020-02-13,82.24876403808594,82.51266528395112,81.29712958060634,81.72896021776928,2555100
2020-02-14,82.97647094726562,83.07243057670019,82.3047230352377,82.48865582698261,1377000
2020-02-18,83.43230438232422,83.67220957692442,83.04044885910783,83.23238033622522,2121900
2020-02-19,82.76856231689453,83.48029149509854,82.7205824940218,83.28836610240937,1910000
2020-02-20,81.87288665771484,83.16039790040307,81.60099290519545,82.32871320255994,3344500
2020-02-21,81.33708190917969,82.48064746811392,81.25711352697938,81.60898173009652,3361300
2020-02-24,80.00162506103516,81.8089405536901,79.99362638905198,81.27313935240099,3279600
2020-02-25,78.50617218017578,80.46543147325592,78.32224547625741,80.15355045252683,3356500
2020-02-26,77.91439819335938,79.18591217681784,77.88240961437207,78.69010445550842,3258500
2020-02-27,73.46009826660156,77.9783833149335,73.40411977295632,77.81844040366262,5865600
2020-02-28,71.38090515136719,71.99666871881264,69.10976411432252,71.99666871881264,6763800
2020-03-02,76.04310607910156,76.21904021316139,71.44485308936406,71.61279465456488,4936200
2020-03-03,76.33100128173828,78.21029226795814,75.21143146168977,75.97114042546525,6823000
2020-03-04,79.82566833496094,80.4894175944855,77.06671909644187,77.06671909644187,4027200
2020-03-05,79.00199127197266,80.11356854326908,78.14631655015747,78.66612031975318,5285700
2020-03-06,78.13030242919922,78.14629976703002,75.05147382601727,76.69085318546055,5815300
2020-03-09,75.93914794921875,79.48180224400839,73.98788733231862,74.2197999549172,6660600
2020-03-10,75.74722290039062,78.63412658893363,72.95628494956787,78.6261279188242,5729000
2020-03-11,71.74873352050781,74.33974712028218,70.4052438574402,74.29976597686284,4213600
2020-03-12,66.0069351196289,68.74989374687377,58.80166955339114,66.37479469543567,7534000
2020-03-13,69.14973449707031,69.69352818155072,65.34317870570742,69.11774591548934,5127500
2020-03-16,65.30319213867188,68.917816140768,62.184375856965566,62.83212780196391,5564600
2020-03-17,72.9322738647461,76.58688439608066,66.76661834345455,66.88657396551163,6641800
2020-03-18,70.59716033935547,74.25976940247813,64.78337323271701,67.9901497287926,5517900
2020-03-19,64.62345123291016,70.42124897568182,63.63182960317158,70.37326915364228,4741700
2020-03-20,57.13828659057617,64.85535553859285,56.1866523356541,64.73539989771436,5611000
2020-03-23,55.97874450683594,57.45018286244012,52.09221975726541,56.794432099408006,5499800
2020-03-24,57.618106842041016,59.00157768789254,54.45130489519179,57.30622584899023,4937500
2020-03-25,58.609745025634766,61.024825268741914,55.45893951865496,57.08232209978047,5448600
2020-03-26,65.41514587402344,66.27881305750749,58.57774152209213,58.761674316517656,3903500
2020-03-27,66.69464111328125,69.24566695558093,63.27993610976166,63.80773834684168,3255200
2020-03-30,66.94258117675781,69.13374748216467,63.83976151431311,67.87023187757471,5390500
2020-03-31,63.95969772338867,66.7666266836951,63.367918207636535,66.11887478534702,6247300
2020-04-01,59.633338928222656,63.104023232770274,59.03356684321256,61.93646153823045,3570100
2020-04-02,61.408653259277344,62.04041379733876,57.88998982886249,58.88161110703167,4959900
2020-04-03,57.97797393798828,61.35269284546697,56.93836644758663,60.64096372246197,3963900
2020-04-06,62.84812545776367,63.7997659491437,59.649340452733064,59.8732605280917,3610300
2020-04-07,62.976078033447266,64.90334887390306,62.328326040343754,64.51949199945777,4037600
2020-04-08,66.61471557617188,67.07054230075947,63.176018460020046,63.38394124176867,2912800
2020-04-09,69.02176666259766,70.6051675843814,67.16647200238468,67.16647200238468,4003700
2020-04-13,66.774658203125,69.25371614970757,66.0229415356399,68.48600823664201,2076600
2020-04-14,68.97379302978516,69.07775133299317,67.6942804083127,68.39801082482319,2187800
2020-04-15,66.86258697509766,68.37401201577161,66.60668448411573,68.03814114033221,2558800
2020-04-16,67.21446228027344,67.73425988469177,66.19884477679106,67.41438631311043,1802900
2020-04-17,69.0777359008789,69.54955969722641,67.63828681124743,68.33401840248402,2323500
2020-04-20,66.30279541015625,69.82945144443069,66.2388182686466,69.82945144443069,2331300
2020-04-21,65.95093536376953,66.24681900263649,64.70341145651116,65.3911444583406,3013900
2020-04-22,67.97418975830078,68.50998484857847,66.43077555856435,66.81463249113877,2512400
2020-04-23,66.39077758789062,68.12612302450171,66.26282936514393,67.83023322627817,2426400
2020-04-24,66.5587158203125,66.87059684276524,66.04690465143865,66.19085020804744,2828700
2020-04-27,66.87060546875,67.48636892294171,66.7506498059027,66.9985537015749,1956200
2020-04-28,67.67828369140625,69.22969619114151,67.33441409923392,67.75025951828755,2129700
2020-04-29,66.47875213623047,68.61394592348678,66.2708354882359,68.57395866745779,3387600
2020-04-30,66.46273803710938,66.83859615020415,65.47111666084837,66.45473936841469,3253600
2020-05-01,65.08726501464844,66.1028824771289,64.81537126954157,65.88696111371152,2742100
2020-05-04,66.41475677490234,66.59068477396204,64.3435409144276,64.92732169244145,2419300
2020-05-05,66.62267303466797,67.68627019854432,65.58307187623846,66.08687816908686,2982800
2020-05-06,63.03206253051758,67.43839088041442,62.73617270116817,67.38241238309952,5099800
2020-05-07,63.41935729980469,65.0814973455134,63.15309134001415,63.59686793966505,3833200
2020-05-08,64.43599700927734,64.88783773974276,63.742095226995026,63.87119609619558,2409200
2020-05-11,63.87925338745117,64.50054048063753,62.94329681026263,64.0244887716886,2496900
2020-05-12,62.86260986328125,64.32302784596845,62.53986389120948,64.14551725353562,3699100
2020-05-13,62.717384338378906,62.81420383610643,61.89438167248471,62.52373303118711,3673700
2020-05-14,63.01591873168945,63.50003468332908,61.507090785010426,62.36236250476937,3766800
2020-05-15,63.282196044921875,63.30640092347838,61.854052807263486,62.53181403032322,8018100
2020-05-18,64.45213317871094,65.1137597605152,63.8954025947662,63.96801721863657,3470500
2020-05-19,62.24131774902344,64.04062224239264,62.2332474075117,63.976071822032566,2781100
2020-05-20,62.7335090637207,63.3870651946999,62.27359805379693,62.99977495258904,2160200
2020-05-21,62.426918029785156,62.790003484151505,62.03962154337474,62.60442250702658,2108400
2020-05-22,63.5645751953125,63.612984936158675,62.41076251016236,62.443037722682256,2186400
2020-05-26,64.4843978881836,65.17829957502748,63.99221166482067,64.14551738694377,2952100
2020-05-27,65.7108383178711,65.75117772132225,64.76680517026657,65.38809231092148,3547600
2020-05-28,68.66394805908203,69.08351970414635,66.66293394773312,66.66293394773312,3752100
2020-05-29,68.78498840332031,69.26910439258047,68.02653612142915,68.57520255082235,3445400
2020-06-01,69.50308227539062,69.76127783233348,68.47030004761919,68.6478106472426,1711500
2020-06-02,69.3740005493164,70.06789623673161,68.7930588985792,70.04369136059569,1672300
2020-06-03,70.18891906738281,70.9715761411514,69.48695311303344,69.64025269702006,1868100
2020-06-04,68.09916687011719,69.8258513831848,67.27616402766758,69.70482082919283,2252900
2020-06-05,68.99476623535156,70.2776737655497,68.3573445638413,68.57519457912979,2670600
2020-06-08,70.93122100830078,71.1006612409451,68.59938483444299,68.93020111427245,2179500
2020-06-09,69.3175048828125,70.47938176743509,68.43802226025619,70.44710655454732,2041700
2020-06-10,68.88180541992188,70.11630319217906,68.82532533086004,69.25296117030933,2059700
2020-06-11,65.96904754638672,68.05881744725565,65.35583062184696,67.84096738709867,3910100
2020-06-12,66.00128173828125,66.9937180649501,65.04918479833509,66.96951320174338,2389400
2020-06-15,65.96904754638672,66.29985780897611,64.3069074211239,64.6780694072525,3115900
2020-06-16,65.83992767333984,67.7925319305998,65.50911750612076,67.38910099368488,3505700
2020-06-17,66.3644027709961,66.76783379088056,65.28321059252274,66.3644027709961,1888300
2020-06-18,65.97709655761719,66.47735316464372,65.33968105732595,66.04971733154314,1896600
2020-06-19,64.31497192382812,66.66294339511697,64.2746325156918,66.66294339511697,5708900
2020-06-22,65.04920196533203,65.48490808563592,64.00027913987446,64.22619946391342,2741500
2020-06-23,65.31546783447266,66.13847041335532,64.59736124152923,65.75924433836701,3444900
2020-06-24,65.12181854248047,65.32353400302186,64.36336644096727,64.73452830552668,3337500
2020-06-25,63.98414993286133,65.04113703216872,63.54844377632521,64.87976711754096,3559400
2020-06-26,62.93522262573242,64.73452721194712,62.24939130265109,63.992209651235804,4365200
2020-06-29,64.20199584960938,64.20199584960938,63.088528735417896,63.516164522262436,2377000
2020-06-30,64.25846862792969,65.1782905211617,63.7824231550581,64.30687836256298,2586900
2020-07-01,66.16265869140625,66.57415987764168,64.31494467949109,64.35529022640549,2378100
2020-07-02,66.58223724365234,67.20352431628007,66.40473280734038,66.70326775248984,1645300
2020-07-06,66.2594985961914,67.55047634952992,65.4526367308714,67.05829011921531,2250100
2020-07-07,66.47735595703125,66.62259135511583,65.0653475362687,65.5978793812016,2944900
2020-07-08,66.50153350830078,66.88882979602678,65.92866249451917,66.30788844237061,1809400
2020-07-09,66.17880249023438,66.50961878486419,64.93624072858516,66.09811754096543,2034400
2020-07-10,67.89742279052734,68.13141345498555,66.20301421451546,66.20301421451546,3023200
2020-07-13,68.38961791992188,68.64781348754758,67.397175051814,67.69571617770256,3378200
2020-07-14,68.86565399169922,69.4385251359271,68.13141294842889,68.26050763648945,3150100
2020-07-15,68.3250503540039,70.22924449614652,68.11526458421088,69.41431243938104,2914200
2020-07-16,68.6558837890625,69.02704572170664,68.22018373153294,68.41382888553146,2510300
2020-07-17,70.60848999023438,70.80213513190935,68.73657053839469,69.22068647051617,2812100
2020-07-20,69.97106170654297,71.31044919734916,69.88230640919146,70.63268818761127,2159100
2020-07-21,70.64881896972656,71.42340557800766,69.97105799593079,70.42289864512797,1908700
2020-07-22,72.03663635253906,72.11732131910001,69.69673538706111,70.22926724692648,3059300
2020-07-23,71.57671356201172,72.17378960392551,71.04418794513384,71.92366440174554,2707400
2020-07-24,71.04419708251953,72.56109533075595,70.7214510716972,71.86719356204176,2085900
2020-07-27,67.17933654785156,70.53587950184061,63.927683445094715,70.38257989709646,22455700
2020-07-28,68.37346649169922,68.78496772902882,67.27613396273158,67.27613396273158,5519400
2020-07-29,68.42188262939453,68.79303831612495,67.64728988958578,68.5832525259323,2950500
2020-07-30,69.44661712646484,69.44661712646484,67.71186246957588,68.1637094083112,2684100
2020-07-31,70.10015869140625,70.17277946245832,68.71236141342935,69.18033663053116,2797300
2020-08-03,69.2045669555664,69.89040473807427,68.54294020955913,69.89040473807427,2088500
2020-08-04,69.01896667480469,70.02754403533925,68.72849590250132,69.01089633227747,2162700
2020-08-05,68.44609069824219,69.48694320041291,68.1798248162263,69.26101671648391,2233400
2020-08-06,68.88180541992188,69.0673802171816,66.78395946992696,67.78447269883371,2313300
2020-08-07,70.45191955566406,70.89936495336104,68.54011925113879,68.54011925113879,2230700
2020-08-10,69.91497802734375,70.72851044578896,69.55702177706473,70.72851044578896,2774100
2020-08-11,67.75911712646484,69.36990786890087,67.41743499404022,69.3129608468301,6387000
2020-08-12,68.4587631225586,69.23975360063453,68.11708095216798,68.13334887167014,5597400
2020-08-13,68.06012725830078,68.34486237240742,67.61268193130464,67.98690611081051,2059600
2020-08-14,67.48251342773438,68.14960978038694,67.35235146482556,67.88114879227501,2874900
2020-08-17,66.08324432373047,67.78352418246249,66.06697019877758,67.74284507684034,2988700
2020-08-18,66.34357452392578,66.4411944466937,65.13140669096997,66.18900137052978,3340900
2020-08-19,65.83106231689453,66.40866976910027,65.62767914893075,66.37612771741466,2021000
2020-08-20,64.60263061523438,65.92868659823709,64.40737831066984,65.6439514125324,2412200
2020-08-21,64.33414459228516,64.83039985985052,63.447391036217965,64.43176450934081,3090600
2020-08-24,65.7171630859375,65.87173626763234,64.04942496347296,64.47245918868877,2519800
2020-08-25,64.89546203613281,65.78221537767675,64.58632202897745,65.77407831763739,1685000
2020-08-26,63.9517822265625,64.62701560571436,63.59382598570906,64.31786932251926,2532000
2020-08-27,63.75654220581055,64.56193761697553,63.6182369681275,64.10636141781315,2159800
2020-08-28,63.74026870727539,63.813489858152266,62.902331244108325,63.76467368864759,2894300
2020-08-31,64.13076782226562,65.27784540826066,63.27655622311755,64.06568373329503,4966700
2020-09-01,63.3090934753418,63.97618981989281,62.88605934257574,63.93551071567536,3172100
2020-09-02,65.33480834960938,65.49751861167115,63.2196245969011,63.30097662455106,3201300
2020-09-03,64.72465515136719,66.1239322917159,64.04942777418528,65.61954602491218,2230000
2020-09-04,64.30973052978516,64.99309467969395,63.38230420818958,64.71649667809054,1710200
2020-09-08,64.2527847290039,64.57819268837784,63.187053179749675,64.33413671884739,1821800
2020-09-09,65.00939178466797,66.00189632374324,64.42364733094418,64.6758404458904,2124500
2020-09-10,63.87855529785156,64.7490346355573,63.5694152494148,64.59446771471845,2424100
2020-09-11,64.39109802246094,64.42364006697204,63.55316054827106,63.84603274211067,1824100
2020-09-14,65.35920715332031,65.90427872120345,64.43991753500606,64.52940661898263,1979500
2020-09-15,65.08260345458984,66.17273408320906,64.58634810670773,65.57885880247194,1667400
2020-09-16,65.45682525634766,65.87986563892701,64.76532386159505,64.95243286381397,2111300
2020-09-17,65.11514282226562,65.13954780447534,64.35855733996182,65.0907378400559,1562700
2020-09-18,64.09010314941406,65.0419348896303,63.87045205811868,64.99312491528948,3160200
2020-09-21,64.56194305419922,64.7083791600853,63.2846972110442,63.732136385257824,3135200
2020-09-22,64.9605712890625,65.61139979586608,64.13890169574411,64.24466489698706,1773700
2020-09-23,64.4155044555664,65.22089990339238,64.22025839086082,64.95243268519688,3406000
2020-09-24,65.48125457763672,65.54633869249575,63.92741012764483,64.37484945208438,3551500
2020-09-25,65.61138916015625,65.80663519784338,64.92801871811186,65.33478491723649,3252500
2020-09-28,65.61138916015625,66.32729543618215,65.45681601832581,65.94493421592345,1707900
2020-09-29,65.8717269897461,66.35170818165133,65.47309780583629,65.90426903429633,1688800
2020-09-30,66.49000549316406,66.7910085075259,66.09137015003465,66.33543235167471,2594900
2020-10-01,67.5719985961914,67.59640357490701,66.1401860529593,66.45746318978138,2365600
2020-10-02,69.39433288574219,69.64652600420865,66.88865100173082,67.30355436337011,3883000
2020-10-05,70.8180160522461,71.04580418954306,68.54012226575394,69.35365487424953,3397300
2020-10-06,71.940673828125,72.95758937686206,70.25666192768682,70.46818209971691,4369600
2020-10-07,72.08712005615234,72.93319465653295,71.66407965258163,72.24169322746789,2257000
2020-10-08,72.71353149414062,73.07148777478336,71.89186815068024,72.34744435749077,1626200
2020-10-09,73.07149505615234,73.17725205562594,72.0464422819247,73.17725205562594,2734600
2020-10-12,73.60841369628906,74.2429679701499,72.33116808673955,72.97385321566864,2301800
2020-10-13,72.59149932861328,73.18537450929179,71.94880798297129,73.12842748913413,3103100
2020-10-14,72.68096923828125,73.25858260569605,72.07082004236516,72.83554235407607,2283300
2020-10-15,72.84371948242188,73.72233629744814,72.0464546969139,72.0464546969139,1674800
2020-10-16,74.4544677734375,74.59277297118743,72.6972413649212,73.02265550183411,1966600
2020-10-19,74.25926208496094,74.73924959398501,73.98266395282913,74.38129322839158,2229600
2020-10-20,73.77112579345703,74.76363641562037,73.23419137552855,74.76363641562037,3647000
2020-10-21,73.54334259033203,74.33247014434859,73.28301242674766,73.55147965359548,2604500
2020-10-22,75.0076904296875,75.41445666023192,73.04708042597863,73.35622052675876,3507900
2020-10-23,74.74738311767578,75.09720243104647,74.45451084570209,74.96704042503706,3525700
2020-10-26,76.13849639892578,76.64288873502045,74.4056745744267,74.4056745744267,3753500
2020-10-27,75.27616882324219,76.3093586782214,74.81245549974882,75.72361422606957,2485800
2020-10-28,73.47826385498047,76.01648779005822,73.36436978803093,74.90194589861076,2916300
2020-10-29,73.65723419189453,74.42195673737154,72.2742252009944,73.266735856164,2215600
2020-10-30,73.16098022460938,74.14535383508967,72.20101159679842,73.70604552675984,2415000
2020-11-02,74.21856689453125,74.2266977500271,73.03080407558599,73.89315267865967,3171400
2020-11-03,73.94198608398438,74.9182228343815,73.58402971234987,74.9182228343815,2886700
2020-11-04,73.33995056152344,74.95074131373498,73.20978239213748,73.74671678071462,2401700
2020-11-05,73.79551696777344,75.5202077431689,73.6897599992232,74.09652616454446,3012400
2020-11-06,73.96636199951172,74.7717635191291,73.6002749136925,74.12093513682889,2145700
2020-11-09,74.03197479248047,77.27179384390568,73.843324201746,75.45913494028473,3674500
2020-11-10,74.46672058105469,75.24591604954496,73.31842758194266,73.85156428771182,2587100
2020-11-11,74.76197052001953,76.10711132055957,74.41748461547199,74.86859532161054,2094200
2020-11-12,73.52347564697266,74.54053224402664,72.867306466987,74.13863190657429,1687500
2020-11-13,73.71210479736328,74.20422840981476,73.16256061006274,73.83513100720772,1936200
2020-11-16,73.17076873779297,73.66289237912798,72.18652145512296,73.21997922461898,4201000
2020-11-17,71.13665008544922,73.14615739401304,70.93979563917952,72.91650013105615,3052600
2020-11-18,69.00410461425781,71.587761358856,68.93849272266029,71.57955752577213,2861600
2020-11-19,67.62616729736328,68.6432300267046,67.24067467867373,68.34795455788839,4399200
2020-11-20,67.65896606445312,67.90503100352169,66.28101617259014,67.08482288354827,5841200
2020-11-23,68.41357421875,68.7580601873549,67.58516212098758,68.25773264632247,4275400
2020-11-24,69.57003784179688,69.69307028543363,68.34792975243587,68.97948711849249,2864000
2020-11-25,70.02118682861328,70.16062074175929,69.12715650201523,69.80793091235338,2276400
2020-11-27,69.65208435058594,70.0539909059089,69.0041190704186,69.9391559917506,1154600
2020-11-30,69.62748718261719,69.92276269284466,68.90570607855737,69.57007284772259,3484500
2020-12-01,69.88993072509766,70.76755313268629,69.39780712174077,69.90633839123453,3362600
2020-12-02,70.43126678466797,70.49687867215073,68.96309363928718,69.602854910502,1858700
2020-12-03,69.50443267822266,70.28363412824518,69.07792721938357,70.2016083120493,2590300
2020-12-04,68.39715576171875,69.74229660023556,67.78199966150589,69.38140301898275,3094200
2020-12-07,68.7662353515625,69.00409642122371,67.91322454285458,67.95423118802282,2545700
2020-12-08,68.47919464111328,68.97131840857045,67.8230317037348,68.62683239711976,2077200
2020-12-09,68.56939697265625,68.77444900083864,67.93783947923862,68.47917357964069,2491800
2020-12-10,67.65077209472656,68.92209099383464,67.42931238622229,68.89748575015454,2449500
2020-12-11,67.88043212890625,67.97885310761332,67.1586449106975,67.29808506001906,1884400
2020-12-14,67.4293212890625,69.28299373590521,67.37190696033116,68.73345569552066,2756400
2020-12-15,69.1353530883789,69.25018174101116,67.38831179530897,67.83121873678071,2334800
2020-12-16,67.9378433227539,69.57825964101802,67.74919269276921,69.07793216333214,2290300
2020-12-17,68.78266143798828,69.50444241470743,68.25772868079399,68.29873533694511,2585200
2020-12-18,68.31513214111328,69.38960272985335,67.76559422608524,68.61040755228768,14359200
2020-12-21,67.35550689697266,68.1018931854253,66.32204270142252,67.83942678344191,3056600
2020-12-22,66.76494598388672,67.29808254348436,66.35484190076419,67.20785914458206,2896200
2020-12-23,66.19901275634766,67.4785357330873,66.19080892099365,67.16685882425641,2435100
2020-12-24,66.7813491821289,66.91258549593444,65.95294341757598,66.30562693112165,758000
2020-12-28,66.66653442382812,67.17506585921991,66.1662068241811,67.0438295180763,1617200
2020-12-29,66.58450317382812,67.40471138919547,66.46147068998461,66.8059566385928,1720800
2020-12-30,66.85517120361328,67.01100650421373,66.46146851970867,66.4778761877878,1846300
2020-12-31,68.2987289428711,68.3725509293393,66.78954897164876,66.87156853396449,1778400
2021-01-04,66.87977600097656,68.43817280040679,66.6091057987072,68.34794939965033,3232900
2021-01-05,66.78955841064453,67.29808978117639,66.41226336451794,67.09303771756244,2212300
2021-01-06,67.32270050048828,67.86403473843612,66.12519710255644,66.53530126312322,2713900
2021-01-07,65.52642822265625,67.62615907201089,65.51002681313571,67.62615907201089,2764400
2021-01-08,64.944091796875,65.63306374770539,64.47657332804222,65.34599210152606,3059800
2021-01-11,64.61601257324219,64.97690624837176,63.83681714669579,64.88668282958938,2359600
2021-01-12,63.845001220703125,64.27151297522487,63.00839163712857,63.853205054591704,3122500
2021-01-13,64.0992660522461,64.37813381032315,63.475906126726706,64.02544406719011,7424900
2021-01-14,64.65701293945312,64.82925590795034,63.270859099752656,64.0254491306048,8042700
2021-01-15,66.00216674804688,66.18261358579198,63.12323369514316,63.12323369514316,4258200
2021-01-19,66.19901275634766,66.5763078326249,65.1081341889002,66.39586100099386,2816400
2021-01-20,66.23180389404297,66.47786882644715,65.26395808837964,65.92012706966335,2588700
2021-01-21,66.4122543334961,66.93718704434984,65.8627163795854,66.43685957655306,3227000
2021-01-22,67.32270050048828,67.63437740974959,66.24822334457217,66.28103242834065,3789500
2021-01-25,67.74100494384766,68.15931295648419,66.72394833718165,66.91259901196068,2481900
2021-01-26,67.10943603515625,67.70819078668778,66.24821490460768,67.4211129047102,3134700
2021-01-27,65.97754669189453,67.80660739267715,65.69046882844007,66.6009003907818,2528400
2021-01-28,66.07598114013672,67.47853663516494,66.0349744782042,66.39586188859792,2118400
2021-01-29,66.36305236816406,66.94539947348588,65.46081828895473,65.77250142820607,3261000
2021-02-01,66.58450317382812,67.05202160627982,65.62486106369444,66.51888501475264,1901700
2021-02-02,67.34728240966797,68.10187230176116,66.28921329115676,66.69931730960184,2584300
2021-02-03,66.66653442382812,67.66718962312217,66.60091625325632,67.33910502795628,2162700
2021-02-04,67.4293212890625,67.47033420573881,66.51888960654242,66.7157378396652,1783200
2021-02-05,67.41292572021484,67.9296547235858,67.2652879681527,67.65898446852304,1584900
2021-02-08,66.42047119140625,67.57696164569955,65.94474887338251,67.56056023300928,2047300
2021-02-09,66.08935546875,66.61085620217982,65.39402957804784,66.42046574235239,2148200
2021-02-10,66.23007202148438,66.59428758592091,65.75824200233059,66.21351303672682,2767300
2021-02-11,65.35262298583984,66.42045005034392,65.2036237136904,66.33767408035015,2284100
2021-02-12,65.0711898803711,65.66718702809662,64.71524749022403,65.31952413039083,1917700
2021-02-16,64.72351837158203,65.22018049014123,64.49174313728118,65.03806957307584,2233100
2021-02-17,64.97185516357422,65.68373994656692,64.7483593900311,64.97185516357422,2152000
2021-02-18,66.619140625,66.79297211053758,64.98842761705706,64.98842761705706,3468100
2021-02-19,65.46025085449219,66.61913361825961,65.16225224908334,66.3294081907655,3658400
2021-02-22,63.548095703125,65.44369559505647,62.43060402689906,65.28642310548018,3651600
2021-02-23,64.64073181152344,65.19534401735903,63.68879877869442,63.97851780239895,3660500
2021-02-24,63.821258544921875,64.77319818386762,63.614315419733806,64.70697486811072,3507500
2021-02-25,63.15903854370117,64.61591346438169,62.69548169130063,64.61591346438169,4283700
2021-02-26,61.958763122558594,64.01164146147433,61.917378291635856,63.32458885105393,4432500
2021-03-01,63.498416900634766,64.2351337949079,62.41403713128033,62.43058979968338,3091300
2021-03-02,63.283203125,63.86264764616858,62.819652560387354,63.62259287080767,3851900
2021-03-03,63.175594329833984,63.29148196980019,62.04982327124574,63.10109783931403,2936800
2021-03-04,63.945411682128906,64.66557587364697,63.06797504437707,63.18386266387631,4102500
2021-03-05,65.31124877929688,65.63407953555166,63.945422948386714,64.15236606472453,4182700
2021-03-08,66.62742614746094,67.01648034615299,65.14571218338506,65.25332668156233,3215800
2021-03-09,66.71845245361328,67.1985619489088,66.47839770596552,66.94195453246557,2869000
2021-03-10,67.2151107788086,67.52966830657563,66.54461721135013,67.23994925368628,3518600
2021-03-11,66.22180938720703,67.72007580366335,66.20525671363794,66.91713535437884,3129900
2021-03-12,67.0826644897461,67.43860681300276,65.96517320546621,66.56944341667334,2637900
2021-03-15,68.109130859375,68.15052201695968,67.09097406299317,67.09924724218693,3209500
2021-03-16,69.1190185546875,69.16040971471432,67.71180752943644,67.71180752943644,5104300
2021-03-17,67.97667694091797,69.29283212580722,67.85250980837681,69.01139251975644,3034900
2021-03-18,68.37398529052734,68.4484880756233,67.24821454664023,68.10909842816572,2349800
2021-03-19,69.25970458984375,69.6487585687507,67.85249425142413,68.59749056045857,9525500
2021-03-22,69.22660827636719,69.82260545562197,68.82100154091984,69.65705349045237,2854300
2021-03-23,70.06266784667969,70.49311310758479,69.1190076486844,69.53289392202983,2652000
2021-03-24,70.35237884521484,70.74971240048914,69.36733392295609,69.70671734387139,2895100
2021-03-25,70.1288833618164,71.05598446907952,69.8143257872213,70.79937702909099,3383500
2021-03-26,70.35237884521484,70.39376999392768,69.26799895528686,69.90538096380723,3074500
2021-03-29,71.05599975585938,71.2960545771783,69.74812379596878,70.01301078580278,2639800
2021-03-30,70.13714599609375,70.79108052046784,69.2845352678848,70.79108052046784,2428300
2021-03-31,70.11231994628906,70.43515067794301,69.64048992961003,69.96332066126399,3250700
2021-04-01,70.80766296386719,70.84077462291081,69.78122679512768,70.27788904997563,2180000
2021-04-05,71.42848205566406,71.78442444477407,70.48482201298212,70.5427658290976,1702300
2021-04-06,71.82581329345703,71.86720444245562,70.9069916766345,71.51126203343684,1733300
2021-04-07,71.75959014892578,72.14864418073236,71.42847993151153,71.94997426104254,1883100
2021-04-08,71.24637603759766,72.0079251921345,71.1884322174786,71.86720538833148,2814800
2021-04-09,71.09735870361328,71.76785221137469,71.03941489819441,71.24635796260483,2952800
2021-04-12,71.18842315673828,71.7844202680497,70.96492739769747,71.22153480907801,3324800
2021-04-13,71.78443145751953,71.95826292284785,70.36066176198894,70.94837947297601,2460600
2021-04-14,72.07414245605469,72.09069512524113,71.17187357344234,71.51953646497725,2563300
2021-04-15,72.68669891357422,72.77775439093713,71.87548542576278,72.17348402160451,3004300
2021-04-16,73.29927062988281,73.58898979408943,72.65360265841707,73.00127197086913,2378400
2021-04-19,73.38201904296875,73.67173809825232,72.90190957112642,73.29924307223084,2753000
2021-04-20,74.61541748046875,75.0127510849966,73.42342298228861,73.67175727454394,3333200
2021-04-21,73.9614486694336,74.87199687390532,73.70484129496093,74.3505026342154,2662700
2021-04-22,72.80257415771484,73.80418423815054,72.37213532335214,72.54596675542564,2755900
2021-04-23,72.59563446044922,73.1750789097888,72.31419488550868,73.1750789097888,3093200
2021-04-26,72.51285552978516,72.88535687104435,72.04930504153558,72.88535687104435,1743600
2021-04-27,72.1817626953125,72.76948675409726,72.08243403273737,72.29765034525232,2173400
2021-04-28,71.79270935058594,72.51286736012298,71.48643126207992,72.36386806239071,4908700
2021-04-29,72.91847229003906,72.95158394597861,71.65198144851357,71.68509310445312,2592900
2021-04-30,73.43169403076172,73.50619683603111,72.46320177007831,73.05091945772557,2817900
2021-05-03,73.40685272216797,74.08562580091221,73.22474179353384,73.72968343550963,2071000
2021-05-04,73.15853118896484,73.72141674090781,72.62048411693068,73.1916428467736,2747100
2021-05-05,72.4052505493164,73.09230313529125,71.76786228484269,73.08402364324039,1906200
2021-05-06,72.94330596923828,73.20819288392386,72.14036573289079,72.60391625473999,1644200
2021-05-07,72.78470611572266,73.50261975181695,72.53426875656916,72.68452989828394,2617000
2021-05-10,73.09356689453125,73.7196538828756,72.8848712317498,73.08522365361804,4291800
2021-05-11,72.13357543945312,73.5443538574384,71.6493999497841,73.11026966010904,6084100
2021-05-12,70.93981170654297,72.31719758215787,70.8312859176122,72.03337462101288,3702200
2021-05-13,72.22538757324219,72.71791261785955,70.70608349970931,70.95652082665181,3025800
2021-05-14,72.42575073242188,73.0100960901737,72.30888166087152,72.55931265609941,2193500
2021-05-17,71.3321762084961,72.5426148946175,71.08174523021623,72.18365809375202,4317800
2021-05-18,71.5826187133789,71.84974893078999,71.081750351844,71.69113817489733,3130700
2021-05-19,71.7245101928711,71.8580784486722,70.77285866138563,71.44903044194504,2498900
2021-05-20,72.00833892822266,72.60103372821456,71.54085640585339,71.67442466049744,2196700
2021-05-21,72.33392333984375,72.51757655568656,71.95826729774164,72.30053126706446,2015900
2021-05-24,72.26712799072266,72.72626095915035,72.15860854767868,72.67616967330372,1551200
2021-05-25,71.73285675048828,72.43407095696854,71.45737701127759,72.33390113826263,1845700
2021-05-26,71.5826187133789,71.95826839230841,71.43235756802976,71.87479139353371,1985700
2021-05-27,71.41565704345703,71.75791461232967,71.35722251370385,71.72452254262984,2452700
2021-05-28,71.79129028320312,72.1418973816353,71.63267958058088,71.79129028320312,2297800
2021-06-01,71.03999328613281,72.00834409513077,70.93982345684708,71.93321035428109,2137200
2021-06-02,71.49913787841797,71.74956886130552,70.88974371917405,71.16522353234815,1817700
2021-06-03,71.75790405273438,72.13356000491295,70.93147114815773,71.05668979888392,5428000
2021-06-04,71.81634521484375,72.03339047158062,71.47408766468729,71.76626029747591,1984800
2021-06-07,71.51583099365234,72.0417481605413,71.37391946593702,72.0417481605413,2206300
2021-06-08,69.26190948486328,71.6326888798049,68.40208447375579,71.6326888798049,6890000
2021-06-09,70.49739074707031,70.73947847469296,69.35374261695684,69.62087280452562,3277100
2021-06-10,70.73112487792969,70.99825502638681,70.3220768624132,70.82294509465969,2386600
2021-06-11,70.75617218017578,71.06503765395746,70.45564994646863,70.65599597931154,3335100
2021-06-14,71.0650405883789,71.11513187532218,70.67269811545252,70.73113264281481,1933700
2021-06-15,71.15686798095703,71.43234777112973,70.85634573147516,71.29043625578714,2239200
2021-06-16,70.4556655883789,71.76627425511542,70.33044690172011,71.51583688179784,2668100
2021-06-17,70.44730377197266,71.11513240585461,70.10504621455041,70.39721885354156,2559900
2021-06-18,68.74433898925781,70.35546950154396,68.60242748992485,70.27199252363548,4480800
2021-06-21,69.44557189941406,69.67096041652434,68.55235470313373,68.89461228376582,2431400
2021-06-22,69.50399780273438,70.04660774108798,69.4372136693309,69.71269344295611,2659400
2021-06-23,68.99478912353516,69.68766026991784,68.76105099436663,69.39548123957083,2674000
2021-06-24,69.16172790527344,69.45390050250028,68.56903310264613,68.86955530804659,2694400
2021-06-25,70.76451110839844,70.92312182454756,68.95303457645859,69.16173020554525,3458600
2021-06-28,70.87303161621094,71.40729187724384,70.61424472463726,70.82294033813088,2674100
2021-06-29,70.06332397460938,71.34054070003364,69.82958579856933,70.78123772609673,2753700
2021-06-30,70.6142349243164,70.731110311026,69.97145532627461,70.13006600855981,2687500
2021-07-01,71.1735610961914,71.47408331990168,70.50573251708293,70.73112736930831,2217300
2021-07-02,71.12347412109375,71.44069558138351,70.82295187918015,71.44069558138351,2487100
2021-07-06,71.15686798095703,71.27373703699044,70.138432176478,71.09843345294033,1863400
2021-07-07,71.47408294677734,71.52416786083914,70.82294721954737,71.24868809572861,2147100
2021-07-08,71.2153091430664,71.88313784165709,71.04000554268582,71.54922349236175,2495300
2021-07-09,71.2820816040039,71.38225780304018,70.49738396709999,71.03164429085592,2122900
