Date,Close,High,Low,Open,Volume
2016-07-01,10.483659744262695,10.619707294221962,10.419637457600201,10.555684244353609,88888100
2016-07-05,10.195552825927734,10.355608450509523,10.107522423209105,10.347606241684499,98246500
2016-07-06,10.291589736938477,10.339606822414726,9.963475403002091,10.019495463258663,94983300
2016-07-07,10.411632537841797,10.491659999631453,10.275585013273094,10.29959317548942,101100300
2016-07-08,10.539674758911133,10.65971630667965,10.491657681880397,10.627705176394342,92698900
2016-07-11,10.57168960571289,10.723742337221415,10.563686629526702,10.635711888790777,67267300
2016-07-12,10.835783958435059,10.883801062291315,10.72374455824111,10.731747536084816,89070600
2016-07-13,10.755753517150879,10.867792894539988,10.659720092191279,10.803770611233588,74595600
2016-07-14,10.923813819885254,11.027850236471561,10.91581160569087,10.987836112675916,97852100
2016-07-15,10.93181324005127,11.035849622783928,10.819774645728165,11.027846647987797,78652500
2016-07-18,11.291936874389648,11.387970266709818,11.059855985481184,11.075861932470659,187187100
2016-07-19,11.411983489990234,11.500013942006836,11.227918846238987,11.251927775775572,96940100
2016-07-20,11.52402114868164,11.548030076218897,11.411982539664248,11.484007795864448,79277900
2016-07-21,11.419984817504883,11.58004050860818,11.411981842148284,11.548029370387521,65376300
2016-07-22,11.508016586303711,11.524021775660213,11.347960876709562,11.411983160547221,46604800
2016-07-25,11.500012397766113,11.516018348641197,11.427987145239724,11.45199607155235,46420800
2016-07-26,11.628057479858398,11.644063431460154,11.451996591473764,11.459998804068862,60205600
2016-07-27,11.708084106445312,11.764103402960457,11.564033614599886,11.66006702142828,100986000
2016-07-28,11.74809741973877,11.75609963069399,11.57203580422833,11.660066230380739,72049500
2016-07-29,11.596044540405273,11.76410319011574,11.588041565846284,11.652064599112537,63276500
2016-08-01,11.468000411987305,11.684076153603202,11.4119811144746,11.6200538812442,61460900
2016-08-02,11.307943344116211,11.564032402141667,11.27593221186303,11.427984899264244,83776300
2016-08-03,11.588041305541992,11.588041305541992,11.283935911188188,11.291938122361762,65305400
2016-08-04,11.588041305541992,11.636058388611648,11.49200790260832,11.588041305541992,46176600
2016-08-05,12.044201850891113,12.05220482588656,11.804117943467581,11.804117943467581,120947800
2016-08-08,12.108223915100098,12.140235051322737,11.940165259129818,12.068209804020377,71960300
2016-08-09,12.15623950958252,12.15623950958252,12.060206106667712,12.092217240972648,49973300
2016-08-10,11.85213565826416,12.148238879934558,11.828126732005613,12.132232929095526,79080700
2016-08-11,11.908153533935547,11.980178777675574,11.804117155556137,11.868139424834904,68945400
2016-08-12,11.932161331176758,11.932161331176758,11.764102688630368,11.820122744949582,63031300
2016-08-15,12.020194053649902,12.028196265682332,11.964173990188533,11.980179940664845,48592100
2016-08-16,12.140235900878906,12.1562410885074,11.94816907010251,11.980180208565242,80307500
2016-08-17,12.124227523803711,12.196252761732957,12.06820823350567,12.132230497619313,93407300
2016-08-18,12.132232666015625,12.196254941571983,12.052205203173042,12.09221855299147,62804300
2016-08-19,12.180249214172363,12.204257375639962,12.044201693846478,12.108223966563871,59834800
2016-08-22,12.148238182067871,12.204257480374917,12.100221095514906,12.164243368781728,60877100
2016-08-23,12.284287452697754,12.332303782881976,12.212262194215613,12.212262194215613,67817900
2016-08-24,12.324298858642578,12.404327080573717,12.292287722511261,12.300290697345512,65484900
2016-08-25,12.428338050842285,12.436341027485316,12.324301644100455,12.340307597386518,67714400
2016-08-26,12.636409759521484,12.724440205280729,12.468351080740534,12.492359245364728,126886300
2016-08-29,12.676422119140625,12.812469638498515,12.628405033341382,12.652413957843846,120144900
2016-08-30,12.956517219543457,12.988527585271482,12.644408140037287,12.676419268970829,121280600
2016-08-31,12.976617813110352,13.057018481051527,12.76757745662697,13.032897820614616,127664300
2016-09-01,12.847981452941895,12.984662171952582,12.663060931196753,12.984662171952582,128812600
2016-09-02,12.864062309265137,12.912302113540477,12.719341362923387,12.815821738231932,100997300
2016-09-06,12.687179565429688,12.912300411474783,12.622859323702517,12.904260189569445,96542200
2016-09-07,12.622859001159668,12.743460026384804,12.582658659417957,12.63893944455945,63310300
2016-09-08,12.751498222351074,12.815818456084276,12.606778079830205,12.679138534469473,69292700
2016-09-09,12.65501880645752,12.98466022037708,12.65501880645752,12.791699504925298,135182500
2016-09-12,12.783658981323242,12.815819099805202,12.445977353883817,12.582658049121571,109724000
2016-09-13,12.638935089111328,12.75149508709002,12.502254434345076,12.598734761222875,89317600
2016-09-14,12.566576957702637,12.735417752403349,12.510296948388273,12.598737072561933,75528100
2016-09-15,12.598735809326172,12.663056032595577,12.526375366458703,12.57461591728953,67322600
2016-09-16,12.45401668548584,12.606777812430257,12.445976464750311,12.590697370959202,90926200
2016-09-19,12.534417152404785,12.687177510069748,12.502257036751233,12.502257036751233,66186400
2016-09-20,12.542459487915039,12.671099972220587,12.470099023803728,12.655019528303509,68210400
2016-09-21,12.582657814025879,12.727378727869567,12.37361743117773,12.630898374226339,95464600
2016-09-22,12.542459487915039,12.630899629185661,12.46205880184519,12.614819185268583,75611300
2016-09-23,12.478140830993652,12.5987411086618,12.462060385033704,12.486180287215761,51604400
2016-09-26,12.132417678833008,12.413818553745408,12.076137657202086,12.381658431848054,94972100
2016-09-27,12.293217658996582,12.333418000999757,11.907296215984703,12.068096817239653,81992600
2016-09-28,12.36557674407959,12.373616964936325,12.180655498163018,12.349496302366122,66076400
2016-09-29,12.188695907592773,12.462057286889644,12.108295998054542,12.365576935389162,78997700
2016-09-30,12.582657814025879,12.64697804978803,12.196736399452965,12.269096856374809,119428700
2016-10-03,12.566576957702637,12.646976861472067,12.462056392720518,12.53441684284334,69873100
2016-10-04,12.703259468078613,12.904259639845044,12.598738888035122,12.622858785965857,98501500
2016-10-05,12.952499389648438,13.048978969605571,12.831898381186745,12.831898381186745,86056900
2016-10-06,13.04094123840332,13.048981460520423,12.896221840842191,13.000741661333379,75886700
2016-10-07,12.968578338623047,13.065059452402899,12.84797809653469,13.016819662270612,99605400
2016-10-10,13.105257987976074,13.18565865419679,13.008778415323345,13.040937761702535,64158500
2016-10-11,12.952499389648438,13.129379641913365,12.880138937922949,13.073099631352491,77374000
2016-10-12,12.888181686401367,13.057021751200386,12.872101242082726,12.93642148584172,67165800
2016-10-13,12.727378845214844,12.936419996748025,12.542458357383127,12.936419996748025,78637000
2016-10-14,12.864062309265137,13.048982836917048,12.815821738231932,12.984662586711352,108865700
2016-10-17,12.904258728027344,13.024860509432463,12.783658480137579,13.000739846448369,101795500
2016-10-18,13.073101043701172,13.081141265152102,12.952500788968102,13.016821027060102,71433100
2016-10-19,13.241941452026367,13.29018278203763,13.089181840870479,13.105260750692086,97969000
2016-10-20,13.31430435180664,13.370584380277657,13.193704071723642,13.225864964287515,88081200
2016-10-21,13.402743339538574,13.402743339538574,13.185661946593019,13.233901744964628,77954900
2016-10-24,13.48314094543457,13.507260072352274,13.354500490156182,13.467060505145973,68244800
2016-10-25,13.442937850952148,13.523338506955485,13.410778508659792,13.434897632000318,49350300
2016-10-26,13.563538551330566,13.563538551330566,13.362537693645562,13.378616596789081,58730400
2016-10-27,13.595703125,13.748464265032425,13.555503551393514,13.627864010697536,97937300
2016-10-28,13.410780906677246,13.651981384301994,13.266060006696303,13.627862256648662,115123600
2016-10-31,13.26606273651123,13.450983242976443,13.26606273651123,13.410783666272025,70387600
2016-11-01,13.354503631591797,13.467063673059556,13.129382015140724,13.31430252141363,88587100
2016-11-02,13.249981880187988,13.314302121023252,13.089182044857587,13.233901436600297,119202000
2016-11-03,13.249981880187988,13.402743027240051,13.225862748321957,13.249981880187988,69690400
2016-11-04,13.306262969970703,13.434903461992795,13.145463121700903,13.290184058604662,82437400
2016-11-07,13.676109313964844,13.700229987952921,13.547468786393873,13.555509011056566,91581900
2016-11-08,13.668063163757324,13.756504063188913,13.434901350170549,13.523342249602138,95842800
2016-11-09,14.44795036315918,14.5122706175235,13.989668359123929,14.198709569186923,319516900
2016-11-10,15.083109855651855,15.26803034179126,14.673067777571838,14.68110799873208,304986400
2016-11-11,15.292149543762207,15.300189764154025,14.978587082542285,14.986627302934103,212952500
2016-11-14,16.144393920898438,16.240875037770117,15.597671170161355,15.60571139102694,320959900
2016-11-15,16.208715438842773,16.22479588184831,15.758473769295875,15.911234910817582,190293100
2016-11-16,15.879076957702637,16.047917039899517,15.822796930303676,15.903197626666076,126734500
2016-11-17,16.144393920898438,16.256953945985956,15.838873195582888,15.887112987261064,167979200
2016-11-18,16.0800724029541,16.192632419049914,15.97555260708159,16.128312190778708,120620200
2016-11-21,16.34539222717285,16.361472666331586,16.08811133469344,16.160471777392658,117479100
2016-11-22,16.321273803710938,16.457954488249083,16.176554432007574,16.345394465752477,104771800
2016-11-23,16.530319213867188,16.610719907940226,16.240878862126213,16.417759162274347,110801300
2016-11-25,16.771514892578125,16.78759379844112,16.482073117832815,16.578554220586284,62610400
2016-11-28,16.321273803710938,16.763476740047423,16.281074233823663,16.618755834828765,108651200
2016-11-29,16.313236236572266,16.51423716683945,16.281075351642123,16.385595160634285,114216800
2016-11-30,17.04355812072754,17.100046937951138,16.720762240812967,16.761112495404703,191699600
2016-12-01,17.35021209716797,17.70528663618038,17.221094362837057,17.285653230002513,199233900
2016-12-02,17.132322311401367,17.350209026727498,16.962855892284065,17.342138977359358,128468700
2016-12-05,17.624589920043945,17.648800075527124,17.31793410741035,17.326004159238074,130377300
2016-12-06,17.882823944091797,17.882823944091797,17.527749389035893,17.826335125170264,120789200
2016-12-07,18.213687896728516,18.213687896728516,17.713357050723065,17.90703365619661,168005200
2016-12-08,18.52035140991211,18.754376828711607,18.31053461490245,18.391233619014702,182693900
2016-12-09,18.633325576782227,18.69788446005125,18.38316009651541,18.520347915862732,130590400
2016-12-12,18.2459716796875,18.762442728927383,18.18948285107753,18.560696032917413,136986000
2016-12-13,18.2459716796875,18.463856941582364,17.98773615506756,18.399298060427377,118204100
2016-12-14,18.29438591003418,18.802786780403565,17.923171281227134,18.003870247420384,225340900
2016-12-15,18.6898136138916,18.875420203010716,18.399297881910293,18.479996867372336,162025800
2016-12-16,18.286317825317383,18.818928904563137,18.27824777391003,18.689811160455374,147497700
2016-12-19,18.14105796813965,18.33473456283951,18.020010288852827,18.237897035091954,97508900
2016-12-20,18.3266658782959,18.42350495246606,18.24596844555977,18.262107008584078,83879500
2016-12-21,18.26211166381836,18.334740603158764,18.13299389148103,18.334740603158764,61079100
2016-12-22,18.189483642578125,18.342810029989877,18.132993272304883,18.237902420749982,67123500
2016-12-23,18.237903594970703,18.278252322844175,18.10071576531346,18.165274653434203,38187800
2016-12-27,18.2459716796875,18.350879284362424,18.18948285107753,18.326669126727378,39988600
2016-12-28,18.020015716552734,18.29439135982176,17.96352688515121,18.254042634307876,52652900
2016-12-29,17.753707885742188,18.068432214807466,17.568101309073178,18.02001344246012,79188400
2016-12-30,17.834409713745117,17.96352748676004,17.71336199394429,17.769850827237658,72605900
2017-01-03,18.18140983581543,18.30245752585529,17.915104302045783,18.23789865522037,99298100
2017-01-04,18.52035140991211,18.528419925038403,18.237905665121975,18.33474323869229,76875100
2017-01-05,18.30245590209961,18.504202547335794,18.03615039195603,18.415433530886354,86826400
2017-01-06,18.30245590209961,18.439643682428407,18.205616835136148,18.383154868035035,66281500
2017-01-09,18.197551727294922,18.32666949217963,18.076504015116154,18.16527305567633,75901500
2017-01-10,18.512271881103516,18.67366826752077,18.189477569064312,18.229826280867453,100977700
2017-01-11,18.617177963256836,18.617177963256836,18.33473238565713,18.51227039745358,92385600
2017-01-12,18.49614143371582,18.657539443570336,18.245975903726265,18.5687703842298,120474200
2017-01-13,18.568758010864258,18.891552276272556,18.39929005952211,18.730154373966172,161930900
2017-01-17,17.79405403137207,18.391225473800635,17.76177536754622,18.302456454671155,152495900
2017-01-18,18.26211166381836,18.27825177016184,17.834409620152925,17.99580606597196,124366000
2017-01-19,18.18140983581543,18.407365113435198,18.084570760260608,18.34280624280028,75990800
2017-01-20,18.270179748535156,18.504206647685468,18.173342199318203,18.28631985313968,102564900
2017-01-23,18.20561981201172,18.36701777027341,18.09264216475154,18.25404012301323,61385600
2017-01-24,18.52035140991211,18.641399146477745,18.141066552346178,18.245975719453746,98508700
2017-01-25,18.85927963256836,18.89962835140781,18.641392856743426,18.818929374523947,99753300
2017-01-26,18.915767669677734,19.004535155281932,18.786649927703543,18.891557515855737,84146400
2017-01-27,18.851205825805664,18.92383473661299,18.786646964999672,18.907694636610326,54590200
2017-01-30,18.52035140991211,18.722098150589996,18.326673184360516,18.722098150589996,91561200
2017-01-31,18.270179748535156,18.58490563150299,18.15720209471368,18.375088889259466,91044300
2017-02-01,18.4719181060791,18.738223555107083,18.41542930464959,18.5364769561706,103630900
2017-02-02,18.33473777770996,18.391228141206778,18.165271304834576,18.350877881566195,88679100
2017-02-03,18.79471778869629,18.843136551492808,18.520342234174834,18.68173862323146,116035100
2017-02-06,18.657529830932617,18.8673449807559,18.617179579655293,18.68173844249431,92228400
2017-02-07,18.479990005493164,18.794715778012534,18.447711346816938,18.78664572854234,87982900
2017-02-08,18.29438591003418,18.342804674068226,18.116849415772837,18.342804674068226,102264500
2017-02-09,18.657529830932617,18.68173844249431,18.270175114693807,18.367014178554687,102634200
2017-02-10,18.625253677368164,18.7543714311048,18.528414592463164,18.71402271026399,90548300
2017-02-13,18.883485794067383,18.99646496270385,18.697879248799648,18.697879248799648,105342500
2017-02-14,19.41609764099121,19.50486666171284,18.826997777959097,18.883486595071105,139711400
2017-02-15,19.835731506347656,19.989059398590435,19.45644834048905,19.642054897874868,151233300
2017-02-16,19.835731506347656,19.86801171069555,19.609774693526973,19.80345284120462,98144500
2017-02-17,19.78731346130371,19.835732230388068,19.529077973913925,19.593636845761374,85789200
2017-02-21,19.997129440307617,20.013268003269143,19.835731497053487,19.843801548136682,78571500
2017-02-22,20.005199432373047,20.134317170913494,19.803452773502993,19.85994159171383,81531900
2017-02-23,19.835731506347656,20.0858969332244,19.7792426879437,20.005199500764384,85846000
2017-02-24,19.55328941345215,19.650128504814806,19.383822927573924,19.464521913841946,97074400
2017-02-27,19.827659606933594,19.900288520741057,19.521005390239086,19.529075440573774,69129100
2017-02-28,19.91642951965332,19.93256962105062,19.70661281910276,19.755031584089878,90242000
2017-03-01,20.640886306762695,20.729925918211364,20.414240724846405,20.53565893823885,143947500
2017-03-02,20.422338485717773,20.883722826409848,20.39805607445837,20.786590093578333,99824600
2017-03-03,20.592315673828125,20.762298667062996,20.478992134441814,20.478992134441814,92456100
2017-03-06,20.438522338867188,20.519467290572702,20.300916384136773,20.50327799145229,75660400
2017-03-07,20.406147003173828,20.527565222092793,20.317108931569187,20.414241654028213,64053700
2017-03-08,20.44661521911621,20.859433047585,20.414236623677215,20.72182710476207,105314600
2017-03-09,20.519468307495117,20.665168919006497,20.422334051855323,20.519468307495117,78984600
2017-03-10,20.487091064453125,20.738020598184036,20.309013385199297,20.738020598184036,86998800
2017-03-13,20.47899627685547,20.56803588783465,20.341390307113418,20.47899627685547,56886200
2017-03-14,20.49518585205078,20.511375153153985,20.276634918847712,20.389958482673414,63182700
2017-03-15,20.381864547729492,20.681358909170378,20.20378531713534,20.551847583591055,114662700
2017-03-16,20.414241790771484,20.63279273361342,20.389959381942468,20.430431092588694,70306200
2017-03-17,20.122840881347656,20.454713829388346,20.098556930065396,20.414240577251245,105222400
2017-03-20,19.782875061035156,20.041897722407658,19.766685758725163,19.896197089411416,87287500
2017-03-21,18.633459091186523,19.880005917804333,18.57679808232617,19.831439559337845,259545800
2017-03-22,18.568700790405273,18.76296774053209,18.172072240909294,18.33396059406674,167984400
2017-03-23,18.673927307128906,19.013894840611854,18.544416012839825,18.64964490438496,111666800
2017-03-24,18.714406967163086,18.90057932353981,18.423005683166867,18.77916263650703,113499100
2017-03-27,18.641555786132812,18.65774354479927,17.93733656359687,18.03447083507995,119513500
2017-03-28,19.005802154541016,19.15959741135354,18.61726823154823,18.625362881264316,95761700
2017-03-29,18.900571823120117,19.143405100820782,18.868193229348652,19.030083110413315,67204500
2017-03-30,19.321489334106445,19.410527402481517,18.884387467204945,18.924859176112093,79189200
2017-03-31,19.09484100341797,19.402429960998987,19.09484100341797,19.28910795724227,77158300
2017-04-03,19.09484100341797,19.224352305967503,18.68202314758014,19.143407355899917,88076600
2017-04-04,18.973430633544922,19.03009165418726,18.779163615386757,18.779163615386757,75244400
2017-04-05,18.754880905151367,19.329587345729898,18.738691599921715,19.24054925476106,97453300
2017-04-06,18.827728271484375,18.989616666609848,18.584893362950847,18.754877953314004,82975200
2017-04-07,18.74677848815918,18.892479087086794,18.560606186816777,18.641551135542837,79519400
2017-04-10,18.633459091186523,18.843915369736894,18.544419480750715,18.72249715772563,63254700
2017-04-11,18.552515029907227,18.576798982265235,18.277303078770203,18.479664716729967,94206700
2017-04-12,18.333961486816406,18.56870169458533,18.30158443216695,18.520133796766313,76556300
2017-04-13,18.083030700683594,18.58488654862836,18.083030700683594,18.261108333196848,88061800
2017-04-17,18.463470458984375,18.47965975621067,18.01827559253584,18.099220534770947,85053200
2017-04-18,18.382526397705078,18.73868323427002,18.11540915625548,18.70630618216217,146488400
2017-04-19,18.406818389892578,18.73869142450815,18.35825201855538,18.55251904780129,101771800
2017-04-20,18.673927307128906,18.75487225203369,18.471565716815164,18.58488771334401,103802600
2017-04-21,18.382526397705078,18.682022235158957,18.285393697485098,18.64155053405004,127235400
2017-04-24,19.127220153808594,19.3052993722574,18.81153651222633,18.81153651222633,138638900
2017-04-25,19.4105281829834,19.710024090187975,19.35386717067635,19.418622833869662,131531100
2017-04-26,19.337677001953125,19.580511885963826,19.31339459427976,19.42671661381339,95172200
2017-04-27,19.143409729003906,19.37005530850986,18.989614459199984,19.345771357310284,80024200
2017-04-28,18.892478942871094,19.20006789300637,18.876289644470166,19.078651242792354,69384900
2017-05-01,19.11103057861328,19.240541883035934,18.900574322952338,19.038180276888472,72382900
2017-05-02,19.046279907226562,19.159601942257286,18.884389962413866,19.111035576372252,60262600
2017-05-03,19.24054527282715,19.248639923766742,18.8924830019086,18.916766954727386,64272800
2017-05-04,19.3053035736084,19.46719198282431,19.208169292961237,19.41053096240389,68133400
2017-05-05,19.21626091003418,19.418622547516296,19.102938887091163,19.4105278967494,56678800
2017-05-08,19.39434051513672,19.475285486921976,19.224357463894908,19.224357463894908,56016500
2017-05-09,19.4105281829834,19.67764548664292,19.321490111028087,19.451001437414714,61622000
2017-05-10,19.54813575744629,19.56432506054157,19.321491689700018,19.353868751993662,48495300
2017-05-11,19.483375549316406,19.61288685610856,19.297203238789756,19.507659498301145,68350800
2017-05-12,19.426715850830078,19.426715850830078,19.22435422738393,19.361960193083178,62589000
2017-05-15,19.47528076171875,19.540036414656186,19.41052510878131,19.47528076171875,50688800
2017-05-16,19.41861915588379,19.564319756446505,19.37814745301481,19.48337480681205,55774800
2017-05-17,18.26920509338379,18.981518793568767,18.180165494886545,18.916763142997084,190353300
2017-05-18,18.406818389892578,18.617274724216593,18.212551360646668,18.301590994679128,108444100
2017-05-19,18.65774154663086,18.860103175309707,18.512042470855324,18.544419528617652,89566700
2017-05-22,18.649642944335938,18.81153127323487,18.47156377548199,18.7710595769842,74839400
2017-05-23,18.932950973510742,19.021990572364434,18.48775606703528,18.641551316719884,79020000
2017-05-24,18.908672332763672,18.997710405442046,18.795348763332495,18.973427996482854,58823200
2017-05-25,18.819629669189453,19.086746931770474,18.795345720265157,18.949140975659247,60443500
2017-05-26,18.811532974243164,18.957233564154365,18.75487197681023,18.80343832548183,50399500
2017-05-30,18.544418334960938,18.787251656186314,18.52013438527976,18.722496000933106,61307900
2017-05-31,18.199275970458984,18.51599647777046,17.939402574822118,18.499755552268873,138636300
2017-06-01,18.377939224243164,18.386060461778936,18.109944581433407,18.256123759141943,69725100
2017-06-02,18.231752395629883,18.345446565824442,17.99624127283613,18.085573291684366,79722300
2017-06-05,18.199275970458984,18.434787203359654,18.183033495989775,18.223639682162798,51590300
2017-06-06,18.053096771240234,18.19927594330981,17.923160073615637,18.028734608540383,71735600
2017-06-07,18.353578567504883,18.369821043909997,18.085583902691702,18.10994606833157,66429700
2017-06-08,18.6540470123291,18.848951981733418,18.353569098693413,18.36981156671886,93685900
2017-06-09,19.222524642944336,19.222524642944336,18.848955552426276,18.857076787977462,108254300
2017-06-12,19.311859130859375,19.523006635029844,19.27125294796073,19.344342528210795,85829900
2017-06-13,19.303743362426758,19.579859288482574,19.21441128371225,19.449922564334887,68047300
2017-06-14,19.29561996459961,19.33622460548962,18.840841480966933,19.125077065132505,102352400
2017-06-15,19.116958618164062,19.44992165179168,19.06010994866971,19.125078307695393,69707500
2017-06-16,19.02762222290039,19.18192262141123,18.97889635193763,19.13319520148096,57745800
2017-06-19,19.417434692382812,19.490524282359075,19.165682520779963,19.173803758440403,58587800
2017-06-20,19.07634925842285,19.48240182215846,19.068228021272027,19.41743347391947,59693500
2017-06-21,18.783985137939453,19.141311717805607,18.7352592789927,19.08446462420654,72432800
2017-06-22,18.621570587158203,18.84083934057712,18.59720687601135,18.775870993153095,64763300
2017-06-23,18.53223419189453,18.767745364299827,18.467265859673628,18.767745364299827,85399600
2017-06-26,18.589080810546875,18.7921070371329,18.459144149449195,18.605323280425882,61307800
2017-06-27,18.897680282592773,19.16567482186217,18.678411600744973,18.759622395759017,88257800
2017-06-28,19.393064498901367,19.45803282950699,19.108829020606255,19.108829020606255,119049300
2017-06-29,19.750391006469727,20.03462803250521,19.523002624815085,19.96153846726845,150501200
2017-06-30,19.7016658782959,19.994024150110143,19.628576310342336,19.994024150110143,84005200
2017-07-03,20.04275131225586,20.229535087376345,19.84784630139527,19.86408722390815,58129700
2017-07-05,20.23766326904297,20.262026984625354,19.994032309090578,20.140209955681293,76172500
2017-07-06,20.067119598388672,20.3919629313208,20.050878670916312,20.221420026634654,84465400
2017-07-07,20.16457176208496,20.302629706044776,20.018392580366605,20.23766135294414,54478800
2017-07-10,20.213298797607422,20.29450963087739,20.01027248891641,20.075240845738822,54632800
2017-07-11,19.977783203125,20.229535318069946,19.864087450434255,20.20517161057178,69410600
2017-07-12,19.77475929260254,19.977785565526656,19.734153108637194,19.831606401186487,68708700
2017-07-13,19.9940242767334,20.00214396303101,19.790998042013783,19.83972390463566,55533400
2017-07-14,19.66106605529785,19.750398122544077,19.344345524468853,19.652946366427955,92625400
2017-07-17,19.506759643554688,19.669179690625718,19.433670080234226,19.669179690625718,81522000
2017-07-18,19.409313201904297,19.539249904843437,19.173803508689986,19.417434439458955,107981400
2017-07-19,19.539243698120117,19.652939438801692,19.33621747064889,19.531122463145206,74140100
2017-07-20,19.441797256469727,19.587976427783936,19.352465196451575,19.506765604946306,62793500
2017-07-21,19.328100204467773,19.458036892812927,19.21440598940764,19.360585151037814,65922500
2017-07-24,19.417434692382812,19.514887995340395,19.271255512430287,19.279376750090726,51382700
2017-07-25,19.88033103942871,20.03463143098781,19.685426015391265,19.69354725168042,86154700
2017-07-26,19.66106605529785,20.03463525099028,19.604218939402156,20.03463525099028,65704700
2017-07-27,19.579853057861328,19.855968896052683,19.51488471646145,19.701668504365177,62902100
2017-07-28,19.514877319335938,19.661054870351403,19.458028686813037,19.531118236804197,50143400
2017-07-31,19.587970733642578,19.734148313495965,19.563607029183434,19.587970733642578,62272000
2017-08-01,19.855972290039062,19.88845569180768,19.709793109661025,19.726035585029187,52782500
2017-08-02,19.969663619995117,19.969663619995117,19.701669011205315,19.847848170357477,55317100
2017-08-03,19.791000366210938,19.977784152336184,19.750394185117994,19.937177971243244,53210600
2017-08-04,20.278263092041016,20.367595145638674,20.018389716812372,20.04275342660287,105206600
2017-08-07,20.2701416015625,20.343231181051053,20.221415731559294,20.310747784038075,41860900
2017-08-08,20.221416473388672,20.586864384238016,20.15644812801185,20.262022657353896,73399300
2017-08-09,20.09147834777832,20.115842056417492,19.864088380714993,19.97778413873037,56910400
2017-08-10,19.587970733642578,19.961538241546496,19.563607029183434,19.961538241546496,78023700
2017-08-11,19.3768253326416,19.685424543721684,19.32809791854949,19.54736663506202,68157400
2017-08-14,19.831605911254883,19.888453018434447,19.628579643346445,19.67730551393357,54989500
2017-08-15,19.872209548950195,20.180810328121023,19.855968625547064,20.099599515235678,45143200
2017-08-16,19.64482307434082,19.994028520004107,19.555491016436005,19.92906017306449,59188900
2017-08-17,19.198163986206055,19.628580244993174,19.18192306149087,19.54736942554706,78969300
2017-08-18,19.181915283203125,19.409303626684963,19.043857410817616,19.133187881913944,60461200
2017-08-21,18.987016677856445,19.198164191082622,18.79211163848634,19.149438318481984,70124800
2017-08-22,19.35246467590332,19.40119054870821,19.141317161792042,19.16568087267827,59228600
2017-08-23,19.29561996459961,19.466161315098955,19.15756201701872,19.17380449296183,39825500
2017-08-24,19.360580444335938,19.441791242050584,19.230643787579357,19.433670007382403,39178700
2017-08-25,19.303743362426758,19.547374332961684,19.287500884666315,19.401195131053555,43511900
2017-08-28,19.263134002685547,19.40931318057335,19.141318537434937,19.36058730426664,37155000
2017-08-29,19.149438858032227,19.246892154946885,18.77587124262252,18.857080516255863,60897200
2017-08-30,19.48410987854004,19.62287401969697,19.231068378442025,19.369832519598955,58412900
2017-08-31,19.500431060791016,19.62287118172641,19.410643610833418,19.614708403204663,62362400
2017-09-01,19.663677215576172,19.73714064183733,19.426961384981265,19.50858758714814,56233900
2017-09-05,19.027000427246094,19.451455560610363,18.961699757258575,19.451455560610363,108605400
2017-09-06,19.10862159729004,19.2473856789041,18.945369187076896,19.173922249997222,64188900
2017-09-07,18.749469757080078,19.10862417384212,18.569893327144346,19.0841358419411,103501200
2017-09-08,18.684167861938477,18.9616960442638,18.6515183117834,18.716818968984033,68365000
2017-09-11,19.067813873291016,19.10862620724509,18.839260755232264,18.953536535816266,73741000
2017-09-12,19.54940414428711,19.614704803586537,19.14127463444304,19.14943585457626,99658500
2017-09-13,19.859586715698242,19.875912273715375,19.484108222649606,19.524920560801537,86339800
2017-09-14,19.78611946105957,20.03099811360837,19.753469908187427,19.90039523144798,70051000
2017-09-15,19.90039825439453,19.924886590436465,19.712659015412235,19.76163413060526,85937600
2017-09-18,20.16160011291504,20.21873800001946,19.92488422989311,19.933047007606692,68076400
2017-09-19,20.292198181152344,20.39831116059294,20.096296218184047,20.161596872506813,56218100
2017-09-20,20.45545196533203,20.60237884780353,20.13711142457087,20.308525082860534,82289900
2017-09-21,20.537080764770508,20.6350325510234,20.341178749155546,20.44729175711292,57864000
2017-09-22,20.422801971435547,20.463614301512607,20.284037869526713,20.414639194042017,61446000
2017-09-25,20.210573196411133,20.47177582950037,20.06364632607581,20.357500066746454,62361700
2017-09-26,20.25138282775879,20.373821351106777,20.153432631836516,20.267708379375932,53012700
2017-09-27,20.741138458251953,20.928877630999096,20.553399285504806,20.65951225713441,92877400
2017-09-28,20.77379035949707,20.928878434998914,20.684001379129427,20.88806611131745,64991400
2017-09-29,20.684001922607422,20.79827767743043,20.659513593620897,20.741139800018928,66232600
2017-10-02,20.91256332397461,20.937050105830103,20.72482250736676,20.781960407550926,54001400
2017-10-03,21.10845375061035,21.16559161936053,20.91255181908538,21.018664781494262,55946900
2017-10-04,20.98602294921875,21.181926524151084,20.977861727413178,21.10846307277417,53402800
2017-10-05,21.328847885131836,21.41047409995489,20.945206699421203,21.034995691415617,62636900
2017-10-06,21.394147872924805,21.467611308266616,21.255385336046384,21.426798980583612,53900600
2017-10-09,21.100296020507812,21.44312487186794,21.02683258400989,21.43496209482478,55172500
2017-10-10,21.165592193603516,21.181917744229395,20.986014250499217,21.083965997364306,46133800
2017-10-11,21.083969116210938,21.165595324524705,20.93704225262424,21.165595324524705,51652300
2017-10-12,20.77379035949707,21.165594271644395,20.684001379129427,21.116619171848566,71770000
2017-10-13,21.083969116210938,21.222733203277212,20.504425995275003,20.7166519572442,104196900
2017-10-16,21.41864013671875,21.492103585550467,21.11662511986906,21.11662511986906,71927200
2017-10-17,21.385984420776367,21.573723599548053,21.312520993102172,21.524748500062035,48644400
2017-10-18,21.61454200744629,21.6716798990793,21.492103445819723,21.500266224180265,55382500
2017-10-19,21.696165084838867,21.704327862014534,21.345173450737914,21.385987336616253,54542700
2017-10-20,22.17775535583496,22.185918132022703,21.95736506943703,22.07164237917505,83764700
2017-10-23,22.169597625732422,22.389987962294022,22.11245973630328,22.21857273711587,69607700
2017-10-24,22.59404945373535,22.724650769673318,22.316521268144545,22.32468404500198,90346500
2017-10-25,22.55323600769043,22.78995187048429,22.316521701787096,22.76546353943614,81265300
2017-10-26,22.643022537231445,22.838924493655288,22.594047437348074,22.602210213477026,55342500
2017-10-27,22.691999435424805,22.822600750057344,22.54507412413106,22.594049227895642,58856700
2017-10-30,22.528751373291016,22.65935270417114,22.414474041102903,22.569563705357055,51357600
2017-10-31,22.357330322265625,22.62669569156195,22.316518000844166,22.561395043153453,50311200
2017-11-01,22.47161102294922,22.634861890213166,22.33284692948509,22.561398455032712,46527700
2017-11-02,22.749143600463867,22.80628149287839,22.26755056884031,22.455289803028258,59692000
2017-11-03,22.708322525024414,22.708322525024414,22.54507167789241,22.6348590989034,37816100
2017-11-06,22.651187896728516,22.708325779257418,22.54507490873063,22.643025119668597,37261000
2017-11-07,22.18592071533203,22.667513668252496,22.05531939490179,22.64302533683787,68342100
2017-11-08,21.867572784423828,22.00633527810018,21.62269422389433,22.00633527810018,83128200
2017-11-09,21.62270164489746,21.761465743088262,21.320686673881955,21.62270164489746,95448600
2017-11-10,21.639026641845703,21.826765841358874,21.59821275702294,21.70432730067161,61105300
2017-11-13,21.549240112304688,21.614540778585674,21.337012557668807,21.434964335535632,55902200
2017-11-14,21.41864013671875,21.508429142377693,21.288038795882542,21.434965693545976,61596800
2017-11-15,21.867572784423828,21.981848511870247,21.067638021628834,21.21456484656853,98274900
2017-11-16,21.843093872070312,22.079808203321257,21.826768316290057,21.96553242664085,54565200
2017-11-17,21.72881317138672,21.81860059404986,21.581886316441143,21.639024191833236,48420700
2017-11-20,21.826766967773438,21.908393184740937,21.663516090729033,21.826766967773438,46328800
2017-11-21,21.818603515625,21.924718061468226,21.785953963982077,21.875741398668023,57749100
2017-11-22,21.761463165283203,21.957365123601154,21.70432528871843,21.851252146679485,38103200
2017-11-24,21.704330444335938,21.82676900275725,21.68800488804223,21.810443446463545,14273600
2017-11-27,21.704330444335938,21.973695895619123,21.639029776051853,21.647192554198707,44828600
2017-11-28,22.561399459838867,22.61037612340075,21.68800253256267,21.72881641886424,99765000
2017-11-29,23.083803176879883,23.25521680543686,22.72464881056813,22.871575667554318,119728400
2017-11-30,23.09200096130371,23.542855873498276,23.018224475522796,23.46088339020828,122131900
2017-12-01,23.034618377685547,23.37071054465488,22.5427756863689,23.157578659633504,137774800
2017-12-04,23.821561813354492,24.026496106636852,23.624825079426376,23.649417757489108,145661700
2017-12-05,23.715002059936523,24.018304007370368,23.649423133719075,23.854357473589214,91349800
2017-12-06,23.477272033691406,23.747785237080112,23.41989068199146,23.551048504026923,74593800
2017-12-07,23.592037200927734,23.74778614333563,23.255945073695454,23.682207229815297,80706100
2017-12-08,23.81336784362793,23.846158085987707,23.575644840618803,23.78877672538291,60991300
2017-12-11,23.723201751708984,23.911740986076033,23.69041150389294,23.796978245770017,54001900
2017-12-12,24.03470230102539,24.182255295364516,23.698610064375217,24.03470230102539,76017200
2017-12-13,23.6412296295166,24.1330724423139,23.63303206689204,24.026505691719798,79980600
2017-12-14,23.551057815551758,23.919940313076662,23.534662690433944,23.82157112589496,60615800
2017-12-15,23.805171966552734,23.91993468834079,23.55924983818928,23.698605241871125,129859400
2017-12-18,24.16585350036621,24.18224862043956,23.993709430170195,24.010104550243543,70548600
2017-12-19,24.141265869140625,24.297014841749323,24.07568694290409,24.26422616039352,67984100
2017-12-20,24.16585350036621,24.460959407587616,24.141262383780898,24.39538049081894,81271200
2017-12-21,24.444568634033203,24.5757264908919,24.247831848745157,24.25602941023945,72953200
2017-12-22,24.493751525878906,24.61671338018193,24.280621189076836,24.575725574239282,54203000
2017-12-26,24.411781311035156,24.54293917519783,24.247833199069277,24.37899106323195,42371200
2017-12-27,24.370792388916016,24.370792388916016,24.264227215469738,24.31341102140456,35111800
2017-12-28,24.428173065185547,24.44456818787489,24.313410333410065,24.370791699297804,37914900
2017-12-29,24.198650360107422,24.49375478453059,24.198650360107422,24.46916366121832,40672000
2018-01-02,24.510147094726562,24.510147094726562,24.272424070028595,24.38718680170865,57121600
2018-01-03,24.428173065185547,24.542937360485986,24.338003017444077,24.5101471151073,57865700
2018-01-04,24.74787139892578,24.952805739445314,24.493751690943604,24.56752817861263,76512500
2018-01-05,24.86263656616211,24.936413061062225,24.63310951941451,24.89542681435109,56445200
2018-01-08,24.69049644470215,24.81345676823588,24.633113501096087,24.780666514746702,42914800
2018-01-09,24.813453674316406,25.03478316719538,24.698689364939263,24.756072301390407,69479100
2018-01-10,25.0429744720459,25.190527439641695,24.846237703093124,24.895423067974956,63532800
2018-01-11,25.133150100708008,25.15774278708565,24.961005986639854,25.133150100708008,59318300
2018-01-12,25.567609786987305,25.575807348560033,25.223320018557747,25.31349006880775,66371600
2018-01-16,25.608591079711914,26.059447497885447,25.43644701054499,26.018459697947108,104467900
2018-01-17,25.559412002563477,25.649583615552277,24.870832471708045,25.411859022590885,124382900
2018-01-18,25.805334091186523,25.993873326082802,25.584004608382156,25.682373788581344,76463800
2018-01-19,26.00206756591797,26.018462687777298,25.788935672321323,25.88730483995242,66491000
2018-01-22,26.18241310119629,26.18241310119629,25.88730713565766,25.961083627042317,53848800
2018-01-23,26.166013717651367,26.3381593573626,26.05944856051566,26.116829919244484,56531400
2018-01-24,26.305368423461914,26.40373601768569,26.08403899117134,26.239787942613106,81585000
2018-01-25,26.305368423461914,26.436526258110096,26.174210588813736,26.428330261528714,62265800
2018-01-26,26.395544052124023,26.395544052124023,26.190609708748916,26.321767563426988,52699900
2018-01-29,26.46112060546875,26.60047758076146,26.379148121449383,26.436529485672907,59126500
2018-01-30,26.133224487304688,26.395541737180025,26.10863336891234,26.190607411778082,60555800
2018-01-31,26.23159408569336,26.469318657586882,26.190607845344402,26.272580326042316,65734100
2018-02-01,26.64147186279297,26.64147186279297,26.198812810580534,26.231603064903847,62367400
2018-02-02,26.19060707092285,26.78081579400547,26.116830589656324,26.592276592335367,96971900
2018-02-05,24.805253982543945,26.215201751706136,23.89534496561441,25.510228648887548,155908300
2018-02-06,25.575807571411133,25.649584062683523,24.018305256571825,24.108476871132524,165878400
2018-02-07,25.616798400878906,26.01846961218165,25.29710125716403,25.51023320748238,101180500
2018-02-08,24.378986358642578,25.723354988639986,24.37078879827372,25.665973629582748,128981300
2018-02-09,24.86263656616211,25.092163612909705,23.878951009843938,24.731478700456364,143071100
2018-02-12,25.510234832763672,25.77255061493701,25.034787086693143,25.10036603223648,95055100
2018-02-13,25.559412002563477,25.739753665016092,25.21512223713576,25.4446492685959,76727300
2018-02-14,26.23159408569336,26.256185204492795,25.46104057163916,25.55121217663668,97251500
2018-02-15,26.40373992919922,26.616873396482518,26.12503066192671,26.551292905918455,68117400
2018-02-16,26.207000732421875,26.444723734704404,26.16601449312224,26.23159341411654,62137800
2018-02-20,26.174213409423828,26.362752621607537,26.026660438662706,26.198804528867424,58573900
2018-02-21,26.125028610229492,26.534895699391807,26.043054566987095,26.067645685492433,72210300
2018-02-22,25.977476119995117,26.346356976042202,25.895502075254146,26.22339669069317,64749700
2018-02-23,26.25619125366211,26.280785505177512,26.034863315851165,26.067652002979553,53626300
2018-02-26,26.575885772705078,26.592280896423446,26.27258380154052,26.370951416800626,61796300
2018-02-27,26.50210952758789,26.928370189759782,26.493910403094333,26.493910403094333,69235500
2018-02-28,26.313570022583008,26.86279572195685,26.30537402425658,26.6332702442156,72044000
2018-03-01,25.90216636657715,26.61801317090092,25.803429633963145,26.387626415206864,90547100
2018-03-02,26.025583267211914,26.074953193805822,25.20276999001481,25.60594987690616,82739100
2018-03-05,26.436996459960938,26.618013280702634,25.647094748830146,25.795201417754175,70543100
2018-03-06,26.4205379486084,26.593328003887756,26.288887934283565,26.57687135974916,50832600
2018-03-07,26.478134155273438,26.51927419548461,25.984445825779684,26.08318411943521,52763900
2018-03-08,26.494590759277344,26.552187443243156,26.173692482423345,26.48636086797716,53139800
2018-03-09,26.92245101928711,26.9306777708675,26.659151025745523,26.716747703158777,73905800
2018-03-12,27.02118492126465,27.19397493552976,26.85662165772413,26.897761688913466,60322800
2018-03-13,26.62624168395996,27.144614996209626,26.576871750817716,27.128158351828876,63347500
2018-03-14,26.44522476196289,26.782578163427978,26.27243468436026,26.782578163427978,58011400
2018-03-15,26.41230583190918,26.609782406150984,26.272429076691637,26.568642368662513,41964200
2018-03-16,26.469905853271484,26.799032472290087,26.395855659715565,26.420539057567538,83447600
2018-03-19,26.31357192993164,26.511048525304936,26.066728539803023,26.43699519438795,57363200
2018-03-20,26.31357192993164,26.49459188079183,26.231290276758102,26.379398507984074,44784500
2018-03-21,26.223060607910156,26.700292259978507,26.066725641203952,26.33002564656693,64546300
2018-03-22,25.136943817138672,25.91038870102667,25.029978786628917,25.86924866684408,110271900
2018-03-23,24.00147247314453,25.268604585136192,23.90273415185274,25.252149506081206,115740200
2018-03-26,25.04643440246582,25.14517110821768,24.396411217134226,24.59388619802959,83297000
2018-03-27,24.28944969177246,25.235684700129394,24.034376431468626,25.219228057001686,85821800
2018-03-28,24.18248176574707,24.65148508363836,23.869813410283474,24.511608332835216,79396100
2018-03-29,24.67616844177246,24.799590111705893,24.11665519738978,24.330586824323845,65678300
2018-04-02,24.116657257080078,24.73376722884338,23.65588225092652,24.519835583638418,86644200
2018-04-03,24.347047805786133,24.39641616868197,23.94386944178755,24.30590776493826,69698700
2018-04-04,24.585662841796875,24.659716170758863,23.82044772484294,23.861587765647617,66640800
2018-04-05,24.94769859313965,25.136945272362127,24.783136877490808,24.83250523524628,55765500
2018-04-06,24.379953384399414,24.92301151705015,24.166023342599253,24.692623265907155,79687600
2018-04-09,24.577436447143555,25.20277323732148,24.48692647278455,24.53629483634765,65917500
2018-04-10,25.079349517822266,25.16163116337543,24.873646188635288,25.079349517822266,60540500
2018-04-11,24.60211944580078,24.881876117114373,24.593891123774856,24.807822788273015,62211500
2018-04-12,25.219228744506836,25.34265043254551,24.824278715026313,24.865418754575238,57989100
2018-04-13,24.519840240478516,25.64709536018831,24.32236520033656,25.614182068801927,99254500
2018-04-16,24.626802444458008,24.988840737715865,24.248307508463014,24.750224126202873,110588900
2018-04-17,24.717313766479492,24.988842108975003,24.585662186749865,24.824278811356912,83475900
2018-04-18,24.29767417907715,24.865414152864805,24.272989218280966,24.709080775997165,79743200
2018-04-19,24.832508087158203,24.88187645058343,24.30590802557717,24.314134778321396,80902600
2018-04-20,24.89832878112793,25.120488732139382,24.79136218128166,24.89832878112793,65554600
2018-04-23,24.94769859313965,25.013523593277547,24.783136877490808,24.906558556575387,50686300
2018-04-24,24.840734481811523,25.39201946702495,24.68439951213826,25.062892884682956,81486800
2018-04-25,24.79959487915039,24.96415818362487,24.51983820317896,24.758454837727758,65893500
2018-04-26,24.741994857788086,24.914786461130436,24.676169858750942,24.717311464019012,45936700
2018-04-27,24.807819366455078,24.857187722409137,24.659712729201154,24.67616937098309,47411200
2018-04-30,24.618574142456055,25.03820911623217,24.618574142456055,24.906559113015174,55153900
2018-05-01,24.643260955810547,24.651487708411093,24.371732607626033,24.618575989833065,52871700
2018-05-02,24.338815689086914,24.74199399022619,24.322359047556727,24.643257279828504,68234600
2018-05-03,24.026145935058594,24.289445906501708,23.392579397903834,24.28121758622016,110672700
2018-05-04,24.108428955078125,24.20716724117162,23.713478949487765,23.853357272641663,58281900
2018-05-07,24.388185501098633,24.511608750555926,24.133113819711056,24.223623784141925,46765200
2018-05-08,24.626802444458008,24.791364163653885,24.412870797050722,24.495152441344576,65119800
2018-05-09,25.276823043823242,25.334421290908427,24.750223054178516,24.766679696202853,72266500
2018-05-10,25.416702270507812,25.564808915235897,25.029980585467012,25.186315551501302,54773200
2018-05-11,25.44138526916504,25.531895227149903,25.35087531118017,25.433156948494442,42024800
2018-05-14,25.60595703125,25.696465449843465,25.531903690060304,25.540132013458294,41791600
2018-05-15,25.688230514526367,25.803425443055882,25.38379047412192,25.441387153690773,64433500
2018-05-16,25.556589126586914,25.71292414481726,25.523677399765567,25.655327445835646,43590100
2018-05-17,25.350873947143555,25.573033885120967,25.235680602736725,25.540122173601137,45981500
2018-05-18,24.89832878112793,25.334420362440223,24.87364381899609,25.317963721018995,58641700
2018-05-21,25.136943817138672,25.243910417040137,25.079347141526362,25.112260424385802,34983300
2018-05-22,25.416702270507812,25.622405594987526,25.128718871749673,25.178087230195093,61103000
2018-05-23,25.04643440246582,25.30973437699297,24.750221146426952,25.26859277510333,73893100
2018-05-24,24.857187271118164,25.021750547166317,24.54451892989673,25.013522226424737,62146200
2018-05-25,24.81605339050293,24.84073835884886,24.585665060783867,24.69263168755747,44166700
2018-05-29,23.828672409057617,24.519835706445537,23.614742332173005,24.486923990537065,135895000
2018-05-30,24.264766693115234,24.35527666825925,23.993238337075184,24.10020495668029,79435300
2018-05-31,23.992130279541016,24.173888269245083,23.818632655719824,24.124318194926566,97509300
2018-06-01,24.289546966552734,24.504352675827622,24.215191083503584,24.36390284960188,64796600
2018-06-04,24.289546966552734,24.446520672523594,24.231714963248706,24.41347291303335,43777000
2018-06-05,24.0582218170166,24.23997978843612,24.008650171880657,24.215193965868146,47690800
2018-06-06,24.818300247192383,24.8265606113141,24.190406995079503,24.198668935005138,74995800
2018-06-07,24.859609603881836,25.04136756384796,24.694373948782456,24.950489371766896,68402700
2018-06-08,24.793521881103516,24.826568074936826,24.628286184523798,24.793521881103516,49572900
2018-06-11,24.834821701049805,25.123983285332205,24.834821701049805,24.892653702745513,46732800
2018-06-12,24.7026309967041,25.008316425355044,24.578705067825382,24.925698614168006,49644600
2018-06-13,24.653066635131836,25.08267809190105,24.53740261823399,24.768730652029685,68900200
2018-06-14,24.372169494628906,24.82656524471556,24.273027772822328,24.818304879052203,77863200
2018-06-15,24.19041633605957,24.297818444957635,23.851684547329,24.16563050671178,105079500
2018-06-18,24.289546966552734,24.372164789474443,23.80210354469893,23.90950718723833,52644100
2018-06-19,24.17388916015625,24.264768946259718,23.917775261633388,23.992131163753623,65466200
2018-06-20,24.157358169555664,24.372163870733164,24.10778810799281,24.306069930048075,52256500
2018-06-21,24.198671340942383,24.330859241287378,23.959079786689532,24.13257581496581,68322600
2018-06-22,23.950817108154297,24.388690499436258,23.950817108154297,24.33911885648085,76079200
2018-06-25,23.52946662902832,23.884722176560924,23.347708673087805,23.843414051602977,73616400
2018-06-26,23.57904052734375,23.68644260799921,23.141167112170333,23.56251664545703,56369300
2018-06-27,23.33118438720703,23.835151697113904,23.33118438720703,23.55425204003177,61764400
2018-06-28,23.686443328857422,23.82689317756068,23.3807578078665,23.46337564401033,71292100
2018-06-29,23.289878845214844,24.099530146195676,23.281616904290047,24.033436194601403,102307600
2018-07-02,23.364234924316406,23.364234924316406,22.99245545875211,23.19899925610914,52534300
2018-07-03,22.951147079467773,23.48816063158254,22.918099315864843,23.405542798379322,40599000
2018-07-05,23.066810607910156,23.198998507890977,22.975930835746816,23.091596430083086,44506800
2018-07-06,23.157691955566406,23.256832099394813,22.82722060732725,22.975932398874036,39424900
2018-07-09,24.000385284423828,24.033433043790417,23.314660035606117,23.322921975447763,61758900
2018-07-10,23.81863021850586,24.231717805768053,23.752536267576073,24.140838032313063,58858400
2018-07-11,23.694705963134766,23.884725888760844,23.64513589032018,23.6864440216983,50218900
2018-07-12,23.769060134887695,23.93429422421021,23.678180361487655,23.876462214157126,51700700
2018-07-13,23.587297439575195,23.70296302004602,23.314659731571766,23.645131017712547,75178000
2018-07-16,24.603498458862305,24.661330471757484,23.736013538022135,23.77732324423595,129172000
2018-07-17,24.793521881103516,24.950495635273807,24.4382662365202,24.694380147994806,87778900
2018-07-18,24.892663955688477,25.02485346861637,24.65307391057903,24.719167879140723,59109200
2018-07-19,24.512615203857422,24.801776803119623,24.487829383645025,24.72742091828637,59260600
2018-07-20,24.892663955688477,24.917449784825802,24.339126378057607,24.4713158909855,80432700
2018-07-23,25.40488624572754,25.48750407713462,24.892656951646885,24.900918892368,74080200
2018-07-24,25.470983505249023,25.702313148085715,25.32227170455431,25.487507388838274,64761500
2018-07-25,25.669261932373047,25.702309695111747,25.33879218400632,25.363578006060344,57644100
2018-07-26,25.561861038208008,25.784927143802598,25.520551332872614,25.768404837472573,46215000
2018-07-27,25.66100311279297,25.727097070505213,25.446197356277118,25.60317109677029,57198900
2018-07-30,25.867542266845703,25.983207853854868,25.718830494836748,25.727092435037687,58721000
2018-07-31,25.512287139892578,25.95842246331065,25.462717073669676,25.908852397087752,64066000
2018-08-01,25.81797218322754,26.065824085864936,25.751878237470635,25.793186362642214,69070700
2018-08-02,25.84276008605957,25.867544332837888,25.504028389787077,25.59490658764773,46427200
2018-08-03,26.03278160095215,26.03278160095215,25.74361995624039,25.760143838979165,50153800
2018-08-06,26.041038513183594,26.098870515796385,25.875802869315145,25.983206510570803,41261500
2018-08-07,26.03278160095215,26.27237159744759,26.016257718213378,26.065827790625505,43946200
2018-08-08,26.27236557006836,26.363245328477877,26.007989810117575,26.032775628539397,43689600
2018-08-09,26.107133865356445,26.264107577927668,26.065824164256664,26.21453593660793,38219100
2018-08-10,25.768404006958008,25.884068026560996,25.52881245114715,25.801450194357113,55679800
2018-08-13,25.181819915771484,25.71057311947504,25.157035668091293,25.677525354829253,63960600
2018-08-14,25.43793296813965,25.528811160746642,25.132247477177934,25.28922119285038,42521200
2018-08-15,25.082685470581055,25.297491262155994,24.917449761429715,25.181825635428254,59747900
2018-08-16,25.38010025024414,25.479241962416417,25.214866164362423,25.247912351217145,44015400
2018-08-17,25.396625518798828,25.495767236386463,25.239651789203464,25.330531565675116,39843500
2018-08-20,25.5040283203125,25.553598389538198,25.322268773478125,25.355316536831317,40011000
2018-08-21,25.627952575683594,25.817972474905947,25.47097886181105,25.53707280831465,53510600
2018-08-22,25.59490394592285,25.685783710207634,25.512286121646135,25.545333881678392,33062900
2018-08-23,25.479238510131836,25.594902512157663,25.39662069048317,25.561856329780504,38259100
2018-08-24,25.520549774169922,25.677523493248763,25.48750358772408,25.561859476982267,43585000
2018-08-27,25.867542266845703,26.016254038854655,25.60316648363155,25.6362142444353,47729300
2018-08-28,25.834497451782227,25.95016146912079,25.768403502473898,25.908853341729603,38539000
2018-08-29,25.727094650268555,25.86754449417,25.66926263968633,25.809712483587777,46401800
2018-08-30,25.61968994140625,25.735353950703434,25.570119876822304,25.627951881470896,47358900
2018-08-31,25.55359649658203,25.570120377034574,25.297482652783525,25.512286795450677,49266000
2018-09-04,25.727094650268555,25.74361853209322,25.462718844290332,25.53707473669722,44745600
2018-09-05,25.760143280029297,25.809713351365843,25.58664566664516,25.669263502742172,48516700
2018-09-06,25.6107120513916,25.826556165260342,25.51109108213619,25.77674488892184,42666000
2018-09-07,25.6190185546875,25.83486270751336,25.42807846110417,25.735241720277624,49103800
2018-09-10,25.58580780029297,25.73523847056631,25.527696224835932,25.63561749591019,34156200
2018-09-11,25.6107120513916,25.652219864918763,25.486187027388528,25.50278920274644,53071000
2018-09-12,25.262041091918945,25.702029616631094,25.220531694875238,25.635616164782753,59482300
2018-09-13,25.021286010742188,25.46127602517469,24.97147632831891,25.345052905046625,59219500
2018-09-14,25.212230682373047,25.228832857297114,24.996386574144697,25.012988749068764,33743900
2018-09-17,25.137514114379883,25.31184881815241,25.029591273873727,25.187323803540394,35026600
2018-09-18,25.079402923583984,25.23713546558119,25.01298947170436,25.179023893114216,49921700
2018-09-19,25.735231399536133,25.901265783869377,25.012983886134126,25.012983886134126,92666300
2018-09-20,25.892967224121094,26.04239787248415,25.851457831008332,25.984284722126283,83357400
2018-09-21,25.760141372680664,26.042398923553566,25.71033009893497,26.017493286680722,85992100
2018-09-24,25.519393920898438,25.901272470075295,25.452980466705288,25.718634283477893,45587700
2018-09-25,25.46128273010254,25.76844595001327,25.40317115473551,25.610713400144427,40949900
2018-09-26,25.012989044189453,25.51939259575478,24.954877472715708,25.494486957942502,57882400
2018-09-27,24.855260848999023,25.162422499025908,24.84695896880617,25.10431092109767,45879700
2018-09-28,24.456777572631836,24.780544553966283,24.423571636564166,24.61451012336289,74707600
2018-10-01,24.614511489868164,24.85526126926644,24.523193973046208,24.639417130867848,53900900
2018-10-02,24.556394577026367,24.672617709603006,24.299042676283197,24.556394577026367,42940300
2018-10-03,24.905065536499023,25.054496183065446,24.672617688126653,24.747333011409864,61080300
2018-10-04,25.262041091918945,25.560902416947265,25.02129133933022,25.046196977556445,72325700
2018-10-05,25.096006393432617,25.444677407641148,24.946575732568732,25.403169594477436,51931000
2018-10-08,25.129215240478516,25.253740269980792,24.830353902935727,24.94657705268163,47471600
2018-10-09,24.888458251953125,25.062794509378666,24.79714076798851,24.929967638683586,58868600
2018-10-10,24.27413558959961,25.012985316962688,24.249229955498564,24.888460313300115,88454400
2018-10-11,23.543590545654297,24.282440361056516,23.46057333884672,23.983579049917857,111417300
2018-10-12,23.626605987548828,24.10810546664974,23.020583074325383,24.066596071854054,102279200
2018-10-15,23.178316116333008,23.75943498885267,22.94586825064083,23.65151214343713,114636100
2018-10-16,23.684720993041992,23.726228807663194,23.16171366165373,23.443971234658463,87887800
2018-10-17,23.991880416870117,24.23263015313149,23.377555633080338,23.55189192199745,79068700
2018-10-18,23.4522705078125,23.991879955024782,23.360951425688985,23.800941495513296,77369200
2018-10-19,23.5103816986084,23.676416102824117,23.21982228294161,23.36095105149854,64305400
2018-10-22,22.730024337768555,23.535289203731026,22.671912766703542,23.510383566093925,89942900
2018-10-23,22.43116569519043,22.580596361444275,21.675712067726337,21.90815836330198,102392500
2018-10-24,21.742116928100586,22.331535897121782,21.65079787183268,22.298329975201366,86386600
2018-10-25,22.074190139770508,22.356447679172803,21.733821033447995,21.899853855588415,73780400
2018-10-26,21.908153533935547,22.065886045035825,21.484767267353508,21.85834385063804,91103500
2018-10-29,22.090795516967773,22.56399154907149,21.825141715325092,22.15720896737844,89367000
2018-10-30,22.231922149658203,22.298335593654063,21.850043659115958,22.215318392803887,79004800
2018-10-31,22.82964515686035,23.14510864777694,22.464370390992553,22.49757790762669,92296300
2018-11-01,23.086997985839844,23.244730529217584,22.920965146398398,23.053792051320197,49827300
2018-11-02,23.153404235839844,23.56018670355043,22.846242707541762,23.253025175252347,69010200
2018-11-05,23.294538497924805,23.44396915075303,23.1534097239672,23.203220997190936,41103100
2018-11-06,23.4190673828125,23.452274903780648,23.028888511967274,23.261336408479053,43514400
2018-11-07,23.693021774291992,23.80094303735709,23.360952939029875,23.593400807029045,56679200
2018-11-08,23.966981887817383,24.174524156531547,23.601707051522336,23.659818633414805,49421200
2018-11-09,23.67641830444336,23.983579922356874,23.560193577316298,23.86735677865139,43270600
2018-11-12,23.03719139099121,23.67642194654626,22.9458722877914,23.560197201540547,50307500
2018-11-13,23.045486450195312,23.360949902584665,22.987374886604222,23.037184572050677,57423400
2018-11-14,22.588895797729492,23.327747221255756,22.23192448833864,23.203222198591824,69213300
2018-11-15,23.161706924438477,23.219818481373476,22.31493445173119,22.53077850850488,66174800
2018-11-16,23.03719139099121,23.153414552575104,22.763235664813593,22.987381690801232,52456100
2018-11-19,23.03719139099121,23.26133741697885,22.862856648615374,23.062097032797112,46000000
2018-11-20,22.730024337768555,22.887756875960413,22.389655207169294,22.763231854618024,92330600
2018-11-21,22.63871192932129,23.045494601766,22.622108167159,22.90436579023033,40364400
2018-11-23,22.389652252197266,22.555686647688376,22.3149369325684,22.48097132805951,22974100
2018-11-26,22.879457473754883,23.020586268801086,22.49758048917206,22.56399394663958,53210700
2018-11-27,23.028884887695312,23.161711783820184,22.738325458639093,22.77153297438106,43617100
2018-11-28,23.601699829101562,23.63490575855503,22.87945225828761,23.145106027600807,61388100
2018-11-29,23.27793312072754,23.535284996621098,23.219819976629136,23.394156242081802,46824600
2018-11-30,23.576793670654297,23.767732115178525,23.136805218787277,23.19491678160584,64284600
2018-12-03,23.693021774291992,24.108106234948085,23.543591115108352,24.06659683882954,59908700
2018-12-04,22.4062557220459,23.51038016271183,22.190411644034796,23.51038016271183,103565700
2018-12-06,21.938766479492188,21.972157989268286,21.312660146550556,21.897025101933632,133294200
2018-12-07,21.229177474975586,22.155815291400955,21.12065149330688,21.830238938665467,107477600
2018-12-10,20.66985511779785,21.062214472511016,20.27749576308469,21.02047469155429,110166900
2018-12-11,20.519590377807617,21.204133010026766,20.477850594777923,21.04551896842675,78545000
2018-12-12,20.46950340270996,20.86186279766809,20.344282454725093,20.76168667618849,87191800
2018-12-13,20.369325637817383,20.719945246657147,20.269149516589298,20.586376023505878,64860100
2018-12-14,20.43610382080078,20.761680093052256,20.135573959383578,20.185662004241404,92762600
2018-12-17,20.427759170532227,20.811771828595642,20.16896903522525,20.25245018630604,98602800
2018-12-18,20.427759170532227,20.945341033416696,20.294189965711173,20.594721472693802,89046300
2018-12-19,20.1856689453125,21.070565472676932,20.09383950460469,20.41106761308397,121887600
2018-12-20,20.12723159790039,20.394370038627727,19.83504833125335,19.91018121674175,112594000
2018-12-21,19.509475708007812,20.4611569061596,19.417646261775314,19.960271478400966,160800400
2018-12-24,18.975194931030273,19.375902588934764,18.916758596619704,19.000239756750815,64859100
2018-12-26,20.12723159790039,20.185667932775658,18.941803572969796,19.125460852902165,100877800
2018-12-27,20.344280242919922,20.344280242919922,19.526166847670183,19.851743187759478,91575400
2018-12-28,20.360977172851562,20.661508718280455,20.252452777152644,20.52793949637222,78693800
2018-12-31,20.569677352905273,20.845164046300592,20.34428030723316,20.511241022832113,56257300
2019-01-02,20.83681869506836,20.98708447477898,20.04375160209789,20.10218794036962,71836300
2019-01-03,20.502891540527344,20.903600737357074,20.411063709651565,20.820119588339608,66599600
2019-01-04,21.354398727416992,21.412835060432325,20.89525474606453,20.953691079079864,83829100
2019-01-07,21.33770751953125,21.52136643187036,21.11231040607943,21.33770751953125,57016300
2019-01-08,21.295961380004883,21.52970829320273,20.945341806343396,21.471270370700335,67339400
2019-01-09,21.504667282104492,21.57980017494396,21.195787434623252,21.429534389265026,69707200
2019-01-10,21.479625701904297,21.52136708883332,21.220835472028767,21.337708170887826,65235800
2019-01-11,21.730064392089844,21.73841266761061,21.254222241030465,21.31266016967585,63476000
2019-01-14,22.013896942138672,22.105724778111764,21.37944240356639,21.513011612500495,76715400
2019-01-15,22.16416358947754,22.381213976363977,21.746759366758408,21.88032859064687,80625500
2019-01-16,23.75029754638672,23.975694584611183,23.257760505943835,23.4831575441683,163131700
2019-01-17,24.201095581054688,24.209443856215522,23.44976833155731,23.658470433766063,107428800
2019-01-18,24.459882736206055,24.593451937824355,23.96734570813713,24.226137429509265,97928200
2019-01-22,24.284574508666992,24.45988349412172,24.117612205335366,24.192745082607544,84861400
2019-01-23,24.142658233642578,24.44318975773289,23.89221635841439,24.39310010887076,79425900
2019-01-24,24.276229858398438,24.376407573806745,23.992394855724122,24.000743131364047,59492300
2019-01-25,24.693632125854492,24.81050479099105,24.326315988220202,24.443190245627402,72182100
2019-01-28,24.73537826538086,24.768771373870734,24.451544804572176,24.47658804366853,59963800
2019-01-29,24.535018920898438,24.793810677181305,24.493279136863496,24.660241457544657,51451900
2019-01-30,24.267887115478516,24.60181025585115,24.167710969502295,24.560070460406244,66475800
2019-01-31,23.76699447631836,24.075874283637795,23.357938553085518,24.00074140056741,100201200
2019-02-01,23.691862106323242,24.07587480502931,23.633425772063138,23.875520976592934,64244100
2019-02-04,24.109262466430664,24.184395339138916,23.725251421273324,23.766991198435495,55195900
2019-02-05,24.025789260864258,24.109268837247875,23.85047864746278,24.084225601241133,46622600
2019-02-06,23.98404884338379,24.12596635811326,23.82543636806979,23.933960777088366,35606900
2019-02-07,23.574995040893555,23.908918167651326,23.291159985081684,23.825438580165184,62289200
2019-02-08,23.61672592163086,23.641769149828455,23.25775812294195,23.499851685050757,50031300
2019-02-11,23.71690559387207,23.75864537533985,23.549943283459758,23.65846926290894,47724400
2019-02-12,23.950654983520508,24.09257248434645,23.858825544082908,23.892218646522313,49178100
2019-02-13,23.95900535583496,24.20109900062373,23.925612250473254,24.100922869080414,48951200
2019-02-14,23.700206756591797,23.89221387271266,23.46646145530275,23.675163527036798,47756600
2019-02-15,24.301279067993164,24.46823983409028,23.93396283494582,24.009095736984392,65867000
2019-02-19,24.317964553833008,24.426490522163434,24.000738107274973,24.151003852796833,40841300
2019-02-20,24.55171775817871,24.585110862333472,24.217794677985342,24.292927570062705,42806300
2019-02-21,24.4515380859375,24.58510729865362,24.301272323564213,24.484929592981224,42754100
2019-02-22,24.276229858398438,24.43484391101544,24.176052142990127,24.251185031478666,47887800
2019-02-25,24.434839248657227,24.7019776490796,24.309618322493044,24.309618322493044,61227400
2019-02-26,24.4515380859375,24.73537146875629,24.176049793406065,24.226139442377573,53153200
2019-02-27,24.65188980102539,24.76876245410951,24.384749806122368,24.45988268089658,48128600
2019-02-28,24.400175094604492,24.794537734572888,24.341440403587956,24.75258484110402,62358100
2019-03-01,24.593156814575195,24.878440923136495,24.50924944139834,24.609938609290573,45771500
2019-03-04,24.358219146728516,24.786145328132303,24.140060607165797,24.609939676777756,56893200
2019-03-05,24.400175094604492,24.492473380716365,24.0813289432003,24.34983130236179,39932500
2019-03-06,24.19879150390625,24.46729378738041,24.165227918272056,24.341433542051877,41672000
2019-03-07,23.955459594726562,24.098101628617535,23.712130007735965,24.056148748225993,53908600
2019-03-08,24.03937530517578,24.05615710332091,23.50237056773448,23.544323462696948,40860700
2019-03-11,24.282703399658203,24.383390974553176,24.081326649468103,24.081326649468103,40709300
2019-03-12,24.282703399658203,24.43373636240081,24.24074890978517,24.33304718710569,34450000
2019-03-13,24.576377868652344,24.760972818698175,24.316264838551266,24.37499952263857,54683300
2019-03-14,24.719018936157227,24.87005189917247,24.534423981583128,24.593158667111243,45219100
2019-03-15,24.584762573242188,24.84487555475035,24.551200588776503,24.702233519871612,82346200
2019-03-18,25.02107810974121,25.138547449095952,24.609933821599892,24.651886699826665,58568600
2019-03-19,24.878442764282227,25.28958716283581,24.78614608731723,25.18050868991349,55455100
2019-03-20,24.030977249145508,24.886829494851078,23.997415263251106,24.853267508956677,81689900
2019-03-21,23.645008087158203,23.997417778181287,23.52753872361719,23.871557517187338,77444400
2019-03-22,22.663297653198242,23.552712062872903,22.41157550679207,23.41846089161636,118851600
2019-03-25,22.520652770996094,22.973750017297803,22.327666936467587,22.579387451035203,65568000
2019-03-26,22.83111000061035,22.948580971559124,22.554216769745622,22.78076621328953,59878500
2019-03-27,22.68007469177246,22.96535877094443,22.61294912022611,22.73041847033226,57621700
2019-03-28,22.931800842285156,22.998926430391503,22.671689388423083,22.822722361762434,45872300
2019-03-29,23.149953842163086,23.22547031069061,22.906622643485534,23.11639025597313,83446300
2019-04-01,23.94707489013672,24.114888044276082,23.368115747415654,23.410068635850468,91751100
2019-04-02,24.22397232055664,24.22397232055664,23.787655163321723,23.888342753206466,66694000
2019-04-03,24.19879150390625,24.534419358248947,24.081322154986267,24.39177732010332,63110600
2019-04-04,24.458906173706055,24.593157333461555,24.198794751729782,24.207185649264506,53712100
2019-04-05,24.400175094604492,24.75258484110402,24.31626770726645,24.601551863975608,46383400
2019-04-08,24.47568702697754,24.5008597186131,24.223966512221924,24.24074670624563,35272800
2019-04-09,24.240747451782227,24.391780405440688,24.114887190533523,24.333045723551297,40535300
2019-04-10,24.391782760620117,24.458908346460824,24.123280417257288,24.24914069065859,42669700
2019-04-11,24.391782760620117,24.744192486383884,24.32465717477941,24.54281572886176,50440100
2019-04-12,25.314756393432617,25.356709277186162,24.80292288955972,24.80292288955972,100192000
2019-04-15,25.03786277770996,25.28958327678939,24.886829838102344,25.256021290432088,57438800
2019-04-16,25.07143211364746,25.21407419838068,24.333050592934576,24.584771165804785,105168400
2019-04-17,25.197290420532227,25.27280690174422,24.719018839389534,25.029475662194425,94831600
2019-04-18,25.197290420532227,25.306368893171694,25.021084764237518,25.130164837277132,61796600
2019-04-22,25.21407127380371,25.2560257646827,24.98752342465793,25.113383696494516,34763400
2019-04-23,25.23084831237793,25.348317663887542,25.104988064274792,25.163722740029595,41889700
2019-04-24,25.188899993896484,25.314760264804793,25.046257926760358,25.130165307499286,40078100
2019-04-25,25.239242553710938,25.440619297442662,25.088209595812117,25.09660049351762,43243800
2019-04-26,25.46579360961914,25.499355602174845,25.214071463650463,25.314760642117974,40627500
2019-04-29,25.818199157714844,26.153827030987067,25.516133271569874,25.53291506533347,68408600
2019-04-30,25.658777236938477,25.910497760620384,25.51613518007871,25.843372180945206,47764200
2019-05-01,25.390277862548828,25.91889166374005,25.32315227508962,25.641998415420794,56161000
2019-05-02,25.59165382385254,25.641997612771014,25.297978787761078,25.390277067778445,40634100
2019-05-03,25.767852783203125,25.843369251828587,25.59164875667696,25.725899900811147,35256100
2019-05-06,25.566478729248047,25.68394969289766,25.23085083396354,25.264414423692013,39882000
2019-05-07,25.104990005493164,25.31475763535176,24.861658786665185,25.306366738109418,58528400
2019-05-08,25.004301071166992,25.264414086894988,24.895222606803657,24.945566390325194,39903400
2019-05-09,24.92878532409668,24.98752160705476,24.56798633118319,24.685455696299204,44173500
2019-05-10,24.8197078704834,24.928786342490064,24.492470854063274,24.719018695984825,59649900
2019-05-13,23.7037410736084,24.333043933969684,23.53592633735208,24.299480346558447,72547000
2019-05-14,24.014202117919922,24.324657354577884,23.670181687493198,23.796043562225027,52216100
2019-05-15,23.737302780151367,23.905115902710772,23.502362488088433,23.577878953380097,51973200
2019-05-16,23.98902702331543,24.190403762182708,23.85477586407058,23.87994695617895,42791500
2019-05-17,23.829599380493164,24.030976087323268,23.678566450270633,23.70373913877432,43772500
2019-05-20,23.829599380493164,23.93028853410812,23.695348242606425,23.829599380493164,41717600
2019-05-21,24.072935104370117,24.123278890464274,23.871558359593383,23.972245931781696,39258700
2019-05-22,23.90511703491211,24.022586386307292,23.787647683516926,23.921898828082814,29177600
2019-05-23,23.292593002319336,23.66178440275543,23.07443452026163,23.60304813418631,59772900
2019-05-24,23.645008087158203,23.712133666381646,23.376505770264433,23.43524045203494,35524400
2019-05-28,23.410062789916992,23.703737736824852,23.39328099857375,23.535923024191874,44273400
2019-05-29,23.284212112426758,23.368119503182243,22.973755246751576,23.099617133084983,49818900
2019-05-30,22.789159774780273,23.43524458911072,22.638126794765327,23.300993406964178,58649300
2019-05-31,22.319278717041016,22.54582816757238,22.21858953889368,22.23537133531827,68304200
2019-06-03,22.38640594482422,22.646517406888883,22.151465578843045,22.31088945577314,50109900
2019-06-04,23.42685317993164,23.45202587618597,22.772377480921694,22.80594107592747,58426400
2019-06-05,23.41845703125,23.50236439955386,23.040874674082612,23.35972235355728,44874400
2019-06-06,23.51968765258789,23.6546658236466,23.232863665099813,23.418456035603285,38633600
2019-06-07,23.224428176879883,23.443765499474562,23.131631184115474,23.410020553361107,51317200
2019-06-10,23.679975509643555,24.017416951526084,23.485946881692065,23.50281935604812,48305800
2019-06-11,23.82339096069336,24.21144986860005,23.73903018862252,23.941495076163793,38691800
2019-06-12,23.57874298095703,23.84869612415156,23.502818458302613,23.789644075208713,33528900
2019-06-13,23.570308685302734,23.75590108427206,23.460639206193022,23.595615788906677,33404200
2019-06-14,23.6546688079834,23.76433667506064,23.435331464781175,23.544999331858417,37322100
2019-06-17,23.56187629699707,23.806520789739608,23.44377217009019,23.629364599379294,33410100
2019-06-18,24.143957138061523,24.295804569040666,23.47750893106586,23.637794207654927,60170700
2019-06-19,23.89087677001953,24.439219317837587,23.874004295551842,24.211447348714703,61953500
2019-06-20,23.848695755004883,24.135521367471295,23.494381857784468,24.11864889402089,60887200
2019-06-21,23.72215461730957,24.0849031298992,23.68840967155375,23.781206663334682,69444000
2019-06-24,23.604053497314453,23.94149497512583,23.528128963675908,23.68841426902927,40046400
2019-06-25,23.41845703125,23.637794356105264,23.097886476058612,23.637794356105264,46901300
2019-06-26,23.545000076293945,23.772773664018793,23.494384259815465,23.57030878905708,42312300
2019-06-27,23.798076629638672,23.890873617919837,23.671536305921865,23.688408778163442,35575600
2019-06-28,24.46453285217285,24.692306475243925,24.236759229101782,24.47296909106971,101856900
2019-07-01,24.8188419342041,25.181592089817347,24.67542911940463,24.869457748531058,48029900
2019-07-02,24.591068267822266,24.82727808224572,24.405475876591655,24.75135355650417,32263500
2019-07-03,24.5067138671875,24.66699919748185,24.405482212616015,24.624819609585085,26642300
2019-07-05,24.683870315551758,24.945387286001367,24.591073296436583,24.768231095743,33092000
2019-07-08,24.633249282836914,24.717608436144015,24.413911944333496,24.472963995267552,30924400
2019-07-09,24.759784698486328,24.818836737678183,24.41390708975058,24.439214187091437,28750100
2019-07-10,24.481399536132812,24.801968493106536,24.43078211473091,24.60793987154224,40574800
2019-07-11,24.768224716186523,24.88632881260534,24.48983533959386,24.548887387803266,37376800
2019-07-12,24.844154357910156,24.91164265677891,24.768229820551813,24.835718119420566,29632900
2019-07-15,24.650121688842773,24.911640229393846,24.532017579592488,24.886331516391152,46462100
2019-07-16,24.456092834472656,24.6332506058373,24.346424963854773,24.607941893057266,54920400
2019-07-17,24.624814987182617,24.987565167575088,24.464529686975933,24.54889045598197,84958300
2019-07-18,24.869461059570312,24.95382183404524,24.616380345193473,24.700741119668397,49468800
2019-07-19,24.801973342895508,24.97913113434835,24.78510086579562,24.920079073546727,44863200
2019-07-22,24.945383071899414,24.979128021894493,24.70073862062622,24.70917485812499,31224300
2019-07-23,25.519031524658203,25.544340234353015,25.05504977691982,25.09722935069691,64030300
2019-07-24,25.873350143432617,25.940838439237822,25.341880015097598,25.367187120369618,53171900
2019-07-25,25.59496307373047,26.05894494889021,25.48529357731581,25.932404583760103,43251900
2019-07-26,25.95770835876465,26.1433007516872,25.66244649030552,25.788986831345795,46978800
2019-07-29,25.746810913085938,26.02520034655763,25.72150219766198,25.915530855435104,39176700
2019-07-30,26.05893898010254,26.06737521705197,25.43467192727378,25.485287739922686,37598300
2019-07-31,25.881784439086914,26.20235341784067,25.805859910873277,26.00832478309372,60607600
2019-08-01,24.877891540527344,26.21078631981104,24.76822368542351,25.772111681300565,76913400
2019-08-02,24.785099029541016,24.88633227559228,24.388605501356604,24.76822816273902,57492300
2019-08-05,23.688413619995117,24.16083167598736,23.37627925591677,24.068036277786643,96207700
2019-08-06,23.97524070739746,24.03429276680456,23.359409789226394,23.966804469046743,65115800
2019-08-07,23.52812385559082,23.561868800569687,22.87854975522298,23.29191567692889,75388500
2019-08-08,23.941492080688477,24.034289079260752,23.679975168132067,23.713720116357507,53141900
2019-08-09,23.899314880371094,24.059600182281102,23.595616752341158,23.848699062048723,53499600
2019-08-12,23.317228317260742,23.494386102401002,23.165379246868497,23.477513625902326,55674700
2019-08-13,23.384716033935547,23.83182699576826,23.097890376767072,23.25817568143131,69919200
2019-08-14,22.288034439086914,22.84481336741524,22.169930305516708,22.726709233845032,106591700
2019-08-15,22.144615173339844,22.6339056537603,22.11087022549473,22.42300455687135,70192000
2019-08-16,22.80262565612793,22.878550174674835,22.304898971897142,22.380823490444044,70841700
2019-08-19,23.00509262084961,23.367842774186926,22.895423146606937,23.317225351129824,44964800
2019-08-20,22.541109085083008,22.82793471103271,22.524238219887156,22.794191371593296,47665000
2019-08-21,22.718271255493164,22.844811618782217,22.600167130963115,22.718271255493164,47785400
2019-08-22,22.93760871887207,23.030404127460027,22.743578444810655,22.853247940025547,49353700
2019-08-23,22.330209732055664,22.962913084284022,22.153053565774684,22.735141100358167,81880700
2019-08-26,22.59172821044922,22.608599076916555,22.347082142622856,22.5242399174364,41499100
2019-08-27,22.330209732055664,22.692959911447577,22.16992604133892,22.659216569366937,52517000
2019-08-28,22.65078353881836,22.844812208137032,22.110875507649457,22.119311746626103,45897900
2019-08-29,23.055713653564453,23.156946913545283,22.709835896289402,22.777324199927264,55432900
2019-08-30,23.207555770874023,23.359404810728105,23.072579204125418,23.199119534321287,41326200
2019-09-03,22.819499969482422,22.971349029531115,22.44831516608318,22.95447655418175,50743100
2019-09-04,23.190685272216797,23.26660979860803,22.912295878464853,23.04727245670533,40862500
2019-09-05,23.878507614135742,24.14174816843741,23.60677360040986,23.64923279926679,63413700
2019-09-06,23.54733657836914,23.85303638653015,23.41147035688716,23.793595117088426,56054100
2019-09-09,24.311582565307617,24.498399819878898,23.751134040899757,23.77660956279211,68629300
2019-09-10,24.922977447509766,24.922977447509766,24.464427857581324,24.532360950201905,71066200
2019-09-11,25.016387939453125,25.024879779676,24.54085622454262,24.93996461675309,53982200
2019-09-12,25.194717407226562,25.305108108617496,24.549352023105634,24.812592633847995,72943900
2019-09-13,25.619293212890625,25.74666756487044,25.364544508931,25.47493518207277,79657000
2019-09-16,25.585329055786133,25.619296417711336,25.16923859012018,25.203205952045383,43391300
2019-09-17,25.423986434936523,25.491919532425452,25.12677852605266,25.34756149780488,48284900
2019-09-18,25.474939346313477,25.602313719114438,25.092814608257562,25.279631866708463,66640400
2019-09-19,25.32208824157715,25.559854913860864,25.262646978419458,25.474938129498614,43035700
2019-09-20,25.126779556274414,25.58532757821238,25.109795876292633,25.44946137766388,167269000
2019-09-23,25.067338943481445,25.15225572593088,24.770131014734886,24.889013538372346,52048300
2019-09-24,24.5748233795166,25.169237613260787,24.404989815788035,25.135271872306813,64806900
2019-09-25,24.83806610107422,24.973932315986485,24.43895929722607,24.43895929722607,45807700
2019-09-26,24.736162185668945,24.905995740487274,24.66822908767218,24.804095283665713,33198100
2019-09-27,24.922977447509766,25.228675554476045,24.804093320684235,24.973926862062033,41336600
2019-09-30,24.770130157470703,25.067338075931257,24.69370521787648,25.04186255618223,39191000
2019-10-01,24.150243759155273,25.058849700328928,24.12476823588433,24.999408432349803,49434400
2019-10-02,23.640743255615234,24.031358205120732,23.61526773382675,23.94644303846509,52293100
2019-10-03,23.61526870727539,23.674709974245772,23.063312002996515,23.57281112219742,53015800
2019-10-04,24.09079933166504,24.116273231942,23.640741530821963,23.64923337079857,42641800
2019-10-07,24.03984832763672,24.30309050834536,23.929457647082,24.056832007615252,36742400
2019-10-08,23.462417602539062,23.70867611835121,23.31805955318611,23.666218535457443,58201100
2019-10-09,23.68320083618164,23.836050727588745,23.56431830715522,23.6322514122636,37511400
2019-10-10,24.158735275268555,24.413484025938867,23.810577893514367,23.810577893514367,48239300
2019-10-11,24.549354553222656,24.91449568104937,24.506896960539553,24.617287673307626,70008600
2019-10-14,24.744657516479492,24.761641198288032,24.396500137669612,24.404991978573882,36040100
2019-10-15,25.24566650390625,25.67874070146805,24.7191852893706,24.914492784451465,78656000
2019-10-16,25.619293212890625,26.086333043367524,25.602309534052583,25.789126761965548,87131700
2019-10-17,25.695722579956055,25.93348926573992,25.474939575939548,25.729688323837728,55575900
2019-10-18,25.772144317626953,25.89102683588228,25.55985318094082,25.58532708076534,48872900
2019-10-21,26.34109115600586,26.451481861790015,26.00991579934692,26.043883167067115,61087400
2019-10-22,26.49393653869629,26.638294587502983,26.111811815486522,26.29862744702632,58662100
2019-10-23,26.680757522583008,26.697741206944478,26.40053320923187,26.43449895830153,47771200
2019-10-24,26.629806518554688,26.765672746126643,26.493940290982728,26.706231474020562,39491000
2019-10-25,26.935501098632812,27.045893405973345,26.61281925645512,26.629802937531043,43702000
2019-10-28,27.037399291992188,27.368572946861065,26.95248251340578,27.147789970397536,58790300
2019-10-29,27.23270606994629,27.29214732757878,27.011923098987904,27.122315394293494,48266600
2019-10-30,26.850589752197266,27.181761862370927,26.774164796136727,27.181761862370927,45262400
2019-10-31,26.55337905883789,26.85058701099179,26.171254317546726,26.672261591838236,49430900
2019-11-01,27.00342559814453,27.037392949472057,26.63828628928837,26.91851045913063,41985300
2019-11-04,27.5129337310791,27.597848893490596,27.258181765233005,27.377067527637227,54228600
2019-11-05,27.869586944580078,28.098861816691297,27.597854482664516,27.6063447049028,68785600
2019-11-06,27.844104766845703,28.07337957084572,27.742202694419802,27.81862762908648,47524500
2019-11-07,28.21773910522461,28.531929098392258,28.030921857732892,28.1158402608227,68310700
2019-11-08,28.243209838867188,28.25170329787651,27.962987238363972,28.08186975005052,38724000
2019-11-11,28.175281524658203,28.234722787170938,27.996957737120006,28.047905539670428,27784000
2019-11-12,28.098859786987305,28.294167277424542,28.013944613512407,28.132827152099754,37282200
2019-11-13,27.844104766845703,27.92901992122845,27.580862605370385,27.78466351091668,48887800
2019-11-14,27.767683029174805,27.90354923541328,27.58935924085666,27.759189569175348,35554600
2019-11-15,27.96299171447754,27.988465616972192,27.767684236971164,27.954498254108643,36398300
2019-11-18,27.988466262817383,28.047907529547214,27.810142462627887,27.903551093005078,31133700
2019-11-19,27.971479415893555,28.149806435210625,27.869580575787886,28.124329295704918,33183700
2019-11-20,27.759185791015625,27.878071539686,27.529910991823762,27.844104182923036,43612200
2019-11-21,27.886566162109375,28.056399733433032,27.70824236990721,27.835615118920497,42787600
2019-11-22,28.175281524658203,28.29416404968367,27.971480596538935,27.988464277157693,38783900
2019-11-25,28.421539306640625,28.45550342770228,28.243212284364496,28.30265678466039,50238800
2019-11-26,28.31964111328125,28.362101939222484,28.124333623315213,28.345118256707234,50626600
2019-11-27,28.37907600402832,28.53192587300523,28.285670630147315,28.438520499124223,32097700
2019-11-29,28.29416275024414,28.463996309326102,28.226231270194784,28.336620330188204,19503400
2019-12-02,28.3875789642334,28.659311435738843,28.311154004165832,28.404562648615812,47158800
2019-12-03,27.886566162109375,27.937517205298256,27.640307645655373,27.912040064050842,58745100
2019-12-04,28.149810791015625,28.277183551030504,27.895058792373423,28.090369521814104,46637900
2019-12-05,28.25226402282715,28.363259020793443,28.175421833002954,28.312029808580295,38304500
2019-12-06,28.747467041015625,28.858462040248693,28.662088276677007,28.756006871644136,50908500
2019-12-09,28.61086082458496,28.773085046599093,28.55109503447174,28.602324250422193,32974500
2019-12-10,28.627933502197266,28.713315517663585,28.43155975211103,28.51694176757735,41960100
2019-12-11,28.72185516357422,28.82431033610429,28.585247181203727,28.585247181203727,43107800
2019-12-12,29.60980796813965,29.720802968966414,28.756007284530067,28.84138605009457,64942500
2019-12-13,29.404891967773438,29.84886867780371,29.328049782249142,29.618342121230828,48539600
2019-12-16,29.62687873840332,29.959860420568184,29.62687873840332,29.840328868713158,50777100
2019-12-17,29.917177200317383,30.113550969760606,29.661037642651923,29.754952983436016,50840500
2019-12-18,29.976938247680664,30.113546207297077,29.925709041453008,29.976938247680664,48757900
2019-12-19,29.840335845947266,30.079399005554798,29.78910663017796,30.011096641520336,45409500
2019-12-20,29.84886932373047,30.08793571552991,29.80617994351337,30.08793571552991,109395500
2019-12-23,30.028165817260742,30.045242220258086,29.84033189827168,29.917174083264293,33995400
2019-12-24,30.07086181640625,30.122087774136595,29.98547979187033,30.04524558054987,13805400
2019-12-26,30.32699966430664,30.361152472193346,30.130625904444617,30.156238881864134,26992100
2019-12-27,30.181852340698242,30.497760933202624,30.105010150223,30.480684528986895,28111300
2019-12-30,30.01109504699707,30.437995384752416,29.95986583394963,30.36968976735583,30705100
2019-12-31,30.07086181640625,30.10501136922941,29.857411640553263,29.908637598283605,29630100
2020-01-02,30.42945098876953,30.446527390556714,30.130622099970356,30.181848048341294,37614200
2020-01-03,29.79764175415039,30.011091900650065,29.678106936238336,29.86594410739509,50357900
2020-01-06,29.754953384399414,29.797646025411613,29.345129435213853,29.379282245227124,42185000
2020-01-07,29.558576583862305,29.814716118736396,29.48173439770099,29.626882196890538,34149000
2020-01-08,29.85740852355957,30.04524244394707,29.49881057192731,29.515886975051785,45311600
2020-01-09,29.90863609313965,30.164778896865887,29.83179390341999,30.139162662298638,39861600
2020-01-10,29.66103744506836,29.942789979526147,29.592731826417282,29.883024191702034,39730400
2020-01-13,29.934247970581055,29.94278454286689,29.592726453317464,29.746410810387022,37956100
2020-01-14,30.156238555908203,30.455067479209305,29.97694120192754,30.139162152149428,66719300
2020-01-15,29.60126495361328,29.703723369660096,29.319512451961508,29.686646966985627,74745500
2020-01-16,29.643966674804688,29.87449329608129,29.541508227353898,29.79765108898909,50368500
2020-01-17,29.635417938232422,29.840331514574824,29.541499351450103,29.814715281912772,54156100
2020-01-21,29.251209259033203,29.473199255159177,29.217059707852403,29.38781723472955,50811000
2020-01-22,29.336584091186523,29.413426262249196,29.22558912032038,29.345120662642262,38879700
2020-01-23,29.13167381286621,29.251205368578756,28.798692119955366,29.10606083863941,45717100
2020-01-24,28.636476516723633,29.148755638525458,28.405949934815446,29.131679233533234,47797200
2020-01-27,28.047346115112305,28.286412478329023,27.7229042586598,27.808283008886132,57096200
2020-01-28,28.380332946777344,28.59378309354104,28.13272999485367,28.192495775388245,38834600
2020-01-29,28.183963775634766,28.55109839062445,28.158350793144404,28.45718303582922,37414700
2020-01-30,28.58524513244629,28.619397939838922,27.893665439204895,27.919281673244857,50542800
2020-01-31,28.0302791595459,28.320568277205425,27.876594769613636,28.235189508128066,54845300
2020-02-03,28.149805068969727,28.5169395646365,28.107112436039152,28.17541804313558,48485500
2020-02-04,28.70477867126465,28.943845082428606,28.627936477853233,28.653552713651173,45061600
2020-02-05,29.635417938232422,29.720799952121258,29.088986077307084,29.114599052978335,54604800
2020-02-06,29.60126495361328,29.891557285097687,29.541499172748033,29.831791504232434,39511500
2020-02-07,29.550050735473633,29.592740130614303,29.234145303042183,29.302447683868838,31263000
2020-02-10,29.618350982666016,29.618350982666016,29.353674797665246,29.404900765347026,24373800
2020-02-11,29.68665313720703,29.91717973573998,29.678113305599446,29.754955505110427,32476300
2020-02-12,29.814712524414062,30.26722901369561,29.695180973015713,29.951323734001324,36656700
2020-02-13,29.806175231933594,29.90863037965733,29.498806531771965,29.678103854536108,31775100
2020-02-14,29.754953384399414,29.848871983440294,29.62688523233649,29.78056962040498,26447700
2020-02-18,29.259754180908203,29.737883807537784,29.037764146154903,29.68665458636588,40318000
2020-02-19,29.643966674804688,29.75495844072204,29.37928723771115,29.41344005352808,29632100
2020-02-20,29.754953384399414,29.951330413480104,29.421971629248098,29.421971629248098,42604100
2020-02-21,29.336584091186523,29.575647175830287,29.148746949257703,29.48172860486588,46675500
2020-02-24,27.944887161254883,28.35471096916355,27.765589855980487,28.329097998978664,79159600
2020-02-25,26.536121368408203,27.97050494282607,26.33120942920565,27.910739164120578,91586800
2020-02-26,26.151912689208984,26.980100345993083,26.092146905419504,26.800801366129182,80012800
2020-02-27,24.8712100982666,25.87015683876932,24.683374557533618,25.229806405844382,121148300
2020-02-28,24.33331298828125,24.54676310221354,23.65027327509597,23.906412760416664,171198800
2020-03-02,25.07612419128418,25.084660764158095,23.428288782401452,24.20524719355931,147776300
2020-03-03,23.69296646118164,25.40056764757311,23.581973100604166,25.076124138696702,138698500
2020-03-04,24.23940086364746,24.265015470389944,23.394138383092347,24.119869289173675,111239800
2020-03-05,23.010671615600586,23.500442917403923,22.684156321807574,23.405925073587078,110878700
2020-03-06,22.09128189086914,22.520906213652783,21.567141331516076,21.8850624125994,119121200
2020-03-09,18.843320846557617,20.183748117334858,18.48243639224607,19.101094754400208,145196000
2020-03-10,20.286855697631836,20.3470028247418,18.551173497867943,19.977525742339097,134863600
2020-03-11,19.47916030883789,20.587589836583305,19.126868613757967,19.62523259500904,127347000
2020-03-12,17.62318992614746,19.651017255153636,17.313859889143338,17.691929752272074,139552600
2020-03-13,20.759441375732422,20.83677386344994,18.456655383446872,19.06672260445328,128357400
2020-03-16,17.563039779663086,18.671469491228805,16.824085546028307,17.0560830341071,121688800
2020-03-17,18.886281967163086,19.496349265059763,17.21074834617437,18.095773267774316,120065700
2020-03-18,17.86377716064453,18.018440514490546,16.9271961614414,17.416967545836595,148272500
2020-03-19,18.2160701751709,18.6886562288516,16.32572268267496,17.40837606777137,122461300
2020-03-20,16.90141487121582,18.765983829922412,16.80689702960791,18.697244028449244,150910400
2020-03-23,15.5352144241333,16.90141981180425,15.423512828669326,16.54912802141228,181898500
2020-03-24,18.06999397277832,18.1731028603246,16.334311856515807,16.686603560257,147882400
2020-03-25,18.130144119262695,18.98939264018617,17.537262180937276,18.654284602583203,146991300
2020-03-26,19.522127151489258,19.71975557048244,18.190292507778622,18.310586784558872,116111400
2020-03-27,18.55976676940918,19.07531616500956,18.130142546223258,18.628506579563474,91522800
2020-03-30,18.937837600708008,19.204204175048172,18.276215866775775,18.60272957349406,80449100
2020-03-31,18.24184226989746,19.324495399002334,18.009844819613665,18.748798932864492,95213700
2020-04-01,16.987342834472656,17.485706887069004,16.763938033117547,17.124822460093274,83961300
2020-04-02,17.674741744995117,17.863777467756446,16.832678591071062,16.884233043239384,70007400
2020-04-03,17.210750579833984,17.820816318020228,16.91001323276348,17.528671653881645,68293500
2020-04-06,18.37932586669922,18.55976891350367,17.8809617757861,18.069997504713292,97766200
2020-04-07,19.023765563964844,19.659609400967007,18.77458429488344,19.59086957099074,94560300
2020-04-08,20.149381637573242,20.278268608188334,19.25576224872,19.25576224872,81212300
2020-04-09,21.360918045043945,21.756171564873874,20.664925586216818,20.68211094939719,125275700
2020-04-13,20.553224563598633,21.352325945518636,20.432930295829678,21.29217881163416,83164700
2020-04-14,20.389968872070312,21.1804776491374,19.848642975514863,21.051590686994356,88991100
2020-04-15,19.066722869873047,19.461976355810286,18.826132722637578,19.040944827312938,99082200
2020-04-16,18.40510368347168,19.0839091738349,18.12155173250462,19.032354720628124,89213300
2020-04-17,20.003311157226562,20.106420087734573,19.169838834704475,19.19561688677493,92800300
2020-04-20,19.333093643188477,19.874419544087626,19.058134351373884,19.393240783412086,74446300
2020-04-21,18.594131469726562,19.22138393319783,18.473837240048823,18.81753620976091,78871300
2020-04-22,18.731611251831055,19.101088262684726,18.68864949475383,19.040941147222217,49669500
2020-04-23,18.791767120361328,19.23857513532926,18.774581755470017,18.869097984599037,50614800
2020-04-24,19.05813217163086,19.16124107482509,18.61991523583921,18.99798503828648,47633500
2020-04-27,20.166561126708984,20.321226114495676,19.290128927395063,19.350276058448465,66916700
2020-04-28,20.527450561523438,21.317959417329636,20.49308146634237,21.00863100515281,65504900
2020-04-29,21.29218101501465,21.5757329890175,21.060183498406865,21.4038826125184,73493900
2020-04-30,20.664928436279297,20.948480412316563,20.49307969743388,20.802408082910294,55244100
2020-05-01,19.831449508666992,20.157963121968105,19.5994520882529,20.089223327647556,51772600
2020-05-04,19.702564239501953,19.754118679813004,19.272940079508928,19.504937519237828,45886100
2020-05-05,19.470569610595703,20.209523796904634,19.436200525055426,20.17515307247801,45691900
2020-05-06,19.204204559326172,19.831455579372868,19.10109401683868,19.76271576401003,53874600
2020-05-07,19.625234603881836,20.08063686947499,19.427607854975623,19.470569621646938,51884300
2020-05-08,20.25248908996582,20.295452502979995,19.97752980222162,20.1665639028241,45181000
2020-05-11,19.40182876586914,19.865823687564184,19.384643404572376,19.857231006915804,68951800
2020-05-12,18.791767120361328,19.608052286059486,18.774581755470017,19.513534418043864,69588700
2020-05-13,17.932518005371094,18.688656010190563,17.803629411432954,18.6113235093823,112113400
2020-05-14,18.654281616210938,18.723023060211,17.270892833434278,17.434150485161965,88359100
2020-05-15,18.422286987304688,18.64569177806565,18.24184396293046,18.387916263086233,64484000
2020-05-18,19.702564239501953,19.814265799990253,18.96361015987039,19.264347399642734,86589400
2020-05-19,19.083908081054688,19.762715171434667,19.066724356894078,19.470570555180807,62179000
2020-05-20,19.685379028320312,19.762711508813513,19.453381586840703,19.487752306564847,59789500
2020-05-21,19.67679214477539,19.994714840332854,19.573683233001393,19.59945964150159,57726000
2020-05-22,19.470569610595703,19.71975244602968,19.29871926623528,19.70256708381637,48107000
2020-05-26,20.862552642822266,21.137511880472914,20.36418861485888,20.40715038115942,119485500
2020-05-27,22.32327651977539,22.486534200122065,21.455435303777247,22.40060901894558,117672700
2020-05-28,21.360918045043945,22.460755066404747,21.30077091279908,22.40920061575007,84340800
2020-05-29,20.725074768066406,21.40388023827892,20.67351867750358,20.982848665334657,113811100
2020-06-01,21.14610481262207,21.36950960558776,20.664924502133044,20.862552890566842,58375500
2020-06-02,21.343732833862305,21.816318852482976,21.103142664283055,21.44684173590595,71118100
2020-06-03,22.33186912536621,22.460756077246657,21.816319678957914,21.91083754181728,86744600
2020-06-04,23.1711483001709,23.21440967833072,22.12420611548207,22.245339294582212,94545300
2020-06-05,24.321924209594727,25.100640753005134,24.122917532133386,25.04872675686209,118767900
2020-06-08,24.69397735595703,25.005462973860137,24.34787965779515,24.7372387430692,79598500
2020-06-09,24.41709327697754,24.693971702177894,23.837381910694493,23.984472903641407,77773400
2020-06-10,23.01540756225586,24.31326887234191,22.93753575162542,24.200786634624162,90415300
2020-06-11,20.70522117614746,22.228045812350526,20.488910886635374,21.613723731971604,149875500
2020-06-12,21.4406681060791,21.674281873155834,20.800390097544998,21.656978311002078,73729700
2020-06-15,21.76080894470215,21.778114159286773,20.497557985714415,20.5581245864445,76538900
2020-06-16,22.323217391967773,22.703923898355608,21.509892031010647,22.652009899857894,96796500
2020-06-17,21.631023406982422,22.409739919570566,21.561804198092723,22.409739919570566,58349500
2020-06-18,21.665632247924805,22.05498965051068,21.267620588256666,21.37145021913583,53419000
2020-06-19,21.847332000732422,22.054989611810374,21.189748740494238,22.011728228370963,127563600
2020-06-22,21.30223274230957,21.656981396906126,21.293580134841832,21.53584654267394,55484300
2020-06-23,21.449325561523438,21.985774066834445,21.42336773695048,21.63967799077633,46108300
2020-06-24,20.60138511657715,21.233012220142232,20.488904527082997,21.233012220142232,75437100
2020-06-25,21.38875389099121,21.432016925042273,20.376421998620447,20.506209450457625,65031900
2020-06-26,20.030323028564453,20.860955006568066,19.917842457225134,20.84364979549563,118139200
2020-06-29,20.237985610961914,20.627344704717213,19.98706658967663,20.255290826310187,66269200
2020-06-30,20.549470901489258,20.68790931027401,19.987064659511702,20.073589077581175,61716200
2020-07-01,20.12550926208496,20.826354128537954,20.099551433580583,20.791745340848635,57379900
2020-07-02,20.15146255493164,20.75713023086243,20.09089430205403,20.627344418185558,56000200
2020-07-06,20.471603393554688,20.835004705583554,20.29855452103947,20.610041831440316,59589000
2020-07-07,19.909194946289062,20.23798578922145,19.814017911351392,20.2293331814711,60645800
2020-07-08,19.98706817626953,20.06494000120213,19.64097209341147,19.926501568058907,52922600
2020-07-09,19.701534271240234,20.038977669854734,19.372741828725044,19.848625279667363,79385900
2020-07-10,20.783090591430664,20.809046766945965,19.623667442678656,19.649623618193953,81142900
2020-07-13,20.930179595947266,21.20705644321684,20.644650140910993,21.085923235115448,73598100
2020-07-14,20.88691520690918,20.895567814116543,20.289900162445907,20.670604977673364,67423100
2020-07-15,21.284927368164062,21.518542817097135,21.008050532532028,21.423365785980078,57384400
2020-07-16,20.70522117614746,20.95614025381688,20.3677776526099,20.549477503648113,78067100
2020-07-17,20.090892791748047,20.74847606356956,20.073589228257074,20.661951644850618,66659100
2020-07-20,20.40238380432129,20.506213456009245,19.995721106702472,20.064940324389003,61114000
2020-07-21,21.129182815551758,21.181096807393335,20.497557355478403,20.5148609192149,75499300
2020-07-22,21.03400421142578,21.05130942418076,20.739822195854856,20.973437617099282,52193700
2020-07-23,21.233013153076172,21.319535925573597,20.860959290199293,21.215707938450247,61047600
2020-07-24,21.06861686706543,21.483932115250802,20.999397659034535,21.250316669277993,50217600
2020-07-27,20.88691520690918,20.999397450288807,20.661952370466004,20.956134414252,54721300
2020-07-28,21.0772705078125,21.250317711216482,20.83500244266751,20.87826383093946,48406500
2020-07-29,21.864641189575195,21.881946406223722,20.930180944666628,21.07727198554651,71393500
2020-07-30,21.492586135864258,21.587763172033974,21.06861825250602,21.388756491832183,61755900
2020-07-31,21.52719497680664,21.587763232011415,21.163793697159058,21.57045801623862,61955800
2020-08-03,21.622364044189453,21.899240793244708,21.36279250452905,21.65697446297916,58284000
2020-08-04,21.63967514038086,21.6829365253211,21.509889335244093,21.59641210512457,37985300
2020-08-05,21.96846580505371,22.141514644251846,21.84733260780464,21.907899206429175,51322600
2020-08-06,22.037689208984375,22.21073808114938,21.873294595775608,22.02038564202096,51999700
2020-08-07,22.59143829345703,22.660657492906996,21.855983267853734,21.9252024673037,63354500
2020-08-10,22.98080062866211,23.19711087989282,22.677965946875865,22.7644903774314,64051100
2020-08-11,23.29228973388672,24.0104397579311,23.171156511857856,23.603777048036793,81441000
2020-08-12,23.127893447875977,23.854696080047923,22.85101656901359,23.77682425157833,61971300
2020-08-13,22.79909896850586,23.075975803669763,22.617397513981974,22.92023217131104,55955500
2020-08-14,22.90292739868164,23.067323641602467,22.42704553534616,22.54817874048985,50931900
2020-08-17,22.40974235534668,22.851015478850236,22.357828355615762,22.764491045754507,57518700
2020-08-18,22.089599609375,22.48760961029111,22.02903136329493,22.383781631928628,45850100
2020-08-19,22.06364631652832,22.565486049087685,21.968469274904827,22.20208474962633,59856000
2020-08-20,21.717548370361328,21.916553394575036,21.648329159751512,21.769462365739653,49403700
2020-08-21,21.613718032836914,22.003077111418552,21.544498824457524,21.613718032836914,55010700
2020-08-24,22.228036880493164,22.23668948663477,21.665630683815852,21.821372643417114,54579500
2020-08-25,22.496265411376953,22.660661659164013,22.262649951413692,22.530875842623153,57304700
2020-08-26,22.11556053161621,22.444353051161414,22.098256965047764,22.444353051161414,39478000
2020-08-27,22.539525985717773,22.686617012567023,22.01173013081317,22.0549915179916,52934800
2020-08-28,22.75583839416504,22.902929435053338,22.487614137362712,22.842362827096327,46466400
2020-08-31,22.271303176879883,22.61739924735926,22.22804178693855,22.574137857417927,49416200
2020-09-01,22.245344161987305,22.409740405533874,21.977119928012698,22.132863563970904,46109200
2020-09-02,22.513568878173828,22.63470207749366,22.054990601680647,22.08960103023835,57300900
2020-09-03,22.356740951538086,23.193159252979846,22.182486654042513,22.827226557688853,86192500
2020-09-04,23.12346076965332,23.315139191515282,22.47872078505545,22.87950505489163,99621400
2020-09-08,22.19991111755371,22.931776465324674,22.121496854448818,22.774947939114888,74978600
2020-09-09,22.22605323791504,22.409018772588702,21.982097529871183,22.33931737912079,53822700
2020-09-10,21.903684616088867,22.557135843650588,21.851408983191405,22.39159606250655,56609600
2020-09-11,22.21733856201172,22.287039949851426,21.8601187416067,21.97338287366666,47708300
2020-09-14,22.435157775878906,22.64426195961525,22.25219223828923,22.365456381300127,47802400
2020-09-15,22.025657653808594,22.504854432934906,21.947243393687998,22.452578813458505,63820200
2020-09-16,22.304466247558594,22.574558924193003,21.825267740574475,22.025660689508594,64598600
2020-09-17,22.086650848388672,22.199914991632404,21.868833782155672,21.894970766543736,48862000
2020-09-18,21.96466827392578,22.287038206094536,21.86882991177727,21.912392652589133,94055800
2020-09-21,21.319929122924805,21.590023421741023,20.93657236776134,21.40705626248449,75218600
2020-09-22,20.8581600189209,21.433196866150737,20.744894228574708,21.145678442535818,68665300
2020-09-23,20.265697479248047,21.136965634012903,20.265697479248047,20.997562862195498,59950300
2020-09-24,20.335403442382812,20.753611851968127,19.995609317321303,20.370253312275338,53570700
2020-09-25,20.46609115600586,20.518366786114562,20.152434051729006,20.283125619719243,42111300
2020-09-28,20.988847732543945,21.180526107803963,20.727467978842835,20.80588057550361,47996900
2020-09-29,20.710044860839844,20.901723260553016,20.500940698840342,20.89301037940985,45695200
2020-09-30,20.988847732543945,21.189238987835594,20.710042218779574,20.718755098811204,56226100
2020-10-01,20.997562408447266,21.26765506528039,20.788458255239803,21.14567805802906,44782200
2020-10-02,21.093402862548828,21.285082934999547,20.535791732100748,20.596780241766975,51682100
2020-10-05,21.450624465942383,21.529037077453943,21.24151862920402,21.363497310936776,44396800
2020-10-06,21.232805252075195,21.947244859271837,21.154390986718287,21.712002063201112,67541100
2020-10-07,21.67715072631836,21.877543662737224,21.433196709166516,21.459333689968727,47648000
2020-10-08,21.990808486938477,22.043084112010682,21.616162906661327,21.738141580912682,52080600
2020-10-09,22.095361709594727,22.208625842479226,21.816556156206257,22.0779359470549,44511500
2020-10-12,22.374162673950195,22.504852542569488,21.990804285763343,22.043079900848692,48362900
2020-10-13,21.738143920898438,22.37416935681324,21.642303879772633,22.3393178284721,61186900
2020-10-14,20.579360961914062,21.424490737234542,20.553222310870595,21.215386514324713,127409500
2020-10-15,21.041128158569336,21.084692568681437,20.457378357565815,20.55321839800011,66832400
2020-10-16,21.119543075561523,21.215383118902857,20.858163254209998,21.084693208227094,58357700
2020-10-19,20.66648292541504,21.1892442238062,20.640345940673512,21.171818459436945,51377900
2020-10-20,21.032405853271484,21.328637062062203,20.80587600761908,20.814588885737816,62476400
2020-10-21,20.953996658325195,21.20666519918349,20.919146799269008,21.10211229839096,41564900
2020-10-22,21.668441772460938,21.703291637777763,20.910437675525728,20.954000422624826,55402000
2020-10-23,21.694578170776367,22.00823525922817,21.52903674500322,21.990809496133682,51007400
2020-10-26,21.380918502807617,21.415768360271194,21.041122837119296,21.319928344075525,59450200
2020-10-27,20.77974510192871,21.2502290250219,20.744893579278514,21.16310354202054,55009300
2020-10-28,20.44866371154785,20.61420513206881,20.143721176130526,20.396388085735193,81942500
2020-10-29,20.509653091430664,20.692618605642316,20.143720401195242,20.352824558213754,57490400
2020-10-30,20.649057388305664,20.771034406791625,20.248273144718272,20.466090198764483,66453400
2020-11-02,20.98013687133789,21.13696540337425,20.448662770950694,20.8145954584315,59756400
2020-11-03,21.51161766052246,21.729434764564733,21.354789079722003,21.41577760296382,65106200
2020-11-04,20.631628036499023,21.032410548562403,20.274408262942725,20.8145935324031,88845500
2020-11-05,21.441913604736328,21.59874216616196,20.788462373337822,20.82331224153662,74722600
2020-11-06,21.180530548095703,21.746854574380386,21.110829155042392,21.72071759061808,55454500
2020-11-09,24.1864013671875,24.630748273937883,22.91434914479802,23.175730557963387,178378800
2020-11-10,24.09927749633789,24.186404645870542,23.681069172755752,23.95116184067603,77694600
2020-11-11,23.82047462463379,24.195120246464736,23.628796203567596,24.17769448223717,48360900
2020-11-12,23.254148483276367,23.43711400571792,22.92306564007899,23.384838379564933,67912600
2020-11-13,23.52423858642578,23.70720408887266,23.31513444285277,23.41968568373327,52421000
2020-11-16,24.02957534790039,24.39550803489632,23.681068422621436,24.27353102650171,57396700
2020-11-17,24.003435134887695,24.046999536329906,23.53295123199579,23.742055373482412,46402300
2020-11-18,23.506811141967773,24.334516438410933,23.489385382465166,24.073135031307462,54416700
2020-11-19,23.506811141967773,23.53294978122169,23.219292757422277,23.46324840502314,46423000
2020-11-20,23.35870361328125,23.48068231030375,23.201875046975516,23.297715095676235,40538000
2020-11-23,23.864036560058594,23.977302361865114,23.576518107352307,23.620082516436465,45421200
2020-11-24,25.249351501464844,25.258064382697455,24.325807694366535,24.334520575599143,80387800
2020-11-25,25.29291343688965,25.30162631727114,24.81371498677969,25.01410625011796,57249900
2020-11-27,25.258066177368164,25.353906215924447,25.10123762766235,25.240640413664785,25971600
2020-11-30,24.534912109375,25.144800507396184,24.482636483257018,25.022821830704633,63567900
2020-12-01,24.996685028076172,25.301629229276852,24.97925926530763,25.040247773185325,50255100
2020-12-02,25.319049835205078,25.423602735571702,24.85727881826675,24.9966815775476,45257500
2020-12-03,25.34535026550293,25.511923427444817,25.099874114860647,25.37165181912622,54013700
2020-12-04,25.67850112915039,25.80123839008581,25.424257749018714,25.599598126500542,66188200
2020-12-07,25.503158569335938,25.55576000921142,25.15247951655003,25.336585392199023,42197800
2020-12-08,25.36288833618164,25.55576140772628,25.222616707391047,25.30151970760697,33869100
2020-12-09,25.248916625976562,25.643431627576394,25.205082368985344,25.643431627576394,54886300
2020-12-10,25.520692825317383,25.53822552375066,24.959604671212062,25.09987629169599,58859600
2020-12-11,25.047277450561523,25.20508345801977,24.810568439374155,25.14371482671263,40538400
2020-12-14,24.740436553955078,25.389193387149838,24.67030072528997,25.354126308902313,40267100
2020-12-15,25.108644485473633,25.266450482898655,24.766732605832544,24.85440279019863,43672700
2020-12-16,25.17877769470215,25.26644787000194,24.933303210466146,25.248913500508078,42463200
2020-12-17,25.27522087097168,25.354123879681353,25.012211956719362,25.170016301968815,43182700
2020-12-18,25.134946823120117,25.511927457084447,25.047276636031015,25.327819896980355,82817200
2020-12-21,26.073009490966797,26.292184084877583,25.187543930906884,25.511923065649405,93397400
2020-12-22,25.608362197875977,26.108081743898534,25.573295127656834,26.108081743898534,39054300
2020-12-23,26.344791412353516,26.607801987181748,25.713569042671445,25.76617048876916,52537200
2020-12-24,26.265888214111328,26.53766597332037,26.073015131723782,26.53766597332037,22632300
2020-12-28,26.4149227142334,26.783136118292266,26.292185470270287,26.502592890851137,32861200
2020-12-29,26.309720993041992,26.52012842284387,26.239585183108034,26.449992612909913,33291900
2020-12-30,26.28342056274414,26.493828001555947,26.248353492360348,26.30095493402088,26370100
2020-12-31,26.57272720336914,26.64286300628527,26.213281004402795,26.309718360476015,28716000
2021-01-04,26.327260971069336,26.800677370915167,26.08178474793115,26.704239984651956,51483900
2021-01-05,26.528900146484375,26.774376359332383,26.22205529846684,26.4499971377893,48507000
2021-01-06,28.18585968017578,28.597905723939245,27.493267024018653,27.96668337081751,107002800
2021-01-07,28.808313369750977,29.47460276112476,28.79077899835438,29.20282836532596,74358500
2021-01-08,28.519004821777344,28.931054240236108,28.150793009457445,28.860916745885763,44641400
2021-01-11,28.99241828918457,29.04502140162581,27.966681006955298,28.13325418534662,51868200
2021-01-12,29.50966453552246,29.781442211483217,29.106384121649278,29.299255472788552,68166200
2021-01-13,29.334331512451172,29.527206255960778,29.009953998280906,29.308031627186924,43172800
2021-01-14,29.79898452758789,30.132127561302465,29.299263288337052,29.351866404137006,48483500
2021-01-15,28.9398136138916,29.483369046746027,28.668039241803484,29.18529144768812,57684300
2021-01-19,28.729412078857422,29.457070141215407,28.229694169529523,28.492703067437954,78130200
2021-01-20,28.352426528930664,28.74694147973479,28.194620548609016,28.720638253455178,53920000
2021-01-21,27.852712631225586,28.475167783360078,27.817643887469973,28.352430524554908,49626600
2021-01-22,27.65983772277832,27.835178096189136,27.396828834831826,27.49326620742475,45314500
2021-01-25,27.31792449951172,27.44066175160164,26.800672262604696,27.4143618673936,48078400
2021-01-26,27.12505340576172,27.554635491442703,27.098751847473988,27.528333933154972,36373000
2021-01-27,26.151918411254883,26.677937890405076,26.011646773104143,26.572733325707105,63809200
2021-01-28,26.581497192382812,26.958477799895977,26.23081814080183,26.669167373320462,51223300
2021-01-29,25.994110107421875,26.73930416447225,25.941508665797638,26.651633980318735,64019100
2021-02-01,26.265888214111328,26.33602570461932,25.92397630873392,26.18698688162946,40985300
2021-02-02,27.20395851135254,27.352997342164347,26.77437639246436,26.80944346738896,53527000
2021-02-03,27.686140060424805,27.817644508102845,27.072450408367594,27.09875196677111,49404900
2021-02-04,28.492704391479492,28.519004279190604,27.86148200386479,27.879014704948908,51751900
2021-02-05,28.378726959228516,28.852144909341238,28.334892707034168,28.834610539595683,42008800
2021-02-08,29.009952545166016,29.176524050728347,28.405031804012985,28.43133168795986,46014100
2021-02-09,28.88721466064453,28.94858328473395,28.571602682847995,28.904749031004247,35868600
2021-02-10,28.91351890563965,29.299265078725952,28.808316011950602,29.036256172333484,45031900
2021-02-11,28.825847625732422,29.20282824840142,28.536535515356007,28.9047506245315,29479900
2021-02-12,29.255422592163086,29.325560064460557,28.85214215946888,28.931045143634158,37468300
2021-02-16,30.044464111328125,30.298707530716225,29.544746132166715,29.790220691940025,52802600
2021-02-17,30.16718864440918,30.298694728344213,29.62363662986575,29.842811206865044,45455300
2021-02-18,29.974323272705078,30.377607161559332,29.825286119256525,29.86035486512901,37541700
2021-02-19,30.281164169311523,30.447735664818698,29.96555220364399,29.98308657332986,54514100
2021-02-22,30.81595230102539,30.903620809557946,30.167193967131084,30.202262708279797,56783400
2021-02-23,31.14033317565918,31.46471070564345,30.807186787266374,31.052661313271813,67440700
2021-02-24,31.8942928314209,32.01703008811606,31.210465717300206,31.333206318334785,58139500
2021-02-25,31.499780654907227,32.46414776766107,31.35074015532034,32.402779133813446,74762000
2021-02-26,30.43020248413086,31.587444173902636,30.403902600743972,31.324435307016177,70933300
2021-03-01,31.377042770385742,31.604982928147418,30.894859223487835,31.140333754052662,45901700
2021-03-02,31.149089813232422,31.508535985740963,31.122789934180634,31.254296018116854,41167400
2021-03-03,31.92935562133789,32.411542439440765,31.42087226452824,31.534843998292477,66047000
2021-03-04,32.1584358215332,32.484424503863394,31.647423447277205,31.841256190746805,96512800
2021-03-05,32.53728103637695,33.127584814787056,31.86767900847467,32.62538497433525,74292300
2021-03-08,32.7135009765625,33.24213146685224,32.44037331870741,32.93376424100834,65335500
2021-03-09,31.99985122680664,32.739936032400344,31.55051558385207,32.20249305488036,63946000
2021-03-10,32.92495346069336,33.06592182248978,32.04390035922802,32.19368113417158,53365600
2021-03-11,32.8104133605957,33.29499181125682,32.46679988664845,32.83684387361077,45834000
2021-03-12,33.42713928222656,33.63859341571275,33.10996312342144,33.409517824356925,46069600
2021-03-15,33.25975036621094,33.54168705408159,32.79279335710337,33.50644412786015,50131600
2021-03-16,33.162837982177734,33.23332384308542,32.57253402135462,32.96900522563243,50300400
2021-03-17,33.43595504760742,33.79718656781821,32.889703242619106,33.48000701622829,63796000
2021-03-18,34.308204650878906,35.215691580307016,33.85005666031195,33.92935156946682,95439700
2021-03-19,33.94696807861328,34.2905781811443,33.065915154810604,33.73551725903274,106252700
2021-03-22,33.18045425415039,33.8148134592292,32.95138196395544,33.55049824409647,54701300
2021-03-23,32.51085662841797,33.32142376479089,32.405127849886384,32.91614019660443,49838000
2021-03-24,32.51085662841797,33.29499325063321,32.50204421639846,32.783980903915165,43896800
2021-03-25,33.18045425415039,33.25974915478525,32.27297078317956,32.48442161090562,47517900
2021-03-26,34.079132080078125,34.149614576047085,33.550501596983686,33.78838296171074,66846000
2021-03-29,33.75313949584961,34.035076169064176,33.35666499884467,33.52406384826886,45680000
2021-03-30,34.352256774902344,34.76634938530528,34.035077167989215,34.035077167989215,56705900
2021-03-31,34.08793258666992,34.35225112290931,33.88529084024958,34.02625915780068,49270000
2021-04-01,34.79277801513672,34.81920852474519,34.11436692727056,34.21128327710142,65587000
2021-04-05,35.06590270996094,35.488807674069875,34.88969146801141,35.24211395191047,50328500
2021-04-06,34.968990325927734,35.374277236674736,34.76634855102937,34.828021988565816,42590100
2021-04-07,35.28616714477539,35.37427444927789,34.8808836269139,35.0394734140684,43136400
2021-04-08,34.97780990600586,35.10996585883257,34.55490480724865,35.065913874557,45285900
2021-04-09,35.233306884765625,35.40070572551452,34.81039853591038,35.162821039639724,45872900
2021-04-12,35.294986724853516,35.576923434628775,35.10996302829106,35.23331327964959,45544600
2021-04-13,34.64299774169922,35.083524166045294,34.53727234092213,35.074715116376325,46770400
2021-04-14,35.13639450073242,35.532869022016044,34.29058106834388,34.343445458165185,52023800
2021-04-15,34.131996154785156,35.10115315174625,33.52406740784447,35.00423677986002,118128900
2021-04-16,34.49322509765625,34.73110644176667,34.28177090617433,34.63419343832741,60633400
2021-04-19,34.510841369628906,34.73991701166782,34.38749449820034,34.704674088131036,42321100
2021-04-20,33.55050277709961,34.361069994482314,33.383100541502614,34.361069994482314,50834100
2021-04-21,34.114376068115234,34.167237101496134,32.960195332338245,33.25975351164941,37851800
2021-04-22,33.79719161987305,34.15842319408127,33.629789408760516,34.140801731808885,48093400
2021-04-23,34.5196533203125,34.66062165162819,33.67384333241835,33.76194727913436,48674100
2021-04-26,34.722293853759766,35.10995591087706,34.60775603833533,34.66942947103695,34699800
2021-04-27,35.13639450073242,35.171634066329496,34.81040247159341,34.95137081683309,34304800
2021-04-28,35.268550872802734,35.43595309551174,35.13639493803039,35.18044691628784,34084400
2021-04-29,36.220088958740234,36.237710421855304,35.64740317082705,35.72669807436964,44008700
2021-04-30,35.70907974243164,36.0350717972196,35.65621870940171,35.982207403238945,39203400
2021-05-03,35.735511779785156,36.16722587840292,35.61216153351524,36.00863606557787,41940500
2021-05-04,36.1231803894043,36.1936662570792,35.04829443402009,35.45358145124848,53880000
2021-05-05,36.4667854309082,36.616566198043785,35.91172106485395,36.299386560298494,37471100
2021-05-06,37.013038635253906,37.05709397828028,36.33463071719826,36.54608157554135,39044400
2021-05-07,37.162818908691406,37.22449235495966,36.22009238893298,36.237713853716876,39249200
2021-05-10,37.04827117919922,37.832407667552744,37.03064971911882,37.44474562863355,41271500
2021-05-11,36.625362396240234,37.30377341423157,36.42272066789729,36.60774093799961,42964700
2021-05-12,36.28175735473633,37.49761125302639,36.15841049103081,37.33902146799073,47533000
2021-05-13,36.86326217651367,37.083525453533724,35.929344672006344,35.99983053390918,42026100
2021-05-14,37.3214111328125,37.42713656736963,36.93374560451808,37.05709586594419,30932600
2021-05-17,37.65620803833008,37.75312104857909,37.14519566689605,37.21568152265961,32656400
2021-05-18,37.14519500732422,37.84122769635254,37.12757354369622,37.62096444242842,37880300
2021-05-19,36.9777946472168,37.00422516111347,36.39629981483731,36.69585796248435,42672800
2021-05-20,36.88968276977539,37.118758398380244,36.52845122708311,36.91611664135286,36871100
2021-05-21,37.35665512084961,37.53286306310984,36.90731612961326,37.021853980843254,40243800
2021-05-24,37.559295654296875,37.69145160645689,37.22449452577981,37.515243670243535,31390800
2021-05-25,37.013038635253906,38.11435499189733,36.94255613612314,37.61215500214399,52657700
2021-05-26,37.039466857910156,37.224487170948336,36.70466579554324,37.021845395580286,41332800
2021-05-27,37.48880386352539,37.75311908700428,37.10995081085717,37.427130423411995,52981100
2021-05-28,37.34783172607422,37.62976838393623,37.04827360697708,37.585716411323425,38509700
2021-06-01,37.81479263305664,38.131972246500055,37.68263670142217,37.841226508143876,42890700
2021-06-02,37.83242416381836,38.035066001677116,37.53286593373339,37.97339254497886,34180500
2021-06-03,38.26594161987305,38.478285902344304,37.76162774598891,37.841256430028395,46981200
2021-06-04,38.28364562988281,38.389816106786895,37.89435163116875,38.25710385443144,37192600
2021-06-07,38.15092849731445,38.38981459224817,38.097844948505944,38.28364411953268,28401900
2021-06-08,37.93858337402344,38.25709813219302,37.540439926311464,37.92088773466978,41871400
2021-06-09,37.443119049072266,37.80587125151688,37.25731988137833,37.575834668909884,42366300
2021-06-10,36.88572311401367,38.00937115389943,36.82379004981593,37.832418095434946,40123600
2021-06-11,37.0361328125,37.06267458885098,36.72646412964408,36.99189539354879,31203600
2021-06-14,36.59375,37.080368333756674,36.32832212477805,37.02728140867286,36050700
2021-06-15,36.62029266357422,36.77070393407876,36.18676124438183,36.522968319441624,39247900
2021-06-16,36.82378387451172,37.151148159057016,35.983259519084505,36.522964738098764,63859100
2021-06-17,35.2135124206543,37.24846350744504,35.14273324485958,37.17768433165031,80728200
2021-06-18,34.31106185913086,34.77113840463686,34.05448349969931,34.514556670106856,102774200
2021-06-21,35.16928482055664,35.19582659699339,34.532255185284775,34.61188388969376,48119400
2021-06-22,35.36392593383789,35.62050425962164,34.75343820587107,35.28429724649865,44113200
2021-06-23,35.56741714477539,35.762062402528535,35.452397191263756,35.532025870602936,32039900
2021-06-24,36.12482452392578,36.28407853670697,35.54972802601674,35.77976460012138,37161800
2021-06-25,36.82378387451172,37.009586411044936,36.133670774840134,36.51411860545352,53178800
2021-06-28,36.77070236206055,36.78839800342801,36.36370936080592,36.682224155223246,34416500
2021-06-29,36.177894592285156,37.115742929849766,36.054028531211856,36.83261954022593,38519600
2021-06-30,36.47872543334961,36.593745402364156,36.027498439674275,36.0628863435188,29159800
2021-07-01,36.75300979614258,36.8945715638295,36.461036751795234,36.77070543899079,28045100
2021-07-02,36.4079475402832,36.69107103165756,36.36370675248864,36.60259283116667,28980800
2021-07-06,35.45240783691406,36.16906616616488,35.27545478801401,36.10713310531467,47578700
2021-07-07,35.16928482055664,35.39047529112618,34.82422822648395,35.010027411738676,43499900
2021-07-08,34.31106185913086,34.718054856181304,34.04563399155775,34.16950010475197,52793100
2021-07-09,35.42586898803711,35.60282205155847,34.85962188484793,35.08081237047489,43887200
