Date,Close,High,Low,Open,Volume
2016-07-01,266.6159973144531,270.5377313222327,265.30354734862885,267.2019150321661,475700
2016-07-05,262.5536193847656,264.9676213108369,259.7802851159746,264.5691896420781,513800
2016-07-06,262.57708740234375,264.2098659219335,257.47569757479914,259.7568812778904,708100
2016-07-07,261.7958679199219,263.7020556934809,258.7491001969566,261.7099447549032,776600
2016-07-08,269.6783142089844,269.8267485551086,264.8659754361731,266.8502656109113,533900
2016-07-11,271.47515869140625,272.9907341464925,269.63148272644275,271.8970260451541,403800
2016-07-12,279.1859436035156,279.55311974054354,273.07676780916137,273.4361479201645,874800
2016-07-13,279.2874755859375,280.3733879836706,276.56101247439017,279.3499629925077,569300
2016-07-14,277.4827575683594,282.8028873259646,275.76405645150635,276.94371148357584,799400
2016-07-15,278.7796325683594,279.3577303744819,274.31103284487887,278.06871626677713,654400
2016-07-18,279.5062255859375,280.9983657734074,278.74061774660635,279.3343554114369,448400
2016-07-19,278.56884765625,279.271968339769,277.6470090441198,277.6938805775457,353200
2016-07-20,281.0686950683594,281.81086720754234,277.78754560394566,280.19372823546456,433400
2016-07-21,280.8498229980469,281.4747922054346,279.4123747482176,280.6779528898582,589400
2016-07-22,283.6231689453125,283.7481675604239,280.67014520631994,281.55293153482336,503900
2016-07-25,282.3497619628906,284.1934376794896,281.302901662939,283.58408440218454,419400
2016-07-26,282.748291015625,283.3810803120467,280.2015179385527,281.82645276170894,358300
2016-07-27,283.8263244628906,285.6700244279714,282.18575024881505,282.9513579063305,458400
2016-07-28,283.87322998046875,285.13101243701243,281.7795563491259,283.3029519820889,407300
2016-07-29,286.12310791015625,286.8808956615398,283.4278772889856,283.48256865603526,648500
2016-08-01,287.74029541015625,287.8418582974319,285.5528549241405,286.44346131312375,806300
2016-08-02,286.771484375,287.427733032158,285.1309342552456,286.00590067672715,745200
2016-08-03,287.6153869628906,288.27161216216984,286.21698954004864,286.7716518202024,821800
2016-08-04,286.12310791015625,288.3964711643069,285.6543690402506,287.23245577423137,452400
2016-08-05,292.7635803222656,293.1620120366984,288.27936393259125,289.271509444566,675500
2016-08-08,290.3730773925781,293.70109842419566,289.77933967285634,292.5995700004764,550600
2016-08-09,287.998046875,291.00576220560345,287.67774236976715,291.00576220560345,534600
2016-08-10,286.27154541015625,288.6777033350842,285.54501326644305,288.6777033350842,489000
2016-08-11,287.013671875,288.1229957346419,286.1543213802484,286.1543213802484,495600
2016-08-12,286.3966064453125,286.76378252930994,284.36542010492354,285.1466437865305,360400
2016-08-15,289.63079833984375,290.43545760670145,287.27933177146235,287.4902535377475,369000
2016-08-16,286.7637023925781,289.7948532447202,286.7011911645278,288.3652009559082,312300
2016-08-17,289.1308898925781,289.3808871930311,286.36535137882214,286.7247075975641,338300
2016-08-18,289.6699523925781,289.75587555883607,288.28717113759456,288.28717113759456,291200
2016-08-19,290.65423583984375,291.3807919195327,287.2871639732489,288.99804559394266,378900
2016-08-22,290.2637023925781,290.998054694731,288.8575090452117,290.53713549930467,390600
2016-08-23,290.8338928222656,292.5525941130291,290.7323299494864,292.5525941130291,284000
2016-08-24,288.3653259277344,291.2089920102103,287.77158820918265,290.3418211927961,401400
2016-08-25,287.88092041015625,288.55276131801804,286.451291593977,287.4903085778494,485300
2016-08-26,289.904296875,292.1073534073178,287.8965462655957,289.05276591202363,362000
2016-08-29,292.0213317871094,293.52129138188246,290.50575630527317,290.7245217704506,362900
2016-08-30,293.7400207519531,294.24781123238387,291.86508921749066,292.255700947214,631400
2016-08-31,293.0326843261719,293.9994862452051,291.34276590419427,292.804734477851,618100
2016-09-01,292.52960205078125,295.4063799986482,288.24583429794393,294.0623084673147,457500
2016-09-02,293.8501281738281,295.296385097464,292.3252653765625,294.3688981552103,293500
2016-09-06,292.07366943359375,294.35309532511053,290.6352806221527,293.81861388599555,532200
2016-09-07,293.6064453125,293.6928949761773,289.25193929261866,290.7139076893451,378500
2016-09-08,292.6946105957031,293.52777985446244,291.7513883468135,292.41163432618094,380100
2016-09-09,284.6774597167969,290.957703951013,284.63816876145154,290.5568306630209,648200
2016-09-12,289.3304748535156,290.28940863959286,281.72189883878247,282.96378489592973,868700
2016-09-13,283.67913818359375,289.055448750281,282.06780177923906,287.3419510992402,689200
2016-09-14,283.5140686035156,286.6895345553815,282.39792285706767,284.3629496037315,394500
2016-09-15,287.2869567871094,288.3559199962077,282.45299500658876,283.51411441869004,588900
2016-09-16,287.6563720703125,288.135827142207,283.0503363308561,285.03896667307856,1122300
2016-09-19,289.2205505371094,292.71830847357666,288.0886929750104,289.9358233011544,547500
2016-09-20,287.4518737792969,292.246542302145,287.4518737792969,292.246542302145,461800
2016-09-21,291.11474609375,291.79857148722635,287.93925650961296,288.9846640548103,488100
2016-09-22,293.8658447265625,295.50076057200505,292.63180205241366,293.7165007602823,556900
2016-09-23,287.40484619140625,293.3864008936981,287.3262403134386,292.466757697054,549700
2016-09-26,283.5140686035156,286.548058386536,282.88524565229744,285.3218836155892,487000
2016-09-27,284.3708190917969,285.01532963833876,281.61978162997127,282.17784251297013,496200
2016-09-28,284.2843933105469,285.9428886472574,282.28794305853415,285.935020863013,503400
2016-09-29,280.7867431640625,285.825077001088,278.2636303586781,282.9639851925295,665600
2016-09-30,284.8973693847656,286.0135148893453,281.3917691447795,282.92449926989246,580400
2016-10-03,283.018798828125,286.2099994527404,281.1795371863863,284.2999997463736,623200
2016-10-04,279.8434143066406,284.1586057707453,279.2381946473329,283.3568834183596,711500
2016-10-05,281.58038330078125,282.7436874325924,279.56035462164203,281.1009284275594,705800
2016-10-06,280.4486389160156,282.3586633566763,279.8512870297739,281.5883641508424,707800
2016-10-07,280.7709045410156,281.8634710411219,279.4268328210619,280.5979812096012,789300
2016-10-10,282.020751953125,284.535996879518,281.37624112965653,282.9718425836108,461400
2016-10-11,276.5735778808594,280.81018701728806,275.4102974104696,280.81018701728806,557300
2016-10-12,275.9684143066406,278.22426160880366,275.4103533193919,277.0452453334866,500400
2016-10-13,274.58502197265625,275.8426441049508,270.71786210074833,273.9404873316226,576400
2016-10-14,278.9630432128906,280.818016836673,275.71681538413,278.87656956790875,790300
2016-10-17,278.7194519042969,280.58229377882725,277.4225388006369,279.3639865575113,624200
2016-10-18,280.28363037109375,282.7045574313369,279.3797226128239,279.42688134893194,704700
2016-10-19,277.2416687011719,280.74726937343183,277.2416687011719,280.4014227793462,813700
2016-10-20,274.45135498046875,278.80583680220514,274.1447993067008,277.15520960510077,1139100
2016-10-21,271.6059875488281,273.2409032361756,270.7099478249385,271.5116701028548,906900
2016-10-24,269.71173095703125,274.6321417708958,269.11435513176946,274.56927146741,987200
2016-10-25,268.4541015625,270.7256600153004,268.29688982742726,268.88639785323556,790300
2016-10-26,267.36151123046875,268.0296250639802,264.75981796186886,267.3850905899037,1149800
2016-10-27,267.4636535644531,269.263624336511,265.00343684694167,268.52477254316454,703500
2016-10-28,266.99993896484375,269.16933586692465,265.49078807923536,268.61911885962775,614000
2016-10-31,268.21826171875,269.71170111667345,266.4733171475656,268.4147643777251,809100
2016-11-01,267.9981384277344,269.93174156501055,266.08813863355556,269.88455886595307,796000
2016-11-02,266.1510925292969,268.59559847171863,265.2236055873224,267.91961674328064,668000
2016-11-03,268.13983154296875,269.6882503440434,266.2298063869214,266.8271824840518,714000
2016-11-04,271.80242919921875,274.0975904802183,267.1649719119585,268.3125405588895,1034800
2016-11-07,281.1088562011719,282.122792653858,276.65216532757796,276.70719182917395,1080300
2016-11-08,277.8468322753906,280.47997213699716,276.6363934270728,279.8511733583161,776600
2016-11-09,286.43804931640625,287.6327770262357,274.349200090832,277.3989256520527,1107400
2016-11-10,294.7619323730469,298.91991244009984,288.5524275559923,289.9122349426682,1442300
2016-11-11,291.7593078613281,293.9287050261571,289.0868763317973,292.27807779148907,660000
2016-11-14,293.8186340332031,295.09983520830104,290.6588799106815,293.7950546736,772900
2016-11-15,292.513916015625,294.14096413740106,288.8668383570786,293.826564613118,1096500
2016-11-16,288.8196105957031,292.6317428955924,288.7724518776896,290.4152111875353,659000
2016-11-17,291.90081787109375,292.5139053165223,288.52098113116756,289.6056798393439,569100
2016-11-18,293.0090026855469,294.91115871126726,291.2561905786166,291.78282818495074,468900
2016-11-21,294.4161071777344,294.81695642357755,292.47465930442877,294.3139219232737,375600
2016-11-22,293.2291564941406,295.5793208647223,291.92437582399907,294.8483366540064,529100
2016-11-23,293.1742248535156,293.7873124523634,291.21706520856907,292.6947696742923,517800
2016-11-25,293.70855712890625,294.0622474652845,291.69634815991617,293.20549888987443,227100
2016-11-28,289.7628479003906,293.024787599628,289.41700126370034,291.59426631565657,501800
2016-11-29,289.6842346191406,291.5863910722703,287.8528402378748,290.1401342590879,694500
2016-11-30,291.4449157714844,293.12696620541635,289.73139420583647,292.8440138656896,621900
2016-12-01,296.483154296875,299.6586192758621,292.12078186351147,293.81856733092945,930200
2016-12-02,291.8929748535156,296.6876457884958,290.3524003191629,296.4911430779404,569000
2016-12-05,294.2430725097656,296.11378157317984,292.03438464572184,294.2273369460174,589200
2016-12-06,293.9444580078125,295.052736107379,291.92440450745767,295.0212889591737,644200
2016-12-07,298.5347595214844,299.02995016258586,293.7872475811548,294.298173790003,503800
2016-12-08,308.6647033691406,310.02484398053736,298.6297417869462,300.51177521184997,1115200
2016-12-09,307.2491149902344,309.9456728330683,305.3986960164206,309.90611942463966,934600
2016-12-12,308.6250305175781,313.6543943021563,304.6553311545869,311.7881445022341,1460900
2016-12-13,310.4913330078125,312.3891968941443,307.715692292805,309.415861521547,907000
2016-12-14,308.4036865234375,313.8679701216041,307.4626579595873,309.3684374824835,942700
2016-12-15,311.36907958984375,312.12032892699284,307.4626313019651,309.6056345910165,630200
2016-12-16,310.47552490234375,313.46466738038316,309.19446728784834,312.53946982887,1023400
2016-12-19,308.2216796875,311.21082099086163,307.61278902422595,310.1828187525774,812200
2016-12-20,315.0857849121094,315.884454994595,310.159224888268,310.3094747729502,716400
2016-12-21,311.19512939453125,315.59185687413117,310.1512957571054,315.3783553207417,671700
2016-12-22,306.12615966796875,308.6092156654673,304.7106594392505,308.6092156654673,862400
2016-12-23,305.03497314453125,307.4863919822805,303.93580328202773,306.12625163010455,579600
2016-12-27,306.4188537597656,307.2807997115998,304.94010134090087,306.8300741595544,285500
2016-12-28,301.31036376953125,307.40725991270125,301.05730883008243,307.12259120530683,506100
2016-12-29,299.705078125,303.80922083521267,299.64182645774457,301.55549708346894,485300
2016-12-30,300.9228210449219,302.35412802759396,299.42034690170516,301.7294063304024,515600
2017-01-03,305.5805358886719,306.7825346768724,302.2988098765649,304.14922870652896,743900
2017-01-04,305.7625427246094,306.00768222922926,302.9948168429552,304.1730695672671,680800
2017-01-05,302.5044860839844,305.79412832219253,300.55915313587184,304.43398801343966,468400
2017-01-06,303.89617919921875,304.82140069699255,301.62664868103525,303.3189263176426,453400
2017-01-09,300.8279113769531,304.789694511473,300.5036893566185,303.935664509417,505300
2017-01-10,300.7410583496094,302.29889342065036,299.3492800555398,301.90350405371254,452800
2017-01-11,301.2471008300781,302.449075548518,298.20259856023205,300.2349052428007,948800
2017-01-12,299.14361572265625,300.39303517689666,294.3356687644288,300.19534054515543,777400
2017-01-13,299.98187255859375,305.99179486176416,297.293230092942,299.4599557765466,620400
2017-01-17,296.3837585449219,298.2025634910378,295.2292287450475,298.2025634910378,647300
2017-01-18,298.91436767578125,298.9460055829425,295.26888921981055,297.45933767084387,508500
2017-01-19,298.40032958984375,300.25866425125844,297.41185627341565,298.6533845506852,456100
2017-01-20,301.6029357910156,301.78482354626186,299.5706291145788,299.9264891170812,660900
2017-01-23,298.9617614746094,301.5555143683976,297.35648185029305,301.5555143683976,502800
2017-01-24,301.5871276855469,303.1766002957353,299.3413194962972,300.57493210542526,615100
2017-01-25,307.08306884765625,307.470566804322,303.57203377153076,304.43397962182854,597000
2017-01-26,300.0372009277344,307.04348713053076,299.2385068887719,302.5123174589802,836500
2017-01-27,296.5894470214844,301.5792585150918,294.88136219271155,300.8517556505672,686900
2017-01-30,296.6842346191406,296.96101188594787,293.14156282846125,296.3916504720684,591800
2017-01-31,295.7354431152344,296.75553031860994,294.32785791742765,296.29688926585027,714600
2017-02-01,294.9604797363281,299.0013476471659,293.27611710341904,296.70809405215397,618900
2017-02-02,293.8849792480469,294.52550800252845,289.2905332430558,289.7808362610952,832400
2017-02-03,298.91436767578125,299.42047765975195,293.82966610212765,294.16969517299106,953400
2017-02-06,298.4556579589844,299.57063450390507,296.18610319583416,296.18610319583416,546500
2017-02-07,298.0364990234375,299.7050299548208,297.743890728051,298.6216673489247,546900
2017-02-08,296.194091796875,297.53842534820797,295.5930922140222,296.6052880662385,433800
2017-02-09,299.36505126953125,300.42469166531686,297.08760510972155,297.7123269418221,493000
2017-02-10,302.7812805175781,303.6115885337712,300.3773064132626,300.64616828643614,578300
2017-02-13,305.10614013671875,306.2527789233221,303.13710886432443,304.2441942356977,453300
2017-02-14,304.4338684082031,305.64375836027574,303.07372863381863,305.0822883368406,772300
2017-02-15,310.8076477050781,311.3453713958512,304.6791131606386,304.6791131606386,640000
2017-02-16,309.96148681640625,311.3295424733723,308.3482917256265,310.48340358497165,503700
2017-02-17,307.4230041503906,308.94920059928626,306.8299203780865,308.21378251346283,607400
2017-02-21,308.4826965332031,310.64150638530936,307.5970284777088,309.14694757482386,434300
2017-02-22,308.965087890625,309.1548911573564,306.6560279837726,307.64450119487475,421900
2017-02-23,308.885986328125,309.8032923078797,306.8220659731608,309.566068404773,387300
2017-02-24,307.7393798828125,307.7393798828125,305.0270152792702,306.8457962703424,483500
2017-02-27,309.1944580078125,309.48704225263174,306.99609428446956,308.0478192905293,368600
2017-02-28,306.3951416015625,309.25775694505205,305.9681384327233,307.64458559746396,781800
2017-03-01,314.57958984375,315.655061141407,310.60989050327925,311.76442034398843,791500
2017-03-02,311.6670837402344,314.6353504695712,311.4840699699559,314.45231241402604,475100
2017-03-03,310.4893493652344,312.68568463318377,309.89251464188357,311.9694878222162,340900
2017-03-06,308.49188232421875,309.51047910765726,306.9799061389173,308.53962715115625,366100
2017-03-07,306.65362548828125,308.4839085663181,305.73848394926284,308.01440159039146,360700
2017-03-08,306.01708984375,309.58219182794835,305.87385531876174,308.7466328135797,416200
2017-03-09,305.7942199707031,307.9348690502747,303.9320986098437,306.62980312683976,393700
2017-03-10,306.0409240722656,308.7545355660495,305.4918584616645,308.2293180880332,483400
2017-03-13,306.28765869140625,307.27441774264804,304.8711475194031,306.86856232661256,404300
2017-03-14,305.01434326171875,307.2425162345947,303.4625634620367,304.93476045155944,353400
2017-03-15,308.9375305175781,309.53436516586936,305.65892273527385,306.6934264115397,433500
2017-03-16,310.3541259765625,312.04117528853504,308.16573149852263,309.6458702885569,535600
2017-03-17,304.6641845703125,311.3328206252039,304.4811465437363,311.3328206252039,672200
2017-03-20,302.7543029785156,304.33789632064014,301.49695784149014,304.08324106690566,436100
2017-03-21,298.54461669921875,304.8790142221106,297.6931268725955,304.7835245752484,610500
2017-03-22,298.79132080078125,299.38018984168934,296.0299650478758,297.2872859343379,343800
2017-03-23,298.7356262207031,301.8550926169938,298.0194295115066,298.0194295115066,418100
2017-03-24,297.9478759765625,300.7728841555969,296.2130820847314,299.8259043838067,318400
2017-03-27,298.4173583984375,298.45713766545055,292.8469010416667,293.8495911371708,614100
2017-03-28,302.8975830078125,303.8923074748874,297.31119485815015,297.4464880711891,593800
2017-03-29,301.9267272949219,303.1283622078604,300.4784026599617,301.2184718260266,461600
2017-03-30,304.8153991699219,305.6827959468017,300.8842463334394,300.8842463334394,483800
2017-03-31,305.1894836425781,307.36194670324585,303.6456690659522,304.44939005719704,434600
2017-04-03,304.05938720703125,306.53427408823296,300.9319795905559,305.4440357701473,502200
2017-04-04,303.0328369140625,303.89229241076004,301.65615386244366,303.37504057057464,407500
2017-04-05,303.1204833984375,307.7996724597055,302.5554865461549,305.16564329175907,467000
2017-04-06,305.6589660644531,306.72530787299615,302.58724401080667,303.3909892223929,330700
2017-04-07,307.186767578125,309.79692314350615,303.7649257348502,303.7649257348502,550100
2017-04-10,307.0834655761719,309.5822014132133,305.69085098559253,307.234641389271,390300
2017-04-11,305.619140625,305.99315800224156,302.0381324840653,305.324706063499,442000
2017-04-12,303.54217529296875,306.18416941716066,302.69865085221426,304.72787913633255,377900
2017-04-13,301.60040283203125,306.00902765747014,300.8125889705873,301.4889820553264,366700
2017-04-17,305.420166015625,305.6589144396202,302.2370479777956,303.3352275864889,426700
2017-04-18,305.2688903808594,305.7622939541765,302.1733214838759,303.6614249124618,498500
2017-04-19,300.0885314941406,307.051603910143,298.8311859609859,306.47864155135835,687200
2017-04-20,303.66156005859375,304.65628464182714,298.9505580321505,301.08324171013857,725800
2017-04-21,300.8524475097656,303.49444173208946,299.8497573962322,302.1495722032371,493800
2017-04-24,307.6882019042969,309.6458130757988,305.67488032790925,307.11523957540993,595800
2017-04-25,308.91363525390625,309.43088705378005,306.6615657478497,309.43088705378005,545100
2017-04-26,309.45477294921875,311.86598388361125,308.04625196476127,309.1205591560826,465300
2017-04-27,310.9190368652344,311.1816577297307,306.7809975676458,310.4813678047616,371400
2017-04-28,306.032958984375,311.43628484851354,305.81014167333075,310.35403627637464,580500
2017-05-01,304.7835998535156,308.1258840307681,304.7835998535156,308.1258840307681,585700
2017-05-02,305.977294921875,306.28766066208,304.23453543450495,305.23722562868204,379800
2017-05-03,305.81024169921875,306.8129077842418,304.79164447481105,305.6351691629015,375400
2017-05-04,305.0303649902344,307.4893217530858,303.4308397590961,307.4893217530858,460200
2017-05-05,305.38836669921875,305.4281459624592,303.5103143401382,304.60052843378315,536300
2017-05-08,304.2901916503906,306.3432922270558,303.0089739320868,306.0886612249819,336900
2017-05-09,302.79412841796875,305.4679361341935,302.1177109218742,304.2424530735565,472700
2017-05-10,304.2026062011719,304.3617718076793,300.68527457881925,302.85773696754825,404900
2017-05-11,304.6800537109375,305.06203656402454,301.25024645418335,302.7144776297939,454300
2017-05-12,306.4706726074219,306.53434858284623,303.3432642309172,303.7809333495661,458100
2017-05-15,309.8446960449219,311.5078965794445,306.66157802867116,307.64836112768785,556000
2017-05-16,311.3885192871094,312.16839196648004,308.531673698621,310.1630363005805,594000
2017-05-17,305.3167419433594,311.3885193374076,303.7092517555463,311.3885193374076,859400
2017-05-18,309.14453125,312.60615379281575,303.86054196372345,304.48921477672945,1011300
2017-05-19,312.9960632324219,314.3090948207983,309.20017869306173,309.97208593845255,681900
2017-05-22,315.3515319824219,317.5160534182375,313.9986969780625,314.88202494297764,663900
2017-05-23,315.1048278808594,316.9669491047394,314.47615523948605,315.39926242731167,726200
2017-05-24,315.3753967285156,315.8926485875091,312.7413683173157,315.8926485875091,493000
2017-05-25,323.3729248046875,324.62230436640334,316.4655650251012,317.97754111911956,969600
2017-05-26,323.8982238769531,324.47915176321084,320.7946881040213,321.68595742493835,737300
2017-05-30,323.7390441894531,325.1157272761657,322.08380911634845,322.16339192885124,746500
2017-05-31,325.6648254394531,325.93538758066956,323.1581246357354,324.6780665379267,917200
2017-06-01,330.9813232421875,331.549792709788,326.5055760774002,326.8978969788312,1324100
2017-06-02,332.04620361328125,333.5114449620561,328.45921381906203,329.71624849183866,878700
2017-06-05,331.65380859375,334.4481414356562,331.40560263879996,332.0621584578103,424700
2017-06-06,331.341552734375,333.52739259263257,329.115689113999,329.3238713198896,667200
2017-06-07,331.3175964355469,332.95898638077585,330.89324185156784,332.65472754046334,584300
2017-06-08,332.4625244140625,334.3841293277059,331.16541727368434,331.31754667099045,683300
2017-06-09,335.080810546875,335.5131797247356,332.56669190045324,333.5355213947835,679200
2017-06-12,334.9285583496094,336.2816937865128,333.7996097311824,334.48018471265647,783700
2017-06-13,335.7293701171875,337.2826738816371,333.7677163053652,335.7293701171875,373800
2017-06-14,337.4747314453125,337.57080803286107,333.69556424968687,334.5763070264387,519300
2017-06-15,338.17938232421875,338.37955005999174,334.24808506149276,335.32098119309137,475400
2017-06-16,336.6900329589844,339.06001131247,336.0334771419856,338.8598436439604,1182100
2017-06-19,342.99139404296875,343.0634514897217,337.85107626376805,338.87593400848107,573000
2017-06-20,340.0368347167969,342.4148276254768,339.9167390011121,341.486046699964,487500
2017-06-21,336.874267578125,341.1098234925031,336.5540041041471,340.90965576694975,580500
2017-06-22,338.8197937011719,340.07682799203013,335.84129804653594,336.5138584286114,359800
2017-06-23,337.5788269042969,341.1898601181829,336.48992631868805,339.7646670372923,811800
2017-06-26,340.0368347167969,341.2618598858423,338.09121081911246,339.156092077558,389600
2017-06-27,337.9871826171875,341.4861102475963,337.7389766137398,340.9816837133205,416700
2017-06-28,341.766357421875,342.0385825789,338.3795109278368,341.3420028484926,391400
2017-06-29,338.8759765625,344.96108087597383,337.12250516771326,344.2084482026617,748900
2017-06-30,338.2113037109375,341.78228808982124,338.1072126133697,340.9255646008724,502000
2017-07-03,343.3437194824219,345.0171188203717,340.3171842966661,341.0217786357056,379900
2017-07-05,343.3035583496094,344.22434917838166,341.2938915601487,343.3436065442903,446700
2017-07-06,340.43719482421875,343.1434658423277,340.2370271386726,341.8783923863382,335400
2017-07-07,346.19415283203125,346.72259865767006,341.0458438400103,342.3268979735743,390000
2017-07-10,349.2846374511719,351.3744010377353,345.2732931808958,345.6575995438244,517000
2017-07-11,345.8177185058594,349.901144358768,344.0242237829796,349.68494761070207,507200
2017-07-12,348.5240478515625,349.50885743444286,346.001939367657,347.09084007854125,468600
2017-07-13,350.5977478027344,351.15021263154097,348.4039175422491,349.6209284103769,477600
2017-07-14,350.96600341796875,354.56902168820534,348.5079384226531,349.43671939779125,766200
2017-07-17,339.98876953125,345.70554505631793,338.58759594521507,342.6870256131185,1247300
2017-07-18,341.79034423828125,342.0065165510341,336.44186932718475,337.8190240371501,848100
2017-07-19,341.4540710449219,343.95216009371876,340.09294531168473,343.5198154437969,517200
2017-07-20,342.1106872558594,342.36690782768153,340.30116306485627,341.53420318652894,396600
2017-07-21,343.2075500488281,343.9281489165979,340.64541802625416,341.08577721363156,440700
2017-07-24,342.94329833984375,343.55179148874714,342.1666467421289,342.3828190462026,372400
2017-07-25,345.36932373046875,347.4910962747331,344.4005189903578,345.88975481724583,531000
2017-07-26,346.4582214355469,348.71611873692103,345.2972635488275,346.24204913693796,739200
2017-07-27,340.6934814453125,348.57208014528584,337.85108509820657,347.84346669635005,538300
2017-07-28,339.4843444824219,341.1577431539772,337.8029312855797,340.2850151062012,444400
2017-07-31,341.5101623535156,342.6791350407485,340.00489713279916,341.47013858182004,578000
2017-08-01,344.2724914550781,345.7217038675233,342.1427038727825,344.0242854242972,440900
2017-08-02,340.7254638671875,344.2404205594206,339.7646735264533,343.13549089822175,394800
2017-08-03,341.09375,341.95846364859807,339.48439399244785,339.7646336385461,442000
2017-08-04,341.4941101074219,343.607868309629,341.0777456540758,343.1754992367441,412600
2017-08-07,342.5830078125,343.29561654584995,341.1017619606139,341.9184618064337,279500
2017-08-08,343.3437194824219,345.82580429147913,341.89450703102654,342.527019482836,397800
2017-08-09,345.3613586425781,345.54552173298345,340.49329066614723,341.3339852778608,350600
2017-08-10,338.43560791015625,344.32853441014174,338.18740186887925,343.3837485475688,488200
2017-08-11,339.6125183105469,342.8712542238495,337.99517214407706,338.00316223633183,807100
2017-08-14,342.7351379394531,344.0882735353437,341.28592575785984,342.5189656216221,453300
2017-08-15,342.8873291015625,345.1852507834468,341.83845212784206,344.19242663965963,372800
2017-08-16,341.94244384765625,345.705581500427,341.50206029918905,345.6815623566583,326100
2017-08-17,336.2336730957031,342.9512879100411,336.0415199368188,341.8143491405997,443900
2017-08-18,333.51934814453125,336.0895185135724,331.78190652434375,334.0477937035529,1015000
2017-08-21,332.5745544433594,333.3672105450782,329.71615444054595,333.3672105450782,526100
2017-08-22,337.3786315917969,338.1072449098396,333.5354217476817,333.5354217476817,355900
2017-08-23,334.7364501953125,336.48190669053747,333.40733372335575,335.00867533758793,387400
2017-08-24,333.03106689453125,336.2497552204179,332.87092293552615,335.77736230625175,308500
2017-08-25,333.37530517578125,336.12160022213163,333.25520943977386,334.22401428961234,466700
2017-08-28,331.7499084472656,335.28888383691344,331.245481976151,334.14390611893435,499400
2017-08-29,331.5818176269531,332.67873276408653,327.17011349615683,328.6753785791998,505500
2017-08-30,333.2392883300781,334.6324480859601,331.413759381683,332.08632010640326,404800
2017-08-31,337.5164489746094,338.53943690363536,334.7213308088062,334.8582536194436,501600
2017-09-01,339.7477111816406,341.7614844293345,338.82138040414003,340.20685738184113,441900
2017-09-05,333.198974609375,339.51416566285326,332.7076256509166,337.88704544525666,615500
2017-09-06,332.0229187011719,336.46128332335803,331.7812757161255,334.5924956316801,430000
2017-09-07,333.68212890625,333.80295034910296,329.7834679963507,333.2793743752829,483300
2017-09-08,335.0516052246094,336.5176134771419,332.385371391818,332.8122903401509,316400
2017-09-11,341.56817626953125,343.17919489695566,336.29207551540037,336.29207551540037,443200
2017-09-12,345.2171325683594,345.3218527123205,342.0917524971813,343.2597508352492,333900
2017-09-13,342.76031494140625,345.08018570224584,341.6003795609864,345.05602140607846,401000
2017-09-14,342.897216796875,343.95243189301607,341.8822673282669,342.9777726341311,468300
2017-09-15,345.3379821777344,345.8776842781891,340.83518769599453,343.7430647566638,850200
2017-09-18,345.91790771484375,347.7464049337357,345.2009926550617,345.87764208365724,455400
2017-09-19,348.29425048828125,349.3575043030221,345.523295953215,346.9248745605085,361900
2017-09-20,349.6474304199219,350.5576598690214,347.46448250107835,349.88907337888935,398900
2017-09-21,349.2929992675781,351.0973322207518,347.49670469145735,350.1790644078662,293300
2017-09-22,350.79119873046875,352.1203085955015,347.90748656879964,348.80965295273654,285800
2017-09-25,352.51507568359375,352.6519985128561,348.9305490916052,350.79127380223065,288600
2017-09-26,349.9132385253906,353.34471604422976,349.4299280240876,353.34471604422976,308400
2017-09-27,353.1352233886719,353.3607649782069,349.4862677473651,353.03050326099674,410200
2017-09-28,359.345703125,359.780684982928,354.03740036247774,356.0350720598227,473500
2017-09-29,360.1351013183594,361.2950365201808,357.2916548569114,358.45159005873285,457700
2017-10-02,362.4388427734375,362.87380000433876,360.0706439653351,360.6506115220579,416300
2017-10-03,363.115478515625,363.2040727231391,359.9578718149042,362.01193490748835,540500
2017-10-04,368.8507080078125,368.874872299692,361.6655553753166,363.1638152184113,839700
2017-10-05,374.10272216796875,375.0532173537011,368.08556600808663,369.3743859556571,642200
2017-10-06,373.12799072265625,375.26258528985284,370.0429011530387,374.1026500189628,458400
2017-10-09,372.50775146484375,375.2142506652482,371.8713922931737,374.48929727815346,339300
2017-10-10,374.95648193359375,374.95648193359375,371.8472281191168,373.1521491327445,687300
2017-10-11,381.75494384765625,382.1093698386418,370.6630917514895,381.81133538762856,1031800
2017-10-12,387.11968994140625,390.8572646843558,381.8033239415447,383.4224054105249,1241700
2017-10-13,383.0115661621094,389.5120313825553,382.673266060143,387.0552381264355,639700
2017-10-16,385.001220703125,385.6375799373673,382.39944137944104,383.9299041431716,425400
2017-10-17,383.0599670410156,385.40400223292096,380.84481629681795,384.40517849093055,431700
2017-10-18,384.63067626953125,384.9367737251582,382.09332698649524,384.57428472092795,414800
2017-10-19,384.0588073730469,384.74349523253517,380.393725105054,381.81142941814085,464100
2017-10-20,383.9218444824219,394.53041294122283,382.76997206559787,394.53041294122283,531300
2017-10-23,382.12554931640625,386.2175255374605,381.59391025540856,384.21985372481987,436600
2017-10-24,381.58587646484375,385.25899700142605,380.23262670551213,384.7515221961283,510400
2017-10-25,377.9046325683594,382.46381754564186,374.6825957998649,381.58581547608986,644000
2017-10-26,381.392578125,382.8585864681324,379.129098804797,380.3454012145401,495200
2017-10-27,382.7216491699219,384.92067389255413,379.1210215071814,381.5617137764086,432600
2017-10-30,380.4339904785156,383.14855285995293,379.87818710034793,382.8827210275113,320900
2017-10-31,379.2578430175781,381.15079434038154,378.78259559307634,379.97475792411973,413100
2017-11-01,378.0174560546875,381.69057639675464,377.6227397924733,381.1750386592472,449300
2017-11-02,382.5525207519531,384.15547653167994,378.04970174208194,378.1302575955074,528800
2017-11-03,385.9274597167969,386.781321993045,380.2808575448946,381.19108677664696,435600
2017-11-06,383.1082763671875,386.4753240114859,382.65719311399613,385.637587434619,241600
2017-11-07,381.303955078125,386.2658955979853,380.38568720667837,382.7860893244945,240400
2017-11-08,380.3614501953125,381.75496536450487,379.36260208160604,380.3131216103804,362200
2017-11-09,375.8505859375,380.1922676076196,372.5560563619102,378.07377454441064,454700
2017-11-10,375.23040771484375,377.68722596869975,373.40997330933953,375.4881766052106,304000
2017-11-13,374.6504821777344,374.90825109711875,371.3962417537458,372.45145714889117,499100
2017-11-14,378.9518737792969,379.0807336396465,372.62862062823297,373.12803247921795,366000
2017-11-15,378.9922180175781,380.42602393773603,373.5550289174322,376.8656611478433,470400
2017-11-16,381.82745361328125,382.09328540937514,379.04039872649236,381.17499314241724,247000
2017-11-17,381.8033142089844,386.0403006489178,379.9264885086915,379.9989813899363,505600
2017-11-20,382.4316101074219,383.72042979802694,380.88504614444855,382.60882312215745,392100
2017-11-21,387.73992919921875,388.85153592150476,384.24402192817803,384.79982528932106,440900
2017-11-22,385.7906494140625,389.8504234143262,385.2912375510441,387.6111084083376,265400
2017-11-24,386.43505859375,388.9965970814107,386.1128597611082,387.5547284212594,134400
2017-11-27,388.2232666015625,390.0034599053584,386.82168824522535,387.2083415700259,339000
2017-11-28,397.1644592285156,397.56721392489646,387.2083749334348,388.9402152114333,447600
2017-11-29,403.4151306152344,407.04796045592605,398.00210771171953,399.39562291989046,684200
2017-11-30,403.71319580078125,410.00422127658334,402.40021174841473,405.92834630866065,1071200
2017-12-01,406.45758056640625,408.33573661547746,397.2692365982606,404.5065929155269,574700
2017-12-04,415.7025146484375,417.4025441163529,411.33096442087225,412.14859034717375,716900
2017-12-05,414.58538818359375,417.3054554423423,413.5977394206238,415.79970921812605,501400
2017-12-06,414.3425598144531,418.1474425098396,409.79290733960346,410.44053538308674,386900
2017-12-07,414.8200988769531,418.10685884838915,413.89722782708026,414.010576304575,416700
2017-12-08,417.3136291503906,418.7789081358985,414.1725809255133,416.2693306726058,471700
2017-12-11,414.59356689453125,417.4917607919213,413.50877620456026,417.0222094048802,398100
2017-12-12,419.12701416015625,419.79084904388867,414.22118295928544,416.0588469025928,430200
2017-12-13,414.9334411621094,420.057889189147,414.0024667476169,418.5521431335121,482100
2017-12-14,410.23809814453125,416.71447660561904,410.0276079388105,416.5606606407344,336300
2017-12-15,414.3830261230469,417.4917098981109,409.93051539685166,410.035760512339,896400
2017-12-18,420.041748046875,420.5275061286927,416.97358121842694,418.53600175602827,433300
2017-12-19,417.58074951171875,421.563708920109,416.9654855765096,421.563708920109,424500
2017-12-20,416.5526428222656,421.304682541295,414.9254444939537,421.304682541295,294700
2017-12-21,415.77557373046875,419.8961433454322,415.2007771464115,418.17180300412474,374900
2017-12-22,414.58538818359375,416.6497240601288,411.76817919495056,416.6497240601288,258200
2017-12-26,415.8805847167969,416.0991782832247,412.8771960771607,415.56489884520835,176600
2017-12-27,416.36639404296875,417.4187957033169,414.69872849818216,416.406861527819,216000
2017-12-28,419.3293762207031,419.5884373364035,416.6821896340831,416.91694060884805,222400
2017-12-29,415.8726501464844,420.9889961051932,415.8726501464844,420.9646859637919,306700
2018-01-02,412.0353088378906,419.9769909377775,410.01954387578405,419.9769909377775,526400
2018-01-03,416.3825378417969,416.7063270824884,411.37951725849854,411.7842908674936,448700
2018-01-04,421.8794250488281,422.0251376461841,416.92499909532484,418.1312167713687,389800
2018-01-05,425.4737548828125,425.77328341298784,421.68507967524806,424.0894112949004,483000
2018-01-08,428.64715576171875,428.8333358135207,423.8141825061855,424.1541785084278,561500
2018-01-09,432.2496643066406,437.1555187068055,427.90239949014597,428.2504988812965,547700
2018-01-10,430.3310852050781,433.8202322620332,428.88201325521874,432.678742843216,483800
2018-01-11,435.4717102050781,436.31367109817734,429.5539208691734,432.419750200145,765200
2018-01-12,449.7278747558594,450.4078668774641,442.58766101390836,447.43684186075365,941800
2018-01-16,455.7751770019531,462.91539085515797,454.204653101214,455.46754504329334,1370600
2018-01-17,466.7122497558594,468.42848654941696,457.62910086650317,459.1834676843685,983900
2018-01-18,468.9059753417969,472.94565797688404,465.50591612380185,467.32739759523366,819600
2018-01-19,477.843505859375,478.08636022242786,470.3713983927819,471.6585512223906,591300
2018-01-22,480.27197265625,480.4176852207886,471.1483600360664,479.624344788021,843600
2018-01-23,477.37384033203125,481.29207095881736,476.3376454938323,480.06154326578866,643400
2018-01-24,475.7468566894531,479.6165181984695,472.1119956233965,479.1712768702895,642200
2018-01-25,465.8945617675781,474.3381358195714,463.8302256332291,473.58526261343735,892500
2018-01-26,475.042236328125,475.163688159486,467.2058261986051,468.0882542931031,516600
2018-01-29,465.02020263671875,474.014311782924,464.8421259263245,474.014311782924,611000
2018-01-30,455.2003173828125,462.68057567459294,455.11127904157377,461.4824121137174,851100
2018-01-31,454.80377197265625,458.98911867907117,453.06327450812097,457.24051783386346,665800
2018-02-01,457.5481872558594,460.21158093943535,452.3346989948135,454.48807376289557,659600
2018-02-02,443.89111328125,457.6048505920548,441.8591410491091,457.6048505920548,808200
2018-02-05,424.9880676269531,447.70401471871673,419.7503197553152,437.147485179457,1129400
2018-02-06,433.28582763671875,435.9573729190394,410.65091960146765,413.5248022724674,1076700
2018-02-07,430.8896179199219,438.4993322596892,430.6791277337158,433.25348200402607,672400
2018-02-08,412.3672180175781,434.31403401498466,412.06768946189834,432.48444916514796,1038700
2018-02-09,422.1870422363281,425.8137985170524,404.78177438315606,418.576443303067,938600
2018-02-12,425.320068359375,430.7926173503991,420.8675571213458,426.0810449837634,614700
2018-02-13,421.9927673339844,426.2428909656785,419.96889893793957,421.6608252469573,517500
2018-02-14,437.1069641113281,437.43885675822025,418.05023876359616,419.26455969407425,656700
2018-02-15,437.68182373046875,443.3972264261902,430.00728074128267,442.3447752723239,648000
2018-02-16,438.0460510253906,444.0205144172314,435.39886479205234,436.6293431638456,534400
2018-02-20,439.2602844238281,442.36086398875744,434.92922673256726,437.96502868742465,532100
2018-02-21,440.0375671386719,450.15690927926136,439.114671276846,439.2603838743685,486300
2018-02-22,436.77508544921875,447.0077259321033,435.12357730794923,443.5995633677122,626100
2018-02-23,445.04876708984375,445.1782729574947,438.8152410519793,440.1995851549846,366700
2018-02-26,456.5604553222656,456.7628421863894,445.8096907936571,447.80119532454273,639600
2018-02-27,447.4935607910156,457.790980661807,447.4854574107599,454.9252004700351,616400
2018-02-28,444.7896728515625,458.52771949221045,444.30396412043115,449.08836806007696,721100
2018-03-01,433.5773620605469,444.45767988176743,426.6557424432425,444.1176344358083,779700
2018-03-02,435.196533203125,436.993704829858,426.70438833500265,429.23822640248574,636500
2018-03-05,441.4138488769531,442.1424119327732,430.2096904691894,431.20546742842583,384600
2018-03-06,446.5247802734375,446.80150980421604,439.5908452651972,442.0486267143789,387400
2018-03-07,445.5237121582031,446.4108261590763,438.117733388609,439.8186437205368,465500
2018-03-08,450.3742980957031,451.1718513656897,445.1901024943442,446.69569788630315,595200
2018-03-09,469.7356872558594,470.93206685603957,454.3947081003494,454.3947081003494,814700
2018-03-12,465.34893798828125,471.0540058017732,463.0864721740062,470.67966847162245,410700
2018-03-13,459.0580139160156,470.8587819736561,457.52797932502926,469.80079201347763,477500
2018-03-14,454.9074401855469,461.1740155030258,453.76803576061,461.1740155030258,341400
2018-03-15,454.0691223144531,458.70805475043056,452.37630861599104,455.95725111788755,313200
2018-03-16,458.7323913574219,460.5391552163308,454.15858104206103,454.76896551126276,616900
2018-03-19,450.7322998046875,458.99280608917377,446.0608321713675,458.88700214571145,554600
2018-03-20,453.7354431152344,453.99587979906255,449.24299724733123,453.75168625763604,381200
2018-03-21,459.1392822265625,466.7161855874266,453.3528497847816,454.61430099826794,480100
2018-03-22,439.0048522949219,454.2644667721645,438.15847022761153,452.6123850081716,699200
2018-03-23,424.1195373535156,441.2591308091362,422.01980092641287,441.2591308091362,655400
2018-03-26,440.0628356933594,440.75463467654714,427.7330971847138,431.2570646769438,672000
2018-03-27,433.05560302734375,443.7820878391922,429.3444670838314,440.94177311646007,511300
2018-03-28,429.7351379394531,436.64468270404166,426.51228981672654,434.89489389112003,496800
2018-03-29,440.8766784667969,445.2144920196027,430.2316074121015,433.1695798649998,488100
2018-04-02,422.3860168457031,439.28961187385755,415.1102326032822,437.6537736874928,746200
2018-04-03,430.30474853515625,431.24883764381633,421.7919517822501,425.19382185520533,566000
2018-04-04,436.4737548828125,438.0363253251343,419.65971804736006,419.757375595429,471200
2018-04-05,438.1746520996094,443.2042137970398,435.81447912210047,437.62933958230724,397400
2018-04-06,423.13470458984375,434.39835258857096,417.7226596937871,430.84999673692016,518500
2018-04-09,424.1277160644531,434.7239571992419,423.37894198026083,428.994499245614,559600
2018-04-10,434.5611877441406,438.5652957843262,429.710648151588,430.45937249365545,612800
2018-04-11,427.5213928222656,434.1461104485573,426.1866736088345,428.97815911822005,549400
2018-04-12,433.7880554199219,440.6894534614999,430.52452507982514,431.6069541458989,668600
2018-04-13,427.08209228515625,438.9479342835686,424.09524092435896,438.9479342835686,489200
2018-04-16,427.14703369140625,432.52659325697056,427.0005473788932,429.7106683434231,789500
2018-04-17,428.7666931152344,431.49305762966264,426.69949226925456,429.92234064699426,1367900
2018-04-18,425.8204650878906,430.1338884726055,424.9252543891098,430.1338884726055,671800
2018-04-19,427.31793212890625,428.8072840548361,424.8275656276725,426.1704312503783,525400
2018-04-20,426.7970886230469,429.36072329149107,423.69633747194644,427.93649284751444,639400
2018-04-23,423.07781982421875,428.3841115969238,422.01168355973164,427.415632877793,489300
2018-04-24,418.0727844238281,425.70666541678025,414.37791588464165,425.4380822741293,1028800
2018-04-25,416.8681945800781,419.95270286116596,414.34529172648934,418.3168643737789,715800
2018-04-26,425.41357421875,428.48993606440916,416.6891685944492,417.50301462686025,712900
2018-04-27,426.9843444824219,428.0504808072117,423.05345420323226,426.6099574219018,370900
2018-04-30,424.42071533203125,430.3455384227654,423.74520920162036,427.5947347982418,480900
2018-05-01,421.5478210449219,424.1033096021082,416.85196304325785,421.5478210449219,417100
2018-05-02,418.95977783203125,424.55089605665825,418.3412965777905,421.1734648527717,438700
2018-05-03,416.42059326171875,418.47962264584936,407.614773591218,418.18665000776383,682500
2018-05-04,423.52545166015625,429.2955916206297,411.521199077747,412.36760581881964,601900
2018-05-07,426.1297607421875,428.6852491937832,422.35355292080675,425.039234880773,366600
2018-05-08,423.1430358886719,429.7270733019138,419.7411648373024,419.7411648373024,634100
2018-05-09,432.43707275390625,433.34857634330825,424.94972893713583,425.299676772958,475200
2018-05-10,436.43304443359375,438.7443391534593,432.28240021486937,432.9985886367697,527500
2018-05-11,439.8266906738281,441.3241888392886,435.5621465234612,437.6455898363583,395700
2018-05-14,439.2816162109375,443.204360707053,436.30291141482166,441.0964772727207,415500
2018-05-15,433.95086669921875,438.3781911624022,431.94878755002367,436.18079691049934,461200
2018-05-16,434.5123596191406,437.38520990691393,431.55809493486595,434.8297217785352,474900
2018-05-17,435.8796081542969,437.0434018495319,432.1521799628784,434.59371770278165,365700
2018-05-18,438.2479553222656,439.4117492230848,434.9355959092166,436.4493873270093,518700
2018-05-21,442.30902099609375,445.97132810217283,441.10454477663563,441.10454477663563,359100
2018-05-22,445.0760498046875,447.2734436695215,444.24591109118734,444.71795562172775,406200
2018-05-23,441.6417236328125,441.74752760466856,434.3903763954794,440.87670627574437,377700
2018-05-24,440.15240478515625,441.86960815258215,435.1472313484027,441.86960815258215,413100
2018-05-25,439.1594543457031,439.7373029225452,436.1726532559638,437.1492784488884,290000
2018-05-29,426.6669616699219,437.7027127300938,421.5967163940084,435.2041992579058,714200
2018-05-30,434.8298645019531,435.64371069481524,428.14007263977646,429.1492339712088,404100
2018-05-31,434.7810363769531,438.5491482294802,431.9407211072717,435.09844831422606,543000
2018-06-01,438.7119445800781,441.8452326807387,436.3355275087743,440.0059819355794,446500
2018-06-04,440.022216796875,442.67536339127014,437.97945486045796,442.35795144754616,417100
2018-06-05,434.9029846191406,439.3791371576882,432.1928638100295,439.03733578142595,495000
2018-06-06,451.5627136230469,451.5627136230469,438.38062234106206,439.25616219491275,682100
2018-06-07,449.33697509765625,455.7684533144532,447.3404290674889,454.1319418124265,428400
2018-06-08,449.5579528808594,449.7461856990258,445.3930583098406,448.02781834040235,370500
2018-06-11,449.2716064453125,452.0864088893049,446.9314064325272,450.6708420882808,391800
2018-06-12,447.676025390625,451.9636788131874,444.7139426844309,451.58731301865225,425200
2018-06-13,435.4512634277344,448.0115224708411,433.93750986763746,447.0705081330204,839600
2018-06-14,428.24237060546875,436.09765674805544,427.25231298792477,434.84570132248075,989500
2018-06-15,429.191650390625,430.1898987319759,422.2200933330975,426.1640932212716,753100
2018-06-18,431.6627502441406,432.2764422412736,424.7321459288621,428.7661419969305,483500
2018-06-19,430.9017333984375,432.3173500855893,424.73210180742325,427.31776851209463,448500
2018-06-20,430.87713623046875,434.150159301961,430.4598177980745,432.1454226821983,346100
2018-06-21,429.56805419921875,432.9965491186588,425.7304312461576,431.46641426830695,571000
2018-06-22,427.7351379394531,433.5938789286908,427.54695503904014,433.5938789286908,514300
2018-06-25,421.5163269042969,426.2131074518369,416.67224132693065,425.5012288638926,666000
2018-06-26,418.0060729980469,422.211895756474,415.44492778145263,422.211895756474,740200
2018-06-27,412.0164794921875,422.99748698059443,412.0164794921875,417.6869880857252,558200
2018-06-28,410.57623291015625,413.77561631172125,406.9513654520264,411.9672778573365,636700
2018-06-29,408.342529296875,418.8080067894814,408.0806813529676,415.82956758391657,701800
2018-07-02,408.73529052734375,408.73529052734375,401.4119131920818,404.2676190772487,564000
2018-07-03,402.0009765625,411.8364041871691,401.69003530309686,411.2227122187229,307500
2018-07-05,402.5655517578125,408.2606059018335,399.8080083641743,408.2606059018335,513900
2018-07-06,402.3282165527344,406.7058902973418,399.3170410502375,402.1563898180166,556300
2018-07-09,412.48284912109375,413.36655460204383,404.1693652748606,404.99581181467585,748400
2018-07-10,413.16204833984375,418.05522882831707,411.5337266846899,413.15388275922123,484800
2018-07-11,411.50091552734375,413.98023007667746,408.8170369888861,409.02979152835576,468600
2018-07-12,414.58575439453125,414.96214514070635,407.53236710896374,414.4220932155734,574500
2018-07-13,414.9294738769531,419.35624227980617,412.75290970096734,419.1352971559678,786500
2018-07-16,412.368408203125,414.4058832235348,407.31159062706934,409.12812048085226,1212800
2018-07-17,413.1211242675781,414.00482982654916,410.1590413207544,410.1917535839507,758800
2018-07-18,418.0060729980469,418.6361211139539,413.12108379134423,413.15382102252624,487600
2018-07-19,413.1292419433594,417.56417502988114,410.79720758554146,415.50217910855406,684100
2018-07-20,411.4028015136719,413.08021653245504,409.9626627849485,410.4372653074571,812400
2018-07-23,416.09136962890625,418.3579297760447,410.8463456335621,410.8463456335621,646700
2018-07-24,416.4023742675781,419.76539497801184,414.56129797381493,418.8489521071743,688300
2018-07-25,419.3479919433594,419.6507426553303,411.6727469883751,415.6167467368171,492800
2018-07-26,413.3092956542969,419.52807151283554,413.0556382800366,419.52807151283554,407600
2018-07-27,411.5172424316406,414.38113790220274,409.16882716998276,413.7674460156537,571600
2018-07-30,409.2752380371094,412.7692067796941,407.8514807341705,412.15551484274613,492100
2018-07-31,411.38629150390625,413.4482871177745,409.7006865638235,411.9181527764437,512900
2018-08-01,392.3128967285156,417.2042332809528,389.9563151675571,413.3748007299924,1716500
2018-08-02,388.9252624511719,389.33439045652506,382.2482904072645,388.08245975899194,1637700
2018-08-03,394.7266845703125,396.788705646615,389.1052699145661,389.58803795210923,824100
2018-08-06,395.593994140625,397.7869389513417,392.0182198194031,394.7184792974984,639300
2018-08-07,398.86700439453125,404.9630206908658,396.494067336045,397.52507773593953,1000900
2018-08-08,398.5315246582031,400.4380748821399,396.4531726590118,397.70510318261455,535200
2018-08-09,396.11773681640625,398.49067423547984,395.63496877024096,397.9669784063701,634600
2018-08-10,391.9037170410156,395.7331490874034,388.9416093765624,392.01006934408935,646600
2018-08-13,388.99066162109375,393.8674595089951,387.5505233302288,392.05912106729784,382700
2018-08-14,390.47998046875,391.61736841638736,387.8533854201806,389.9317628740711,408600
2018-08-15,385.2513427734375,388.67983782816054,381.3155329323975,387.01877894496397,721000
2018-08-16,388.3525085449219,393.3520662096692,386.45417340568633,387.3869723576357,681600
2018-08-17,387.97607421875,389.15436484676627,385.2021993865554,388.0906420439807,472800
2018-08-20,389.1298522949219,390.32449915795286,387.66516694655786,389.8581121789844,465500
2018-08-21,388.61431884765625,390.78269226882225,387.59149884039005,388.26247475824266,640100
2018-08-22,391.1427307128906,392.5583226063424,386.8468866405961,388.36066526030964,603500
2018-08-23,384.95672607421875,391.2082141489542,384.64578478646484,390.4717887139117,579200
2018-08-24,390.72540283203125,390.84813622908604,384.9976112383709,387.56692191107993,580800
2018-08-27,395.7167053222656,398.53969803383166,391.89546443168535,391.89546443168535,607000
2018-08-28,395.5040283203125,397.1814430712972,394.27664436460935,395.94589353629897,517400
2018-08-29,397.0341491699219,397.8442145617086,390.92177628442926,395.93768920420166,634600
2018-08-30,388.8925476074219,397.2715066198441,386.920547511548,396.13411871331056,559800
2018-08-31,391.9937438964844,392.6074359380254,387.3296743922955,387.66516237154775,506700
2018-09-04,389.3099060058594,391.764674430371,385.57865999829744,389.67813125801445,499400
2018-09-05,391.32269287109375,393.5319937853115,388.26242380177155,388.8106662410379,544700
2018-09-06,388.7282409667969,393.3406669381414,387.09743679122926,392.5252648503576,670900
2018-09-07,388.3000183105469,389.07424825140845,385.81261422257455,387.3692934793598,666400
2018-09-10,390.20257568359375,393.70307372402704,388.73648574502846,391.2403784401813,453000
2018-09-11,388.0446472167969,389.7743101954784,385.87020801257995,388.7282628712692,495400
2018-09-12,387.1221618652344,389.6178101568002,386.22439005190677,387.93756398815475,579700
2018-09-13,386.27374267578125,390.7790900135459,384.88999745961263,389.75775126640997,528600
2018-09-14,392.105224609375,394.3125916124372,387.43516215103017,387.43516215103017,416700
2018-09-17,387.85516357421875,392.8876571717607,386.78443309084304,392.8876571717607,443300
2018-09-18,388.9259338378906,391.24037876865253,386.3232075705347,389.41188231468664,557500
2018-09-19,398.2660827636719,399.8886675660548,389.6754296492511,390.16140326115556,418700
2018-09-20,401.23126220703125,405.2341730710102,397.8790141330013,400.89356404652113,480400
2018-09-21,401.6183166503906,403.2161931053887,399.2956522831718,403.15855694507235,700100
2018-09-24,397.0553283691406,401.11590013465036,394.99621183867526,399.85572182343356,433600
2018-09-25,394.6007995605469,399.60858436785486,393.1841265719172,398.7766933575519,382800
2018-09-26,391.0921325683594,396.7011894486689,390.67208986397156,396.15757963670103,416700
2018-09-27,393.6124572753906,396.5528563216266,390.16137626009663,392.73114944455375,344400
2018-09-28,388.2093200683594,393.2994748861091,387.6574909519887,390.83675459210116,532200
2018-10-01,389.971923828125,392.9699841287889,388.2340165780877,390.70495616975785,395500
2018-10-02,393.05242919921875,393.61252805055824,388.15174648383896,389.3295552158798,363700
2018-10-03,390.7132263183594,396.7834976252019,389.0329802477652,396.05868460903577,645800
2018-10-04,390.5320129394531,394.92206319758475,387.5257080107179,390.97678912160546,917200
2018-10-05,387.8221435546875,397.3929361257965,387.21265324369716,392.3027821168998,712000
2018-10-08,388.3164367675781,392.8794461783798,384.75005788608644,392.8794461783798,560400
2018-10-09,378.63861083984375,387.92112507440197,378.11970940614765,387.92112507440197,875400
2018-10-10,351.4993591308594,377.58422753902823,351.0792914073955,376.41466368235194,2075300
2018-10-11,344.02069091796875,352.42189592746615,342.10160548300365,349.341465820643,1737100
2018-10-12,352.2736511230469,360.3206691334468,346.104521167538,354.9916747735299,1593400
2018-10-15,351.647705078125,355.2305730563652,348.27074876374115,352.3066123481848,992900
2018-10-16,336.04779052734375,342.9334635818377,331.59185970039107,337.69508361816406,2053500
2018-10-17,339.21893310546875,344.22669449377656,333.69227022139364,334.0876045909649,1821100
2018-10-18,329.3514709472656,339.6964673749286,328.6349026249071,337.99151335130085,1735800
2018-10-19,330.8176574707031,336.3031469359741,329.03035839439747,329.6233849618781,1029100
2018-10-22,323.16607666015625,333.4451987360569,323.04253465572276,332.02852510190115,1036000
2018-10-23,319.15478515625,322.2599486542882,309.9464230039033,316.26380293465576,1300500
2018-10-24,311.8820495605469,320.0114381321687,311.4043204182791,319.64903158827644,1229800
2018-10-25,322.8365173339844,326.72413032797175,313.16691420247446,313.6446181752591,1393000
2018-10-26,318.693603515625,322.7541756110709,315.5308032841252,318.05940462156263,1006300
2018-10-29,321.7575378417969,327.74546468419845,316.4120794748293,324.179060845958,952600
2018-10-30,332.61328125,334.57356468556804,321.93058108587394,323.1825403277929,1489700
2018-10-31,338.86474609375,343.69130382905837,334.9935964384284,336.7561873564215,1415200
2018-11-01,340.1578063964844,343.6830128919712,337.7527723643755,340.77554135575684,1021600
2018-11-02,337.4974670410156,345.25620458489124,334.384083638471,343.43595248489305,869900
2018-11-05,338.5186767578125,339.8529799291615,336.2536491152724,337.30791552164516,761400
2018-11-06,340.520263671875,340.9732844576182,337.9587343907611,339.6719085401201,882100
2018-11-07,349.8274230957031,350.0497986248013,337.96689216315065,343.9630382965193,1078300
2018-11-08,347.0764465332031,350.37925224691975,345.68448179363736,347.27411367018794,698800
2018-11-09,340.94854736328125,345.6268543924719,336.8303140342681,340.1660729764882,617100
2018-11-12,333.92291259765625,340.1249722912086,333.42047495519256,340.1249722912086,577400
2018-11-13,335.47955322265625,340.98975194980284,334.7794484632514,336.6903149415294,582900
2018-11-14,331.0895080566406,340.1249133212743,327.27601983072395,338.1234327459554,746900
2018-11-15,335.1253662109375,335.8666431980772,325.118064045296,327.1606917311298,685200
2018-11-16,338.5186767578125,338.7575412562928,329.8456810083503,332.8766937847102,738100
2018-11-19,335.86663818359375,339.5400952948519,330.7847271685261,337.7775044911107,725500
2018-11-20,331.86370849609375,336.41847331719015,327.18537657295104,330.1999262302982,632300
2018-11-21,335.7348327636719,339.6306903430054,332.1519649230869,336.0807754053677,673700
2018-11-23,334.9029541015625,338.4364052871576,332.2013940803882,332.47321155234994,299400
2018-11-26,344.6878967285156,349.40740133124837,338.8894421038278,340.2814070267358,815000
2018-11-27,343.592529296875,343.954935928413,340.94862989762913,342.0193607680867,626000
2018-11-28,351.9194641113281,352.28187061627557,341.0061469597088,347.29057436759837,701500
2018-11-29,348.3529968261719,351.8534938895026,344.8689636413487,350.0497063330721,616000
2018-11-30,352.5289306640625,352.5289306640625,345.1078679891782,347.0022447997572,1066400
2018-12-03,358.17913818359375,360.9713117960314,354.4480206612086,359.76055047363116,998600
2018-12-04,336.66552734375,356.56483100988083,333.1073682148522,356.08710193484563,859700
2018-12-06,332.1918640136719,332.36615742239815,316.5546221035233,331.8183528081673,1383100
2018-12-07,326.27398681640625,340.1599123878809,325.4937824424231,332.6816071099634,969500
2018-12-10,326.40667724609375,327.3943819024753,315.11033399532596,324.4312679333307,876100
2018-12-11,320.0987243652344,332.90565514774255,317.1024025696701,332.19186525147654,793700
2018-12-12,323.7590637207031,330.0919865054855,322.5555500290139,325.8091707978647,736800
2018-12-13,321.43487548828125,325.6927899343782,319.1274708692021,325.5101884754733,595200
2018-12-14,317.3098449707031,323.0949615739101,315.93206354782745,317.91575572219426,678700
2018-12-17,313.9482727050781,322.8707946656322,312.45427915982293,315.400776280052,900200
2018-12-18,318.1814270019531,322.68833398169033,315.23490326659714,316.84510995856533,997100
2018-12-19,308.9185485839844,322.3562874350105,306.5530370356398,316.77036300874096,997400
2018-12-20,308.4869689941406,313.70766527469294,305.8143605488933,306.4949431909881,1107200
2018-12-21,306.40362548828125,317.1687553972307,304.9926115690012,308.22961519184963,1722800
2018-12-24,300.2698669433594,307.90589681088426,299.45648105206163,303.0586873225874,499000
2018-12-26,316.4217529296875,316.6043544298198,299.58100092768217,302.3448971532246,873400
2018-12-27,321.8748779296875,322.00768133564645,309.21734300720516,312.5539684239827,784000
2018-12-28,322.2318420410156,327.2367555180068,319.9908254210111,325.3028357343715,619100
2018-12-31,326.04150390625,326.8964052472257,320.2563869624717,322.9953843730689,612300
2019-01-02,323.2195739746094,324.66377017121556,319.6339572144161,320.6133540528119,926800
2019-01-03,313.7242126464844,320.83731161445917,313.1432010265293,319.57571750184684,781000
2019-01-04,325.21160888671875,326.13289956936535,317.05266954361684,319.69209693292254,647800
2019-01-07,326.1162109375,330.490313996222,323.21951097864115,324.48110537223056,714500
2019-01-08,330.2662048339844,332.7064135233603,326.68889709248504,330.141709559967,642900
2019-01-09,332.15863037109375,334.61543014527814,328.09990686923067,331.5859267440866,640500
2019-01-10,331.5859069824219,332.76452135128926,328.03349827875024,331.2705020669647,487100
2019-01-11,330.2662048339844,331.69380974525427,323.4269942649356,327.8592033275661,706500
2019-01-14,329.02947998046875,331.9593867039987,324.62214503923474,326.08295700212443,919700
2019-01-15,332.5902099609375,332.93051393881075,326.52289525785704,329.1373974009234,846600
2019-01-16,342.8241271972656,350.119828540879,333.1877881629281,333.73559267273026,1331500
2019-01-17,342.39251708984375,346.0611381588769,335.06360840937896,341.1309227957482,917200
2019-01-18,348.1445007324219,349.06579119563276,343.2806737216384,346.1773738583588,1031800
2019-01-22,343.2890319824219,347.9370509524467,341.2057176449163,345.6213369329232,905600
2019-01-23,339.0394287109375,344.0941408724079,335.1218159163284,342.81592993616266,660100
2019-01-24,337.44573974609375,341.404841676842,333.4949206143407,338.5662479392219,838400
2019-01-25,340.25946044921875,343.6790659471683,339.5954433969185,341.3135542745659,573000
2019-01-28,336.4497375488281,338.5413596638518,333.99293770622876,336.8564559210057,640400
2019-01-29,338.3255310058594,341.960945106092,337.22163909996044,341.54594395911863,602800
2019-01-30,338.9148254394531,341.08114459742035,333.511527731667,339.6369487118821,869900
2019-01-31,344.5174255371094,345.24783178769803,337.1636155670751,337.1636155670751,750100
2019-02-01,345.9532775878906,346.5923702789171,342.06056453877136,346.4761831213039,585900
2019-02-04,346.9243469238281,347.55513140484237,342.93203815819453,345.69593448453384,534800
2019-02-05,346.5758972167969,347.8873155608245,343.66257987108895,347.04069666464534,523400
2019-02-06,345.6047058105469,349.2484031151991,344.5090965814457,347.30620057069945,424600
2019-02-07,344.4593505859375,346.8414537424602,340.3093380262348,343.9115458884968,469400
2019-02-08,341.7617492675781,343.66243626448875,337.08883234631077,342.0854369875803,567000
2019-02-11,342.54193115234375,344.3430218105132,341.13091722659925,343.4134233637602,595600
2019-02-12,353.17431640625,353.37350886946905,344.80787833578074,345.4386882421905,617300
2019-02-13,354.7844543457031,360.01345813019816,353.66394629769496,354.16195268899384,803500
2019-02-14,351.4063415527344,352.9750325663826,346.89943560807933,352.26124282030054,542500
2019-02-15,358.51959228515625,359.083987909623,352.9087672440079,352.9087672440079,600300
2019-02-19,357.7890930175781,359.39099135721136,355.3820914439352,355.59787481503884,438000
2019-02-20,362.8936767578125,363.11776830344644,356.71014829582106,358.3784613467571,563300
2019-02-21,361.0675964355469,363.2007084552528,359.26650560417426,362.37901427234664,451800
2019-02-22,362.4786071777344,362.66951682631185,359.764508762619,361.48259428117564,400300
2019-02-25,364.3128967285156,369.1850060867486,363.5742078665875,364.60340259407997,516300
2019-02-26,365.640869140625,367.6992837208625,361.62366152133103,363.26707500044733,472000
2019-02-27,366.8693542480469,369.102062641071,364.27144278726445,365.34215293272223,461100
2019-02-28,367.8736877441406,369.1186914219901,365.52479195031714,366.86939186964815,512100
2019-03-01,368.3300476074219,375.0945854417746,366.94395819166715,371.47576287060656,657200
2019-03-04,362.98492431640625,371.0110583570108,360.27082569274137,370.08976788711374,686100
2019-03-05,361.7220764160156,364.389916830765,360.5763317312464,363.16890704140286,433500
2019-03-06,359.4974670410156,362.95981485273103,359.10442446177035,361.7220625172986,272700
2019-03-07,353.9192199707031,363.77935514307035,351.7029961294966,363.32773907961496,467400
2019-03-08,352.3470458984375,352.832121755553,348.91815731969353,351.7281824140991,587100
2019-03-11,358.02557373046875,359.1044245663204,353.6934788385622,354.60505687797723,593100
2019-03-12,357.80810546875,360.4675743460524,357.00525223682257,359.3051126950813,504700
2019-03-13,361.15338134765625,362.458027508174,356.6874732563077,359.89054062574974,606700
2019-03-14,362.6503601074219,364.1808014559241,360.5428353047216,364.1808014559241,501700
2019-03-15,362.5834045410156,366.99078933501715,362.064894688131,362.81757110432613,1756900
2019-03-18,368.3791809082031,368.6049762433602,364.58231252057845,364.63248926172446,550700
2019-03-19,363.4365234375,370.78769586428564,362.66710429661083,370.1102844191176,948500
2019-03-20,359.5476379394531,363.54521241091595,357.57392630764565,363.1270559786615,881600
2019-03-21,359.9156494140625,362.70895728576073,354.7639838081721,358.4353845962471,472400
2019-03-22,349.0434875488281,358.30147609409227,347.1785263946757,356.6957698584296,585300
2019-03-25,347.41278076171875,350.8332978136085,345.6481470887518,349.57882833394126,411000
2019-03-26,353.484375,354.01960196978695,350.3649187803532,351.72811285360973,494900
2019-03-27,350.9504089355469,355.87627936542174,349.3363054055677,354.2622013576905,425000
2019-03-28,355.40789794921875,355.9682388280215,351.44378292778185,352.42225473882905,342700
2019-03-29,357.4150390625,361.28717186301685,356.428195968398,359.37200818075536,455900
2019-04-01,366.6312561035156,367.6766473186803,359.1127851289236,360.9443125796719,498900
2019-04-02,365.0087585449219,368.0612953843992,364.1891627527918,366.6312075377195,423100
2019-04-03,367.1998596191406,370.3192899643242,365.72794095449683,367.32530143209533,337800
2019-04-04,369.5166015625,370.23584414779924,367.0745814409074,367.2836597297819,375200
2019-04-05,372.24285888671875,373.68966379949137,368.4877967922486,370.62878119314047,458400
2019-04-08,373.1125793457031,374.40048259367944,370.57018146121254,371.7744738526955,398400
2019-04-09,367.8188171386719,372.9454198934216,366.739966226401,372.50217502593785,460900
2019-04-10,370.285888671875,370.4364188607721,367.2835285784052,369.31576269524453,402900
2019-04-11,373.0874938964844,375.29537195655365,370.37784857025514,372.1591989318471,412700
2019-04-12,379.9788513183594,382.4710479514739,375.24531624386873,375.24531624386873,628700
2019-04-15,377.8963317871094,382.2786287039536,376.14844090245214,381.6597398076689,590800
2019-04-16,390.1734924316406,390.4662070997931,378.8498067353093,378.9334431436741,1030700
2019-04-17,390.9678955078125,392.0467462565576,386.72780865296465,390.54139329915216,628200
2019-04-18,389.462646484375,392.5402725425664,389.462646484375,392.04685088015935,530400
2019-04-22,388.06585693359375,389.437422178622,386.50195607846996,387.8400616652133,432900
2019-04-23,396.4375,396.4375,387.96564416583004,388.0492805807501,687400
2019-04-24,401.5724182128906,403.4122914710126,395.24986855046234,396.4374442218363,1008500
2019-04-25,396.7887268066406,401.83169335047694,395.24988837374605,399.6656456680985,598700
2019-04-26,400.5771789550781,400.9785928298022,394.6142636425757,397.34062645664307,469000
2019-04-29,401.2962951660156,402.751471141359,400.26762132558116,401.43010826477257,366900
2019-04-30,405.8125305175781,406.32269474248517,399.39802380659233,401.2128088071547,567600
2019-05-01,400.70263671875,407.66076674266526,400.3513740421585,407.1506025602641,488600
2019-05-02,398.4278259277344,401.57237055288783,394.2964382203445,401.0204009842868,436100
2019-05-03,403.52099609375,403.8555161674097,398.4278533197129,398.5114897186892,403300
2019-05-06,398.3944091796875,400.27611337987287,392.95837482359644,395.5091447194179,434400
2019-05-07,387.8568115234375,396.3537533670289,383.9177850418956,396.08612712260634,709500
2019-05-08,389.2785949707031,392.6154755179156,384.3861590444901,386.5271181828327,454800
2019-05-09,388.23309326171875,388.4338001481067,379.819789310773,383.64174457992266,435500
2019-05-10,387.212890625,389.4207690338851,379.05883947252966,386.2511358499269,484000
2019-05-13,370.30267333984375,380.01228065208306,368.13662570782463,378.95014679573853,703900
2019-05-14,372.8785400390625,377.2273782924308,371.62407041085044,371.62407041085044,426800
2019-05-15,371.62396240234375,373.3217019737875,367.50094621460386,369.2237486281877,424200
2019-05-16,374.0326843261719,376.90960359847014,372.80330297712436,373.42219206207636,449100
2019-05-17,369.2823181152344,374.13292267422946,368.1783789737547,369.50811340780086,496900
2019-05-20,366.3804016113281,368.2119293355845,363.3613235817619,367.6432425549502,465700
2019-05-21,369.3659362792969,371.59053152227716,368.1365553692878,368.66343654818354,307000
2019-05-22,367.2584228515625,369.71715905404085,364.9501913086232,368.1114527372288,331000
2019-05-23,362.86785888671875,363.67905799327343,358.86191248080013,363.67905799327343,577600
2019-05-24,364.4317626953125,366.49745683554477,363.6288838356633,365.4687826528834,277300
2019-05-28,359.0375061035156,365.2178709786227,359.0375061035156,364.7746261414682,462600
2019-05-29,357.88330078125,358.3181997355177,353.4508535167156,356.5953975517749,390700
2019-05-30,356.7628173828125,360.8524008657734,354.4378678871915,358.34346145946654,412400
2019-05-31,347.5382080078125,351.87867426693117,347.08659186787213,351.87867426693117,534600
2019-06-03,351.16778564453125,352.82369439358473,347.2287589864547,347.6636325114485,581400
2019-06-04,363.40301513671875,363.6288104141398,353.8857709917751,362.4663488451676,558300
2019-06-05,369.2346496582031,371.20659474563513,360.52100141337365,365.4508769907319,605800
2019-06-06,370.1448059082031,372.15044105938046,367.63351214286644,369.3610633455692,675300
2019-06-07,374.2572021484375,374.5015960828267,369.55487562698175,370.7852292221742,504000
2019-06-10,374.00433349609375,378.37801460877523,373.7178142548793,376.60831273769605,525000
2019-06-11,373.42291259765625,377.82187468710737,370.7178115600652,377.60276111729917,536800
2019-06-12,376.06060791015625,377.50163967736717,371.6869261775615,373.6925868678911,430100
2019-06-13,377.7713317871094,378.71516610531927,375.58870849685997,376.5746681723785,325900
2019-06-14,376.6673583984375,378.4960565734415,374.69541344273995,378.4960565734415,343500
2019-06-17,370.894775390625,377.3668039057737,370.4649836075497,376.414559988114,346400
2019-06-18,378.6392822265625,384.3697189207589,372.81613375218916,373.59144083595976,535400
2019-06-19,383.39215087890625,384.46238674324263,378.61395858251365,380.2319782726428,544300
2019-06-20,392.3502502441406,393.4205120579472,384.69842863112353,384.69842863112353,729100
2019-06-21,394.5918884277344,397.9121793814955,390.7828352973415,391.9626282388298,1056900
2019-06-24,390.5131530761719,396.85037054924516,388.9120037082085,394.2800807713437,397500
2019-06-25,386.265869140625,390.20978502367205,384.2686436998018,390.2013496651272,454100
2019-06-26,388.4569091796875,388.8867009639609,383.830423850364,387.7743138267563,434300
2019-06-27,391.4231872558594,393.62265496348,388.8023374988799,389.73776192862226,352900
2019-06-28,395.48504638671875,398.0637451037056,392.3754345719611,394.86144723952117,634300
2019-07-01,398.54412841796875,402.09196755631467,395.19855782437753,400.1874285416478,471100
2019-07-02,395.9654541015625,398.68742566868815,394.11150139606536,398.5778688912961,347000
2019-07-03,400.58349609375,402.0413726382911,397.0862434536408,397.2210548572269,343900
2019-07-05,403.39825439453125,403.4572504718269,397.9374653514968,400.5414452182858,383100
2019-07-08,398.1312255859375,402.15095626545417,397.71830455569295,399.4964161669978,414600
2019-07-09,399.2941589355469,401.33350937624715,394.5412467101857,396.2941036212963,445500
2019-07-10,400.7437438964844,401.67914297429587,398.0723323929192,399.29427651980626,504900
2019-07-11,404.5611877441406,405.10051062656976,399.79142964793715,401.9740529710442,390600
2019-07-12,406.5752258300781,406.88702546318933,401.6200702618385,402.96841593689527,472400
2019-07-15,405.93475341796875,407.03026973686457,403.8448164806695,406.9207129614644,416400
2019-07-16,402.11724853515625,407.4431734943474,401.87285464020476,406.59205111684344,409700
2019-07-17,396.91778564453125,401.63698314390126,394.5244840358813,400.28863732728735,511200
2019-07-18,400.4066162109375,400.4487415685529,396.08349495626396,396.7997803410657,498300
2019-07-19,398.80548095703125,407.0303678411631,398.18188158374653,401.38418060893076,887400
2019-07-22,399.066650390625,400.3223099953602,392.58618667001485,398.2408082763955,647800
2019-07-23,402.36163330078125,405.0751694579035,400.87004095124206,401.52735588532494,449200
2019-07-24,402.1004333496094,405.9347922678167,400.9712012107746,401.09760299542864,593400
2019-07-25,399.3362731933594,401.5947371146028,396.15925549185386,401.5947371146028,494900
2019-07-26,402.9600830078125,403.54153131258136,397.64254036408056,399.7577582052335,418000
2019-07-29,403.0779724121094,405.6566716193173,400.0189207186919,401.94030494597536,363300
2019-07-30,403.1622619628906,403.2128226770265,398.39250409481326,400.2886080275755,391300
2019-07-31,394.1200256347656,403.09491430485326,392.2913527525141,402.7578342347091,421000
2019-08-01,380.8641357421875,394.1115846128086,379.010156927669,392.0216471962204,734500
2019-08-02,377.7207336425781,380.66179309584527,372.2936611330892,379.2207614034273,527700
2019-08-05,363.4788513183594,370.11099621426297,359.6782087763784,369.0744503252997,647600
2019-08-06,367.178466796875,369.015600646035,362.55198074762075,366.90881818753166,418100
2019-08-07,362.6951599121094,364.71766540816395,356.85514089502493,359.6192377403952,574000
2019-08-08,368.7879943847656,369.47902509600743,363.7148722711934,365.7373779736194,499900
2019-08-09,359.27374267578125,366.6727601539761,358.8692569842972,366.5969190868229,650000
2019-08-12,350.9393615722656,358.94513410946473,349.27078077461323,354.14166030012257,665900
2019-08-13,358.4309997558594,360.0068941884149,348.5375603801334,351.04041825618367,877200
2019-08-14,346.666748046875,353.1977720137492,346.3633837941294,349.5151213240105,793400
2019-08-15,344.92230224609375,351.57975323550613,342.31832305580764,348.4954216278481,612700
2019-08-16,353.4844055175781,356.223222905017,348.37756653871236,348.37756653871236,544300
2019-08-19,358.6248779296875,360.63053862492984,356.6108075938935,359.98165898958007,473000
2019-08-20,352.4984130859375,356.8130993489313,351.8579430033635,356.8130993489313,401700
2019-08-21,354.7230529785156,358.1276195098861,354.0320223877455,356.2989216231018,351200
2019-08-22,353.09674072265625,357.24289992467226,351.09951506297244,356.4675926627293,551900
2019-08-23,343.1947937011719,353.07138891570025,341.357685937796,351.36068293098714,853300
2019-08-26,341.6947937011719,347.09658636734747,340.06836400918365,346.9280335037238,812300
2019-08-27,345.94207763671875,346.2707222915759,341.51783495228403,342.6891924994145,1068800
2019-08-28,348.74835205078125,348.8579088578579,342.4701555013981,343.83534647483935,590700
2019-08-29,355.6585388183594,358.0096891558867,351.40282349049875,353.0966845505379,699700
2019-08-30,356.09674072265625,358.8692732069549,354.72311465893716,358.11924642416636,466300
2019-09-03,350.41680908203125,354.77361943861666,347.77911415603614,354.77361943861666,540200
2019-09-04,353.0671691894531,355.64101447371604,350.0770737039614,353.61080641745156,525000
2019-09-05,360.78021240234375,365.24835008134716,357.47582290555096,358.3168002462596,888800
2019-09-06,360.0241394042969,361.97789949467114,357.77309110135724,360.91608181184273,467200
2019-09-09,365.9873352050781,367.7032233002025,360.8990870867672,362.6829460326934,724700
2019-09-10,363.85528564453125,368.7566280797104,357.99405561321197,366.9642917829315,734800
2019-09-11,367.6692810058594,368.7820899511869,360.0496751519407,364.6452258725346,605100
2019-09-12,369.30023193359375,371.4238675398824,364.1950036406243,367.73723923815965,602200
2019-09-13,376.2742614746094,377.82877732762114,371.27098923402593,372.1883884522868,586500
2019-09-16,370.11572265625,375.99395776865487,367.346519289566,373.0548531740963,697400
2019-09-17,373.06329345703125,373.3691104525189,369.2492523523345,371.1690271610006,675300
2019-09-18,376.44415283203125,377.9646832153846,372.8509519811878,375.92597225351534,641700
2019-09-19,377.1407165527344,381.3625053163318,375.54373837560564,376.77543151452386,517700
2019-09-20,377.4888916015625,379.8163873653716,375.305788506875,378.9924159133014,1228200
2019-09-23,379.0264892578125,380.62344144081436,373.98072903828023,374.5583516953204,647100
2019-09-24,375.5606689453125,382.2288892837292,373.02931214026444,381.48986831250284,765400
2019-09-25,378.1684875488281,378.4827814303168,371.46628199619914,375.45872679066184,597500
2019-09-26,378.8565368652344,379.88436909013893,375.58613332423005,377.7692366304448,516700
2019-09-27,378.967041015625,381.8466775365964,374.56687407922027,381.0481884417848,539200
2019-09-30,378.55078125,381.38795516060156,378.00711812008876,380.6319284811847,362500
2019-10-01,368.39984130859375,381.124676188572,368.04305909260125,378.54232783094,597000
2019-10-02,357.0766296386719,364.69623644083856,354.62171996811065,363.99120071384823,743200
2019-10-03,356.43951416015625,358.1384227972399,349.30410306906265,355.82793193716316,505400
2019-10-04,363.0907287597656,363.311595161474,355.99778054725107,357.7476542383445,349800
2019-10-07,359.4634704589844,362.92072863224683,357.85798991171566,360.81409924528623,566900
2019-10-08,350.96051025390625,356.9916404281947,349.7627766874246,356.235613725754,498400
2019-10-09,354.3667907714844,356.2015888795529,351.64002434978136,353.2115196747301,380800
2019-10-10,357.0936279296875,360.9161725488864,354.28193607253996,354.28193607253996,587400
2019-10-11,368.6631164550781,370.27707422264393,361.40877045341017,363.56639134279595,733500
2019-10-14,368.84149169921875,369.08784066957764,364.9510029667603,367.210554193046,709800
2019-10-15,377.5399475097656,380.5385199414039,369.55505691148943,371.90806174826736,834700
2019-10-16,379.1962890625,380.04574312667376,377.20856966312715,378.0070585573129,482800
2019-10-17,382.82354736328125,385.97501528260887,381.40494739989117,382.24589878801635,544600
2019-10-18,378.0411376953125,382.4158220256413,377.6673757405575,381.17562604302,527900
2019-10-21,385.35491943359375,385.98353321312607,379.7400392244477,379.7570189772455,568600
2019-10-22,382.5262451171875,386.7225511974109,381.40495928256314,385.3379366184366,403100
2019-10-23,388.2514953613281,388.47236172646984,380.83575161200076,382.10993278329727,374000
2019-10-24,386.2128601074219,390.30723568352533,383.7069597804688,388.6932519213329,404600
2019-10-25,390.5789794921875,391.25855831690285,383.67293952878356,387.1811631384555,475400
2019-10-28,396.3213195800781,398.81871681353994,391.99760113904904,391.99760113904904,584100
2019-10-29,395.9815979003906,399.9145752416033,394.65645133886704,394.95376551223285,473700
2019-10-30,396.64410400390625,397.16225856757825,391.28405064628174,395.335937416625,323600
2019-10-31,392.193115234375,396.6442480900867,389.05012351786166,394.33373103575644,429500
2019-11-01,398.5384521484375,400.60261970395214,396.1089995726436,396.15146191479226,441500
2019-11-04,404.79034423828125,405.01968750326927,401.7153246731313,403.3887502167928,544100
2019-11-05,409.8106384277344,411.89181134382386,404.1617738425681,404.7903615816545,716800
2019-11-06,415.841796875,417.5746646971778,410.35430433491916,411.90881996524433,792800
2019-11-07,416.36846923828125,420.8111239881738,415.8418117877551,418.10136304588707,756500
2019-11-08,416.41094970703125,417.8805148533518,412.5459433402666,416.1051586282329,356200
2019-11-11,413.50592041015625,415.2218089897381,412.3166894182039,413.17462074634915,414100
2019-11-12,413.50592041015625,414.2109561657558,411.4842147621916,413.6842985781263,365300
2019-11-13,412.469482421875,414.4486993030993,408.22221141872114,409.88713439343763,330100
2019-11-14,411.63702392578125,412.52046358719457,409.30102478351546,411.95982068225646,413300
2019-11-15,417.04803466796875,417.82954395300766,411.13584058257396,412.89421703144745,342100
2019-11-18,417.71063232421875,418.4156938817977,415.1198071831215,416.9206460786983,303700
2019-11-19,418.61102294921875,421.14240581912014,417.19244894019926,418.780924159977,350600
2019-11-20,415.22161865234375,418.53448415534194,412.12961949063856,416.7251429397446,438800
2019-11-21,411.96826171875,415.8077849460336,409.8955916259532,415.3830578929733,526700
2019-11-22,411.9852294921875,414.3382079653595,411.22072600355926,411.9852294921875,483100
2019-11-25,417.8125305175781,418.4071588271038,411.44162401530986,413.038602059604,434700
2019-11-26,416.9886474609375,417.4728167261351,414.1089848462129,416.87821425058564,525100
2019-11-27,419.80877685546875,420.17406188398905,415.2641914417392,416.5978408333547,299700
2019-11-29,420.4033508300781,422.09375627038025,419.1716319598396,421.79644213722446,239600
2019-12-02,415.97772216796875,421.06594440891547,415.3066461074868,420.7176650844447,379800
2019-12-03,412.6308898925781,413.01312873731956,406.61673950245756,411.6795053146187,465700
2019-12-04,413.4208679199219,418.7809218642403,412.545931128212,412.545931128212,730800
2019-12-05,419.3306579589844,419.53593648712257,412.67678871919924,414.89189150426733,460600
2019-12-06,424.0003356933594,427.3700353966063,420.65629254215725,423.7523049567557,507000
2019-12-09,425.12078857421875,425.99313759435665,420.8701783844512,422.75172009263787,372800
2019-12-10,422.520751953125,425.847699544218,421.5115594063116,425.7365124483347,354100
2019-12-11,422.41815185546875,425.35166435013065,421.31486781306563,422.73459139392526,469600
2019-12-12,429.4397277832031,430.7824815561788,422.0845451257873,422.52929348895464,535800
2019-12-13,426.4378356933594,430.9279155216075,423.7694495714706,428.98649992529647,455600
2019-12-16,429.3798828125,433.45089662595564,428.67003410061767,430.7140757916521,426900
2019-12-17,429.585205078125,432.0910910863878,427.71219818587474,430.64571086176977,425100
2019-12-18,427.1904602050781,430.33781216862576,426.0615456912472,430.33781216862576,542900
2019-12-19,429.6279296875,430.9279052774436,426.788482532884,427.0621698466381,428300
2019-12-20,427.2759704589844,433.0660255982328,427.13059202180415,433.0660255982328,967600
2019-12-23,427.3358459472656,430.03844937408934,425.5825611085268,429.01213502457114,361200
2019-12-24,427.3187561035156,428.2766355893197,425.4371884705016,427.88320029316134,126400
2019-12-26,430.3976135253906,430.41473529361474,427.39569253103673,427.48975785524357,157000
2019-12-27,430.2009582519531,431.51802950339584,429.0121436714626,430.40621068589047,221700
2019-12-30,428.3450012207031,431.0476044121433,427.2759347415063,431.0476044121433,276200
2019-12-31,429.93585205078125,430.0983522687126,426.15562091295857,428.27665853104236,296900
2020-01-02,435.3067932128906,436.17914210100014,431.8344672284993,436.17914210100014,560400
2020-01-03,430.679931640625,433.3568787767887,428.9266466295899,429.09770773807264,337300
2020-01-06,431.0476989746094,431.70623467417084,426.35236632000533,427.7720900478658,411300
2020-01-07,433.801513671875,436.0251771325957,430.08971804832635,430.08971804832635,453900
2020-01-08,433.69903564453125,436.29901347615174,429.54249024856625,434.2720408477175,726500
2020-01-09,438.8305358886719,440.30159900574483,436.6924283075446,439.49765865352026,477100
2020-01-10,438.0436096191406,440.6606825137483,436.52982074096815,440.0363643364369,484000
2020-01-13,447.3915710449219,447.682380154527,438.97590724447025,438.97590724447025,651800
2020-01-14,443.2949523925781,449.0080388900108,441.75550669934603,444.8600807442847,923600
2020-01-15,453.506591796875,454.6697236761834,443.4488053334684,443.4488053334684,1005100
2020-01-16,457.5603942871094,459.1939046891458,453.49794218829857,459.1939046891458,778100
2020-01-17,457.7658386230469,461.15266100618925,456.0467708725245,459.3224061334571,669100
2020-01-21,452.5486755371094,456.8335022769052,451.36842198481196,455.0032479624137,775800
2020-01-22,459.1512451171875,461.52031331276083,454.43028269564115,455.44803614639676,778100
2020-01-23,463.4959716796875,465.2577913751831,455.74737893340836,456.36313624809725,804500
2020-01-24,459.13421630859375,468.1228848735523,455.6447681390082,465.6169989043846,751200
2020-01-27,447.99017333984375,453.5664408673781,444.3980994859137,446.4421671471433,516500
2020-01-28,453.2585144042969,456.50851833228273,449.13623990713904,451.53949931672054,496600
2020-01-29,458.8348388671875,463.69267139267475,455.31119941418956,457.09014091101506,434700
2020-01-30,461.5716857910156,462.0591864680018,452.35202955701794,454.17372338135294,511000
2020-01-31,451.0178527832031,461.0585713956682,449.1619675494407,460.0750091203454,646400
2020-02-03,453.3526916503906,459.3993388490895,453.11319566603675,453.4809483272776,503100
2020-02-04,457.7658386230469,462.1105406740529,454.5244469077339,460.27172491491586,851800
2020-02-05,464.8130798339844,467.5499010287111,459.6729987833759,465.1210107162765,943000
2020-02-06,474.38336181640625,474.8708624907787,462.9743113407456,468.738710577238,824400
2020-02-07,475.2984313964844,475.52936647746606,469.9616594843587,470.3892861080933,712900
2020-02-10,479.88262939453125,480.0109382760608,473.21166376594374,473.33141176196847,744100
2020-02-11,487.870849609375,488.61491604083443,482.26038826611517,482.40576675717836,598900
2020-02-12,489.61529541015625,493.318556081104,487.5028452342134,491.6337324703812,426300
2020-02-13,486.2543029785156,489.8463776457917,485.2451102454209,486.3740509808805,479700
2020-02-14,484.0218505859375,486.57048764105303,481.25940029598354,483.8507895579674,472400
2020-02-18,483.0555725097656,483.4062033642144,480.91743944467385,483.21807271073317,403200
2020-02-19,489.2646789550781,490.06005812567116,484.23578622444927,485.7666705806862,383200
2020-02-20,484.86016845703125,490.01737072334646,479.4720833045272,487.49436314067293,475200
2020-02-21,476.37603759765625,483.08975441070334,474.6655311789932,481.8581877012454,494200
2020-02-24,451.57373046875,462.95714950296235,451.2744127018659,458.4585089117401,1063700
2020-02-25,432.7581787109375,454.25069875853217,429.7391355437827,453.5066325482526,1064600
2020-02-26,434.8707275390625,442.987100616835,432.3220628339909,434.61416194135177,959600
2020-02-27,406.94659423828125,428.36211611877593,406.91237680133924,423.89771935747524,1286000
2020-02-28,395.9908142089844,398.04341678154327,384.025803536384,392.77505364847883,2039300
2020-03-02,417.312255859375,417.5175082789146,394.7592327534744,399.52299942559125,1278200
2020-03-03,412.2919616699219,431.03056447200584,407.25450724053724,417.654390426783,1589800
2020-03-04,426.8295593261719,428.94943793531087,413.0330572431283,420.60777911871185,1175000
2020-03-05,407.1473083496094,415.70440145484355,400.34815026835435,411.36983955948233,1022200
2020-03-06,388.1373291015625,395.5052148031052,379.6146856451361,389.5419731736155,1460300
2020-03-09,361.0786437988281,375.8058163159338,349.1348820355737,354.51217178493334,1478200
2020-03-10,395.5397033691406,395.55692874721996,374.1943567309606,380.3127058315921,1608300
2020-03-11,371.3850402832031,386.05188319003736,363.80171937519003,383.4752824046127,1263400
2020-03-12,332.82208251953125,361.93173376933333,330.417814353115,343.300871110171,1669700
2020-03-13,356.5716247558594,361.2767289900753,334.35591573643666,357.7177301122693,1579400
2020-03-16,307.88330078125,324.5063178076742,305.06541280966604,317.50034840765124,1569300
2020-03-17,333.2874450683594,343.18022938745946,306.25459456566614,315.5786258370726,1609700
2020-03-18,321.74005126953125,322.78277825365916,279.18724403980445,307.788469415038,1969400
2020-03-19,342.4219055175781,357.7523083001748,302.7300575369756,316.50933470879534,1593700
2020-03-20,305.67718505859375,346.76504560942567,302.4370260684218,345.5672376624956,1363100
2020-03-23,282.15167236328125,305.67722637766155,281.169273528806,305.67722637766155,1422800
2020-03-24,320.30963134765625,321.4815882814499,298.4127558075513,301.00658231183724,1319600
2020-03-25,345.8860778808594,379.1579305836078,324.8767994787271,331.6845573911709,1951000
2020-03-26,389.42132568359375,391.6618608402471,349.496817974909,351.6425478069648,1598200
2020-03-27,374.28912353515625,387.33591374755173,362.8968900043963,369.2910290335021,1044200
2020-03-30,392.39434814453125,393.16991092834894,374.4356423825245,377.443114491215,1177300
2020-03-31,379.1407165527344,395.2208291506382,376.5727153309313,389.4126951416618,1389200
2020-04-01,352.9179382324219,365.8095952870261,346.3342146363515,360.30304953337924,1163700
2020-04-02,367.5589599609375,373.88414559335104,350.0311238861933,351.74598273075907,649300
2020-04-03,360.2685546875,373.11713357531227,354.20188245789006,367.71399334804875,612600
2020-04-06,387.370361328125,390.3520084061381,373.47908066037564,380.89869500408497,957900
2020-04-07,381.8551940917969,404.2174143869561,380.8728216727058,404.1570861222152,831100
2020-04-08,388.6199951171875,392.6443439443174,380.5713237612202,384.1734009035022,772300
2020-04-09,406.2424621582031,412.50731760059915,395.0484146772967,396.401356051931,1154600
2020-04-13,389.8435363769531,405.2256124205013,387.13765345472814,404.03640406860796,689100
2020-04-14,394.7037353515625,403.28667935493826,393.3680456079549,402.25260460777554,566300
2020-04-15,381.81207275390625,388.64568119142734,379.1665182355389,381.31224761646723,590400
2020-04-16,395.5310974121094,398.8574364287179,383.3374488939942,383.6390639644095,764900
2020-04-17,410.93896484375,417.6777946040399,404.4586735011268,410.4650171921186,977200
2020-04-20,405.7082214355469,409.5343589469704,399.97764100595197,403.15747186069297,589500
2020-04-21,408.78466796875,411.58533028840253,390.65360361892573,396.46176428159373,1200700
2020-04-22,414.4979553222656,420.4267452526876,409.79285076050485,417.3589454418989,842800
2020-04-23,406.0528869628906,417.7381077040513,404.42418177503293,414.7737127840472,512300
2020-04-24,409.4482116699219,410.2151485718046,404.7086294525605,410.2151485718046,517600
2020-04-27,427.9842834472656,429.2768968230038,411.1027559159189,414.55835075584406,613900
2020-04-28,428.9494323730469,440.16933335277884,426.3556060709375,437.8253933696021,655700
2020-04-29,440.6863098144531,444.65892831439663,431.37947925681044,440.06585444394364,638000
2020-04-30,432.62908935546875,437.7133634037401,428.98391014697745,431.9396797720319,580300
2020-05-01,417.2211608886719,424.3822373967557,416.35079273819355,423.47741848856873,526300
2020-05-04,414.9375305175781,416.8333477402562,407.6988743817378,412.77454899569784,634900
2020-05-05,418.3672790527344,425.4680537971703,417.8416288499938,420.6250397694487,525900
2020-05-06,416.5661926269531,423.7186689819671,410.76668419559536,422.0210357210232,520900
2020-05-07,428.6219482421875,433.2925760512973,425.1232508564815,426.45034115462624,537100
2020-05-08,429.8196716308594,436.04144989272226,427.95830576406144,435.6364301027484,450500
2020-05-11,424.93365478515625,428.44095161275874,421.0816926588828,424.20979454206764,699600
2020-05-12,391.6101379394531,407.8970606951394,388.9473576260722,407.4575637459406,3499000
2020-05-13,418.6343078613281,423.7875351630371,393.38527447666246,396.39274603475775,9666100
2020-05-14,429.3199768066406,430.9917587872546,406.2683728359743,414.49800036973926,11804100
2020-05-15,442.702880859375,444.3057616045889,422.7018482692406,426.56246346658503,5957000
2020-05-18,445.02947998046875,455.68060003852736,443.4439039221286,447.24416355668217,5587200
2020-05-19,431.9051513671875,444.2970069823197,429.86280049808033,441.60837583600375,2099700
2020-05-20,438.40277099609375,442.073801623861,433.8527726862826,439.10940599643834,1496400
2020-05-21,438.20458984375,439.1697370218367,434.44737970244006,437.83402066428346,1007600
2020-05-22,442.33233642578125,442.56502369049747,433.4564007663818,436.04162780872605,632700
2020-05-26,451.2341003417969,456.8526766646968,449.32100518908925,452.41468302119296,1064300
2020-05-27,462.2384338378906,463.05704666772715,452.6989435037685,462.10915149814906,1182100
2020-05-28,462.6177062988281,473.9582105207987,461.0407033440557,472.648345544457,1132800
2020-05-29,455.55145263671875,460.6012497866933,448.57993443197256,457.31801379572505,1159300
2020-06-01,463.8155212402344,468.02082769010053,453.9054852187973,454.9999147233726,668000
2020-06-02,466.49554443359375,472.03654045307604,463.98784518427124,469.1324734546262,846800
2020-06-03,471.9848937988281,475.63004689484677,467.76233549260377,473.95826472993633,1071500
2020-06-04,473.8152160644531,475.5068351916303,468.445441203865,470.119693556692,913400
2020-06-05,482.78515625,487.60840773468027,478.52574257266764,484.0603435682616,1438000
2020-06-08,483.4791259765625,487.46088291593304,477.5975072981625,483.38366165697414,1133400
2020-06-09,484.1123352050781,487.96399982828876,474.4745167336432,475.35932211571037,851900
2020-06-10,484.1123352050781,492.37087175425535,482.0043370795178,485.3181611742719,779700
2020-06-11,455.6152648925781,475.9665831647666,452.08456786175265,471.9761431361956,1250800
2020-06-12,457.2027893066406,467.6907868619717,447.71242834777445,467.05753488799223,1065600
2020-06-15,471.073974609375,476.76471721408114,447.38272890565094,449.5601412269038,1242900
2020-06-16,477.4674072265625,484.84108597184655,467.88158249970417,484.84108597184655,826900
2020-06-17,481.65740966796875,487.0965996833203,479.54941114681395,481.42322290839104,704600
2020-06-18,482.9932861328125,484.36388465649276,475.8451642487467,477.00757327249994,531800
2020-06-19,481.77874755859375,491.8503111126693,474.3877030746831,491.8503111126693,1875200
2020-06-22,479.9050598144531,484.5548022062736,475.89725275204614,477.7883781364622,478600
2020-06-23,481.15423583984375,487.52159451632434,479.90504582126533,485.79529470851134,605900
2020-06-24,467.2049865722656,478.7686651484463,465.1837161926133,475.9493172721993,868800
2020-06-25,474.491943359375,477.4674866950312,462.1562359259932,466.5110615117979,713900
2020-06-26,463.9778137207031,472.27971383898904,458.5820419342668,470.2758105654359,1167800
2020-06-29,462.2602233886719,468.93991899085154,460.6293350199065,468.445442447903,774400
2020-06-30,471.9934387207031,473.6329572946986,463.2143766765091,463.2143766765091,1067100
2020-07-01,472.19305419921875,474.0668128382191,466.2420742768754,472.167004035315,548600
2020-07-02,478.6558532714844,486.28108531379456,475.92323357420537,481.87421319551856,742000
2020-07-06,483.66986083984375,489.6122092064668,483.2708486481064,485.7952255410815,703100
2020-07-07,476.4523620605469,486.20295850856826,476.3916312989866,480.04378974723255,557300
2020-07-08,483.721923828125,485.74319385351924,476.67789706614997,477.99650109267037,435700
2020-07-09,476.634521484375,483.60045054478627,472.14092196606026,480.98934566260675,462700
2020-07-10,480.6598205566406,482.2559756493054,474.3271416755954,477.58023558169657,489500
2020-07-13,479.3411865234375,490.3322909613623,478.8553933147858,484.23385216252933,786400
2020-07-14,486.94891357421875,487.9725469699102,478.3867785503081,479.51450666776697,567300
2020-07-15,493.24713134765625,497.07274646596915,486.0035438496833,496.44817785379223,767600
2020-07-16,491.83306884765625,494.2620347986598,488.5018777237895,490.3930031051953,729900
2020-07-17,509.8421630859375,513.9714317788373,496.76911061774837,501.71377062560254,1150200
2020-07-20,502.7980651855469,507.4825405853268,500.6553865400884,503.3359056936166,706700
2020-07-21,503.14508056640625,507.2656652779415,501.6616510091606,507.2656652779415,523000
2020-07-22,505.3486633300781,508.8880447639471,501.3929027678123,503.4315403035021,460500
2020-07-23,501.5403137207031,507.52597427866164,498.9985166172758,503.41407236948015,453600
2020-07-24,495.008056640625,501.41014893724895,492.4402624223428,501.41014893724895,421600
2020-07-27,499.0938720703125,501.6529824440582,490.43627137219147,493.368396716724,618500
2020-07-28,495.077392578125,498.1049293371933,493.6026464894519,496.9858844018504,488900
2020-07-29,501.0631408691406,503.3273342479869,494.2533527993856,494.2533527993856,724800
2020-07-30,497.1508483886719,497.1508483886719,489.26532543188904,493.87170430342786,341200
2020-07-31,498.8164367675781,499.0853570906302,491.5902157063786,496.491565244661,375900
2020-08-03,503.101806640625,506.22475548625886,500.8116159151656,502.5812798680261,496400
2020-08-04,495.372314453125,499.4061710041411,492.6744286643912,497.6365074504093,513100
2020-08-05,505.0103454589844,507.41326161178756,497.2722808958752,500.2911882022318,465800
2020-08-06,505.0796203613281,506.0512067233704,498.86840376488,503.11045042177955,455000
2020-08-07,510.24993896484375,510.3800838972651,502.6420199047326,505.4613678956073,469900
2020-08-10,503.3187255859375,509.3564342992913,502.858929542136,508.53235949209125,465800
2020-08-11,508.9053039550781,517.4674421313455,506.0339087696403,507.7428418707299,576800
2020-08-12,512.0283203125,525.457075613775,506.96219816027235,513.6765758109099,612200
2020-08-13,511.4383239746094,516.4177170766789,508.9746246377841,508.9746246377841,359700
2020-08-14,510.4842224121094,513.9541894674811,506.6672374722024,510.6143144081886,316700
2020-08-17,513.5809326171875,516.6257827991514,509.9895056979845,512.6266603576446,411100
2020-08-18,511.1347961425781,515.9493644176652,510.77909490018516,512.7656847505251,456200
2020-08-19,511.6033020019531,516.6347439798316,510.77917418158967,513.8414457279142,418700
2020-08-20,506.05987548828125,510.3106054100046,504.04728866863763,507.3784796333025,552400
2020-08-21,506.6497802734375,510.08506610626847,504.8193856857929,507.8382395420019,418400
2020-08-24,513.0780029296875,513.286192476791,506.8667323877969,509.5473051754902,381600
2020-08-25,512.8178100585938,515.8106144765985,511.92426807008894,515.6805224722281,373300
2020-08-26,513.6417236328125,516.764724969487,509.99830149458205,513.0865692829993,540200
2020-08-27,516.1400756835938,519.5406804854941,513.5462845704076,514.3704120848345,428900
2020-08-28,521.4144897460938,521.6313626422539,513.6331156466614,516.6866500203064,436000
2020-08-31,515.4548950195312,524.0344006345802,515.0037823926152,522.6811157013235,581700
2020-09-01,517.233154296875,521.3797893286552,514.552635052801,515.9319169693681,402800
2020-09-02,527.4349365234375,528.900999566871,515.4548786522109,518.5344634980061,684200
2020-09-03,505.39910888671875,528.377364319751,500.66907960769186,527.2253914453744,739200
2020-09-04,492.7538757324219,509.73668069485853,486.84566445431244,507.746893997193,822100
2020-09-08,482.20269775390625,489.38507074703983,478.24065022868575,488.7043376847498,837100
2020-09-09,488.8702087402344,492.2911857272783,484.6376252704878,490.12690177340414,830500
2020-09-10,474.1476745605469,490.42358655583735,472.3150218481351,490.14431555161786,891000
2020-09-11,472.30633544921875,477.7607229768901,469.3914873176098,475.168770325679,660900
2020-09-14,477.6996765136719,482.7875446364466,474.1128836907633,475.65753017672256,631400
2020-09-15,478.3804016113281,482.9795591262352,477.6124727003162,482.70028803790643,626400
2020-09-16,490.2228088378906,494.7172448153662,478.93877994827096,481.57435666454177,1003900
2020-09-17,478.5985412597656,485.0478226438194,475.19503498614955,484.3060471556685,1033500
2020-09-18,486.025146484375,487.9799902953239,478.6508044841892,478.6508044841892,2989100
2020-09-21,482.2464904785156,485.88564342382244,473.45837369176877,478.7905708894515,659600
2020-09-22,480.6842956542969,485.70233262101357,475.21248982591817,480.98977334201044,565600
2020-09-23,469.98492431640625,482.49075911458175,469.5573088512331,480.25664408521476,511400
2020-09-24,466.93927001953125,473.10054500609385,464.11172360438235,468.88543201505337,552800
2020-09-25,478.0748291015625,479.02609761613286,463.7450787161948,465.1064915592377,486400
2020-09-28,487.53497314453125,492.1515473551942,483.4768877086465,483.86087870315066,567000
2020-09-29,484.17510986328125,490.6331266486145,482.0544501721307,488.85278029146946,409700
2020-09-30,491.8111877441406,498.2168436824887,484.4455809387398,486.2695515047419,741100
2020-10-01,495.61614990234375,504.63117612233725,494.0976570045105,503.40942532966153,551300
2020-10-02,497.5449523925781,501.5157365770096,487.99758860863415,489.1844507653608,523400
2020-10-05,507.0223083496094,507.4936014427841,500.05816456863784,501.5417683801428,435300
2020-10-06,506.3678894042969,515.41780532967,504.5352364200566,507.0224159365977,704300
2020-10-07,516.6831665039062,517.3289574090022,509.9371976364874,509.9371976364874,573500
2020-10-08,527.4959106445312,529.0406099707243,518.6816432272981,519.5717628976432,538100
2020-10-09,533.7182006835938,536.1006593493768,529.3634275956005,532.871652311762,525100
2020-10-12,536.61572265625,541.6511767607507,535.5422630215327,537.0346025534076,644700
2020-10-13,557.6217041015625,564.0185715825445,546.4510755885509,553.4414273191466,1154900
2020-10-14,558.3982543945312,561.5487485377577,553.3365943450211,560.1262402687161,694200
2020-10-15,563.9749755859375,566.2963929142012,552.1062487739885,553.371677424981,792700
2020-10-16,573.6969604492188,575.6081803443768,565.511009780963,569.0367073947533,765500
2020-10-19,554.0699462890625,581.7782428267218,552.4467328819194,574.4562581390301,775700
2020-10-20,562.953857421875,568.1115025475169,555.5795152369976,555.5795152369976,473500
2020-10-21,554.156982421875,570.5026723020449,554.0086380101454,564.2716210889262,452600
2020-10-22,554.3226928710938,556.6353738218728,549.6450242604825,554.1656129474711,483300
2020-10-23,556.1817626953125,557.7962402435569,552.8655054311705,556.6704737314438,494200
2020-10-26,542.986572265625,551.1899940753248,537.4361991767714,549.8023741703544,686100
2020-10-27,536.301513671875,545.0721569420173,535.3763985411149,541.3544383983431,349800
2020-10-28,524.2407836914062,529.2500841338529,520.3572495376235,525.9687164287735,645600
2020-10-29,525.6544799804688,529.3721980993174,515.1209630655608,523.8043564613546,447400
2020-10-30,522.9317016601562,524.3803633135815,513.0614457361698,521.5091933645217,530400
2020-11-02,536.598388671875,539.635375233213,529.250251182464,531.4407421911013,462400
2020-11-03,549.156494140625,552.717133377698,540.2025626889223,541.8607178709062,560400
2020-11-04,568.652587890625,574.2204307747561,547.8910269974633,548.3099069021874,811700
2020-11-05,583.1307983398438,586.4557910962424,575.791397367263,576.8735394116857,714400
2020-11-06,571.5326538085938,582.96503055672,570.9130161125076,581.2719862714887,493900
2020-11-09,581.2369995117188,604.5468356984961,578.7585024101344,597.905586303045,870000
2020-11-10,576.507080078125,581.6909335290952,562.9976664094523,576.9172778301612,758000
2020-11-11,585.2514038085938,589.7283692749847,582.1184334956588,585.3997482324355,455800
2020-11-12,575.7999877929688,583.549585200332,571.5063092074292,581.0100460183204,501700
2020-11-13,584.5095825195312,585.6702377229976,574.4909282485453,575.9832677086424,664100
2020-11-16,590.3218994140625,595.6192077710081,584.0733755576414,595.6192077710081,607600
2020-11-17,582.5198974609375,590.3480627440906,579.9192623315893,590.3480627440906,768900
2020-11-18,584.6144409179688,590.5139158217779,583.7940987875779,585.4085764170919,509000
2020-11-19,587.7472534179688,589.3705194195254,578.8107945627378,581.1932536839068,471200
2020-11-20,587.075439453125,589.7284346190023,583.8376955384573,588.2186770551734,396200
2020-11-23,595.9419555664062,601.2916225947079,588.0614849306043,590.7144795905662,505400
2020-11-24,610.280517578125,611.4673795525828,599.1099422718956,606.2399029269081,652000
2020-11-25,614.0418701171875,614.6091477498853,607.7671403134849,609.2507444358822,401200
2020-11-27,624.077880859375,627.3417776412889,615.3770679549413,616.7821053156262,313400
2020-11-30,609.4514770507812,622.4023993715707,608.9104060217214,619.8890131166763,888400
2020-12-01,624.1826782226562,628.7905706734978,615.4295042463852,619.3304568927282,549500
2020-12-02,626.9140014648438,627.3067278961189,618.7280549829195,623.9817364381657,484100
2020-12-03,627.5194091796875,633.1330901432963,624.3091211808434,630.098186176541,604400
2020-12-04,617.0375366210938,631.7909394918818,610.9677832752969,625.7650321465102,816100
2020-12-07,622.3180541992188,622.397019848195,613.1432629728133,616.3623311133495,680600
2020-12-08,626.2037353515625,630.2648716437484,617.0464506664653,619.9497632012215,598200
2020-12-09,615.4677124023438,628.159876102762,611.2224115207072,627.887966556773,489400
2020-12-10,612.5994873046875,616.3974947090146,608.9506313124582,613.6345531343713,438600
2020-12-11,609.7837524414062,611.3889231383027,604.7402304118152,607.2400416555496,488100
2020-12-14,599.8896484375,614.476395472167,599.4862009407361,614.4588891914556,658500
2020-12-15,612.3975830078125,617.616542492011,605.5121005735846,606.5558924704243,617300
2020-12-16,612.5642700195312,621.7127742428218,608.3364763160612,617.5025403566865,849400
2020-12-17,619.2655029296875,622.4845703383149,613.3711334780537,616.625320516478,832200
2020-12-18,612.94140625,619.7830427269192,606.5383369002682,618.5112408868966,1610700
2020-12-21,612.968017578125,617.0817811953735,604.4948669462758,608.7314422622004,631800
2020-12-22,608.310302734375,617.2044053968717,606.7577576216496,613.9941168560242,596900
2020-12-23,617.1868286132812,621.1602193911863,610.6697267988308,615.7483154265999,752600
2020-12-24,620.2918090820312,623.502150503075,616.9411497330858,616.9411497330858,173300
2020-12-28,622.9231567382812,627.2562018069001,621.9495506296054,626.7913485218659,272300
2020-12-29,619.5025024414062,627.4317780511527,618.9147838543748,626.0458907253666,318400
2020-12-30,621.8355712890625,628.8526454465102,621.0110629341214,625.659863856225,355300
2020-12-31,632.8873291015625,633.6592114044699,620.0636326426478,620.55482560486,361500
2021-01-04,623.4846801757812,640.8343707563388,615.7834144521236,640.8343707563388,623600
2021-01-05,626.7826538085938,629.0895213399475,618.6077555683944,621.7215716794673,431400
2021-01-06,644.6586303710938,653.2808218065059,628.1158371457369,630.449044313135,730700
2021-01-07,658.21923828125,660.7191036586817,651.7196953720071,656.3948371176967,656000
2021-01-08,663.5083618164062,666.0695794064451,655.5878120785026,664.1223666352887,622900
2021-01-11,672.4813842773438,675.7443520302703,658.2981362533388,660.3243145424824,614400
2021-01-12,682.1824340820312,683.5595413819136,669.6920499930469,669.7008299019681,675900
2021-01-13,683.9453735351562,691.1817304850313,681.1911593746798,683.0243933578311,848600
2021-01-14,652.1493530273438,671.7620631560894,648.2548745880662,657.8507259858882,1642900
2021-01-15,638.3431396484375,661.7450716891117,635.0451067712658,650.9913987462552,1174500
2021-01-19,643.5096435546875,652.956344191623,639.4485071917811,647.0795332822222,852400
2021-01-20,650.4300537109375,651.2019360640862,639.5624020226217,647.9478025536275,747600
2021-01-21,651.009033203125,654.1404088140694,646.4479245210093,653.2106486760093,639600
2021-01-22,644.7374877929688,652.3510062812118,641.0272272309302,648.9916208161892,565700
2021-01-25,634.1505126953125,645.3690941885632,625.9493287459774,641.0272688770217,806400
2021-01-26,633.1592407226562,643.7287496576583,631.5716301128771,637.6677229311184,827900
2021-01-27,612.0556030273438,626.2651912310257,601.4422980400702,625.5722743174422,1104400
2021-01-28,631.4577026367188,641.2027049693039,613.494010092838,615.3096844384551,822400
2021-01-29,615.09912109375,628.9753901883985,612.7834740194626,627.4666915662943,801100
2021-02-01,625.5458984375,626.2300889376808,615.1080316433096,621.0111287725691,483100
2021-02-02,639.8694458007812,643.2201051146988,630.9840714206243,630.9840714206243,879300
2021-02-03,635.1154174804688,638.0625758730765,628.5105705192917,631.5366945545715,685300
2021-02-04,642.4569091796875,647.0267437691735,635.3082445506567,635.3082445506567,636400
2021-02-05,637.0889892578125,646.869004859798,636.0276374516073,643.9832522035621,474900
2021-02-08,637.1943359375,641.8343579343564,632.1069668025497,640.9045975529208,532900
2021-02-09,639.25537109375,641.4569864217532,630.9664424968381,638.33439092432,451000
2021-02-10,634.317138671875,642.9130433177506,632.4137724052082,642.4218502961585,663100
2021-02-11,632.791015625,640.0537136017516,628.7912852067406,639.9747479559038,803900
2021-02-12,634.1505126953125,641.62371375188,625.1248203968441,627.4579739819084,862800
2021-02-16,640.5799560546875,647.0794977385727,637.6064578939333,639.1414429370565,571400
2021-02-17,632.7559204101562,639.1677699498788,630.1946497289218,636.7819368344318,567100
2021-02-18,617.0902709960938,629.010495210639,610.9064318410951,628.40527045004,1078700
2021-02-19,622.8618774414062,628.5369646796404,619.6954352000723,620.5023838340227,804200
2021-02-22,616.7483520507812,619.239383997575,611.5995769282595,618.7131247231933,829900
2021-02-23,616.7657470703125,618.9673627870411,603.7403237867917,614.441373235734,926300
2021-02-24,624.6072998046875,625.5984658246538,614.3360916418562,617.9411006864976,583200
2021-02-25,609.4241333007812,626.7124699750225,607.1085393895161,626.4756265777221,591000
2021-02-26,609.1697998046875,614.8887328393515,604.5911842421116,612.0555525135122,768500
2021-03-01,630.8349609375,633.2645863963755,618.56386139186,619.976034680409,652800
2021-03-02,628.3001098632812,634.6944000603916,625.9318363893777,631.2998943776751,455100
2021-03-03,615.3008422851562,632.7470538300405,615.1341846508906,630.2559692235467,703000
2021-03-04,602.8160400390625,616.6244571398382,596.8249914189786,611.8069750695248,915400
2021-03-05,619.6419067382812,621.1859821662521,591.4073846268133,610.4833293201276,698500
2021-03-08,616.712646484375,628.3681771493885,614.8421134665283,617.2420222995829,649800
2021-03-09,637.0416259765625,639.9003637148651,621.0714904122942,624.6713544552181,959700
2021-03-10,642.776611328125,647.2676891781282,638.9826077834211,641.1795981541716,823300
2021-03-11,637.1473388671875,647.3558906690297,634.6856606313819,646.2882533164264,751600
2021-03-12,631.915283203125,637.5886528799696,628.6594866549566,634.641703830085,528700
2021-03-15,634.4034423828125,635.9034125940547,624.0449075681777,635.9034125940547,526800
2021-03-16,637.9855346679688,641.7972018019858,631.5357128615032,636.9884987488516,562200
2021-03-17,642.5294189453125,644.4529430184106,635.1972691587517,636.4678247177585,463600
2021-03-18,638.5679321289062,652.879336113402,637.447410950255,643.2089911559726,640100
2021-03-19,643.7825927734375,653.497044408591,629.550620627682,635.5063418244073,1452200
2021-03-22,644.911865234375,649.5617560639951,640.1914268625192,643.7825121746607,524700
2021-03-23,632.25048828125,643.9060735793366,630.1328771725404,643.9060735793366,556700
2021-03-24,637.703369140625,645.1590609478934,636.2475045567274,636.2475045567274,544700
2021-03-25,641.8944091796875,642.9355510373603,628.4565544514312,638.4091985241756,462800
2021-03-26,667.8347778320312,668.9994046100376,645.2647890896475,645.2647890896475,803700
2021-03-29,668.6818237304688,672.2023077224438,657.2733165518608,658.729180901109,581700
2021-03-30,661.0938110351562,673.5875655239377,659.0644651798187,666.2113082778164,598800
2021-03-31,665.2406616210938,672.5551482079363,660.7319203879431,661.720124365683,638100
2021-04-01,676.5962524414062,676.9138779051633,668.4523204718131,670.3758447706389,549200
2021-04-05,691.7635498046875,695.06345140964,681.0079579180967,681.5549975503036,593500
2021-04-06,689.7254638671875,693.9341368326988,687.0960866673937,693.9341368326988,492300
2021-04-07,695.2752685546875,697.2340131318433,689.098965407628,691.1459751987385,477100
2021-04-08,706.392578125,707.6366921767209,696.2370165390133,697.922241239061,558500
2021-04-09,713.2305297851562,715.2334335790514,705.5013740201744,708.2277401061534,484200
2021-04-12,712.9041748046875,714.3953129826529,707.1955319711783,709.930730355333,482800
2021-04-13,708.0601806640625,711.7130355975781,705.4485213266636,710.010147113829,376200
2021-04-14,706.8072509765625,715.9040602008971,704.2220336427268,705.4484837950188,552900
2021-04-15,721.60400390625,730.436072337255,714.6865205551464,716.6188233018821,766900
2021-04-16,715.9658813476562,728.3802569011833,710.7336768142516,726.8802868231764,774600
2021-04-19,715.648193359375,719.5392402335212,711.5365104003135,715.621697642075,491100
2021-04-20,710.2396240234375,717.7305891737913,706.6044325814593,712.2689701036732,525200
2021-04-21,716.0364990234375,716.7952890596827,705.5014883179393,708.474932821931,388500
2021-04-22,701.7339477539062,715.5776927271017,700.1545981387159,715.5776927271017,520000
2021-04-23,717.4834594726562,720.7833613236199,702.2368423218046,704.4779385997577,489800
2021-04-26,722.027587890625,725.5216306701242,718.2335833614333,718.6747479311787,478200
2021-04-27,723.959716796875,725.8831873961291,717.0510662168568,721.4803746651434,328200
2021-04-28,720.2276611328125,724.4098926682782,719.3629419496426,723.3951926091585,335300
2021-04-29,729.968505859375,731.9008087117527,720.9246327282779,727.3038547867837,455200
2021-04-30,722.8920288085938,726.0066755536106,718.0216100906225,725.0802410153555,451200
2021-05-03,728.4683837890625,734.4505995943325,724.4361342443973,727.921344178048,490100
2021-05-04,738.0062866210938,738.6503694251127,722.6273017889797,725.4948704468725,557900
2021-05-05,750.8707885742188,751.8501608103492,740.2475132641979,741.2887088439486,569900
2021-05-06,765.0673828125,765.3232926645449,749.1766842451334,751.1795342677342,666600
2021-05-07,771.0055541992188,773.8554595957568,757.2147478168256,759.1911561322629,474200
2021-05-10,756.552978515625,777.1553382174321,756.526482797309,772.4260679103653,566400
2021-05-11,744.7738037109375,754.6647300771691,736.7446322539537,748.453154001922,671900
2021-05-12,726.5979614257812,749.9620170750687,723.4568722105354,740.9710820406431,649700
2021-05-13,740.2650756835938,745.7531891522739,725.3625284332627,726.5978103685636,554700
2021-05-14,756.0411987304688,759.5440726454291,745.9209115816487,748.7884806526581,481500
2021-05-17,749.5032348632812,758.9353343185611,746.529790349742,756.0677649800431,347600
2021-05-18,741.2799072265625,755.0971558248289,740.7858051351924,752.4678326085833,373700
2021-05-19,739.8505859375,740.2475909348775,724.4098272766107,730.639068330823,632900
2021-05-20,745.4620971679688,751.3648800734788,738.2005470491009,742.5239266478314,360800
2021-05-21,759.4823608398438,763.0822244343312,748.6738304435892,748.6738304435892,692800
2021-05-24,769.7083740234375,773.881826057196,764.2467563491057,764.493834273811,566800
2021-05-25,771.3938598632812,777.5966052748546,768.9145173094873,773.8908123785228,625600
2021-05-26,773.5642700195312,783.7639908823447,767.9173968548787,779.4758849608647,616200
2021-05-27,773.299560546875,780.3758560079173,772.1878174456745,775.3377382813809,704600
2021-05-28,773.8377075195312,776.4494204116615,771.6318853024526,775.7788418411767,435400
2021-06-01,773.7230834960938,785.2639616533404,772.9290197245712,783.4199242396763,407400
2021-06-02,782.9964599609375,783.4641202245342,773.6349613126116,775.1084358027392,543400
2021-06-03,780.9752197265625,787.5261308965518,774.229314553892,780.0798921027085,430800
2021-06-04,786.1522827148438,786.2852725539653,778.1653717867334,783.5461038862637,647000
2021-06-07,784.476806640625,788.944517916007,779.6101259078447,787.7566450604089,400300
2021-06-08,784.0866088867188,785.8683907640733,778.3867139821449,783.891560797691,303300
2021-06-09,772.0487670898438,785.8065597170322,771.0736886773568,784.9555438281183,463100
2021-06-10,768.9461669921875,780.54988131019,768.8575431756894,779.849547561258,423300
2021-06-11,780.6649780273438,780.9043380503474,773.8747605212461,775.3639975540613,444000
2021-06-14,777.2255249023438,781.5868654576519,774.3356748640091,780.9663365486116,363700
2021-06-15,780.9752197265625,784.4146672155879,773.0236954191121,778.8832002738229,442600
2021-06-16,770.6392822265625,780.0800453261609,764.9393856606871,780.0800453261609,595600
2021-06-17,770.1693115234375,774.9029476790492,763.4499720811975,771.2153212136471,569900
2021-06-18,745.3132934570312,759.5763170771056,743.7442515669396,754.3019016062237,1059000
2021-06-21,763.4677734375,764.3896665939884,750.8003046340307,752.5998331500706,575800
2021-06-22,766.5704345703125,770.7101621114192,759.4699250675526,763.7337692290937,668500
2021-06-23,767.1553955078125,770.0629920761975,765.4267985081227,768.0950350612762,566400
2021-06-24,768.8573608398438,774.7433767657029,763.2815281981673,773.3871297075121,662000
2021-06-25,774.787841796875,777.6421992767093,770.0275314217846,772.8110114981278,742100
2021-06-28,778.963134765625,780.6828589161188,769.4603670797311,776.5076381211067,373700
2021-06-29,774.3446655273438,786.276309089213,772.3767083007064,780.9043967047207,742800
2021-06-30,775.62109375,777.56243133391,770.7367747402877,772.1018952380341,575600
2021-07-01,779.3973388671875,779.858312500729,773.1567189360179,777.4826210365072,426300
2021-07-02,792.162353515625,793.2792948626437,780.8246197329703,781.8706295693349,430300
2021-07-06,791.3202514648438,793.9618687445401,785.4253610938221,793.3768325401046,527400
2021-07-07,798.6422729492188,800.2201337329161,788.8824008150211,788.8824008150211,468500
2021-07-08,776.9773559570312,787.7743650897232,773.6354052356428,787.7743650897232,629800
2021-07-09,798.9703979492188,799.4934299723757,787.8010915670465,789.4144454408972,764400
