Date,Close,High,Low,Open,Volume
2016-07-01,57.31053924560547,57.679778786817515,57.23983686218658,57.506942746781306,2652600
2016-07-05,57.569786071777344,57.891890650236355,57.05913583413365,57.10627674424865,3128000
2016-07-06,57.569786071777344,57.70333899729323,57.17697911878349,57.60121134726786,2568600
2016-07-07,57.6640739440918,57.9076123878197,57.41267768141019,57.56979809792631,2782200
2016-07-08,58.33184051513672,58.34755015815608,57.67977944528684,57.954743151320145,2921200
2016-07-11,58.52039337158203,58.59110175823231,57.91547314417845,58.17472723896284,3040700
2016-07-12,58.09614562988281,58.4496754818826,57.91545778900687,58.339690015151575,3909900
2016-07-13,58.50468826293945,58.52825572906358,58.049030605338196,58.27685943413883,2648300
2016-07-14,58.6932258605957,59.180308736854116,58.39469467474935,58.52038980793111,5222200
2016-07-15,58.70109939575195,59.148899291292565,58.528263296813265,58.873935494690656,4633500
2016-07-18,58.52827072143555,58.858227319214585,58.481135777113394,58.74824178662158,2675800
2016-07-19,58.57538604736328,58.57538604736328,58.20614645714223,58.300422307973136,3396500
2016-07-20,58.535888671875,58.8438886719912,58.51219126586426,58.654345575554416,2961800
2016-07-21,58.33844757080078,58.51218635671226,58.133112246192596,58.34634068020061,2618300
2016-07-22,58.92288589477539,58.93078503332237,58.39375809239609,58.535912459855325,3407200
2016-07-25,58.62274932861328,58.891259623473005,58.433206270187256,58.75700447604314,1856700
2016-07-26,58.425331115722656,58.94655962338282,58.28317679085616,58.47271388225299,2145600
2016-07-27,57.87249755859375,58.575369943454255,57.580295840897016,58.575369943454255,3291700
2016-07-28,57.848819732666016,59.03343720159433,57.69876625851344,59.03343720159433,4066300
2016-07-29,58.78071212768555,59.20717508931598,57.706658600307115,57.746148254731814,4459800
2016-08-01,59.3177490234375,59.341440410028916,58.78072216801874,58.788621305308,2903700
2016-08-02,59.12821578979492,59.499390912905014,58.80441741770369,59.42831674846161,3748000
2016-08-03,58.50429916381836,59.3019371136189,58.354245716205895,59.25455435133074,2651900
2016-08-04,59.05712890625,59.27825653760142,58.6069745066343,58.6069745066343,3026300
2016-08-05,58.899173736572266,59.13609358194821,58.606965966139235,58.99393926461257,2290200
2016-08-08,58.78071212768555,58.843893164654936,58.39373882047981,58.820201782110246,2223400
2016-08-09,59.05712890625,59.254565152138916,58.81230988943607,58.875490934186786,1535700
2016-08-10,59.104488372802734,59.28613229852143,58.899159096236524,59.08869613047983,1949900
2016-08-11,59.14400863647461,59.436216485556145,59.065035333426756,59.191391413247956,2345100
2016-08-12,59.20716857910156,59.53096081373483,59.104497898996776,59.23085995904123,1658300
2016-08-15,59.00184631347656,59.420410185857925,58.946564406280466,59.23087307908214,2375800
2016-08-16,58.69385528564453,59.112419222422716,58.65436562073919,58.83600964391608,1807400
2016-08-17,58.899173736572266,58.95445563635417,58.36214698500154,58.74912028347487,1977800
2016-08-18,58.907066345214844,59.1203008320393,58.82019995367633,58.89917323479552,2059600
2016-08-19,58.828094482421875,58.84389275419168,58.51219532505376,58.70173843463979,2088500
2016-08-22,58.83601760864258,58.95448059411821,58.528017461572574,58.74124601520652,1623800
2016-08-23,58.86757278442383,59.10449258780534,58.772801247906756,58.82019002880235,1460600
2016-08-24,58.725425720214844,58.80439899772872,58.441117100945014,58.75701623627537,1742700
2016-08-25,58.93867874145508,59.1756046980375,58.61488636108829,58.780732120585036,1567600
2016-08-26,58.812313079833984,59.50728653396391,58.606977685893355,58.94656828825515,2040000
2016-08-29,59.0807991027832,59.175570635920096,58.78069828576056,58.788597419840436,2397600
2016-08-30,58.83601760864258,59.07294357959384,58.70965548406117,59.00186337819737,2057400
2016-08-31,58.709651947021484,58.89919512247432,58.441141486379365,58.81232267337778,2597400
2016-09-01,58.65436553955078,58.78072764685143,58.33847232185297,58.74123798200075,3016300
2016-09-02,59.14400863647461,59.50729065071617,58.90708270205425,58.9228809778299,2981300
2016-09-06,59.44411849975586,59.45201763882656,58.92288980136606,58.993963977169244,2139300
2016-09-07,58.2515754699707,59.23085729009003,58.18839444279542,59.19926677650239,3297100
2016-09-08,57.643489837646484,58.24369776611029,57.60400620008966,58.227905516142876,3775400
2016-09-09,55.961334228515625,57.240723367264046,55.961334228515625,57.13805265549797,5626300
2016-09-12,57.477657318115234,57.5250401041913,56.293039463989935,56.37991192198136,5928700
2016-09-13,56.735260009765625,57.11434014129988,56.632595361252356,57.11434014129988,4278300
2016-09-14,56.743167877197266,57.066966167015146,56.58522131282648,56.88532219524106,3188500
2016-09-15,56.94060516357422,57.11435000280687,56.52204133739117,56.743168941768985,3032500
2016-09-16,56.83004379272461,56.924815352344815,56.371990292473654,56.72737912209274,3959700
2016-09-19,57.011688232421875,57.25650723180761,56.806352864237525,56.877427015565395,2272000
2016-09-20,57.24073028564453,57.57242179772506,57.22493200872037,57.38288465157579,2438200
2016-09-21,57.6513786315918,57.722452781608084,56.980096660799596,57.24071392807703,3268300
2016-09-22,58.069942474365234,58.148915760590434,57.769841576599255,57.809325207074096,2974200
2016-09-23,57.848819732666016,58.06994736282181,57.72245764384784,58.06204822595166,3613100
2016-09-26,57.73823165893555,57.95935919618485,57.50130585458358,57.69084890817455,2502800
2016-09-27,58.01466369628906,58.212099935124215,57.67507312448156,57.91989213254888,2292200
2016-09-28,58.1252326965332,58.4016422505208,57.643487748750644,58.33056809032816,2684600
2016-09-29,57.88042068481445,58.14103802100768,57.682984404415414,58.09364921652348,2944200
2016-09-30,58.55168151855469,58.83599014085464,58.05414444216724,58.085734958564444,4652300
2016-10-03,58.14102554321289,58.49640836155069,57.98307293762601,58.38584455027779,2691100
2016-10-04,57.493446350097656,58.22790954253989,57.31970146205887,58.15682934957992,3267300
2016-10-05,57.62770080566406,57.730365499376624,57.32759381203561,57.6671844454257,2365500
2016-10-06,57.87249755859375,58.06203462213685,57.3907527520793,57.548705326094066,2561700
2016-10-07,57.69086837768555,58.13312360143642,57.224915745283276,57.96727789252984,3315800
2016-10-10,57.34336853027344,58.0462408972109,57.17752285074291,57.93567711085722,2986100
2016-10-11,57.019588470458984,57.35917907267011,56.77476944047296,57.28810491245857,2971900
2016-10-12,57.20122146606445,57.33547664858129,56.87742317558536,56.980093865383715,2202800
2016-10-13,56.98798751831055,57.248598722453245,56.67208839404177,56.91690735334462,2991600
2016-10-14,57.10646057128906,57.572413267074616,56.98800363829611,57.177540756361175,2875000
2016-10-17,56.92481231689453,57.430248557366,56.90112093457169,57.1854295729963,2273400
2016-10-18,56.80635070800781,57.3670688620993,56.80635070800781,57.3670688620993,2729900
2016-10-19,56.62471008300781,56.877428224113906,56.427273846978814,56.711582508882636,2941000
2016-10-20,56.31502151489258,56.870869990187614,56.26737961006625,56.63264834960003,3317200
2016-10-21,56.31502151489258,56.497658913773456,56.068863595652594,56.33090618865334,3633100
2016-10-24,56.402366638183594,56.66440921999825,56.26737720811946,56.378545686787305,2408600
2016-10-25,56.624698638916016,56.95026776810746,56.52147250582534,56.67234659576549,2535600
2016-10-26,56.58501052856445,56.65647339096148,56.14827284204346,56.616773820150385,2941300
2016-10-27,56.037113189697266,57.069399125269506,55.7830128751574,56.95028827759126,4366800
2016-10-28,56.5135383605957,56.64059151963877,56.0688644204011,56.18003290544975,3295100
2016-10-31,56.66442108154297,56.92646371821092,56.394436106671115,56.60089449236971,2785900
2016-11-01,56.37059783935547,56.83909871784937,56.21972980918551,56.743808863352186,2329700
2016-11-02,56.521484375,56.71205806773566,56.25149942358172,56.33091068226433,3437000
2016-11-03,56.037113189697266,56.68030328563863,55.91006606154201,56.632661369859086,4144400
2016-11-04,55.243045806884766,56.307094978522876,55.2351034686302,56.180041799365895,3874300
2016-11-07,56.01328659057617,56.13239742625848,55.632133128038554,55.79094959502455,3596700
2016-11-08,56.847042083740234,56.95821662362972,55.87034670082364,55.98945751924046,4051400
2016-11-09,55.878292083740234,56.084744384807564,55.08422799531081,55.9021130370766,4901000
2016-11-10,53.36111068725586,55.50508761681343,52.91643668330122,55.39391911582477,9784900
2016-11-11,53.535804748535156,53.813725995668364,53.05936745941696,53.39287295597681,4008400
2016-11-14,52.86878967285156,53.4881587067,52.829084044229134,53.31346363392667,3894000
2016-11-15,52.87672805786133,53.202297262491975,52.58292820397655,52.94025464289588,5253200
2016-11-16,52.9958381652832,53.15465462569704,52.67027502333472,53.146712288119225,3000800
2016-11-17,52.400291442871094,53.06730847763109,52.35264953261276,52.924376688627426,3831600
2016-11-18,52.29706573486328,52.40823423190903,52.01120215439457,52.20177585529747,4747500
2016-11-21,52.58293151855469,52.70997863840365,52.26530463158882,52.297067926108305,3494600
2016-11-22,52.670284271240234,52.98791118960869,52.598815336948284,52.74968948627495,3556100
2016-11-23,52.400291442871094,52.63057077283415,52.30500762235443,52.41617611844298,2230100
2016-11-25,52.82908630371094,52.96407575363528,52.64645494398473,52.670275898885656,1302300
2016-11-28,52.74967575073242,52.956134102646445,52.43999125197538,52.717912461343495,3102200
2016-11-29,52.82908630371094,53.0037813839559,52.614691651373946,52.924376181543266,2674100
2016-11-30,51.796817779541016,52.94026627015538,51.796817779541016,52.62263933345086,4515900
2016-12-01,51.67768859863281,51.91590417302923,51.32829848631139,51.79679941494491,4204700
2016-12-02,51.39183044433594,51.98737853003224,51.18537207832393,51.75709920990893,4486800
2016-12-05,51.32036590576172,51.772982247208404,51.23301836107649,51.57446620169269,4401800
2016-12-06,51.638004302978516,51.717409527242495,51.22509350186766,51.43948821320343,4540800
2016-12-07,52.35265350341797,52.36853212196554,51.55064695661026,51.717399713390826,6570000
2016-12-08,52.17000961303711,52.40823126937106,51.85238881556302,52.138252379872405,3204400
2016-12-09,52.638511657714844,52.702038241791634,52.122368763990806,52.17001067293415,2465300
2016-12-12,53.0037727355957,53.162583114508685,52.630561681099806,52.630561681099806,3126500
2016-12-13,53.114952087402344,53.440521306527934,52.964077955785235,53.011725925796824,3456400
2016-12-14,52.336761474609375,53.313456808098,52.24147161305271,53.13876175769124,3809300
2016-12-15,52.59086608886719,52.68614990012288,51.6062222788858,52.18589171634626,4838100
2016-12-16,52.59086608886719,52.78143976960665,52.17000704231826,52.66232894730895,4382800
2016-12-19,52.45587921142578,52.797327060393236,52.28912645610155,52.49558484479163,2408800
2016-12-20,52.717926025390625,52.765567942618034,52.38442048833965,52.757631661899836,2635800
2016-12-21,52.447933197021484,52.98789699614298,52.4320485233317,52.55910167993815,2007100
2016-12-22,52.70204162597656,52.749683537979166,52.28118252311436,52.384414743425175,1673600
2016-12-23,52.62263488769531,52.805272329795244,52.40824020701483,52.7179247781252,1210700
2016-12-27,52.416175842285156,52.74173899104962,52.26530171629043,52.56704391005124,1629500
2016-12-28,52.098541259765625,52.59879941546448,52.07472030828869,52.41616808198948,1671300
2016-12-29,52.320892333984375,52.40823988511792,52.12237627381348,52.19384520575428,2108800
2016-12-30,51.96356964111328,52.46382796828872,51.83651644538184,52.28119051398223,3491300
2017-01-03,52.042964935302734,52.130312476154415,51.69357477189601,52.05884355262638,3038900
2017-01-04,52.61468505859375,52.70203258777132,52.249416326682,52.2573526051688,4047900
2017-01-05,53.08317947387695,53.19434795400516,52.51145239994455,52.654384168427654,2857800
2017-01-06,53.4881591796875,53.591385333498934,52.88466875701445,53.05142149389219,2994800
2017-01-09,52.74174118041992,53.28170506308916,52.590873106391136,53.218178474956574,3184000
2017-01-10,51.923858642578125,52.74968615488947,51.89209534692432,52.74174381641872,3492400
2017-01-11,51.860321044921875,51.93973229631748,51.61416312863363,51.85238476636464,3809000
2017-01-12,52.289119720458984,52.3605886396654,51.820624809882496,51.9079723454524,2992400
2017-01-13,52.31293869018555,52.432049512193515,52.09854405715365,52.32882336417491,1888100
2017-01-17,53.281700134277344,53.345226716533425,52.30500467956054,52.34470424979934,5136600
2017-01-18,53.88519287109375,54.14723549051989,53.34522901510743,53.36110763224147,5127300
2017-01-19,53.541770935058594,53.94908622714591,53.437948096907654,53.90116283832866,2767900
2017-01-20,54.268550872802734,54.58801377392535,53.75741266830577,53.85325336661696,3940600
2017-01-23,53.949092864990234,54.21264411630005,53.925128121009436,54.068886118654746,2872900
2017-01-24,54.51613235473633,54.58800830132794,54.0209646029758,54.04492325183967,2786300
2017-01-25,54.651920318603516,54.667890725422616,54.32446909294215,54.46822712731187,3034800
2017-01-26,54.50015640258789,54.70780818355448,54.132776232107005,54.588008844795006,4655900
2017-01-27,51.656951904296875,51.95245614045125,50.65863419286044,51.912520994694695,14874900
2017-01-30,51.53715896606445,51.792728088228124,51.07394107462689,51.345483647753824,7992400
2017-01-31,51.57709503173828,51.98440432871778,51.385413616778806,51.53715988030957,6983200
2017-02-01,51.68888473510742,51.91250686669072,51.45727435789727,51.5131798907931,4915800
2017-02-02,52.455596923828125,52.72713636921638,51.76875397070328,51.98438787773239,7063600
2017-02-03,52.68721389770508,52.98271202593987,52.511509014296585,52.98271202593987,4478200
2017-02-06,52.303863525390625,52.77507268695626,52.271916625178704,52.77507268695626,2897500
2017-02-07,53.15842819213867,53.342121361939974,52.48756150573127,52.495549754831,3255600
2017-02-08,53.182369232177734,53.501832064624566,53.0306291090317,53.246263017316444,3575100
2017-02-09,53.19036102294922,53.35807765017902,52.91882155788586,53.182372775962904,3223700
2017-02-10,54.08486557006836,54.18868842666688,53.086547779992515,53.23829403392348,5568100
2017-02-13,54.07686996459961,54.196669301759925,53.74143669514866,54.196669301759925,4798200
2017-02-14,54.10082244873047,54.40431488072072,53.66156638685798,53.909147187063326,5137800
2017-02-15,54.79566192626953,54.89948477259319,53.92512573098726,53.933113978626814,4576200
2017-02-16,55.107112884521484,55.13905976810771,54.3324177139793,54.795638386112046,5172700
2017-02-17,57.487117767333984,58.197919341930564,56.369000945450075,56.66449902662719,15036900
2017-02-21,58.44549560546875,59.020527417508255,58.01422174643912,58.11006241286104,10553800
2017-02-22,58.693077087402344,58.76495911140012,58.181939046792266,58.54133698028897,5811800
2017-02-23,59.45182418823242,59.970944574984564,58.93269770823193,59.0045736658136,7203800
2017-02-24,58.58126449584961,59.18824318823003,58.14999064283557,58.75696933521599,6461600
2017-02-27,58.02223205566406,58.317730226318176,57.646863585996954,58.054178956619594,5201400
2017-02-28,58.285789489746094,58.75699256960656,57.83055681375873,58.03820253035063,4497900
2017-03-01,58.66912078857422,58.75697321405699,58.06214205612411,58.3416758244309,4093000
2017-03-02,58.892757415771484,58.94068080988943,58.062156338951745,58.2937667819037,4442400
2017-03-03,58.772953033447266,58.86080547301199,57.96631676943995,58.67711843992014,3807700
2017-03-06,58.93269729614258,58.98061460086196,58.4215590683081,58.49343502538717,3994700
2017-03-07,58.87677001953125,59.0125397283077,58.733012065166164,58.78092935220584,3216200
2017-03-08,58.429534912109375,58.92469653774782,58.413558418429226,58.55731639531552,4141700
2017-03-09,58.597259521484375,58.820881717504015,58.3896077280742,58.62920641995116,4049600
2017-03-10,59.308048248291016,59.37193593796467,58.66113435940578,58.89274475255648,3375600
2017-03-13,59.02053451538086,59.316032609204846,58.900735191257766,59.036504915082126,3024500
2017-03-14,58.82086181640625,59.14830675172129,58.69307426577399,58.74897979586415,3502300
2017-03-15,59.0524787902832,59.18026026196911,58.56529936215982,58.77294501530524,4176100
2017-03-16,59.02053451538086,59.12435734655594,58.7569772209594,58.96462897655631,3182200
2017-03-17,59.0684700012207,59.31605087895074,58.86880643060007,59.116387308330104,5099000
2017-03-20,58.940670013427734,59.092410136137374,58.764965151424946,58.940670013427734,2796100
2017-03-21,58.86083221435547,59.10841924435999,58.701103757078414,59.0684840834157,3694700
2017-03-22,58.84482955932617,59.30006211567624,58.669124696656546,59.108386853330614,2810900
2017-03-23,59.0365104675293,59.45181401778286,58.71704760423747,58.788929642770604,2843700
2017-03-24,58.836849212646484,59.10040654203768,58.581280130789196,59.03651274826147,2621900
2017-03-27,58.6451530456543,58.892733791833706,58.32569028375628,58.62918264951981,3052400
2017-03-28,58.916709899902344,59.12436167068611,58.373624871639,58.47745380365448,3605200
2017-03-29,58.74899673461914,58.964636765173864,58.6531621372593,58.7729553839591,2450200
2017-03-30,58.485435485839844,58.74100452379153,58.38959481164053,58.55731142155446,2346000
2017-03-31,58.4534912109375,58.70906026032898,58.126040129367325,58.28577459351623,2849500
2017-04-03,58.597259521484375,58.820881717504015,58.29376703267385,58.381619480145545,3397000
2017-04-04,58.79692077636719,58.91671402439094,58.44551100017056,58.70108008470058,4043800
2017-04-05,58.66912078857422,59.14032980645872,58.54932147262078,58.741002815444816,3882300
2017-04-06,58.405574798583984,58.86080741258043,58.269805057781845,58.62121482762033,4064700
2017-04-07,58.661128997802734,59.01253867849841,58.245831633272715,58.44549511671418,3250900
2017-04-10,58.884765625,59.06845264377477,58.46946210792805,58.61322008026114,2230900
2017-04-11,58.86083221435547,59.0684840834157,58.645198187706434,58.81291489582237,2517900
2017-04-12,59.10039520263672,59.18025938290993,58.65315091850966,58.804891033054844,2816600
2017-04-13,58.828861236572266,59.02852475242827,58.76496744911908,58.8687902837953,2334200
2017-04-17,59.15631103515625,59.23617522933097,58.71704882732416,58.81288951628228,1949500
2017-04-18,59.395904541015625,59.803213723828065,59.076441698875875,59.156305886099084,3914500
2017-04-19,58.93017578125,59.33166219814157,58.79367186979403,59.26742290115175,3246100
2017-04-20,58.76154327392578,59.03455105526797,58.5768568547506,58.89001572214693,3114700
2017-04-21,58.63309097290039,58.93019321472345,58.55279489100719,58.64112241894922,2718200
2017-04-24,59.14696502685547,59.2272610621192,58.78562367887648,58.849862957565385,3311300
2017-04-25,59.596649169921875,59.71709632925531,59.20319416721651,59.34772953317724,3623100
2017-04-26,59.01850128173828,59.548466274638336,58.986381634332545,59.548466274638336,3244900
2017-04-27,58.857906341552734,59.29953768821015,58.817755252676584,59.034555204498076,3907000
2017-04-28,57.846168518066406,58.24765496853089,56.344606987898295,57.15561133317173,7466000
2017-05-01,57.6534538269043,58.26370878994352,57.62935949508715,58.0469088131632,3369900
2017-05-02,56.81837463378906,57.90238702415022,56.81034318796764,57.83011626415378,4405700
2017-05-03,57.075321197509766,57.155617270704695,56.73807401437243,56.930785815279805,3703900
2017-05-04,57.77390670776367,57.99071285522018,57.09138086164113,57.33227521965991,4348300
2017-05-05,57.6614875793457,57.92647013232511,57.44468757085196,57.82208585063518,2700400
2017-05-08,57.68557357788086,57.87829149604296,57.5330128837493,57.677548259272164,2177600
2017-05-09,57.41255569458008,57.910401040299426,57.308171435111525,57.69359495176183,2251200
2017-05-10,57.6534538269043,57.73374988770453,57.227873064889195,57.38847131268643,3240200
2017-05-11,57.5089225769043,57.5410422287592,57.276059695604154,57.39650685851074,2538000
2017-05-12,57.21181106567383,57.54905816587913,57.15560321563961,57.49285031584492,1972800
2017-05-15,57.53301239013672,57.685573082959365,57.2359101968339,57.251973086308304,2489600
2017-05-16,57.476806640625,57.79799705374011,57.44468698669373,57.637398784083764,2907500
2017-05-17,60.77700424194336,61.716480809302475,57.47678602986048,57.47678602986048,18843900
2017-05-18,59.363773345947266,60.14265786337477,58.63306523126516,59.39589298984275,7494600
2017-05-19,60.078433990478516,60.945646219578585,59.42802788175208,59.63679643134498,6902700
2017-05-22,59.64482879638672,60.407656762462544,59.56453272790435,60.222970291375496,4182700
2017-05-23,59.29151916503906,60.04631569177213,59.211223095986,59.70906852603082,2799700
2017-05-24,59.901763916015625,59.998122848214855,59.3637736618436,59.46013259404283,2595700
2017-05-25,60.520084381103516,60.68870799592508,59.941942772458994,60.02223885672662,3410500
2017-05-26,60.58431625366211,60.728851652676184,60.31130834785685,60.36751621824019,2153800
2017-05-30,61.098201751708984,61.15441573285074,60.4156760484631,60.64050746824323,4698400
2017-05-31,61.315025329589844,61.69242366015564,61.08216239953438,61.178521375274094,6266700
2017-06-01,61.58000946044922,61.58000946044922,61.066107162697385,61.42744260992337,2638400
2017-06-02,61.917236328125,61.91723632812501,61.427422404477234,61.82890882542153,2305000
2017-06-05,62.01361846923828,62.03770668331308,61.4675964874802,61.82893195099999,2091500
2017-06-06,61.82890701293945,62.029650217526914,61.52377954739722,61.82890701293945,2544500
2017-06-07,61.95737838745117,62.04569975108098,61.67633303280866,61.82889981090651,2099500
2017-06-08,60.85731506347656,61.957390110045004,60.64050895608577,61.957390110045004,3361600
2017-06-09,60.84123229980469,61.09818329137436,60.51201671350989,60.90547157924582,2985600
2017-06-12,60.66461944580078,61.025954886094304,60.28722111302396,60.913539143505275,2571700
2017-06-13,60.77700424194336,60.87335704298816,60.27112753167662,60.455813944004795,2591000
2017-06-14,60.92958068847656,61.30697892697246,60.704749259465466,61.1624435617229,2532800
2017-06-15,61.30695343017578,61.483608372700765,60.64048473835678,60.79305148439098,2226500
2017-06-16,61.27484893798828,61.5077117719462,60.86533724403781,61.02592934446592,3813700
2017-06-19,61.748600006103516,61.748600006103516,61.098187972767924,61.427409710482834,2889900
2017-06-20,61.30695343017578,62.021598514976354,61.29089667458007,61.724502589997456,2383200
2017-06-21,60.76900100708008,61.315022929165295,60.67264203511272,61.306991483285124,2522800
2017-06-22,60.648529052734375,60.91351152276801,60.552176246319036,60.785032945953255,2373500
2017-06-23,60.96170425415039,61.41137326724708,60.58430599141817,60.72884136594972,3114300
2017-06-26,60.93760681152344,61.17850110796967,60.873367515644915,61.14638146003041,1906700
2017-06-27,60.520084381103516,61.001867012907766,60.48796472215676,60.88945126969339,3541100
2017-06-28,60.29522705078125,60.88943135768221,60.22296243643187,60.77701565122993,2078600
2017-06-29,59.51633834838867,60.25507175737215,59.45209906251303,60.07841678431186,2882800
2017-06-30,59.524391174316406,59.79740520236654,59.51636585451958,59.66892657123746,3619100
2017-07-03,59.37181854248047,59.79739320184143,59.36378709809712,59.69300280344921,1489900
2017-07-05,59.2272834777832,59.57256207366966,59.187132381858014,59.41999526059047,2197400
2017-07-06,58.978336334228516,59.41997372455111,58.85789534249954,59.16302273187112,2854000
2017-07-07,58.890018463134766,59.22727167357811,58.737457806658576,59.171063826203536,2670400
2017-07-10,58.68125534057617,59.17106925241349,58.4644492478238,58.83381601104275,2427900
2017-07-11,58.13525390625,58.69733262810077,58.08707135423522,58.68930118173187,3099000
2017-07-12,58.03887176513672,58.504597449484265,57.99069535854772,58.416269953273655,2192100
2017-07-13,57.99872589111328,58.287790452305046,57.64541591181793,57.98266300503837,3913500
2017-07-14,58.53163528442383,58.67697550409708,58.144065472169224,58.27325335615039,2484100
2017-07-17,58.612403869628906,58.838493545070016,58.249056243219066,58.46706974731598,3297000
2017-07-18,58.555870056152344,58.83040437838786,58.426682144751,58.62046709200922,2872600
2017-07-19,58.53163528442383,58.68505167194312,58.370148889369595,58.47511443012374,2877400
2017-07-20,58.20866394042969,58.846545756778085,58.200593931840196,58.61238614113283,3683600
2017-07-21,59.16144561767578,59.49250076262271,56.34346652278054,56.359618859774415,7173300
2017-07-24,58.014869689941406,59.024175029572646,57.845307132120666,58.991876519467134,4678700
2017-07-25,58.17637252807617,58.402455978483246,57.70805328919752,58.402455978483246,3923400
2017-07-26,58.943424224853516,60.22725749417202,57.78070265240648,57.99871602739536,6080800
2017-07-27,58.90306091308594,59.266414554711304,58.40244937530312,59.10492199388515,4326500
2017-07-28,58.57202911376953,59.03227226649518,58.34594562264999,58.806188775375645,3407500
2017-07-31,58.2974967956543,58.76581613521914,58.281350614430444,58.499357942675694,3196200
2017-08-01,57.89376449584961,58.37015992384776,57.82917362180411,58.22481967669893,3052900
2017-08-02,57.82917404174805,58.07140368188027,57.45775033196211,57.80494553345375,3059500
2017-08-03,57.81302261352539,58.13600163243473,57.65153618422692,58.055258417785495,2660200
2017-08-04,57.716129302978516,58.03910213965585,57.546560555317335,58.00680362392572,2297300
2017-08-07,57.926048278808594,57.99064529673529,57.546548498877634,57.69996487637586,2049200
2017-08-08,57.89376449584961,58.20059732889283,57.76457658744635,57.90991683459518,1909000
2017-08-09,57.78878402709961,58.07946444640852,57.716117002427715,57.78878402709961,2486500
2017-08-10,57.772647857666016,58.0068013068101,57.498113565082335,57.651529968594154,2567900
2017-08-11,57.53847122192383,58.03908264682707,57.51424888333946,57.95833946477589,2023500
2017-08-14,57.6918830871582,57.877597955522425,57.54654289114145,57.71611158675274,3043200
2017-08-15,57.974517822265625,58.14408042878311,57.691907317757135,57.691907317757135,2307900
2017-08-16,58.07947540283203,58.13599626389835,57.740350236434125,57.966433680699396,2258600
2017-08-17,57.570777893066406,58.418590665328594,57.546549390735386,58.12791024046419,3250900
2017-08-18,57.34469223022461,57.74841438553833,57.3366222225424,57.603074163212945,3317600
2017-08-21,57.82108688354492,57.934128592852424,57.393142389693494,57.393142389693494,2436300
2017-08-22,57.84531021118164,58.10369214546827,57.69189382009196,57.877608723006375,2360600
2017-08-23,57.50617980957031,57.73226321132159,57.376985774106345,57.73226321132159,2148100
2017-08-24,57.15090560913086,57.66766945963262,57.078238580299846,57.603072438242144,3685800
2017-08-25,57.449668884277344,57.74034935397926,57.23165545184503,57.4254465385208,2162200
2017-08-28,57.2478141784668,57.595015547121235,57.05402923047505,57.55464085947976,3106100
2017-08-29,57.570777893066406,58.022944704939576,57.06208406939831,57.15090343034637,2691800
2017-08-30,57.288185119628906,57.53849710499056,57.15092103236416,57.4093030273442,2076800
2017-08-31,57.84531021118164,57.926053410587855,57.36084485443311,57.36084485443311,2947800
2017-09-01,57.570777893066406,57.93412534399152,57.36084066170639,57.86145831793081,2132400
2017-09-05,57.4173698425293,57.683827964027614,57.14283555241572,57.409293673914036,2795100
2017-09-06,57.72419357299805,57.95835316852841,57.31240139907937,57.41736694453311,3007800
2017-09-07,57.78072738647461,57.90992146552149,57.41737981970258,57.69190799720807,2124600
2017-09-08,57.99066162109375,58.370161507853844,57.417376786313845,57.58693938587023,2952600
2017-09-11,58.15214538574219,58.25711710468903,57.909915751897756,57.990658963179236,2351700
2017-09-12,58.09562301635742,58.515497560640135,58.02295597618079,58.13599770110798,1413700
2017-09-13,57.8533935546875,58.20866490820088,57.772650345266825,58.08755317422587,1806600
2017-09-14,58.249053955078125,58.289428649899335,57.65154666566804,57.78881077155852,2011400
2017-09-15,58.36207580566406,58.63661008413733,57.90990894736859,58.40245048671677,4662400
2017-09-18,58.450904846191406,58.56394657946756,58.13600199487748,58.36208546142979,1950900
2017-09-19,58.790016174316406,59.00802958013116,58.434744879409855,58.56393276110924,2727900
2017-09-20,58.58009338378906,59.12107965054061,58.21673970946481,58.82232300636003,2084100
2017-09-21,57.627296447753906,58.66890023528533,57.578845605333704,58.539706202578856,2378700
2017-09-22,57.48197555541992,57.85339928378593,57.32855913010973,57.6353858204175,2533300
2017-09-25,58.943424224853516,59.67820137419438,58.62852149236746,58.98379889735075,7226300
2017-09-26,59.258358001708984,59.37947592234203,58.58817751314435,58.943455104251065,3307000
2017-09-27,59.008033752441406,59.290638038932606,58.40245049839824,59.08877695425155,4255400
2017-09-28,59.06456756591797,59.27450486492451,58.8223317470402,58.919227306653866,2956800
2017-09-29,58.82234191894531,59.17761953865265,58.75774486803237,59.04842543682677,2968400
2017-10-02,58.90306091308594,59.2906368987574,58.86269239311288,58.959581769297266,2554400
2017-10-03,58.49126434326172,58.93535499142336,58.42666732379103,58.76579243554591,2310000
2017-10-04,58.846527099609375,59.20988066122886,58.39436034948019,58.41858268819283,2345300
2017-10-05,59.11300277709961,59.435981763656365,58.97573870991432,58.999961055851514,3037200
2017-10-06,58.717369079589844,59.1049390165732,58.53165412123022,58.999973442038765,1771000
2017-10-09,58.42668914794922,58.91115465432046,58.31364740180637,58.790036737649366,1513900
2017-10-10,58.862693786621094,59.201818931917465,58.54779098594425,58.66083270104304,2078600
2017-10-11,60.34032440185547,60.67944958081873,59.863928989234836,60.1061647801012,6491400
2017-10-12,60.68751525878906,60.77632846242059,59.9285156615751,60.30801546018208,3172500
2017-10-13,61.35770034790039,61.389998864252085,60.76826936534019,60.94590812511847,3761300
2017-10-16,61.16392135620117,61.446525701362006,60.81671997205709,61.27696309426551,2229600
2017-10-17,60.526031494140625,60.98627455579946,60.251503355047795,60.96205220944561,3217600
2017-10-18,60.106170654296875,60.43721969650157,59.96083039763531,60.41299734711009,2682100
2017-10-19,59.05647277832031,59.75087533585921,58.92728489987468,59.621681297102754,4369200
2017-10-20,58.71549606323242,59.30817456725692,58.455693229977825,58.98341947714164,4317700
2017-10-23,58.60994338989258,58.86162559997328,58.27706777535878,58.48815947740004,4308200
2017-10-24,58.32578659057617,58.60995115543827,58.14717718200091,58.577475028191515,4000100
2017-10-25,57.984798431396484,58.30955352023692,57.432716638624186,58.23648687719658,3944700
2017-10-26,57.814300537109375,58.593708995171745,57.724992737251284,58.26895392243214,4020700
2017-10-27,57.15666961669922,57.56261186370108,56.133693419882135,57.15666961669922,8704000
2017-10-30,56.18239974975586,57.22161701719501,56.06062204131735,56.94557309163234,4444500
2017-10-31,57.197269439697266,57.25410111576531,56.10122643313456,56.304197589690176,4734000
2017-11-01,57.28657150268555,57.56261546891306,57.14855261666554,57.41647600307203,3279600
2017-11-02,57.595088958740234,57.73310783844517,56.848150504069245,57.34340054930434,4638200
2017-11-03,56.95369338989258,57.75745723256303,56.864385608019575,57.6275589461392,2506100
2017-11-06,57.034881591796875,57.34339544736843,56.628939374061666,57.05111655506415,3197200
2017-11-07,57.5626220703125,57.724996520229524,56.718261303529886,57.05925136486857,3351200
2017-11-08,59.486778259277344,59.7709428071571,58.87786484671368,59.38935607754719,5569100
2017-11-09,59.19450378417969,59.57608430841322,58.877863120278676,59.2350942939812,4411400
2017-11-10,59.438079833984375,59.64105101475642,58.86976300549818,58.918474106743034,2523700
2017-11-13,59.835880279541016,59.94142922019005,59.26756365368717,59.478655340798596,2511500
2017-11-14,59.64104461669922,59.80342526041062,59.36500681367214,59.64104461669922,2970100
2017-11-15,58.84540557861328,59.64916969447001,58.796688284732895,59.64104911312517,3063900
2017-11-16,58.967159271240234,59.26755871655995,58.70735652189399,59.12953986094797,3689200
2017-11-17,58.36638259887695,58.959061074200264,58.27707479856539,58.707372639600464,4627400
2017-11-20,58.51252746582031,58.78857147245972,58.35015301075365,58.40698468944582,2799500
2017-11-21,58.634307861328125,59.04025016865475,58.52875889714286,58.64242844184731,2831900
2017-11-22,58.25271224975586,58.86974619750546,58.11469337284218,58.6830100390674,2951100
2017-11-24,58.46379470825195,58.73983241843547,58.39884247261367,58.39884247261367,988500
2017-11-27,58.455692291259766,58.82915847092914,58.382625649105954,58.69113957295768,3295100
2017-11-28,59.07270812988281,59.13765417149927,58.658645369373936,58.70735644913282,2703600
2017-11-29,58.46379470825195,59.040231862622925,57.89547193769618,57.984779713152285,3646400
2017-11-30,58.82103729248047,59.24322075681553,58.38262505563802,58.38262505563802,4557500
2017-12-01,59.3000373840332,59.33251350337102,58.39884520351457,58.86973964263332,4478100
2017-12-04,60.50162887573242,60.59093666429113,59.2269704867065,59.3406338186563,3615800
2017-12-05,60.558475494384766,60.74521169680248,60.08758708611869,60.59095162498735,3463200
2017-12-06,60.282447814941406,60.688390224469636,60.176905018372324,60.371755640572786,2698300
2017-12-07,59.429931640625,60.25805714216513,59.38122056201181,60.030730516388935,3696200
2017-12-08,59.52736282348633,59.5517183639514,59.02399227519168,59.397464542943816,3048000
2017-12-11,59.405601501464844,59.49490931323183,58.853519662445585,59.38124595174451,4432500
2017-12-12,58.8535041809082,59.39747148972137,58.78855813013439,59.39747148972137,3296600
2017-12-13,59.551734924316406,59.91708671544979,58.97529759432873,59.015894302517324,3817700
2017-12-14,59.46240997314453,59.67350164530961,59.275680035379686,59.55171775005336,1873600
2017-12-15,60.120052337646484,60.615302399887526,59.93331616901977,59.95767171401729,4444600
2017-12-18,60.071327209472656,60.70459607346697,60.06321282499133,60.20123169141335,3252200
2017-12-19,60.76956558227539,61.29729185028773,60.62342609565948,60.647781644397405,4352200
2017-12-20,60.50162887573242,61.16737390323283,60.396086122975326,61.12678339564335,3770400
2017-12-21,60.61529541015625,60.964399773781025,60.55034316819441,60.753314278685124,1916600
2017-12-22,61.01313018798828,61.126793538798964,60.6802545219084,60.88322567609719,2186200
2017-12-26,61.28103256225586,61.47588306901834,60.89132535454496,61.01310924409123,1213900
2017-12-27,61.19175720214844,61.45967446804002,61.10244938212151,61.36225226014825,1227600
2017-12-28,61.005001068115234,61.329756108196484,60.87510276859504,61.207972193892616,1506100
2017-12-29,61.25669479370117,61.45155157088101,61.11867588884006,61.15927259929961,1905200
2018-01-02,61.005001068115234,61.70322223632441,60.7614332395075,61.24044831731946,4352500
2018-01-03,60.76956558227539,61.47590746661699,60.61531170887244,60.980657328318,3310000
2018-01-04,61.159278869628906,61.67076402524197,60.87512044984386,60.93195213380087,2501700
2018-01-05,61.23234558105469,61.362250112616316,61.00501884501083,61.2972978468355,2852800
2018-01-08,61.32163619995117,61.402823412313275,60.89133839966351,61.02124289479268,1688600
2018-01-09,61.41094970703125,61.597685887611256,61.09431521342031,61.36223861391813,2518300
2018-01-10,60.745216369628906,61.28106327450874,60.47729291718899,61.053730342803064,3138300
2018-01-11,60.52601623535156,60.88324134662087,60.387991107394456,60.858885792919516,2007400
2018-01-12,60.58281326293945,60.75330823548993,60.24993770163654,60.69647657797311,2338200
2018-01-16,61.23234558105469,61.48403406240809,60.56660034227384,60.84264437474779,4580500
2018-01-17,62.25530242919922,62.61253358400247,61.43529736666766,61.557081278003956,3455200
2018-01-18,62.214691162109375,62.750537768865776,61.98736455106809,62.287763969478696,4040100
2018-01-19,62.92106246948242,63.2539381602734,62.35274567323992,62.482644000585985,4480600
2018-01-22,63.14955520629883,63.288296365884214,62.54564544138096,62.73335040651225,2824700
2018-01-23,62.757816314697266,62.978159609819876,62.325286205748775,62.83942471191595,3388900
2018-01-24,62.676231384277344,62.96186399464813,62.39059254758263,62.83128552915066,3767900
2018-01-25,63.09242248535156,63.13322980350818,62.529320097990215,62.89656105610946,4236300
2018-01-26,60.032066345214844,60.62781962702755,59.12619858426534,60.26057240629702,13162400
2018-01-29,60.219791412353516,60.71761102288356,59.43633913012392,59.90967682969762,8636800
2018-01-30,60.937931060791016,61.011382991795635,59.672985078352276,60.21160559165369,6027700
2018-01-31,60.587005615234375,61.019535786857645,59.689300663105755,61.019535786857645,5458900
2018-02-01,59.844383239746094,60.90530540425199,59.72196746752335,60.660480086131315,3900300
2018-02-02,59.10988235473633,59.69747295630626,58.99562931846701,59.56689449981361,5130500
2018-02-05,56.971702575683594,59.55873357156103,56.94722067349901,59.036426010890196,6278000
2018-02-06,57.46136474609375,57.97550336397268,55.64962929310664,56.392273963376205,6903800
2018-02-07,57.26548385620117,57.97548997761066,57.14306814887932,57.45318877093754,4413200
2018-02-08,56.269859313964844,57.36343201964446,56.261702830738415,57.26549818401965,4875200
2018-02-09,56.93090057373047,57.17572581799846,55.894454404728194,56.75135832547351,6097600
2018-02-12,57.28181457519531,57.836760436960624,56.91456741922472,57.13491695807149,3457600
2018-02-13,57.371604919433594,57.49401445280292,56.8737853959844,57.08596607137402,3528600
2018-02-14,56.81666564941406,57.151262124411886,56.31068335460585,56.94723790935897,3579200
2018-02-15,58.12240982055664,58.12240982055664,56.718722455658025,56.97987315891889,3617100
2018-02-16,58.318267822265625,58.62838231821403,57.787803736668906,57.89390028958236,4421700
2018-02-20,57.15125274658203,57.91838566172775,56.95539127564071,57.77965071257447,3016700
2018-02-21,56.424930572509766,57.4940153562287,56.424930572509766,57.11045510177081,2749100
2018-02-22,56.62894058227539,56.94721774696462,56.441241857624156,56.53916946132994,3162100
2018-02-23,57.371604919433594,57.371604919433594,56.63711658759673,56.930911920331475,2398500
2018-02-26,57.999977111816406,58.048940908638485,57.526639654796085,57.755145675061875,2844700
2018-02-27,57.06147384643555,58.17952845085281,57.06147384643555,58.08975732506557,3071100
2018-02-28,56.286190032958984,57.42056394055236,56.286190032958984,57.37160013129107,3796000
2018-03-01,56.1964225769043,56.686079380539844,55.812856109053826,56.20458528775671,4997400
2018-03-02,56.53102111816406,56.62895497307995,55.9026293381789,55.9026293381789,3189300
2018-03-05,57.18388366699219,57.24917288377686,56.286178728331315,56.302497919366274,3096900
2018-03-06,56.83296585083008,57.4613637098954,56.49836948766983,57.20020682464645,2948300
2018-03-07,56.86561965942383,57.045161933911785,56.31883635171875,56.37596287302639,3303300
2018-03-08,57.95916748046875,57.98365560422315,56.84111932223574,56.9227277224516,4134800
2018-03-09,58.13872146606445,58.40803484498493,57.746998575201104,58.065275758898736,2928200
2018-03-12,58.00817108154297,58.47334608100878,57.85311067294589,58.23667722495418,2975200
2018-03-13,57.836769104003906,58.26929931192852,57.54297382573001,58.138720865441,4666500
2018-03-14,57.118621826171875,57.92656226188866,56.89011568422889,57.84494758863011,4161400
2018-03-15,56.7676887512207,57.2981528915886,56.55550807613288,57.15125522543017,3040000
2018-03-16,56.81666564941406,57.102298305223165,56.66976796552296,56.824822135062234,7050400
2018-03-19,57.175724029541016,58.18768826509453,56.94721798484272,57.102278326454886,3776900
2018-03-20,56.87378692626953,57.5837871442121,56.57999158562973,57.30631722601026,2403300
2018-03-21,56.05768585205078,56.85745715323247,55.967914714484124,56.83297524777318,4184500
2018-03-22,56.16376876831055,56.78400393878353,55.94342542194836,55.94342542194836,4115800
2018-03-23,55.8046989440918,56.69424772568631,55.70677130942705,56.24539197905724,3743700
2018-03-26,55.64964294433594,56.400450508175545,55.38032950524418,56.2127455040534,3271100
2018-03-27,56.5391845703125,57.00435949119196,55.6496420585511,55.6496420585511,3760200
2018-03-28,57.7796630859375,57.99184379726025,56.75954195960615,56.75954195960615,4174400
2018-03-29,58.497802734375,58.99562214313995,57.967338715457274,58.040790644881696,4829800
2018-04-02,57.24917984008789,58.4896439781127,57.06147487560464,58.20401140287572,4109300
2018-04-03,57.90206527709961,57.99183642290732,57.102293902498424,57.37976382494084,3717400
2018-04-04,58.47332763671875,58.76712293595405,57.38791757156184,57.55113441499324,3569200
2018-04-05,58.60390090942383,58.889539729998724,58.23665989200407,58.4896478717233,3294400
2018-04-06,58.46516799926758,59.093565954783024,58.05711964292075,58.47333070976518,2922600
2018-04-09,58.28562545776367,58.75896304326322,58.11424589604634,58.75896304326322,2665100
2018-04-10,58.53861618041992,58.76712224908249,58.08159781677138,58.44068233971165,2901800
2018-04-11,58.25297927856445,58.66919033231922,57.983672103851234,58.39987693128239,4078500
2018-04-12,57.89390182495117,58.63654658342299,57.82044988434592,58.359076694372156,2681900
2018-04-13,58.43253707885742,58.48150712699669,57.869434449020545,57.951042894152316,3847900
2018-04-16,59.118045806884766,59.19149151984113,58.52229248772541,58.718153948599294,4089800
2018-04-17,58.94667053222656,59.191495819522174,58.628387073991405,59.17517662423208,3307300
2018-04-18,58.82425308227539,59.256783347739734,58.791608466310784,59.00379535691882,3840600
2018-04-19,57.272796630859375,58.26606697312156,57.0019109821509,58.2496458654316,5536900
2018-04-20,55.42580795288086,57.25637288091353,55.35193176821875,57.1086142487727,8636900
2018-04-23,54.48178482055664,55.286243373266245,54.18626764447135,55.163110172761584,7617300
2018-04-24,54.69521713256836,54.92506873024498,54.0549319103655,54.74447417776403,5004600
2018-04-25,54.51463317871094,55.04820006443999,54.37507884617537,54.50642262672269,4209700
2018-04-26,54.66238021850586,54.900436100470976,54.37507355503608,54.49820677161328,4860500
2018-04-27,54.654170989990234,55.097446771911535,53.225835827305474,54.08776200262162,6539200
2018-04-30,53.545989990234375,54.30119787326668,53.34897433680504,54.1123927711008,7395300
2018-05-01,53.35717010498047,53.67731262458524,53.05344242053912,53.17657560411339,4952300
2018-05-02,51.830352783203125,53.23405656311958,51.731848078842695,53.14375927936915,7998900
2018-05-03,51.97811508178711,52.33109368973643,51.58409310506868,51.75647713274393,6479800
2018-05-04,52.29825973510742,52.552730510018115,51.986327615448616,52.05199638169999,3904400
2018-05-07,51.56766891479492,52.54451788334547,51.543043522783705,52.42959208067463,4296300
2018-05-08,51.12439727783203,51.93706972657463,51.08335391063272,51.72363920688505,5336100
2018-05-09,50.82065963745117,51.436319382597844,50.68931901707617,51.32960414997835,5007100
2018-05-10,51.28856658935547,51.51841191813461,50.94379859618675,51.19006189579408,4036100
2018-05-11,51.47736740112305,52.125863142943174,51.30498340840864,51.55945725342111,4014400
2018-05-14,50.92738342285156,51.58408663501374,50.78783222885015,51.46916396431135,5345200
2018-05-15,50.607234954833984,50.81245488063395,50.30350721003659,50.72215761225675,6573100
2018-05-16,50.968421936035156,51.231103195901824,50.48410277601706,50.59081801640278,3813900
2018-05-17,51.13260269165039,51.20648199774809,50.746788189650395,51.066930805604485,4080900
2018-05-18,51.07515335083008,51.190076046989354,50.730382130943646,51.15724009625567,5046000
2018-05-21,51.09976577758789,51.501998243455816,51.03409389278994,51.29677830057394,4456000
2018-05-22,51.23110580444336,51.6497531051073,51.124390558624015,51.28856713725199,4308800
2018-05-23,51.48558044433594,51.72363319900462,51.08334797712364,51.222899167081806,3409500
2018-05-24,51.296783447265625,51.813935500601055,51.1818576373385,51.49379285861013,3433900
2018-05-25,52.33108901977539,52.569144921364064,51.764683065927066,51.912441685436725,5197700
2018-05-29,52.17512130737305,52.60197917989522,52.01094472080176,52.265415455149714,5033600
2018-05-30,52.856449127197266,53.05345852302295,52.1012412241857,52.3228791430455,4403700
2018-05-31,51.78929901123047,52.74972986284004,51.64154041867515,52.72510447454998,4738000
2018-06-01,51.460960388183594,52.07662032017622,51.124399750617286,51.92065426471176,3758600
2018-06-04,51.47736740112305,51.74825921659513,51.32140137886825,51.46094943066343,3441400
2018-06-05,51.13260269165039,51.55946055672514,51.09155932857564,51.51020664219071,3334800
2018-06-06,51.36244583129883,51.411699743724824,50.86991923266987,51.15722589330214,3390600
2018-06-07,51.51841354370117,52.18332729188804,50.97663301490707,51.157227568307725,5698500
2018-06-08,51.99452590942383,52.388547831987694,51.63333992992558,51.67438329305367,4782400
2018-06-11,52.33108901977539,52.46242966696086,52.0027358361077,52.0027358361077,3220300
2018-06-12,52.31467056274414,52.56914443429924,52.10945060770525,52.33108853491621,3355500
2018-06-13,51.764671325683594,52.47883573706886,51.69079203268461,52.35570253826812,4252400
2018-06-14,51.96989822387695,52.199743552375196,51.444532552240226,51.731842344270774,4312500
2018-06-15,53.13555145263672,53.16838113289106,51.92064661030604,51.94527200190467,9744900
2018-06-18,51.96989822387695,52.84003188826105,51.46916107415628,52.70868812179606,7904900
2018-06-19,52.536312103271484,53.00421338242859,52.23258742571875,52.544522655626224,4580300
2018-06-20,52.45423126220703,52.57736451009826,52.08483464994191,52.388559361622754,4898800
2018-06-21,52.11766052246094,52.454221119354614,51.92885541049389,52.273626559077236,3646000
2018-06-22,53.0534553527832,53.176588566372274,52.134070920583326,52.16690686172811,4871600
2018-06-25,53.44749069213867,53.56241337690287,52.7004869783548,52.79899482078837,4432500
2018-06-26,53.472110748291016,53.767627983270145,52.930333326039936,53.44748535584542,3900900
2018-06-27,53.11913299560547,53.90717688009377,53.06167165807453,53.480322124551975,4228800
2018-06-28,53.29972457885742,53.34077107314769,52.80719796145281,53.06987924158965,2891900
2018-06-29,53.20121765136719,53.59524270965428,52.954957469901615,53.35718681693314,4223700
2018-07-02,53.01241683959961,53.44748211392504,52.56093046276249,53.028831679295685,3057200
2018-07-03,53.0862922668457,53.5459891884821,52.94674421153444,53.488527856129494,2298400
2018-07-05,54.145225524902344,54.15343607568231,53.307930966987854,53.307930966987854,3670200
2018-07-06,53.99748611450195,54.38330072167254,53.86614856942413,54.16166587437107,3310800
2018-07-09,53.35717010498047,53.82507119231158,53.31612362285109,53.726563392889396,4102300
2018-07-10,53.956424713134766,53.98925438941727,53.110913372707586,53.4392665008677,2613800
2018-07-11,53.55420684814453,54.09599062801138,53.496745501445055,53.956442537857946,2345800
2018-07-12,53.49672317504883,53.87432704760097,53.33254975665728,53.53776966105395,2501300
2018-07-13,53.97283935546875,54.02209013252884,53.513148735401295,53.554188962013036,2684800
2018-07-16,53.86613845825195,53.898974404062166,53.43927742553548,53.83330251244174,2409100
2018-07-17,54.16354751586914,54.48575238559178,53.73394312395855,53.73394312395855,3120500
2018-07-18,53.54392623901367,54.13876798728675,53.17215329792264,53.79177906851388,3713500
2018-07-19,54.320518493652344,54.568371289411466,53.535661812345836,53.990050200359654,4346100
2018-07-20,54.485755920410156,54.63446635478825,54.02310403708239,54.23790939855279,3264300
2018-07-23,54.39488220214844,54.642735050998915,54.14703565645774,54.494024602320586,5332400
2018-07-24,53.923946380615234,54.2874620735527,53.64305247473256,54.13048824193745,5407100
2018-07-25,54.485755920410156,54.59316175272494,53.91570450792678,53.95700910999009,3334800
2018-07-26,55.30366134643555,56.11330206738135,54.5435823614866,54.5435823614866,5836700
2018-07-27,55.07234573364258,55.66718122431466,53.634809297495664,54.4609770548933,5497100
2018-07-30,54.9070930480957,55.06406689512207,53.998310029688454,54.05614150441006,4801200
2018-07-31,55.36149215698242,55.64238611301108,54.88231344041276,54.94014491978092,4741600
2018-08-01,54.593170166015625,55.35324303523353,54.361844188702364,55.212796020887644,4375900
2018-08-02,55.551517486572266,55.7084913753528,54.634470784087526,54.64273422643379,3607800
2018-08-03,55.766319274902344,56.53465548148292,55.21278843337635,55.658919743954684,4324100
2018-08-06,55.667171478271484,55.85719280259487,55.50194047698402,55.72500295903796,2542400
2018-08-07,55.54325866699219,55.683705666831145,54.97320092238059,55.683705666831145,2181100
2018-08-08,55.014495849609375,55.48541741886971,54.99797527148228,55.41105905940183,1910500
2018-08-09,54.4692268371582,55.08058905942579,54.427915938384665,54.907094630261675,2979200
2018-08-10,54.056148529052734,54.403137422473876,53.923958682134874,54.328785360951706,2936600
2018-08-13,54.15528869628906,54.337040273619166,53.709157435951006,54.089193775537076,2725100
2018-08-14,54.130489349365234,54.44443701901862,54.1057053340047,54.163536804231775,2532400
2018-08-15,54.38661575317383,54.45271067530808,53.80003750133936,54.064410886717695,4245700
2018-08-16,55.12190628051758,55.23756924655986,54.57663260932492,54.57663260932492,3163000
2018-08-17,55.766319274902344,55.840671341752426,54.88232009555989,55.12190948289784,3523500
2018-08-20,55.89851379394531,56.088528849406956,55.832418860237,55.865466327091156,2151800
2018-08-21,55.68369674682617,55.923286103961814,55.37801246982722,55.815880283394314,2323800
2018-08-22,55.344966888427734,55.725003235803335,55.344966888427734,55.68369863685566,2099900
2018-08-23,54.997982025146484,55.435849885605336,54.9153665180492,55.121908437371985,2460400
2018-08-24,55.254085540771484,55.36149136030855,54.807954290712,54.98145502947826,2046000
2018-08-27,55.427589416503906,55.61761076586166,55.031032439906106,55.46890032384761,2078100
2018-08-28,55.171470642089844,55.683696816937726,55.08885514373593,55.58455443701793,2012100
2018-08-29,55.320186614990234,55.559775996484284,55.22930766672839,55.2458345499537,2322000
2018-08-30,54.725341796875,55.33671037856269,54.56011079289165,55.14668905113894,2754000
2018-08-31,54.86579513549805,54.923626617262656,54.4692319011416,54.69229438704544,3257200
2018-09-04,53.89091491699219,54.51879775000638,53.70915703785072,54.31225585155627,4515900
2018-09-05,55.014495849609375,55.06407019030742,53.659581529485926,53.74220332959654,3977800
2018-09-06,55.353248596191406,55.49369562464703,54.60143279123342,54.79971762298808,3295100
2018-09-07,55.36149215698242,55.402796754726246,54.750123600052085,55.105375917073246,2980200
2018-09-10,55.48543167114258,55.88198867963832,55.35324179953733,55.36150524230266,3353200
2018-09-11,55.50193786621094,55.60108024421503,55.02275916059539,55.18799645726887,2985000
2018-09-12,56.16288757324219,56.26202367125846,55.411071879766276,55.41933532232092,2623100
2018-09-13,56.31159973144531,56.33638375670112,55.76632596317743,56.237241352517856,3093200
2018-09-14,56.171142578125,56.43551600138857,55.94808006290495,56.33637990713948,1843300
2018-09-17,56.84859085083008,56.85685429175981,56.08851816741878,56.17939710816998,2874500
2018-09-18,56.39419174194336,56.88989094990601,56.33636027273368,56.80727546577181,2625300
2018-09-19,56.12156295776367,56.66683027316891,56.096778939312294,56.38593632650888,3017100
2018-09-20,56.83209228515625,57.046897710420495,56.36117682029762,56.42727176701909,3428700
2018-09-21,57.07992935180664,57.24516669102591,56.815555912215814,56.83208279771774,4687500
2018-09-24,56.129844665527344,57.14602757169623,56.055486282815274,56.98905996936694,2734100
2018-09-25,55.46889114379883,56.344626766748426,55.41932310571744,56.29505872866704,2347700
2018-09-26,55.435848236083984,56.01416937487507,55.36149617285656,55.559774644622,2288700
2018-09-27,55.13016891479492,55.642388813152586,55.0888580118879,55.394542305186924,2498600
2018-09-28,55.31193161010742,55.31193161010742,55.03103758402357,55.13017998902027,2491400
2018-10-01,55.411067962646484,55.60934644782217,55.26235752297487,55.32018901044942,2116300
2018-10-02,55.675437927246094,56.014169692292235,55.320185582442114,55.46889601289864,2722600
2018-10-03,54.460975646972656,55.832417114315014,54.386623576245704,55.79110620624919,3764500
2018-10-04,53.63480758666992,54.080938917813256,53.304339233620084,54.06441833658257,3707900
2018-10-05,53.46131134033203,53.73394819526173,53.3704323886888,53.510879385534025,2972200
2018-10-08,53.990055084228516,54.155292397401226,53.296077278380146,53.42000368746992,4090800
2018-10-09,53.758724212646484,54.27095038170912,53.750460771956874,54.089192505488235,4603300
2018-10-10,52.73428726196289,54.01484345047714,52.7095000872033,53.32086558880379,4789000
2018-10-11,51.51155471801758,52.9903956540564,51.32153652563634,52.76732999737068,7242600
2018-10-12,51.66853332519531,51.96595422798942,51.14804674530563,51.75114884193592,4297100
2018-10-15,51.67678451538086,52.09813177066189,51.420674567640816,51.569381841268914,3439100
2018-10-16,51.72636032104492,51.9907337335308,51.5693864406704,51.80897583060438,3226000
2018-10-17,52.502960205078125,52.5607916958074,51.23892454830984,51.362847820624054,5446700
2018-10-18,52.09543991088867,52.5029567251532,51.83762606440719,52.22850604303787,3947300
2018-10-19,53.658958435058594,54.49894085085333,53.434411947121625,53.575793304159454,6907700
2018-10-22,52.92710494995117,53.883519972524184,52.80235723345049,53.69223442997206,3051800
2018-10-23,52.72749710083008,52.99362931810177,52.19522949374042,52.59443099219423,3766000
2018-10-24,53.75876235961914,54.36587989299897,52.702548661441746,52.710867078362845,6235600
2018-10-25,53.076805114746094,54.091436379876974,52.90215640690954,53.9084692540214,6263100
2018-10-26,49.5505485534668,51.77940542059364,49.284413122978115,51.13902685604681,9628700
2018-10-29,48.13671112060547,49.74182282479487,47.745828042343376,49.17629107551849,9710000
2018-10-30,50.05785369873047,50.15765566033383,48.18660974804254,48.494327704166786,8210200
2018-10-31,49.52560806274414,50.091140036348655,48.82700992902959,49.98302278983816,8714200
2018-11-01,49.96637725830078,50.299040972186155,49.334310808589436,49.5921278042015,4764100
2018-11-02,50.141029357910156,50.65666021167417,49.791728786133596,50.65666021167417,5253500
2018-11-05,50.09112548828125,50.82299074260307,49.63371089403508,50.03290925842519,7833700
2018-11-06,50.32398223876953,50.814664076867324,50.00795223443582,50.124384675247825,5171700
2018-11-07,51.00595474243164,51.097435117671324,50.12438975859334,50.556855420143464,5777500
2018-11-08,50.648338317871094,50.814668578024005,50.21587266187155,50.79803809004579,5212800
2018-11-09,53.060157775878906,53.218175952044675,50.689916858853366,50.85625027834813,9735400
2018-11-12,51.0225944519043,52.71087483765472,50.93942930573006,52.37820790786382,8800800
2018-11-13,51.44674301147461,52.053857438848894,50.839628584100325,51.19724440978676,5982000
2018-11-14,51.954044342041016,52.35324262944622,51.53821239609235,51.812659830694564,6798800
2018-11-15,51.89583206176758,52.11206329415036,51.3386155621855,51.71286497645014,4688600
2018-11-16,52.59442901611328,53.010260986544914,51.80434763778395,51.92909532538574,5368300
2018-11-19,52.203548431396484,52.87719739764984,52.03721500080409,52.37819710587266,4480900
2018-11-20,51.820987701416016,52.88551666206219,51.79603562277512,52.34493376467662,3866400
2018-11-21,51.496639251708984,52.18692197354404,51.38020678598903,52.0205885199955,3935300
2018-11-23,51.38020324707031,51.746137454181955,51.18060565459717,51.438419475920526,1367700
2018-11-26,52.17861557006836,52.33663063281407,51.48833273126634,51.57981630484707,5082200
2018-11-27,52.59442901611328,52.65264523817002,51.987311547442474,52.170278629647164,3708900
2018-11-28,52.25346374511719,52.810677242013426,52.053862939147876,52.41979404878657,4940700
2018-11-29,52.42810821533203,52.67760682314778,52.070492380862255,52.16197594398898,3239700
2018-11-30,52.827301025390625,52.885517255294836,52.14533675575856,52.253453970957764,3568700
2018-12-03,53.026893615722656,53.1433292370861,52.48631393585068,52.77739505789357,4878600
2018-12-04,52.461368560791016,53.7338135120963,52.38651867115267,53.2348163628717,4237100
2018-12-06,52.58612060546875,52.636021593531666,51.45505692308352,52.27008735949717,5080700
2018-12-07,52.153656005859375,53.467686833294955,52.11207343452655,52.63602271645122,4072700
2018-12-10,52.84393310546875,52.98531446741965,51.71286951967563,52.39483376889563,3903500
2018-12-11,53.68392562866211,54.05817197351802,53.118390557049835,53.20987412492025,4703200
2018-12-12,54.29103469848633,54.590434300103226,53.866884205346736,53.966686187583676,5902200
2018-12-13,54.44905471801758,54.790033731355386,54.16628559820888,54.35757115088189,4066900
2018-12-14,54.199546813964844,54.5987483659971,53.95836346827147,54.14964899937084,4976000
2018-12-17,52.328304290771484,54.34924833235389,51.91247223567299,54.18291804835194,7167600
2018-12-18,51.94573974609375,52.760770196277576,51.57149026066576,52.719187625129315,4294400
2018-12-19,51.463382720947266,52.519596658980745,51.147349429654064,51.920797406540416,4225400
2018-12-20,50.714881896972656,51.529912422008636,50.32399871267741,51.34694845764357,5552000
2018-12-21,49.82500076293945,51.62971367841181,49.808367098678524,50.407166321883665,10032400
2018-12-24,48.26978302001953,49.899843823509656,48.111764817481905,49.86657649954945,3872300
2018-12-26,49.400848388671875,49.400848388671875,47.829000588107284,48.40285084265438,6616200
2018-12-27,49.64202880859375,49.64202880859375,48.21156871906305,49.059866478722,6546100
2018-12-28,49.583824157714844,50.1909387096425,49.40917541795775,49.76679131701133,5655700
2018-12-31,49.50065231323242,49.791733506854456,48.98502141058178,49.35095250721335,4271300
2019-01-02,49.276100158691406,49.50064985657588,48.75215086362763,49.267784913235054,4559400
2019-01-03,49.04323196411133,49.8915297090339,48.960063652326745,49.226195904944014,4156100
2019-01-04,49.50065231323242,49.52560122338657,48.951754082011526,49.159670126755,7087600
2019-01-07,49.8000373840332,50.28240081726709,49.32598919424036,49.43410322170459,4575200
2019-01-08,50.35725402832031,50.68992089379025,49.91647312823705,49.91647312823705,5614400
2019-01-09,50.98101043701172,51.75445833023659,50.69824450645051,51.538227052770665,6284000
2019-01-10,51.41346740722656,51.455049972054915,50.49863829081751,50.74813685233395,3983100
2019-01-11,51.64634704589844,52.01228133492068,51.355265836491874,51.77941319484818,2616900
2019-01-14,51.23882293701172,51.596438734471405,51.039222167887885,51.40515638252381,3887100
2019-01-15,51.74614334106445,51.987323528361735,51.230509294663754,51.27209503932764,2580300
2019-01-16,51.671295166015625,51.83762863257944,51.313679323294885,51.43842704380749,3017600
2019-01-17,51.56317138671875,51.979003414031,51.48832149490068,51.66297018496064,3549400
2019-01-18,52.08712387084961,52.97700421087173,51.83762527344517,51.92079041506438,5200400
2019-01-22,51.693607330322266,52.288074659117605,51.115882770987525,52.02014563222489,5542200
2019-01-23,52.2043342590332,52.35504470535382,51.60986705074927,51.85267868026197,4038100
2019-01-24,52.07874298095703,52.12060628295351,51.30007342675473,52.05362244458698,6024300
2019-01-25,51.77733612060547,53.25094583019265,51.040529668828846,51.040529668828846,8478900
2019-01-28,52.530887603759766,52.61461422894418,51.57638682924092,51.668488033323385,5768200
2019-01-29,53.326290130615234,53.4183913174363,52.49738583715644,52.49738583715644,4593100
2019-01-30,53.54399108886719,53.870526184109664,53.13372298578123,53.30117941957072,6663900
2019-01-31,54.15521240234375,54.29754831613171,53.11698491378793,53.384913970066926,6182900
2019-02-01,54.46499252319336,54.63244574040544,53.75330038021511,54.33939941631891,5314500
2019-02-04,54.582218170166016,54.783163334609235,54.09659483382426,54.665944789689725,3612600
2019-02-05,54.20543670654297,54.88363699072991,54.12171009025349,54.64919352201545,4255300
2019-02-06,54.699424743652344,54.8417606044844,54.00448181662968,54.02122458169748,3474600
2019-02-07,54.46499252319336,54.74128969280021,54.046353092232394,54.28915834081067,3145300
2019-02-08,55.0008544921875,55.00085449218751,54.21381026048418,54.35614614428079,3040100
2019-02-11,55.08457946777344,55.12643957991617,54.707800130902484,54.91711985540933,4212800
2019-02-12,55.27714920043945,55.66230310908193,54.825024223727056,55.35250762184548,4450400
2019-02-13,55.21017074584961,55.385998542042216,54.841765998818914,55.17667882448947,3505500
2019-02-14,54.79990768432617,55.143195138588354,54.69943829317181,54.950618158989506,2501500
2019-02-15,55.66230010986328,55.712534796139906,55.09295024298267,55.26040345585848,5370600
2019-02-19,55.86324691772461,56.0976839779516,55.36088087610523,55.628809857497615,4584000
2019-02-20,55.68742370605469,56.189789789022626,55.444612048568395,55.97209547749504,3458600
2019-02-21,55.84650802612305,56.03908501123138,55.46973502265141,55.65393742894669,3765600
2019-02-22,56.01395797729492,56.4912066802057,55.6455532284056,55.85487294701438,4025000
2019-02-25,55.69580841064453,56.399126245687924,55.5953389970192,56.0977052289455,2939700
2019-02-26,55.67068862915039,56.01397614521963,55.37764220563576,55.80465635871876,2922500
2019-02-27,55.15156936645508,55.5450851258603,55.05946816652805,55.30227984016005,3378300
2019-02-28,55.15156936645508,55.41949838771594,54.783164566746976,55.28553068311964,4128700
2019-03-01,55.26041793823242,55.3106526376743,54.724559851078084,55.19343408035506,2712500
2019-03-04,55.28553009033203,55.53671633979094,54.791538557776306,55.519967182930124,3352200
2019-03-05,55.025978088378906,55.411125670130524,54.883642188413916,55.310649888308895,3483900
2019-03-06,54.93387985229492,55.18506612644937,54.5236148999128,55.0259810602894,2764200
2019-03-07,54.70779800415039,55.0427108279279,54.23892388362035,54.62407139518871,4365700
2019-03-08,54.71617126464844,55.10131876694799,54.37289025978758,54.78315510537809,2586500
2019-03-11,55.13480758666992,55.16829950515125,54.607324243432174,54.67430808039482,2722600
2019-03-12,55.0427131652832,55.58694572854081,54.917120052542046,55.23529012321044,2502900
2019-03-13,55.69580841064453,55.77116685879675,55.1013409576062,55.1013409576062,3894700
2019-03-14,55.4697265625,55.80463939668997,55.31064152897529,55.62881159602471,3293700
2019-03-15,56.26514434814453,56.27351892648314,55.42786537636898,55.56183307806024,6641100
2019-03-18,55.50321578979492,56.39072932756444,55.344130763994464,56.30700272006498,2939900
2019-03-19,55.05108642578125,55.436233944489764,54.783157439378336,55.436233944489764,4623600
2019-03-20,54.51522445678711,55.15992633720859,54.331022094400836,55.15992633720859,3788900
2019-03-21,55.11807632446289,55.21854571294441,54.38126673996311,54.42313324378482,2793800
2019-03-22,55.26041793823242,55.62882276862563,54.59059213532336,55.07621552303582,2877600
2019-03-25,55.47809982299805,55.653927619489195,55.11806965267879,55.1850534955128,2972600
2019-03-26,56.03071212768555,56.357250444022576,55.65393911281425,55.77115766801564,2297300
2019-03-27,56.10606002807617,56.390731783558834,55.65392866237051,56.12280279513299,2918900
2019-03-28,56.40747833251953,56.56655696996824,56.19815862035958,56.19815862035958,2958900
2019-03-29,57.387107849121094,57.44571712812058,56.40749287673016,56.516336855462825,4598700
2019-04-01,57.1861572265625,57.37035323738663,56.79263508157172,57.25313469052959,4139300
2019-04-02,57.24477005004883,57.5043245073384,56.75914667556399,57.11080233794318,3130000
2019-04-03,56.78425216674805,57.1610250994852,56.574932451242795,57.11916498914261,3791300
2019-04-04,56.55817794799805,56.934950802549025,56.30699178634444,56.934950802549025,2541700
2019-04-05,56.86797332763672,56.86797332763672,56.48282585455435,56.54980969020263,1981000
2019-04-08,56.95171356201172,57.08568126537906,56.73402562593731,56.97683729734186,1678100
2019-04-09,57.02708053588867,57.05219788705019,56.60006640234497,56.77589424840823,2102100
2019-04-10,57.02708053588867,57.26151766397302,56.784268828106285,56.97684583356565,2023100
2019-04-11,57.010318756103516,57.33686341271388,56.72564698871401,57.1945211410879,2508900
2019-04-12,57.579673767089844,57.579673767089844,56.67541730587901,56.9433463291881,3849700
2019-04-15,57.52945327758789,57.680163789660966,57.29501612279274,57.361999992143744,2907500
2019-04-16,57.80573654174805,57.99830711323627,57.53780754685882,57.53780754685882,3183400
2019-04-17,57.86471176147461,58.10061811828279,57.75518564666114,58.04164152908074,2633600
2019-04-18,58.429203033447266,58.462904859925935,57.94053619145574,58.13432008671657,3369000
2019-04-22,58.63984298706055,59.02740440486284,58.42921136251796,58.44606549214292,3901700
2019-04-23,58.14275360107422,58.791496155857594,58.02480040929542,58.41236181484959,3388000
2019-04-24,58.016361236572266,58.53872985397775,57.46871785877008,57.78887553707088,3600900
2019-04-25,57.87315368652344,58.109060103910885,57.32551011589242,57.71307157702434,3191200
2019-04-26,60.07211685180664,60.24061951001954,58.53871952139745,58.6229708505039,5956000
2019-04-29,60.13954544067383,60.30805461478353,59.64245783997761,60.03001929847832,3383900
2019-04-30,61.32749938964844,61.37804891831665,60.01316022054282,60.24906659161649,4050200
2019-05-01,60.063720703125,61.057902325364864,60.021591802907366,60.72931747316393,3919100
2019-05-02,60.51023483276367,60.602913234217354,60.01314743220768,60.08054464674797,2209900
2019-05-03,60.6197624206543,60.71244082438565,60.30803181534457,60.543938141946086,2436700
2019-05-06,60.40073013305664,60.47655443676395,59.98788749742543,60.26592280028708,2383300
2019-05-07,59.40653610229492,60.30803906037465,58.59771155908035,60.04685151486099,4125500
2019-05-08,59.810970306396484,60.2406607352484,59.01899955725954,59.499239532575636,3273900
2019-05-09,59.693016052246094,59.886800023639154,59.238050857990295,59.60033760001054,2415200
2019-05-10,60.24063491821289,60.308038569924136,59.2127517274975,59.44865808052083,2341200
2019-05-13,60.29119110107422,60.367021824614994,59.482366475117445,59.71827285419233,2601300
2019-05-14,59.945770263671875,60.63664183455069,59.92891613161962,60.240653294906494,2855400
2019-05-15,60.1058349609375,60.1816656853722,59.81095198361768,59.97103406900564,4454400
2019-05-16,61.083168029785156,61.58868261754176,60.30804523336059,60.45127318809772,3581300
2019-05-17,60.63662338256836,60.95678108648803,60.425991791787155,60.62819631910663,2764200
2019-05-20,60.40914535522461,61.15057276305982,60.31646692924521,60.729309527868665,3149900
2019-05-21,60.265907287597656,60.5860714065301,60.232205463080255,60.41756228394309,2538200
2019-05-22,60.265907287597656,60.367012761149866,59.83621705995798,60.04684864221742,3862500
2019-05-23,60.451271057128906,60.47654582143077,59.9120546588009,60.131113329361185,2855100
2019-05-24,59.98788833618164,60.661912153518855,59.93733879966998,60.57766078334358,2267800
2019-05-28,59.06950759887695,60.33329679623767,59.044232843404025,60.06368869125262,3327700
2019-05-29,58.951568603515625,59.162200186962245,58.690387496990866,58.90943971563998,3580200
2019-05-30,59.693016052246094,59.718290825043304,59.14537240575475,59.14537240575475,1834400
2019-05-31,58.65669250488281,59.532920765443734,58.505037490017145,59.40654051506125,3031300
2019-06-03,59.55820083618164,59.650879266188085,58.63141653611725,58.72409496612369,3652200
2019-06-04,59.66773223876953,60.0468666292197,59.43182582444785,59.82781434618825,3757600
2019-06-05,60.594482421875,60.61975717925906,59.51604992039009,59.92046532242931,2675200
2019-06-06,61.59709548950195,61.71504865186898,60.71244034378394,60.75456922804299,3866500
2019-06-07,62.33853530883789,62.46491557221618,61.6139619886341,61.672938587815004,3453800
2019-06-10,61.52971649169922,62.422792629619906,61.394915578413,62.22901511152699,3191000
2019-06-11,61.7824592590332,61.79930695785659,61.31906719181549,61.6645060833716,3184700
2019-06-12,61.546573638916016,62.42279568812798,61.37806445409207,62.03523420498511,3230000
2019-06-13,61.29378890991211,61.67292317734388,60.65346711597132,61.571824134277065,2944600
2019-06-14,61.799312591552734,61.90884514177075,61.302225081373194,61.394903503265404,2591900
2019-06-17,61.84986877441406,61.99309672587356,61.33592713403202,61.79931281721862,2702200
2019-06-18,61.41176223754883,62.39751679882327,61.23483242613811,62.33011955731041,2677100
2019-06-19,61.95096969604492,62.03522105661574,60.98206297956352,61.25167119017022,3096500
2019-06-20,62.00992965698242,62.44804689917191,61.7655962772931,62.18685939510951,2754500
2019-06-21,61.46228790283203,62.34694304424045,61.40331132193582,62.077334899005585,6209400
2019-06-24,62.321685791015625,62.49861558340344,61.7066386220767,61.95939914146903,3508100
2019-06-25,62.2711181640625,62.55757400336845,61.7655972721682,62.237416342738534,3178100
2019-06-26,60.9567756652832,62.119466056889586,60.88937201951593,62.111038994177314,2831100
2019-06-27,60.77985763549805,61.041038778249536,60.58608015151039,60.948360354440936,2470800
2019-06-28,60.38386917114258,61.302226344829414,60.15638985778836,61.10001536855157,5443800
2019-07-01,60.72930145263672,60.8809564542585,60.31645890890932,60.62819597556687,3161800
2019-07-02,61.285377502441406,61.49600913325757,60.71245920950274,60.76301517191635,2298100
2019-07-03,62.34696960449219,62.38909850649322,61.50444298821527,61.58026729825557,2291600
2019-07-05,61.62238693237305,62.06050430660713,60.94836316953615,61.91726991812657,3771900
2019-07-08,61.82459259033203,61.96782698136174,61.504434832668494,61.613960964192756,2989300
2019-07-09,61.59709548950195,61.748750473683174,61.24323600240085,61.24323600240085,3885600
2019-07-10,61.917266845703125,62.4143607924214,61.84144255082916,61.85829025147893,2392300
2019-07-11,62.2542724609375,62.27112658786202,61.6560795144375,62.16159404675071,2878200
2019-07-12,62.66710662841797,62.7092355164519,61.97623528923601,62.33852187124398,2937500
2019-07-15,62.34696960449219,63.62760723292721,62.23744345844466,62.70082924061619,2487700
2019-07-16,62.76823425292969,62.88618746748969,62.31326909906906,62.52390075763594,3485400
2019-07-17,62.497039794921875,62.82753209830972,62.40382335393737,62.66652070655787,2775100
2019-07-18,62.60720443725586,62.666523405411375,62.2089236312303,62.48856650094482,2412700
2019-07-19,61.60724639892578,62.60719925454319,61.598776879377986,62.51398281726073,2417400
2019-07-22,61.310646057128906,61.84452314350088,61.098791712449625,61.72587876242149,2945000
2019-07-23,61.251338958740234,61.98859454847324,61.09880354242592,61.75978819136038,3986700
2019-07-24,60.403907775878906,61.2852225972056,60.35306480368279,60.878459423792776,3246900
2019-07-25,60.954742431640625,61.20049428811097,60.27680582997881,60.27680582997881,4383400
2019-07-26,62.446205139160156,62.52246961997843,60.836110402847815,60.94627236356862,4036200
2019-07-29,64.03934478759766,64.12408525059006,62.471623593748234,62.58178554911006,4635900
2019-07-30,63.336002349853516,64.75119494004751,63.064828921935025,63.988517653625344,5020600
2019-07-31,60.79372024536133,63.496983721520586,60.46322798865438,63.20885845409727,5187400
2019-08-01,60.386993408203125,61.412368156274205,60.3446199326717,60.700533852110986,4618400
2019-08-02,60.33613967895508,60.819167525555635,60.02259925721342,60.42088662402662,3813500
2019-08-05,58.30232620239258,60.361550972450964,57.97183389679033,60.15816611878619,5215500
2019-08-06,59.19212341308594,59.463296810966575,58.33622974950362,58.53961464687694,4868600
2019-08-07,59.69209671020508,59.971739599424026,58.02268303459866,58.84467912585933,4222100
2019-08-08,60.76830291748047,60.819145894212895,59.403960342717326,59.88698801752104,2712900
2019-08-09,60.607303619384766,61.09033139047901,60.13275183452956,60.84458597709554,2993200
2019-08-12,59.93785095214844,60.50561920441051,59.53956363733425,60.50561920441051,2457900
2019-08-13,60.75137710571289,60.971701053157496,59.878537907379325,60.05649484890796,2513600
2019-08-14,59.759883880615234,60.793734345079145,59.74293837402795,60.175123142757585,3990000
2019-08-15,60.48019790649414,60.74289529997543,59.83615870459319,60.056489096216765,3698800
2019-08-16,61.251338958740234,61.437771852600264,60.69204674244291,60.75136571182722,2549000
2019-08-19,61.92926788330078,62.081803280659926,61.556402141915775,61.86994892128789,2139500
2019-08-20,61.4716796875,62.098766964546584,61.37846322486396,61.827593563773696,2463700
2019-08-21,61.53099060058594,62.00554237340703,61.40387667135657,61.86148293741249,2527100
2019-08-22,61.8953742980957,62.10722867077595,61.3276061309804,61.57335797912337,1526600
2019-08-23,61.208988189697266,62.607222333809204,60.85306781374009,61.95471349757593,3910900
2019-08-26,61.66655349731445,61.81061935057537,61.19200188265972,61.57334354324801,1770300
2019-08-27,62.23435592651367,62.480107827330166,61.886911577512635,62.09876599560095,2582100
2019-08-28,62.70891189575195,62.76823087812305,62.13266758188232,62.285203031591465,2050600
2019-08-29,62.87837600708008,63.17497730474563,62.18349391466148,63.10718235297736,1819700
2019-08-30,62.83600616455078,63.141076968405024,62.63262778374201,63.10717949405653,2899700
2019-09-03,62.971588134765625,63.17497297613494,62.25128460110816,62.42924148834481,1963800
2019-09-04,63.446163177490234,63.55632514690941,63.09871883001761,63.41226569491117,2422900
2019-09-05,62.954654693603516,63.55632041772398,62.78516729331964,63.55632041772398,3430900
2019-09-06,63.302101135253906,63.310577122738465,62.90382023745746,63.05635568575887,2333300
2019-09-09,62.022491455078125,63.21734681747221,61.74284211686236,63.21734681747221,5153000
2019-09-10,61.11576843261719,61.454730349159234,60.31919370511827,61.44626082694458,4712900
2019-09-11,61.734375,61.74285098684676,60.50562198384946,60.97169781588286,2305700
2019-09-12,61.259822845458984,62.59026830062978,61.217449376741015,62.17503546138483,2644200
2019-09-13,59.920894622802734,60.77678816484014,59.649721263431246,60.67509573059476,4679600
2019-09-16,58.83618927001953,59.649709183382804,58.44637804894639,59.403957366020734,4116900
2019-09-17,59.20059585571289,59.91242355805009,58.920946487530394,58.95484396839646,3381800
2019-09-18,59.95478820800781,60.005631189187824,59.2175326544854,59.47176049095036,3532800
2019-09-19,60.1242790222168,60.259868948066384,59.87853359586057,60.11580950081383,3831300
2019-09-20,60.1242790222168,60.38698288722949,59.9632740668748,60.18359799845511,4770000
2019-09-23,60.59035110473633,60.77678398873455,60.031052452741655,60.03952843800042,3952000
2019-09-24,61.42929458618164,61.802160366127985,60.83610490470575,60.98016433230951,4395800
2019-09-25,61.21744155883789,61.69199977979698,60.9208467115402,61.47166940811179,2784500
2019-09-26,61.624210357666016,61.929281218072944,61.18354957473007,61.26829650895238,2265200
2019-09-27,62.081825256347656,62.158089749382306,61.564899919276414,61.98013280035054,3766200
2019-09-30,62.29365921020508,62.946167808794,61.988588407797174,61.988588407797174,3387800
2019-10-01,60.7852668762207,62.039441295068436,60.5818819986104,61.675051470953925,3241800
2019-10-02,59.759883880615234,60.88695079451657,59.37854856221334,60.50561547611468,3352600
2019-10-03,60.056495666503906,60.51410200750042,59.692105791189135,60.00564620731492,2269700
2019-10-04,61.0733757019043,61.132694665122294,60.022579868350356,60.14121779478634,2415100
2019-10-07,60.69203567504883,61.16658734358719,60.641186235361445,60.9886304678853,2484400
2019-10-08,59.895477294921875,60.658154441581814,59.85310382805282,60.581883494274166,2539200
2019-10-09,59.85310363769531,60.268342922784896,59.387027830034505,60.064958040800214,1844200
2019-10-10,59.97174835205078,60.06496481715601,59.06501166307771,59.285342077443175,2219600
2019-10-11,59.751407623291016,60.268332797242245,59.505655781143524,60.259856812262754,2574100
2019-10-14,58.81926345825195,59.98869751296828,58.77688998872475,59.836162074067566,2556400
2019-10-15,57.9633674621582,58.912471074514116,57.81930801603753,58.83620659078557,4404000
2019-10-16,57.497276306152344,57.946406548458526,57.09051952512438,57.946406548458526,4436000
2019-10-17,57.69219207763672,58.17521985368759,57.531180663858684,57.759987037678336,3760600
2019-10-18,57.649803161621094,57.870133490068035,57.17525149907215,57.63285765879356,4022600
2019-10-21,57.87862014770508,57.946408636797806,57.49727837830535,57.6243923014386,2520300
2019-10-22,57.18785858154297,58.50115052575567,57.11111092225997,58.45851510601325,3864500
2019-10-23,57.59720993041992,57.733652408349954,56.966149644221474,56.9832025141206,4092600
2019-10-24,58.27942657470703,58.449987779295824,57.60573096187654,57.776285660220644,4994800
2019-10-25,58.339141845703125,58.629086203566196,58.16858060027227,58.33061215687002,3850300
2019-10-28,57.43517303466797,58.586433579795916,57.102586799547566,58.53526846862202,4595500
2019-10-29,57.9212532043457,57.955365442554275,57.14522093039423,57.28166337698435,3018800
2019-10-30,58.484092712402344,58.53525781426336,57.8189203632336,57.97242217506053,2575700
2019-10-31,58.501155853271484,58.808159530850205,57.921260740761134,58.34765401448213,4374200
2019-11-01,56.97467041015625,57.56309524353311,55.92574654032707,57.51193012975961,6128500
2019-11-04,55.780765533447266,57.119640016882045,55.6357868903408,56.73588220570991,6528500
2019-11-05,56.24978256225586,56.445926270498404,55.2179119384411,55.57608061654347,5394100
2019-11-06,56.72737121582031,57.04290465261311,56.44595653570404,56.548286780747596,4412600
2019-11-07,57.02584457397461,57.08553937812168,56.22422305578902,56.7785356692951,4332100
2019-11-08,56.82115173339844,57.18785012140636,56.60795514749252,56.93201812206534,3489400
2019-11-11,56.744407653808594,56.96613393884205,56.24126029618388,56.62501807869301,2640400
2019-11-12,56.829681396484375,57.11110245126919,56.73587437822277,56.85526394578418,3315900
2019-11-13,57.03435134887695,57.204912530407704,56.727347728365416,57.1366880577954,3454600
2019-11-14,56.829681396484375,57.14521468575009,56.744404063403856,56.82115171130328,2956200
2019-11-15,56.59944152832031,56.91496836475842,56.39476808678554,56.8467503904914,5146800
2019-11-18,57.24753952026367,57.93830081786847,56.88937085113102,56.97464817622315,4568200
2019-11-19,57.27314758300781,57.40106035998026,56.727358207530315,57.247558521368305,3710400
2019-11-20,57.315792083740234,57.6398486804666,56.98320579844984,57.33285146086828,3008600
2019-11-21,56.92349624633789,57.73364078142848,56.88938400716379,57.58013895826723,3432900
2019-11-22,56.88938522338867,57.03435736329463,56.47152167050023,56.80410787675249,2616300
2019-11-25,57.11964797973633,57.11964797973633,56.57385858289972,56.99172869151283,3020200
2019-11-26,57.81039810180664,57.81892778862686,57.15374884778867,57.307250679329066,3513800
2019-11-27,57.71657943725586,57.895663786931756,57.32429850374054,57.81038645464467,2517600
2019-11-29,57.83597946166992,57.97242842299682,57.55455835861661,57.82744977502584,1385100
2019-12-02,57.622779846191406,57.9894782779044,57.2475517282774,57.9894782779044,3487800
2019-12-03,57.39252471923828,57.67393927372828,56.96613153857899,57.67393927372828,3677000
2019-12-04,58.05771255493164,58.12593704356734,57.239038210039254,57.239038210039254,3279000
2019-12-05,57.83597946166992,57.92125680937694,57.443698457221934,57.870091702001645,4056500
2019-12-06,58.19415283203125,58.2709070054141,57.4692855597792,57.88714915099001,3504700
2019-12-09,58.501155853271484,58.560850651342626,57.998014913278325,58.202681862915796,3610200
2019-12-10,57.9297981262207,58.56085843344018,57.86157363186025,58.25385471506403,3820600
2019-12-11,57.52898406982422,58.569384777554895,57.392541595139896,57.921265130629216,3229300
2019-12-12,57.33283615112305,57.84450672214884,57.085527298774316,57.60572755608643,3658400
2019-12-13,58.57791519165039,58.73141704397675,57.19639852071314,57.33284750333462,5179600
2019-12-16,58.73141098022461,59.03841465318059,58.43293048811829,58.705821918940835,3371200
2019-12-17,57.8530387878418,58.543800345752814,57.82745623129793,58.543800345752814,4647600
2019-12-18,58.219722747802734,58.35617169030589,57.72511159683797,58.1003331762343,5846100
2019-12-19,58.27942657470703,58.39882267104153,57.366945275452224,57.366945275452224,4266400
2019-12-20,58.71434020996094,59.09809797979347,58.637592559740625,58.927536802231124,6008000
2019-12-23,58.603485107421875,58.89342937357751,58.50114839253178,58.85079395538978,2776000
2019-12-24,58.4585075378418,58.61200934277954,58.21119871287302,58.54378487253086,816700
2019-12-26,58.484092712402344,58.8252085727115,58.35617345150592,58.671706760884575,2493600
2019-12-27,58.99577331542969,59.132215779086444,58.697299326575866,58.70582250751099,2943700
2019-12-30,58.66318893432617,58.92755068904247,58.45852197926339,58.731413421428826,1810700
2019-12-31,58.70581817626953,58.774042656186886,58.31353717611151,58.64612338290297,1960200
2020-01-02,58.0918083190918,58.79109286361322,57.895664596469814,58.70580902389024,3441800
2020-01-03,58.006534576416016,58.3902924032387,57.716590290867195,57.85303274693587,3473800
2020-01-06,58.40734100341797,58.714344639949914,57.99800715887148,58.057701948961345,4607500
2020-01-07,57.60572814941406,58.381760447109905,57.537503670909445,58.381760447109905,4500000
2020-01-08,59.07252502441406,59.39658809698803,57.759239383572094,57.818934185428546,4676100
2020-01-09,59.57566833496094,59.64389281980867,58.89343649897355,59.166327932119515,3996100
2020-01-10,59.82297134399414,60.06175051129111,59.2345466058378,59.46480259304869,3724000
2020-01-13,59.81444549560547,60.1726142695325,59.52450120421066,59.831504869360906,4641300
2020-01-14,59.942344665527344,60.03615167097946,59.72061842480031,59.81442543025241,4711900
2020-01-15,60.377288818359375,60.59048545047754,59.98500128976648,59.98500128976648,3606200
2020-01-16,60.33464431762695,60.701342769489166,60.266419836758494,60.513728700223204,2720300
2020-01-17,60.70133590698242,60.80367261671557,60.06174611019892,60.06174611019892,4019700
2020-01-21,60.7951545715332,60.87190223884514,59.90825576942855,60.60754048755499,6470400
2020-01-22,60.51201629638672,60.98389768313077,60.49485994856238,60.81230147625748,2890800
2020-01-23,60.58064651489258,60.97530791827354,60.05728961034443,60.11734663812577,2581600
2020-01-24,60.314693450927734,60.98390234457105,60.125940881802386,60.769411978878885,2938300
2020-01-27,60.143104553222656,60.73510012923961,59.85997566506435,60.186005249874746,3688100
2020-01-28,59.808502197265625,60.4777111962345,59.67980664844987,60.160269594313505,2770600
2020-01-29,59.053470611572266,59.96290738346716,59.03630772206984,59.84279333984801,3233400
2020-01-30,59.602596282958984,59.79992379489849,58.82184804723626,59.027763554122515,3539300
2020-01-31,63.300376892089844,64.32135282445405,62.94861620051345,63.18026284660282,13592300
2020-02-03,64.28706359863281,64.74178220390556,63.54063464263772,63.54063464263772,7725400
2020-02-04,64.69029998779297,65.37666527710638,64.51012885388343,64.58734224881883,4671800
2020-02-05,64.97343444824219,65.09354854784475,63.92672025536777,64.56161000265664,4282900
2020-02-06,65.4710693359375,65.7198790680227,65.05925129683281,65.17936543704916,4663900
2020-02-07,65.23080444335938,65.65120369815875,65.11927181739556,65.54825251903092,3222700
2020-02-10,66.36331176757812,66.4147939017306,65.1707459670391,65.1707459670391,4418400
2020-02-11,65.29944610595703,66.311840872938,65.29086465870321,66.26894018239527,3992600
2020-02-12,65.16215515136719,65.47960317438212,64.77607520222668,65.3852269120189,3735400
2020-02-13,65.52250671386719,65.72841559267572,64.8876106401426,64.96483056077408,2907800
2020-02-14,65.79705810546875,65.80563300605664,65.29943895089458,65.5139292886532,2820400
2020-02-18,65.26512145996094,65.79705986831536,65.24796511259987,65.72842138741946,4370500
2020-02-19,64.8104019165039,65.43671004366482,64.77608267661861,65.20506335659621,2686700
2020-02-20,64.48439025878906,64.9047895660501,63.70364214243458,64.7417747844537,3350900
2020-02-21,65.43670654296875,65.6683597633702,64.44147482244041,64.51011329853903,5341500
2020-02-24,63.849491119384766,64.96484365029924,61.078279232857,61.52441631778685,5584400
2020-02-25,63.31756591796875,64.33853572604247,63.077331182106505,63.832341546219055,5739500
2020-02-26,62.562564849853516,63.89240808734782,62.545408496177764,63.48916504582136,4188700
2020-02-27,60.186004638671875,63.248927140726025,60.16884174189442,62.68266937015989,6181100
2020-02-28,57.972450256347656,59.5082019139309,56.89999853002353,59.19075384647765,11130900
2020-03-02,62.150718688964844,62.25366985573768,58.77893051692424,58.77893051692424,7940800
2020-03-03,61.58448028564453,63.58353230947223,61.12118025357327,62.24511435841788,7487800
2020-03-04,64.66453552246094,64.7503303300283,62.639746644394606,63.403331559475426,7174700
2020-03-05,62.06493377685547,63.77228193003908,61.6016403121,63.240343426360624,5877500
2020-03-06,62.21078109741211,62.425271441035775,59.63689697392808,60.374744279651566,6339600
2020-03-09,60.04871368408203,61.43861344213428,59.1993337714685,59.45672479746082,7399300
2020-03-10,61.61019515991211,61.78179133704635,58.41857826818861,61.44718697379065,7521500
2020-03-11,59.11354446411133,60.75224740904171,58.15262529584199,60.17741481580953,6860400
2020-03-12,54.815155029296875,57.86949561377733,54.2231628230928,55.707435698569796,9772200
2020-03-13,59.285133361816406,59.3795096425484,55.081121055743345,56.99437792017901,11952900
2020-03-16,53.485313415527344,56.8914179230558,53.22792565198342,53.330880102828395,8849300
2020-03-17,60.228904724121094,60.42623878214385,54.31755279999909,55.072559962288786,9389100
2020-03-18,58.07540512084961,61.89333046040645,56.06777218418196,58.169781391780276,9189300
2020-03-19,57.18312454223633,59.190750933152785,55.81896260971763,58.324214693855794,8926800
2020-03-20,53.26224136352539,57.35471406025006,52.67024594645668,57.26033778953692,9168300
2020-03-23,51.88092803955078,54.454812295821725,50.18216482315553,53.27082462153543,8306800
2020-03-24,52.490089416503906,56.52250620041911,51.14309000568116,52.430032368087375,9887200
2020-03-25,51.38330841064453,53.38236007039697,50.62830145212923,52.12973392224159,10375500
2020-03-26,54.75511169433594,55.20124886776012,51.640710019537316,51.78656520046993,9053300
2020-03-27,55.99055862426758,57.1659614654094,54.360430776602975,54.935263300790986,6366500
2020-03-30,57.123085021972656,57.42337027347373,55.741766319340186,56.61688427310438,4950500
2020-03-31,56.934322357177734,57.0458549892388,55.73317501778942,56.634037158762254,5784400
2020-04-01,56.2393798828125,56.496764409676246,54.98675031164681,55.55300805305543,4247700
2020-04-02,58.48722457885742,58.93336815348411,55.518679046632656,55.57873608024866,5676700
2020-04-03,58.015357971191406,58.93337649829699,57.26892912279229,58.298480286484406,4720800
2020-04-06,60.48628234863281,61.54157781440943,59.31087280326879,59.714115732909235,5172800
2020-04-07,59.23365783691406,61.593051766395874,59.05348672233169,60.297528175949786,5964900
2020-04-08,60.24604034423828,60.70075876185207,59.070631068996576,59.74842124560531,4265600
2020-04-09,59.980079650878906,61.31849722945419,59.85138414238694,60.62355064761325,3582500
2020-04-13,59.61974334716797,60.237476680130825,59.37951517228838,59.739857434607764,3335000
2020-04-14,62.72555160522461,63.39476037658756,60.5806483402278,61.19838152786293,4940600
2020-04-15,62.33088302612305,62.57969256175347,61.50724105251434,61.94479655536223,3390500
2020-04-16,62.4939079284668,62.87141305537519,61.55015165692209,62.545390065780126,3561800
2020-04-17,63.374366760253906,63.616054934785744,61.74296499665513,62.76151272183135,3762400
2020-04-20,62.2867546081543,63.27940128215674,62.26085380826541,62.95139692414358,3187400
2020-04-21,60.948814392089844,61.932833803025694,60.63807072700425,61.71703995702212,3142800
2020-04-22,61.46675109863281,61.915606225672846,60.905685482587295,61.45811749624498,3498100
2020-04-23,61.4839973449707,61.80336808385463,61.02650877148985,61.32862548249775,4041800
2020-04-24,61.630733489990234,62.07095484945272,60.94019043928464,61.06966808448026,3549700
2020-04-27,61.31135559082031,62.10547548169029,61.19051154592734,62.07958126999987,2926700
2020-04-28,61.38039016723633,62.09682717739494,60.8020643527487,62.09682717739494,2995700
2020-04-29,60.56039810180664,61.14735113775503,59.42100008471161,60.888402431102506,4675700
2020-04-30,60.655357360839844,61.10421244098868,59.705865348151995,60.20650886619939,7128300
2020-05-01,59.153411865234375,61.285456256281755,58.963512214702966,60.594913269895905,4497000
2020-05-04,59.97343444824219,60.3014387554858,58.71319246900271,59.25699722887478,5031500
2020-05-05,60.007957458496094,60.53449503679277,59.57636971140087,59.990696846235096,2458000
2020-05-06,58.557830810546875,59.982071898478594,58.52330958104594,59.89575565371157,4551400
2020-05-07,59.386478424072266,60.1201762991423,58.834046617983766,59.472794658991106,3985800
2020-05-08,59.87848663330078,60.266912972979334,59.36920966530442,60.20649095157364,3938600
2020-05-11,59.88710403442383,60.42227512776597,59.49004415955915,60.01658165537011,2797200
2020-05-12,59.326053619384766,60.405022969045795,59.12752036142437,60.19785611234635,3961400
2020-05-13,58.95487594604492,60.03384507693517,58.55780951063296,59.56772962212999,3864200
2020-05-14,57.884552001953125,58.946260857739915,56.57252802444708,58.79088899068592,4999800
2020-05-15,59.51594924926758,59.533216447487284,57.31485563272744,57.63422635921983,7939700
2020-05-18,60.61217498779297,61.06965687608134,59.714471820837986,60.353219744928985,5017700
2020-05-19,59.7749137878418,60.75029990197259,59.67996393946094,60.266923645130085,5304100
2020-05-20,60.8279914855957,60.93156835291737,59.95618220109393,60.13744830441468,3406100
2020-05-21,60.6467170715332,61.29409874561082,60.215129288814786,61.29409874561082,5171900
2020-05-22,61.06966781616211,61.22503967261289,60.43954679124878,60.499968814007055,3427400
2020-05-26,59.930274963378906,61.69978736475583,59.64542546911711,61.578936736624364,6475600
2020-05-27,60.93156051635742,60.99198912853364,59.93891387614975,60.14607416965751,3811400
2020-05-28,62.2263298034668,62.554340767068275,61.458103997412216,61.80337557648911,4685600
2020-05-29,62.43348693847656,62.649280818463964,61.768838100231676,62.26948148232403,4317000
2020-06-01,62.77876281738281,63.00318372656898,62.11411393304328,62.38169625542288,2640600
2020-06-02,62.5284309387207,63.10675690260857,61.82925435464897,62.70969699073753,3751300
2020-06-03,61.84652328491211,62.9254926144273,61.81199547610688,62.9254926144273,4535700
2020-06-04,61.06966781616211,62.450747325998734,60.93155657242516,61.64799383192079,4985800
2020-06-05,62.493900299072266,62.64927213454712,60.67259967759149,61.4321916590765,5976200
2020-06-08,63.4520378112793,63.47793202462335,61.94148056814448,62.09685243371577,5033300
2020-06-09,63.25349426269531,63.49518232867301,62.26947480235416,63.26212786091048,4608100
2020-06-10,64.18572998046875,64.65184553545463,63.38297651113302,63.65055880574281,5726600
2020-06-11,63.0981330871582,64.7381679934264,62.85644498033053,63.745514767092466,5547300
2020-06-12,62.83054733276367,63.66782864673087,62.45938159313409,63.52108380231423,4357600
2020-06-15,62.9168586730957,63.23623596367454,61.92420557824819,62.459376733554485,3350500
2020-06-16,63.46929168701172,64.20298952439964,62.78738227081398,63.641930733489396,3034200
2020-06-17,63.71097946166992,64.28931203271956,63.477924981923216,63.70235244851702,2410500
2020-06-18,63.538352966308594,63.866357305579086,63.175820814666444,63.65056341738635,2975800
2020-06-19,63.322566986083984,65.08344612390293,63.305299784988335,64.47921921020097,5842700
2020-06-22,63.0981330871582,63.40887682036721,62.77012874010736,63.34845479366029,2220400
2020-06-23,62.94278335571289,63.76280438997821,62.83920646522289,63.305315643446534,3489000
2020-06-24,62.1745491027832,62.7356146653618,61.94149454459343,62.65792542229292,3243000
2020-06-25,62.701087951660156,62.77877719610073,61.50990774947613,62.24360584325996,3379900
2020-06-26,61.734317779541016,62.94276497119548,61.46673544325236,62.71834405034382,5402400
2020-06-29,62.519805908203125,62.58022793382241,62.053690316780035,62.053690316780035,3176600
2020-06-30,63.236244201660156,63.45203809449976,62.38169564445029,62.65791156386471,3556100
2020-07-01,63.037723541259766,63.51247283474307,62.985935103973695,63.23625686003687,3286300
2020-07-02,63.25349426269531,63.762771189296224,63.072228213212036,63.56423794338261,2658600
2020-07-06,63.40025329589844,63.77141911479791,62.908243404381274,63.63331442559543,4026300
2020-07-07,63.84910202026367,64.0648959264641,63.16719248640944,63.17582608659952,4043800
2020-07-08,64.29795837402344,64.36701401304235,63.6505765756146,63.92679254618204,3166900
2020-07-09,63.288028717041016,64.41015952465608,63.21034608146331,63.92677675642625,2916700
2020-07-10,63.59877395629883,63.84046205345931,62.744232016908065,63.24486882438046,4418600
2020-07-13,63.40885543823242,63.98718129676777,63.22758941923648,63.55559365568083,3142900
2020-07-14,64.60869598388672,64.66911801587148,63.253510478936256,63.270777679793376,3181600
2020-07-15,64.4705810546875,65.16111751251279,64.18573155540014,64.73816335586298,3270900
2020-07-16,64.72090148925781,64.84174553167348,64.04761907157653,64.56552963679388,2557800
2020-07-17,65.2939682006836,65.37211602536897,64.58198633670462,65.05085341167339,2871800
2020-07-20,64.42569732666016,65.27660571277445,64.15653547081943,65.0942696209745,2134600
2020-07-21,64.28677368164062,64.99007094106945,64.2259949879169,64.56462008500344,2920200
2020-07-22,64.37359619140625,64.4343748820622,63.04514293536869,63.89604460455202,4239400
2020-07-23,64.45173645019531,65.27659095871766,64.39095776666609,65.02479166284523,3868000
2020-07-24,64.52986907958984,65.32867642134549,64.22597570222398,64.88586319620329,2630700
2020-07-27,64.81643676757812,64.88590004310196,64.25205924661647,64.33888502882998,3182800
2020-07-28,65.73680114746094,65.97991598432196,64.90326172491633,65.05086621524161,4035900
2020-07-29,66.16223907470703,66.4053604880435,65.58049916908098,65.62391536327208,3186700
2020-07-30,66.74397277832031,67.02181914435766,65.74546012324302,65.87570205640613,4858400
2020-07-31,67.03050994873047,67.25626223458836,65.82361394355284,66.51823330417042,4346700
2020-08-03,66.48350524902344,67.09129225396326,66.42272654852945,66.59637808583183,3127500
2020-08-04,66.65714263916016,66.75265295172002,66.01462413825027,66.44875951374779,3410900
2020-08-05,66.14486694335938,66.94367445490106,65.94516175328384,66.6745126383638,2730200
2020-08-06,65.86700439453125,66.07538747152043,65.64125219690547,65.9190985076839,3156100
2020-08-07,66.19697570800781,66.2230227767385,65.64128282714756,65.84098806138562,2968000
2020-08-10,66.55296325683594,66.770030973509,66.21433814877645,66.4227213019559,3407300
2020-08-11,65.95384216308594,66.81342830889719,65.82360023205277,66.60504519387199,3398400
2020-08-12,67.06521606445312,67.5340829608339,66.21431462701955,66.30114035796888,3844300
2020-08-13,66.83949279785156,67.021828881017,66.440082378292,66.83949279785156,2964900
2020-08-14,66.90026092529297,67.16942272587323,66.56163587798883,66.76133443184521,2538400
2020-08-17,67.03917694091797,67.5254063912768,66.7092364745144,66.73528353444371,2762300
2020-08-18,67.42122650146484,67.8900935113983,66.80475505073204,67.05655436853223,4286200
2020-08-19,67.68170928955078,67.89009906058581,67.44727907761236,67.60356809369824,2470600
2020-08-20,67.94217681884766,67.99427093686268,67.33439002740836,67.57750474398408,2009200
2020-08-21,68.32424926757812,68.45448462218552,67.62094523078702,68.03771823867739,3405200
2020-08-24,68.70626831054688,68.75836906486315,68.27213289606865,68.42842191025605,2796800
2020-08-25,68.23739624023438,68.86255225092226,68.13320798803989,68.8538743128262,2374100
2020-08-26,68.28949737548828,68.74099526109559,67.74248255086411,67.9682348058579,3476800
2020-08-27,68.64549255371094,69.01017135200063,68.44579396416233,68.58471385805949,2208900
2020-08-28,68.9146728515625,69.03623026372293,68.10718054256417,68.59341019120586,3039800
2020-08-31,68.81916046142578,69.01885907929547,68.523944880408,68.76705969749209,3272700
2020-09-01,67.80327606201172,68.74101028832193,67.5514833131593,68.72364778385621,2968800
2020-09-02,69.00148010253906,69.27932648779216,67.73380555579801,67.8379938100302,3405200
2020-09-03,67.4385986328125,69.54849716663124,66.92632198592385,69.13173084787118,4486600
2020-09-04,67.03917694091797,68.08978364580297,66.283779081071,67.31702328746293,3643800
2020-09-08,65.6760025024414,67.13469770520639,65.61522381167539,67.03050282487303,4816200
2020-09-09,67.35176849365234,68.03770324912098,66.38798733559724,66.38798733559724,3128600
2020-09-10,66.3445816040039,67.53410847866894,66.21433964617852,66.95236857468085,4165800
2020-09-11,66.63977813720703,67.08259806173993,66.34456927043837,66.6310935751315,2736900
2020-09-14,66.9870834350586,67.45595039122196,66.8134253266391,66.8307944496708,2529300
2020-09-15,66.80474853515625,67.48199860865786,66.78737941182669,67.04786326673327,2093300
2020-09-16,66.77871704101562,67.51674596944996,66.74398541063998,67.05656345963965,2498900
2020-09-17,66.60505676269531,67.0391921919589,66.13618970416492,66.49218393586392,2525300
2020-09-18,65.84097290039062,66.80475396778927,65.36342133568675,66.24906121488665,4563600
2020-09-21,65.28527069091797,65.92778910132157,64.55591991814214,65.39814348787102,3004500
2020-09-22,66.04936981201172,66.48350527985046,65.31134084156216,65.32870334554784,2852500
2020-09-23,65.24186706542969,66.18828567751456,65.14635674794276,66.13618492518867,2962100
2020-09-24,65.78020477294922,66.22301815925856,65.08558540811624,65.38080095670368,2385200
2020-09-25,65.94515991210938,66.08408640991446,65.40683629406475,65.45893041855165,2803300
2020-09-28,66.5182113647461,67.29965623160487,66.35323783052618,66.62240622178692,2586300
2020-09-29,66.17960357666016,66.66583312058681,65.85834098549107,66.57032279954683,2076000
2020-09-30,66.9870834350586,67.24756066111858,66.34456499485523,66.49216941872717,3962100
2020-10-01,66.908935546875,67.49068192888166,66.63108919812923,67.31702382067837,4048600
2020-10-02,67.20415496826172,67.69038445104796,66.38797837268777,66.5008511813689,3540200
2020-10-05,68.08980560302734,68.15058430392178,67.23021922626849,67.29099792716292,2768600
2020-10-06,67.32572937011719,68.27214151343388,67.03051380633167,68.20268487287984,2640900
2020-10-07,67.83799743652344,68.06374970672874,67.45596277661528,67.57752016263797,1928300
2020-10-08,68.36763000488281,68.45445574612289,67.79457481319476,67.9248167372446,2144500
2020-10-09,69.26195526123047,69.57453326320476,68.49787938106006,68.67153088243238,2870600
2020-10-12,70.00867462158203,70.2952055852657,69.13172585304335,69.19250454615376,2691100
2020-10-13,69.68743133544922,70.32126544688747,69.33143705074895,69.89581451769367,3042800
2020-10-14,69.34012603759766,70.00869182611119,68.9580846588,69.84372483248868,2200100
2020-10-15,69.20986938476562,69.58322611915834,68.83651265037291,68.95807004069789,3375800
2020-10-16,69.73082733154297,69.97394210088346,69.48771256220247,69.56586038056514,2963600
2020-10-19,68.77574920654297,70.24312940363966,68.60209764596524,69.85240345576615,2854800
2020-10-20,69.31404876708984,70.12154075040189,69.20985390252784,69.5224318718344,2960900
2020-10-21,69.63531494140625,70.1041819645018,69.04489053725413,69.04489053725413,3591700
2020-10-22,69.2249755859375,69.56546868614198,68.69240808850512,69.30354784248142,2516400
2020-10-23,69.26864624023438,69.84486961177592,69.25118795363879,69.45199488458002,2259400
2020-10-26,68.701171875,69.16389313691796,68.20352737394695,68.84959064562901,3886700
2020-10-27,68.84082794189453,69.53054662486453,68.78844643665656,69.16386276635102,2828600
2020-10-28,67.10343933105469,68.2558790752032,66.96374643555845,67.59235114344379,4767300
2020-10-29,66.93755340576172,67.60981378585124,65.96845562422648,66.82405792772488,3939600
2020-10-30,68.8757553100586,70.79648610816133,67.81935270500965,69.79247167242652,7362900
2020-11-02,69.98455047607422,70.73537656683332,69.4170596761842,70.00200875965828,4217700
2020-11-03,72.56005859375,72.83070521690355,70.56948172207983,70.6131307504694,5327800
2020-11-04,73.21487426757812,74.76892132069223,72.54261376694123,72.76961142464296,5653400
2020-11-05,72.4727783203125,73.99190223566713,72.4465875622603,73.99190223566713,3914000
2020-11-06,72.49022674560547,72.9442220265108,71.9838499557204,72.53388244370478,3481300
2020-11-09,71.39891052246094,73.83475093208136,71.18937779738586,73.16249705287477,6633800
2020-11-10,72.76960754394531,73.12756562588268,71.05840938228187,71.49493972946921,4494500
2020-11-11,74.14904022216797,74.42841935977944,72.84818173712615,73.33709356271522,3896900
2020-11-12,73.97444152832031,74.31493469369994,73.52044620053078,74.21016500399658,3705200
2020-11-13,74.52446746826172,74.56812317090223,73.9395183540591,74.01809062570197,3742400
2020-11-16,75.0221176147461,75.0308500881316,74.39351274950094,74.54193149242674,3701500
2020-11-17,74.51573181152344,75.13560412916657,74.45461782699311,74.55065503995858,3406800
2020-11-18,73.86965942382812,75.0308316444209,73.8609269525892,74.76891079464434,4168500
2020-11-19,74.54192352294922,74.7689211802245,73.94824195379262,74.20143036749873,4400800
2020-11-20,74.349853515625,75.44117940686475,74.31493028779437,74.66414924425139,3719000
2020-11-23,73.80855560302734,74.41096964385099,73.31091124871536,74.41096964385099,3046000
2020-11-24,73.95696258544922,74.77764168048719,73.44186002897986,74.16649526427372,4223200
2020-11-25,73.99188232421875,74.62048699201296,73.72123568261091,74.33237540912003,3135700
2020-11-27,74.12287902832031,74.26256532236965,73.59904376901353,74.16652808105529,2188300
2020-11-30,74.7689208984375,74.78638584327545,73.51171130709699,74.20143008785047,4355900
2020-12-01,75.31021881103516,75.38005860562647,74.54192112220919,74.87368845544754,3372300
2020-12-02,74.85623931884766,75.41499775912146,74.42844134509059,75.14435101299928,2740100
2020-12-03,74.37603759765625,74.84749113968022,73.69505136837411,74.66414254478975,3842100
2020-12-04,74.23635864257812,74.80384949387893,73.70379102253393,74.41970061098141,3142600
2020-12-07,74.55067443847656,74.96101415320635,73.99191595997155,74.03557167210613,2966800
2020-12-08,74.35855865478516,74.59428871187643,73.50296312403144,73.74741898996108,2664500
2020-12-09,73.99188232421875,74.50698485643024,73.67757999032165,74.34984035040513,2582900
2020-12-10,73.85218048095703,74.51570828992638,73.67757105482319,74.11410128108042,2856500
2020-12-11,73.93077850341797,74.28872991783322,73.46805740967602,73.47678988151767,2610200
2020-12-14,73.50298309326172,74.60303478880621,73.45932739351846,74.28000659003465,2684400
2020-12-15,73.99188232421875,74.27126143646913,73.5204288233731,73.78234965526183,2555800
2020-12-16,74.24508666992188,74.87369147305039,73.89586103919216,74.33239141237308,2862000
2020-12-17,74.786376953125,75.1268700668165,74.50699115632786,74.64668405472642,3086500
2020-12-18,75.0221176147461,75.25784110875026,74.17524754134224,74.78639412074193,6089800
2020-12-21,74.48081970214844,74.63797092310493,73.66014702464292,74.25382867482018,2757900
2020-12-22,73.68634033203125,74.57685950762007,73.57283815351754,74.38478504637467,2341500
2020-12-23,73.71251678466797,74.175237900072,73.51170988845553,73.85220303605189,2690400
2020-12-24,74.24508666992188,74.29746818320763,73.76490059505291,73.87840275507187,733200
2020-12-28,74.56810760498047,74.8038310316274,74.19269128778451,74.45460546617848,1225800
2020-12-29,74.23635864257812,75.26657065140988,74.14032142185374,74.93480994585993,2390900
2020-12-30,73.97444152832031,74.50700246676855,73.81729032422778,74.36731620808911,2158000
2020-12-31,74.65543365478516,74.73400593246869,73.79983110809754,74.17524753252289,1893100
2021-01-04,73.6252212524414,74.69908234117997,72.92676992540008,74.01809596082371,3506000
2021-01-05,73.79108428955078,74.05300515276225,72.78706985606335,73.62520729304613,2559300
2021-01-06,71.80924224853516,74.02681721576438,71.47748158197626,73.47679137519779,9053900
2021-01-07,71.41634368896484,72.07113899175759,70.84012062526453,71.51238086624822,5061000
2021-01-08,71.89653015136719,72.12352774424254,71.43380915656498,71.66953255849185,5569300
2021-01-11,71.71321868896484,72.51643308357485,71.6782954551654,71.89656067071762,4430800
2021-01-12,71.8179702758789,72.24576812539956,71.46001221541584,71.48620296892796,4359800
2021-01-13,72.0187759399414,72.40292478296837,71.80924323507423,71.80924323507423,4069400
2021-01-14,71.53860473632812,72.2719726177764,71.25922554421564,72.26324014463763,3732500
2021-01-15,71.48619842529297,71.9751168831652,71.32032144328466,71.5385865899115,6359600
2021-01-19,70.5869369506836,72.0711437311689,70.49089976708478,72.0711437311689,4004300
2021-01-20,70.01946258544922,70.23772775143992,68.8844877188521,69.40832278504494,6897200
2021-01-21,69.21625518798828,70.2202763825824,68.76226652883632,70.00201119510216,5772000
2021-01-22,68.64561462402344,69.28650225447699,68.39101313449385,69.16359211444205,4816300
2021-01-25,69.01433563232422,69.44452106378012,68.61048712755552,68.66316098092989,7750400
2021-01-26,69.1372299194336,69.43572395098292,68.41732506311705,69.24258430014984,5788400
2021-01-27,68.50511932373047,69.34793430337032,68.3383098898722,68.96164829068,6289700
2021-01-28,69.4884262084961,70.08542115627904,68.50513844211832,68.51391965111364,8037900
2021-01-29,68.47877502441406,70.41022497406885,68.33830252722598,69.27769728145228,7405100
2021-02-01,68.93531036376953,69.97127178435396,68.75972640696483,69.04066475671152,6514500
2021-02-02,69.22502136230469,70.01516246643574,68.97041996774591,69.22502136230469,5018800
2021-02-03,69.25135803222656,69.71666818493544,68.94408279786995,69.35671241176216,3863600
2021-02-04,69.29525756835938,69.60253280361822,68.8738467470774,69.15478506189946,3869600
2021-02-05,70.12053680419922,70.29612078927107,69.4533056043468,69.49720494966459,3579200
2021-02-08,69.97126770019531,70.34877921357918,69.59375618681145,70.23465031812758,3828700
2021-02-09,69.09333038330078,69.93615203035922,68.79483635262834,69.91858961790919,3682200
2021-02-10,69.45327758789062,69.76933399200706,68.71581041225328,69.35670442562744,4882700
2021-02-11,68.83873748779297,69.62009740982944,68.78605694716155,69.57619807565293,3106000
2021-02-12,68.85631561279297,68.91777068178266,68.28565757326008,68.76852361396487,2732400
2021-02-16,68.64561462402344,68.67195155430231,67.66232680564369,68.5227044839885,5147600
2021-02-17,68.86508178710938,69.28648596872108,68.3558789277381,68.39099705922219,3145000
2021-02-18,69.11090087890625,69.2338109880407,68.55779868970264,68.77728198431396,2565600
2021-02-19,67.77644348144531,69.13724268334119,67.69743270489477,69.0231137734018,4540200
2021-02-22,67.83788299560547,67.98713670283192,67.49548964614617,67.79399036250153,2573400
2021-02-23,68.03105163574219,68.8650923152763,67.6008661809676,68.30321552182792,4131400
2021-02-24,67.28478240966797,68.16271538129526,67.27600120448453,67.67984956766145,4083400
2021-02-25,67.32868957519531,67.75009369969757,66.96873379983924,67.24967211554001,4178100
2021-02-26,66.02058410644531,67.30237266975053,65.97669145855939,67.30237266975053,5421200
2021-03-01,66.37176513671875,67.03899641062625,66.13472606075315,66.2312992726911,3872400
2021-03-02,66.21371459960938,66.76681675447105,66.07324878279088,66.40686095857072,4977000
2021-03-03,65.50260925292969,66.08204179395297,65.125097636013,65.93279472863941,5705600
2021-03-04,65.3533706665039,66.67027089198305,65.20411688372624,65.77477498772072,6337500
2021-03-05,66.77558135986328,66.93360956665893,65.46746307466984,65.50258119819078,10241200
2021-03-08,67.11798095703125,67.82911130304423,66.17859283397009,66.51221168951373,4676200
2021-03-09,65.79231262207031,67.89934683056289,65.71329515529771,67.36381376954155,7085400
2021-03-10,66.54733276367188,67.01263624269846,65.089960578398,66.09958499977353,7028500
2021-03-11,66.08203887939453,66.60002302771356,65.94157302944176,66.34542155794315,4842600
2021-03-12,66.29273986816406,66.94240858089123,66.18738546957358,66.60879636583651,3141700
2021-03-15,66.44198608398438,66.82827884258568,65.76598045453099,66.7580425777311,4860300
2021-03-16,66.60000610351562,67.06530957902352,66.28394964881252,66.59122489696887,4268600
2021-03-17,66.54733276367188,67.0916470079227,66.19615817822411,66.85460801415188,3914900
2021-03-18,66.78438568115234,66.90729580696957,65.55527772488058,66.42443651214461,3366700
2021-03-19,65.82743835449219,67.16189395386282,65.71330274464987,66.81071931252345,11878800
2021-03-22,66.52099609375,66.66146862184449,65.70451794397242,65.8274347551045,8160500
2021-03-23,68.2593002319336,68.75972184352352,66.5648890386382,66.89850121366543,6060800
2021-03-24,68.27687072753906,68.7070628730537,67.51307303287763,67.51307303287763,4255400
2021-03-25,68.38221740722656,68.95287533515034,68.01348706540463,68.74217323955192,4769500
2021-03-26,69.54986572265625,69.58498385268454,68.05737533789676,68.29442104106312,4170300
2021-03-29,70.1468505859375,70.20830563024442,69.45328268698944,69.45328268698944,3811800
2021-03-30,69.64642333984375,70.00637237051346,69.3654850605051,69.76933341842334,4841700
2021-03-31,69.20745086669922,70.07660254656098,69.01430456048631,70.0151475125929,4493200
2021-04-01,68.96165466308594,69.40939576676631,68.11005839820962,68.94409224837376,4881300
2021-04-05,69.82202911376953,70.15564802988116,69.01433214504486,69.11968654456945,4026900
2021-04-06,70.11176300048828,70.35758328479146,69.54110494158427,69.57622308192762,3814800
2021-04-07,69.90106201171875,70.52439394238887,69.76058944802382,70.43660193912979,5027800
2021-04-08,69.9185791015625,70.1029442159709,69.52351195612977,69.97125293479439,3773000
2021-04-09,70.04151153564453,70.3839049571401,69.50597173318246,69.94493834516128,3509000
2021-04-12,70.3751220703125,70.63849798728904,69.90103738203696,70.05906561146215,3510400
2021-04-13,69.99761962890625,70.08541161260483,69.46207982081623,69.79569203811042,4442500
2021-04-14,69.70789337158203,70.06784247966792,69.35671877235549,70.05028676385085,4129600
2021-04-15,70.63850402832031,70.90188666591958,69.8571440210342,70.03272798070124,4010400
2021-04-16,70.84920501708984,71.07746951958404,70.49803710322013,71.00723325757066,8134800
2021-04-19,70.55950164794922,70.74386683695683,69.98006245555428,70.6560748466817,4021200
2021-04-20,71.80432891845703,72.28990682724714,70.4711838598513,70.56830078877161,4307300
2021-04-21,71.64543914794922,72.44002945408563,71.3452575941581,72.15750920477203,3755200
2021-04-22,71.5571517944336,72.06921510801033,71.26580089710986,71.45120417654843,4036400
2021-04-23,70.44470977783203,71.18632273131216,70.17102024535424,70.99209557860009,3908400
2021-04-26,69.99444580078125,70.53300098893857,69.720756249224,70.40939882140864,3920000
2021-04-27,69.3587875366211,69.8620269581825,69.22636142764254,69.7119395441306,4148900
2021-04-28,69.54419708251953,69.985635447673,69.37645508411534,69.80023214260633,3353300
2021-04-29,70.47119140625,70.83317395022696,69.76488761770634,69.80903413041986,4828400
2021-04-30,71.24812316894531,71.65425224264493,70.2857911209585,70.2857911209585,7252300
2021-05-03,71.57478332519531,71.73370133296542,70.79785458488129,71.37171880689557,3709100
2021-05-04,71.59244537353516,72.39586614565869,71.38055691962414,71.6895623182053,4129500
2021-05-05,71.79551696777344,71.9985815272587,71.09804372197718,71.46885023671042,3093300
2021-05-06,72.6695556640625,72.7490180441453,71.83965641316301,72.06919943159664,3850100
2021-05-07,72.55479431152344,72.87263040472233,72.2722740882148,72.59011018141369,2263700
2021-05-10,73.57891845703125,74.09981905345306,72.78433505852992,72.96973830056774,4206000
2021-05-11,72.78435516357422,73.83497382533167,72.56363599506344,73.78200338034972,5119300
2021-05-12,72.44002532958984,73.13749189301663,72.33407771619927,72.84614774386651,4075100
2021-05-13,73.50828552246094,73.94972368986686,71.91027477609943,72.18397102024318,4300200
2021-05-14,73.77314758300781,74.17044599240214,73.59657500270734,73.71134650632143,4146500
2021-05-17,73.76434326171875,74.40000876112782,73.61424911920322,73.97623176152177,3522100
2021-05-18,73.3758544921875,74.0556663226073,73.06684911472395,73.42000100431602,3024200
2021-05-19,73.4641342163086,73.50828072449244,72.78432244663279,73.10215844528449,4078400
2021-05-20,74.24109649658203,74.76199723836083,73.42885157076591,73.50831397427754,3966900
2021-05-21,74.36469268798828,74.74432986329069,74.17928269016402,74.41766312404474,3497900
2021-05-24,74.5147933959961,74.96506239037612,74.24992769675737,74.55010927161555,3196200
2021-05-25,74.6824951171875,74.76195747843943,74.0733151147069,74.57655428326613,3472800
2021-05-26,74.541259765625,74.9385514781847,74.33819521612622,74.9385514781847,2601700
2021-05-27,73.88792419433594,74.75313924888054,73.88792419433594,74.48828038426592,4686300
2021-05-28,73.9673843383789,74.68251207295293,73.91441390939193,74.1263023611523,3971700
2021-06-01,72.81964874267578,75.05332496636024,72.50181269847118,75.00034780178454,5587000
2021-06-02,73.17279815673828,73.52595008585853,72.84613817934762,73.07568120783489,3749600
2021-06-03,74.11749267578125,74.12632332838105,73.04038881210793,73.21696144921783,3967000
2021-06-04,74.13512420654297,74.62070213148266,73.89674383278809,74.51476128609083,3660200
2021-06-07,74.07332611083984,74.24106803472016,73.60540272939515,74.24106803472016,3211600
2021-06-08,73.2169418334961,74.36468387465919,73.16397140371743,74.21458976393208,3233100
2021-06-09,72.89028930664062,74.05568613907306,72.86380408660118,73.67604893494206,6530200
2021-06-10,73.8084716796875,73.87027276326789,72.88145542598156,72.88145542598156,4075900
2021-06-11,73.83497619628906,74.06452602493952,73.37588327480282,73.89677729602404,2560000
2021-06-14,73.64071655273438,73.86143563114088,73.15513188591538,73.86143563114088,2345200
2021-06-15,73.51712799072266,74.04685931395606,73.41118711472684,73.88794126414875,3220700
2021-06-16,72.35172271728516,74.07333584422298,72.31641358663734,74.07333584422298,3615200
2021-06-17,72.77550506591797,72.96973896004042,71.92794449359404,72.22811924937406,3253100
2021-06-18,71.53065490722656,72.5901108056041,71.51300034003634,72.32524514705634,7471300
2021-06-21,71.9014663696289,72.0338924597617,71.62777006645668,71.75137224112285,4226700
2021-06-22,71.76902770996094,72.122179638507,71.53947794603408,71.91911509045386,3159900
2021-06-23,70.8508529663086,71.81318530611799,70.84202231355577,71.76021486122997,3673800
2021-06-24,71.12454986572266,71.38941558892601,70.81554434586216,70.86851479617678,3449800
2021-06-25,71.91910552978516,71.96325204091453,70.92145769489308,71.16866199126903,9475300
2021-06-28,72.14864349365234,72.66071330164726,71.97206421375196,72.04269592571211,2735300
2021-06-29,71.73371124267578,72.46650030950372,71.5747932129518,72.27226641363966,3056700
2021-06-30,71.82201385498047,72.10453411246475,71.35409031000471,72.01624779496608,4687700
2021-07-01,72.16633605957031,72.28993825268931,71.73372838365383,71.95444754791123,3596100
2021-07-02,72.13101196289062,72.50182523579352,72.03389500282243,72.32524588302701,2752200
2021-07-06,72.36940002441406,72.48417156393558,71.91030039469946,72.10453433528531,3221000
2021-07-07,72.97857666015625,73.35820709885162,72.31641926758155,72.48416122668075,3220200
2021-07-08,72.69605255126953,73.27875431272996,72.44002427696992,72.90794777497163,3514800
2021-07-09,72.77550506591797,73.11982633793042,72.63424160262431,72.98739352504579,2801600
