Date,Close,High,Low,Open,Volume
2016-07-01,31.95932960510254,32.62775034024293,31.951985553948685,32.209069374385955,9611800
2016-07-05,30.629854202270508,31.415799862925443,30.38745833208456,31.37907398011082,10189600
2016-07-06,30.776765823364258,30.87225257468703,30.240557194523554,30.519678995480707,7023900
2016-07-07,30.490285873413086,31.430484538498217,30.255236907642974,31.070564233535098,8827900
2016-07-08,31.070568084716797,31.16605761452325,30.571088270043862,31.10729396479465,10801900
2016-07-11,31.180749893188477,31.55535836960471,31.144024011501422,31.393763929780633,6345700
2016-07-12,32.17235565185547,32.532275938253576,31.66553187093197,31.702257744563315,10303100
2016-07-13,31.4892578125,32.356002266763866,30.93101699887528,32.17237001462331,9203700
2016-07-14,31.599422454833984,31.96668677513377,31.349682604949958,31.959339919605313,6580800
2016-07-15,31.54066276550293,31.944655809990365,31.34968652793093,31.783058592195392,5898400
2016-07-18,31.371732711791992,31.540674044443435,31.004468214200408,31.386423627936345,5261500
2016-07-19,30.784107208251953,31.327659846933603,30.62985680611457,31.18075350118136,7262300
2016-07-20,30.87224578857422,31.092606678895056,30.32134916678236,30.64454364485019,6695900
2016-07-21,30.3254451751709,31.1899850030435,30.2072174341258,30.8870262404422,8733800
2016-07-22,30.11854362487793,30.510175295777138,30.015094706864723,30.377168738682556,7306100
2016-07-25,29.734304428100586,30.052039170088552,29.416566867341118,29.874698980084638,7482400
2016-07-26,30.14072036743164,30.192444838629168,29.520023894289032,29.59391519063628,5896000
2016-07-27,29.608688354492188,30.621013578577546,29.556963893180857,30.251551529912785,10159400
2016-07-28,29.74907684326172,30.12592963445602,29.31311160211352,29.741688844056664,11526700
2016-07-29,30.16287612915039,30.229379398979113,29.313112438980212,29.387006526996146,8138900
2016-08-01,29.268781661987305,29.867308330099185,29.12838429043789,29.859920329962037,9592300
2016-08-02,29.401784896850586,29.593903885223828,28.67024893987495,29.41656371422871,7145800
2016-08-03,29.7860164642334,29.808183274047394,29.18748723032263,29.42394259757299,8586700
2016-08-04,29.630859375,29.89687253874427,29.305733740852634,29.68258384364226,6914900
2016-08-05,30.000316619873047,30.029874259676163,29.497848018306794,29.771251958328097,8736100
2016-08-08,30.709684371948242,30.887024564507538,30.229382614454693,30.281107072182117,9679500
2016-08-09,30.473230361938477,30.98308696342603,30.325444981881137,30.842692402695977,7076600
2016-08-10,30.000316619873047,30.694907061387877,29.926425339136937,30.628403781216708,6375500
2016-08-11,30.58406639099121,30.820521864678618,29.793417872329268,30.140713082520218,8784800
2016-08-12,30.569276809692383,30.776177390408662,30.428882302482183,30.702283319163346,4948800
2016-08-15,31.167802810668945,31.212139248733745,30.717058889372854,30.783562137084907,5896200
2016-08-16,31.670284271240234,31.818069640501935,30.85746614968663,31.167815707013343,10973800
2016-08-17,31.92152976989746,31.95847542050193,31.330390903908565,31.544676804923476,8857700
2016-08-18,32.2097053527832,32.28359664381081,31.87718890561483,32.02497430644212,6991500
2016-08-19,32.01017761230469,32.12840530320228,31.788501044218023,31.980619984887667,6190100
2016-08-22,31.50033187866211,31.722008521729816,31.263876416887022,31.581613972166938,6179600
2016-08-23,31.936302185058594,32.01758429134057,31.37471826098596,31.47816718942779,6179700
2016-08-24,31.744171142578125,32.04712983908762,31.66288905982198,31.744171142578125,5511400
2016-08-25,31.611164093017578,31.79589507124937,31.34515103336043,31.69983699208398,4504900
2016-08-26,31.256486892700195,31.98802294577032,31.138259156916003,31.69984301596958,5654600
2016-08-29,31.293426513671875,31.382099412536284,31.04958308872231,31.1678108017705,4461000
2016-08-30,31.20475959777832,31.677670497924797,31.10869869032003,31.47077268380354,5425200
2016-08-31,30.33282470703125,31.13086385035671,30.12592692265987,31.079139404263866,8770600
2016-09-01,30.000316619873047,30.369778661096962,29.65302421788731,30.221996099624736,7536600
2016-09-02,30.236772537231445,30.52495530131431,30.16288125542869,30.40672755916687,5606700
2016-09-06,30.2958927154541,30.46584494609301,30.007712723554548,30.325450360462302,6654500
2016-09-07,30.65056037902832,30.66533919400081,30.31065609097329,30.458441421927443,6368800
2016-09-08,31.98063087463379,32.024967330856356,30.790962744323718,30.975693750427233,10714900
2016-09-09,31.219547271728516,32.09147804825134,31.197380447862173,31.64812465829185,12586100
2016-09-12,31.529888153076172,31.869795361496774,30.70968481773307,31.012643568293562,10222600
2016-09-13,30.303281784057617,31.04959684353962,30.052047430188267,30.97570272841789,11732300
2016-09-14,29.549571990966797,30.62840035412241,29.468289899988942,30.192435081508652,10031800
2016-09-15,29.579130172729492,29.919037393546528,29.387011151199587,29.56435135280078,7802700
2016-09-16,29.460893630981445,29.542175706921476,29.187492590904753,29.276162665216226,9604200
2016-09-19,29.024934768676758,29.734303974177696,29.02493476867676,29.645631061757918,5424200
2016-09-20,28.825422286987305,29.431342524254298,28.818034287685688,29.061880546207046,5877200
2016-09-21,29.601299285888672,29.653023745334,29.06927305299772,29.172721971888375,6385800
2016-09-22,30.31066131591797,30.53972875932203,30.11115150755402,30.11115150755402,7920200
2016-09-23,29.51262664794922,30.451060564860754,29.261392348785723,29.822976226337843,8530000
2016-09-26,29.57173728942871,30.125930260777587,29.549570472581543,29.616073741894258,4985900
2016-09-27,29.135772705078125,29.261388428444473,28.818035168741577,29.217054793736953,7796400
2016-09-28,31.167802810668945,31.234306058380994,28.90669520722951,29.261378255437016,13568400
2016-09-29,32.26142120361328,32.630883197616534,31.012640678639954,31.012640678639954,16585900
2016-09-30,32.12102127075195,32.601320091099396,31.943678303129108,32.37964349564897,8814000
2016-10-03,32.09148025512695,32.37227225808934,31.6259571905158,32.27621131677573,5244200
2016-10-04,31.67768096923828,32.17276166938733,31.47078308672526,32.09147955303657,6263800
2016-10-05,32.44614791870117,32.60132125919922,32.00279471191506,32.14318923635077,6424100
2016-10-06,32.896907806396484,32.92646545277438,32.165371561791154,32.56439133157588,8231600
2016-10-07,32.67521667480469,33.022509000763456,32.52743132691299,32.88211447059042,8281700
2016-10-10,32.80084228515625,33.28114410603072,32.778675462854075,32.978185319889384,9102100
2016-10-11,32.0175895690918,32.94863289731251,31.906749802478025,32.749123008671134,6899400
2016-10-12,32.12102127075195,32.17274571573136,31.455988665629842,31.899341856530686,5759100
2016-10-13,31.325807571411133,31.72713247431385,31.11771013223142,31.697406698782196,7443500
2016-10-14,30.969070434570312,31.764295188774977,30.94677539377791,31.474445483091728,6571300
2016-10-17,30.54545021057129,31.080553915073512,30.337355585521152,30.90218790362386,5645300
2016-10-18,30.211013793945312,30.93191425920798,30.002916329936312,30.90961921613,6896900
2016-10-19,31.006235122680664,31.288648445804046,30.38194841433553,30.441402806280642,9634100
2016-10-20,30.83528709411621,31.266340471433402,30.538006752116083,30.753534858312403,6446100
2016-10-21,30.872455596923828,30.91704567691386,30.44139925651154,30.597470206629247,5553200
2016-10-24,31.3926944732666,31.63051767998954,30.946773834353902,31.11770908699375,9333800
2016-10-25,31.07311248779297,31.69739898321989,31.04338388442129,31.310935644615068,6268300
2016-10-26,31.065685272216797,31.429853650301627,30.567743821754696,30.656926815031625,8420200
2016-10-27,32.70072555541992,33.33244298325537,31.32580981950675,31.355535597171677,16604200
2016-10-28,33.42162322998047,34.06820485601235,32.91624823823166,33.22095938016173,18410500
2016-10-31,32.29197311401367,33.29528988420488,32.14333285748388,33.265561265883505,11284000
2016-11-01,32.35884094238281,32.75273496714863,31.615642957496163,32.678416302690096,8954800
2016-11-02,32.12845993041992,32.373716713169756,31.474444678163355,31.898067452843684,7498400
2016-11-03,32.4034423828125,32.7081535501871,32.02441252488851,32.29939508201283,6653900
2016-11-04,31.779150009155273,32.552076725748684,31.719695634458137,32.21020627478168,7323000
2016-11-07,32.641258239746094,32.700715446849415,32.09129324941873,32.32911640768067,5780400
2016-11-08,32.94597244262695,33.33243295165231,32.32911667173228,32.42573321652647,6343200
2016-11-09,33.98646926879883,34.34320423172367,32.24738455261683,32.30684179730971,10856700
2016-11-10,33.28040313720703,33.99387532050761,32.96082779340447,33.9418488559832,11182100
2016-11-11,32.6561279296875,33.20609584583363,32.26966452497759,32.93111330529864,8155500
2016-11-14,32.79732894897461,32.89394264894329,32.269656207637965,32.38857061081556,10020100
2016-11-15,33.652015686035156,33.882408163021076,32.886522399552476,32.886522399552476,11199700
2016-11-16,32.983150482177734,33.92701292478026,32.83451021399798,33.56284440949373,6800600
2016-11-17,32.41088104248047,33.503383542588224,32.32912876899257,33.29528607323447,6757600
2016-11-18,33.265541076660156,33.41418124297859,32.4554551470538,32.485183747332556,8429400
2016-11-21,34.45466613769531,34.5587134234225,33.84524389122813,33.91956257101158,9890700
2016-11-22,34.239139556884766,34.69992162969878,33.652012320592505,34.402644061947434,7255500
2016-11-23,34.410072326660156,34.521553178488574,33.83780943508756,33.979018892080326,4870600
2016-11-25,34.00132751464844,34.21685573559692,33.57027107275147,34.03848686841408,3494400
2016-11-28,33.81553268432617,34.818849553016996,33.733780393454985,34.72223578660319,9429500
2016-11-29,32.87165451049805,33.109477696584264,32.574376945428284,33.05002331760071,9376700
2016-11-30,36.05997848510742,36.65453650250929,34.35805385679512,34.41007750612551,20897800
2016-12-01,35.83701705932617,37.271389770030154,35.70324116044671,37.263956200605705,11105900
2016-12-02,35.762699127197266,36.03025095178967,35.47285226224761,35.71067547631278,5805000
2016-12-05,36.32753372192383,37.234233720673366,36.14173414680055,36.29037437391448,8860700
2016-12-06,37.08559036254883,37.19706838864302,35.770129242089645,36.02281673700965,7168300
2016-12-07,37.08559036254883,37.189637654267166,36.60251041091245,36.75858134848996,9074300
2016-12-08,36.99638366699219,37.29366390567618,36.35723313837373,37.22677599372601,5904600
2016-12-09,37.73217010498047,37.769329445159265,37.02613130127959,37.13761215689191,6126100
2016-12-12,38.185523986816406,39.463822952151716,38.10377173189575,38.76521767068851,10748300
2016-12-13,39.12195587158203,39.51585004133998,38.37132687797372,38.83953973954686,7962200
2016-12-14,38.26727294921875,39.10708479460264,38.18552070133207,38.824671546545204,8596500
2016-12-15,38.45307540893555,38.74292224799801,37.590965626178125,37.99229049214672,7934900
2016-12-16,38.601715087890625,38.75035530106883,38.32673253631052,38.63144369754152,10313100
2016-12-19,38.63144302368164,38.713195281257434,38.319301133020836,38.64630732824781,4748000
2016-12-20,38.3118782043457,39.07737450920101,38.170671524361225,38.809822622849794,4659500
2016-12-21,38.25984573364258,38.765220772613006,38.23011712309694,38.52739755840061,4187200
2016-12-22,38.304439544677734,38.48280554196747,38.18552793479245,38.31187027994964,4594800
2016-12-23,38.178096771240234,38.38619422796553,38.066618724675536,38.15580172894261,2860000
2016-12-27,38.349021911621094,38.601709386177646,38.16322238136115,38.23754389451063,2995400
2016-12-28,37.73217010498047,38.45307321176806,37.62812281844946,38.25240937271143,4275500
2016-12-29,37.56124496459961,37.769339593575516,37.33828602854304,37.6504279720069,3634500
2016-12-30,37.263946533203125,37.784185689982266,37.10787563669198,37.46461032946402,4806300
2017-01-03,37.61326599121094,38.356464282805455,37.10045735556176,37.76933695202742,7032600
2017-01-04,37.96256637573242,37.977427845240804,37.397734141822696,37.68015025877756,4990000
2017-01-05,37.8510856628418,38.40848432918829,37.695014716683076,38.059180257720094,4727100
2017-01-06,37.70988464355469,37.96257219004173,37.37544482686938,37.917979269458144,3472500
2017-01-09,36.90721893310547,37.55380051081992,36.88492389648369,37.360570244920794,5765600
2017-01-10,36.90721893310547,37.189635015643454,36.6916907955087,37.07072342853417,5447900
2017-01-11,38.06658935546875,38.26725308656066,36.75855973836767,37.130158610373186,8689400
2017-01-12,37.271385192871094,38.29699651156076,37.22679228702888,38.274701476177505,6963300
2017-01-13,37.59839630126953,37.806490885893425,37.04099766239031,37.085590574128034,4413300
2017-01-17,37.271385192871094,37.68757430709564,37.159904345803405,37.57609629510365,4995100
2017-01-18,37.36056900024414,37.598392166539554,37.00383425080102,37.0112649844021,4970000
2017-01-19,37.05585861206055,37.49434561502404,36.99640140179223,37.30854608554927,4915300
2017-01-20,37.70243835449219,37.969990117587685,37.397727254316905,37.44975089324373,5888500
2017-01-23,37.11531448364258,37.58353011061743,36.84776553187575,37.35313766415261,5969500
2017-01-24,37.36056900024414,38.20038365095495,37.16733590570676,37.26395245297545,5919200
2017-01-25,37.6727180480957,38.074045781130124,37.397735491050476,37.46462344655621,5991200
2017-01-26,37.628116607666016,37.91796338232571,37.412588501097105,37.628116607666016,4164100
2017-01-27,36.73628234863281,37.50177548521762,36.56534712566124,37.40516177337006,5408100
2017-01-30,35.28704071044922,36.55047787784591,35.07151260996603,36.42413274356855,10483200
2017-01-31,36.23834991455078,36.26064779266666,35.20530467261017,35.532313757593975,7464500
2017-02-01,36.04511260986328,36.52819257268572,35.25732149920587,36.41671170893404,10040900
2017-02-02,36.18631362915039,36.66939351697725,35.138404445856224,36.23090653474348,8625100
2017-02-03,37.479488372802734,37.52408128890434,36.282938723968336,36.30523376448096,8414400
2017-02-06,37.2267951965332,37.888241091972475,36.676827321798605,37.531506322580825,8127500
2017-02-07,36.72884750366211,37.33083896500654,36.476162879848516,36.82546404722803,7591600
2017-02-08,36.86263656616211,37.27882865759834,36.05255026136368,36.453878045776115,8588600
2017-02-09,37.01870346069336,37.405166865926276,36.773446693207106,37.189638706937046,6357000
2017-02-10,37.46327209472656,37.7621425810593,37.22417684575645,37.38108256847305,5996000
2017-02-13,37.134517669677734,37.388556733664686,36.77587478820913,37.388556733664686,6163400
2017-02-14,37.46327209472656,37.49315971340788,36.85806349275106,37.35866827958216,6063400
2017-02-15,36.88047790527344,37.575349365622245,36.84311980691666,37.23165030035558,7461800
2017-02-16,36.11835861206055,37.0971566930176,36.06605670737674,37.05232526747146,9689100
2017-02-17,35.498207092285156,36.043646184223554,35.19186611132486,36.02870237414741,10694000
2017-02-21,35.96144104003906,36.25283808440324,35.72981635978695,35.96144104003906,9577200
2017-02-22,35.191864013671875,35.819489748258235,35.13956210664303,35.71488593420053,8007700
2017-02-23,35.341304779052734,35.75972295092152,35.13956759887889,35.707421035718,7846400
2017-02-24,35.14703369140625,35.48326225578476,34.90046512744867,35.124616553621,6749500
2017-02-27,35.38612747192383,35.595335081055836,35.09473034484998,35.288994146152575,6208300
2017-02-28,35.54302978515625,35.61774596692959,35.11714127852102,35.24415935758362,6710600
2017-03-01,36.648841857910156,36.78333325080254,35.75970684955656,35.86431063286412,9194500
2017-03-02,36.0212287902832,36.47700501855455,35.79707734120033,36.32756976908586,5955300
2017-03-03,35.729827880859375,36.19307454049825,35.59533645544163,36.006281210778056,5290100
2017-03-06,36.10341262817383,36.215489760166065,35.37118315648016,35.6999383732896,6078500
2017-03-07,35.65510940551758,36.24537412344717,35.56544656082158,36.200545551339005,5652800
2017-03-08,34.302730560302734,35.610284005740475,34.22801436065956,35.423490656392225,9435500
2017-03-09,34.728614807128906,34.840691942757886,33.981441503575596,34.07857483110472,7235900
2017-03-10,34.12339401245117,35.02747562707798,33.98143214993847,35.02747562707798,8455400
2017-03-13,34.25043487548828,34.4970006593161,34.02628338557913,34.13088722418734,6333800
2017-03-14,33.57796096801758,33.77222758681447,33.01758109495176,33.73486949865797,10538300
2017-03-15,34.25043487548828,34.459642552704715,33.51073182352315,33.97398146627501,7573400
2017-03-16,34.25043487548828,34.46711588417149,34.00386624141962,34.33262442017783,6393700
2017-03-17,34.13834762573242,34.63895522728639,34.10098953015138,34.34755809141826,8359700
2017-03-20,34.265380859375,34.355040890971715,33.66016923305486,33.92168169638673,5754200
2017-03-21,33.75728225708008,34.49698205998924,33.53313088802395,34.39985160521647,6504200
2017-03-22,33.361297607421875,33.86190247968951,33.34635379553081,33.64522148263008,7852200
2017-03-23,33.23426818847656,33.6227986482181,33.13713486098119,33.361289132161275,9149400
2017-03-24,32.95033264160156,33.53312959903232,32.85320219056242,33.353806800536894,8797100
2017-03-27,33.09230422973633,33.204378508119255,32.322713837022604,32.494566194308035,6231900
2017-03-28,33.90673065185547,33.988920184225286,33.0250657868272,33.18197152122026,7034800
2017-03-29,34.332611083984375,34.41480059674815,33.630266411450094,33.86936447141732,6040800
2017-03-30,37.35866928100586,37.6650102551005,36.32009873103234,36.85806448075571,40059800
2017-03-31,37.261531829833984,37.396023252419496,36.626435662255695,37.08968231213915,13410500
2017-04-03,36.94771194458008,37.30635470588352,36.46204826872205,37.28394042400184,7711800
2017-04-04,37.15693283081055,37.20176426088601,36.64885469091658,36.93278138091387,6175900
2017-04-05,36.69368362426758,37.66500840788882,36.574136002440966,37.36613792820222,7490900
2017-04-06,37.21670913696289,37.33625677034818,36.731045273074926,36.90289481792625,6823800
2017-04-07,37.01496887207031,37.358667932996234,36.89542124869433,37.246590789101184,5857400
2017-04-10,37.47074508666992,37.70984033348428,37.15693079382597,37.20176222144372,6737400
2017-04-11,37.47074508666992,37.537990802976466,37.03738317041879,37.47074508666992,7395200
2017-04-12,36.940242767333984,37.82190739009903,36.835638973148235,37.46326458850234,7623000
2017-04-13,36.32757568359375,37.20177018265733,36.26780328421889,37.059805389940585,8807100
2017-04-17,36.574134826660156,36.6264367313879,36.20801864332594,36.30515197363747,5286600
2017-04-18,36.379859924316406,36.81322172272981,36.18559615794311,36.32008755398593,6046600
2017-04-19,35.86431884765625,36.663794060616056,35.72982742395834,36.43216930863855,6165200
2017-04-20,35.82695388793945,36.37238995721543,35.78212247188301,35.87925578155226,6278800
2017-04-21,35.67005920410156,35.961456372706984,35.34130108547775,35.759719213617004,6056300
2017-04-24,35.79706954956055,36.006277143136096,35.64763433261814,35.86431525467265,5750700
2017-04-25,36.45457077026367,36.53676025498567,35.7148682580044,35.84188914809443,7023200
2017-04-26,36.11835861206055,37.007493841925324,36.04364241972369,36.06605670737674,6536900
2017-04-27,35.75971984863281,35.96892749129736,35.01254643884187,35.737305558416,7302700
2017-04-28,35.79706954956055,36.10341046168462,35.6700514678153,35.97639237993938,6429000
2017-05-01,35.47579574584961,35.88674058120026,35.460851934533515,35.78961008300649,5795400
2017-05-02,34.893001556396484,35.58039977944675,34.571716736854114,35.535571195481225,10390500
2017-05-03,35.176918029785156,35.44589800597886,34.55676286325915,34.55676286325915,5757200
2017-05-04,34.31019592285156,35.00506730680715,34.138346409111136,34.95276540480962,9999300
2017-05-05,34.94530487060547,35.00507726836669,34.28779139378786,34.3326228297893,7894400
2017-05-08,35.21427917480469,35.288995366295225,34.758502996088374,34.96771061245389,5861200
2017-05-09,34.571712493896484,35.27405444215095,34.414806768792864,35.251640152919066,6157400
2017-05-10,35.572933197021484,35.7597265846553,34.76598439432779,34.900475861443404,7950300
2017-05-11,35.629276275634766,35.9223073269332,35.32122063665373,35.32122063665373,8569900
2017-05-12,35.29116439819336,35.81711089035057,35.005648540884145,35.61424745262902,9151900
2017-05-15,35.64429473876953,36.31300336972398,35.50905055418935,36.13267683488606,7675600
2017-05-16,35.41138458251953,35.854684430462235,35.073274043208365,35.81711436349923,5288200
2017-05-17,34.870399475097656,35.61424248571296,34.810292541316784,35.4113762100906,7512800
2017-05-18,34.87792205810547,35.28365472906598,34.427109890056364,34.562354113709866,6543500
2017-05-19,35.67435836791992,35.832142333139814,35.02819218708372,35.23105851359232,7206200
2017-05-22,35.26112365722656,35.989939612233094,35.21604128285068,35.93734494189186,7967900
2017-05-23,35.133384704589844,35.561660010445934,35.06576258958036,35.20852198026372,7436700
2017-05-24,35.06575393676758,35.125863742474,34.667536505639035,35.043214192724314,7765700
2017-05-25,33.84855651855469,35.291160220212454,33.57055585329822,34.91548256103606,12772200
2017-05-26,34.0739631652832,34.11153322484384,33.57055646853376,34.05893858089071,10758900
2017-05-30,33.653202056884766,33.87860805678083,33.457848088433465,33.75839133242341,9280900
2017-05-31,33.57807922363281,33.70581116031525,33.127267030363775,33.30007846665671,8770800
2017-06-01,33.705814361572266,34.05143726698415,33.35267629471552,33.66073199148599,7946800
2017-06-02,33.2549934387207,33.52548187950657,33.074669722325986,33.49542983756998,8000900
2017-06-05,33.07466506958008,33.45785506265932,33.05963761762886,33.10471997348252,5731300
2017-06-06,33.420284271240234,33.442824013646025,32.90936242462634,33.02206686904146,8584000
2017-06-07,32.72903823852539,33.38271655375593,32.48860476933271,33.20990517691075,13140900
2017-06-08,32.36087417602539,32.94693042244122,32.32330698236674,32.729039552743764,9179500
2017-06-09,33.675743103027344,33.76590493324386,32.360871375415456,32.38341111642136,10412900
2017-06-12,34.351966857910156,34.59240033598638,33.998828933026196,33.998828933026196,13550400
2017-06-13,34.88541793823242,35.05822926934977,34.269306978181945,34.35195649875813,8601000
2017-06-14,34.126556396484375,34.644993388550624,33.9537450211933,34.6074261967383,7069600
2017-06-15,34.1040153503418,34.44963808770576,33.73585287199108,34.08147560935503,9672500
2017-06-16,34.9605712890625,35.065760602852194,34.269325589190906,34.42710955987544,11639600
2017-06-19,34.83283615112305,35.10332454865513,34.727646855681314,34.968080349889085,6029900
2017-06-20,34.42710876464844,34.59240789175335,34.0364035608874,34.11905312443986,7739600
2017-06-21,33.77342224121094,34.72764384251395,33.55552851030542,34.4271005677344,10790300
2017-06-22,33.668243408203125,34.10402813912339,33.50294426913303,33.8034876372252,8881300
2017-06-23,33.683250427246094,34.043900530430115,33.41276213331002,33.6531955354327,8483100
2017-06-26,33.232444763183594,33.7809337913454,33.10471573723317,33.75839404939956,9047500
2017-06-27,33.0370979309082,33.532992381397136,33.02958277182268,33.45034282861675,8697100
2017-06-28,33.029579162597656,33.31509498658722,32.84925549095704,33.097201256011154,6983500
2017-06-29,33.119754791259766,33.55553952999001,33.04461751479315,33.104727335966444,8252400
2017-06-30,33.029579162597656,33.49542152442092,32.834228040621475,33.35266217932959,9126700
2017-07-03,34.306884765625,34.43461666405347,33.20239149684439,33.217418947612046,5742900
2017-07-05,33.17985916137695,34.14910845583213,32.87931581131225,34.01386423492239,7725500
2017-07-06,32.541202545166016,33.29255792529385,32.47358044630678,33.172341179121126,7155500
2017-07-07,32.30828857421875,32.51866721054323,31.93261080009993,32.39845043747296,8494200
2017-07-10,32.488590240478516,32.668913828636036,32.13545248656504,32.1805348167003,5631900
2017-07-11,32.571250915527344,32.80417208897669,32.248167909146275,32.49611653244975,5782600
2017-07-12,32.488590240478516,33.059618757899685,32.25566916740064,32.92437463368566,7907900
2017-07-13,32.496124267578125,32.66142338912697,32.233150998017386,32.473584520528256,7014100
2017-07-14,32.64640426635742,32.894350145757485,32.51116001715942,32.54872722722678,5467300
2017-07-17,32.4510383605957,32.69898701581979,32.37590396784539,32.54120307132811,7014700
2017-07-18,32.36087417602539,32.646390006978834,32.15800789083688,32.646390006978834,6834800
2017-07-19,32.80417251586914,32.871794607996165,32.26319577885292,32.27071093697427,8823000
2017-07-20,32.679443359375,33.13301127564985,32.58116987829436,33.0952117865215,7663000
2017-07-21,32.240997314453125,32.626527301010114,32.180520439238464,32.4753379966696,6480600
2017-07-24,32.21074676513672,32.475325785474965,32.157830961069074,32.3014591601534,6094100
2017-07-25,32.99692916870117,33.23126976723068,32.679431454600255,32.77014385133119,8641100
2017-07-26,33.03474426269531,33.548786271570684,32.944031815157516,33.19349176681064,7124500
2017-07-27,33.76045227050781,33.76045227050781,33.12545932031625,33.51855046888217,9803100
2017-07-28,34.21401596069336,34.728057988032354,33.73021237818532,33.81336665962204,10794900
2017-07-31,34.29715347290039,34.67512519739163,34.16864447074716,34.2669179265496,8368400
2017-08-01,33.82847595214844,34.266924622406215,33.73020247714308,34.266924622406215,6685100
2017-08-02,34.47858428955078,34.493703505942065,33.46561986090031,33.55633227555232,9562300
2017-08-03,33.949424743652344,34.735606728399326,33.77555807304988,34.501263189572114,9204100
2017-08-04,34.4407958984375,34.46347328658112,33.911634733414324,33.972108729696096,6105600
2017-08-07,34.14597702026367,34.38032061552028,33.88895891950651,34.22157312374798,6370200
2017-08-08,34.49371337890625,34.856566025067494,34.0174680192024,34.130860732745006,8032000
2017-08-09,34.50883483886719,34.77341400937287,34.29716861876596,34.614666507069465,7451100
2017-08-10,33.994789123535156,34.7356136037477,33.96455068343757,34.531508458633574,6441400
2017-08-11,33.858707427978516,34.30471417369418,33.76799213876167,33.98721642882598,4206900
2017-08-14,33.66973114013672,34.08549957431861,33.563899489657274,33.86627522192765,5063100
2017-08-15,33.63949966430664,33.79068900358221,33.29932437186081,33.59414199741494,8179300
2017-08-16,33.02718734741211,33.76045383975289,32.891117217210784,33.70753799841872,5795800
2017-08-17,32.50558090209961,33.15569298153304,32.47534246033607,32.883552773054255,6422500
2017-08-18,32.58872985839844,32.92890506349889,32.13516195703248,32.47533716213293,7310400
2017-08-21,32.12760543823242,32.46021960934467,31.953738743080827,32.42998405465897,5709600
2017-08-22,32.649208068847656,32.777720000140725,32.21832038125262,32.23343960162218,5850200
2017-08-23,33.02718734741211,33.22373437267938,32.37707802763555,32.4677904865374,5240900
2017-08-24,32.73235321044922,32.928900136742996,32.56604760015713,32.89866170443693,4370000
2017-08-25,32.944026947021484,33.34467617449817,32.77771841469699,32.87599190049749,5393800
2017-08-28,32.54338455200195,32.981833401325716,32.278805338580476,32.95915312324877,4593400
2017-08-29,32.39218521118164,32.49801974763008,32.0746902529251,32.29391461002391,4592900
2017-08-30,32.81550979614258,32.88354483183213,32.06712440355747,32.225874742630324,6846900
2017-08-31,33.00450134277344,33.37491501916921,32.898669687716456,33.09521377800852,7660100
2017-09-01,33.44294357299805,33.55633337410124,32.868424866103766,33.08008813511968,4808800
2017-09-05,33.556331634521484,33.79823332476956,33.34466837647832,33.63192771503377,5438800
2017-09-06,34.062835693359375,34.282057248975676,33.81337280372026,33.828492028883,5939300
2017-09-07,34.10062026977539,34.16109426536903,33.61681677024094,33.941872787183705,5184700
2017-09-08,33.6168098449707,34.017458994793415,33.33710866141925,34.017458994793415,4147400
2017-09-11,33.96455383300781,34.236694051729174,33.639497781056924,33.760448668966795,4809400
2017-09-12,33.96455383300781,34.236694051729174,33.85872216654876,34.040147056565246,5189000
2017-09-13,34.4407958984375,34.61466260283008,34.01746638967969,34.04770482966875,6178600
2017-09-14,34.644901275634766,35.04555051524499,34.50883117846594,34.57686622705035,6573400
2017-09-15,35.158939361572266,35.158939361572266,34.60710082006065,34.64490031109681,11895000
2017-09-18,35.59737777709961,35.70320940049587,34.901908291831276,34.924588556627235,6988900
2017-09-19,35.945106506347656,36.11897313462832,35.59737324978632,35.61249246316226,6216100
2017-09-20,36.53476333618164,36.890054942771435,36.13411118212573,36.179468845895244,8843300
2017-09-21,36.80689239501953,36.874927433534005,36.202138099166405,36.42892059964933,5790700
2017-09-22,37.101715087890625,37.53260273028211,36.76153987450363,36.814455698397595,7388200
2017-09-25,37.78206253051758,37.94081000177741,37.33605567052845,37.3511748892717,6800100
2017-09-26,37.5477180480957,37.819858211432255,37.20754572762107,37.593075703217146,5434200
2017-09-27,37.963497161865234,37.963497161865234,37.47969360905891,37.547725780206704,5369500
2017-09-28,37.79718017578125,38.424614750873296,37.65355192924384,38.137355374102476,5490600
2017-09-29,37.834983825683594,37.872780436159495,37.50236961632052,37.63087866867789,4175700
2017-10-02,38.031532287597656,38.04665150911312,37.268027461398546,37.45701340479681,4832100
2017-10-03,37.22266387939453,37.97104642342939,37.21510282857626,37.92568876960766,6742100
2017-10-04,37.27557373046875,37.48723698034599,36.97319518747655,37.3133703274189,5432400
2017-10-05,37.570404052734375,37.638439103954255,37.35117967839292,37.38897628824919,5295400
2017-10-06,36.93539810180664,37.37384381127888,36.81444726294925,37.154622398390494,3902900
2017-10-09,36.973201751708984,37.19242609011471,36.912727762591274,37.116829999097554,4765500
2017-10-10,37.18486785888672,37.55528152371913,37.12439386518328,37.32093794933975,5252800
2017-10-11,37.49480056762695,37.593074040863094,36.958081315722346,37.192424864609784,4534800
2017-10-12,37.653560638427734,37.69891541956369,37.048803308779426,37.10928019522292,4443100
2017-10-13,37.54335403442383,38.12094280303837,37.51295386262307,37.9917464215651,4629900
2017-10-16,37.78656005859375,38.098154657907656,37.73336119279289,37.77895856398177,4301600
2017-10-17,37.78656005859375,37.95375525148754,37.482564054771075,37.77135996849054,3579000
2017-10-18,37.77893829345703,38.13613297142553,37.6649420275295,37.80933845735205,6481700
2017-10-19,37.77893829345703,38.02973529691216,37.46734386133106,37.53574278053526,4015400
2017-10-20,38.18934631347656,38.303345521821626,37.664956333153924,37.92335202616514,5993200
2017-10-23,38.196937561035156,38.56933239076558,37.9461434096818,38.21213764583229,5589000
2017-10-24,38.751747131347656,39.002541390276456,38.318551776614314,38.36415205056545,7609400
2017-10-25,37.968955993652344,38.85814243567567,37.809359393508934,38.8049435689612,6989700
2017-10-26,39.10893249511719,39.344529521878314,37.839755526243934,38.2957465919075,7564600
2017-10-27,38.9189453125,39.69413263419761,38.15135948660246,38.88094653086331,7835700
2017-10-30,39.05574035644531,39.36733498140915,38.67574676994692,39.05574035644531,6647600
2017-10-31,38.87334060668945,39.222933970443776,38.774541473760394,39.00253701972536,6171500
2017-11-01,39.595314025878906,39.73211189184678,39.08612422409166,39.37492004103714,6455500
2017-11-02,39.88411331176758,39.967712337032324,39.28372294770261,39.5649201961604,6177100
2017-11-03,40.248897552490234,40.484494488487535,39.511712376972405,39.80050525437885,8030100
2017-11-06,40.78849792480469,40.993694747739596,40.12731009476118,40.28690665733718,8438900
2017-11-07,40.64411163330078,41.09250415893101,40.2261192888606,40.986106423886696,8577500
2017-11-08,40.674503326416016,41.20649478974091,40.40090755104206,41.11529426520276,7513000
2017-11-09,40.682098388671875,40.77329890529227,40.15010987065284,40.48450306756766,6709400
2017-11-10,40.27170181274414,40.65169521279256,39.89930700508408,40.58329628481906,5504600
2017-11-13,39.9525146484375,40.24890910189505,39.906914386705495,40.02091359147541,6728300
2017-11-14,38.934139251708984,39.846124362462746,38.82014292481523,39.663726180663694,6945000
2017-11-15,38.37175750732422,38.88854616985265,37.96136369675746,38.56175431972128,7262700
2017-11-16,38.16654968261719,38.493344338374115,38.060151961974555,38.30334758033499,5694900
2017-11-17,38.098148345947266,38.39454280605242,37.99934922620545,38.181747378104156,4191800
2017-11-20,38.060142517089844,38.18933888891767,37.68014909530957,37.999342178027526,4429600
2017-11-21,38.00694274902344,38.56173572492369,37.74854709279917,38.20454096214076,6331500
2017-11-22,38.16654968261719,38.44774407276136,38.0145516963618,38.39454521244004,4818700
2017-11-24,38.35654067993164,38.6605337076656,38.33373910098958,38.34134059367694,2288900
2017-11-27,37.360965728759766,38.189351783918035,37.30016826828834,38.16655309863134,6369000
2017-11-28,38.098148345947266,38.1209470277645,37.216563559864106,37.51295801996927,6524700
2017-11-29,38.55413818359375,38.63013861916578,37.78655262859746,37.93854770150116,6897800
2017-11-30,38.66814041137695,39.35212699029427,38.49334374457185,38.69853768886276,11184300
2017-12-01,39.32172775268555,39.8765179020517,38.93413276807833,39.1469281954735,6683900
2017-12-04,38.979736328125,39.79292223631233,38.94933615046254,39.42052730774854,6168500
2017-12-05,38.934139251708984,39.29133412070839,38.842941610369834,38.934139251708984,4531700
2017-12-06,38.28813934326172,38.9417285156778,38.24253908735368,38.812529240164935,4437300
2017-12-07,38.40974807739258,38.630145028438065,38.06015471311945,38.24254999051384,4037800
2017-12-08,39.1925163269043,39.298914007668756,38.56172883417815,38.66052502396265,5316200
2017-12-11,39.283721923828125,39.75491589047205,39.07092651896955,39.16972562799101,4040400
2017-12-12,39.48892593383789,39.56492637737028,38.91893565338715,39.428128478132464,6200200
2017-12-13,39.27613067626953,39.58772524842738,39.20013313149757,39.45852594337045,4906800
2017-12-14,39.75491714477539,40.09690894219683,39.40532095546628,39.44332262106426,6436200
2017-12-15,39.64851379394531,40.317303054294996,39.56491767313147,40.11210625058135,11363400
2017-12-18,39.7777099609375,40.02090550948923,39.60291334161092,39.60291334161092,5565300
2017-12-19,40.03611755371094,40.22611431396996,39.62572385576253,39.86891947696444,4795800
2017-12-20,41.22928237915039,41.42687766424896,39.86890536154275,40.2033013966442,8064600
2017-12-21,42.52126693725586,42.61246455200616,41.062090605651505,41.153291119521704,7824700
2017-12-22,42.17928695678711,42.718877139184016,42.14888677490311,42.597279310768926,3911900
2017-12-26,42.734066009521484,42.84046371905792,42.20967605575468,42.39207130092567,3194900
2017-12-27,42.2476806640625,42.61247410395517,41.905685908187955,42.604875508989316,4369600
2017-12-28,41.93608474731445,42.24767931513557,41.8752843930467,42.171681771421326,4240600
2017-12-29,41.71568298339844,42.179275484110036,41.70048289659083,42.13367522368721,3668500
2018-01-02,42.04246139526367,42.18685781559324,41.66246806891522,41.86766481303766,3985200
2018-01-03,42.817665100097656,42.855663867969874,42.0500795522463,42.08807832011852,4105800
2018-01-04,43.311649322509766,43.46364436431919,42.627660037888994,42.87085558372758,4897200
2018-01-05,43.22806167602539,43.250860358467364,42.696070192456766,43.07606369513145,3771900
2018-01-08,43.66884994506836,43.66884994506836,43.007662102844535,43.136858494227965,4522900
2018-01-09,44.02604675292969,44.32244121645159,43.63085316852705,43.67645343180746,5519700
2018-01-10,43.81325149536133,44.292041215652965,43.74485254973104,44.185643500032604,4627900
2018-01-11,44.97602844238281,45.204023950141334,43.729650294124035,44.208439990680894,7341800
2018-01-12,45.63722229003906,45.78162168661317,44.930434093596965,45.13563094731763,6742100
2018-01-16,44.71762466430664,45.7664072890566,44.68722449567745,45.59920926071569,5458600
2018-01-17,45.49281692504883,45.74361109796404,44.67202967015542,44.81642903858295,5798400
2018-01-18,45.41682052612305,45.64481893880145,44.95323090484023,45.31042281307059,4554800
2018-01-19,45.40922546386719,45.45482572977369,45.044432033976605,45.356026603203176,5037500
2018-01-22,46.108402252197266,46.11600374444408,45.43961589046974,45.49281473971807,5748800
2018-01-23,45.9564094543457,46.13120609605151,45.622013357934605,46.06280715806923,5478800
2018-01-24,45.97161102294922,46.60239867213168,45.941210849727874,46.009609789915864,4992000
2018-01-25,45.20402145385742,46.28320438302874,45.14322400806863,46.16920518588473,5473400
2018-01-26,45.895606994628906,45.99440610029873,45.302818158849654,45.371217093679554,5277700
2018-01-29,45.3408317565918,46.00201974351588,45.26483420374841,45.5384271334571,4167600
2018-01-30,44.42884826660156,45.082437682011644,44.14005523584156,44.79364175213072,6381000
2018-01-31,44.69483947753906,45.02163414113947,44.29204436942662,44.482041132025905,7073700
2018-02-01,45.105224609375,45.57641860873468,44.19324258287791,44.839230334833374,7011000
2018-02-02,43.86643981933594,45.17361516764323,43.78284080596055,44.968418380027174,8433300
2018-02-05,42.513671875,44.43644096267406,42.11087969140456,43.42565685779904,11060300
2018-02-06,42.513671875,42.96966581595969,41.35849128333726,41.60928838573314,11013500
2018-02-07,42.27806854248047,43.29645101974625,42.27806854248047,42.60486311423051,7721700
2018-02-08,40.461708068847656,42.43007446194391,40.45410657554444,42.27047499289915,8618400
2018-02-09,39.747291564941406,40.954531881657225,38.34138956761583,40.67946657074986,9685600
2018-02-12,40.80936813354492,41.22961006206948,40.152261194709936,40.21338877726368,7035400
2018-02-13,40.740596771240234,41.21432382726212,40.198102649447165,40.442607124472865,5438300
2018-02-14,42.41391372680664,42.68134243030145,40.14460697926335,40.266859184805334,6612400
2018-02-15,41.672767639160156,42.56673648797292,41.07678549189536,42.513251321704956,6190800
2018-02-16,41.75682830810547,42.07009990475181,41.43591430572027,41.55816656502802,5070900
2018-02-20,41.90199279785156,42.25346760220898,41.51995420666572,41.71861299160418,4262900
2018-02-21,41.06914138793945,42.360430551581025,41.053859497191176,41.71096622575383,5287000
2018-02-22,41.955474853515625,42.406280474245165,41.4053383903276,41.45882355594611,5565900
2018-02-23,43.59059524536133,43.6593622966487,42.07772303176178,42.29166367366798,6513900
2018-02-26,43.23912811279297,43.96500202311689,43.18564294290077,43.75105842882493,5986300
2018-02-27,42.65843200683594,44.02612799669564,42.65078960249568,43.17036233815039,5378300
2018-02-28,41.497032165527344,43.231487691759504,41.48938976157992,42.80360342711971,5889900
2018-03-01,41.16847610473633,42.0318811530574,40.89340787475964,41.64220310373902,5135400
2018-03-02,41.3060188293457,41.42062867257609,40.327997928383326,40.908698293755286,4574400
2018-03-05,41.252532958984375,41.43590987095782,40.73296018385384,40.87049432519565,5266000
2018-03-06,41.3060188293457,41.55816281623137,40.87813450300444,41.474113849028306,4931900
2018-03-07,41.31364059448242,41.61163013964503,40.679458239471124,40.73294339297609,7245800
2018-03-08,40.93161392211914,41.55051748151448,40.43496259380797,41.35949818827528,4726000
2018-03-09,42.0700798034668,42.077719290831695,41.26779663820042,41.313642306556964,5310000
2018-03-12,41.8255729675293,42.33750311813352,41.71096026066932,42.031871176321715,5074400
2018-03-13,41.229610443115234,42.18470706891789,40.93926316747221,41.97840584797768,5528100
2018-03-14,41.229610443115234,41.817950314376496,41.1608433694685,41.519960633481844,4101600
2018-03-15,41.28307342529297,41.64982998264907,40.78642519573079,41.49701693645888,4934600
2018-03-16,41.97075271606445,42.169411467184716,40.9850926190629,41.344209766355554,13000800
2018-03-19,40.93161392211914,41.955477450470205,40.78644030855766,41.84086470863744,4822000
2018-03-20,41.79501724243164,42.38335694919664,41.1913956441597,41.33656924139154,5140600
2018-03-21,43.582969665527344,44.00321159540339,42.05481507345183,42.100657845791005,7720100
2018-03-22,43.17034912109375,43.76632822934637,42.82651389913172,43.10158207670134,11053200
2018-03-23,44.1178092956543,44.60681813183476,43.529469628773874,43.58295478806095,9442000
2018-03-26,45.14167785644531,45.15695683395949,44.47692866038512,44.5991808835589,8795700
2018-03-27,45.18751907348633,45.70709173289163,44.843683796714764,45.19516147670504,9089600
2018-03-28,44.874244689941406,45.64596414084954,44.64502215843144,45.20279805383733,13327600
2018-03-29,45.30214309692383,45.531365700337986,44.88190117154395,44.88190117154395,8469200
2018-04-02,44.38523864746094,45.30977123459221,43.22384111114014,45.286849854410995,7403800
2018-04-03,45.86756134033203,45.90576753873856,44.209514927763486,44.72908774707614,8257300
2018-04-04,45.5084342956543,45.64596841036913,44.66030822648713,44.94301594463522,8174200
2018-04-05,46.196109771728516,46.7386039189464,45.638333729764895,45.71474320349351,6822600
2018-04-06,45.27920913696289,46.34127878889111,44.729075589072394,46.00508298852828,8837500
2018-04-09,46.318355560302734,46.72331842782254,45.47022946580731,45.73765821450498,10832100
2018-04-10,47.632568359375,48.13685914814763,46.89905501474625,46.94489777708372,11069900
2018-04-11,48.312599182128906,48.35080245774185,47.067152577029844,47.602007179780365,10014100
2018-04-12,48.32024383544922,48.809252781394285,48.01461178687194,48.35844711284057,10336200
2018-04-13,49.5886116027832,49.66501815713567,48.70228216456787,48.862737677541965,9672900
2018-04-16,50.22278594970703,50.421441781108925,49.191277291484646,49.64208577231693,8534900
2018-04-17,50.818763732910156,51.12439570379488,50.016480538018364,50.36795526423006,8312600
2018-04-18,50.749996185302734,51.42238771913242,50.71943240381545,51.193162272700434,11015600
2018-04-19,50.665958404541016,50.887541497051366,50.08526391669996,50.34504737240045,8366300
2018-04-20,50.26862335205078,50.51312774341785,49.924785226117876,50.314466103730695,7008400
2018-04-23,50.03177261352539,50.14637951849783,49.26005308651796,50.10817915998896,9209700
2018-04-24,49.90188217163086,50.90282730987814,49.55040734433787,50.42909732729368,8731600
2018-04-25,49.71084976196289,50.092888277390074,48.83980241314452,49.63444322476648,9869100
2018-04-26,51.17024612426758,51.29249543326705,49.741419798278535,50.23807109668244,10574600
2018-04-27,49.62681198120117,51.00979568204527,49.62681198120117,50.75764880609925,6398800
2018-04-30,50.04704666137695,50.54369790863845,49.4816312779053,49.573316792852175,6381300
2018-05-01,50.2075080871582,50.260993253692256,49.32118163753017,49.70322020690082,7433800
2018-05-02,50.008853912353516,50.42909873357873,49.771991829179385,49.80255561885457,6810000
2018-05-03,50.42145538330078,50.551352944346185,49.14544779288532,49.588613990695016,7088800
2018-05-04,51.08620071411133,51.26193520099719,50.12346183519913,50.42909387304624,6302200
2018-05-07,51.017433166503906,52.44625965956072,50.95631141958034,51.39947177464723,9121500
2018-05-08,51.75859069824219,51.75859069824219,50.008853115968456,51.040362055377,8988400
2018-05-09,52.49209213256836,53.600007376571874,52.33927905105875,52.423327994722655,9271200
2018-05-10,52.98109817504883,53.26380877321752,52.453888991227586,53.072789516752344,6512300
2018-05-11,53.276493072509766,53.62174449032048,52.83917187831396,53.030979522320976,6382200
2018-05-14,53.391578674316406,53.86726378948292,53.20744495539937,53.322530724787036,8805200
2018-05-15,53.77519607543945,54.15881141917695,53.12305116178683,53.360896655287895,5962700
2018-05-16,53.59104537963867,53.85957486452301,53.01562254624204,53.70613111701875,4363400
2018-05-17,54.21250915527344,54.47336471181708,53.775182157237175,53.85957797929637,5592700
2018-05-18,53.36088562011719,54.34293976043292,53.34553773157853,54.08975228108466,5094700
2018-05-21,54.21250915527344,54.304573067698676,53.37622487855158,53.706134222918244,5440000
2018-05-22,53.805877685546875,55.018103389156536,53.66010785785031,54.296904781324635,6079500
2018-05-23,53.03098678588867,53.60640979672447,52.3865099699297,53.41460212644587,6407500
2018-05-24,52.516937255859375,52.80081471229575,51.71902250656216,52.17168579421165,6404900
2018-05-25,50.230587005615234,51.29703704345958,49.44034044483178,51.25100508178436,8315800
2018-05-29,50.41471862792969,50.49911445652565,49.36361066946458,49.71654187277748,6310100
2018-05-30,52.210044860839844,52.7394299963773,50.767647581363114,50.89807537899517,10273400
2018-05-31,51.70367431640625,52.43254111056501,51.35842285675325,51.84945001664019,8508800
2018-06-01,52.39419174194336,52.91590891717126,51.66531897390822,51.98756035677431,7116200
2018-06-04,52.09495162963867,53.24579736879046,51.864780140406666,52.90054013494245,5599200
2018-06-05,51.8340950012207,52.601325564784084,51.803405076257604,51.956854701073084,6333100
2018-06-06,52.07960510253906,52.49391028187903,51.64228394437537,51.94917732020175,6412200
2018-06-07,53.30717849731445,53.4606222581631,52.37115633702662,52.55529002074585,7693500
2018-06-08,53.26883316040039,53.990031964974,52.88521777133039,53.69081242977991,6656100
2018-06-11,54.08209228515625,54.465707648499546,53.33787754370931,53.6754609365733,6237300
2018-06-12,53.26883316040039,53.95166808466448,53.038661585555865,53.75986039012948,8329000
2018-06-13,53.414581298828125,53.652420844112505,52.68570892387082,53.20742581773899,6741100
2018-06-14,52.271419525146484,53.72148491456829,52.048921945089035,53.698468932752874,5694600
2018-06-15,50.14619064331055,52.01823511170553,50.0311048868346,51.749699728760056,15982700
2018-06-18,51.09755325317383,51.98754349726583,50.16920499383929,50.307306726422375,7680100
2018-06-19,50.83670425415039,51.435143221601486,50.19990141298871,50.4223990027984,5211500
2018-06-20,51.765052795410156,51.8878066553582,51.24333572024405,51.527213167475935,6323400
2018-06-21,49.95438766479492,51.37376318451856,49.70887409302384,51.297041290872336,7439700
2018-06-22,52.00288009643555,52.486239036699715,51.59624888564463,51.76504052487948,10945200
2018-06-25,50.744625091552734,52.271412156291966,50.153860178720365,52.01055659448407,5274300
2018-06-26,51.66530990600586,51.89548144572561,50.76765143740855,50.95179101058652,4956700
2018-06-27,52.73943328857422,53.33787225954163,52.240732194932924,52.348149871252645,7625000
2018-06-28,52.48624038696289,53.32251880749927,52.125641121775985,53.169075051613135,3958100
2018-06-29,53.414581298828125,54.18947977007828,52.71639884156934,52.892864404959965,7132000
2018-07-02,52.62434387207031,53.19209872873552,52.3251244073301,52.869863282631435,4952800
2018-07-03,53.36857223510742,54.810969876168556,53.21512841748691,53.21512841748691,5338400
2018-07-05,52.88522720336914,54.1434854356476,52.6627295356055,53.744527935403816,5719800
2018-07-06,53.43760681152344,53.560360650723894,52.532274565090795,52.70106621580771,4429600
2018-07-09,54.47338104248047,54.47338104248047,53.61408053004121,53.82123610210969,5271400
2018-07-10,55.04112243652344,55.240604034518384,54.74957691138084,54.8493147836258,5246400
2018-07-11,53.74449920654297,55.05646266742569,53.268814186270916,54.41198599952472,5636400
2018-07-12,54.81862258911133,55.01043023407463,54.02070793714818,54.36595935668022,6386700
2018-07-13,55.2406120300293,55.67793330779346,54.74191088961258,54.75725878202866,6313300
2018-07-16,54.151123046875,54.92602153649613,53.353202728306734,54.3812886548156,6216200
2018-07-17,53.92097091674805,54.23553830326417,53.015638485867576,53.8749389493576,5724000
2018-07-18,53.974674224853516,54.089759991280694,52.79313833964463,53.30718731588532,5667700
2018-07-19,53.46830368041992,54.04372664433833,53.3148540446053,53.80588117220193,5959200
2018-07-20,53.93436050415039,54.034507890473144,53.68783888759217,53.73405985396592,5617200
2018-07-23,53.911258697509766,54.40430200997721,53.841921359250954,54.3118541848121,7936900
2018-07-24,54.58148193359375,55.12075205399703,54.21170241778409,54.46592363082595,4709100
2018-07-25,55.08995056152344,55.15928203484192,54.30415859866813,54.63542268545204,5148300
2018-07-26,55.313350677490234,55.42120353271471,54.396595530542335,54.86652834725178,7360100
2018-07-27,55.04370880126953,55.675420856509085,54.84341401420923,55.06682516365899,5587200
2018-07-30,55.675445556640625,56.1916054166215,55.57529811868057,55.69856192928555,4934100
2018-07-31,55.598388671875,56.06832149555353,55.374977503442594,55.88343172350391,5422200
2018-08-01,55.32107162475586,55.505967343027265,54.62773325263532,55.09766037333446,5313200
2018-08-02,55.12847900390625,55.220926867532036,54.68166235690415,54.97440510873896,4669400
2018-08-03,54.920475006103516,55.066849311059904,54.39661556880598,54.889659053610494,4028500
2018-08-06,55.25943374633789,55.582992367615624,54.7509794464379,55.03602254282494,7177600
2018-08-07,56.160797119140625,56.8233254975954,55.76790101620982,55.89116484361666,5631400
2018-08-08,54.99748992919922,55.883429106658575,54.489041610486815,55.64461291737999,5784400
2018-08-09,55.27482986450195,55.9604683988898,55.0976396704564,55.621498920301704,5975600
2018-08-10,55.42121887207031,55.490550350672684,54.88194856915013,55.15928623864247,4855500
2018-08-13,54.750980377197266,55.868030536210924,54.70475939552636,55.39810350829455,4322200
2018-08-14,55.58299255371094,55.99899901569261,55.24402301930939,55.413507786510166,5223300
2018-08-15,52.24722671508789,54.982080963378294,52.162484355110045,54.912743633605885,7944500
2018-08-16,53.47214889526367,53.664744148375775,52.55539360963704,52.59390913373505,5453000
2018-08-17,53.74949264526367,54.01142530426102,53.4028234633276,53.82653546573124,4435200
2018-08-20,54.32726287841797,54.75097475872358,53.68014569126792,53.68014569126792,4659000
2018-08-21,54.61231231689453,55.12846621122694,54.535275387187475,54.727870650225626,3717600
2018-08-22,55.46743392944336,55.86032989882167,54.98979557691402,55.05142746966764,5019300
2018-08-23,55.50595474243164,55.552175722735676,54.86653708636906,55.12076423312272,3995500
2018-08-24,55.93736267089844,56.669222240976644,55.72935651769113,56.0375100810284,4934000
2018-08-27,56.114559173583984,56.376491816372315,55.93737480357395,55.93737480357395,3389300
2018-08-28,55.50595474243164,56.30714582955835,55.405801448385255,56.114550574903895,4072200
2018-08-29,56.65383529663086,56.807909188723364,55.83723308896457,56.060638469236025,4887000
2018-08-30,56.669212341308594,57.33944578366709,56.43810161733415,56.76166015742197,5141200
2018-08-31,56.56907653808594,56.65381891749969,56.21470198669227,56.29944436610603,4152300
2018-09-04,56.32255935668945,57.11605090230506,56.10685360186669,56.954271586187986,3447600
2018-09-05,56.23781204223633,56.32255442099636,55.49824700013644,56.114548263116106,5080200
2018-09-06,54.342655181884766,55.82949016521141,54.319544701334024,55.598373604627426,5443700
2018-09-07,54.096168518066406,54.40432217194372,53.47986121031178,53.87275726594391,4370600
2018-09-10,54.81260681152344,55.197797293856645,54.327263042157796,54.358078986049286,5188600
2018-09-11,55.059146881103516,55.52907989676408,54.38891310199526,54.689361308395654,4172200
2018-09-12,55.444332122802734,55.87574368456465,55.228626341921775,55.58300096444645,6137200
2018-09-13,55.891143798828125,55.914254288379375,54.78949873574068,55.4597264428893,4038600
2018-09-14,56.62299728393555,56.95426131267105,55.78328490733853,55.78328490733853,4618500
2018-09-17,57.193084716796875,57.70153900621758,56.715452250718776,56.78478372061759,6010100
2018-09-18,57.80937957763672,58.340944243922536,57.493520608527916,57.58596842626354,5989500
2018-09-19,58.18687438964844,58.44110152326778,57.50894124420395,57.77857341128185,3952800
2018-09-20,58.0559196472168,58.66452141608121,57.632207694988,57.855618917295786,5220300
2018-09-21,58.76468276977539,59.05743141616765,58.05593340674422,58.37178667345787,15114300
2018-09-24,59.365562438964844,60.01268558390042,59.157562139456886,59.31934145630552,6377300
2018-09-25,60.174468994140625,60.55965954928041,59.812388931902596,60.051205195276005,6145100
2018-09-26,59.53504943847656,60.390172914898294,59.473417540932004,59.88942403304592,6148000
2018-09-27,59.719947814941406,60.08202791799646,59.5581684688504,59.87402758089148,4367000
2018-09-28,59.62748336791992,60.61356998831829,59.56585148476005,59.56585148476005,6190100
2018-10-01,61.545745849609375,61.8153780601561,59.889425302620346,59.91253579530415,6407200
2018-10-02,60.3054313659668,61.222186752714926,60.25921038093456,61.0835179200769,4534600
2018-10-03,60.52885437011719,60.7907870505423,60.00499488680945,60.575075364145306,6825500
2018-10-04,60.3054313659668,60.7676588489131,59.77386652793081,60.405584670258406,4457100
2018-10-05,60.390167236328125,60.528836053993544,59.77386007391721,60.089719110976496,6535600
2018-10-08,60.3054313659668,60.68291645799312,59.52734481185669,59.881725288908235,4034400
2018-10-09,61.16825485229492,61.5996663475398,60.19757311045313,60.54424222234051,4869600
2018-10-10,57.8479118347168,61.36085351730269,57.78628581593126,61.299221620976006,8332100
2018-10-11,56.076045989990234,57.60139741300114,55.413517714527515,57.131470307306856,9326500
2018-10-12,57.11656188964844,57.44148198737508,56.157265550256795,57.0314629256335,6296100
2018-10-15,56.683353424072266,57.39509105487272,56.48221569792917,57.11658630853232,6125000
2018-10-16,57.09334945678711,57.387323915931724,56.652384816934216,57.062403844939475,5726200
2018-10-17,56.07215881347656,57.30221569871152,55.871015320108285,57.30221569871152,7302700
2018-10-18,56.157283782958984,56.61372436562105,55.321775532148926,55.406874523793135,7800900
2018-10-19,56.079891204833984,57.170701720763546,55.90196134198302,56.21914348554263,5658000
2018-10-22,55.7395133972168,56.29651673835235,55.128350805270514,56.17274018552411,5385700
2018-10-23,53.55016326904297,54.61002257140369,52.76880270355013,54.57134497846747,7502000
2018-10-24,50.81926727294922,54.16904843364813,50.285465823937415,53.921489453374996,9260000
2018-10-25,52.62179946899414,53.14013102593779,51.47684148262135,52.51349279196621,8727300
2018-10-26,52.97768783569336,53.43412241923237,51.57742666265532,51.80177796554288,8193800
2018-10-29,52.10348129272461,53.92923111363247,51.229289873449126,53.51921207713802,6853100
2018-10-30,53.782249450683594,53.929239657723095,51.72441606349561,51.97197510035145,6506900
2018-10-31,54.07624053955078,55.5615950538986,53.96019592699488,54.455314098444155,6591400
2018-11-01,53.82866287231445,54.88852207552144,52.985411154285735,54.30830511530548,7826500
2018-11-02,52.48257064819336,54.34700452624202,52.12670484995987,53.91377762444018,5725200
2018-11-05,53.40319061279297,53.76679433901789,52.7997656638557,53.14016164624067,4955500
2018-11-06,53.766788482666016,53.82094184648565,52.79975991283389,53.65074387383136,6150200
2018-11-07,54.176795959472656,55.12835446382262,53.5733712064924,54.72606736032065,6585500
2018-11-08,51.763092041015625,54.393404212142826,51.57741836364239,53.9679153149415,9826900
2018-11-09,51.62384033203125,51.99517588653425,50.12301055171174,50.850217707499084,9190700
2018-11-12,50.39377975463867,52.66049439147542,50.39377975463867,52.289152916537624,6766600
2018-11-13,49.295230865478516,50.73416931087548,48.428771466466564,50.115268896970974,11213800
2018-11-14,49.60469436645508,51.06684093633019,49.140518931628,50.146227947048324,9708500
2018-11-15,50.44794464111328,50.50983588480133,48.93164458439923,49.18694153790704,7782600
2018-11-16,51.15192413330078,51.39948310838225,50.57943920782925,50.74189923188851,7993600
2018-11-19,51.399505615234375,51.62385695687101,50.30869453027081,50.5717293765005,7793900
2018-11-20,49.504112243652344,50.71869655734569,48.90842247823664,50.71869655734569,7453900
2018-11-21,50.65681838989258,51.175144196640254,49.682052108376425,49.829042314157064,6392600
2018-11-23,49.35711669921875,49.457688454182964,48.28178185741411,48.64538538995998,5361000
2018-11-26,50.05338668823242,50.74964830368278,49.921872244834255,50.05338668823242,6355100
2018-11-27,50.502079010009766,50.74963798938152,49.6278876552252,50.07659014979638,6116400
2018-11-28,51.329856872558594,51.546470250046546,50.35509077159095,50.370566528424014,5602100
2018-11-29,51.73214340209961,52.227261374922506,51.22154967259811,51.41495531517804,4606000
2018-11-30,51.19834518432617,51.786300027664396,50.61812821981761,51.08230061097003,7175400
2018-12-03,53.465057373046875,53.58110194136307,52.265940004232725,52.683696908807875,7497100
2018-12-04,51.77082824707031,53.93697410854906,51.67025942364772,53.71262282343162,7532200
2018-12-06,51.531005859375,51.531005859375,49.75167138030741,50.223581675131264,8412000
2018-12-07,50.98947525024414,53.472803421641586,50.91210825803117,52.79201166471353,8095500
2018-12-10,50.44019317626953,50.89663359770472,48.97031194816841,50.355094214684534,8750900
2018-12-11,50.625877380371094,51.639321348826535,50.07660590650658,51.1674109736816,5569200
2018-12-12,50.494354248046875,51.87913967751828,50.45567665194713,51.09778495038926,5544900
2018-12-13,51.15966796875,51.894613088654346,50.20037745571237,50.378313276990696,6417200
2018-12-14,49.93735122680664,51.28345316869626,49.751677515855974,51.151938716811124,6445900
2018-12-17,48.8310546875,50.16168347102812,48.49839675383401,49.952807978852576,7018300
2018-12-18,47.894989013671875,49.21788333714247,47.55459603282553,48.76144575200423,6806200
2018-12-19,47.407596588134766,49.32618046834234,47.05173086584369,48.397835619084965,7699800
2018-12-20,46.41736602783203,47.74799813166028,46.162069098133365,46.626244529093675,8372900
2018-12-21,46.26263427734375,47.167774320213155,45.49674949989818,45.80619679187578,15043600
2018-12-24,44.104225158691406,46.169799130410794,44.104225158691406,45.51222107058088,3842800
2018-12-26,47.577796936035156,47.60100467310371,43.90308904260155,44.62255840309105,7263900
2018-12-27,48.14254379272461,48.1502816729277,45.991873473577584,46.90474856252559,6131000
2018-12-28,47.70930099487305,48.63764864029239,47.307019867955944,48.544814761091196,5053700
2018-12-31,48.23537826538086,48.52935574269218,47.72478735801732,48.06518326368411,5290800
2019-01-02,49.03221130371094,49.39581199375682,46.750023573876355,46.951164192765354,5735400
2019-01-03,48.10385513305664,49.28749680677538,47.70157101329756,49.15598237686713,4727300
2019-01-04,49.31843948364258,49.44221897841883,48.47519075324937,48.800113771496996,7700100
2019-01-07,49.101829528808594,49.720724094701495,48.49840186746114,49.44222242539053,6272200
2019-01-08,49.7594108581543,49.96055440887062,49.09409487693873,49.67431189063095,5774900
2019-01-09,51.40720748901367,51.63929657610669,49.97600719132852,50.339610673381266,8350300
2019-01-10,52.559940338134766,52.614093703625464,50.61814525735535,50.95854121316785,8811100
2019-01-11,51.36081314086914,52.09575238159266,50.89664067818728,52.049336906006396,6018300
2019-01-14,50.757389068603516,51.30666051249442,50.540775643099856,50.765126948735265,4972000
2019-01-15,51.082313537597656,51.66253064893298,50.87343797451736,51.09005141838542,4504100
2019-01-16,50.796058654785156,51.26796297265807,50.664538337659316,50.85794397207028,5402300
2019-01-17,51.87913513183594,51.96423409898139,50.29321217614981,50.3318897688606,5997400
2019-01-18,52.52898406982422,52.8461663170582,51.96423688505916,52.327840509216706,6073800
2019-01-22,50.86568832397461,52.01838439913642,50.73417389238193,51.83271661910721,6915500
2019-01-23,50.9507942199707,51.414966684348656,50.40152278185827,51.2292988790521,5938700
2019-01-24,51.15192413330078,51.623834351779756,50.63359254918234,51.03587957260944,5789900
2019-01-25,51.82498550415039,52.30463372595643,51.46138187336052,51.5619566066353,4504500
2019-01-28,50.55624008178711,50.95852717369119,50.192636484122,50.95852717369119,5942800
2019-01-29,50.517578125,51.2834631493379,50.4788946187885,51.22157190030924,5308800
2019-01-30,50.81926727294922,51.13644944973433,50.370564776744274,50.90436622575608,8087400
2019-01-31,52.36653518676758,52.84617759995743,50.981749508728214,51.47686768495439,9927700
2019-02-01,53.13240051269531,53.728087318913225,52.68369798723286,52.86936575897621,7486400
2019-02-04,54.09943771362305,54.161328948532685,52.75333581683999,52.75333581683999,5593100
2019-02-05,53.581119537353516,54.12265316430568,53.46507493092838,53.88283197269456,4483900
2019-02-06,53.465057373046875,53.80545319950187,53.00088500205402,53.11692957037021,4071300
2019-02-07,52.204044342041016,53.248433445460705,52.02610858556708,52.89256783478359,6230300
2019-02-08,51.49298095703125,52.1302315955619,50.715845742770895,51.912634684220386,6554900
2019-02-11,51.86600112915039,52.12245716585931,50.964527388240086,50.964527388240086,5200400
2019-02-12,52.41775894165039,53.07832850501455,52.254561285818006,52.852958619606916,3958000
2019-02-13,52.67422103881836,53.490215341500736,52.56542258900349,52.619821813910924,5839800
2019-02-14,53.700050354003906,54.15856328384342,52.45663500633483,52.45663500633483,5442800
2019-02-15,54.53935241699219,54.64815087833441,53.99536011028107,54.35284161598716,5173500
2019-02-19,54.00312423706055,54.40723786769503,53.76221421857497,54.02643734477578,5189600
2019-02-20,54.90460205078125,54.98231438353036,53.97203627057917,53.97980928257536,5837100
2019-02-21,54.585994720458984,55.05227482491142,54.34508461779109,54.585994720458984,5984300
2019-02-22,54.37617111206055,55.18439273208078,54.29845874897794,55.06004820789001,5225500
2019-02-25,53.81660079956055,54.40722508219345,53.801060707759305,54.13522900764861,5160900
2019-02-26,53.56016159057617,54.03421458141768,53.4202770042775,53.70004617687484,4689900
2019-02-27,53.79330062866211,54.66368827643755,53.43581914060132,53.84769985664807,5355700
2019-02-28,52.728614807128906,53.76997891354009,52.580963171414574,53.738892798371225,8154300
2019-03-01,53.56794357299805,53.707828182719346,52.91514675127444,52.91514675127444,7372600
2019-03-04,54.3217658996582,54.446104481121495,53.41251890038674,54.088622906939705,6625800
2019-03-05,53.63010787963867,54.446096374513765,53.24930731962525,54.39947015454139,7635500
2019-03-06,53.07057189941406,53.34256807654847,52.79857572227965,53.31925496551866,7296300
2019-03-07,52.80633544921875,53.15604985315712,52.49548610670174,53.12496373309119,6964300
2019-03-08,50.84796142578125,51.83492061906134,50.44385369041746,51.83492061906134,8068800
2019-03-11,51.189903259277344,51.55515186210688,50.77801657859676,51.4463533967412,8703500
2019-03-12,51.00338363647461,51.617321187198925,50.630362041775875,51.423037377314195,11790200
2019-03-13,52.34005355834961,52.34782657034458,51.314235350637965,51.36086156446593,8324800
2019-03-14,52.08359909057617,52.736395749155236,52.04474588757467,52.28565590502578,7315500
2019-03-15,52.52655792236328,52.79078693625694,51.702796623713446,51.726109727777846,16733200
2019-03-18,52.54210662841797,53.0783317655715,52.30119663535271,52.75193050478602,7712200
2019-03-19,52.34005355834961,53.23376020750141,52.14576976197186,52.95399106639179,6456400
2019-03-20,52.48772430419922,52.96955037451783,51.81161438877878,52.37115281132363,7117300
2019-03-21,52.95398712158203,53.062785565122944,52.27011034374335,52.6353648023752,5580900
2019-03-22,51.34531784057617,52.65090509712149,50.81686571461567,52.42553519776342,5182100
2019-03-25,52.122459411621094,52.448854783820515,50.91789743874591,51.32201107686341,8070000
2019-03-26,53.28038787841797,54.088609204940774,52.77525473727843,52.821880952381505,7245200
2019-03-27,52.775245666503906,53.68449227916313,52.518789669373334,53.07832787072365,5015600
2019-03-28,52.363365173339844,52.54210886970586,51.88154516665633,52.37891119688685,5122100
2019-03-29,51.86600112915039,53.26484684840723,51.741662581366995,53.06279003805435,6810900
2019-04-01,52.60429763793945,52.93846610037158,52.308982388443894,52.44886699897531,5309000
2019-04-02,51.56291580200195,52.71307842800431,51.36085900370344,52.526561723849994,5833000
2019-04-03,50.91013717651367,52.036981034448914,50.64590808094671,51.920409549024434,5490800
2019-04-04,50.63813400268555,51.112181034213904,50.49047641293679,50.956756361162434,6397900
2019-04-05,51.38417434692383,51.438573566126294,50.71583769439624,50.91012146712937,8337800
2019-04-08,51.71834945678711,52.47216561344643,51.43858031303007,51.687263337584,5705200
2019-04-09,51.05778503417969,51.50852491522946,50.86350121604495,51.454125683314594,4707300
2019-04-10,52.04475021362305,52.207947909565306,51.31424115924871,51.35310029455137,6629000
2019-04-11,51.578468322753906,52.534341353409516,51.07332922790863,51.788292230021526,9486900
2019-04-12,52.35560607910156,53.01616988294049,52.26234771080236,52.50325775090238,9913100
2019-04-15,51.55514907836914,52.246804898092904,51.45412363143353,52.11468740093544,7284800
2019-04-16,51.16658020019531,51.99812058012586,51.16658020019531,51.881549110944015,7790500
2019-04-17,51.119956970214844,52.06806294563761,51.119956970214844,51.67172229889645,7907100
2019-04-18,51.21320724487305,51.59400180580973,50.91789209514732,51.24429336216368,6033400
2019-04-22,52.0369758605957,52.301204929891306,51.54738278537784,51.83491903455454,9061600
2019-04-23,51.640621185302734,52.39444312492791,51.62508109324864,52.06027481960138,8133500
2019-04-24,50.28064727783203,52.068060688003975,50.27288019442188,52.068060688003975,7624600
2019-04-25,49.71333312988281,50.24178523328351,49.68224701449804,50.22623921105599,7305000
2019-04-26,48.788543701171875,49.46465341520638,48.24455146854916,49.410254191944105,9216800
2019-04-29,48.68751907348633,49.05277058365504,48.46214916507166,48.780774462834145,6769300
2019-04-30,49.05276870727539,49.71333534827069,48.6098019191485,49.38693705123572,9358300
2019-05-01,48.703060150146484,50.14853205459837,48.703060150146484,49.526824505515684,12032000
2019-05-02,47.630611419677734,49.20042469156721,47.62283840846801,48.33780424846869,12614200
2019-05-03,48.19015121459961,48.86626095576608,47.809356636482605,48.10466883499662,6883800
2019-05-06,48.089134216308594,48.454385799188394,47.389711245626486,47.599538136831114,7402400
2019-05-07,47.405250549316406,47.669476654566154,46.86125527797448,47.52959207152007,6452200
2019-05-08,47.739418029785156,48.29118333868992,47.374163518338165,47.43633576051453,4809000
2019-05-09,47.82490539550781,48.05027533608912,47.13325547710073,47.273140063355626,7799800
2019-05-10,48.35988998413086,48.64105262020394,47.22743367004967,47.8522378728224,6411500
2019-05-13,47.78974914550781,48.35207433743619,47.50077780156729,48.02405329501199,6280300
2019-05-14,48.672279357910156,49.11745240855624,47.98499344596685,48.02404611791522,5259000
2019-05-15,48.453617095947266,48.67229784125957,47.87567129566256,48.42237613824502,6316300
2019-05-16,48.8675422668457,49.30490667330668,48.81287208845074,48.89097149207175,5312500
2019-05-17,48.50048065185547,48.86755449519155,48.28179988355416,48.39895199760244,4906100
2019-05-20,48.773834228515625,48.85974538093801,48.328660965328744,48.44581009920309,4794800
2019-05-21,49.687599182128906,49.95314133219617,48.96126338868907,48.96907511683004,5855300
2019-05-22,49.24242401123047,49.75788781340148,49.000314076140306,49.2580444875752,5156300
2019-05-23,46.469852447509766,48.39893803190041,46.251171742309616,48.2974064276427,8896800
2019-05-24,46.766639709472656,47.18057193251391,46.02468342003347,46.875980071838164,6070700
2019-05-28,46.8994026184082,47.3601962079619,46.68853067275133,46.88378214325203,5685800
2019-05-29,46.96969223022461,47.13370274679284,46.03248459664751,46.3058384368955,6828300
2019-05-30,46.040306091308594,47.10247476941855,45.76695219306765,46.91503201121615,5817900
2019-05-31,46.048118591308594,46.39176317945236,45.15777212075759,45.33740316487737,6939500
2019-06-03,46.40736770629883,47.01655431529928,46.094967143584135,46.13401684151085,6541500
2019-06-04,46.157447814941406,46.8603543214841,46.04810746487945,46.75882271958324,7260500
2019-06-05,44.579833984375,46.3136656702675,44.50173157914427,46.24337499521091,11839200
2019-06-06,45.45454406738281,45.712274465665196,44.74382881612383,44.814119466437404,7370600
2019-06-07,46.048118591308594,46.32147251181402,45.415505561865416,45.54046641774447,5893000
2019-06-10,46.28241729736328,46.618250137826045,45.91534647911223,46.337090461921505,5268400
2019-06-11,45.868473052978516,46.758819242184536,45.8138028820133,46.61823795133086,5280300
2019-06-12,45.727901458740234,45.774762892062064,45.204628860169905,45.431118339638324,5677400
2019-06-13,46.12620544433594,46.563566802876366,45.970003682299726,46.3526948710226,5174200
2019-06-14,45.93876647949219,46.38393960104553,45.8372348789955,46.126209205078304,3590500
2019-06-17,46.087154388427734,46.16525676184004,45.517020469372014,45.57169064111017,4575000
2019-06-18,46.72758102416992,47.032172826300126,46.243355256336464,46.415177495200005,4980000
2019-06-19,46.58702087402344,47.0868643637504,46.38395759425798,46.66512030205495,4469100
2019-06-20,47.40707015991211,47.79757320409705,47.17276892926151,47.430499389186636,9437900
2019-06-21,47.11809539794922,47.63355926052427,47.07123396342364,47.407066795936345,9147100
2019-06-24,47.266475677490234,47.46953589308812,47.0712242097111,47.11027390740673,3701800
2019-06-25,46.680728912353516,47.5476460478316,46.672917183955605,47.09466113839923,5024000
2019-06-26,49.00813293457031,49.43768569510857,47.500790918318266,47.50860264775273,9509900
2019-06-27,47.85222625732422,49.09402561234894,47.5476344686145,48.875344939285704,6004700
2019-06-28,47.64136505126953,48.18025810798949,47.39144337459059,47.8522370245864,6108800
2019-07-01,48.61762237548828,49.05498679792069,48.19587843021075,48.422370880004394,6272200
2019-07-02,46.938453674316406,48.68009946334366,46.790063624992136,48.60199708530371,8132300
2019-07-03,47.2508659362793,47.45392619800529,46.852554162419906,47.26648641476616,4881900
2019-07-05,46.782264709472656,47.31334907456256,46.540151755613465,47.00875420513905,4584300
2019-07-08,46.774444580078125,47.28990837370397,46.66510422677889,46.70415392734273,7176000
2019-07-09,46.774444580078125,47.00093701437009,46.079349780417644,46.84473523281352,6057000
2019-07-10,47.80537414550781,47.852235575704256,47.055609138172564,47.235240151640305,5983900
2019-07-11,48.00061798095703,48.008429707728006,47.45391329972113,47.68040570726613,4194600
2019-07-12,48.234928131103516,48.391129923343314,47.86004561730883,47.992818183468145,4806300
2019-07-15,47.368011474609375,48.35207764857158,47.31334129712821,48.30521621960148,5051000
2019-07-16,46.66510772705078,47.50859562314415,46.52452641103522,47.36801430712859,6011300
2019-07-17,46.688541412353516,47.28210768762019,46.68073266262971,46.946274842764446,7055900
2019-07-18,47.11027526855469,47.20399514159224,46.696343098279556,46.90721504708983,5711600
2019-07-19,47.357547760009766,47.55379152895837,46.59612097826765,47.04355653191509,5136000
2019-07-22,47.44388961791992,47.84422855911786,47.07495339095256,47.45958947781416,3320500
2019-07-23,47.31829833984375,47.45959409820557,46.97291037187173,47.36539792411182,4431900
2019-07-24,47.161293029785156,47.663676482418346,47.012145883606095,47.20054117556433,4405000
2019-07-25,46.34492111206055,47.569480100321336,46.23502509972348,47.561631668486584,5019300
2019-07-26,46.11728286743164,46.59611811333613,45.87393953089796,46.23503031933809,6704100
2019-07-29,45.677703857421875,46.16439061661632,45.12037220791232,46.070191440644265,6597500
2019-07-30,46.7138671875,46.988610270953686,44.75928085266557,44.82207730396427,5927800
2019-07-31,46.37632751464844,46.89441092924835,45.82684437929891,46.690315738818036,8268500
2019-08-01,46.15652847290039,47.31829109020422,45.442201357043245,45.591348520486754,7924200
2019-08-02,44.327537536621094,46.55686657233033,44.209790093284575,46.266423677284756,7697700
2019-08-05,42.92243194580078,43.73095521320909,42.569192607559614,43.605359336772445,7474600
2019-08-06,42.5692024230957,43.19718195007743,42.32585904632165,43.18933351605879,6166900
2019-08-07,41.8548698425293,42.16886106342759,41.05419492423662,41.823470121551026,9289600
2019-08-08,43.22858428955078,43.24428415298019,41.83917781769689,42.215965556674476,7444800
2019-08-09,42.39649963378906,43.54256544203979,42.37295134134323,43.14222650380831,5391700
2019-08-12,41.697872161865234,42.333703005117584,41.485928547447784,42.223806981591956,4726100
2019-08-13,42.28660583496094,43.04018417174443,41.16409125452996,41.478082477726595,6461800
2019-08-14,40.64601135253906,41.493785931926716,40.434067707692144,41.17979468153666,7851800
2019-08-15,39.96308135986328,40.826552753475184,39.711889572832824,40.34772046812746,6069800
2019-08-16,40.402671813964844,40.66171205561895,39.87673690784854,40.07298069479114,5273200
2019-08-19,42.341552734375,42.624144228918716,41.17979003026138,41.26613776408775,9315400
2019-08-20,41.37603759765625,42.074664970974354,41.32894100719408,42.00401709083868,5297700
2019-08-21,41.3132438659668,42.129615763639464,41.12484850838534,41.86272708159988,6044600
2019-08-22,41.02279281616211,41.87841569915738,40.99924452401977,41.53302777182097,4316200
2019-08-23,39.57844543457031,40.96785180269493,39.35080491794578,40.54396749951792,7133400
2019-08-26,40.32417297363281,40.59106464677057,39.79038962735729,40.07298116296699,4989100
2019-08-27,40.018028259277344,40.70095572405422,39.6569404498038,40.606759555157254,5342100
2019-08-28,40.77945327758789,41.00709675422941,40.22997015944847,40.35556604407102,4880300
2019-08-29,41.04636001586914,41.56444360494882,40.98356055322036,41.06205988153134,6401900
2019-08-30,40.959999084472656,41.55657881563668,40.52041197057553,41.101294835566655,5131500
2019-09-03,40.85010528564453,40.91290173709248,39.829638245465524,40.07297861218464,5142300
2019-09-04,41.839168548583984,41.98046429370305,41.28968542805897,41.4388326003747,5803100
2019-09-05,41.94906997680664,42.5770524779715,41.831325503670094,42.06681744438568,6014500
2019-09-06,42.09821319580078,42.2238090852936,41.35248629186873,41.66647751282187,4635000
2019-09-09,43.150081634521484,43.212878084580915,42.28660723927632,42.545650456182564,6176800
2019-09-10,44.20980453491211,45.128227107401074,43.479777334414656,43.59752481621471,8567700
2019-09-11,44.900577545166016,45.12036962094719,44.18625030443475,44.531638279868375,7940300
2019-09-12,44.23335266113281,44.72003945586323,43.62892437394685,43.95076409591098,5712300
2019-09-13,45.01047897338867,45.29307053005969,44.64153966390787,44.72788741671766,7885300
2019-09-16,49.08449935913086,49.57118614965325,47.498849061511265,48.23672768190975,17898000
2019-09-17,48.05617141723633,49.626121448566444,47.25549654192492,49.037390186817646,13487100
2019-09-18,47.10635757446289,47.38894910841667,46.52547763861797,47.09850914049421,7412500
2019-09-19,47.074951171875,47.64013112921509,46.90225571562116,47.47528709975931,6270700
2019-09-20,47.742183685302734,48.05617491218098,47.20055196310215,47.294748133388715,18124800
2019-09-23,47.23982238769531,47.62445867778241,46.98863048555249,47.098526568434515,6729300
2019-09-24,46.549015045166016,47.14559769826731,45.80328822601033,47.09064969001349,9370200
2019-09-25,46.6903190612793,46.7060189227713,45.764048194347936,45.88964409184156,5788200
2019-09-26,45.27735900878906,46.415573377015,44.97121923269866,46.36062536563683,6655400
2019-09-27,45.45006561279297,45.79545362533946,44.71218700291065,44.790686320154926,4329300
2019-09-30,44.72787857055664,45.45790561609302,44.500235084434074,45.19101397584916,5923700
2019-10-01,43.291378021240234,45.293063930054956,43.197178853114515,45.13606831095447,6329000
2019-10-02,41.658626556396484,43.20502839624652,41.60367854127471,43.00878462954239,6135600
2019-10-03,42.12176513671875,42.2395126033827,41.054198486366154,41.43883761561825,4238200
2019-10-04,41.99617004394531,42.3808091805941,41.36819053002716,42.019718339953954,5148300
2019-10-07,42.859642028808594,43.668168470219705,42.231662507161055,42.50640560656112,8158600
2019-10-08,42.31015396118164,43.471916609081234,42.17670665324102,42.31015396118164,6968700
2019-10-09,43.126529693603516,43.448369355703456,42.61629768973118,42.851789614167814,5632100
2019-10-10,43.864402770996094,43.96644736251459,43.17362394936256,43.17362394936256,5426500
2019-10-11,44.296138763427734,44.73572583422089,44.11559487572035,44.33538691389596,6810600
2019-10-14,44.06065368652344,44.311845481733506,43.676014565734164,43.82516175281929,4402900
2019-10-15,43.91936492919922,44.343252274109794,43.49547758428864,43.79376901157122,6226000
2019-10-16,43.19172668457031,44.0854585421388,43.15218166795395,43.84027461177113,5190700
2019-10-17,43.12844467163086,43.3894471662354,42.69344353104747,43.310354129798796,4364300
2019-10-18,42.669715881347656,43.40526450470703,42.669715881347656,43.23126284672372,5160400
2019-10-21,44.25944900512695,44.378087050050915,42.77253614006725,42.90698977502966,6734100
2019-10-22,44.718177795410156,45.59609084533873,44.23572085683026,44.24362865153733,6187300
2019-10-23,44.48881149291992,44.939631208014255,43.95099095261604,44.78144816373242,5252400
2019-10-24,44.41763687133789,45.00291333016312,44.07754432394194,44.74191080989087,4552100
2019-10-25,44.56791305541992,44.844734208918595,43.9668209518964,44.36227715653044,3046000
2019-10-28,44.037994384765625,45.042453305762564,43.38944658019922,44.67072358225836,7574600
2019-10-29,45.15318298339844,45.84918664687701,43.01771918626278,44.13290540007604,8699200
2019-10-30,43.531822204589844,45.445828895607924,43.460639963026026,45.43001028447245,7907800
2019-10-31,43.658355712890625,43.658355712890625,42.81207986789673,43.397353228706535,6346400
2019-11-01,45.20063400268555,45.469544274735554,43.8719012486844,44.014265687833856,6483600
2019-11-04,45.8729133605957,46.32373312984117,45.24809192003058,45.683093081238724,5667900
2019-11-05,46.27627182006836,46.92482260435476,46.15763679948804,46.36327264541497,7545200
2019-11-06,45.58027648925781,46.72709992252999,45.358818994629665,46.07064126827198,5464900
2019-11-07,47.090911865234375,47.16209408203325,46.11017943568222,46.11017943568222,9492200
2019-11-08,46.790367126464844,46.90109435526855,45.80963463960646,46.57682046359026,4769000
2019-11-11,46.59264373779297,46.85364624648379,46.110186749309456,46.39491566166635,3716200
2019-11-12,46.05482482910156,47.019738841680564,45.82545952822768,46.648009079374006,4939900
2019-11-13,45.524906158447266,45.88872503707757,45.25599589661388,45.746360603336925,4644200
2019-11-14,45.27973175048828,45.9124610230594,45.050366446340256,45.68309571891138,3971200
2019-11-15,46.07063674926758,46.1022739621242,45.516997592639356,45.52490840439886,4261900
2019-11-18,44.8447265625,45.6989102499762,44.59954267127999,45.635638836910616,5793300
2019-11-19,45.21645736694336,45.50118629420222,44.52836447079521,44.94755006574461,6588000
2019-11-20,46.948543548583984,47.098815764023655,45.01871606035724,45.16108048218021,10097500
2019-11-21,47.62083053588867,47.889740848042116,46.98019348126656,47.098828520189755,10527300
2019-11-22,47.375648498535156,48.55410614894133,47.170009608699715,47.842286881357396,6575300
2019-11-25,48.28519058227539,48.37219140948863,46.829911972129416,47.454733352032946,7721200
2019-11-26,47.54173278808594,48.53037303732382,47.51009557600858,48.08746111951263,8151100
2019-11-27,47.72364044189453,47.834367662921565,46.877364661655946,47.731548236071966,5998400
2019-11-29,47.40727996826172,47.69200886573748,47.00391604156495,47.146280490302836,2707100
2019-12-02,47.74736785888672,48.48291643377086,47.47054980042088,47.64455144693687,7171500
2019-12-03,46.576820373535156,47.38355120380467,46.35536591635593,47.24909757397177,6110000
2019-12-04,47.95301055908203,48.28519225585626,46.80618719324048,46.948551639598236,8036700
2019-12-05,47.32819366455078,48.45919853104725,47.01182752760828,48.24565184117473,5047000
2019-12-06,49.01283645629883,49.139382304286045,47.55755769590038,47.699922152022374,8311100
2019-12-09,48.902095794677734,49.21055102591913,48.54618475205683,48.704367772898365,5256500
2019-12-10,48.84674835205078,49.04447645146614,48.50665879678041,48.910022792067544,4630200
2019-12-11,48.78346633911133,48.910012174582675,48.26937218539545,48.538282462908406,3959200
2019-12-12,49.503196716308594,49.78792560253289,48.53828282790199,48.63319446803724,5162700
2019-12-13,49.590206146240234,50.67375524712719,49.42411527283029,50.183390423068246,6965000
2019-12-16,49.68511962890625,50.27830396355613,49.45575429540633,49.867029129481224,5590000
2019-12-17,50.23874282836914,50.44437867089404,49.74837811381702,49.74837811381702,6211100
2019-12-18,49.985652923583984,50.586744883458486,49.94610791598934,50.19919958510393,5598400
2019-12-19,49.977752685546875,50.12011715668006,49.75629818249139,49.811661808255266,5197100
2019-12-20,50.39691925048828,50.63418925655736,50.009370999559,50.56301006499075,11008000
2019-12-23,51.092933654785156,51.274846139827915,50.19129411054992,50.35738497036357,7019800
2019-12-24,51.14830017089844,51.81266968195369,51.10084736088819,51.21948542009616,3188400
2019-12-26,51.40929412841797,51.99456747969379,51.290656088977656,51.48047333157334,4835200
2019-12-27,51.393489837646484,51.90757806460465,51.10085008058288,51.567485495005265,5414300
2019-12-30,51.10084533691406,51.6070287375826,51.03757090328497,51.4646642790082,3665200
2019-12-31,51.433021545410156,51.543748775293246,50.539292894444785,50.737020952690514,3639800
2020-01-02,51.77312469482422,51.947126387335366,51.29066765074611,51.630760222240795,4122800
2020-01-03,51.962947845458984,53.09395294025949,51.46467515226647,53.02277371302487,6333200
2020-01-06,52.57985305786133,52.94367199659489,52.105300844208635,52.42166697524974,8823800
2020-01-07,52.57985305786133,52.587757836355365,51.99457360347155,52.548215841339015,5974800
2020-01-08,51.361839294433594,52.6984767856516,51.029651590305846,52.55611235079145,6470100
2020-01-09,52.255577087402344,52.31885152162546,50.8477541139399,51.06920859953864,6005100
2020-01-10,51.741485595703125,52.358396276431534,51.67030637908792,52.08948896808633,7233100
2020-01-13,51.512107849121094,51.81265833786847,51.31437980512668,51.694020304635615,3675300
2020-01-14,51.52003479003906,51.670310081460045,51.140400205857404,51.58330923213031,6119400
2020-01-15,51.40929412841797,51.67029660835038,50.96638521763424,51.40929412841797,3933300
2020-01-16,51.464656829833984,51.891750143738236,51.21947597773721,51.717748493534884,4315200
2020-01-17,51.464656829833984,51.74938570577015,51.28274436802651,51.63074766843321,4765500
2020-01-21,50.64210510253906,51.29065283830389,50.57092288680436,51.069198396947264,6974000
2020-01-22,49.83538055419922,50.46020196845431,49.693019122039786,50.46020196845431,6755800
2020-01-23,49.938201904296875,50.11220357494728,48.73601485190247,49.04447016471657,6199900
2020-01-24,49.52692413330078,49.590198561354995,49.07610439323225,49.590198561354995,5689500
2020-01-27,48.27729415893555,48.90211568601125,48.11911107375175,48.53829368496111,7321100
2020-01-28,48.38801574707031,48.78347190517511,48.16656126400076,48.728108284407725,4824700
2020-01-29,47.84228515625,48.783469683524096,47.66828348913897,48.712287457623304,4102500
2020-01-30,48.15864181518555,48.23773484287772,47.13045659191132,47.25700241912829,6931500
2020-01-31,47.0039176940918,47.779011377197705,46.75873379773638,47.454737458581036,7673000
2020-02-03,46.806190490722656,47.72364864461239,46.553098794276586,46.98809995897507,7015300
2020-02-04,44.67863082885742,47.31236684608211,44.63117501142353,46.608455481477414,13403000
2020-02-05,46.48982238769531,46.624279042837045,44.939635058510255,45.30345397956761,12891800
2020-02-06,46.19718933105469,46.71919135106865,45.81755177259827,46.71919135106865,5901700
2020-02-07,45.8650016784668,46.165546154434615,45.524909177211505,45.722637235285944,5081800
2020-02-10,45.77009582519531,45.98364251696621,45.24809380656347,45.445821889637514,6756300
2020-02-11,46.4344596862793,46.67173276916863,46.03900354243344,46.54518692382159,6143000
2020-02-12,47.264915466308594,48.364286045233534,47.090916820228855,47.375645717384046,5906800
2020-02-13,46.85074234008789,47.35254475201215,46.675509076586636,47.06580051662686,5995600
2020-02-14,46.69143295288086,47.07375753241187,46.340969514588856,46.89056052795612,4204500
2020-02-18,46.436553955078125,46.65161211955351,45.966612715323606,46.52417058191394,3937800
2020-02-19,47.201202392578125,47.280855251301226,46.73922796576764,46.79498344765087,5267400
2020-02-20,46.89851379394531,47.43217408263738,46.65956138052431,47.193221669216385,5755000
2020-02-21,46.54806137084961,46.68346970339095,46.01440092219639,46.452480984520584,5216300
2020-02-24,44.9072380065918,45.35328169531925,44.59659956952953,44.7240410575152,10350200
2020-02-25,42.87614059448242,45.1541569522582,42.64515193381502,45.018751692281064,10447900
2020-02-26,40.7574348449707,43.21068828338468,40.7096461665899,43.02749125988431,11646700
2020-02-27,37.539527893066406,39.514872893717296,37.539527893066406,39.50690608990859,14676100
2020-02-28,38.567020416259766,38.582950984043244,35.93853750088902,36.17748994075088,16558800
2020-03-02,39.21220016479492,39.33167792048212,37.34040224866573,39.28388621051813,10672800
2020-03-03,38.328067779541016,41.01230918758995,37.79440743453862,39.451146975724136,11785400
2020-03-04,39.371498107910156,39.467078477938145,38.025397008920756,38.82987094700959,8924200
2020-03-05,37.993534088134766,38.74225252200145,37.26074318315362,38.21655595387271,9603800
2020-03-06,36.10581970214844,37.029771690972055,35.58808670079155,36.62354966505912,14504800
2020-03-09,27.137102127075195,28.833669694846655,25.4883262648907,27.04152175434653,29828600
2020-03-10,27.782278060913086,29.805411764130813,26.28483795684908,29.184134748362375,20337700
2020-03-11,25.934375762939453,27.041524563951786,25.098039058944046,26.7547803775279,18460700
2020-03-12,22.46158790588379,25.018384879749313,22.158913183725012,24.16611922179414,16581700
2020-03-13,24.99449348449707,25.281237689420344,21.975720124088255,24.37321639946049,17506900
2020-03-16,20.772985458374023,24.81129183270848,20.637578666843837,21.89606469197393,13774100
2020-03-17,20.90839195251465,21.38629835813093,19.426882550870953,20.996008557324032,18692900
2020-03-18,18.056884765625,20.390659697065328,16.59927128383163,19.315370714281446,17039700
2020-03-19,20.382699966430664,20.701303802404645,16.726717340474774,18.423283716550554,15655100
2020-03-20,21.37833595275879,22.612926274219916,20.621650582042108,21.553567666750233,23790200
2020-03-23,19.554325103759766,21.48187987824379,18.598513760558593,21.306648178462577,16239400
2020-03-24,24.484724044799805,24.58827122443646,21.067695982021135,21.067695982021135,16724400
2020-03-25,24.644027709960938,25.934374991250788,23.489087232761854,24.875014893867107,14295900
2020-03-26,25.560012817382812,25.8547207449747,24.213910134101493,24.787398458881665,13576900
2020-03-27,23.29791831970215,24.110358912899986,22.93948819940242,23.99088271254085,10647200
2020-03-30,23.329784393310547,24.006816845206973,21.919960980372494,22.708505892891413,11089600
2020-03-31,24.532514572143555,25.424606701686365,23.664318296514256,23.919202847256994,13481100
2020-04-01,23.592639923095703,24.317464302628757,22.96339594568618,23.353685879340667,11101400
2020-04-02,26.969837188720703,28.212391217417704,24.46082871955949,24.890944978006345,14693200
2020-04-03,26.213151931762695,27.861927888940237,25.17768922528312,27.567219950287726,11505000
2020-04-06,26.125532150268555,26.922042295328236,25.32105824067411,26.667159291984746,13532900
2020-04-07,26.499897003173828,28.6265779620616,26.30076943600701,27.782279021879432,11704200
2020-04-08,28.419485092163086,28.586751510310307,26.97780049000301,27.121172573685023,8171100
2020-04-09,27.662799835205078,30.251458074462498,26.515826201497514,30.211633170778384,14176800
2020-04-13,27.32029914855957,28.65843652255349,26.898149716465213,28.62657538544762,10222000
2020-04-14,27.14507293701172,27.455711473062212,26.81850079163527,27.376058618660988,11082200
2020-04-15,25.647626876831055,26.28483437520769,24.476756009633032,25.623729506710976,11354700
2020-04-16,24.747573852539062,25.671525644451933,24.309493811609308,25.360887125218937,13220600
2020-04-17,28.08494758605957,28.17256419193648,25.368849515324055,25.472395170178274,13162600
2020-04-20,27.53536033630371,28.41152043528235,25.806934474617215,25.862689951546095,13226400
2020-04-21,26.43616485595703,27.18488617365001,25.97419065255306,26.245004164356907,13639500
2020-04-22,27.861927032470703,28.30000704423264,27.51146363075022,28.037160252553615,12048400
2020-04-23,28.817737579345703,29.630178300039695,28.17256326155912,29.160237188219988,9849600
2020-04-24,28.746057510375977,29.70983426633864,28.49913821785056,29.4469874412787,8683900
2020-04-27,29.590354919433594,29.797446232936373,27.622973768153532,28.57081980507572,8302500
2020-04-28,30.649715423583984,31.055937370747117,29.916927419326292,30.17977423356808,9445700
2020-04-29,33.62070083618164,33.89151447423781,31.57366949851577,31.91616918895286,12958100
2020-04-30,33.53307342529297,34.71191102711002,32.52947205324801,33.915400940633276,11760700
2020-05-01,31.1754093170166,32.89587125922029,30.832909681622063,32.29052483296793,9256700
2020-05-04,32.147159576416016,32.17902072099515,30.38687235743976,30.761230171683618,12515600
2020-05-05,32.593196868896484,34.70395017536647,32.38610554781853,34.3295893982288,10096700
2020-05-06,32.25070571899414,33.318029719810426,31.717042199363057,32.72861071821808,8213000
2020-05-07,33.7879753112793,34.5287303491653,33.3817562768482,33.45344234627093,9520700
2020-05-08,34.65680694580078,34.874012636075875,33.83624154545621,34.688983634355615,6974200
2020-05-11,34.00517272949219,34.81769146638105,33.85232352084216,33.9729929796196,7076800
2020-05-12,33.4500846862793,34.71311067080631,33.40985846592781,34.28673667195259,7375900
2020-05-13,32.09053421020508,33.128308568298166,31.80896895126408,32.99959258294926,7666400
2020-05-14,32.12269973754883,32.54907067465133,30.393076573931477,31.318224418439325,6718700
2020-05-15,32.87890625,33.42594972609864,31.95376145132574,32.07443091089375,7242300
2020-05-18,35.07512664794922,35.887648530582084,34.72920197614793,34.95445717774909,9047300
2020-05-19,34.32695770263672,35.30037509476829,34.27869115132461,35.15556930317284,6126300
2020-05-20,35.5175895690918,36.04049672942488,34.833783648737686,35.06708224752309,7203000
2020-05-21,35.171669006347656,36.09681396806794,35.09121961696084,35.71066610550246,6646000
2020-05-22,34.81768798828125,34.88204748159726,34.029302608137364,34.52003300376855,4674000
2020-05-26,35.13143539428711,36.297925210196915,34.994676064315435,36.04853982758273,7702600
2020-05-27,35.93590545654297,35.94395192703043,34.56025361080135,35.67043023821374,5768100
2020-05-28,34.60048294067383,35.97613810110683,34.415453981174274,35.97613810110683,5871500
2020-05-29,33.932769775390625,34.41545374743029,33.52248563721004,34.27869441392333,10172200
2020-06-01,34.90618133544922,35.15556977293595,33.498349618548815,33.99712342469267,6344300
2020-06-02,35.55780792236328,35.95199909027146,35.155570283125755,35.4130021267314,5858300
2020-06-03,36.29792404174805,36.38641681421275,35.41300245476036,36.28988063917383,8024200
2020-06-04,35.96809387207031,36.305975130926306,35.54172289832424,35.943960592448484,5577000
2020-06-05,39.089454650878906,39.24230385193153,37.83447208769568,38.124083684494096,11578800
2020-06-08,40.4731559753418,40.8593037751973,39.266442949982135,40.39270659901987,10242200
2020-06-09,39.12163162231445,39.57213579084231,38.518275194753656,38.81593017307806,8203600
2020-06-10,36.93345642089844,38.848108261958735,36.901276676282116,38.64698946135075,7882300
2020-06-11,33.884498596191406,35.59803183533404,33.62706674706938,33.85232191667343,8435200
2020-06-12,35.17970657348633,36.53122540262257,33.876457369972776,36.45077909541466,8928400
2020-06-15,34.87400817871094,35.32451551803412,32.862819631638104,33.03980520580617,7992100
2020-06-16,36.289878845214844,36.74842949001873,35.07511950497124,36.4427280372063,6932400
2020-06-17,35.413002014160156,36.28183371635994,35.32450924279646,36.19334401382588,5967200
2020-06-18,35.75893020629883,36.07267510428689,34.737246135395445,35.01881128260782,7293700
2020-06-19,35.15556716918945,36.92541323883478,34.89813534838606,36.92541323883478,13702800
2020-06-22,35.04294204711914,35.38082016994379,34.3189131141671,34.78551021958718,5009100
2020-06-23,35.24407958984375,35.823299975288016,35.06709396351937,35.49346507912146,4962200
2020-06-24,32.9754524230957,34.72920620720579,32.92718278783688,34.59244684388489,7137200
2020-06-25,33.836238861083984,33.884505424502336,32.58929944638413,32.709971992590674,5981000
2020-06-26,32.46057891845703,33.48226297408728,32.30772970780239,33.44203982063394,8399400
2020-06-29,33.22483444213867,33.26505759962675,32.11465749625245,32.500808400862596,5764800
2020-06-30,33.8040657043457,34.06149765559191,32.40427678421741,32.8789175197334,6313900
2020-07-01,32.77432632446289,34.45567988845397,32.726056699839994,34.06952902913051,5600000
2020-07-02,33.61098098754883,34.19824765705344,33.45008836377338,33.64316073983595,4775000
2020-07-06,33.49031066894531,34.487858413864224,33.27310194977023,34.29478604270637,5825100
2020-07-07,32.693878173828125,33.490310131352295,32.6375651440752,33.10416232640511,5995100
2020-07-08,33.01567077636719,33.44204175148385,32.42035763686442,32.64561283310253,4896800
2020-07-09,30.85162925720215,32.8949974365173,30.803362698982575,32.70996846940561,9189500
2020-07-10,31.929630279541016,32.03421294984808,30.747053426185673,30.859679500902338,9218300
2020-07-13,31.905485153198242,32.589287820889915,31.37453166318974,32.283589465523576,5887000
2020-07-14,33.232887268066406,33.257020553406775,31.591756350643937,31.728515726013747,4953500
2020-07-15,33.482269287109375,34.12584907019829,33.02371849985662,33.94082007436213,5777100
2020-07-16,33.45812225341797,33.83622656320029,32.709960104052094,33.2167803175517,4655700
2020-07-17,32.47477722167969,33.864462922125654,32.32849419003945,33.604404888128855,6699300
2020-07-20,31.962793350219727,32.78360103220017,31.889651826072033,32.47478091911694,6407600
2020-07-21,33.85634231567383,34.19767047178395,32.50728990847748,32.58855689319398,7950900
2020-07-22,33.23058319091797,33.52314935402966,32.76735446603691,33.37686627247382,5158400
2020-07-23,32.8811149597168,33.425613544637535,32.694198460456235,32.938002455138005,5953500
2020-07-24,32.73483657836914,33.61253480367509,32.63731558671395,33.108672729964134,5202600
2020-07-27,32.320369720458984,32.89737330726342,32.05218312087765,32.442270183793454,5312400
2020-07-28,31.66209602355957,32.47477817878525,31.53206700272892,32.157832634269056,6188300
2020-07-29,32.45853805541992,32.45853805541992,31.369543377339074,31.670238135563512,6305200
2020-07-30,30.58935546875,31.26388313776021,29.175290271279525,30.97944252667759,13421000
2020-07-31,30.386194229125977,30.556856787908778,29.83356995294969,30.109882091037836,7719900
2020-08-03,29.833566665649414,30.386190880933157,29.81731264753672,30.288669872393957,8064700
2020-08-04,30.58935546875,30.938809039419034,29.638518846327063,29.792927337964123,5808100
2020-08-05,30.898176193237305,31.442671754099173,30.646243606788968,31.28826325925844,7315000
2020-08-06,30.922557830810547,31.231377942247452,30.564978770292885,30.589358244833267,6588700
2020-08-07,31.1257381439209,31.198879690609314,30.353689173351576,30.776284431980443,4445300
2020-08-10,32.214725494384766,32.239104971052164,31.247634684889555,31.296393638224345,5612600
2020-08-11,32.27162170410156,33.44188650172067,32.165975209979194,32.970529158204585,7975900
2020-08-12,33.85634231567383,33.87259633264448,32.710460470405465,32.807981472092614,11822500
2020-08-13,33.019283294677734,33.99450269176562,33.011154735458845,33.44187847008705,8286400
2020-08-14,33.17369079589844,33.31997385595995,32.474783531190546,32.68608266245135,3349800
2020-08-17,33.076168060302734,33.30371809733212,32.43414834138496,33.11680155260988,6089300
2020-08-18,32.775482177734375,33.588164565278845,32.612945080198024,33.01115771401793,5711500
2020-08-19,32.22285079956055,32.76734639106292,32.11720124444195,32.596683871350535,4526200
2020-08-20,31.507694244384766,31.94654344575784,31.47518620721556,31.743372863655903,3943200
2020-08-21,31.01195526123047,31.54019997613854,30.841292728772228,31.402042378336514,5034200
2020-08-24,31.588964462280273,32.149717310220005,30.95507317344827,31.15824377629313,5357400
2020-08-25,31.572708129882812,32.06031940108383,31.247637049219282,32.02781136297633,4160600
2020-08-26,30.524341583251953,31.662094692661253,30.491833554376647,31.556448249020907,6753300
2020-08-27,31.003826141357422,31.10947259175378,30.475581488829786,30.695006047565737,6231600
2020-08-28,31.19074821472168,31.25576118805259,30.78440705595822,31.15011471887274,5058100
2020-08-31,30.79253387451172,31.24763710846816,30.53247576943294,31.166367013045324,6165700
2020-09-01,30.199270248413086,30.55684929823756,29.760421118989946,30.410566255096516,6267700
2020-09-02,29.565387725830078,30.20740449060674,29.565387725830078,30.06924996531855,7441600
2020-09-03,29.248441696166992,29.963599994555796,29.126538092960708,29.28094663690291,8733400
2020-09-04,29.142784118652344,29.817308730975736,28.988372516932493,29.549125217685116,8285300
2020-09-08,27.679962158203125,28.687686543449587,27.41990405232422,28.687686543449587,9338600
2020-09-09,28.00503158569336,28.321977189746697,27.809989567877604,28.321977189746697,6440000
2020-09-10,26.753501892089844,28.05379553249564,26.704742934415513,27.980653995846957,8582800
2020-09-11,26.907917022705078,27.17610062518519,26.52595527054202,26.721000427003766,6769100
2020-09-14,27.241111755371094,27.525549327493316,26.826642035836397,27.013561697673317,5436000
2020-09-15,27.46865463256836,27.809982730026473,27.314246148085054,27.41176713301471,8333400
2020-09-16,28.508895874023438,28.874600419959577,27.34675996546746,27.728718529022053,9240700
2020-09-17,29.32970428466797,29.345958302658723,27.76122720013502,27.95627231588713,13147700
2020-09-18,29.150915145874023,29.622272398870695,28.768956547902643,29.094027629151963,12409800
2020-09-21,27.923763275146484,28.50889550121151,27.7043386903721,28.289470916437125,11316000
2020-09-22,27.875,28.289469675324767,27.639321408159383,27.907508033385607,7963000
2020-09-23,26.753501892089844,28.11068304987382,26.720996953686022,27.92376647846878,7714500
2020-09-24,27.306127548217773,27.84249781112478,26.379670103209065,26.664110804835982,7084000
2020-09-25,27.387388229370117,27.623066789625653,26.80225610739396,26.89165163715546,5240900
2020-09-28,27.395517349243164,28.232582157901952,27.32237582421738,27.90750802442365,8958400
2020-09-29,26.37966537475586,27.452405708285305,26.14398677568764,27.40364675684829,6662600
2020-09-30,26.688488006591797,27.05419567738547,26.45280938539842,26.59909245371589,8111700
2020-10-01,26.35527992248535,26.607212481614425,25.753895373399125,26.192742887567757,7929600
2020-10-02,26.875398635864258,27.054189702127818,25.55885441191945,25.664502410110302,7069100
2020-10-05,27.85874366760254,27.88312624068334,27.005428013049066,27.273614615982797,5652500
2020-10-06,27.06232261657715,28.508899360140635,26.916039540260197,28.34636226421766,6645600
2020-10-07,27.899381637573242,28.06191559876608,27.07857087292108,27.200474443952302,6633200
2020-10-08,28.874595642089844,28.947737159201747,27.874996974984786,28.037534024137493,6758800
2020-10-09,28.549530029296875,29.23218328439991,28.313851418575567,29.20780070733902,6382000
2020-10-12,28.923357009887695,29.12652754153902,28.224449884985344,28.500761932036593,7214600
2020-10-13,28.34636116027832,29.25656452180726,28.200078089658312,28.874602826284228,8121000
2020-10-14,28.061920166015625,28.87460250479522,27.663707556090394,27.663707556090394,9817400
2020-10-15,28.768957138061523,28.825844655950558,27.36301390984045,27.525551003867932,8633700
2020-10-16,27.78174591064453,28.76895692150192,27.765292027666888,28.637328995938088,8312900
2020-10-19,26.901479721069336,28.1354925235197,26.885025840445845,28.06967700102573,21684100
2020-10-20,26.802759170532227,27.18941437544208,26.383193066615906,27.074240351075026,19243000
2020-10-21,25.20676612854004,26.662901522633124,25.157406058828094,26.465458105528704,19210200
2020-10-22,26.251567840576172,26.30092791760897,25.06691500788914,25.19031755416397,15029400
2020-10-23,26.769855499267578,27.30459257098303,26.259796113627463,26.547732787660014,15335200
2020-10-26,24.943510055541992,26.26801753634478,24.746068209748184,26.12816269943313,11522800
2020-10-27,24.89415168762207,25.24790227393412,24.64734818666723,24.811883853970457,13017800
2020-10-28,23.684818267822266,24.523945726376564,23.48737485143833,24.1537428511954,15274500
2020-10-29,23.98921012878418,24.01389095113373,22.648250163695494,23.133628686003743,15560100
2020-10-30,23.544967651367188,23.83290274953505,22.730517727859628,23.799996553656698,15681700
2020-11-02,24.869468688964844,25.132724478293927,23.45446803675689,24.20310227608457,13762900
2020-11-03,24.112606048583984,25.289031658830915,23.972751222838653,25.272577780713068,12131300
2020-11-04,24.992874145507812,25.190317592194198,24.03034401170806,24.342961494687703,15178400
2020-11-05,24.778976440429688,25.428888999068292,24.713162490578583,24.762522560684825,10316600
2020-11-06,24.01388931274414,25.214994340828238,23.67659260928883,24.787202864060585,10484500
2020-11-09,27.460901260375977,28.65378102383964,27.041335117252526,27.279911697596678,17614500
2020-11-10,29.22964859008789,29.237877099438055,27.633659846147978,28.258891611717765,20650600
2020-11-11,29.02398109436035,29.780843937442015,28.842994677873588,29.583400501516422,17225000
2020-11-12,27.979183197021484,28.96639410086886,27.6418864781848,28.46456170834812,10944500
2020-11-13,29.089801788330078,29.25433749112982,28.176631619136145,28.258897901407263,11997500
2020-11-16,31.327470779418945,31.36860390869128,29.9453762957236,30.397846994232488,18701200
2020-11-17,31.96092987060547,32.19128105777979,30.63642545107291,30.866773499990433,14466800
2020-11-18,32.23240661621094,33.62272623062212,31.79638987227703,32.05141711272619,23319600
2020-11-19,32.470985412597656,32.58615941813233,31.574269477462447,31.84575061361472,12504100
2020-11-20,32.61907196044922,32.84942000532285,32.19950586356454,32.33936227527835,12037800
2020-11-23,35.13645553588867,35.243404186025955,33.12912926352267,33.203170153885914,14643900
2020-11-24,36.53500747680664,37.31654958660666,36.01672119414349,36.26352627805919,15439200
2020-11-25,35.893310546875,36.55967527758923,35.671187923884915,36.1976994132291,15644800
2020-11-27,35.19404220581055,36.12366601176317,34.88142790575226,35.70410306260249,4694000
2020-11-30,32.54502487182617,34.58525854175449,32.52857099486028,34.494763787570164,20248600
2020-12-01,32.30644989013672,33.688544238033415,32.26531676490595,33.647411112802644,12424900
2020-12-02,32.882320404052734,33.704995395291434,31.944471416161583,32.23240640779271,12460200
2020-12-03,33.894222259521484,34.67576440538351,32.60262231732876,32.948144429542644,16215400
2020-12-04,36.419837951660156,36.48565034746013,34.64285932945723,34.79094114282893,12730500
2020-12-07,35.22694778442383,35.73700547138227,34.9801458802992,35.662964586319234,10586100
2020-12-08,35.11178207397461,35.73701392147824,34.305560656131185,34.55236261861268,10575500
2020-12-09,35.12823486328125,35.78637445550111,34.32201347052978,35.60538489079423,10773100
2020-12-10,36.19770812988281,36.3786976747744,34.92256222114057,35.05419012517351,14997800
2020-12-11,35.76992416381836,36.0496339108698,35.514893673246995,35.794603420298436,14242300
2020-12-14,34.81561279296875,36.40337611527164,34.766251153209524,36.263522843338905,17094500
2020-12-15,35.21049880981445,35.35858060056528,34.3137826939375,35.095324781065344,9853600
2020-12-16,34.81561279296875,35.3256705174539,34.65930564111627,35.25162962694342,9311000
2020-12-17,34.527679443359375,35.1858189813333,34.23974123794419,35.1858189813333,9294200
2020-12-18,33.713233947753906,34.716898833784924,33.50756511951852,34.54413777124894,20819300
2020-12-21,33.104454040527344,33.66387033346483,32.02674831373194,32.421632064294506,10998100
2020-12-22,32.109012603759766,33.13735662143854,31.985613204592447,33.07154423620068,9189600
2020-12-23,32.97282409667969,33.49110722216215,32.35581768593275,32.421630071185504,6137600
2020-12-24,32.48744583129883,32.91523418419953,32.05142583051414,32.91523418419953,3530300
2020-12-28,32.331138610839844,33.29367034220013,32.16660292345053,32.54503594592311,6178200
2020-12-29,32.14191818237305,32.85764469135218,31.89511626254473,32.38049473145165,7003100
2020-12-30,32.915225982666016,32.93990836714019,31.92801847487056,32.076100228691104,6268900
2020-12-31,32.89878845214844,33.14559042818274,32.58617094210104,32.83297291813535,7612500
2021-01-04,32.55325698852539,33.44174769930495,32.23241416682948,33.31834516561108,8597600
2021-01-05,34.42073059082031,35.26808504497317,32.907008093011505,33.10445152240259,12393600
2021-01-06,35.794593811035156,36.15657287960722,34.486540218369285,34.988372553793944,11035300
2021-01-07,36.77357482910156,37.01215134332155,35.86863040427769,36.23883479905763,9648200
2021-01-08,36.77357482910156,37.41526035454931,36.35400880226556,37.02037671286945,9448700
2021-01-11,37.31654739379883,37.60448245710472,35.630063869599674,36.27997488938396,10839600
2021-01-12,39.01125717163086,39.21692597528962,37.61271181735678,37.85951375409592,13013700
2021-01-13,38.6904182434082,39.05239738285106,38.3366676143657,38.95367408758998,11839900
2021-01-14,39.38145065307617,39.72697577866788,38.4765094248823,39.011246282176494,12857900
2021-01-15,37.119102478027344,38.896080704681395,36.63372400629858,38.896080704681395,30004600
2021-01-19,37.84306335449219,37.96646590334232,36.90521402565418,37.14379061302727,14498800
2021-01-20,37.31654739379883,38.24617124401858,37.26718575226489,38.147447960950714,21178000
2021-01-21,35.531349182128906,37.59626618111076,35.12823999598214,37.357689563366506,16897000
2021-01-22,35.1200065612793,35.358583145578486,34.34669292811936,34.60172339460372,9535400
2021-01-25,35.02950668334961,35.07063981001607,33.927121942103945,34.65930226683867,10739700
2021-01-26,34.28909683227539,35.950900833963416,34.23150982900084,35.43261466623616,7616300
2021-01-27,33.44175720214844,34.626408681562815,33.079778007523004,33.71323845985983,8841600
2021-01-28,33.82017517089844,34.25619198651651,33.219622701266715,33.82017517089844,10283300
2021-01-29,32.93168640136719,34.108112158049046,32.89055327008073,33.408839511409006,11660400
2021-02-01,33.49111557006836,33.7132383098938,32.66021477732073,33.26076745688242,9229400
2021-02-02,33.70499801635742,34.7991542078987,33.64741101355295,34.18214791648824,8834000
2021-02-03,35.547794342041016,35.893319555049885,33.73790828949981,33.93535171668443,11133600
2021-02-04,36.2059440612793,36.214172572950844,35.03774646453461,35.87687577434423,11372300
2021-02-05,36.543235778808594,36.954573433977124,36.271754558291136,36.92989417890933,9543400
2021-02-08,38.4847412109375,38.854945643565955,37.10264675462897,37.22604927825731,12181600
2021-02-09,38.5670166015625,39.027712733112054,37.72788746990964,38.02405106205265,8990300
2021-02-10,38.87140655517578,39.488413008432545,38.18035920199793,38.82204490914268,10853200
2021-02-11,38.555908203125,38.62232817180374,37.53472493777764,38.605723179634055,8939100
2021-02-12,39.153682708740234,39.203497694735276,38.149104244266205,38.28194103984063,8805400
2021-02-16,40.55677795410156,40.872266580985254,39.70164114571315,39.85108296018018,11066700
2021-02-17,40.980186462402344,41.07981325622567,40.066930823272706,40.83904560133051,9055700
2021-02-18,39.59370040893555,40.78923462774434,39.54388859453768,40.681303751417715,8382200
2021-02-19,40.19977569580078,40.324311588456546,39.44426575915147,39.560500736933854,8502500
2021-02-22,42.242149353027344,42.90633344392346,40.52357163223633,40.82245209782991,12331000
2021-02-23,43.25502014160156,43.58711370331554,41.229258282967315,43.171998334712534,10796500
2021-02-24,45.38871383666992,45.571365616158815,42.723673874333436,43.171999241944896,12286600
2021-02-25,44.02714538574219,46.08611772057166,43.188613536504086,45.63779542350596,12864500
2021-02-26,43.18030548095703,43.886003609685744,42.2255418956126,43.67014181329178,13234100
2021-03-01,43.678443908691406,44.79925424787842,43.31314032128052,44.39244291999896,7182500
2021-03-02,43.40446090698242,44.24299570540603,43.37125408525504,43.595413591999964,7741100
2021-03-03,44.55018615722656,45.463438802290135,43.62862943030864,43.71995532823085,8007500
2021-03-04,46.17744064331055,47.3148592288258,44.56679387680004,44.79925750965655,15181000
2021-03-05,48.435672760009766,49.39043959983316,47.41448909242491,48.1533941160943,18699600
2021-03-08,48.800968170166016,49.76403582594307,47.896016420309,48.79266725521144,11283400
2021-03-09,48.07035827636719,49.48174791742286,47.6967538319965,48.67642630075576,10193200
2021-03-10,49.332313537597656,49.622896223274815,47.63864508093089,48.037155492327734,12002400
2021-03-11,49.67271041870117,50.7603107427155,49.31571092036816,49.40703364826895,9328100
2021-03-12,49.141357421875,50.20405494564229,48.967009722808136,50.01310225136731,6758400
2021-03-15,48.286216735839844,48.62661119157819,47.298243356277005,48.062054069805505,9825200
2021-03-16,46.974456787109375,47.6552457405099,46.46801552900142,47.389572157089155,9399900
2021-03-17,47.1820182800293,47.431086888703014,46.0944147827564,46.75859879491271,9461700
2021-03-18,44.31770706176758,46.974445420172984,44.09354443617218,46.83330458165226,12297200
2021-03-19,43.670135498046875,44.932086598298156,43.46257781380316,44.24299673349005,26925500
2021-03-22,43.371253967285156,44.01052883113256,43.20520719078451,43.88599612406621,11003000
2021-03-23,42.93124008178711,43.81958691217279,41.95156734353531,42.44140371266121,11853800
2021-03-24,44.17658233642578,44.79095455293313,43.736561003693865,43.80297782416315,9671100
2021-03-25,44.475460052490234,44.66641274076907,42.81499858876589,43.221813040893075,9275200
2021-03-26,45.6959114074707,45.76232823536743,44.85737638983186,45.380422765492156,8723100
2021-03-29,44.69961929321289,45.26417640083699,44.10185219876887,45.247571407427024,7901000
2021-03-30,44.35923767089844,44.96530585373114,44.0354481234886,44.16828494209468,7910200
2021-03-31,43.977325439453125,44.57508944756695,43.71165184316274,44.25960403139655,9293100
2021-04-01,44.84906768798828,44.865672683849674,43.612022416487,44.10185870962118,10165000
2021-04-05,43.34635925292969,44.75775257016388,43.130500588919695,44.75775257016388,10460000
2021-04-06,43.653541564941406,44.55018927614913,43.51240066724976,43.686748393445775,6253600
2021-04-07,43.487491607666016,44.13507063929972,43.288234815659116,43.82788612007338,12408400
2021-04-08,42.5410270690918,43.022559280365115,42.37498027769168,42.856512488964995,10040800
2021-04-09,42.5327262878418,43.16370351070543,42.2753535828475,42.64895810071685,6665300
2021-04-12,42.22553253173828,43.3712517471579,42.192322544722366,42.96443732390964,8564000
2021-04-13,42.167423248291016,42.615748642050654,41.83532966022925,41.91005055918919,6980000
2021-04-14,43.74485778808594,44.46716083261825,42.65725751484595,42.65725751484595,8342200
2021-04-15,43.08897399902344,43.84448379885849,42.98104312273879,43.75315791639292,6763700
2021-04-16,42.4164924621582,43.421070988141096,42.37498155482686,43.37125916617518,7665500
2021-04-19,42.25044250488281,42.94783646394477,41.99307299843547,42.58253607284717,6587700
2021-04-20,40.390724182128906,42.042881475398154,40.199768337123906,41.92664968597162,11928600
2021-04-21,41.54475784301758,41.61947875582113,39.72655002049118,39.87599184609827,7718900
2021-04-22,41.06321334838867,41.577958708897135,40.839050659214806,41.544748717816766,6582700
2021-04-23,41.279075622558594,41.51153922877442,40.81414524304785,41.03830793493272,5670100
2021-04-26,41.71909713745117,42.27535024575254,41.179445857896276,41.21265584954747,6642400
2021-04-27,42.5908317565918,42.91462120370139,41.7273911195805,41.87683289010471,8309600
2021-04-28,44.035438537597656,44.29280803613898,42.89802016086094,42.922929236294436,8897100
2021-04-29,44.11015319824219,45.24756824721593,43.87768647381746,44.8324529421956,9446900
2021-04-30,42.458003997802734,44.01053475794039,42.31686627737171,43.321444818220826,9448200
2021-05-03,43.78635787963867,43.944100534188415,42.806685638149055,43.10556595723099,9325100
2021-05-04,43.64523696899414,44.02714241247669,42.87312199969102,42.947842905335825,12834300
2021-05-05,46.02799987792969,46.218952604556875,44.184889436664015,45.12304807177851,12715300
2021-05-06,46.24385452270508,46.26045951815467,44.57508890143037,46.077807735288225,9648200
2021-05-07,47.40618133544922,47.605438137450115,45.51325596829816,45.72081368547102,9645500
2021-05-10,47.32314682006836,49.2658866583122,47.289936834130856,48.327725141588495,8801700
2021-05-11,46.26045608520508,47.090686793599545,45.787224834786535,46.31857198142638,9741400
2021-05-12,46.235557556152344,47.91262434967878,46.044604829716896,46.584256180093256,7925100
2021-05-13,45.382118225097656,46.377779299836355,44.82153363269731,45.691692980819326,7581500
2021-05-14,47.289791107177734,47.39856186629111,46.04311970672908,46.05148840681991,6419900
2021-05-17,48.77909469604492,48.80419760158041,46.91327376523204,46.91327376523204,11441900
2021-05-18,47.93404769897461,49.063579732801564,47.65793802437628,48.75400483026866,10322000
2021-05-19,46.5032958984375,47.29814994182177,45.86740883366193,46.804502033005264,9406200
2021-05-20,46.344329833984375,46.5702368642752,45.7084458608029,46.56187135577138,8798800
2021-05-21,46.56184768676758,47.21446553693235,46.49491088586743,46.904890812075,6032300
2021-05-24,46.93837356567383,47.07224402579059,46.23555285212993,46.955107772153866,6372800
2021-05-25,45.917606353759766,47.17264294614526,45.82556982630913,46.854699449058465,8090600
2021-05-26,46.36942672729492,46.48656618128235,45.7419083008335,46.07658607163577,6716000
2021-05-27,46.46146011352539,47.12244691045121,46.118416858062695,46.628798987544066,7484100
2021-05-28,46.63717269897461,46.81287709930227,46.28576070659539,46.68737213236886,5745400
2021-06-01,48.753990173339844,48.9296945361399,47.73322602269021,47.75832892574965,9943600
2021-06-02,49.356414794921875,49.70782356335287,48.31055080546257,49.08030516967729,6103300
2021-06-03,49.758026123046875,50.20147143268403,48.99663726732011,49.13050773013832,8280800
2021-06-04,50.07596969604492,50.31024541482756,49.281115567317066,50.05086998006684,6504800
2021-06-07,50.04249954223633,50.64491500843208,49.8584264652669,50.04249954223633,5405100
2021-06-08,50.59471893310547,50.720220700670275,49.055206965555136,49.72455930107187,7345200
2021-06-09,49.9337272644043,50.93775726620205,49.85005942747256,50.72858448214933,7026300
2021-06-10,50.34370040893555,51.272428012090366,49.59904586347935,51.0465210390211,9396000
2021-06-11,50.176368713378906,50.97959144218514,50.034129559808385,50.61981399645921,8117000
2021-06-14,50.46084213256836,51.096725973567374,50.07596179519505,50.74531723842344,7744300
2021-06-15,51.18040466308594,51.50671694714362,50.59472331362746,50.78716192726724,7835700
2021-06-16,51.14693069458008,51.69077802493427,50.6700169962698,51.11346228269641,9745800
2021-06-17,49.37313461303711,51.51506472671641,48.98825751821342,50.95448328752403,13667200
2021-06-18,48.13482666015625,49.54046763346611,48.09299275332301,48.42767039143393,18583800
2021-06-21,50.577980041503906,50.64491367299471,48.70379048391026,48.72052468971381,8234300
2021-06-22,50.862457275390625,51.13856370334193,49.900261147808244,50.32697543426509,6745100
2021-06-23,50.83735275268555,52.167691805793915,50.82898724556311,51.121827870700024,8184000
2021-06-24,51.364463806152344,51.464865839950235,50.4692046247903,51.01305509199817,6424400
2021-06-25,51.29753494262695,51.665677895208006,51.054893746012354,51.62384397655252,8099200
2021-06-28,49.858428955078125,51.18039939719935,49.67435586891652,51.13856547535998,7647300
2021-06-29,49.40660858154297,50.36880461865344,49.23090421739268,50.28513359401766,6437000
2021-06-30,50.954490661621094,50.99632457942169,50.0424972099854,50.60307873030474,9309600
2021-07-01,52.61113357543945,53.18844924496898,52.16768515313823,52.45216023487517,11637200
2021-07-02,52.50236892700195,52.853777673051866,51.53180733426735,52.259727730887455,7635000
2021-07-06,50.435733795166016,52.619497873710145,50.377165678951826,52.52746135059557,11699400
2021-07-07,49.37313461303711,50.854078069265164,49.055194330386,50.20146010919692,8239600
2021-07-08,49.54048156738281,49.90025901244135,48.51972054831471,48.73725884006658,10551500
2021-07-09,50.31024169921875,50.58634812975744,49.6492548990063,49.99229815617471,6973700
