Date,Close,High,Low,Open,Volume
2016-07-01,131.52305603027344,132.43296020542712,130.9248736432084,132.43296020542712,2317200
2016-07-05,130.79849243164062,131.55673941945275,130.33511355883726,131.49777093867738,2807400
2016-07-06,131.43875122070312,131.89370956499002,130.30980146431466,130.7563265598349,2133200
2016-07-07,137.91761779785156,138.30517449504342,133.115357472794,133.39338476208212,6497900
2016-07-08,139.3836212158203,139.93967597333332,138.58324638001318,138.87811455343243,3932000
2016-07-11,140.46197509765625,141.1107054248611,139.0634182877834,139.0634182877834,2634300
2016-07-12,140.09124755859375,140.63044838605822,139.70370379337083,140.26817865528196,1642100
2016-07-13,140.51255798339844,140.85798707421998,139.87226074757604,140.69790955137256,1479800
2016-07-14,140.64736938476562,141.54041997773427,140.0913146495168,140.82428771061976,2150100
2016-07-15,140.2008056640625,141.0685819726529,139.5183808830899,141.0685819726529,1962300
2016-07-18,141.1276092529297,141.4224903121675,139.78803317242148,140.32723433501678,1993800
2016-07-19,141.6414337158203,142.01213665687027,141.026410848475,141.11908658373747,1487800
2016-07-20,141.57411193847656,141.75946351364232,140.6557873150621,141.75104311679576,1336900
2016-07-21,140.74000549316406,141.32975450568148,140.10812879641736,141.06014761106533,1384600
2016-07-22,141.0938720703125,141.28764401467015,140.66420049224138,141.27079036781467,1335100
2016-07-25,141.51510620117188,141.7088781221814,140.1923714770618,140.84110181938937,1732200
2016-07-26,141.17808532714844,142.23121296900317,140.44509974663535,141.203359362108,1593900
2016-07-27,139.9817352294922,141.11911834043144,139.64473949209858,140.83267067809055,1440000
2016-07-28,140.1502685546875,140.5799401174886,139.6868896993733,140.07443357431578,1866500
2016-07-29,140.88323974609375,141.27078361628782,140.17554087877528,140.39458685516473,1359700
2016-08-01,141.16969299316406,141.54039608742642,140.61363835177053,140.82426394118633,986800
2016-08-02,140.27664184570312,141.15283863681896,138.66745926532053,140.75687435782842,2107300
2016-08-03,139.95648193359375,140.13341307806286,139.09713881921593,139.78798403992545,1837100
2016-08-04,140.31874084472656,141.32132049720715,139.7626863198202,139.88905650477025,1638300
2016-08-05,141.28759765625,141.8183780857318,139.92274838679583,140.57989898731537,1526500
2016-08-08,141.03488159179688,141.16126465167176,140.25136061394574,140.90851138748704,1294400
2016-08-09,141.42239379882812,142.04584994017816,140.59674539422153,141.32129766719984,1286700
2016-08-10,142.16583251953125,142.3432392608867,141.1183296909686,141.44778830481033,1104300
2016-08-11,141.81947326660156,143.264017467198,141.3548488871243,142.8585329587997,1497800
2016-08-12,142.79937744140625,143.1119499297811,141.21122458664112,141.21122458664112,1399100
2016-08-15,142.5375518798828,142.99373334101242,142.4192849992424,142.79942762343492,918600
2016-08-16,142.2672119140625,142.5966705246376,141.81948644046352,141.81948644046352,1023000
2016-08-17,141.8870086669922,142.22491016251848,141.00844415443854,141.456169436563,1382500
2016-08-18,141.70970153808594,142.5206837431332,141.24507698780494,142.275694030201,1353400
2016-08-19,141.93772888183594,142.19960454132206,141.16054493138327,141.25346979992213,1764800
2016-08-22,141.87017822265625,142.50375350025644,141.5998465836216,142.20807988132754,955000
2016-08-23,141.38015747070312,142.30095009338154,141.33791655706932,141.99683356138203,1003700
2016-08-24,141.55758666992188,141.81946232994494,140.87331469648595,141.19433022302732,1363800
2016-08-25,139.26828002929688,141.42243833193533,139.0824302689048,141.2450316006081,1817700
2016-08-26,138.4826202392578,139.9356202179059,138.09403471596755,139.71598548257307,2009900
2016-08-29,138.52487182617188,139.25137187144156,138.03490548028117,138.93881224514502,1819200
2016-08-30,136.81846618652344,138.77831888347825,136.6326164191241,138.60092503558332,2010700
2016-08-31,136.92823791503906,137.33373523148515,136.13415511631237,136.74238820086399,1933200
2016-09-01,131.96104431152344,134.31793831214026,131.39503914011004,134.31793831214026,6038500
2016-09-02,133.45623779296875,134.5544370656551,132.45941928814605,132.46786231458606,2679000
2016-09-06,133.5238037109375,133.5998296095888,131.80048555759987,133.58294355885408,2716900
2016-09-07,131.4794921875,133.36331836963137,131.27674353363744,133.16902563266967,2984100
2016-09-08,129.64637756347656,131.35281031583375,129.19865213634185,131.09937766704883,2993100
2016-09-09,127.30638122558594,129.07194111901424,127.30638122558595,128.9029903011478,2993900
2016-09-12,128.14273071289062,128.39616343525674,126.93470698866581,127.13745574458343,2982400
2016-09-13,127.34015655517578,128.04975759852732,126.77416432606547,127.71184313256074,2148600
2016-09-14,127.29794311523438,128.6157775916854,126.88400263886332,127.31484206471038,2188900
2016-09-15,128.97056579589844,129.22399845319686,126.80796451517665,127.3232728586393,2284300
2016-09-16,128.7002410888672,128.96211676283906,127.67806747839786,128.37078251675422,2842000
2016-09-19,128.22715759277344,129.27467315256482,128.06666271508976,128.5143881252146,1321300
2016-09-20,128.54815673828125,129.0043380086231,128.1257733569147,128.76779145614944,1396700
2016-09-21,128.995849609375,129.16480034135523,127.77094068987515,128.9029247732687,1535100
2016-09-22,129.37600708007812,130.33059751785567,128.9789657240175,129.2746392070809,2502200
2016-09-23,128.85232543945312,129.8998412896504,128.548208766178,129.37607691949023,2282100
2016-09-26,127.72029876708984,128.64109151583244,127.56823403521264,128.47214072828353,1862200
2016-09-27,127.09517669677734,128.21027518475097,126.71503417228448,127.91460161563438,2569000
2016-09-28,126.21661376953125,127.28101532312932,125.81957233260812,127.22188834854434,2626300
2016-09-29,124.59468841552734,126.45317322176766,124.3496987691336,126.0307897253439,4501300
2016-09-30,128.83534240722656,130.8121059384953,128.0666146401875,128.22710945762304,7318100
2016-10-03,127.56822967529297,128.6157451464853,126.98535141168814,128.590403173725,3197100
2016-10-04,127.12049102783203,128.08352456250816,126.28418023384205,127.95681471193907,2840500
2016-10-05,126.69812774658203,127.49221064294206,126.57141787593696,127.24723392965522,2377700
2016-10-06,126.26728057861328,127.25565607783163,125.87023919557893,126.90929863473922,2465500
2016-10-07,126.7065658569336,126.87551662408846,125.69283547376976,126.52071614602804,2282100
2016-10-10,126.95155334472656,127.43307660673906,126.50382797309302,127.01069320783057,1587700
2016-10-11,127.56822967529297,127.67805348399976,126.30107947680543,126.4362452582725,2596800
2016-10-12,127.10360717773438,127.97371587370343,127.04446731969898,127.5344335672543,1664500
2016-10-13,126.90084838867188,127.84698292074027,126.47846505969618,126.65585883940088,1795300
2016-10-14,126.84176635742188,127.55982350006047,126.10682315481029,126.86710833750351,1745000
2016-10-17,125.6168441772461,126.8839946152616,125.55771719300154,126.78262670505903,1988400
2016-10-18,125.96321105957031,126.39403759998237,125.37187672269442,126.30111271203603,1847800
2016-10-19,126.25043487548828,127.83015804718215,126.13216800237794,127.30639370330287,1812000
2016-10-20,126.74885559082031,127.37398791277793,126.37716887816494,126.58836066245992,2251200
2016-10-21,125.84493255615234,126.96001821828207,125.44789106164993,126.30110103381438,2188000
2016-10-24,128.5059814453125,128.67494519623685,126.11528873912647,126.16598559847843,2432800
2016-10-25,127.55135345458984,128.37922137219834,126.63054777620349,126.63054777620349,2060600
2016-10-26,127.54288482666016,127.90614124489734,126.9515506587232,127.01069052057595,2246100
2016-10-27,127.4415054321289,127.94837061038113,126.56295373195758,127.416163462228,1993500
2016-10-28,126.51229095458984,127.44153973480026,126.19128828607023,127.08673917057094,1843900
2016-10-31,124.91567993164062,126.16594425008441,124.2652186862305,125.77734579648805,3239400
2016-11-01,123.89349365234375,125.55768516767064,123.65695999545524,125.43096242211908,2112000
2016-11-02,123.94435119628906,124.85102699078638,123.81723841252763,124.079920063926,2260500
2016-11-03,122.40217590332031,124.3087518922499,122.13949416916849,124.3087518922499,2168200
2016-11-04,120.5294418334961,122.86816922751632,120.41928002700085,121.17343585886093,2702100
2016-11-07,121.63107299804688,121.73276584661647,120.9616586497959,121.49550408294805,3010100
2016-11-08,123.79183959960938,124.24942501169177,121.85137489519889,121.9276348206146,3505200
2016-11-09,124.38497924804688,124.89340455050612,121.63103687427648,121.63103687427648,3170200
2016-11-10,124.30875396728516,127.10506805035213,124.23249402960602,124.61380664779784,3944200
2016-11-11,126.56269073486328,126.78300142197477,123.19017489171797,124.23243231160004,3218000
2016-11-14,128.7998046875,128.91843556936243,126.68138684724507,127.8846466289343,3890800
2016-11-15,128.0794677734375,128.79973461921065,127.35073191563723,128.78278366536713,2799900
2016-11-16,128.91839599609375,129.26581951840026,128.63029436140695,128.96076692585177,2152300
2016-11-17,128.12184143066406,128.29131218335246,126.72369155874773,128.14726139707784,2098700
2016-11-18,127.41011047363281,128.12189569426099,126.69832525300464,127.81684303830676,2020500
2016-11-21,128.09645080566406,128.1981306946097,127.20671298801209,127.57108747305489,1181200
2016-11-22,129.36746215820312,129.68946561590133,128.13031411614244,128.74040619578787,1954200
2016-11-23,128.46083068847656,129.93524085931142,128.104925202627,129.43529747793164,2166900
2016-11-25,128.6980743408203,130.00301352999145,128.5540235357021,128.70654335413622,886800
2016-11-28,128.16421508789062,129.16410160095487,127.96084242244828,127.99474433158363,1733500
2016-11-29,128.359130859375,128.98618700284462,128.23203099978974,128.47776170491872,1496800
2016-11-30,127.19823455810547,128.40996291098546,127.16434557422973,128.06255233954053,2750500
2016-12-01,128.57940673828125,129.54540410151188,127.1981951050579,127.1981951050579,2305200
2016-12-02,128.87596130371094,129.53690610559178,128.31669633910838,128.79123241590773,1829200
2016-12-05,128.60487365722656,128.99465517727927,127.76597580004685,128.8760243325077,2432100
2016-12-06,127.96088409423828,128.8675729769277,127.4609406748944,128.67268219019596,2245400
2016-12-07,130.3673858642578,130.41822580291105,127.5117509885862,127.6134437956838,2811300
2016-12-08,133.53651428222656,136.34129597223676,132.69762952974244,132.73151850841478,5504300
2016-12-09,135.32447814941406,135.43463997320657,133.25690104624348,133.27385200293267,2614700
2016-12-12,135.85833740234375,136.66333337596998,134.35849436045956,134.39239627733662,2299200
2016-12-13,135.3837890625,137.3073022726334,134.84994387327674,136.2989467026868,3583300
2016-12-14,134.7228546142578,135.96000292386654,134.09579851623423,135.62106136967574,2119100
2016-12-15,135.67185974121094,136.84969873636337,134.7906042124486,135.02786581364566,1811100
2016-12-16,135.9261474609375,136.6379326581455,135.45162399613218,135.9939383744518,3767100
2016-12-19,138.5106201171875,139.41729611385844,136.97687493513445,137.28192758247496,3231900
2016-12-20,138.8495330810547,139.77315984788268,138.54448049671427,139.23932752263102,2204600
2016-12-21,138.15469360351562,138.99359148873475,138.13775557497664,138.62922992825517,1313400
2016-12-22,137.33274841308594,138.688527583889,137.20563563064735,138.68005857030977,1965900
2016-12-23,137.34124755859375,137.84119099507868,136.87519311365247,137.41750748691288,1254100
2016-12-27,137.3157958984375,137.91741910053028,137.10395419323467,137.32426491192064,1301100
2016-12-28,136.4344940185547,137.99365841670394,136.0447126163587,137.29034257471992,1281000
2016-12-29,136.5362091064453,136.79889073122047,136.12946375538328,136.12946375538328,858200
2016-12-30,135.67185974121094,136.41754644770887,135.29901638796196,136.33280462022955,1472300
2017-01-03,135.3498992919922,136.41758976620451,134.31611073145191,136.12947521915848,2099000
2017-01-04,135.37535095214844,135.99393818844723,134.68051671671805,135.40925287375654,2163600
2017-01-05,138.0445556640625,138.4173991982202,136.11256001414867,136.38371072003093,2880900
2017-01-06,137.9767608642578,138.0784407598721,136.53623964728362,137.8411790502431,2167000
2017-01-09,136.40066528320312,137.68018478214387,136.18882353590732,137.55308490568405,2318300
2017-01-10,136.98532104492188,137.6208461498107,136.01084145955085,136.07016334230698,1477900
2017-01-11,136.88363647460938,137.59543446156786,135.87528077518644,136.8243275180749,1378300
2017-01-12,137.16326904296875,137.23954188676186,136.14643140024612,136.7226475866573,1296900
2017-01-13,137.15478515625,137.38357780323508,136.7226327606477,137.26494697327814,1250100
2017-01-17,138.80714416503906,139.1799876008947,136.99377985138798,137.14631258868818,2430500
2017-01-18,139.1969451904297,139.29015605383614,137.77336227020282,138.6715689922337,1834700
2017-01-19,138.71395874023438,139.64606750078198,138.5953278916004,139.12069123129478,1980400
2017-01-20,139.17149353027344,139.62059678902264,138.31564499848534,139.29859334698057,1897100
2017-01-23,138.12925720214844,139.26473853905424,137.41747219438628,139.01052591348454,1421600
2017-01-24,138.68853759765625,138.8156503892728,138.08691434529953,138.31569409658258,1347400
2017-01-25,139.0867919921875,139.6036862795188,138.88341929675175,139.13763193359847,1299200
2017-01-26,139.02748107910156,139.34100266658157,138.45973392856348,139.25626081222887,1180000
2017-01-27,137.32427978515625,139.45964802521866,136.18034221103898,139.44269706662487,2341100
2017-01-30,138.33265686035156,138.36654584979922,136.08713957787438,137.2988681299826,2149800
2017-01-31,138.92579650878906,138.9681674384788,137.5700172672647,137.6886481125205,1796600
2017-02-01,137.15478515625,138.92577859267536,137.1124142320245,138.83256773129557,2219700
2017-02-02,142.48472595214844,143.1033130416791,140.79847425137868,141.37467748405797,5816300
2017-02-03,142.62879943847656,143.06942090659686,141.63736881072467,142.12037413859315,3227700
2017-02-06,141.53565979003906,142.5101263294809,141.26450916776065,142.5101263294809,2172800
2017-02-07,141.9508819580078,142.42540527050383,141.11198421855133,141.9593509708058,2732600
2017-02-08,143.097900390625,143.2253555348619,142.31622477151453,142.31622477151453,2089900
2017-02-09,145.25601196289062,145.64684327827237,142.88548377698555,143.12338448146562,2606900
2017-02-10,146.13966369628906,146.369072612417,144.66977419734386,145.84228128780407,2070000
2017-02-13,146.10568237304688,146.55599541260673,145.10308957382188,146.55599541260673,2272200
2017-02-14,147.52459716796875,147.5330889928458,145.75732524718478,145.85078717930472,2244700
2017-02-15,148.68862915039062,148.68862915039062,147.04030741575573,147.14226118420916,2346500
2017-02-16,149.3258514404297,149.39382493425066,148.2722817331322,148.77358462948453,2206500
2017-02-17,149.4193572998047,149.96313244561182,148.2468368747803,149.0879945229007,2424400
2017-02-21,150.33697509765625,150.3879519900931,149.53830254382137,150.00561233219514,2317000
2017-02-22,149.97158813476562,150.46438626762702,148.74810407498654,150.44740261673522,1815200
2017-02-23,149.41085815429688,150.42193009047176,148.8670830351234,149.98012171932058,2599900
2017-02-24,150.86375427246094,150.99120946873802,148.79060754005548,148.8755776709069,1684300
2017-02-27,150.91468811035156,151.11011676263118,150.00557019979013,150.66829554457115,2340400
2017-02-28,150.5408935546875,151.12715378935343,149.0964919844892,150.34547779800639,2992100
2017-03-01,151.11859130859375,151.84079823834853,150.57481639647108,150.7022585771965,2352300
2017-03-02,151.22059631347656,151.45000528116321,149.97161066052394,150.81276823229436,3190300
2017-03-03,144.6613006591797,146.04623331532989,144.3554263598036,145.03514846559722,10396500
2017-03-06,141.6620330810547,144.720775939548,141.1352546305554,143.93910009007087,5793600
2017-03-07,141.8914337158203,143.2678614391159,141.50058933169146,141.50058933169146,2811900
2017-03-08,141.24569702148438,142.23978509550898,141.1777235252324,141.89142578894976,2375900
2017-03-09,140.84637451171875,141.7130075026991,140.29409466277085,141.38164477917837,1993700
2017-03-10,140.5065155029297,141.46662346249497,140.1751527593501,141.4581316358568,2164200
2017-03-13,139.80972290039062,140.28552418899505,139.59731068479132,140.06462015203235,2127700
2017-03-14,140.39605712890625,140.46403062969165,139.4274574307985,139.520919373801,1974400
2017-03-15,141.5005645751953,141.5005645751953,140.04767178027012,140.67641682225866,2079700
2017-03-16,141.94239807128906,142.46068461937716,141.26267609541014,141.70449732442418,2726600
2017-03-17,142.57958984375,143.03840754214247,141.95085791096554,142.79200208366134,3976000
2017-03-20,142.2652587890625,142.98745280321796,141.7214838400324,142.53713978126885,1603300
2017-03-21,141.70452880859375,143.4208242619785,141.59407023564378,142.32476925325344,2241900
2017-03-22,142.46917724609375,142.71558278398786,141.9254022552544,142.1633159680764,1534200
2017-03-23,141.80648803710938,143.097958831367,141.40715175838906,142.74110761807643,1430500
2017-03-24,141.0587921142578,142.28228928206292,140.75291782230653,142.2058109856097,1410400
2017-03-27,141.16920471191406,141.31365647998672,140.4640073081675,140.64242637406375,1212300
2017-03-28,141.69601440429688,141.93391516611263,140.31957375136952,141.13524276660866,1446400
2017-03-29,142.25677490234375,142.29925995991715,141.16922484448577,141.2796834012527,1216700
2017-03-30,142.64761352539062,142.89400610598278,141.68750571437602,142.14632357426322,1034000
2017-03-31,142.4777069091797,142.88553498235217,142.00190532970834,142.39273678515093,1720300
2017-04-03,141.63656616210938,142.99601052017215,141.38166872439484,142.52020888423687,1547900
2017-04-04,142.10382080078125,142.1633024644914,141.13522128520816,141.55155403732763,1322400
2017-04-05,141.8914337158203,143.08093755513508,141.65353294795736,142.13782630945713,1715200
2017-04-06,144.45733642578125,146.23309984493451,143.8540798903602,144.1684458930442,3313800
2017-04-07,144.9672088623047,145.29007985510677,143.9561237761077,144.18553279544727,1510000
2017-04-10,145.47691345214844,145.7742958097343,144.31289838573076,144.6102677787008,2002300
2017-04-11,144.97564697265625,145.6638607495008,144.1259977736644,145.11158099138535,1191400
2017-04-12,144.58480834960938,145.67235833012143,144.17698034807196,145.655361715377,1422300
2017-04-13,143.45480346679688,144.96717838147146,143.42082319478425,144.4828849587198,1422500
2017-04-17,144.1854248046875,144.227909845282,143.34428063814173,143.39525750100944,1504100
2017-04-18,144.55084228515625,144.71227772954143,143.99007062506658,144.48286878411935,1542700
2017-04-19,144.49131774902344,145.23050828602393,144.28741027101825,145.18803620451675,1441300
2017-04-20,144.5677947998047,145.44293236965984,144.39786756612136,144.7207383853515,1933600
2017-04-21,145.0946044921875,146.03771566812966,144.98414594219744,145.7318414228344,2257900
2017-04-24,146.42005920410156,146.6579599608248,145.57040994019889,146.1396733912594,1906900
2017-04-25,146.71749877929688,147.02337317905418,146.38613592661187,146.91292753790924,1503000
2017-04-26,150.21798706054688,151.46697247083517,149.04546696975743,151.28004860231457,4591300
2017-04-27,150.77023315429688,151.05911074244543,149.89509560133018,150.65978758507342,2148700
2017-04-28,150.82972717285156,151.29703681821155,150.32842429985573,151.29703681821155,2364500
2017-05-01,151.11859130859375,151.66236622071642,150.66827831720855,151.66236622071642,3328000
2017-05-02,151.73887634277344,152.03625880511524,151.18660944370484,151.8493349084353,2505300
2017-05-03,152.783935546875,153.32771055252152,151.83231956352947,151.86631279398046,2900500
2017-05-04,155.01849365234375,155.6387339370715,152.93685570922509,152.9793407620679,3762200
2017-05-05,153.1067352294922,155.41778136586757,152.7328876244,155.29033921168335,3713600
2017-05-08,152.61172485351562,154.4327384177098,151.6923830451634,154.3973848240996,3538000
2017-05-09,152.6470947265625,153.7432450856366,152.3200233685753,153.46921086801586,2662100
2017-05-10,151.91127014160156,152.56731246662125,151.29954476347984,152.5141213081344,2554500
2017-05-11,151.8314666748047,152.0885753057521,150.80307273429887,151.40592388812087,2106000
2017-05-12,151.49465942382812,152.35461963199813,150.99819034030068,151.85813702070277,1586800
2017-05-15,152.10629272460938,152.46977010076458,150.9803637546152,150.9803637546152,1733600
2017-05-16,151.60096740722656,152.4520665097979,151.272946251077,152.4520665097979,1129200
2017-05-17,149.96087646484375,152.04428756562453,149.8810897063709,151.299584097681,2201400
2017-05-18,151.35275268554688,151.61872203520093,150.43960162301963,150.78535771924098,1589700
2017-05-19,152.16836547851562,152.86873827924566,151.4325228869001,151.911270369523,1871800
2017-05-22,152.8421630859375,153.58687998848498,152.15952508960044,152.70032448676199,1594100
2017-05-23,152.9042205810547,153.85282788455368,152.77124267375757,153.34749830906196,1788000
2017-05-24,153.38291931152344,153.48931514066282,152.31019503191803,153.32972816083353,1420800
2017-05-25,154.90782165527344,155.19152587733362,153.64005392331694,153.79076671837572,2726900
2017-05-26,157.6827850341797,159.88143921077517,157.38135936637332,159.80165245066738,4471300
2017-05-30,158.62254333496094,159.0392255938556,157.36363587132232,157.52320940310344,2086300
2017-05-31,159.96119689941406,159.99666669374812,158.49838578556208,158.9062072538264,2456200
2017-06-01,160.1385040283203,160.55518614281016,159.45585259193626,160.29807750479983,2028300
2017-06-02,160.43995666503906,160.68819113325827,159.46474016291785,160.0942005466077,2239900
2017-06-05,161.4240264892578,161.53928303273221,160.11192814169777,160.55520589012136,1561100
2017-06-06,160.86550903320312,161.9914384198101,160.47542240932262,161.08714793061117,2248900
2017-06-07,161.53041076660156,161.56588056245036,160.59066409306084,160.85663345087283,1246200
2017-06-08,160.82998657226562,161.7963285206032,160.32464360082207,161.28212486690524,1823600
2017-06-09,159.9168701171875,161.29102018849082,159.50904867399416,161.0959904426946,2167600
2017-06-12,159.2608184814453,160.35127788337203,158.5072409473768,159.20762731956046,2395200
2017-06-13,160.0321044921875,160.28033891282743,158.72000633626766,159.49130517698737,1745400
2017-06-14,161.0605010986328,161.31760971336712,159.78385929132426,160.3157978869563,1440400
2017-06-15,159.6331329345703,160.7590618671599,158.1348524278133,159.9256977845074,1753800
2017-06-16,148.15232849121094,151.24641285702324,146.28169536093915,151.06909088891769,24233000
2017-06-19,145.69650268554688,148.39163851978793,143.96772246200203,148.0990736315325,13809100
2017-06-20,144.41989135742188,146.7249411613953,144.00320917341313,146.7249411613953,7337600
2017-06-21,144.64154052734375,145.19121419745795,144.28692369894387,144.94297971202502,3421700
2017-06-22,141.66268920898438,144.77450749198437,140.97117704115385,144.65925095475842,8043100
2017-06-23,139.304443359375,141.67154446761256,138.79910032784974,141.31691421888584,9506700
2017-06-26,142.02615356445312,142.72653981324035,140.16439558768212,140.2087125296033,6473900
2017-06-27,141.1928253173828,143.2230450060102,141.13963415135126,142.43401114509408,5533800
2017-06-28,141.99957275390625,142.2921376509124,141.40558227614036,141.48536901320708,3234400
2017-06-29,140.67860412597656,142.26554586467262,139.898444574256,142.0350463310809,3664200
2017-06-30,141.7868194580078,142.32761887256495,140.77614669464438,141.49426803746067,4755100
2017-07-03,140.802734375,142.3187365254178,140.68747784472714,142.03504583335766,1994300
2017-07-05,140.09356689453125,141.4056658367773,139.95171470408047,140.90032248120997,3770400
2017-07-06,139.26893615722656,143.04566950695477,139.2334799057593,142.83289141487973,6963400
2017-07-07,136.6270751953125,139.6768284259442,136.60934029668863,139.50838070842752,7688400
2017-07-10,133.869873046875,136.17492262964808,133.83441678106487,136.09512235799076,8999800
2017-07-11,133.9674072265625,135.72278339535796,133.80782019607352,134.26883286133028,6275600
2017-07-12,134.53475952148438,135.55429265041155,134.24219466492693,134.27766445056034,5112200
2017-07-13,136.17495727539062,136.46750874410242,135.3061229727233,135.8469224763158,5673500
2017-07-14,135.64295959472656,136.7688886026648,135.55429865447562,136.7600143919836,4368400
2017-07-17,135.5011749267578,136.03311377743572,135.21748412675865,135.64302709064083,3096500
2017-07-18,134.31312561035156,135.50110644499523,133.81665681544138,135.29720251732,3256900
2017-07-19,134.0826416015625,134.89827093428138,133.78120248887984,134.5879711377228,4100000
2017-07-20,133.86106872558594,134.92493300875145,133.7635470438426,134.28661173329849,3207400
2017-07-21,133.37338256835938,134.0737553087737,132.9832960687826,133.81666022192198,4078000
2017-07-24,133.869873046875,134.28655519089753,133.08083923691453,133.3822648434696,3655600
2017-07-25,135.793701171875,136.26357449378963,134.22449418538415,134.2333683979475,4605700
2017-07-26,134.83621215820312,136.08625856168678,134.3574781780191,136.00647181961648,3017200
2017-07-27,135.2174072265625,135.63408926614116,134.2599259565366,134.76525540230182,3637900
2017-07-28,135.54544067382812,135.90893159723944,134.8539286149171,135.35039742359575,2779500
2017-07-31,140.5278778076172,140.66086922123674,135.6695584796668,135.7138889508733,6937100
2017-08-01,141.6006317138672,141.8222705672225,139.9959685800166,141.05097168642985,4787500
2017-08-02,142.98370361328125,143.22307744239882,140.4658886473012,141.0776142507313,5486300
2017-08-03,139.99598693847656,143.93229565469923,139.2424093271428,143.27623969274086,5562600
2017-08-04,138.69271850585938,140.46582917245894,138.15191921143608,140.37716822802463,3117900
2017-08-07,139.14488220214844,139.70341649275204,137.7175273144218,138.7459349350444,2629500
2017-08-08,139.85415649414062,141.35243773607982,139.21583533156573,139.27790072159442,2569200
2017-08-09,139.06509399414062,139.6945543410501,138.479964127058,139.3133284478551,2157600
2017-08-10,138.8700408935547,139.6945444712382,137.7441117187663,138.45335876259588,2764600
2017-08-11,138.87889099121094,139.89843776642277,138.6661263637144,138.75477378258424,1887000
2017-08-14,139.99598693847656,140.25308208986777,138.7813966639352,139.71228267565223,2028400
2017-08-15,139.08282470703125,140.41265789524658,139.00302443463866,140.07576249201463,1869100
2017-08-16,142.0889434814453,142.19567951121272,139.7320653772236,139.88326005079492,3381800
2017-08-17,141.03060913085938,142.25795836640782,140.203469196125,140.95055369967923,2650000
2017-08-18,139.7053985595703,141.1373171636472,139.56309288650303,140.505844221296,2747900
2017-08-21,139.6964874267578,140.6748082394175,138.70926402905596,139.80320987915354,1857400
2017-08-22,141.1461944580078,141.81323697772524,140.10560975577036,140.10560975577036,2204600
2017-08-23,141.74212646484375,141.8043902993603,140.32799915789232,141.07508374597774,1731400
2017-08-24,134.5913848876953,142.88939488077187,134.37792641075913,142.30239424745778,10301700
2017-08-25,135.58750915527344,136.02331516131142,133.46186749825804,135.51635632340918,5703500
2017-08-28,135.67642211914062,136.3256728991695,134.47574041281607,135.098310583461,3776400
2017-08-29,136.57473754882812,136.9571823374551,134.7070265366289,135.52526377592793,2446200
2017-08-30,137.35739135742188,137.62421106693563,135.96994515316737,136.70814046871595,2493500
2017-08-31,139.4029998779297,139.86547292800614,136.92159406437605,138.9405132568382,4567700
2017-09-01,140.73707580566406,141.01278452905174,139.81210262350925,140.15896417406375,2833500
2017-09-05,141.53749084472656,142.0533385522022,140.05221152177603,140.48801740507733,3413000
2017-09-06,141.28846740722656,142.24901004175032,140.6036334456564,141.5819676764709,2873700
2017-09-07,141.66209411621094,141.94670554281052,140.14124421475626,141.38638527857995,2479300
2017-09-08,139.90994262695312,140.968318927805,137.88213445613337,140.85269388185873,3364600
2017-09-11,139.9543914794922,140.52360045749217,139.68757180239572,140.4257670282572,2442500
2017-09-12,142.3379669189453,142.8804953514573,140.03445011984277,140.23011700179885,2988400
2017-09-13,144.96168518066406,145.81549200560463,142.31129313283304,142.42691817890375,4202000
2017-09-14,144.41021728515625,144.68592595141618,143.76096653193014,144.68592595141618,2493300
2017-09-15,144.34803771972656,144.6771077636431,143.81439815081836,144.29467647703933,3757800
2017-09-18,143.11178588867188,145.37973370082247,142.97836921088773,144.24130171533997,2047100
2017-09-19,143.68984985351562,143.7787942841652,142.2579313745519,143.15622398266242,1790800
2017-09-20,144.83721923828125,145.0061919996559,143.42307831357462,143.64542589387838,2432300
2017-09-21,143.6186981201172,144.90831094829718,142.6581552600274,144.90831094829718,1738800
2017-09-22,143.44973754882812,144.0812105539852,142.63150020383375,143.10287591811294,1535900
2017-09-25,144.3746795654297,144.70374952096577,142.76488584530057,143.04059457248098,1799600
2017-09-26,145.92221069335938,146.50919772660896,144.60590384058594,144.71263985927845,2370400
2017-09-27,146.2334747314453,147.03393372385153,145.308515276256,146.29573853384872,2053100
2017-09-28,145.7710418701172,146.70490425279797,145.4508608695128,146.27800077566445,1730200
2017-09-29,146.1178741455078,146.81161081667724,145.6464985408129,145.77101259543016,1852300
2017-10-02,147.54092407226562,148.01229974254315,146.11789447492697,146.67821458416918,2267100
2017-10-03,146.8205108642578,148.78605527206733,146.77603864762088,147.92335941018376,2839400
2017-10-04,146.93612670898438,147.576475018586,146.4736401127586,146.9539047377134,1918600
2017-10-05,148.5903778076172,148.63483644601646,146.97168166789965,147.5142100522979,4715400
2017-10-06,139.71432495117188,141.82218928070316,139.22515755102665,141.41306375394,18001200
2017-10-09,137.50856018066406,140.3012436638424,137.06386527206234,139.64309031354767,7028800
2017-10-10,139.51866149902344,139.95446766120472,137.92665872509,138.45139578070305,5420200
2017-10-11,140.40802001953125,141.37746560654426,139.68761616230444,139.90107468597108,3859300
2017-10-12,139.82989501953125,140.5147291102756,139.0650190868986,140.40799308341028,3596300
2017-10-13,142.1690216064453,142.37357754206857,139.71429609489894,140.00779647436718,3634500
2017-10-16,141.24404907226562,142.12455021582042,140.80825657951996,141.75100797731693,2453700
2017-10-17,140.86163330078125,141.6531900869762,140.141229363696,141.41305091760833,2426800
2017-10-18,140.12339782714844,141.2707049609208,139.90993934064952,141.2707049609208,3011300
2017-10-19,140.93280029296875,141.199606540132,139.63428441568885,139.7587985213716,2981700
2017-10-20,142.9872589111328,143.2007038627207,140.9772284769017,141.38635391913976,3993200
2017-10-23,144.1167449951172,144.4280369135143,142.81824323663463,143.05838232879773,2811200
2017-10-24,144.33914184570312,144.87278143943297,143.19183436150817,143.33414006263862,3040700
2017-10-25,144.2412567138672,144.97056299270236,142.81824092525872,143.19178307868145,3603900
2017-10-26,144.49029541015625,145.45972718628065,143.00500227005895,144.49029541015625,3038900
2017-10-27,144.41915893554688,144.68596509054572,142.9249766124783,143.01392104482125,3399900
2017-10-30,142.50692749023438,144.08115127628446,141.8309961105518,144.07226226362175,2550700
2017-10-31,143.26296997070312,143.43195627408107,142.05339879870075,142.16012127619547,2513600
2017-11-01,144.6949005126953,145.22852651480633,143.44974603240013,144.05453845334765,2129400
2017-11-02,146.7048797607422,147.23851919633182,144.6237103897689,145.61982286045398,3255700
2017-11-03,148.03009033203125,148.59041043744094,145.66430941031922,146.00228199085404,3112500
2017-11-06,146.7938232421875,148.16347788053272,146.73155942766456,147.46086574685873,1917300
2017-11-07,147.88775634765625,148.0834232177692,146.3935877806264,146.92721359555992,1944200
2017-11-08,150.3513946533203,150.47590872078123,147.65654381604668,148.1990723037726,3494300
2017-11-09,150.40478515625,150.58266049137924,148.57264341948434,148.9550747114613,2094000
2017-11-10,152.4058837890625,152.42367539044616,149.48868542885432,149.80886639868282,2673100
2017-11-13,152.49485778808594,153.9445546630331,151.77444028804786,152.0857323030403,4093300
2017-11-14,152.47705078125,152.82391239985273,150.99177084666826,151.92563322629613,1774300
2017-11-15,150.30697631835938,151.84561789735392,148.58155678570844,150.57379615028836,2439900
2017-11-16,152.51914978027344,152.84028083877865,150.89566370375888,151.85012787599473,2342700
2017-11-17,152.51914978027344,153.60742650013634,152.22477850903655,152.53699417554748,2100600
2017-11-20,153.67880249023438,153.90180980910358,152.40320715972015,152.63512987128095,1955000
2017-11-21,154.6957244873047,155.38259088128666,153.91966332726116,154.28539861858937,2360200
2017-11-22,153.857177734375,155.21306579848684,152.6261868130257,155.07033787357315,1950100
2017-11-24,153.09005737304688,154.46379005691094,152.9830182173694,153.76800832243455,789400
2017-11-27,153.97323608398438,154.37464669810734,152.6441070256787,153.6521048704276,2346700
2017-11-28,154.90090942382812,155.37368394609817,153.9196851900536,154.6065516815983,2728400
2017-11-29,158.36196899414062,158.54930114610747,154.8116960017721,155.21310648594374,4683000
2017-11-30,164.51690673828125,164.93616146942048,160.76147216099082,160.9487906341399,7716600
2017-12-01,165.14134216308594,165.1859327265003,161.57322596781827,163.4732385861258,4034400
2017-12-04,169.09298706054688,169.37844282669118,166.41690050370443,167.005642812917,5774200
2017-12-05,167.5408935546875,170.57378671454217,166.67562433453884,169.19113904029456,3182800
2017-12-06,167.00567626953125,167.68361343301646,165.48030063758594,167.3624824374113,3569200
2017-12-07,166.09580993652344,167.52306189153114,165.52491187677703,166.37233677012637,2240800
2017-12-08,167.7639617919922,168.17428765943012,165.8728503661239,166.6221517328876,1772500
2017-12-11,168.46864318847656,168.50431836919068,166.84514343462018,167.8888296256913,1964100
2017-12-12,167.96913146972656,168.7005884681868,166.63108742765962,166.7738153921892,3365700
2017-12-13,167.95126342773438,169.59259395489983,167.5230932057099,168.17427073668466,3062900
2017-12-14,166.39019775390625,169.25361734006995,166.0690667125728,168.21886025007495,3743200
2017-12-15,171.9208221435547,174.25794842305353,171.26964449387935,172.5274092123405,8452900
2017-12-18,171.54617309570312,173.36592070844623,171.18043777209544,171.83162903938384,3492300
2017-12-19,167.99586486816406,172.16163969796787,166.80946437056988,172.08136033476546,3959900
2017-12-20,167.26438903808594,168.82544012545065,165.38220689686906,168.6291926141363,3894400
2017-12-21,166.6310577392578,168.0582962964009,166.43481022581676,167.70149005993648,1908100
2017-12-22,166.47943115234375,167.23764788391182,165.8906885528061,167.05032935487782,1078300
2017-12-26,166.40809631347656,167.1127935887123,166.02451657281216,166.08696516761606,1120000
2017-12-27,166.18507385253906,166.86301127163273,165.7390591688829,166.67569272681843,1175200
2017-12-28,166.47047424316406,166.82729406698928,166.08690824524706,166.42588367505988,1017000
2017-12-29,166.02444458007812,167.34465739129612,165.8549568805783,166.32774480558044,2028000
2018-01-02,167.9869384765625,170.09211423399532,166.5775307659453,167.01461634450712,2509300
2018-01-03,170.00294494628906,171.35883328801745,168.04048321640846,168.43297828464196,3364400
2018-01-04,168.6826934814453,171.53718362919503,167.3089611654365,171.2695722003754,3525800
2018-01-05,167.47850036621094,169.20011037450715,166.55971128000232,168.97710305045095,2819000
2018-01-08,168.12966918945312,168.57568381434865,167.0324770233703,167.09492560427302,1961800
2018-01-09,166.1761016845703,168.86111809399054,166.0512181500357,168.60242202234318,2241900
2018-01-10,165.4000701904297,166.13154074550363,164.02635106555365,165.694441491036,2609500
2018-01-11,168.93246459960938,170.08317607666427,165.05213281619345,165.40893898905063,4678600
2018-01-12,171.12686157226562,171.43014820362484,169.48553127296196,169.57473962867186,3499500
2018-01-16,170.850341796875,172.0188978041077,170.27944368604054,171.58181223237662,2006600
2018-01-17,171.52825927734375,171.7691109309384,170.68083440584618,171.74235114845933,2585200
2018-01-18,170.83253479003906,172.18842320424358,170.5738522692143,171.47479700669976,1908000
2018-01-19,171.52825927734375,171.84047488797694,170.52027571097176,171.01089440855975,2353800
2018-01-22,173.3926239013672,173.73158570973035,171.32310981909725,171.7156048078922,3009100
2018-01-23,172.53631591796875,173.14290295620907,171.33208445753488,172.70580367293718,2316400
2018-01-24,173.26771545410156,173.72264533772287,171.20711705923745,173.43718952827112,2799200
2018-01-25,176.57717895507812,177.02319355896125,173.71377282046825,173.9456955144247,3558700
2018-01-26,177.43350219726562,177.7189444163557,174.56116755773004,176.3987452290874,2756200
2018-01-29,176.90725708007812,178.29882060846822,176.22930610173339,176.95184765599078,2031100
2018-01-30,176.54147338867188,177.32644970071863,174.90905858608343,176.25601755790348,2285000
2018-01-31,173.82972717285156,177.0410377618337,173.1428744837437,176.12224876773598,2682300
2018-02-01,172.58090209960938,174.3025120387751,171.66211305029432,172.52738252179086,2096600
2018-02-02,170.36865234375,172.69684897086552,170.19916462735972,170.6005750228035,2386600
2018-02-05,163.03619384765625,171.35882858841617,162.82210192232225,170.07430425898502,3407200
2018-02-06,165.0343017578125,165.23947825450108,157.1755274281001,159.59293232005868,4067900
2018-02-07,163.4108123779297,166.08689966763095,163.30377324195246,164.6685766707974,2594800
2018-02-08,159.32533264160156,164.58829936758852,159.2539686737321,164.58829936758852,3013200
2018-02-09,161.20750427246094,162.41174903358487,156.8097936161572,160.36899471864535,2777200
2018-02-12,161.5108642578125,163.47332649832015,160.9042907118316,162.20664620116258,1596200
2018-02-13,164.26718139648438,164.66860544912154,160.60986962815917,160.7615129677235,2123900
2018-02-14,167.12168884277344,168.12967266017063,162.62585370869843,162.9826735827524,2191000
2018-02-15,171.2627716064453,171.46849711249004,166.8711994251681,168.23070191681848,2072900
2018-02-16,171.33438110351562,174.07129274770983,170.869280814683,171.23599476641084,1969300
2018-02-20,168.25759887695312,171.26283834961353,167.81934360133644,169.82282748463646,2202100
2018-02-21,166.1377716064453,169.1698412933546,166.08410883020525,168.62424698873883,1747200
2018-02-22,166.88909912109375,168.4453880696934,166.05729868754162,166.67444798867092,1360100
2018-02-23,169.76919555664062,169.804979859755,166.28097662719478,167.99825468843832,1561700
2018-02-26,172.45240783691406,172.71179621147104,169.87648447758644,170.02854726140805,1852400
2018-02-27,170.02853393554688,174.8762683543312,170.02853393554688,173.02482017299286,2170400
2018-02-28,170.74404907226562,173.30207997940843,170.7351098233384,171.37015133758754,2179800
2018-03-01,169.071533203125,172.61342819826754,167.54208878191514,171.11080152987904,2447700
2018-03-02,169.33984375,170.28792286694747,167.45262476614252,167.6851680965057,2275900
2018-03-05,171.2627716064453,171.70997960578677,167.70299975304476,168.55269222225252,2155800
2018-03-06,171.2449188232422,171.9515015632966,170.0016809443235,171.8531152427617,2458700
2018-03-07,167.5778045654297,169.71545854346812,165.27020934118497,169.23247984430384,5157100
2018-03-08,166.0841827392578,166.67450083600588,163.74975540003697,166.53139093721038,6061500
2018-03-09,168.66900634765625,168.72266913529563,164.7693512226022,166.80861903914618,3288100
2018-03-12,169.3756103515625,170.02854407686655,167.7477797824885,168.39176061025898,2394100
2018-03-13,167.66725158691406,170.0463880899791,167.07693367322653,169.98378605848873,1964300
2018-03-14,165.13607788085938,169.05361180569017,164.12538314328236,168.847899887959,2866000
2018-03-15,165.92315673828125,166.87124944515,164.71570296674574,165.30602097827463,1811300
2018-03-16,166.2451629638672,166.58504554486365,164.99298553026514,166.52242984932832,3569400
2018-03-19,164.70672607421875,166.34350924170707,163.50821172678155,166.03047178256242,2493200
2018-03-20,167.5689239501953,167.77463590814193,165.10927876284248,165.55648697872482,1852500
2018-03-21,166.4240264892578,168.05185685301728,166.4150735928535,167.103777878298,2048300
2018-03-22,163.35618591308594,165.95894051680852,163.23096818203274,165.37756175657583,2489800
2018-03-23,161.74623107910156,164.97507428161205,161.7372918297931,163.9286089087486,2351800
2018-03-26,167.45262145996094,167.7567197277494,163.08786553091335,163.70501496406092,2036600
2018-03-27,163.8123016357422,167.84612694137812,162.83739137183406,167.64935430950777,2495300
2018-03-28,164.22373962402344,165.1270949661124,162.0950249522755,164.22373962402344,2168700
2018-03-29,168.5348358154297,168.7226692199697,164.93929256470759,165.23445154458022,3016000
2018-04-02,163.45455932617188,167.17533396576337,161.9340545270979,167.17533396576337,3599200
2018-04-03,163.32931518554688,164.7246020377709,162.2023558774519,164.1521763125583,2287000
2018-04-04,165.93209838867188,166.67446547751194,161.8356705267215,162.00561178952574,2111000
2018-04-05,166.58506774902344,167.25588010237522,165.40443145622243,166.98755243149205,1933600
2018-04-06,164.5368194580078,167.47944291735826,163.76762093661787,165.77110460333856,2259000
2018-04-09,164.93930053710938,167.61359633493507,164.12537849094127,165.6458833550486,1946000
2018-04-10,164.17005920410156,166.33454428208623,162.93576075928272,166.1377716706599,2526000
2018-04-11,165.15396118164062,166.69235828007555,162.98053616505152,163.00736756172228,1697300
2018-04-12,168.88372802734375,169.97490358817979,165.90531948083446,165.9142587325492,2841600
2018-04-13,168.9641571044922,169.78701831956874,167.264758241604,169.76912617532372,1744400
2018-04-16,174.03550720214844,175.126696066545,171.17337806918545,171.58480188170387,3026800
2018-04-17,175.30557250976562,176.09266312095355,174.16966013183904,175.00147428188225,2160500
2018-04-18,175.76171875,176.88869187217537,175.4128969854476,175.573898994776,1663100
2018-04-19,174.47378540039062,175.66334700946567,173.06954532924786,175.44869584281582,2427600
2018-04-20,173.1232452392578,175.01046448769938,172.39877010106622,173.9013831806174,2252800
2018-04-23,172.9353485107422,173.8565959492759,171.96042464520255,173.34677225051342,1618000
2018-04-24,172.1840362548828,174.7331275657599,170.96762982881998,173.99969982241467,1598900
2018-04-25,173.4898681640625,174.11595661847048,171.18227330549763,171.9335794507872,1311700
2018-04-26,174.64373779296875,175.6991562202775,172.9264599776786,173.62410366364927,1445800
2018-04-27,175.82432556152344,176.1284237721562,173.99076975413183,174.36642289333238,1563100
2018-04-30,176.3430938720703,178.02458697711126,175.65438960559456,176.2894310859541,2165000
2018-05-01,175.79745483398438,176.27149418793428,173.07842274762976,175.74379206149254,1413200
2018-05-02,173.51675415039062,174.92993347655704,172.1304062201627,174.8404863916227,2498100
2018-05-03,172.63124084472656,173.50777842011775,170.10004172762325,173.44516274428716,1815500
2018-05-04,174.5811004638672,175.6633364244043,171.08392984236613,172.47921693234912,1704500
2018-05-07,172.67601013183594,175.12671572741272,171.91576445913293,175.10882357990505,2361900
2018-05-08,173.94606018066406,174.5900409417601,172.10356497719243,172.61338876627192,1908600
2018-05-09,175.34133911132812,175.681221621546,172.75647693847412,173.65089310413583,1999100
2018-05-10,175.32339477539062,176.65098689233466,174.20211441268347,175.86161482449182,1874200
2018-05-11,175.60147094726562,175.7988173870374,174.534023534415,175.21575707066916,1296300
2018-05-14,175.7091827392578,176.95604638370847,175.2965454014319,175.780946349641,1440900
2018-05-15,175.35031127929688,176.44468205117673,173.35891618210601,174.70445267007256,2319600
2018-05-16,178.24777221679688,178.82186743883173,174.91980478026798,175.8796277149644,2163200
2018-05-17,179.04605102539062,180.6158435089236,177.512133490408,178.5616502511838,2391000
2018-05-18,178.4720001220703,178.97433165088574,177.4135040970599,178.95638732842588,1624600
2018-05-21,179.06398010253906,180.60686293939878,178.58855833522227,179.04604947217157,1202800
2018-05-22,178.4809112548828,180.99258182395445,178.3553284108044,179.1536794240536,1563600
2018-05-23,177.7364501953125,178.588620811024,176.50753089752362,178.588620811024,1635100
2018-05-24,178.40916442871094,178.58856655317007,176.55233122492646,177.87094436782877,1176300
2018-05-25,177.93374633789062,179.6022121362989,177.44935922303242,178.40916813696617,1331000
2018-05-29,176.4805908203125,178.36433390584102,175.81678781636063,177.70054458939566,2298100
2018-05-30,179.08197021484375,179.88032147048153,177.38659446129802,177.7543777904421,2390900
2018-05-31,177.8260955810547,180.03276761241915,177.3416948119719,179.6021997968487,4822800
2018-06-01,176.83047485351562,178.4989412615179,174.91980795584092,175.32346631362165,4056400
2018-06-04,178.1669921875,178.54374081465153,176.93807306887427,177.0008713504863,1870600
2018-06-05,177.4673309326172,178.82184674209978,176.70486828945602,178.70522917240706,1868500
2018-06-06,177.30584716796875,177.96963646762987,176.44469771671135,177.6197974971985,2066900
2018-06-07,181.71023559570312,181.98831096406704,178.8756352641439,179.8533885553286,2735000
2018-06-08,182.77767944335938,183.00193553431302,180.30189712673308,180.75937462477654,2052500
2018-06-11,183.44149780273438,183.79133678649603,182.47270976596974,182.77769479027342,1684800
2018-06-12,183.78237915039062,183.96178130821363,182.30228055145938,183.2172493501162,1384800
2018-06-13,183.0916290283203,184.634511907589,182.28431263946075,183.8182165157948,1665800
2018-06-14,183.99766540527344,184.54485091069603,183.2531334101897,183.7734092749774,1685000
2018-06-15,185.97113037109375,186.28508074112023,183.50431293691955,184.2488312447724,3879600
2018-06-18,184.97540283203125,186.67974367359025,184.02454549476064,184.78702169032982,1975000
2018-06-19,186.1595001220703,186.41066589615258,183.54915544767078,183.80032122175308,1940600
2018-06-20,186.56314086914062,187.11032632994028,185.64818578715318,186.36579439557312,1527700
2018-06-21,188.3392333984375,189.3708058977274,186.58105969801173,186.73355219084124,1825800
2018-06-22,189.36184692382812,189.9628515995213,188.39305897737327,188.70700928929963,1738600
2018-06-25,189.9449005126953,190.24092018196893,188.34819831176844,188.38407326220846,2398600
2018-06-26,188.45582580566406,190.58178263539486,188.34818727314752,190.51001905121578,2276700
2018-06-27,188.4020538330078,190.54594183132448,188.02530518712248,188.82365644120256,2211700
2018-06-28,187.21798706054688,189.4426039600382,186.62594761299846,188.37514262847566,1826700
2018-06-29,187.46011352539062,188.85050377320195,186.86808795576064,188.07009709902854,2164600
2018-07-02,186.5720977783203,187.3166296245143,184.831868365229,186.95781167529148,1876100
2018-07-03,185.79171752929688,188.2944236499163,185.59437103636242,187.0565254101472,842100
2018-07-05,187.60366821289062,187.73821638766415,186.17740281027102,186.76046315096303,1436700
2018-07-06,188.03424072265625,188.72495330780086,185.3790562995767,185.80962415703453,1523200
2018-07-09,189.2183380126953,189.98080057600092,188.37513284709297,188.84158938950193,1738300
2018-07-10,189.90005493164062,190.79707929474475,189.11964811574182,189.26317529883983,1687800
2018-07-11,189.227294921875,189.9718268182619,188.3482148401497,189.46053002646977,1472800
2018-07-12,191.98114013671875,192.11568830364598,190.36649369607056,190.65353434801676,2222000
2018-07-13,194.24160766601562,194.3313155579782,191.70304131100636,191.96317229769366,1951200
2018-07-16,192.72572326660156,194.77093807369468,191.87353902405616,194.33139113214537,2078200
2018-07-17,192.86029052734375,193.9008423565865,191.96326592023982,192.01708520666458,2064800
2018-07-18,192.8333282470703,193.6496237017157,191.60440925079476,193.16522288109965,1869500
2018-07-19,195.1387176513672,195.73075714867392,191.99016635888643,192.37589403895305,2790800
2018-07-20,196.1702880859375,196.3945442086408,193.9725808209467,194.63637018414366,1793900
2018-07-23,196.30484008789062,197.7580290986681,195.7307449501476,197.23775324141536,1394300
2018-07-24,196.0715789794922,197.95532185312553,195.1835199685261,196.81611081318,1453900
2018-07-25,197.97329711914062,198.08094936267992,194.98620400168457,195.20149480125596,1560200
2018-07-26,198.88824462890625,201.48960982974884,198.0809281700256,199.13941035778046,1820000
2018-07-27,197.0314483642578,199.58797395509075,196.2330970159378,199.41753709070065,1596800
2018-07-30,196.54698181152344,197.45297136659553,196.09846969143757,196.48418354470965,1292700
2018-07-31,196.1881866455078,197.40814021594835,195.8473130385084,197.06726660894893,1888500
2018-08-01,194.7709197998047,196.53805903037843,193.98153391761758,196.13438708493763,1841300
2018-08-02,198.3500213623047,198.60118708716607,192.8692019956769,192.8692019956769,1904800
2018-08-03,199.16629028320312,199.69553129813085,198.24235641392136,198.24235641392136,1195700
2018-08-06,199.78524780273438,200.27861389192907,198.25133026860257,198.628078821941,1285500
2018-08-07,200.807861328125,202.26103632123446,200.01847556026078,200.25171063940502,1428100
2018-08-08,201.45375061035156,201.7228606801637,199.3547167033291,199.91086747676923,2010700
2018-08-09,195.7666015625,199.4533722354119,194.57355751931868,198.79853459657568,3637100
2018-08-10,197.62342834472656,198.88823593753935,195.32704824536737,195.67688718726185,2830800
2018-08-13,196.95068359375,198.76267679263543,196.5021713743481,198.26931061379204,1518900
2018-08-14,199.13938903808594,199.64172044205523,197.21975763720096,197.35430580344124,1450600
2018-08-15,198.8433837890625,199.2380766886311,196.242018678277,197.9912134036331,1844100
2018-08-16,200.2069091796875,201.16671831953778,199.26503067562297,200.4401306324763,1657700
2018-08-17,202.44039916992188,202.6198149459957,199.27390508474687,199.43537654571293,1980900
2018-08-20,203.93846130371094,204.7188679928587,202.70056350368077,202.72747313520287,1783700
2018-08-21,205.00595092773438,206.40532049315925,204.25245371462523,205.8581350601263,2066700
2018-08-22,205.60696411132812,206.5219191236971,204.862432233612,204.9521264590863,1267900
2018-08-23,205.8760223388672,206.62953308080475,205.03283107557348,205.4185449174256,1337900
2018-08-24,207.46380615234375,208.16348410288515,205.95681170117967,206.31561599312167,1453200
2018-08-27,206.3424835205078,208.88106374607082,204.6112333183149,208.77342521795623,1904100
2018-08-28,206.54884338378906,207.95717832975308,206.17209476010927,207.1588271227278,1882100
2018-08-29,206.48602294921875,208.1096347197471,205.17636146684256,207.9212535968523,1793600
2018-08-30,207.57411193847656,207.8708664178591,206.32415358552177,206.48601218074054,1272000
2018-08-31,209.64244079589844,209.9931482219799,207.01662888650927,207.01662888650927,1881300
2018-09-04,211.03627014160156,211.24310780208052,209.6514292975098,209.6514292975098,1858400
2018-09-05,211.87255859375,212.3761370294622,209.70536008439697,210.9373434590678,2126000
2018-09-06,212.8347625732422,212.91570560772337,211.37798005335793,211.74667633010128,1853200
2018-09-07,217.1331787109375,218.4730540809464,213.30236020671242,213.40127837751362,2722400
2018-09-10,218.6798553466797,219.2374003068556,217.72665146575778,218.51799675021292,2817300
2018-09-11,219.6061553955078,220.46044134491763,218.6709264046812,219.354352419912,2185700
2018-09-12,218.01443481445312,220.424421131206,217.82558604952186,220.31651539209247,1912000
2018-09-13,216.9623260498047,219.4082902444902,216.76448970159603,218.06840110825593,2078200
2018-09-14,211.66567993164062,214.92096377875495,210.8473583245162,214.92096377875495,3875300
2018-09-17,208.62625122070312,210.95530823212326,208.18561325037393,210.47870625593248,2884600
2018-09-18,210.73947143554688,211.74662813646128,208.3564481194092,208.6082372946378,2000200
2018-09-19,210.2898712158203,211.090204130708,209.00393503215702,210.98228467015642,1581400
2018-09-20,210.35279846191406,211.3239912170639,208.91400505247415,210.96429629507435,1910100
2018-09-21,211.10818481445312,212.0793776560154,210.4337464846029,210.7574774317903,3717800
2018-09-24,209.83120727539062,211.1890849521345,209.43553467346473,210.59557604924566,1530400
2018-09-25,209.46258544921875,211.01829997910428,209.28273794491272,210.4517673051295,1889700
2018-09-26,210.25387573242188,211.91749558381562,209.9301448210716,210.0380642725093,2008500
2018-09-27,210.42474365234375,211.9264912446523,208.9319836307142,210.15496559567256,1421400
2018-09-28,211.21612548828125,211.74668040121946,210.23593125547353,210.29888542555994,1602800
2018-10-01,211.00926208496094,212.69985851946754,210.81142574809388,212.0523966390813,1673100
2018-10-02,212.53799438476562,213.6350817801501,210.3078418674202,210.5146794915294,1647600
2018-10-03,209.70538330078125,213.40130639100116,209.2827341265565,212.7808208492038,2322300
2018-10-04,208.33847045898438,210.42473941902264,207.4212442948298,209.75928872215215,2862800
2018-10-05,196.77413940429688,204.18395995451078,195.8478981140368,202.3315048169573,7379000
2018-10-08,201.36935424804688,201.88193411920676,197.16985196439504,197.24179372112732,3863500
2018-10-09,201.58509826660156,202.46636041876488,200.13730358444963,201.56710940429738,2502800
2018-10-10,198.7794189453125,202.33145734100296,198.77041765435007,201.522137000231,3021400
2018-10-11,199.47189331054688,202.61927228239261,198.6715466279392,200.4520737543371,3650900
2018-10-12,204.08502197265625,204.68751852638843,200.88369044704314,202.5113326434883,3130500
2018-10-15,201.89089965820312,204.07608740080065,201.65709926545625,203.4556018230077,2441900
2018-10-16,204.74148559570312,205.26305288469837,201.72001504673696,202.2145921787394,2541800
2018-10-17,205.4698944091797,205.82060179893074,202.79011617827868,205.4339166801634,2129300
2018-10-18,205.5508270263672,207.41226974917183,203.45557022564222,205.5148492967717,2624600
2018-10-19,206.53099060058594,207.39427766105936,205.6767048325177,205.83856343802265,2099800
2018-10-22,205.982421875,207.05253270853967,204.3727687005154,206.7198142455496,2007300
2018-10-23,205.70370483398438,206.16231799027346,201.27040315873796,204.19296945692574,2656700
2018-10-24,201.2164764404297,207.8079904597137,200.6139796845916,203.16785021660317,3100200
2018-10-25,203.59046936035156,204.66058050044566,200.3891372339594,201.4862248127546,2218900
2018-10-26,196.2075958251953,202.33149349968178,195.13748484191532,199.9125058930706,3995400
2018-10-29,200.0114288330078,202.23258015680582,196.71117892909533,197.6104300327712,3801400
2018-10-30,204.95730590820312,205.21809640721625,200.54197978206216,200.62292280814225,2410500
2018-10-31,205.59579467773438,207.33134280976034,202.83508706277044,205.61376982125412,2674600
2018-11-01,206.46810913085938,207.5472079735426,204.61563988049446,205.19116017802457,2095000
2018-11-02,206.97164916992188,208.83309192597778,204.29187084801026,206.65690577701457,2167200
2018-11-05,210.8293914794922,211.2250641098128,206.64787987215539,207.46620156472926,2513900
2018-11-06,212.86172485351562,213.56313958392653,210.58660704363965,211.3239995005488,2101300
2018-11-07,216.15298461914062,216.61161146635177,213.06855990244313,214.69620221384167,2603600
2018-11-08,215.16146850585938,216.153001524811,213.65615110734143,214.99020246130416,2140600
2018-11-09,214.29615783691406,216.5676474934441,213.69222904897234,214.50347339000444,2256700
2018-11-12,211.35760498046875,215.612160472153,211.04212720814547,214.20599639091992,2301400
2018-11-13,211.0511474609375,213.10631257511926,209.81624935616247,211.6009951123519,1548100
2018-11-14,210.30299377441406,213.73728249427162,208.86078011799694,213.73728249427162,1896500
2018-11-15,207.2653350830078,209.7080909369049,204.61524990994965,209.4106447476932,2722300
2018-11-16,208.23873901367188,208.32886959558553,204.18249146700336,206.68834996217322,2822400
2018-11-19,206.18365478515625,210.47426001645684,205.3453561477339,208.77063593522425,1949500
2018-11-20,197.6835479736328,202.81245173140746,196.5478031954128,202.74033898696655,3704800
2018-11-21,197.0165557861328,200.13535331866785,196.0069909816063,198.81031068793428,2036500
2018-11-23,198.35960388183594,199.36915486911045,196.19627640793325,196.59288965410556,1007500
2018-11-26,197.8097381591797,201.44233334897385,197.3139716466806,200.87446784747436,2205600
2018-11-27,201.01866149902344,201.11781479260495,196.84524174250652,197.73760763064195,2369800
2018-11-28,207.62591552734375,207.73409154792665,200.27960150805558,200.81141765705223,2765600
2018-11-29,208.2207489013672,208.75256482917953,205.84108374980116,206.41797185460211,1478700
2018-11-30,208.47317504882812,210.37510573421662,207.04897926864197,208.84274771258083,2764000
2018-12-03,209.1942901611328,209.30245240331132,205.70592030987595,207.96840098474306,2481500
2018-12-04,204.02938842773438,210.29403869805947,203.3172834755508,209.22138367795492,3418600
2018-12-06,210.20387268066406,210.79879261022822,204.25471464732854,205.46257238012703,4029800
2018-12-07,202.68626403808594,210.75369016842265,201.03672106329037,210.15877032424717,2881900
2018-12-10,200.70321655273438,202.99273785950132,197.5032838322578,202.39781800077827,2650000
2018-12-11,204.16455078125,204.84059234012832,201.9110789183223,202.92062991160168,2466800
2018-12-12,205.33631896972656,207.72499317827217,204.67830916486085,205.83208543398075,2891400
2018-12-13,204.17347717285156,206.9767955871567,203.24504824100373,206.27371375049708,2170200
2018-12-14,186.64151000976562,197.4040914424913,185.24435501357686,196.5027028970918,8822300
2018-12-17,182.287841796875,187.4888586994453,180.87266862132407,186.2990189557305,4739400
2018-12-18,182.97286987304688,184.4871960612086,181.6928997604536,183.06300047714336,3308500
2018-12-19,181.54872131347656,186.587481399066,180.15156592416082,183.43262060246343,3369600
2018-12-20,177.6907958984375,180.90874707656693,174.5809932314557,180.57523758930918,4250900
2018-12-21,175.33810424804688,180.90867887398886,175.15782928922536,177.717769465145,5080200
2018-12-24,171.25486755371094,176.06828057093233,171.08360147656416,174.77928740100262,2031700
2018-12-26,179.04286193847656,179.1780647569818,170.82218672081845,172.00301760353773,3268800
2018-12-27,181.25123596191406,181.29630814637022,174.83335301342822,177.53751903160142,2705900
2018-12-28,182.11659240722656,184.73963719264867,179.90819253369224,181.9182995192216,2037800
2018-12-31,183.62185668945312,184.2347942651588,181.52161984193765,183.32439683509116,1729400
2019-01-02,184.5683135986328,184.87479615717308,180.14250629397682,180.7284033468287,2143100
2019-01-03,180.65628051757812,185.63194886112993,180.3137484881668,183.61283368085313,2877700
2019-01-04,185.90240478515625,187.42574008837917,181.58474534118412,183.05401327880756,2761600
2019-01-07,186.5874481201172,188.4983876319197,183.46863737992902,185.253396786638,2226600
2019-01-08,187.984619140625,188.46235405893324,184.04554110587353,188.07474975960565,2366500
2019-01-09,189.20150756835938,190.39134741116865,187.4167615582473,188.5254659542455,1862900
2019-01-10,189.86854553222656,190.1029016801678,185.68610184662208,187.6240823593998,2340700
2019-01-11,189.75132751464844,190.41836009438398,188.6696638412636,189.3276737315069,1861100
2019-01-14,188.3902587890625,189.87754480417766,187.6330954996985,188.81391262446652,1523100
2019-01-15,190.22006225585938,190.49949056101013,188.46235698628158,189.32768246325813,1681900
2019-01-16,189.45387268066406,190.60766288454457,188.84093495913712,190.60766288454457,1455000
2019-01-17,190.60765075683594,190.77890304758978,188.97612574025,189.17443234438534,1517100
2019-01-18,192.5276336669922,193.04143189343665,190.88711317606263,191.59920428800473,2115400
2019-01-22,191.4549560546875,194.30334767261124,190.0127423745199,191.99579478106295,3310800
2019-01-23,191.1754913330078,193.66333249542944,189.2915925934186,191.99575820189602,2220200
2019-01-24,189.57106018066406,191.44595037546284,188.3000987799336,191.44595037546284,1994400
2019-01-25,188.4533233642578,191.3828363478396,188.15586347235615,191.12142594854782,2252300
2019-01-28,189.98565673828125,190.00367460521213,186.86684649712774,188.10174433264064,1999400
2019-01-29,189.57106018066406,189.77837573585757,188.00265260487788,189.58008287052056,1636500
2019-01-30,190.5084991455078,191.24763069594516,188.6786812626465,189.72428165706765,1589800
2019-01-31,193.46505737304688,193.69040454372634,189.03923563991822,190.31920591888561,4341100
2019-02-01,189.5349884033203,193.798552711833,188.72373039532314,192.89716409456867,3453700
2019-02-04,190.3552703857422,190.36429307590285,187.39871637422402,189.92260763515682,1630300
2019-02-05,190.7428436279297,191.5631105610705,188.96710697227266,190.63468139642933,2074500
2019-02-06,190.7338409423828,191.32874698922447,189.72427631694123,191.32874698922447,1618800
2019-02-07,188.94427490234375,189.89329218224546,186.43164708165148,189.86617858492684,2526600
2019-02-08,187.76931762695312,188.43815193016187,185.96167076652517,187.8416251563204,2013700
2019-02-11,188.64599609375,188.82675799148956,186.87449639690524,188.58272184435432,2376600
2019-02-12,191.52020263671875,192.28845816232905,189.13410904242974,189.85717063278304,2091200
2019-02-13,192.33363342285156,192.97534035093435,190.9778982442947,191.81844743519926,1703000
2019-02-14,193.27354431152344,193.91526483352183,190.83322449879532,191.61051298046027,1411100
2019-02-15,195.65069580078125,196.35567710550072,193.4543972812678,194.45764202894605,2635500
2019-02-19,197.14193725585938,198.47960569312448,195.68678116557385,195.83139620602134,1938100
2019-02-20,196.22909545898438,198.0005953598386,194.37625476346733,197.24137323590085,1785600
2019-02-21,194.52993774414062,195.87663979114785,193.7165020700776,195.7681853789402,1615300
2019-02-22,195.4879608154297,195.7591105988085,193.6441671127053,194.47568300148302,1542500
2019-02-25,196.1748504638672,198.01864393185883,195.72293881285216,196.46406674906726,1794000
2019-02-26,196.68099975585938,197.8559728691733,195.34334505933649,196.03024584052395,1884100
2019-02-27,197.07870483398438,197.8107996174385,195.63258180626545,195.68680900633595,1482700
2019-02-28,197.70236206054688,198.56099164773346,196.59969626100113,197.47640618016868,2055600
2019-03-01,198.3350067138672,199.35633155676663,195.01797653076736,198.62422302693358,2178200
2019-03-04,197.40408325195312,199.81729021128473,195.10836396320602,199.2297966933567,2444700
2019-03-05,198.67845153808594,200.29628923485166,197.84692193601967,197.85596899574293,2160200
2019-03-06,198.14523315429688,200.5674874415741,197.24140960361564,199.29309292521285,1985300
2019-03-07,195.93983459472656,198.28978054078198,195.42466251815753,197.15096822053874,3279100
2019-03-08,205.90904235839844,206.70439752889547,202.24855503013123,203.79408523659416,6782700
2019-03-11,207.59918212890625,207.79802436409224,205.22212236634132,205.64692043321602,3748400
2019-03-12,210.55471801757812,210.95238875288632,207.78900666229998,208.1686246494716,2647100
2019-03-13,213.64578247070312,214.61286634977108,210.5456609971238,211.72063419058316,2421200
2019-03-14,211.35003662109375,213.64575552031673,210.8438977809892,213.41979969589514,2300300
2019-03-15,211.13316345214844,212.98599049178466,210.7535454668191,211.6483356472359,5075400
2019-03-18,213.83560180664062,213.91694261297695,211.0337571887876,211.11509799512396,1735400
2019-03-19,214.25135803222656,215.15518150944226,213.56444336314152,214.67615616981809,1852300
2019-03-20,214.18807983398438,215.55286208590758,213.1034944395018,214.2332737652652,1499500
2019-03-21,216.50184631347656,216.78204314584454,213.7994232344703,213.9169108957856,1617000
2019-03-22,214.7122802734375,217.2249081703669,214.11575353182826,216.69165568525426,1873600
2019-03-25,214.17904663085938,215.1822912240995,213.11252777555612,214.14288596932283,1357100
2019-03-26,216.07708740234375,217.14359249594645,214.53154317324362,215.1099896525921,1193000
2019-03-27,216.3843536376953,217.10741508297693,215.25457443920843,215.75168004479266,1351200
2019-03-28,218.02023315429688,218.6800202279819,216.5379636596669,216.89948742274834,1396700
2019-03-29,218.8517608642578,219.12291059708735,217.6135274268758,218.41792956647953,1968000
2019-04-01,220.70460510253906,220.9034473239728,219.249449095455,219.69232745978442,1610200
2019-04-02,217.36949157714844,220.70460157551398,217.1977629530865,220.53287295145205,1574300
2019-04-03,219.15908813476562,220.12618576593187,217.8395137302073,218.44507373657999,1663600
2019-04-04,220.89443969726562,221.21981668212743,218.04740142316308,218.87891731975412,1319700
2019-04-05,222.22305297851562,223.325718620059,220.5419409177405,221.4005841731435,1616200
2019-04-08,222.81051635742188,223.09069936449126,221.61746302135387,222.3314911276745,1244200
2019-04-09,221.35537719726562,222.0513112383848,220.5419279176625,221.53613910676086,1450200
2019-04-10,221.98806762695312,222.94611823212705,221.17463207685282,221.6898042475828,1556600
2019-04-11,218.0383758544922,220.69560523491947,217.74914572828837,220.18946630531428,2719800
2019-04-12,218.6800079345703,219.3759556201883,217.73099087077247,218.28232354278862,2187600
2019-04-15,222.63880920410156,223.01841335912454,218.6891055468684,219.05966264192065,1859700
2019-04-16,221.7440185546875,223.08168704947911,220.7588544078646,222.9280249428646,1360500
2019-04-17,221.94287109375,222.75632042555486,220.82213890820853,222.61170537217836,1363000
2019-04-18,222.16885375976562,223.4703618147512,221.16560911665195,223.0545969339216,1365000
2019-04-22,220.0086212158203,222.1326110546683,219.23133278450214,221.60839199250057,1300000
2019-04-23,221.96092224121094,222.81955159696457,218.91504220789332,221.12035942131618,1524600
2019-04-24,224.11207580566406,224.78089635337875,221.97905184467163,222.05134558665284,1156400
2019-04-25,221.97901916503906,223.37993431752471,220.47866910165143,222.5303519574285,1278200
2019-04-26,220.37022399902344,222.24113123153927,218.77948601756032,221.99709505642838,1842900
2019-04-29,220.7859344482422,222.1145556811505,220.07192017462881,221.43668826808494,1429700
2019-04-30,221.91574096679688,222.1507300675937,219.647149374827,221.22884020129493,1427600
2019-05-01,218.35467529296875,221.85248096305494,218.31852842786753,221.74401278525218,1350400
2019-05-02,219.34886169433594,219.52962358192073,217.29717910256622,218.5082989197571,1237600
2019-05-03,221.09327697753906,221.32827988930288,219.3760180240761,219.87312365521035,905900
2019-05-06,220.74078369140625,221.28308324439573,218.77948858105347,219.49351678553128,1194900
2019-05-07,217.080322265625,219.39412201726282,215.3088359233776,218.4722181829287,1775200
2019-05-08,218.1287384033203,219.6742825021726,215.28170017905387,216.51993383723473,1611900
2019-05-09,220.6481475830078,221.18284014629538,217.64841527041813,218.1015473739149,1919300
2019-05-10,223.86538696289062,225.25197008513143,217.53059521511815,220.16782736075038,2036500
2019-05-13,219.24343872070312,221.97128904810052,218.1106084442681,221.23721724152978,1962800
2019-05-14,219.97747802734375,222.11626182640444,219.14371672648858,219.5787196163929,1635100
2019-05-15,221.7356414794922,222.39721041779495,218.61809068150046,219.4156075354499,1194800
2019-05-16,224.24609375,226.32143340430918,222.22512775401785,222.60575719080603,1800600
2019-05-17,225.07070922851562,226.61135553181268,222.56941130155715,222.8322356514011,1672000
2019-05-20,225.56918334960938,226.51170598483372,223.98322079218966,223.98322079218966,1600500
2019-05-21,226.50257873535156,227.3182247183421,224.84412760977204,225.7594493679079,1504200
2019-05-22,226.12196350097656,227.48135972845782,225.78665018998242,227.48135972845782,1242300
2019-05-23,225.2338104248047,226.49351694134756,224.0103483868815,225.3244423640925,1822800
2019-05-24,224.119140625,226.1672927497021,223.6388217027093,225.75947662321866,1340200
2019-05-28,223.221923828125,226.74729086987892,223.06786057979826,225.2791473505939,3164100
2019-05-29,218.12875366210938,221.82631361607437,216.51560433596475,221.24630502497178,2594900
2019-05-30,218.89901733398438,220.74780378032384,218.18307480338214,219.45183896969962,2030300
2019-05-31,217.12283325195312,218.10160049330764,211.20492764523834,216.57906906392358,4058100
2019-06-03,218.47311401367188,218.8990454589884,215.76337911856734,217.3040254694703,2512500
2019-06-04,222.58755493164062,222.7778765017834,219.76907266311005,220.22220477169378,1761500
2019-06-05,224.71730041503906,225.44230078741109,222.05288117823522,223.03164827513228,1825500
2019-06-06,227.66262817382812,228.32419714578594,224.5178903984278,224.75351410431165,1487800
2019-06-07,232.0126953125,232.54738784543582,227.4904321980496,227.6173086266868,2270200
2019-06-10,232.7739715576172,234.56835702137187,232.10331722483994,232.36614159386062,1839500
2019-06-11,233.00955200195312,235.28428376785126,232.19391983450708,234.640843993831,1613500
2019-06-12,233.1183319091797,234.49584342904004,231.79518019601895,233.43550222880864,1071700
2019-06-13,235.36582946777344,235.5108350350959,233.4082957943963,233.55330136171878,1228500
2019-06-14,235.76466369628906,236.7162578522341,234.64090475931815,235.62872957600916,1287800
2019-06-17,236.92462158203125,237.66776479600045,236.0183574646013,236.65275340959667,1191900
2019-06-18,238.1118927001953,239.43505859885784,237.486568069771,238.90033828021018,2763200
2019-06-19,238.94566345214844,239.34442198139854,236.4806232972356,237.7222010399944,1628400
2019-06-20,242.289794921875,242.68855347380924,239.7522379862031,240.1600680324524,1745100
2019-06-21,241.1841278076172,243.73072833321143,241.05723752751308,241.76412259054294,2964000
2019-06-24,241.76406860351562,242.85159660701564,241.53750257420194,242.2534589707892,1586100
2019-06-25,241.39248657226562,242.04499781479026,240.48622249414723,241.70968453100403,1182400
2019-06-26,239.62535095214844,241.80945127108686,239.56190581239278,241.47413789950983,1334400
2019-06-27,240.68568420410156,241.50134427960234,238.33846275599106,240.06943105740726,1122900
2019-06-28,239.48934936523438,241.4196962383082,238.6736895855809,240.61310794949043,1952500
2019-07-01,238.84596252441406,241.97258564896782,237.29625820298,241.45600832282528,1955800
2019-07-02,240.5859832763672,240.67661523718127,237.1421900213639,239.18128468321908,1201300
2019-07-03,243.9119415283203,243.93005685442785,240.28688500379081,240.28688500379081,986500
2019-07-05,243.1053924560547,243.43163432062144,241.31097922996486,243.06009030497293,1081500
2019-07-08,244.1475372314453,244.41036155818213,242.28970693320053,243.1778280297146,1236000
2019-07-09,244.6641082763672,245.39817994908375,243.32282751712768,244.11127282063924,1400300
2019-07-10,245.97825622558594,246.0779320182662,244.09321108754418,244.73665096454383,1257000
2019-07-11,250.6183319091797,250.8267549932502,246.33169190528642,246.8029393746969,1985600
2019-07-12,253.24639892578125,253.7539045222673,250.13792023305885,250.58198071573898,2046400
2019-07-15,254.27960205078125,254.3883769887836,252.7570848026173,253.69960733304745,1568000
2019-07-16,254.34304809570312,254.99555944111154,253.5546026485407,254.66024610445527,1379200
2019-07-17,255.1677703857422,256.3368590597033,253.9533795602363,254.70556674922452,1716600
2019-07-18,256.3912658691406,256.52719999834943,253.01996117978806,255.74782588622236,1696100
2019-07-19,255.1223602294922,257.65988809555523,254.97735468614866,256.53612970586727,1607600
2019-07-22,253.90805053710938,255.8565130161742,253.13772044343585,254.85961687477248,1459100
2019-07-23,253.84461975097656,255.63900524991317,252.86583888156588,255.4305821746976,1117800
2019-07-24,254.50613403320312,254.87770563158037,252.85675439699747,253.59986993676657,1257100
2019-07-25,253.57273864746094,255.5121575138817,253.1558648157691,254.84153078590026,1600200
2019-07-26,254.99545288085938,255.35795288638104,252.95635923570018,253.57261201078478,1447700
2019-07-29,253.87181091308594,254.93212460659046,253.33711831992713,254.66932788491275,1257400
2019-07-30,253.30081176757812,254.27052097624312,252.9383116649607,253.9986251565413,978200
2019-07-31,249.7937469482422,253.50036630080746,247.07495281273677,252.8659699397212,1886900
2019-08-01,248.83294677734375,254.59677332166584,248.59730925523465,249.90233180432384,2634300
2019-08-02,246.95704650878906,249.16833383504198,245.14451772707318,248.58831134953562,1969200
2019-08-05,240.25059509277344,245.18971736357625,238.0846108289204,244.7728436620458,3329800
2019-08-06,244.0659637451172,244.89973882192095,239.29900609633296,241.4921772183505,2383000
2019-08-07,248.5882568359375,249.0957625709661,238.88217508228055,243.0419244052764,3037500
2019-08-08,249.0413055419922,249.07756384149286,245.59751382786175,247.4462999046898,2046700
2019-08-09,248.26206970214844,249.64865311532208,246.42235409307497,248.8420645312631,1284300
2019-08-12,245.87855529785156,249.20455731641027,244.0569552766444,248.343595202658,1638600
2019-08-13,250.36456298828125,252.0864594798411,244.70041159697314,245.76072524951206,1724600
2019-08-14,243.0147705078125,249.5489284742508,242.8788363919766,248.3164222813492,2122100
2019-08-15,246.0688934326172,247.38298784070884,243.5766663984388,245.171700550551,1623200
2019-08-16,248.4070281982422,250.1923698176691,247.80889049428814,248.4070281982422,1230800
2019-08-19,249.77548217773438,251.37958763609805,248.8148442640998,250.50051018792408,1313400
2019-08-20,247.38290405273438,250.45512486540392,247.27415678955805,250.3826359089479,1390600
2019-08-21,249.8388671875,250.61826865375753,248.95074611711706,249.59418585000378,1682300
2019-08-22,253.68153381347656,254.65121566698045,250.91741089956255,251.04430118631637,2345500
2019-08-23,248.32545471191406,253.8717870214899,247.13825085871343,252.13174764153098,1984300
2019-08-26,252.35826110839844,252.42170622492083,249.84791983054785,249.90229345700078,1426400
2019-08-27,264.9735107421875,265.9341485073839,254.06208287353908,254.6602205181496,5169000
2019-08-28,266.8857116699219,271.83393367483967,265.009765962087,266.2150850718063,5162100
2019-08-29,269.3653259277344,270.41892122329597,265.9048234871335,270.19185398851545,2613100
2019-08-30,267.721435546875,270.91853311991,265.96845494283787,270.66421885521606,1801000
2019-09-03,265.25994873046875,267.0310843568382,263.81580435553565,265.7322663471913,1842900
2019-09-04,268.95654296875,269.1200246945236,266.82210582171814,267.03101761675975,1375700
2019-09-05,269.72857666015625,272.2172242102212,269.4651709568208,271.05464129798327,1865300
2019-09-06,275.895751953125,276.69503296794096,270.9275202851881,271.7540482565016,3018100
2019-09-09,271.5723876953125,279.147346621236,270.8548475386432,276.567866398738,3397200
2019-09-10,269.75579833984375,270.8911341914424,267.55777593515813,270.10094487363546,2725000
2019-09-11,264.0246276855469,268.6113734822961,261.4088094237186,267.30346435138193,4754700
2019-09-12,263.298095703125,265.8957315607052,262.19907033122416,263.7068000942644,2942600
2019-09-13,265.1236877441406,267.09464346337666,263.2617475767315,263.57964723701696,2306300
2019-09-16,262.20806884765625,264.6513136410043,261.8901692885735,263.9156182798416,1508900
2019-09-17,264.6786804199219,265.02382708500534,262.20818755835546,262.99837717674603,1758900
2019-09-18,265.60516357421875,266.64060379840583,262.30814184312845,264.033875550107,1666000
2019-09-19,261.42706298828125,263.1800432838646,258.59326804656024,262.93479290587305,3004700
2019-09-20,260.0919189453125,262.86215625425274,259.8921263583095,262.26269533872636,3409500
2019-09-23,261.19085693359375,261.69948522752054,259.5378011192502,260.09183176442775,2025400
2019-09-24,261.49969482421875,265.77763345942185,260.12819995474575,262.7621741455584,2483200
2019-09-25,262.0446472167969,263.10730621843993,260.5550730410887,261.8175800108534,1827800
2019-09-26,261.8175354003906,263.22534075010157,260.3098060836447,262.8801942209698,1877300
2019-09-27,259.7194519042969,262.9710417300752,258.3116187555947,262.9710417300752,1538100
2019-09-30,261.6813049316406,262.144530879307,260.28259096735496,261.308939123781,2151500
2019-10-01,257.884765625,262.19904262396966,257.2035639935837,261.6177649786071,2648900
2019-10-02,258.9565734863281,259.5742175012385,256.33169036610207,257.2490509691391,2480600
2019-10-03,262.4897155761719,264.1790824478241,255.76853117079614,259.2108781084702,3590200
2019-10-04,264.914794921875,265.1691090981048,257.3307442732906,261.4452011676093,4513300
2019-10-07,266.49517822265625,268.5660301822093,263.85211242775074,264.3425853892195,1988700
2019-10-08,265.1146545410156,268.4661416860281,263.80674494961886,266.0774174738257,2201100
2019-10-09,269.6650085449219,271.18182967836094,266.2226619377744,266.2226619377744,2235500
2019-10-10,269.8829650878906,272.0083104430489,269.0836842258154,271.2362765322644,1637500
2019-10-11,270.3008728027344,273.17100630545644,270.0828693840075,270.72776036176964,1855500
2019-10-14,270.2281188964844,272.7894435221818,270.20996349932585,270.6640978917617,1297600
2019-10-15,271.01837158203125,272.15370771208467,269.96477632716164,270.95478610638816,1580700
2019-10-16,271.3725280761719,271.5451013510756,268.011922712235,269.5741460252523,1811100
2019-10-17,274.66046142578125,274.85119010009123,271.43611848612346,271.43611848612346,1734600
2019-10-18,275.0783386230469,276.11377859750934,273.3708161702465,274.29724058042046,1853900
2019-10-21,273.4615783691406,275.66869278247333,272.6350780918885,275.2054667903398,1322900
2019-10-22,272.45343017578125,276.9130339177338,272.43527477584604,273.9429767973374,1955600
2019-10-23,270.04656982421875,272.5261266758003,269.9193988481517,272.0992390989893,1798700
2019-10-24,269.8013000488281,270.9184809167734,267.53971906936187,267.9847620172772,2056700
2019-10-25,269.3017578125,269.982959560761,268.0392506010014,268.41164421623114,1686200
2019-10-28,271.5179443359375,271.6541791459454,268.13009089682885,268.5751615670826,1672600
2019-10-29,268.7204895019531,271.5179739237606,268.67508713305983,270.85492748524075,1295300
2019-10-30,272.3353576660156,272.70775126036153,268.8203612770172,269.6832278636929,1264300
2019-10-31,270.4421081542969,272.7268254844811,268.11188981512953,271.5799111628119,2277400
2019-11-01,269.5135803222656,271.6344599732594,268.97654081614036,271.2430347583,1364500
2019-11-04,270.17803955078125,271.4523728066323,268.6761457928717,270.48751850017493,1651600
2019-11-05,272.3262023925781,272.7904347144443,269.2586912126452,270.423799893595,2204500
2019-11-06,274.5016784667969,274.57448560215005,271.18838435142555,273.04528575430817,1675000
2019-11-07,277.81500244140625,279.5353734609351,275.330059117713,276.64989358536906,2399400
2019-11-08,275.4575500488281,276.97766707603984,274.23782856886834,275.56677469204936,1501600
2019-11-11,273.8371887207031,275.1934403560219,272.7995273280001,274.4834527362629,1160900
2019-11-12,273.52777099609375,275.5576210273321,271.8529287433676,273.8281386885079,1540800
2019-11-13,275.7123107910156,276.7135825995194,272.6356882241508,273.236451309253,1517900
2019-11-14,277.2507019042969,278.43403357447994,275.138933078018,277.0686701093085,1336400
2019-11-15,276.4041748046875,278.0244049562104,274.5290779252303,277.906069014957,1706100
2019-11-18,277.2051696777344,278.88001200629543,275.5758283481978,275.90350220930446,1241300
2019-11-19,275.1116027832031,277.2962063585259,274.39253142174124,277.1687591126638,1761400
2019-11-20,273.5914611816406,275.95809608069334,271.261243742741,275.29360938021983,1979500
2019-11-21,273.3183898925781,274.774782832371,272.6357083062738,273.70070380339786,1302500
2019-11-22,272.44451904296875,274.8384598442219,270.5512279871436,274.8384598442219,1277300
2019-11-25,272.2080078125,273.64620651469767,270.8426440660169,273.3367273989024,1613000
2019-11-26,274.2013244628906,274.3014655398002,271.99855411149696,272.3990628623657,3359100
2019-11-27,273.764404296875,275.61219452327737,273.5914560873472,274.72925863509204,1906500
2019-11-29,272.8996887207031,273.8827657696057,272.76315795790697,273.81904215417245,981600
2019-12-02,270.69696044921875,273.2547389909101,267.8569812493349,272.8451188604144,2705500
2019-12-03,269.1313171386719,269.604633071271,266.42789675740056,268.63977858433526,1921400
2019-12-04,269.9050598144531,270.4876282697645,268.65803220164366,269.46816125136246,1742000
2019-12-05,266.7920837402344,270.46035992382303,266.2459326816184,270.46035992382303,1941100
2019-12-06,268.4759521484375,269.4225840506209,267.84788279846487,268.5032583037238,1462000
2019-12-09,268.6669921875,270.5147820621821,268.11173020513377,268.5213501557052,1960000
2019-12-10,269.2314147949219,270.0597384626121,268.11180698023145,269.4589753263186,1565900
2019-12-11,268.79449462890625,269.7502655493318,266.74644980020463,269.4316752425233,1749800
2019-12-12,270.6513977050781,271.0337116307904,267.7204168692372,268.7671897866691,2742700
2019-12-13,265.6723327636719,268.5213947182747,263.15097237958554,268.1937209261401,5195600
2019-12-16,267.1561279296875,268.02995280186553,266.5644759618419,266.72831291692677,2410000
2019-12-17,269.0220642089844,269.7047458415009,266.47339722561077,267.1560788581273,2474100
2019-12-18,265.6723327636719,269.75931052640345,265.6268317742249,269.4225254250267,3309800
2019-12-19,267.3472595214844,267.43828930762777,265.33563180615215,265.8453652744862,2333600
2019-12-20,268.3666687011719,268.53961692410576,266.500683489582,267.4746492127601,4866500
2019-12-23,266.98309326171875,268.8035773603447,266.7282265990464,268.4394860962961,1309800
2019-12-24,267.8204650878906,268.02071940270747,267.02853135767657,267.5291810339068,543600
2019-12-26,269.1859130859375,269.1859130859375,267.5201544446367,268.0571939639021,1101800
2019-12-27,267.7113342285156,269.70476697392803,266.8648156046799,269.6319598165784,1439100
2019-12-30,268.64886474609375,269.0766518626894,267.301696447812,267.79323495613403,1238900
2019-12-31,267.5383605957031,268.931029847289,265.9545205095822,268.5214098057235,1550700
2020-01-02,265.3265380859375,268.1391836603928,264.8805282161711,267.66586763081204,2103600
2020-01-03,265.54486083984375,266.60982823216665,263.3602582105506,264.01563344366326,1926000
2020-01-06,265.6177673339844,265.8544391889865,262.7140925683309,264.47085330237337,2655100
2020-01-07,265.1991271972656,265.5086062779931,263.31491877380773,265.171821036566,1963400
2020-01-08,268.2391662597656,268.9582650811451,264.4252507818129,264.8712603880272,2492800
2020-01-09,272.5447082519531,274.85670324021015,270.98817422369416,271.7527742723758,3261200
2020-01-10,270.5604248046875,273.31845798938053,270.0324964689024,273.07270255730003,2024200
2020-01-13,272.954345703125,273.6643335642613,270.159895260831,270.2691476673355,1778600
2020-01-14,272.8451232910156,273.98292614043606,271.7801276014666,272.3900021512475,1459900
2020-01-15,273.8189697265625,274.01922405182285,271.2884984046609,271.5706711659307,1604000
2020-01-16,275.8306579589844,276.7682061955777,273.9646727957323,274.3378753840595,1758600
2020-01-17,277.3325500488281,277.89689569344154,275.8306561736896,276.1674412984825,2506500
2020-01-21,285.1424255371094,285.21523267659484,278.3156103520867,278.71611906521196,3585900
2020-01-22,283.8953857421875,285.4154742996749,282.36615809739675,285.26983224881957,2218900
2020-01-23,284.7965393066406,285.2698551761756,282.83952443930036,284.0137166926747,1535900
2020-01-24,282.63922119140625,286.07082315338056,281.3557767793036,285.8341513703553,1986100
2020-01-27,281.6744079589844,283.7861483619929,278.21547156979955,278.6705925858726,2265100
2020-01-28,282.9488220214844,283.7316170589704,281.35589801049787,282.63934297561383,1571700
2020-01-29,281.7926940917969,283.96818571242477,281.6197736752995,282.957802690857,1713700
2020-01-30,281.6926574707031,281.84741086869093,279.143990397398,281.11920043461254,1232600
2020-01-31,278.0971374511719,281.4286266436773,277.22331287263387,280.85516971519274,1837000
2020-02-03,274.8932189941406,280.8826020729099,274.59285120912426,279.44443122914294,2816800
2020-02-04,277.5328063964844,278.4521597921979,275.58490277769,277.23243873066826,1982300
2020-02-05,281.2193603515625,281.80190095944187,277.98798362690536,279.4443768141882,1731800
2020-02-06,283.3264465332031,284.4484151059736,280.8088999322159,282.1771420681498,1917900
2020-02-07,286.0811462402344,286.2453285895016,281.96728996622534,282.7699963452469,1903500
2020-02-10,286.2270812988281,289.10038361740965,285.1416072038382,286.1997175752969,2336300
2020-02-11,283.39019775390625,286.8108018051178,283.1986517213836,286.44594294037796,2047500
2020-02-12,287.4403076171875,287.7687002097755,283.4723997982432,283.4723997982432,1384600
2020-02-13,290.24969482421875,290.7878665729638,285.9990204404385,287.19394934369365,1438000
2020-02-14,290.3500061035156,291.71824779399253,289.1094803325518,290.86081410767116,1113400
2020-02-18,293.76153564453125,295.0659474601237,290.62369854435394,290.9794548132302,1547100
2020-02-19,294.64642333984375,296.0237962324879,293.469754945097,293.78898922829916,1413600
2020-02-20,295.61322021484375,296.51627882595955,292.81290619547264,294.0078352648835,1427500
2020-02-21,293.6703186035156,296.6895700424129,292.8311180251708,294.22672359107514,2239000
2020-02-24,286.0720520019531,291.8916461510018,285.74368726177244,287.7869198770033,2300400
2020-02-25,278.09063720703125,288.762936554603,277.66192024227,287.33083649817115,2881800
2020-02-26,278.83856201171875,283.9557730289038,277.9172702834469,280.53516849753913,2236000
2020-02-27,267.3818359375,278.2091856940409,267.26325051919343,275.4544686963406,3625300
2020-02-28,256.4450378417969,262.09129060389756,247.45111306789227,260.1940073733261,7091800
2020-03-02,281.9855651855469,282.3230604216607,265.7855711564468,268.5767825821425,7563800
2020-03-03,276.13861083984375,286.5737387344383,274.5879254362695,281.9855683349602,5131400
2020-03-04,292.5666198730469,292.7764270029732,278.22744246588746,281.2102278693464,4219300
2020-03-05,288.0240173339844,296.00542749907464,285.68888698692535,288.03312001647595,6407700
2020-03-06,283.9923095703125,289.6020962699,276.15684696386165,284.7220553478649,6185500
2020-03-09,275.4544677734375,283.07099203752114,267.2632496237348,269.8629147864415,5203100
2020-03-10,282.2227478027344,282.52377667072045,268.55858706155357,280.9183636066836,4245500
2020-03-11,271.3041076660156,280.75411247385904,268.34871419182116,274.4328140006797,3622700
2020-03-12,255.26834106445312,269.6622450220618,252.0666460476601,255.80651288193644,7307600
2020-03-13,275.718994140625,276.61292226190113,253.82712230456357,263.4595436854742,6100100
2020-03-16,258.305908203125,273.21975552612633,254.95829081059537,257.07448450912267,5465500
2020-03-17,280.02435302734375,280.2067963989623,261.15173589945084,263.6145822315499,7170600
2020-03-18,280.4895935058594,290.06728694264484,269.9997387893801,271.82406134876777,6701800
2020-03-19,278.4098815917969,286.28183830482726,276.0473870931683,283.1440011101577,5429500
2020-03-20,264.90985107421875,280.95476221952504,261.8084809222539,280.87267105718934,6581200
2020-03-23,260.44940185546875,269.698730336826,253.96394869841902,266.3602168052862,5646400
2020-03-24,259.9112548828125,271.23118047164735,257.9865799769654,268.7136062611961,7124200
2020-03-25,256.18951416015625,265.1834357113685,254.6844541418043,259.245258947079,5639600
2020-03-26,266.6247253417969,267.92913710055444,256.1895982934515,256.6274457198477,5463100
2020-03-27,259.3548583984375,267.7102608002582,258.44269692885393,261.9089272154469,4250400
2020-03-30,265.54840087890625,266.0592089947171,260.73219018915114,262.2372508102706,4396000
2020-03-31,260.08447265625,265.9131670219637,259.0537262633333,262.1733291588447,5618600
2020-04-01,261.5895690917969,263.4321245625612,256.2260571659309,257.55780462822696,3745800
2020-04-02,265.8768310546875,267.0626298119838,257.97750951009067,259.40047915362965,3500600
2020-04-03,263.29541015625,266.66128830220987,260.6957443262134,263.7606214268662,2650100
2020-04-06,278.31866455078125,278.65615979381306,264.1345668004591,267.2632735264006,5272500
2020-04-07,276.95953369140625,282.769996586711,276.585544226454,279.5774321091191,4036500
2020-04-08,279.0939636230469,280.416608498517,275.72808656633526,278.30949051542336,3964400
2020-04-09,273.6575012207031,277.6162776430698,271.44092826194554,273.14669315568494,6487600
2020-04-13,273.3017272949219,277.2514007785222,271.5138991830276,272.3530718768565,3120400
2020-04-14,286.5464172363281,287.10282237068355,274.7886425390577,276.1568847425717,4288300
2020-04-15,283.0162353515625,286.1905662350089,279.8692960266063,284.2659195337778,2937300
2020-04-16,293.3146057128906,294.2906250523482,284.6308395568488,287.08455585072335,3940000
2020-04-17,289.9942932128906,293.83448396805744,286.43684235827135,293.0865051231513,3688000
2020-04-20,284.6673278808594,290.41396161332585,284.16565022728366,290.0217388778425,3156300
2020-04-21,274.8615417480469,284.4939903169289,273.0554802589055,283.8098693681444,3833000
2020-04-22,282.2409973144531,283.80078553995895,275.5092416169601,277.2970701962457,2970600
2020-04-23,278.5740661621094,282.44164915192323,278.01766110945675,280.06089359218157,2625200
2020-04-24,283.27166748046875,283.5270715191796,278.6743947836739,280.33450711681803,2019400
2020-04-27,281.6571350097656,285.77099094108826,280.57166095177564,285.5520533233498,2287300
2020-04-28,278.16357421875,283.92841195327435,277.55241395518976,283.52705879089626,2425900
2020-04-29,280.11566162109375,281.56599501350195,274.6700565484493,278.16365055651073,3667700
2020-04-30,277.01629638671875,281.4960922993314,276.62317764573413,279.8961631947876,3794300
2020-05-01,276.0289611816406,278.6802670476934,274.4381553415664,275.90095344369826,2525400
2020-05-04,278.3785705566406,279.3293935767313,274.3376215472266,277.0163538503726,2477500
2020-05-05,281.51446533203125,283.23322330549144,277.418635757791,278.8997088916182,2460900
2020-05-06,282.4012451171875,284.3668669390926,280.25276307440885,283.34291666352635,2406700
2020-05-07,278.8448181152344,283.29718828793676,278.41512170572327,282.8126393921521,2601800
2020-05-08,279.7042236328125,280.8378789346704,277.65632298415204,279.66764600678533,2337400
2020-05-11,283.7176818847656,285.08904959411217,278.8447675671285,279.42989784871247,1865900
2020-05-12,278.69866943359375,284.8332505676528,278.6529683065905,284.1841439011504,2264900
2020-05-13,276.2301330566406,280.1247996928216,274.3833393952864,278.698579025957,2954900
2020-05-14,274.0359191894531,276.9066632626083,269.28185964296625,275.1970287543214,3718900
2020-05-15,273.55133056640625,274.11815819280514,270.4886032070498,273.42335073168033,4577200
2020-05-18,276.7969055175781,277.1900242856202,274.2004523115622,275.846082629281,3987300
2020-05-19,278.5064697265625,282.5199909255383,277.1533770293499,278.4973183480301,3523000
2020-05-20,278.7625732421875,281.514460873528,277.1992213924136,280.4630563243002,2827000
2020-05-21,276.07470703125,278.8814473339002,275.41644917363425,278.6528859652914,2492100
2020-05-22,276.4951477050781,277.8756667782317,275.03234991836905,276.1111803751521,2366400
2020-05-26,278.6619567871094,280.5818775007152,277.5008752981944,279.7682136905211,3234600
2020-05-27,279.7681579589844,280.042420334628,273.7889870650317,278.44249137543085,2980200
2020-05-28,283.0137634277344,284.3302788480137,280.58186766251157,280.9018590869846,4301900
2020-05-29,282.0171813964844,282.39202522795176,276.42200596198694,278.1133649428121,4971800
2020-06-01,281.8526306152344,283.17826927425284,280.1795464524431,281.4960616328031,2293700
2020-06-02,280.7555847167969,282.52007144267475,278.58882782846825,281.5418501799695,2528900
2020-06-03,280.3442077636719,281.7704282788862,279.68594999506877,281.13044537309986,2165900
2020-06-04,284.1017150878906,288.30724887203723,282.5840646053244,284.19314519417554,4553900
2020-06-05,285.2811279296875,286.7347746937441,280.9384625003891,286.2776520169758,4375600
2020-06-08,280.8470153808594,284.59542668351986,280.179606268987,284.01944768157625,3764500
2020-06-09,279.34765625,282.13612131499667,279.00026645257276,281.13044584730204,3155800
2020-06-10,280.9749755859375,282.16351113087785,279.4390502884196,280.1978894572096,2713700
2020-06-11,275.0323181152344,282.68457239760636,274.85863722928747,280.66407080748564,3443000
2020-06-12,273.08514404296875,278.98201082152775,270.8452313910723,276.71469982100814,4020000
2020-06-15,271.6954345703125,272.50912634849686,268.64185835774265,271.576578207157,3266800
2020-06-16,275.51690673828125,276.7785695172752,273.56043661330574,275.5077832590966,2633800
2020-06-17,273.9169921875,276.1020516173981,273.26788590479174,275.2060812732498,2188400
2020-06-18,273.8804931640625,275.01414849872924,272.2531375156793,274.2736119784318,1881800
2020-06-19,274.1821594238281,276.01065002072,273.0302293201618,274.4381469913709,3438000
2020-06-22,274.68499755859375,275.6266690536229,272.67364684078836,273.9993136185079,2094400
2020-06-23,275.4529113769531,278.7533227643682,274.9409363578557,275.85518144917904,2409600
2020-06-24,272.4634704589844,275.44392011745214,271.1652572989407,274.9776459216505,2398100
2020-06-25,274.7581787109375,275.3250064149938,270.06809517816214,271.5857459441664,2274300
2020-06-26,271.1286315917969,276.211834121219,270.57095525304015,274.6484821955858,2866000
2020-06-29,275.7271728515625,275.7637504672499,271.3753573027763,271.93306131496206,1841700
2020-06-30,277.2082824707031,278.49737156560735,274.4015708788134,275.196959747881,2391700
2020-07-01,278.6163330078125,279.3751445425471,274.95935078621693,276.559280508165,1906100
2020-07-02,279.5213623046875,282.42868370051445,278.47913712171663,279.7590750220992,2540500
2020-07-06,284.7781982421875,284.84220209553695,280.89265655393416,281.1577954459915,2332400
2020-07-07,289.1117248535156,290.7756296553405,283.15998059533246,283.4342429526264,3346600
2020-07-08,289.1940612792969,290.77568768960134,287.08215700499574,289.9437490729195,2364500
2020-07-09,297.6234130859375,300.7684190476057,292.26592129404696,292.55848647665596,5313600
2020-07-10,298.25421142578125,299.32386264884093,295.4017430630093,298.04392499278526,2484100
2020-07-13,295.2281494140625,300.88730301249916,293.9299086145434,298.3182755611631,2583200
2020-07-14,299.8724365234375,300.47584172548363,292.96989617221874,293.76528506110446,1844800
2020-07-15,298.68389892578125,301.0792167327245,297.6964985485306,299.9638365439325,1770700
2020-07-16,298.290771484375,299.7809956250852,296.270297403685,298.6107628846185,1402000
2020-07-17,296.9377136230469,299.6895727703526,296.745702037929,299.2324501591101,1768100
2020-07-20,298.51019287109375,299.36043416450906,294.9903434632906,297.0291201920999,1863300
2020-07-21,299.63482666015625,303.0632474615728,298.50117111000037,298.9582938835226,1874200
2020-07-22,300.14666748046875,301.3900553757511,297.1388210664935,301.3809039962009,1312600
2020-07-23,298.14447021484375,302.0483148321103,297.43136011926975,299.9638370219288,1561700
2020-07-24,297.8427734375,300.5580825540865,296.8279747487433,298.24504352147926,1423400
2020-07-27,299.5067138671875,300.786651484886,297.2942283490213,297.751350919667,2083300
2020-07-28,299.4794006347656,301.70101047027646,297.8794710337869,299.8450932491634,1374000
2020-07-29,298.1719665527344,299.90902699030016,297.4862825983885,298.9764789560369,1341300
2020-07-30,297.60394287109375,299.09737267555755,295.02021871713436,295.652407136945,1390300
2020-07-31,298.2544250488281,298.9690691318016,295.5241038289731,297.6039225021566,2149900
2020-08-03,301.7268981933594,302.2491456671204,297.12749673475645,298.2727615663899,2480200
2020-08-04,311.3196105957031,311.34709583086067,301.36039295551575,301.94675395906546,3933300
2020-08-05,311.4844055175781,314.0131580486296,309.30381780869226,313.2160306060406,2923700
2020-08-06,314.544677734375,316.20301889197765,312.98710645591586,313.7200926883649,2104300
2020-08-07,312.34576416015625,315.8456999026201,311.17301418934636,314.38892651423185,1759000
2020-08-10,311.5119934082031,312.49234668622887,310.21096042720325,312.16249591842126,1503800
2020-08-11,304.5762939453125,312.2908099074456,303.99907601491464,312.2908099074456,2065600
2020-08-12,308.54345703125,310.5041355042875,305.2542604262457,305.78565090269535,1853900
2020-08-13,307.572265625,311.01720245542094,307.05001826796183,308.7541585354831,1536500
2020-08-14,308.1036682128906,310.3758832862511,307.4806509697402,308.33272113703964,1522900
2020-08-17,311.475341796875,311.8509919733763,309.0931856310854,309.3588948701842,1504700
2020-08-18,312.19921875,314.0774420439454,308.58934146729973,312.4282717351431,1489400
2020-08-19,312.33660888671875,313.2894770238556,311.46622442001103,312.5381766087945,1730100
2020-08-20,312.3091125488281,313.0329277015397,310.3575769364104,311.64029582796974,1717500
2020-08-21,315.7356872558594,316.8626376653328,310.89809080144823,311.5761064441556,2372600
2020-08-24,315.2959289550781,317.1100101812125,313.44516347233633,316.1937985039935,1461500
2020-08-25,315.827392578125,316.01064614023915,312.84970393746175,315.30517305117877,1176200
2020-08-26,315.4241638183594,315.9372400878472,313.0603501454018,314.26975619229154,1757000
2020-08-27,317.3390197753906,318.60339619102206,313.8482559986121,316.65186111129157,2220700
2020-08-28,319.18072509765625,319.8129135256324,316.55120150099145,318.3561400056861,1487300
2020-08-31,318.53009033203125,319.5287575020038,315.44246208089794,317.7879612611291,1586900
2020-09-01,321.9384460449219,322.0392159028469,316.4686615120187,316.7435138159596,1773700
2020-09-02,328.791748046875,329.7629582635891,321.8743602479794,323.98163617119445,2434900
2020-09-03,319.1165771484375,333.19877681295657,316.56950931605684,332.64904410915904,3630400
2020-09-04,317.5315246582031,324.32065733220077,311.87848564886593,324.32065733220077,2557000
2020-09-08,310.467529296875,316.01979874623714,309.84451195898913,315.0302743055325,2144300
2020-09-09,317.4032897949219,320.39932067809013,311.8693899112529,312.3366389788263,2100900
2020-09-10,311.0813903808594,318.84170542146535,310.375917362828,317.25664894652647,1959600
2020-09-11,310.71490478515625,314.4988639024533,307.9387842158964,311.7685427378733,1599600
2020-09-14,314.1873474121094,315.9464583242688,311.9426174275276,312.41903747445326,1522300
2020-09-15,315.0943603515625,318.6217808907125,314.03155145381106,316.1113418892494,1362500
2020-09-16,314.9295654296875,319.5381107386359,314.48977359745265,318.17293582549024,1656500
2020-09-17,310.48590087890625,314.1599196367962,308.1862000052462,311.12723244853885,2681500
2020-09-18,307.8105163574219,312.62979949583865,303.44936709126637,311.6952735017838,3409300
2020-09-21,311.1180114746094,311.16381087505994,305.7489964111678,305.9872203988594,2427400
2020-09-22,315.5891418457031,316.00142034820885,311.1363382946999,312.15334785534014,2128100
2020-09-23,315.7540283203125,319.0707100501592,315.2317809644697,318.84165713555035,3577100
2020-09-24,317.92547607421875,318.22781364795264,309.96359375931905,316.0930525809956,5779300
2020-09-25,313.8758239746094,314.9661182459281,307.26077370585165,312.1899976295148,7338500
2020-09-28,320.3259582519531,320.4633844269269,314.3522675083885,314.9569706388377,3459200
2020-09-29,322.6348571777344,324.6047070808127,318.0171415833029,319.7121391131394,2526000
2020-09-30,325.2551574707031,327.72894027512785,321.7460789195118,323.01959865856657,2525800
2020-10-01,328.4252624511719,329.55221299135025,325.0902661559287,326.4096133383839,2053000
2020-10-02,325.264404296875,327.8572717408207,323.2853831844875,325.0078660764119,2125000
2020-10-05,328.5351867675781,328.9016938246002,325.5574986729319,325.5574986729319,2093500
2020-10-06,328.3244323730469,332.5848107199091,327.1241974141806,331.57697236804,2760400
2020-10-07,332.6032409667969,334.17912658683406,329.5247823382045,330.266911756189,1959100
2020-10-08,334.4997863769531,335.3060572916977,331.43964210367585,334.2340771071925,1793100
2020-10-09,338.5035400390625,338.76924923997217,335.0586033331295,335.3334556371327,1730700
2020-10-12,344.9354248046875,348.7651833767925,339.7038353515789,339.9145741291065,2806900
2020-10-13,348.7834777832031,350.25859322118015,344.93540525914784,346.71285826807934,1823300
2020-10-14,346.6395263671875,351.70617587879406,345.13695373972706,350.8083063201307,1904400
2020-10-15,345.0270080566406,346.65786385106406,341.8019527667032,344.917067120476,1697800
2020-10-16,349.5713806152344,352.62235293118226,347.3541362474241,348.6185127252155,2459400
2020-10-19,344.0924987792969,350.99157246290736,343.31371316305,350.02039019906795,1938100
2020-10-20,346.6120910644531,350.0661995568316,344.6055849436771,346.04404421027283,1282300
2020-10-21,346.1631164550781,349.33320115620404,345.4301303076231,346.84110417598185,1466500
2020-10-22,344.26654052734375,346.67618173180387,340.8582319418242,345.7324848149817,1813200
2020-10-23,343.2129211425781,344.9720320139123,342.26005311027694,344.1382759807192,1108000
2020-10-26,339.6488342285156,341.40797300940847,335.44342584672773,335.95650216603764,2145000
2020-10-27,341.4905090332031,343.49701538126715,337.87146075339876,337.87146075339876,1525400
2020-10-28,334.38067626953125,341.20646588573356,334.11499495882117,336.5520939278917,1908300
2020-10-29,334.93133544921875,338.8143680795321,332.77412311333404,333.435064241594,1838500
2020-10-30,328.2852783203125,334.0042563375096,326.6054011898355,331.5073703413071,2724100
2020-11-02,334.4999694824219,335.6657843215747,331.1218098282367,332.5079570886303,1646300
2020-11-03,341.44891357421875,344.05595112235414,337.71278820905957,338.67664776226815,2013100
2020-11-04,345.31365966796875,350.3349693749748,343.32164740885355,343.33999677009393,2449800
2020-11-05,353.6305847167969,354.86982528008053,348.3705917833782,351.10616013865643,2255800
2020-11-06,354.0252685546875,355.07174261018525,349.6465499280922,350.5553337150109,1950200
2020-11-09,335.0599060058594,357.5502284637869,334.8396016075799,356.40276303226,4371300
2020-11-10,336.54705810546875,341.06349492559946,331.01168530371183,334.031822534856,2662600
2020-11-11,342.3302307128906,343.96422023033296,337.96067375003327,339.3559815130804,1688800
2020-11-12,344.8914489746094,347.2139183385896,342.862737541593,346.0297539535198,1535900
2020-11-13,347.7646789550781,348.6734627143278,344.23047942623526,345.6349761515738,1274600
2020-11-16,348.6367492675781,350.0045191932356,345.99298424578257,345.99298424578257,1691500
2020-11-17,350.592041015625,356.6139378847716,350.4727001180424,355.5490865096512,3299100
2020-11-18,350.8766174316406,356.21919576601874,350.41763120954073,351.48248260652804,2134600
2020-11-19,352.0791931152344,353.15320529072864,349.11413174879664,352.143429901671,1768900
2020-11-20,349.8576354980469,353.87835907960414,349.75667198122784,352.45551306982674,1807600
2020-11-23,350.3992614746094,351.6385299041699,349.1416436809111,351.5834537974602,1679600
2020-11-24,352.7032775878906,354.383154377046,349.4811862215687,352.2167534455199,2061100
2020-11-25,355.9438171386719,356.48541752192557,353.93345523399836,354.14459898243797,2034200
2020-11-27,356.5313415527344,358.6243176665954,355.9438257242768,358.4315232773409,1329400
2020-11-30,359.6341247558594,360.900931459044,353.6306039662559,359.61577538853106,3733800
2020-12-01,365.0883483886719,365.56878657673843,359.0782713424062,362.2057767564655,2996800
2020-12-02,361.2637634277344,364.4477876373014,359.44567628968827,363.1195393206899,2212800
2020-12-03,352.3616638183594,356.77032793528844,351.63632063206455,356.0826447535137,3976400
2020-12-04,351.77764892578125,353.54864673157067,350.3269624236751,353.4544392156696,2839700
2020-12-07,351.6835021972656,354.6697113537117,351.0429369753746,352.5690012532161,2652900
2020-12-08,355.7059326171875,357.5145907226616,349.2531048362036,352.26757334279677,2685500
2020-12-09,352.5877685546875,358.9086984757518,351.18414280984405,357.8536433843897,2461600
2020-12-10,351.17474365234375,353.25659446626497,350.01605167318013,352.58777003020884,2566300
2020-12-11,353.3507385253906,357.7499437596056,350.9391762400446,357.7499437596056,3483900
2020-12-14,352.67254638671875,356.25220169337496,351.5703731683737,354.7261378126626,2778400
2020-12-15,350.3174743652344,353.90655875949983,347.8870531033598,352.78555562868274,2133900
2020-12-16,348.0190124511719,351.22186679930695,347.4632254722156,349.63928400348937,2385100
2020-12-17,348.8197021484375,349.46026721137616,346.6624738135549,348.79144277060476,2314200
2020-12-18,345.7204895019531,349.8276727988565,344.71252368206325,349.58276775009597,4140000
2020-12-21,343.8080749511719,344.89138915900674,340.8312966617927,343.92111243399455,2329700
2020-12-22,341.0386962890625,343.61041518189313,339.701018390158,342.98867999632637,2105500
2020-12-23,340.90679931640625,342.0466326841536,338.6553632138941,341.43432692865787,1782100
2020-12-24,343.4408264160156,344.1567691216056,340.4546461798909,340.4546461798909,972500
2020-12-28,349.5450134277344,350.1384890561264,343.911738393327,344.3073983949527,3207700
2020-12-29,351.1087951660156,351.6174927109982,348.79143995813206,350.66604575147613,2072600
2020-12-30,352.738525390625,354.0667449970577,351.6363520758113,352.5030209748877,1778000
2020-12-31,354.933349609375,355.17828335676984,350.8638271429764,353.24713024864224,1628900
2021-01-04,358.10791015625,359.42672877140444,353.0775406718176,355.5456216690544,3322200
2021-01-05,353.95367431640625,358.1644940252155,353.4920949041962,356.8927645497586,2748400
2021-01-06,348.5653991699219,354.01026064099455,348.21685720045383,352.1450838858734,2661400
2021-01-07,346.5871276855469,350.1008349311604,345.5226431989438,349.49795861678876,2849500
2021-01-08,348.49005126953125,348.7915038512679,343.1676566929398,346.77557205251725,2599700
2021-01-11,342.9038391113281,349.48853299999666,342.76251347147667,347.20883773665656,2562500
2021-01-12,343.0829162597656,343.9024671986238,339.3619342119133,342.8945011884426,2387600
2021-01-13,345.67333984375,347.359530502901,341.95235914718114,343.24291854757337,1968800
2021-01-14,341.3401184082031,345.2494861028586,340.5959163777771,344.77847725415074,2363900
2021-01-15,341.16107177734375,343.75161998228305,339.8799129888015,340.1248467457493,2340400
2021-01-19,333.91693115234375,341.9052495853324,332.00463685299127,341.34943398402027,4533800
2021-01-20,340.3509826660156,340.91619903423253,332.91847798047434,333.84166567349854,2767200
2021-01-21,341.7640075683594,342.88501092303204,339.0698507650946,340.3509810286642,2121600
2021-01-22,341.29296875,343.48788588117424,338.98504285336867,342.1408075978401,1960300
2021-01-25,340.89727783203125,340.9726265785233,336.1306718568824,339.9364016386886,2735900
2021-01-26,343.8175964355469,344.6842365347592,338.0712832851769,339.31475342553813,1807000
2021-01-27,335.7256164550781,344.5899754576441,334.2749015168383,341.9429086942086,3120800
2021-01-28,336.35687255859375,340.6430420390369,335.4242841382309,336.1590568705384,2251100
2021-01-29,331.9952697753906,335.6314728127171,331.4771715729263,334.18075759848136,2598700
2021-02-01,330.19598388671875,332.334382140902,328.9619431863118,330.8459783012042,2371200
2021-02-02,334.9626159667969,336.9597174892512,330.3844240876292,331.36413047153746,1905000
2021-02-03,334.61407470703125,336.79956251081444,332.73003944475545,335.5749510895738,1759800
2021-02-04,335.8787841796875,338.2667928895121,333.99102934805217,336.69050493096137,3411600
2021-02-05,335.2370300292969,336.8227375322037,334.2270740535127,336.5395569607037,2165600
2021-02-08,339.6354675292969,339.8337025667767,335.61456850040247,336.5584461098387,2520700
2021-02-09,339.3807067871094,341.3723039666156,338.19141151588894,339.83377851063744,2154000
2021-02-10,336.1336975097656,340.73982496010916,335.18981987829716,340.73982496010916,2162400
2021-02-11,332.4337463378906,336.49240903431195,331.6692076848665,335.76563355565725,2088400
2021-02-12,332.95281982421875,333.16992203963616,330.45154997205304,332.2354636383682,2096600
2021-02-16,334.1326904296875,335.41635021630486,332.2826982881495,333.2643103114945,1829000
2021-02-17,337.9459533691406,338.068662069331,332.1599789114296,333.2926147800182,2143000
2021-02-18,336.8888244628906,338.09698670610584,332.50921832819796,332.50921832819796,1914900
2021-02-19,334.8594665527344,337.842123410324,334.6801274932218,336.67172433128184,1839400
2021-02-22,330.5553894042969,333.4625487468246,329.243414426847,332.9528467417315,2215600
2021-02-23,322.94775390625,331.3010774315214,322.8344931894103,330.16841265340054,3692600
2021-02-24,321.5791015625,323.27806967681465,318.92680787917516,322.60792466342866,3305800
2021-02-25,315.1607666015625,323.7500596596271,314.64164537478206,321.7207283119459,3618100
2021-02-26,312.4235534667969,317.0391297597562,312.3669231028839,316.6804515850643,3362200
2021-03-01,313.1502685546875,317.14288126898384,312.76327527274645,316.397209881592,4653200
2021-03-02,310.0260314941406,315.9063993699961,309.9882971292658,314.96252176066923,4660100
2021-03-03,305.7408447265625,309.98829392462346,305.58982085404847,309.7523245247312,4064200
2021-03-04,301.1347961425781,307.3266325097866,297.35928475745754,305.22177454283013,5501200
2021-03-05,299.5112609863281,300.5589513451121,289.77043678450985,297.63292488696754,8102800
2021-03-08,293.94232177734375,304.23999918520934,293.4703830625804,301.0119545069458,4873500
2021-03-09,300.8893127441406,302.30512920328016,295.1599685596563,296.15105736396976,5426800
2021-03-10,305.6559143066406,309.01614554432683,299.5112898379768,303.1169096995012,4523500
2021-03-11,310.20538330078125,312.65947094692154,308.38370635303426,311.8666171790657,4338900
2021-03-12,312.5556640625,313.0181549011618,307.32657372888895,309.68626789326174,3182100
2021-03-15,311.9610900878906,314.9531668631556,308.95011731974415,314.87766930623116,3243000
2021-03-16,308.8839416503906,311.50792020113926,308.3081901462207,311.16813809471597,3066700
2021-03-17,310.7151184082031,311.951595954648,305.9296513089844,307.70414608537135,2672400
2021-03-18,304.8536376953125,309.72405020818394,304.287305299888,308.15720972961634,2736900
2021-03-19,310.45074462890625,310.77165951472307,304.29667384440637,305.4481767144732,4859300
2021-03-22,315.7176513671875,317.3033878386382,309.77123321504985,310.0166506413774,4064900
2021-03-23,321.2392883300781,323.287515328647,315.0663209643573,315.1512952938295,3641200
2021-03-24,319.0684509277344,323.2875857315524,317.9263380811935,323.01385311161096,3006400
2021-03-25,326.902587890625,328.26177403615253,318.34161053361953,318.8513125394075,4307100
2021-03-26,332.2637939453125,332.6791024081543,324.7882992238797,326.7798672028559,3061200
2021-03-29,336.1620178222656,337.69109499982767,331.31050170092516,331.72581016950494,3012000
2021-03-30,330.1212158203125,334.8594713645526,329.26228368210957,333.7362546303534,2602400
2021-03-31,332.6980285644531,337.3891019772799,329.6304259795326,330.98016420373074,2832200
2021-04-01,335.0199279785156,337.2663613445603,331.89569533057056,332.7546274296382,2938600
2021-04-05,340.5699157714844,342.3160950577259,336.8132726284522,337.4362352886449,2705700
2021-04-06,339.90924072265625,342.4388261050804,338.8521022825305,339.607192938374,2142000
2021-04-07,338.6727600097656,341.17403018907504,337.54009523184425,340.61714579480326,1808400
2021-04-08,340.9474792480469,345.4780803579067,339.41840209359066,342.4387932318774,2839200
2021-04-09,342.8258056640625,343.2977445062329,339.4184210499255,340.65489851202307,1610800
2021-04-12,344.3359680175781,344.75127644554243,341.060711754457,342.47652808482883,1836600
2021-04-13,344.71356201171875,346.6862629210101,343.82631468152977,344.8362707198093,1796400
2021-04-14,342.7880554199219,344.37376294300554,342.2028270866523,344.37376294300554,1509400
2021-04-15,348.10205078125,348.80995898821146,343.826286363397,344.40206668358553,1850100
2021-04-16,349.9142761230469,351.87752869475446,347.8943643995493,348.95153142031376,2249200
2021-04-19,348.8099670410156,350.67885512028914,347.53575528295477,350.1786011280149,1560000
2021-04-20,350.8676452636719,354.2938968986095,348.0360123454738,348.2908489383622,2330700
2021-04-21,353.09515380859375,353.55764459654597,350.6221992042544,350.75432708444475,1531800
2021-04-22,350.4239807128906,354.3693818718323,349.26300098221134,353.33111082872756,2138000
2021-04-23,352.33056640625,353.81246088656746,349.62164278717415,350.4239443647561,1404500
2021-04-26,347.8377380371094,352.91580377263364,347.54513830631356,352.91580377263364,2059700
2021-04-27,349.4329528808594,350.14086115105647,344.78909075908877,347.5074631254234,1875900
2021-04-28,348.8477478027344,349.70667994690655,347.5168768192276,348.8099846302266,1305600
2021-04-29,353.3312683105469,354.4379544381119,348.5923031013526,348.6017713326073,1848300
2021-04-30,351.9596862792969,353.9177048651185,351.24079353476935,352.73533067559686,2118900
2021-05-03,358.798583984375,359.08234227091793,352.716457488136,353.6150446398955,2685800
2021-05-04,354.9866027832031,358.71344882169797,353.52990958814974,358.5242573903447,2133800
2021-05-05,352.3475036621094,357.09590795037377,351.921837413076,355.98922188937814,1905300
2021-05-06,362.0525817871094,362.22283680672143,353.000314645679,353.000314645679,2641400
2021-05-07,363.528076171875,365.5428465781222,361.52277399723494,362.11866639072684,1817100
2021-05-10,360.84173583984375,366.9049548331403,360.6525444015094,364.63477303937043,1998700
2021-05-11,357.7203063964844,360.3120909485606,355.65825218149286,358.789177570893,1859700
2021-05-12,352.0638122558594,356.5473667352756,351.0327563783434,355.6582188787537,2344600
2021-05-13,358.9972229003906,360.8038943430493,351.4678712394548,352.9056280347078,2023100
2021-05-14,363.62261962890625,364.9468728683902,359.53632774716533,361.4659703913023,1876100
2021-05-17,363.1875305175781,366.1103562396382,362.184879449165,364.2091180488484,1830800
2021-05-18,362.0997314453125,368.3805170473765,361.81597318412906,365.5428189693119,1698200
2021-05-19,359.1202392578125,361.07825832320884,355.7812148834433,356.7460220664411,1725000
2021-05-20,362.82806396484375,363.7172116729539,357.81480890129296,358.66611255235057,1427300
2021-05-21,360.1228332519531,364.5023522449735,359.84851433377264,364.21856509516476,1706600
2021-05-24,362.7051696777344,364.89019518242134,361.2295687879863,363.5470052101833,1657000
2021-05-25,364.5307922363281,364.8713022361618,361.36202280501726,362.86599970407923,1379700
2021-05-26,364.75775146484375,366.77252196819313,364.1902060057007,364.98475810187654,1648000
2021-05-27,366.5360412597656,366.79142372235896,362.7524434145035,364.29426415509755,4452000
2021-05-28,357.80535888671875,364.46449880566774,356.6324528573944,363.3672520277428,4681200
2021-06-01,357.7675476074219,359.6309706173429,355.185231801828,359.3755592996383,2117800
2021-06-02,359.9998779296875,361.2579403974226,357.2756828214983,357.90944817139336,1881000
2021-06-03,363.10235595703125,363.4050506579074,358.3633912752232,359.10122043356716,1780300
2021-06-04,366.554931640625,366.7819671299386,362.95105717160504,363.4050992836728,1765900
2021-06-07,359.82012939453125,365.5428381386661,358.08914617742306,364.6158463259254,2515800
2021-06-08,359.1580810546875,360.58636978717567,357.2568136669756,359.8296616719461,1553800
2021-06-09,359.4039611816406,361.1255051768356,358.61887730831626,359.6404360535115,1398900
2021-06-10,362.28900146484375,362.62004321919363,358.9594165229419,359.6972170286472,1404000
2021-06-11,361.1727600097656,363.0929346626706,359.9431023200161,363.0929346626706,1404200
2021-06-14,362.9983825683594,363.20648160225056,358.5715511989069,360.18906004410854,1652600
2021-06-15,363.14031982421875,363.6983971256513,360.9174499852483,362.99844065717065,1252000
2021-06-16,358.8836975097656,365.53336918697863,356.7175797848824,363.603726313869,1801700
2021-06-17,363.9348449707031,365.5617933205563,358.6945534803002,359.8012686341304,1686500
2021-06-18,360.27423095703125,364.0862050495428,359.72559304402324,363.93485765514623,3415700
2021-06-21,365.8739013671875,366.677921685424,359.9714979452776,361.57007034980495,1631600
2021-06-22,370.9628601074219,371.26555487631504,365.6469095199447,366.08201520862735,1934800
2021-06-23,370.7642517089844,372.1547252169261,369.4589056974598,371.73852710117734,1538000
2021-06-24,370.8587951660156,374.1032232717253,370.60338384620036,372.1357651654131,1487300
2021-06-25,373.1668395996094,373.20465479757144,370.08319783846656,371.71014621429754,2056100
2021-06-28,375.08697509765625,375.9193712303353,371.8614545168051,373.6302818654679,1645500
2021-06-29,377.21527099609375,377.83009989991405,374.0748777172257,374.85996160366176,1523600
2021-06-30,374.2640686035156,378.80437466583436,373.63030323597997,376.4396259111763,2031700
2021-07-01,373.18572998046875,376.1747758756706,372.5709010764744,374.8599617097879,1523400
2021-07-02,377.357177734375,379.0881612506329,374.68026577912343,374.7748615096792,1676600
2021-07-06,377.2813720703125,379.6839643184514,375.6260483342373,378.2083637544745,2113100
2021-07-07,382.78662109375,384.1487187484128,377.603110059704,377.603110059704,2308600
2021-07-08,385.1229553222656,386.5323651321294,381.3488257537898,381.670428102826,2235500
2021-07-09,390.0606384277344,391.6024594931819,385.53923920467383,386.44729479622225,2304200
