Date,Close,High,Low,Open,Volume
2016-07-01,21.208271026611328,21.304003594645184,21.053628053805095,21.193544127702395,20901300
2016-07-05,21.05221939086914,21.267721082139033,20.970477174544147,20.977908413970418,22116900
2016-07-06,21.3420352935791,21.379191498809366,20.933326957596318,21.141397454792887,24844000
2016-07-07,21.35689926147461,21.475796291754534,21.26029595588382,21.34203677834852,17394900
2016-07-08,21.74331283569336,21.7581753171223,21.46093135800043,21.483225080143843,24647400
2016-07-11,21.869638442993164,22.07027766587811,21.743310200883837,21.802758702031515,22045200
2016-07-12,22.003402709960938,22.100006013822554,21.936522954455057,22.085143530962497,22157500
2016-07-13,22.107433319091797,22.166881822583026,21.98110507200242,22.08513959877104,18038100
2016-07-14,22.114864349365234,22.285778618110303,22.025690886292438,22.174312852292392,19332200
2016-07-15,22.15945053100586,22.256055234807295,22.04055352429957,22.24119275462798,17800400
2016-07-18,22.226329803466797,22.293209545492402,22.100001559347774,22.107432799279962,17484900
2016-07-19,22.2337646484375,22.300644401307157,22.122298866109514,22.22633340730039,18516000
2016-07-20,22.761363983154297,22.80595141816524,22.278344776113983,22.322932211124925,50168800
2016-07-21,22.724212646484375,22.828247175872416,22.56816085240231,22.76879867088437,21582700
2016-07-22,22.820817947387695,22.93971638520965,22.69449110334517,22.81338812380284,19399600
2016-07-25,22.88026237487793,22.90998591416507,22.76136396563753,22.791088922288615,15174200
2016-07-26,22.947145462036133,23.14778470904075,22.820817204740365,22.887696953741905,21328200
2016-07-27,22.85797119140625,23.014022979032394,22.783660208904422,22.99916191642331,22723000
2016-07-28,22.679628372192383,22.843111419183888,22.568162593908887,22.776231668740937,22470500
2016-07-29,22.687055587768555,22.805952585824006,22.642468150474745,22.73907284724731,23807200
2016-08-01,22.835678100585938,22.850540580968598,22.56072930032747,22.813385797376093,22438700
2016-08-02,22.75393295288086,22.902553476265545,22.59044853458467,22.902553476265545,24485200
2016-08-03,22.828248977661133,22.843111459422254,22.67219717126221,22.67219717126221,15962500
2016-08-04,22.887697219848633,22.969439451215177,22.82081747006951,22.87283615562547,18586500
2016-08-05,23.066038131713867,23.088330430900637,22.80595044141175,22.962002205174688,18873300
2016-08-08,23.043752670288086,23.17751218278186,22.932286882331404,23.03632142877572,19019900
2016-08-09,22.991731643676758,23.22209442349587,22.91742065804874,23.11805989403514,19159500
2016-08-10,22.924850463867188,23.132919509769106,22.84310824305482,23.043747466486593,16684300
2016-08-11,22.99916648864746,23.05118376153052,22.932286732836562,22.99916648864746,24020900
2016-08-12,22.939714431762695,23.028886480830298,22.887695749548403,22.97686921598017,13430600
2016-08-15,23.17751121520996,23.214666003856323,22.9545782312388,23.021457984693715,21944700
2016-08-16,23.125490188598633,23.20723099381885,23.021454246028373,23.199799753823537,23399700
2016-08-17,22.828248977661133,23.014025747582295,22.53843767014069,23.014025747582295,55071200
2016-08-18,22.649898529052734,22.79108924038813,22.337793566679945,22.597881271551262,48710500
2016-08-19,22.679628372192383,22.776231668740937,22.471557879996062,22.568162593908887,25131300
2016-08-22,22.761363983154297,22.87283115331771,22.568157434229327,22.620174691044816,28680000
2016-08-23,23.02145004272461,23.08089853446877,22.880260760684635,22.909984297874793,23493600
2016-08-24,23.080907821655273,23.18494378709194,22.999166998468972,23.0214593059905,24474700
2016-08-25,23.251819610595703,23.326129179581514,23.051180372659992,23.08090391678148,22917100
2016-08-26,23.296403884887695,23.52676664963464,23.177506882607716,23.288972645074686,21106200
2016-08-29,23.467317581176758,23.556491039413025,23.340989342137732,23.35585182140445,21101700
2016-08-30,23.437591552734375,23.526763584143385,23.340986865116754,23.489608807283613,17794800
2016-08-31,23.3632869720459,23.4673215096002,23.222096230104864,23.370718212923244,20418800
2016-09-01,23.467317581176758,23.51190360161287,23.229523582365427,23.34842058177109,15980500
2016-09-02,23.65309715270996,23.742270621626005,23.519337658017996,23.519337658017996,18156500
2016-09-06,23.68282127380371,23.7348385382558,23.55649302412114,23.72740729799634,17656500
2016-09-07,23.623376846313477,23.72741139317326,23.593651880145313,23.623376846313477,14050500
2016-09-08,23.385581970214844,23.5936524866475,23.34842717891393,23.571358761448288,19913700
2016-09-09,22.924850463867188,23.28897271155962,22.924850463867188,23.14035074960333,25450500
2016-09-12,23.3632869720459,23.407872999945702,22.739076911991535,22.746508152868884,22612500
2016-09-13,23.080907821655273,23.296409576792836,22.96201079032573,23.229529819499415,23617900
2016-09-14,23.036319732666016,23.207234022773203,22.895128989055415,23.043750973631234,24262900
2016-09-15,23.266679763793945,23.326128267075507,22.746505714421325,22.761366777218626,25554500
2016-09-16,22.917421340942383,23.140352887105195,22.81338680838163,23.125491823428092,37416300
2016-09-19,23.051176071166992,23.222090315723378,22.902554126200798,22.9248478431549,16833500
2016-09-20,23.11062240600586,23.19979443076137,23.066036393628103,23.09575992942535,15878900
2016-09-21,23.303836822509766,23.31869788585442,23.014024118144356,23.11806006574196,21169400
2016-09-22,23.526771545410156,23.630806089713065,23.40044327702904,23.407874518388443,20261900
2016-09-23,23.28897476196289,23.630803320247853,23.266681040497446,23.563923573215718,20442200
2016-09-26,23.08833122253418,23.155210957115383,22.880262197049497,23.110624939849227,20361500
2016-09-27,23.39300537109375,23.489610063879322,23.006589434679395,23.103194127464963,18045400
2016-09-28,23.407873153686523,23.474752904657628,23.30383861544893,23.36328712549388,15841000
2016-09-29,23.326128005981445,23.45988749120879,23.222093480744224,23.41530146858771,15417100
2016-09-30,23.571352005004883,23.630800504464812,23.45245500608502,23.489611204099994,30380600
2016-10-03,23.60132598876953,23.661265807133443,23.376552027174352,23.458968384250987,14070500
2016-10-04,23.488933563232422,23.698722164338083,23.339083337518954,23.571349901204933,18460400
2016-10-05,23.66875457763672,23.73618704086126,23.533889651187636,23.533889651187636,11808600
2016-10-06,23.586336135864258,23.698723095024143,23.38403875192984,23.653768597175734,14077100
2016-10-07,23.57884979248047,23.676252897813566,23.39903032387872,23.58634244897364,13073200
2016-10-10,23.57884979248047,23.736192720680815,23.556373252079066,23.631298387932652,12759400
2016-10-11,23.256668090820312,23.623799589059814,23.11431051262043,23.616306934514796,19412000
2016-10-12,22.73219871520996,22.9494800285909,22.432499612747602,22.874556324783846,36899900
2016-10-13,22.604822158813477,22.664761968012048,22.372555576803723,22.544882349614902,24286600
2016-10-14,22.612316131591797,22.889537229389294,22.597330821149267,22.739688412197577,20545100
2016-10-17,22.642284393310547,22.792134633424652,22.552375392504327,22.574851928166982,13957500
2016-10-18,22.807117462158203,22.994429527385012,22.799624808059814,22.994429527385012,14444900
2016-10-19,22.739688873291016,22.814613997945063,22.619809245475697,22.80712134257187,14830900
2016-10-20,22.59733772277832,22.754680672324497,22.507428690819044,22.687248183815893,17315300
2016-10-21,22.589839935302734,22.62730321434341,22.41751313894953,22.48494561214478,15140500
2016-10-24,22.82210350036621,22.852074119595148,22.702223881606034,22.732194500834968,14115300
2016-10-25,22.73219871520996,22.859571012391218,22.649780926128546,22.8520783561949,15257800
2016-10-26,22.88953971862793,23.12180776851272,22.717212917031873,22.9195103427723,18008600
2016-10-27,22.762165069580078,22.979447784916275,22.74718118813589,22.927000627166947,16926200
2016-10-28,22.91950035095215,23.07684177188259,22.739680971712758,22.747173624482407,19946800
2016-10-31,22.9869384765625,23.054370939073593,22.71720862651813,22.732193935760094,23225400
2016-11-01,22.837087631225586,23.12180278289354,22.649775557946352,23.114310128473043,17542100
2016-11-02,22.769655227661133,22.986937919167634,22.649775614787792,22.799625845418326,19174000
2016-11-03,22.71721076965332,22.897030210287767,22.657270956108505,22.852075707398626,15937100
2016-11-04,22.619808197021484,22.852074786513104,22.200228090037996,22.46246529963322,18524000
2016-11-07,23.181745529174805,23.271654535467913,22.934493618251917,23.009417313803546,23061100
2016-11-08,23.226701736450195,23.37655199670365,23.024404313831425,23.181747230005353,19399800
2016-11-09,23.496429443359375,23.593831103091492,23.00192563132094,23.2566701925623,38564100
2016-11-10,23.226701736450195,23.79613072470414,23.08434413211721,23.533893483799584,38345000
2016-11-11,23.496429443359375,23.578845792647208,23.166759758974464,23.174252414196605,23150300
2016-11-14,23.503921508789062,23.728695443501522,23.48893619872081,23.54887600991599,22917600
2016-11-15,23.751171112060547,23.86355806854988,23.428994122134153,23.428994122134153,24160200
2016-11-16,23.653766632080078,23.893525839456625,23.608812137966375,23.691229901406164,27097100
2016-11-17,22.51491355895996,22.51491355895996,22.185245296133644,22.410019241613213,75252300
2016-11-18,22.612316131591797,22.747181067418843,22.484943850986014,22.559868974120803,38748600
2016-11-21,22.51491355895996,22.724703622731347,22.4849443664657,22.702225656552233,27481700
2016-11-22,22.395030975341797,22.619806320235526,22.36506178680259,22.53738855086672,26769300
2016-11-23,22.26016616821289,22.439987016679797,22.147779209729357,22.350076592446346,24496800
2016-11-25,22.544878005981445,22.589832496949725,22.14028330003442,22.177746566739238,17678900
2016-11-28,22.417512893676758,22.54488518286552,22.34258776549314,22.537392527139364,21468900
2016-11-29,22.35007667541504,22.552374058883,22.32010748661111,22.43249444551185,23553700
2016-11-30,22.342586517333984,22.439989607254695,22.23769220118357,22.29763201456636,26224900
2016-12-01,22.065366744995117,22.365065829955267,22.027903466201373,22.357573174196517,25996200
2016-12-02,21.915517807006836,22.14778443319565,21.8181161344367,21.960472315187047,27069500
2016-12-05,22.125307083129883,22.177754245598514,21.9454876279183,21.975456822581233,20865800
2016-12-06,21.975454330444336,22.17025907543446,21.908021863752456,22.04288679713622,27352100
2016-12-07,22.43998908996582,22.507421557101736,21.96796182001442,22.087841444016526,30180100
2016-12-08,22.43998908996582,22.724702839701358,22.417511124561234,22.559868713967926,21369900
2016-12-09,22.522403717041016,22.52989637160326,22.275151832797928,22.462463909620805,21362000
2016-12-12,22.604822158813477,22.627300123167107,22.499927849985415,22.537389694830356,17287800
2016-12-13,22.91950035095215,22.956962185722997,22.627294038322812,22.702217707864513,25052900
2016-12-14,22.82210350036621,23.279145440063004,22.784641655407825,22.926999238589705,27556000
2016-12-15,22.949472427368164,23.07684468236175,22.85956344094774,22.919503241587215,20914100
2016-12-16,22.91950035095215,23.016901978802792,22.67974117863296,23.00191810234089,45875500
2016-12-19,23.03938865661621,23.129299094802175,22.88204717613819,22.9644635296409,18178500
2016-12-20,22.89703369140625,23.129301754648107,22.822108555814623,23.099331128780218,17475200
2016-12-21,22.79212760925293,22.994424942338803,22.784634956648564,22.994424942338803,14488900
2016-12-22,22.82210350036621,22.83708880998068,22.664762036647645,22.77714900060059,12935800
2016-12-23,22.87455177307129,22.9269989269312,22.77714869097908,22.88204442777667,9167500
2016-12-27,22.9869384765625,23.091832783100756,22.92699866867239,22.95696785807857,14175500
2016-12-28,22.79212760925293,23.054364734096392,22.73968047009971,23.001917594943173,12022200
2016-12-29,22.82210350036621,22.889535964553534,22.724701846027735,22.75467246525667,10995600
2016-12-30,22.642284393310547,22.92699956371178,22.574851928166982,22.89702894405784,20190000
2017-01-03,22.882047653198242,22.89703153564335,22.634794300301422,22.754675363408047,22370600
2017-01-04,22.74602508544922,22.987843058657244,22.68557059214721,22.851820088390525,22281000
2017-01-05,22.798917770385742,22.942497702150895,22.72334930938574,22.746020280090292,18372500
2017-01-06,22.844263076782227,22.934945537331135,22.69312756433246,22.798922567182178,15923200
2017-01-09,22.806476593017578,22.919828572950646,22.730908125945994,22.83670311503704,17177800
2017-01-10,22.957609176635742,23.086075121973714,22.74601922526622,22.814030692877406,21046000
2017-01-11,22.783809661865234,22.980287134562925,22.693128638373306,22.91983263845201,22291300
2017-01-12,22.700681686401367,22.791362694137828,22.519316788231187,22.783805703268353,18611100
2017-01-13,22.72335433959961,22.836706335517814,22.678013829502092,22.746025315322782,17136600
2017-01-17,22.662899017333984,22.85937647570687,22.549547025558912,22.67045600896549,21983500
2017-01-18,22.693126678466797,22.806478668716434,22.632672187577075,22.76113816088633,15724000
2017-01-19,22.65534210205078,22.814036044149702,22.61000159345771,22.67801307702171,16866000
2017-01-20,22.74602508544922,22.85937708022188,22.670456608484507,22.761139069111923,22754400
2017-01-23,22.874488830566406,22.89715836249834,22.738465873580097,22.776249387699107,17155300
2017-01-24,23.12386703491211,23.23721903461607,22.88960604334407,22.927389562795767,24934200
2017-01-25,23.199434280395508,23.46392178517802,23.161649321606006,23.456366234768918,23630500
2017-01-26,23.229656219482422,23.305224680791955,23.09363327739496,23.24477020001403,20116800
2017-01-27,23.411027908325195,23.411027908325195,23.146538921250123,23.24477838796182,18461900
2017-01-30,23.297670364379883,23.426136330945468,23.146533424414955,23.38079582549546,15481800
2017-01-31,23.214540481567383,23.34300642366393,23.10874550855202,23.18431396414088,16603100
2017-02-01,23.048297882080078,23.31278683457044,22.987843387912182,23.31278683457044,19504600
2017-02-02,23.56215476989746,23.622609246019746,23.070961971235356,23.19187092347992,27456700
2017-02-03,23.667951583862305,23.690622554677347,23.516816102474237,23.630168073852417,21288800
2017-02-06,23.652843475341797,23.66040046748957,23.51682194072857,23.645287924542902,16774200
2017-02-07,23.766191482543945,23.909769976478586,23.67550903885232,23.713292549603846,18420200
2017-02-08,23.63017463684082,23.841764657820327,23.615060652099736,23.773753167834364,20434300
2017-02-09,23.803979873657227,23.947559838377597,23.652842916967487,23.69062787681434,18706900
2017-02-10,23.81153678894043,23.90221780958316,23.607502330471032,23.78886581310533,21557700
2017-02-13,24.159147262573242,24.181818236055072,23.841760840571073,23.932443293149703,26518800
2017-02-14,24.416078567504883,24.416078567504883,24.008009727528314,24.106247721588286,31463500
2017-02-15,24.801475524902344,24.816589506265082,24.40096510823002,24.44630416962104,41169400
2017-02-16,25.390907287597656,25.67051162870668,25.12641981108619,25.133975360687682,50143700
2017-02-17,25.496700286865234,25.519369814033407,25.262437936239387,25.33044940044065,31841200
2017-02-21,25.79142189025879,25.851874938183997,25.43625050459436,25.458920037229134,26992700
2017-02-22,25.761188507080078,25.80653044551114,25.436245155066207,25.72340499973594,26632700
2017-02-23,25.723413467407227,25.904775515438843,25.655401978720928,25.904775515438843,17450100
2017-02-24,25.935001373291016,25.935001373291016,25.542046457611146,25.678069423911776,21137300
2017-02-27,25.889663696289062,25.935005653438065,25.783868678972738,25.851880173347233,15625400
2017-02-28,25.829208374023438,25.912333846834215,25.723413365972544,25.81409438963077,23093100
2017-03-01,26.02568244934082,26.078579949389876,25.82920643240111,25.90477346598618,22754200
2017-03-02,25.987899780273438,26.093694783822585,25.851876809225203,26.003013764022977,16137700
2017-03-03,25.912330627441406,26.025681172256878,25.86698867989677,26.010567189742,14175000
2017-03-06,25.836761474609375,25.90477295657753,25.662954994623522,25.723410926460772,17605100
2017-03-07,25.844322204589844,25.882105723997736,25.685629693458047,25.693185244260526,21033700
2017-03-08,25.70829200744629,25.866984474003484,25.6402805385365,25.82920096520848,18686700
2017-03-09,25.74608039855957,25.776308364406585,25.594943452021976,25.72341086552305,17490200
2017-03-10,25.889663696289062,25.919891667721732,25.753643590238088,25.874552593270746,19038400
2017-03-13,25.768747329711914,25.942556674433888,25.693180305421905,25.85943121809656,16164800
2017-03-14,25.783863067626953,25.798977050054027,25.572273079042667,25.647840108480658,14578400
2017-03-15,25.874547958374023,25.95767054087712,25.730966561137528,25.7460805441465,14961700
2017-03-16,25.866989135742188,26.055909596461337,25.76874968901294,25.882103118523414,14521600
2017-03-17,25.866989135742188,25.98034256525266,25.83676117017973,25.95767014973209,26787200
2017-03-20,25.904773712158203,25.987899179510244,25.844320661255175,25.844320661255175,14974100
2017-03-21,25.60249900817871,26.048351364885768,25.52692910205208,26.033237383660442,21406000
2017-03-22,25.768747329711914,25.84431723669912,25.52692939274725,25.52692939274725,16646100
2017-03-23,25.662952423095703,25.88965637937378,25.625168910832222,25.753636311764698,16709300
2017-03-24,25.75363540649414,25.919883431149074,25.655395971904564,25.746076974688812,18125100
2017-03-27,25.68562889099121,25.715853975954587,25.504263967722657,25.557161469780638,17740600
2017-03-28,25.70829200744629,25.851870493946095,25.55715508956932,25.617611009798885,21179300
2017-03-29,25.496700286865234,25.730959754794338,25.428688822663972,25.693176248615135,16504100
2017-03-30,25.496700286865234,25.640278763424902,25.481586307854204,25.54203934120158,12801600
2017-03-31,25.542037963867188,25.60249387665127,25.43624299919163,25.481584933779693,14038500
2017-04-03,25.37579917907715,25.647842237251925,25.285115276987923,25.46648019846874,19367800
2017-04-04,25.467269897460938,25.474891266936265,25.101383098639623,25.345307631187165,18602600
2017-04-05,25.15473747253418,25.558736871139526,25.131870459876318,25.528248490198827,17572500
2017-04-06,25.21572494506836,25.368175602794555,25.070892749294604,25.154742355729958,15316800
2017-04-07,25.124244689941406,25.269076848987968,25.093753403004325,25.23096128641203,13942800
2017-04-10,25.16236114501953,25.322438971711446,25.05564453243133,25.124248484496547,14824100
2017-04-11,25.09375762939453,25.215722797684723,24.880324400506012,25.185231505612172,18945800
2017-04-12,24.865083694458008,25.124253912945132,24.773612707877326,25.048028575429605,25455100
2017-04-13,24.712627410888672,25.040401560442955,24.712627410888672,24.933684936459684,16234900
2017-04-17,24.85746192932129,24.903195967980675,24.73549964654595,24.75836666587564,11961200
2017-04-18,24.9031925201416,24.948929460278908,24.735496221924375,24.81934582493788,13349600
2017-04-19,24.887950897216797,25.070892850349594,24.857459602424694,25.002288890972316,16373800
2017-04-20,25.025163650512695,25.116634644750118,24.94131402754069,24.99467234983006,11927500
2017-04-21,25.01753044128418,25.10900140287051,24.903189558444183,25.10900140287051,13877700
2017-04-24,25.3681697845459,25.429152359897806,25.25383181747493,25.337681404679184,15400500
2017-04-25,25.47488784790039,25.551116071471878,25.421529545305052,25.452020834733645,15058800
2017-04-26,25.459644317626953,25.63496486466396,25.43677439736347,25.596852207970578,17949700
2017-04-27,25.726438522338867,26.00085433182669,25.62734327828835,25.924626102630285,26639000
2017-04-28,25.97036361694336,25.977987893937144,25.665456509005065,25.825534339967998,20461700
2017-05-01,25.89413833618164,26.02372196719089,25.77217607436894,26.00085495179154,13577300
2017-05-02,26.09994888305664,26.09994888305664,25.863645740534857,25.9627409819549,15983600
2017-05-03,26.107572555541992,26.17617651214632,26.00847730537801,26.038968598937668,14432200
2017-05-04,26.054210662841797,26.29051379371893,25.970361070988318,26.168551544061888,13638500
2017-05-05,26.21428680419922,26.221911080804443,25.9703622934037,26.10757019420237,15091800
2017-05-08,26.138059616088867,26.374359833383302,26.031343013722434,26.26764323101687,13232700
2017-05-09,25.840776443481445,26.115189313633408,25.795039511218143,26.02371835691609,18855900
2017-05-10,25.718812942504883,25.840775181441213,25.596850703568553,25.840775181441213,17481400
2017-05-11,25.634971618652344,25.779800915368767,25.520630710637743,25.703575581899088,17515600
2017-05-12,25.497758865356445,25.62734248928635,25.2614557238372,25.612096843916444,20194300
2017-05-15,26.09232521057129,26.267645775414064,25.894137630951946,25.917004645728515,31531000
2017-05-16,26.145679473876953,26.168549392926632,25.939867649284796,26.099945451395914,18950000
2017-05-17,25.779796600341797,26.15330765056908,25.764550954637663,26.06945805310114,38787800
2017-05-18,23.91986846923828,24.018963706119763,23.149982310814448,23.70643525854839,85500500
2017-05-19,23.790283203125,24.224775351145396,23.645453941022893,24.194284061920936,39859200
2017-05-22,24.07994842529297,24.377231272499944,23.744551460556305,23.744551460556305,35085200
2017-05-23,24.209531784057617,24.293381382715687,24.026588394725774,24.262890090874635,29827500
2017-05-24,24.003721237182617,24.34674101960971,23.797909367726362,24.339118196233006,23446300
2017-05-25,23.96561050415039,24.15617674219951,23.91225219012144,24.049458660236592,21586500
2017-05-26,24.011343002319336,24.079946955781207,23.904626387558576,24.01896582536008,16403100
2017-05-30,24.14855194091797,24.24764573687147,23.92749442500684,23.93511724837325,17108300
2017-05-31,24.034212112426758,24.308626479687955,23.9884751729625,24.224778331813223,30196700
2017-06-01,24.255266189575195,24.255266189575195,23.98847321344635,24.026587326553187,15525500
2017-06-02,24.377229690551758,24.438212274641828,24.148550815833303,24.339117029400292,20085200
2017-06-05,24.209531784057617,24.430587834285955,24.06470105562227,24.430587834285955,15976000
2017-06-06,24.057077407836914,24.209530954005476,24.01134192554825,24.20190813130657,16186600
2017-06-07,24.095191955566406,24.179040098955905,23.96560687515922,24.095191955566406,14948400
2017-06-08,24.095191955566406,24.247644050577637,24.026588003944674,24.034210826780953,21828600
2017-06-09,23.912242889404297,24.262883933157692,23.698808262399325,24.118053241479164,25376600
2017-06-12,23.820775985717773,24.11805880477,23.74454921178252,23.889379936869023,25784400
2017-06-13,24.16379737854004,24.240022703734677,23.843646069445963,23.858890262141962,27781000
2017-06-14,24.087568283081055,24.369605448551077,23.88175643547553,24.293380130686582,24940400
2017-06-15,24.07232093811035,24.118056416380448,23.797905160680504,23.82077362676787,19328000
2017-06-16,24.110437393188477,24.11806021641865,23.78266471772023,24.095193200633,36367400
2017-06-19,24.384851455688477,24.407719923730163,24.072322995309257,24.217153718430406,18459200
2017-06-20,24.27812957763672,24.51443121383783,24.270506756610303,24.34673351297002,18190100
2017-06-21,24.2705078125,24.293376276574143,24.01896052330248,24.18665823146599,20386100
2017-06-22,24.27812957763672,24.392468985224067,24.16379017004937,24.323865049890767,19436600
2017-06-23,24.46108055114746,24.621155480923946,24.201910371019427,24.27813715115795,25792200
2017-06-26,24.575420379638672,24.773607963913726,24.529683441201502,24.56017473349295,22175000
2017-06-27,24.209531784057617,24.59066275473701,24.209531784057617,24.461079126127004,23224200
2017-06-28,24.45345687866211,24.6059075167718,24.2095309144104,24.224776559783276,17732300
2017-06-29,23.942737579345703,24.415340947626667,23.82077532598902,24.232399021496388,27664500
2017-06-30,23.858888626098633,24.232399672683524,23.858888626098633,24.232399672683524,23604600
2017-07-03,23.881759643554688,24.11806135926789,23.653080751432867,23.698816239076244,14112100
2017-07-05,23.935617446899414,24.058719184735583,23.64324971892216,23.73557675604352,24270300
2017-07-06,23.63555335998535,23.866370196418593,23.59708462099064,23.84328807252877,20789100
2017-07-07,23.77404022216797,23.904835973024877,23.658632551997318,23.666326592340447,15860600
2017-07-10,23.83559799194336,23.920230992781,23.712496245718736,23.75865903368083,15528800
2017-07-11,23.920223236083984,23.94330535632439,23.743264716705138,23.88944707576344,12806000
2017-07-12,23.97408103942871,24.189509768106724,23.966386999030764,24.043325935522066,18586200
2017-07-13,24.0587215423584,24.066415585163192,23.912537664044553,24.051027499553605,15934200
2017-07-14,24.17411994934082,24.197202068875196,24.058712286645044,24.135651217604913,13573100
2017-07-17,24.235675811767578,24.34338945689027,24.197207072077575,24.235675811767578,16427500
2017-07-18,24.243371963500977,24.243371963500977,23.981780401870964,24.16643300993536,15530700
2017-07-19,24.543424606323242,24.65883226690003,24.20489419680838,24.24336439532599,21567900
2017-07-20,24.512653350830078,24.658835723222683,24.435714410498676,24.551122087251663,16389500
2017-07-21,24.497262954711914,24.643445313292897,24.397241901484833,24.512651034821943,13973800
2017-07-24,24.512653350830078,24.566510168815586,24.358775470167277,24.512653350830078,15504100
2017-07-25,24.712690353393555,24.81271140721598,24.528037793438425,24.543425873640047,14990000
2017-07-26,24.358776092529297,24.79732615588844,24.243368412827667,24.712693172612724,21941500
2017-07-27,24.289533615112305,24.42802343156974,24.012553982197424,24.412635348077046,21437400
2017-07-28,24.25106430053711,24.312615165564324,24.051023622326564,24.197207477074343,15771000
2017-07-31,24.197202682495117,24.304916308077626,24.135651829663956,24.266447575366183,19256400
2017-08-01,24.351078033447266,24.35877207315624,24.181813562313955,24.304915262681458,12962800
2017-08-02,24.25106430053711,24.289533040870978,24.043329580762116,24.289533040870978,15845600
2017-08-03,24.28183937072754,24.404941102664967,24.18181976383653,24.304921495773957,14420800
2017-08-04,24.466487884521484,24.551120861409107,24.2972233982344,24.366468294326424,16929500
2017-08-07,24.497262954711914,24.528037647443877,24.381855288862898,24.45879422192494,11877400
2017-08-08,24.366474151611328,24.620371675818667,24.312617323368634,24.428025022101334,15375700
2017-08-09,24.3280029296875,24.3741657109805,24.127962254100026,24.274144639442582,16131300
2017-08-10,23.850982666015625,24.281838716182392,23.850982666015625,24.281838716182392,23517400
2017-08-11,24.21259117126465,24.274142028865242,23.881756228841585,24.027938598462868,20756600
2017-08-14,24.497262954711914,24.53573168749889,24.281834235635813,24.381855288862898,21761600
2017-08-15,24.68961524963379,24.781940816617713,24.497268606347447,24.504962648177514,25251500
2017-08-16,24.881959915161133,24.98198098351331,24.666532630996404,24.697305860893778,29052000
2017-08-17,23.881755828857422,24.443407578492028,23.7355719941963,24.227978846753963,53288800
2017-08-18,23.366268157958984,23.897143775172584,23.358574117022638,23.85098099704276,34802200
2017-08-21,23.604778289794922,23.697103848920626,23.358574842141977,23.36626888331717,24198400
2017-08-22,24.0587215423584,24.104884331698546,23.658640121440833,23.73557908200015,24747200
2017-08-23,23.789432525634766,24.1587377227302,23.781738483925892,24.012553865238438,22436600
2017-08-24,24.035634994506836,24.15873672177156,23.77404345719721,23.81251366414765,22576100
2017-08-25,24.189512252807617,24.466490398143556,24.127961390789817,24.1510420468663,19558300
2017-08-28,24.266456604003906,24.358782183857485,24.166435513759122,24.312619393930696,12958900
2017-08-29,24.22028350830078,24.335691174748355,23.997162215500552,24.05101902867688,16362700
2017-08-30,24.612674713134766,24.774246646179904,24.174124629493917,24.212593368677442,22988700
2017-08-31,24.781932830810547,24.88195387488187,24.612668367558708,24.697299865440648,27800200
2017-09-01,24.851184844970703,24.889653585269418,24.64345012538554,24.78963544748811,14686600
2017-09-05,24.3280029296875,24.805023228009684,24.204899733758907,24.735778322326006,32475500
2017-09-06,24.52034568786621,24.551120381367515,24.335691656905865,24.428018672386038,16962300
2017-09-07,24.435714721679688,24.59728517769377,24.4203266399198,24.589591136813826,14751700
2017-09-08,24.22028350830078,24.451100308684026,24.204895428110945,24.374161375222943,15339500
2017-09-11,24.766550064086914,24.85118304760906,24.366470204455574,24.397244900971092,22440800
2017-09-12,24.935813903808594,24.981978145875914,24.766547951204714,24.851180927506654,18923100
2017-09-13,24.758859634399414,24.920430106944583,24.58959365269869,24.88196136609718,22705100
2017-09-14,24.766550064086914,24.789633654578022,24.551122786013487,24.551122786013487,18194800
2017-09-15,24.958894729614258,25.005058972000192,24.7126913068419,24.774243630023147,29336100
2017-09-18,25.020448684692383,25.128162322308604,24.820406556282393,24.95120378408531,17290900
2017-09-19,24.997365951538086,25.120467660720255,24.9281210566871,24.97428236327025,12927700
2017-09-20,25.08199691772461,25.19740605839483,24.9204264687674,25.043528182493326,19865400
2017-09-21,25.1589412689209,25.312819168955563,25.005063368886233,25.17432935242205,19870000
2017-09-22,25.674427032470703,25.797528756746264,25.112775232027417,25.128163314433937,28234900
2017-09-25,25.9437198638916,26.03604544396522,25.54363843693622,25.628271441577567,32396900
2017-09-26,25.974489212036133,26.236080762230372,25.905244303603045,25.974489212036133,26138300
2017-09-27,25.75905990600586,26.097588912544786,25.62057009992707,25.989875271144975,22594600
2017-09-28,25.659042358398438,25.743675355387946,25.55902421193539,25.55902421193539,15496900
2017-09-29,25.874473571777344,25.90524680685038,25.574413251231142,25.62827008133035,14802700
2017-10-02,25.966793060302734,25.982181141720826,25.789834526459323,25.859079425352522,16555200
2017-10-03,26.04373550415039,26.082207182528055,25.859084361836356,25.943717358304035,13346900
2017-10-04,25.95060920715332,26.043735538140908,25.834205733926705,26.020452475224722,14652200
2017-10-05,26.0670166015625,26.12909786417066,25.927330060270776,26.059257553863485,14524800
2017-10-06,26.191179275512695,26.214459376449316,26.012691594209063,26.113576965498375,15464700
2017-10-09,26.19894027709961,26.299825655916045,26.082536803393186,26.20670228488319,8728400
2017-10-10,26.03597640991211,26.31534951309578,25.973895142726242,26.29206940794344,18011000
2017-10-11,26.0670166015625,26.098058713035922,25.80316457471577,25.904049956835053,12561400
2017-10-12,25.810922622680664,25.966130213697443,25.74107935474004,25.810922622680664,17905600
2017-10-13,25.97389030456543,26.051492614177498,25.857483879808978,25.919568095769314,13578800
2017-10-16,26.028209686279297,26.105811987462506,25.973887483383447,26.07476988285401,10509100
2017-10-17,26.07477378845215,26.129095999484626,25.96612936638719,26.067014741306853,9303100
2017-10-18,26.03597640991211,26.191184018385137,25.950612077235,26.1679039132328,9971200
2017-10-19,26.191179275512695,26.29982369366809,25.958369385131366,26.00492958700461,13203100
2017-10-20,26.57919692993164,26.687841348837804,26.39294724013651,26.400709247394605,24361400
2017-10-23,26.65679931640625,26.91289227056166,26.59471805985665,26.734404587516252,22632000
2017-10-24,26.83529281616211,26.905133127087375,26.57919983474794,26.695606273634144,16280200
2017-10-25,26.617996215820312,26.951691456361413,26.509351804544266,26.951691456361413,17400900
2017-10-26,26.59471893310547,26.780965669208165,26.439511346127556,26.703363355888456,14616100
2017-10-27,26.718883514404297,26.866329088901463,26.45503151349363,26.50159467612671,20356600
2017-10-30,26.416231155395508,26.680083164269412,26.245502514259897,26.48607442128385,18345100
2017-10-31,26.501596450805664,26.571439719263143,26.354147906096216,26.369668961346612,13935100
2017-11-01,26.866323471069336,26.967208822176374,26.602471525330934,26.610233530982587,22051300
2017-11-02,26.54815673828125,26.881852026349726,26.509355580204623,26.812008757676356,19827600
2017-11-03,26.74992561340332,26.765446667608877,26.4084683415578,26.6024770786197,13414400
2017-11-06,26.703365325927734,26.819771764833668,26.586958887021797,26.67232321417432,12786900
2017-11-07,26.69560432434082,26.75768558296528,26.548155784473046,26.633520105377862,11332900
2017-11-08,26.7731990814209,26.7731990814209,26.478305045252732,26.625753543505645,13061300
2017-11-09,26.42399024963379,26.63352004767204,26.284303717608285,26.61023994578062,16785000
2017-11-10,26.3774356842041,26.455038013989178,26.129101716145783,26.43175790712148,19319400
2017-11-13,26.34638214111328,26.548149887246574,26.253258793693135,26.276538890463712,16441500
2017-11-14,26.416231155395508,26.5093545231338,26.229981459580433,26.276544623618822,17468500
2017-11-15,26.47055435180664,26.62576194403943,26.191181277855343,26.36190992534527,30829600
2017-11-16,27.844133377075195,28.457198705620094,27.805332223674366,27.9682988441608,61177100
2017-11-17,27.859655380249023,28.185588632333072,27.78981211761125,27.859655380249023,27988000
2017-11-20,28.325271606445312,28.356313710467735,27.882931985308684,27.882931985308684,26897800
2017-11-21,28.441682815551758,28.690013768958057,28.387360604515287,28.5192851283643,24146400
2017-11-22,28.28647804260254,28.496007860439743,28.216634769990137,28.480486804266015,17226400
2017-11-24,28.317520141601562,28.37960140592845,28.185592644356426,28.255435916935905,6155800
2017-11-27,28.612409591674805,28.783138238807545,28.325277470864954,28.333036518307992,20942200
2017-11-28,29.279802322387695,29.33412453950795,28.697776030094523,28.713297086463,30966600
2017-11-29,29.08579444885254,29.5126131508683,28.89178567881456,29.295324275734217,36788600
2017-11-30,28.946107864379883,29.33412540401055,28.946107864379883,29.1944388529164,30749500
2017-12-01,29.17890739440918,29.225470548288055,28.503757945023626,28.783130947621192,26920900
2017-12-04,29.272045135498047,29.481574969286214,29.13235857963927,29.341888413427434,29414400
2017-12-05,28.953859329223633,29.349635772973198,28.845211971007025,29.28755452861581,23288200
2017-12-06,29.031463623046875,29.272035492293096,28.907298165447738,29.000421518562586,16581800
2017-12-07,29.023717880249023,29.318609127000475,28.91507046475497,28.91507046475497,17092000
2017-12-08,29.186670303344727,29.24875155009969,29.039221791668062,29.171149251571503,14044400
2017-12-11,29.458290100097656,29.52037432571904,29.155636901040438,29.171157957445782,16749500
2017-12-12,29.419483184814453,29.56692875131673,29.14787215169494,29.326359824936084,16658600
2017-12-13,29.605731964111328,29.776457625304058,29.489325547551527,29.55916880541978,20199500
2017-12-14,29.411731719970703,29.69886388047576,29.372927596375185,29.64454165984883,16738300
2017-12-15,29.63677215576172,29.706615416095474,29.256516707541007,29.4970856350942,47167700
2017-12-18,29.86182403564453,30.179998241562156,29.722137510086714,29.86182403564453,21591400
2017-12-19,29.722139358520508,30.156720016209206,29.706618303566785,30.00151242701049,19695200
2017-12-20,30.0635929107666,30.11015310950312,29.652292406452304,29.869584188462667,18939500
2017-12-21,29.900625228881836,30.257603550398667,29.869586081203362,30.172239233521562,16387500
2017-12-22,29.91615104675293,30.063599603143473,29.854069781171773,29.89287094220235,11441600
2017-12-26,29.86182403564453,30.017031615190817,29.768700672052105,29.91614624443498,8186100
2017-12-27,29.92390251159668,29.99374576097826,29.838538211203883,29.908381460585463,10543000
2017-12-28,29.947185516357422,30.055829923649487,29.838541109065357,30.055829923649487,8807700
2017-12-29,29.722139358520508,29.97047031710304,29.722139358520508,29.807503680596728,12583600
2018-01-02,30.156715393066406,30.226558649481657,29.82302016356444,30.00926687377972,20135700
2018-01-03,30.39728355407715,30.482647860951914,29.90062172535632,30.048070240990196,29536000
2018-01-04,30.4832820892334,30.91328417106042,30.436371632474387,30.53018956357415,20731400
2018-01-05,30.90546417236328,31.17910402896217,30.780372603820954,30.921100991233356,24588200
2018-01-08,31.22602081298828,31.241657636520372,30.764744957258646,30.89765646607183,16582000
2018-01-09,31.030563354492188,31.24165598740398,30.91329165782051,31.10874746802562,21449800
2018-01-10,31.202558517456055,31.460561561397917,30.98364901283992,30.999285832086546,19473000
2018-01-11,31.351116180419922,31.43711722895549,31.077479191824487,31.382389831236402,21685600
2018-01-12,31.953128814697266,32.00003930307339,31.312033718991515,31.444945278180413,23770500
2018-01-16,31.695110321044922,32.179839825268765,31.52310827853191,31.976567124277654,32845000
2018-01-17,32.21110916137695,32.304927089110244,31.828014567637293,31.929652395758943,24427100
2018-01-18,32.289306640625,32.430035094779825,32.07821395939277,32.2423991441865,19610200
2018-01-19,32.28148651123047,32.46130552202393,32.13293816748243,32.27366660765459,24582000
2018-01-22,32.57075500488281,32.57075500488281,32.07038862466525,32.2111170419038,22995100
2018-01-23,32.91476058959961,32.93821731725225,32.47694143900739,32.47694143900739,23984500
2018-01-24,32.96949005126953,33.376038561189084,32.8443984314804,32.99294678039338,26696200
2018-01-25,32.75839614868164,33.2040351732088,32.695848855629855,33.04766992299843,19207500
2018-01-26,33.27439880371094,33.27439880371094,32.79748614101345,32.95385138848429,23380400
2018-01-29,33.50111770629883,33.60275554153711,33.07111560979309,33.07111560979309,23625900
2018-01-30,33.03203201293945,33.508944668301474,32.81312245929878,33.376033166148936,28993900
2018-01-31,32.47693634033203,32.84439121511678,32.328388024057155,32.820937473565515,36512100
2018-02-01,32.602027893066406,32.92257528435955,31.796747972564056,32.12511526597735,26148500
2018-02-02,32.000022888183594,32.797482886987154,31.95311242387089,32.44566186068871,27224200
2018-02-05,30.31909942626953,32.37529505250433,30.272191948146855,31.95310985488924,52399600
2018-02-06,31.405841827392578,31.515299599148427,29.201100268867634,29.967289759061934,55171600
2018-02-07,31.538753509521484,32.218938977108806,31.296387201567686,31.51529976380379,32690800
2018-02-08,30.311283111572266,31.867109470301735,30.272192551551356,31.616926307265654,42982100
2018-02-09,30.90546417236328,31.210374684284066,29.889094805154592,30.491098910770244,51304200
2018-02-12,31.74203109741211,31.98439744226594,31.452757253981265,31.679486771836157,38210700
2018-02-13,32.23457336425781,32.297120658001184,31.44493316647203,31.663842729735588,30999100
2018-02-14,32.90694046020508,33.03984898012779,32.04693608474789,32.08602665046522,43835900
2018-02-15,34.4627799987793,35.28369404602442,33.821682009374115,35.23678356414018,72267500
2018-02-16,34.658233642578125,35.252418129554904,34.23604827996797,34.31422942900556,39267500
2018-02-20,34.447139739990234,34.939686329819764,34.25168389190626,34.40022926277904,29006900
2018-02-21,33.86076354980469,34.72858478847751,33.8373068259787,34.48622150748641,28499200
2018-02-22,33.57149124145508,34.05622383209867,33.42294588895286,34.001496439996835,25887600
2018-02-23,34.400230407714844,34.43150406022985,33.55585968432768,33.90768081907233,25781400
2018-02-26,35.463497161865234,35.53386136188554,34.50185508320003,34.63476358189477,27771100
2018-02-27,35.21331024169922,35.65894913342934,34.88494301586649,35.50258392981462,27419300
2018-02-28,35.01004409790039,35.877868380536846,35.01004409790039,35.39313880175954,26885200
2018-03-01,34.243858337402344,35.18204684988304,33.8920372724197,34.93186364421073,32154300
2018-03-02,34.447139739990234,34.572231363467196,33.69658701670892,33.84513537000125,28848100
2018-03-05,34.80678176879883,35.00223763925541,34.165686752294825,34.33768589025109,22101700
2018-03-06,34.626949310302734,35.017860899764486,34.50967464049671,34.9084061319022,21930000
2018-03-07,34.55658721923828,34.705132558651705,34.24385673556705,34.42367571983139,22034400
2018-03-08,34.666038513183594,34.720765894968366,34.3533080609118,34.59567431054337,20285600
2018-03-09,35.4713134765625,35.6042249554117,34.877129228393606,34.88494614718781,22230900
2018-03-12,35.61204528808594,35.86222846734233,35.494773600420054,35.59640846658007,18299800
2018-03-13,35.307132720947266,36.08895585735657,35.11949385594486,35.791862230443826,23411200
2018-03-14,35.40095520019531,35.77622999588704,35.252409858906596,35.44786566806389,21141100
2018-03-15,35.440059661865234,35.76060716830028,35.27587446497323,35.41660292949787,23520400
2018-03-16,35.18986511230469,35.65114097455848,35.15859444721736,35.44005130993753,56129000
2018-03-19,34.61131286621094,35.041315022823554,34.322039121932455,34.86149604760078,26734100
2018-03-20,34.689491271972656,34.90058387392201,34.5409459516758,34.7833121944514,22809700
2018-03-21,34.64259338378906,35.10386927521334,34.50186494352949,34.58786598840138,22528200
2018-03-22,33.67313766479492,34.41587058094966,33.6340470865594,34.21259480225302,29520800
2018-03-23,33.164939880371094,34.275130414325204,33.164939880371094,34.17349255966867,31759200
2018-03-26,34.447139739990234,34.525320886256,33.48549732530744,33.81386171852712,29731900
2018-03-27,33.36821365356445,34.806768428052074,33.02421252708086,34.783314686961006,30942000
2018-03-28,32.57075500488281,33.49330663681602,32.53948136051449,33.235303544405724,36696800
2018-03-29,33.53240966796875,33.5636833239642,32.50822278468783,32.78967674138687,55021200
2018-04-02,32.06257247924805,33.3291283828018,31.687297650112605,33.243127341921316,36791800
2018-04-03,32.35184097290039,32.4456589105767,31.835837842053017,32.3205673328688,28003900
2018-04-04,32.470062255859375,32.74589895570697,31.674071196765656,31.831693456561947,30117600
2018-04-05,32.95869445800781,33.116316746032496,32.61192782946957,32.70649999972635,29331600
2018-04-06,32.09965133666992,32.84835483783997,31.878981970327242,32.627685471497294,32208700
2018-04-09,32.446407318115234,33.14782601539394,32.23362078799427,32.27302558963172,25725800
2018-04-10,33.50249099731445,33.660113298523555,32.90352986039428,33.1793666327137,22724400
2018-04-11,33.439430236816406,33.80984204256423,33.30545028321638,33.43154747145481,21693000
2018-04-12,34.156620025634766,34.39305195715717,33.675873394581984,33.715278215436534,22297000
2018-04-13,33.8886604309082,34.47186195648642,33.60494093232393,34.322119439792004,18272300
2018-04-16,34.125099182128906,34.393056205995784,33.912309515552664,33.983239404411414,15807900
2018-04-17,35.14175033569336,35.267847547450806,34.44821416783007,34.55854885231851,21474600
2018-04-18,35.173274993896484,35.401824120735206,34.91319780648032,35.15751246680508,17605300
2018-04-19,35.11811447143555,35.42547629341415,34.976254706461546,35.0077767603706,21472300
2018-04-20,34.74770736694336,35.26785890880624,34.377295372781916,35.07083176406431,23539200
2018-04-23,34.87379837036133,35.055062950276024,34.57431632222636,34.88167813192497,20716800
2018-04-24,34.471866607666016,35.393952096084085,34.14874224765687,35.015660382394984,21421500
2018-04-25,34.448211669921875,34.668884029292016,33.691628454238554,34.51914153429184,21706000
2018-04-26,34.842262268066406,35.06293460504253,34.23541860257183,34.66099774560348,20549300
2018-04-27,35.236324310302734,35.73283342250388,34.96048758485478,35.220561782220734,20077400
2018-04-30,34.90531539916992,35.606731266376556,34.89743263302467,35.40182143612183,19958500
2018-05-01,35.330902099609375,35.425474268721835,34.5427936754171,34.60584078602706,16865500
2018-05-02,34.56642150878906,35.504269059023585,34.5191339408132,35.39393440680703,23601600
2018-05-03,35.02353286743164,35.31513511217535,34.23542454273016,34.68464604729843,23750200
2018-05-04,35.70130157470703,35.858923819146966,34.59795187641598,34.68464125478341,19504100
2018-05-07,36.04020309448242,36.252992760583744,35.70131618251315,35.748603777111946,17822400
2018-05-08,36.02443313598633,36.15053035585749,35.764358935299796,36.11112553834679,20285300
2018-05-09,36.28450393676758,36.33178850687403,35.614610131780935,36.17416926466007,20438300
2018-05-10,36.489418029785156,36.54458537683672,35.9929088999261,36.2529861129363,18469400
2018-05-11,36.197811126708984,36.465768044293455,36.07959369003566,36.32390832284319,17551500
2018-05-14,36.01655578613281,36.434252291219266,35.99291048892759,36.05596060628143,22037700
2018-05-15,35.84316635131836,35.898333693696976,35.40970737274578,35.63037674226025,24753600
2018-05-16,35.590972900390625,35.898334675303076,35.472755445549794,35.748595171380146,31253700
2018-05-17,34.251190185546875,34.80286666429841,33.90442357343773,33.99111597806375,48210400
2018-05-18,34.05414962768555,34.33786901927831,33.97534002175145,34.251176648914544,24456000
2018-05-21,34.479736328125,34.62947581501943,34.21965915960925,34.27482950361711,21785900
2018-05-22,34.400917053222656,34.605823820241625,34.26693712346929,34.51125169749392,16381800
2018-05-23,34.424564361572266,34.44032688539864,33.8019581992035,34.20389504079104,20638800
2018-05-24,34.33788299560547,34.653127560441334,33.89654120611426,34.36152528572992,18377500
2018-05-25,34.09355926513672,34.377278696961035,34.05415445658205,34.251181505749585,15362000
2018-05-29,33.865020751953125,34.01476027379522,33.510371351384876,33.69951569409119,25197400
2018-05-30,33.77043151855469,34.15660581764209,33.754672001884394,33.95169903059566,22498800
2018-05-31,33.66010665893555,33.99111372682175,33.58129702707417,33.77832411312235,31439600
2018-06-01,34.4088134765625,34.432455767102084,33.79408987137303,33.817732161912616,18352700
2018-06-04,34.34576416015625,34.54279125238369,34.05416189905536,34.28271404757395,18087700
2018-06-05,34.41668701171875,34.479737116944804,34.19601765621654,34.47185735698879,16728800
2018-06-06,34.88166809082031,34.9210759064798,34.408804366848855,34.487613985379355,17730200
2018-06-07,34.400917053222656,34.98411531762604,34.16448223676302,34.8659009157898,19722000
2018-06-08,34.26694107055664,34.463968102705465,34.13296413176452,34.298466117234994,18812400
2018-06-11,34.432456970214844,34.61372155227368,34.23542985844718,34.37728961943151,15069000
2018-06-12,34.62948989868164,34.63737266805769,34.2590809106897,34.42458299083901,17564900
2018-06-13,34.68464279174805,35.0944594428942,34.55066583219351,34.69252555783619,24383200
2018-06-14,35.2205696105957,35.31514480010867,34.71618062544188,34.858040403315826,24020500
2018-06-15,34.87379837036133,35.094467770884414,34.35364692170327,34.960490779536855,49379800
2018-06-18,34.842262268066406,35.00776426600289,34.19601379445279,34.57430536390509,17625400
2018-06-19,34.53489685058594,34.6925190725452,34.23541492950272,34.37727462862667,22199200
2018-06-20,34.471866607666016,34.668893729778794,34.4403415465931,34.63736866870588,21276500
2018-06-21,34.01475524902344,34.50338156962758,33.93594561893701,34.43245169999192,20924400
2018-06-22,34.04627990722656,34.24330698654339,33.801965246571626,34.15661459062084,27460000
2018-06-25,33.3291015625,33.74679800990539,32.950809929801686,33.64434308655127,28626700
2018-06-26,33.53400802612305,33.998992049790516,33.40791081664007,33.47884068487391,22171200
2018-06-27,33.360633850097656,34.00688257187667,33.3212260204515,33.67587544249981,20794800
2018-06-28,33.841365814208984,34.038392868799754,33.32121451034512,33.36062232637869,22197700
2018-06-29,33.91230773925781,34.28271969571782,33.865023153425696,33.9280702700003,20522900
2018-07-02,33.738914489746094,33.754677015151316,33.25816798726678,33.54188743177223,21810900
2018-07-03,33.62857437133789,34.069916031471216,33.58916956388176,33.84136393927392,13474700
2018-07-05,33.80332946777344,33.86686798319734,33.326776967869776,33.80332946777344,18118700
2018-07-06,33.922447204589844,34.05747140122785,33.60474873747728,33.66828721896938,20258300
2018-07-09,33.89067840576172,33.97804647395572,33.64446260975266,33.9542199207487,23210000
2018-07-10,34.04159927368164,34.18456469996898,33.922460408499795,34.04954045077441,20224600
2018-07-11,33.811256408691406,33.962162970378266,33.708002956049675,33.80331523379267,17721600
2018-07-12,34.61345291137695,34.653164847239395,33.954223262719715,33.962164437961604,17999500
2018-07-13,33.18380355834961,34.772305450541765,32.51663264243582,34.56580153768063,50831300
2018-07-16,33.75565719604492,34.10512643863125,33.358531817267924,33.39824374918039,24468000
2018-07-17,33.62857437133789,33.76359553446415,33.4697236272048,33.52532093317749,21188400
2018-07-18,33.52532196044922,33.73182884309773,33.477668856627275,33.54915154218622,20364000
2018-07-19,33.67623519897461,34.16072564288502,33.53326981230388,33.993933701711285,24498800
2018-07-20,33.36648178100586,33.65241261381642,33.24734595388612,33.56504452269909,20732100
2018-07-23,33.406192779541016,33.45384589278978,32.91375505724182,33.29499511236509,15656500
2018-07-24,33.66830062866211,34.057484965928175,33.41414054181264,33.533279408072744,17493900
2018-07-25,34.27986145019531,34.327517584822495,33.588864162144674,33.64446147096334,20658300
2018-07-26,34.57373809814453,34.81201577402289,34.32752227681577,34.613453064008596,23518700
2018-07-27,33.811256408691406,34.645219145071245,33.692117576425844,34.35928837149498,22050900
2018-07-30,33.493560791015625,33.84303314480596,33.422081114824216,33.72389429149982,15300400
2018-07-31,33.588871002197266,33.85097222145595,33.294995990223946,33.5491590635007,20900300
2018-08-01,33.24733352661133,33.62857348458222,32.826381641110814,33.35058696204902,21650000
2018-08-02,33.77947998046875,33.83507728490847,32.723128166288156,32.874034702649425,18033200
2018-08-03,34.01778030395508,34.05749225793538,33.72390517887952,33.92246797860891,13394300
2018-08-06,34.39106750488281,34.478435599174624,33.88274735245093,33.93834467975897,14345800
2018-08-07,34.61345291137695,34.661106022481285,34.343407505755245,34.391060616859576,18040500
2018-08-08,34.81996154785156,34.915270812894164,34.50225995794034,34.66111075289595,13917100
2018-08-09,34.77229690551758,35.034401107636114,34.70875842095398,34.85966497289042,14098900
2018-08-10,34.77229690551758,34.907321108682744,34.6134491791955,34.700814216742174,14322100
2018-08-13,34.74848175048828,35.256801913037364,34.70876980588172,35.01058603858043,18113200
2018-08-14,34.947044372558594,35.16943368538473,34.61346040331938,34.81996433239692,15981300
2018-08-15,34.83583450317383,35.344154441834824,34.16071962290621,34.67698376488581,27902200
2018-08-16,35.86837387084961,36.60702751918351,35.80483536842867,36.35286744984572,48648500
2018-08-17,36.432281494140625,36.59907645632289,35.67774266656284,35.820708045675524,23153900
2018-08-20,36.71028518676758,36.79765328867311,36.360812779145434,36.527607805432076,19288500
2018-08-21,36.36080551147461,36.87706981236692,36.31315239619805,36.734104406883716,18617300
2018-08-22,36.52759552001953,36.66261670131437,36.31314744105742,36.49582476095262,13202900
2018-08-23,36.551429748535156,36.73410710678425,36.41640550906506,36.44023509828153,15379000
2018-08-24,36.789703369140625,36.88501263377232,36.5911406337589,36.69439410450892,15575200
2018-08-27,37.00415802001953,37.218606175671866,36.80559524958153,36.932675301468755,17209900
2018-08-28,37.29008483886719,37.54424491500133,37.02798055607611,37.15506059414318,19147300
2018-08-29,37.711036682128906,37.822231336076015,37.25037268294415,37.38539389707219,20220600
2018-08-30,37.44894027709961,37.758697718847166,37.30597483785805,37.57602033088906,16238500
2018-08-31,37.94136047363281,37.9890166116092,37.17093624039252,37.258304311769415,24904200
2018-09-04,37.90959548950195,38.17169974355726,37.73485932013175,37.996963574187056,19122200
2018-09-05,37.544246673583984,37.846062914315596,37.13917695026549,37.77458020019041,20818100
2018-09-06,37.552181243896484,38.044618978932064,37.385389283558645,37.6792612655577,16537600
2018-09-07,37.369503021240234,37.718975344940766,37.23448182695713,37.33773225911716,17229700
2018-09-10,37.385379791259766,37.69513707604618,37.15504636366055,37.56805708665109,16597200
2018-09-11,37.353614807128906,37.464809436299575,36.88500670574794,37.258305557814964,17291500
2018-09-12,37.24243927001953,37.337748568193085,36.88502561458377,37.218612702933136,16649400
2018-09-13,37.520408630371094,37.647488635502334,37.170936343890446,37.20270710262984,17972100
2018-09-14,37.64750289916992,37.718985618503346,37.409225148173526,37.54424940905998,13937000
2018-09-17,37.41715621948242,37.79045507048121,37.38538545985989,37.51246546852363,14430200
2018-09-18,37.69514846801758,37.846058084036464,37.38539108961839,37.38539108961839,16469600
2018-09-19,37.552181243896484,37.822226668654906,37.42510122223527,37.663375884121706,12721900
2018-09-20,37.90959548950195,37.973137016482674,37.456872714158024,37.65543544123262,17007800
2018-09-21,38.568824768066406,38.63236326451256,37.981077769349085,38.06844585306094,59664600
2018-09-24,38.473514556884766,38.616479968894616,38.27495182129629,38.2908372037226,21819300
2018-09-25,38.49734115600586,38.822983895890765,38.46557039362035,38.576765032142994,15810800
2018-09-26,38.449684143066406,38.965948415764835,38.33848950705791,38.71178838208066,20080100
2018-09-27,38.386146545410156,38.72767163690962,38.29083425818426,38.386146545410156,15910100
2018-09-28,38.64030456542969,38.75944037349524,38.17169644878823,38.33848839797591,15474300
2018-10-01,38.815040588378906,39.02948869470248,38.65618980260292,38.918294053607305,13669500
2018-10-02,38.92622756958008,39.029481014490294,38.65618219584839,38.71972370958579,15671600
2018-10-03,39.02949523925781,39.29159953421245,38.97389790938754,39.12480451477439,16737500
2018-10-04,38.68564987182617,38.99750145316292,38.413778714963975,38.885555044509815,22110900
2018-10-05,38.485755920410156,39.06148091139145,38.069952673955385,38.701653935895045,19103300
2018-10-08,37.99797439575195,38.781602282010965,37.70211560356383,38.31782083180889,23791400
2018-10-09,37.9739875793457,38.40578042994697,37.806064917672664,38.005970088430765,17008400
2018-10-10,36.486690521240234,37.989975122611305,36.41472454189615,37.934001922044864,33055800
2018-10-11,35.279273986816406,36.462712577364165,35.11934919343174,36.350766137088414,36496300
2018-10-12,36.5506706237793,36.66261706178105,35.5511444983184,35.92696729759143,35424000
2018-10-15,35.71906280517578,36.55866715907605,35.71906280517578,36.39874237498497,26160500
2018-10-16,36.63862228393555,36.73457591922765,35.86298918535408,36.214824265276924,22669400
2018-10-17,36.73457336425781,36.96646409620371,36.15884854223702,36.69459293985941,17803400
2018-10-18,36.35075759887695,37.174369023745726,36.10287712515002,37.02243913307592,19044600
2018-10-19,36.25480651855469,36.942480881792534,36.08688688575788,36.30278486377287,21356300
2018-10-22,36.59065246582031,37.00645571603906,36.31078636005374,36.59865038330609,19195400
2018-10-23,36.31877517700195,36.59864428645783,35.535147161085796,36.1028802458397,21836200
2018-10-24,35.239288330078125,36.52667830313601,35.15132955423274,36.37475144960115,29588800
2018-10-25,36.35874938964844,36.630620513653525,35.35122573291349,35.67907005448047,27054500
2018-10-26,35.383216857910156,36.07089116511929,35.00739414343284,35.639095244270166,31806600
2018-10-29,35.055381774902344,36.02292237038219,34.33572171610061,35.89498314329652,28214200
2018-10-30,35.6470947265625,35.74304836308754,34.98340803567914,35.11934209989702,25924600
2018-10-31,36.582645416259766,37.022436171857564,35.89497115645084,36.02291034081222,26023700
2018-11-01,36.502689361572266,36.68660177258932,36.062895497932395,36.51867909269448,24662100
2018-11-02,36.366756439208984,36.85452565309876,35.96694600819264,36.5586667882339,25581300
2018-11-05,36.89450454711914,37.13439018566004,36.26280336038937,36.574658045835065,17525200
2018-11-06,37.18235397338867,37.278307581168626,36.7825437156103,36.81452926830701,15446700
2018-11-07,38.301841735839844,38.32582938636792,37.382276494982996,37.56618893309204,19990400
2018-11-08,38.73362731933594,38.73362731933594,38.277843744245516,38.277843744245516,21002000
2018-11-09,37.670127868652344,38.58169488673483,37.34228353670495,38.4457608455835,22015400
2018-11-12,36.47869873046875,37.782081441698054,36.41473065493033,37.69412266881045,25913500
2018-11-13,36.07888412475586,36.830529514014,36.00691814174839,36.542665581984146,26196700
2018-11-14,35.44719314575195,36.49469448935457,35.24728793662945,36.350762494761454,36613500
2018-11-15,37.39826202392578,37.66213527948103,36.10287729140223,37.42224966980052,45983300
2018-11-16,37.06242370605469,37.614164022850794,36.886509200250025,37.1503824841127,31327400
2018-11-19,36.582645416259766,37.246332032223044,36.182835083841624,37.06241659503723,28370400
2018-11-20,35.57513427734375,36.21483037099385,35.29526513928262,35.91896844930252,28430600
2018-11-21,35.894981384277344,36.12687217522883,35.50316885503951,35.942959735950225,20117400
2018-11-23,35.61510467529297,36.07888306863446,35.495160357021334,35.543138694392134,9372900
2018-11-26,36.438716888427734,36.494690096219216,36.05489929915285,36.094879726102334,18275900
2018-11-27,36.87850570678711,37.0944036611036,36.15085099422895,36.34276130372502,21472700
2018-11-28,37.814064025878906,37.96599086233713,36.87850621104835,37.02243818256074,24293800
2018-11-29,37.854042053222656,38.189881265269285,37.50221006198656,37.50221006198656,22650800
2018-11-30,38.27785110473633,38.309836672373116,37.518210650076504,37.79807979143098,41619100
2018-12-03,38.97351837158203,39.01349880073752,38.44576877592042,38.63767605599125,24690100
2018-12-04,37.86204147338867,39.29336335480628,37.78208061813082,38.94153132123621,30802700
2018-12-06,38.69365310668945,38.749626323123955,37.158382512523225,37.57418572768779,40133000
2018-12-07,37.13438034057617,38.773605045021675,37.07041227740316,38.509728777367705,38298000
2018-12-10,37.47023391723633,37.686131915067996,36.63862749232431,37.02244513836566,28682000
2018-12-11,37.654144287109375,38.301838245143486,37.350287523429145,38.26985268048002,26048500
2018-12-12,37.91801452636719,38.54172078599844,37.870039233534,38.317824901636236,23157200
2018-12-13,37.958003997802734,38.35781443620281,37.686132777678225,38.12592364985599,20051700
2018-12-14,36.63862228393555,37.27831826973471,36.49469030584185,37.07841308352803,27364500
2018-12-17,35.343238830566406,36.77456074849409,35.11134807396805,36.638623630714946,36610300
2018-12-18,35.231285095214844,35.67107581966037,34.967408830361194,35.62309748505684,30513800
2018-12-19,34.49563980102539,35.9189638067189,34.039856202565986,35.09535538324158,34820100
2018-12-20,33.97588348388672,34.56760106930871,33.48011647410954,34.37569381739755,38810900
2018-12-21,33.46413040161133,34.75152042158456,33.37617467287191,34.311729576641945,77915100
2018-12-24,32.20872116088867,33.43214291905223,32.1847335157342,33.34418415307129,24069400
2018-12-26,33.95988845825195,33.9838761005765,32.304674031025186,32.528566826882546,33335900
2018-12-27,34.311729431152344,34.32772221366753,32.90439812324111,33.49611582474611,28404100
2018-12-28,34.19977569580078,34.80748604996101,33.951892195252015,34.51962212682327,22447300
2018-12-31,34.6475715637207,34.82348606975144,34.295736451036525,34.535622086759425,20581200
2019-01-02,34.343711853027344,34.543617040704675,33.751991155365566,33.807964363890335,23833500
2019-01-03,33.094703674316406,34.17449204302739,33.00606384888106,34.08585221759205,29606700
2019-01-04,34.58544921875,34.64991565359134,33.46537104177647,33.723230633284246,27515000
2019-01-07,34.81913375854492,35.173692985252146,34.45651776483465,34.537100804508405,19488100
2019-01-08,35.10118103027344,35.40738745733314,34.73050507689492,35.10923779985727,22071400
2019-01-09,34.907779693603516,35.35097573086603,34.78690664983684,35.35097573086603,22640000
2019-01-10,34.84331512451172,34.883605113070004,34.31147928332668,34.7385586951169,23277600
2019-01-11,35.044769287109375,35.08505927698505,34.561280186813754,34.738559830981735,17378400
2019-01-14,34.81913375854492,34.96418015602903,34.64991398612301,34.71438041786202,16243600
2019-01-15,35.47184753417969,35.48796414438026,34.77079189706479,34.91583831494085,17744100
2019-01-16,35.42350769042969,35.64913722291971,35.26234461691679,35.55243753445401,17262500
2019-01-17,35.62495040893555,35.882810022033595,35.2945675875331,35.35097418577774,18826200
2019-01-18,36.28571701049805,36.54357663040938,35.70553440266212,35.84252098089601,24416500
2019-01-22,36.084266662597656,36.45494258335918,35.761943650802934,36.16484972099337,21338400
2019-01-23,36.63221740722656,36.97066008839935,36.27766118907675,36.37435778058502,24770400
2019-01-24,36.753089904785156,36.86590310551983,36.4468804499845,36.76920651545142,17360600
2019-01-25,37.172119140625,37.5991986401316,37.027072692881305,37.164059296900504,24196600
2019-01-28,36.865901947021484,36.88201855718129,36.44687930465379,36.84978533686168,18296700
2019-01-29,37.035125732421875,37.10764894898903,36.785325932857866,36.91425575409621,14470100
2019-01-30,37.63948440551758,37.816764060369955,37.0028920757562,37.01900868746363,18329300
2019-01-31,38.10685348510742,38.17937669428287,37.48637782303503,37.64754085163926,23693600
2019-02-01,38.14714050292969,38.324420127980964,37.91345428334916,38.171313879462545,16266500
2019-02-04,38.15520477294922,38.25190444595251,37.969868343920446,38.050451404756515,15743100
2019-02-05,38.08267593383789,38.24383895779156,37.9376325936015,38.21160573821503,16946300
2019-02-06,38.25996017456055,38.34860000210487,37.832880722497244,37.96986731129891,18160500
2019-02-07,37.631431579589844,38.13103429915031,37.462211749825286,38.026277849040476,20331200
2019-02-08,38.02627182006836,38.0343316624534,37.30909954426093,37.38968259846521,18407100
2019-02-11,38.340545654296875,38.44529902625559,37.977929552321704,38.14714937526693,19363600
2019-02-12,38.590354919433594,38.79986786252863,38.002112242779624,38.09075209763288,23909200
2019-02-13,38.27607345581055,38.63868950333563,37.96986400746391,38.56616629383061,28325600
2019-02-14,39.001304626464844,40.03274307148572,38.952954796631104,39.36391759146628,47598600
2019-02-15,39.83129119873047,39.960221008050276,39.03353589023791,39.347805182263485,30189600
2019-02-19,40.00857162475586,40.23419802701295,39.645955568321824,39.645955568321824,20204500
2019-02-20,39.99245834350586,40.12944493515809,39.766828848535354,40.04886494876612,17550900
2019-02-21,39.8151741027832,40.064976950137996,39.645954306476284,39.9199305321809,17120600
2019-02-22,40.37923812866211,40.467877936795865,39.95215877012169,40.048855345390926,22008100
2019-02-25,40.92720031738281,41.0964201331291,40.56458423083402,40.56458423083402,24264300
2019-02-26,41.241458892822266,41.42679528613894,40.677389871376946,40.701563248005115,19382500
2019-02-27,41.57185363769531,41.62020347877182,41.007784454188354,41.265644125403576,19940900
2019-02-28,41.71689224243164,41.86999543282267,41.37844956639729,41.53961259908369,30708500
2019-03-01,41.426795959472656,41.97474838076243,41.313982768135745,41.90222517577028,23683700
2019-03-04,41.225345611572266,41.837761435709645,40.79826619571237,41.62019488063586,18725900
2019-03-05,41.338165283203125,41.507385107615534,41.072248855402144,41.19311884115546,14994200
2019-03-06,41.63631057739258,41.733010244586154,41.03195149011449,41.394567557267195,19686900
2019-03-07,41.330108642578125,41.878061186704386,41.26564219083169,41.53961846289482,22209200
2019-03-08,41.15282440185547,41.20117423529331,40.70156851155675,40.870791391624564,18182200
2019-03-11,41.83775329589844,41.974742920364676,41.17698776922923,41.209220983683466,17859300
2019-03-12,42.023101806640625,42.127855165319936,41.64436913993012,41.910285531715765,19485300
2019-03-13,42.37765884399414,42.59522848182704,42.01504278093929,42.2326124187722,20568000
2019-03-14,42.49853515625,42.67581174320242,42.31319565227557,42.409895325809046,19215900
2019-03-15,42.86921310424805,43.20765277999432,42.6516434238698,42.65970019398906,43670700
2019-03-18,43.11899948120117,43.46549889285093,42.780559911084964,42.92560631940017,19073800
2019-03-19,42.95784378051758,43.51385301802224,42.82085412627692,43.34463321625071,20596400
2019-03-20,42.91754913330078,43.40909498367911,42.595226152379745,42.83696915655279,21140800
2019-03-21,43.46550369262695,43.69918994004331,42.74027464489481,42.7725078667307,20082700
2019-03-22,42.49853515625,43.62667034877531,42.46630193173884,43.44133391873036,23938500
2019-03-25,42.490478515625,42.651641576398035,42.103689014127546,42.46630513238444,18774900
2019-03-26,42.893367767333984,43.10288058614919,42.708031396184225,42.86113455306572,17742700
2019-03-27,42.82086181640625,43.239884548851066,42.49853876570775,42.9497916514716,20447500
2019-03-28,42.99813461303711,43.264051010470936,42.72415837311571,42.86114495611179,13095000
2019-03-29,43.50579071044922,43.513847477823845,42.998128295841205,43.27210449551058,19582300
2019-04-01,44.30354309082031,44.33577630834474,43.82811389108582,43.90063709355138,19741700
2019-04-02,44.55335235595703,44.65004894857906,44.295492726345444,44.31966610601864,17264000
2019-04-03,44.82733917236328,44.96432578806838,44.37608317711769,44.6903494827282,21110400
2019-04-04,44.71379852294922,45.151692835723374,44.486743587462534,44.90030837615492,16412100
2019-04-05,44.770565032958984,45.094931898103184,44.70569351596516,44.80300233815174,13817500
2019-04-08,44.99761962890625,45.054383361949384,44.429979205083434,44.762453824360996,13862800
2019-04-09,44.746246337890625,44.94086401591539,44.486754038262795,44.66515615427901,15508400
2019-04-10,45.265228271484375,45.28144692593003,44.68947995892787,44.68947995892787,13460200
2019-04-11,45.086822509765625,45.370644299460636,44.851659772853715,45.3544256463302,13186000
2019-04-12,45.64634323120117,45.7031069555582,45.24088628957044,45.35441373828449,14331700
2019-04-15,45.86529541015625,45.90584049011354,45.60580318636003,45.735549298258135,12198400
2019-04-16,46.18156051635742,46.651889105171215,45.905849587262466,45.91395736750412,19718300
2019-04-17,45.66257095336914,46.48159277711338,45.6463523012743,46.36806530584107,26093600
2019-04-18,45.735557556152344,45.97883117321224,45.5003917191913,45.92206743234466,18332000
2019-04-22,45.686893463134766,45.89772973548674,45.49227274809413,45.54092870020212,11951500
2019-04-23,45.9707145690918,45.97882544157143,45.57336843255121,45.759878285493535,18796600
2019-04-24,46.12479019165039,46.34373734763032,45.88151660502541,45.93016946631552,13212000
2019-04-25,45.67878723144531,46.043696057743674,45.41929190480591,45.7842038244957,15526900
2019-04-26,45.31387710571289,45.71122325024587,45.15169368016428,45.42740457557946,18010900
2019-04-29,45.516597747802734,45.589580122016706,45.0462662043369,45.14357500549186,16259500
2019-04-30,45.370635986328125,45.50848987259061,45.03005051977697,45.41118106502937,20846000
2019-05-01,45.07060241699219,45.695003486059335,45.013835590049155,45.41118481830154,17648500
2019-05-02,44.55160903930664,45.3219778714046,44.45430023639259,44.989503292506456,24220600
2019-05-03,44.55160903930664,44.59215720946264,43.93531582966291,44.30833548532598,26887100
2019-05-06,44.26779556274414,44.405649458473704,43.43255512925188,43.67582871155734,17025900
2019-05-07,43.34334182739258,43.983964451095076,42.92977407046441,43.675816350908086,25289700
2019-05-08,43.35956954956055,43.74069699950595,43.08385868503026,43.116292891793485,21525100
2019-05-09,42.913570404052734,43.1487362229553,42.354040818442286,42.83248023572367,24322800
2019-05-10,43.27037048339844,43.4244430260333,42.1269818949204,42.66218499817839,21795900
2019-05-13,41.599891662597656,42.378368436558404,41.405274015803336,42.02967822826926,28869900
2019-05-14,42.18376159667969,42.52434411251831,41.66477694774893,41.7215407003887,25478300
2019-05-15,42.52433395385742,42.74328113033177,41.916148383670375,41.972912122749825,30577200
2019-05-16,45.35441207885742,45.735542579930616,43.886656890235656,44.008295205630766,46057800
2019-05-17,45.695003509521484,46.08424495891985,45.02194648561107,45.23278276842633,27299300
2019-05-20,45.4193000793457,45.7274483218098,45.04628031358978,45.249008850638695,21004100
2019-05-21,45.83285903930664,46.01936888560963,45.5166030784715,45.96260515383878,18562300
2019-05-22,45.1598014831543,45.6544595393114,45.143582831251756,45.58958802509278,19479200
2019-05-23,43.943424224853516,44.60837339198915,43.74069574479043,44.527283237320354,22734200
2019-05-24,44.08938980102539,44.33266336296427,43.838008460824724,44.2515732067817,13057600
2019-05-28,43.73258972167969,44.62459383239716,43.643388691929694,44.38943113706409,29769200
2019-05-29,43.1244010925293,43.42443836689639,42.8649088941484,43.42443836689639,19762100
2019-05-30,43.4406623840332,43.61095358025313,43.25415253673642,43.33524269872932,12954300
2019-05-31,42.19186019897461,42.88113904925402,42.17564154555008,42.808156655539534,20480400
2019-06-03,41.989131927490234,42.62975482140538,41.75396918487904,42.20807910996978,22380500
2019-06-04,43.16494369506836,43.497418248529286,42.49999458814651,42.5567583099527,21689300
2019-06-05,44.39754104614258,44.42997834822493,43.58662705443221,43.66771721624669,22521900
2019-06-06,44.68135452270508,44.843537920911636,43.95964164874647,44.51106334661416,15927300
2019-06-07,45.35441207885742,45.65444933853693,44.62458837326851,44.93273650378281,17394900
2019-06-10,45.75175857543945,45.93827148574576,45.378738941608624,45.52470368413215,16871000
2019-06-11,46.311302185058594,46.67621412855836,46.003153977948614,46.01126485079951,26723700
2019-06-12,45.29765701293945,45.889623867979125,45.127365813556416,45.451729560944365,23183000
2019-06-13,45.549049377441406,45.630142653918725,45.23279333266037,45.34632082633642,15785300
2019-06-14,44.39754104614258,45.42740218682171,44.32455866315299,45.403075756955644,22530500
2019-06-17,44.92464065551758,44.98140439287064,44.48674631588684,44.592166010996095,20392600
2019-06-18,45.45172119140625,45.93827136298138,45.20844765231413,45.46793983979784,21173200
2019-06-19,45.516597747802734,45.71121535011265,45.22466825094684,45.44361537358876,21096300
2019-06-20,46.5545768737793,46.65999656956975,45.962609970849634,46.22210222710944,20969800
2019-06-21,46.246429443359375,47.154655449055475,46.205884357642454,46.55457766291311,57588800
2019-06-24,46.36806869506836,46.457269741414265,45.97071942317984,46.424832434853606,17794100
2019-06-25,45.4760627746582,46.38428567178616,45.41929594353299,46.27075819631913,25520600
2019-06-26,45.89773178100586,46.26264370460046,45.70311415068304,45.84907892012089,19286100
2019-06-27,45.19223403930664,46.42482361388665,44.98139777350602,46.17343917589367,23959900
2019-06-28,44.3813362121582,45.39497901736936,43.81369562256148,45.33821526774892,103123400
2019-07-01,44.38943099975586,44.884085910981774,43.97586315281083,44.81110353172037,28410000
2019-07-02,45.25711441040039,45.34631235777916,44.421870832325325,44.46241900968759,20307100
2019-07-03,46.0894660949707,46.138429113426106,45.322397483317744,45.51008438469303,13866800
2019-07-05,46.18738555908203,46.29347053466513,45.4611179607563,45.69776786285961,14273900
2019-07-08,45.852813720703125,46.08946362786628,45.66512682937445,45.90177673653761,15835100
2019-07-09,45.97522735595703,46.26083721357817,45.73041846186549,45.999707311491996,19564000
2019-07-10,46.61989212036133,47.04422897998394,46.18739320046705,46.26083617834239,19362600
2019-07-11,46.75860595703125,47.019735797099,46.44851310460833,46.81572791498899,15994600
2019-07-12,47.289024353027344,47.3216663589568,46.97893152252353,46.98709358046241,13660400
2019-07-15,47.370628356933594,47.51751427722096,47.223742436646226,47.3298274041678,8809700
2019-07-16,47.019737243652344,47.54199693985507,46.88917231960166,47.43591507919181,11501100
2019-07-17,46.6851692199707,47.158469063774234,46.668848213676064,46.97894110744687,9266900
2019-07-18,47.1176643371582,47.158465293175695,46.43219769215881,46.55460056021128,10287400
2019-07-19,46.80757141113281,47.38695307944987,46.77492940119325,47.17478624066947,13882400
2019-07-22,47.10950469970703,47.33799255548032,46.81573282061934,46.88917579039126,10485600
2019-07-23,47.09318161010742,47.41143342739928,46.905494720753595,47.378794530099846,12692200
2019-07-24,46.70148468017578,47.068699495911964,46.603561766950556,46.98709758704316,18177000
2019-07-25,46.203704833984375,46.921813459413734,45.99969694937823,46.80756954210042,15127200
2019-07-26,46.13026809692383,46.383239028626136,45.99970315767089,46.2526740893732,15243000
2019-07-29,46.4566764831543,46.63620442064449,46.138424676085926,46.260827541081966,12051100
2019-07-30,46.08130645751953,46.43220030223876,45.983380422076785,46.39139623101416,9623400
2019-07-31,45.20814895629883,46.37507431773118,44.80013318273264,45.967058544165,17441200
2019-08-01,45.19999313354492,46.42404062311735,45.012306225360135,45.5672080029994,19020600
2019-08-02,43.45368194580078,44.326835493612904,42.906942277488696,44.24523358019462,29021900
2019-08-05,41.91954040527344,42.874298950092346,41.56864658510814,42.751892970811106,29931800
2019-08-06,42.92325973510742,43.029344711807504,42.107228157535694,42.39284107743386,20708400
2019-08-07,42.71110534667969,42.83351136416725,41.78898852357258,42.294930490467785,24128600
2019-08-08,43.380245208740234,43.5434521719297,42.915107387044294,43.07831435023376,26093500
2019-08-09,42.78453826904297,43.14359106273327,42.46628643394485,43.070148092101896,17425000
2019-08-12,42.058265686035156,42.72741128973643,41.89505875790755,42.65396832772467,16388300
2019-08-13,43.02117919921875,43.30678896260972,41.78081101708248,42.00113988294678,21499500
2019-08-14,41.29936218261719,42.53156860079669,40.90766736532343,42.53156860079669,28688100
2019-08-15,37.741455078125,39.12054712681754,37.53744721283784,38.64725049806608,61129100
2019-08-16,38.320838928222656,38.64725277709595,37.863863275295856,37.880181166117666,24471800
2019-08-19,39.57752990722656,39.65913181650913,38.75333941698472,39.08791222570454,26384800
2019-08-20,39.11239242553711,39.65097312381408,39.10423036680878,39.61017216891239,18201600
2019-08-21,39.797855377197266,39.928420288575424,39.463282597233665,39.57752650557543,18365400
2019-08-22,39.31639862060547,40.254836107516454,39.12054968742891,40.181393146689395,21515100
2019-08-23,38.03522872924805,39.59384877039463,37.8883428101525,39.087910111795054,25871100
2019-08-26,38.43507766723633,38.573804623851345,38.08418391645527,38.39427671984817,14820100
2019-08-27,38.18211364746094,38.88390121742938,38.10050863181748,38.79413725667811,20859000
2019-08-28,38.24740219116211,38.320845163462955,37.733304497969876,37.96995130834933,11187600
2019-08-29,38.57381057739258,39.09607025555789,38.44324565785125,38.834940416475234,14733400
2019-08-30,38.19844055175781,38.81862320189305,37.986270591220354,38.77782224422462,19248400
2019-09-03,37.945465087890625,38.329000892438074,37.700656258293314,38.051550055450946,17009400
2019-09-04,38.61461639404297,38.68805936509114,38.2637225449143,38.36980752818692,13691300
2019-09-05,39.51224899291992,39.748898906505424,38.98998926149919,39.18583821723874,18434200
2019-09-06,39.854984283447266,39.97739027111555,39.38984651096949,39.69993939692586,17939100
2019-09-09,39.6428108215332,39.993701494309306,39.544884802564326,39.9610626008994,21175100
2019-09-10,40.15690994262695,40.27115385619591,39.12871160759315,39.63465027321847,16119200
2019-09-11,40.8260612487793,40.85870326091547,40.25484160096431,40.760780337420556,18656000
2019-09-12,40.74446105957031,41.046391902352596,40.320124222542205,41.03007089559224,16546700
2019-09-13,40.8260612487793,40.981109249969315,40.60573233623054,40.80974024271121,15867800
2019-09-16,40.7689323425293,40.94846026579756,40.630208483940606,40.63836742912868,13025600
2019-09-17,40.32012176513672,40.8179015457912,40.132434868202225,40.78525953425992,16070600
2019-09-18,40.262996673583984,40.589410537712155,39.8060178863872,40.36908164636264,12563800
2019-09-19,40.14059066772461,40.736293323358026,40.01818780344869,40.271155590700246,15349400
2019-09-20,40.47517395019531,40.69550289839717,39.87947114042618,40.22220609748934,48301300
2019-09-23,40.328285217285156,40.59757717313477,40.214041277075225,40.52413419544069,16450000
2019-09-24,40.083465576171875,40.96478107207231,39.92842071503964,40.597566282113796,26717200
2019-09-25,40.48332977294922,40.61389470958932,39.64281818788566,40.026350938252044,14013500
2019-09-26,39.84681701660156,40.385397646637294,39.38167622833564,40.33643463921116,20172900
2019-09-27,39.854984283447266,40.36908507357507,39.659135325760715,39.985549217600436,16065300
2019-09-30,40.32012176513672,40.524129667836846,39.94474797126774,39.94474797126774,14903600
2019-10-01,38.95734786987305,40.69549284360282,38.64725500684398,40.5159680179867,24185600
2019-10-02,37.99443435668945,38.663580053823736,37.54561446344137,38.63909698779241,30722400
2019-10-03,38.69331741333008,38.70976203802363,37.575108026100395,38.08487884563459,15915500
2019-10-04,39.071529388427734,39.16197324446086,38.60286862215704,38.84953168811671,16718800
2019-10-07,39.277076721191406,39.57307361164477,38.907080608124694,39.030413691310464,14625200
2019-10-08,38.14242172241211,39.08796696402896,38.10953248314932,39.05507772476617,23022400
2019-10-09,38.51242446899414,38.78375289850912,38.36442600326196,38.57819982238009,16768600
2019-10-10,37.94510269165039,38.01087805124834,37.45177338045479,37.86287957153879,24698500
2019-10-11,38.28220748901367,38.89064286115055,38.19998437352818,38.37264821131099,25153600
2019-10-14,37.862876892089844,38.27398305408103,37.821766903188944,38.27398305408103,15076900
2019-10-15,38.11776351928711,38.298651232710554,37.854655828757224,38.02731966257538,18794400
2019-10-16,38.471309661865234,38.54530888546163,38.08486892347396,38.1177581642925,16454200
2019-10-17,38.66864013671875,38.89063781498807,38.31508862723325,38.767307862498946,14352400
2019-10-18,38.40553665161133,38.86597667919485,38.364426662976804,38.72619895404816,17226200
2019-10-21,38.96462631225586,39.03862551797012,38.619298776582575,38.75907331154846,13277700
2019-10-22,39.09619140625,39.37574369346371,38.9728614520765,39.0550814215255,15067100
2019-10-23,38.68508529663086,39.219524507668275,38.512421478846136,39.03041606869109,15647100
2019-10-24,38.158870697021484,38.83308449640247,37.90398376838103,38.83308449640247,18338800
2019-10-25,38.56175231933594,38.6357515406554,38.19997695444499,38.265755434058086,15701200
2019-10-28,38.783756256103516,39.13730782857246,38.69331552942956,38.76731476870192,13859700
2019-10-29,38.841304779052734,38.99752396417967,38.56997325402692,38.64397247571664,13713900
2019-10-30,39.10441207885742,39.120856698697054,38.77552595504573,38.89063515743266,12062000
2019-10-31,39.06329345703125,39.17840577968949,38.72618663904304,39.13729266763794,12488300
2019-11-01,38.66864013671875,39.04686014589467,38.34797786915998,38.52064168453921,24404100
2019-11-04,39.03864669799805,39.367532932159776,38.90709283163167,39.05509132335529,15018900
2019-11-05,39.26887130737305,39.40042519426656,38.8577650187693,39.129096674763964,18988900
2019-11-06,39.68819046020508,39.87729892408468,39.293528909087925,39.30997353244587,15904500
2019-11-07,39.811519622802734,40.271959658008484,39.63063504251819,39.967741973287595,16717800
2019-11-08,40.14862060546875,40.16506208828159,39.50729299860317,39.81151061448748,14407000
2019-11-11,39.54841995239258,39.852640835335805,39.10442758660919,39.47442070201338,19590400
2019-11-12,39.77040481567383,40.07462560003235,39.56485175750817,39.70462946803601,15632900
2019-11-13,39.84440612792969,40.165068413616275,39.58952232981518,39.663521560088306,25187000
2019-11-14,36.92554473876953,37.82175603995859,36.67065786240725,37.459983850451984,65568900
2019-11-15,37.073551177978516,37.53399117580919,36.84333274730862,37.05710655628911,32385000
2019-11-18,37.12287902832031,37.15576512987997,36.53910603064867,36.98310133485289,22742800
2019-11-19,37.38600158691406,37.492886948517395,37.06533922912082,37.32022308455051,19612600
2019-11-20,37.06533432006836,37.607994346729484,36.94200121271715,37.56688121995161,18660800
2019-11-21,36.86799621582031,37.1228831341633,36.74466312773709,37.10643851331949,19868800
2019-11-22,36.876220703125,37.139328390365606,36.7446668595047,37.12288690434273,18725700
2019-11-25,37.369537353515625,37.4517573018376,36.94198672196338,36.99954131308676,19653300
2019-11-26,37.25444030761719,37.632657211493665,37.20510644065856,37.435324880150155,29422000
2019-11-27,37.196895599365234,37.34489096665472,36.942008590299224,37.2955602230555,14889900
2019-11-29,37.25444030761719,37.443548759555426,37.12288646555185,37.19688569774429,9808900
2019-12-02,36.75289535522461,37.270890051755266,36.72822685010981,37.20511155343772,17630100
2019-12-03,36.407562255859375,36.58022923499703,35.96356996569593,36.50622999722124,19625500
2019-12-04,36.08689880371094,36.629558818184364,36.06223343739114,36.60489345186458,17202200
2019-12-05,35.782676696777344,36.259558160145694,35.684012107199536,36.218448175862505,22632800
2019-12-06,36.04579162597656,36.22667935707428,35.889572399613954,36.08690161854658,16541000
2019-12-09,36.09511184692383,36.48154939471173,35.97177877936991,36.086887969625465,17508500
2019-12-10,36.25956344604492,36.32534193967978,36.01290036789663,36.0540103581728,21862400
2019-12-11,36.407562255859375,36.5473399878764,36.30067690745421,36.47334075010062,16440500
2019-12-12,37.5504264831543,37.632649578073845,36.51444057909086,36.62954977548787,27061600
2019-12-13,37.2462158203125,37.86287503302129,37.163995846547714,37.7477658151542,21796900
2019-12-16,37.80531311035156,38.30686300816448,37.657314677013645,37.657314677013645,21871300
2019-12-17,38.18353271484375,38.249311195111986,37.76420588085072,38.00264816708723,22510000
2019-12-18,38.347984313964844,38.44664891983598,38.02732199251521,38.249319708093715,21921200
2019-12-19,39.367515563964844,39.457959395281804,38.73441188123628,38.76730111744066,30764700
2019-12-20,39.013973236083984,39.77040702667124,38.98930473491897,39.67174243148398,52575300
2019-12-23,39.54841995239258,39.7128630795121,38.989315202081286,39.09620370518274,20253500
2019-12-24,39.28530502319336,39.67174583081841,39.17841967611974,39.597746593964494,7044700
2019-12-26,39.342857360839844,39.46619046062571,39.17841740978005,39.285302750670716,11091700
2019-12-27,39.277076721191406,39.482629768840624,39.20307749857806,39.457964406799704,11056800
2019-12-30,39.12908172607422,39.367524035129115,38.882418674444374,39.260635562709524,12128600
2019-12-31,39.43330001831055,39.44974464021534,38.98108389364694,39.08797236778264,14892600
2020-01-02,40.10418701171875,40.10418701171875,39.65693080485328,39.8060172603246,16708100
2020-01-03,39.44987487792969,39.87228448366676,39.325635085892756,39.681785786212856,15577400
2020-01-06,39.590660095214844,39.607225604371926,38.93633670147508,39.04401093122223,22183600
2020-01-07,39.33390808105469,39.52440672357444,39.01088534681868,39.52440672357444,16501900
2020-01-08,39.35875701904297,39.582386697279105,38.77069554639337,38.90321648613903,25175900
2020-01-09,39.193111419677734,39.65693636388981,38.986047220224854,39.58239312570481,18203600
2020-01-10,39.03573226928711,39.391882840221626,38.977754563278985,39.32562079932776,13502600
2020-01-13,39.73147201538086,39.739753191576156,39.17653842384583,39.184822759589466,18237400
2020-01-14,39.5823860168457,39.74803797856728,39.441580743540435,39.7231881306026,17948700
2020-01-15,39.76459884643555,40.08762158152853,39.55753469190193,39.69005562442151,16289400
2020-01-16,40.6259880065918,40.65083785455778,39.946817807091215,40.07105756827601,20094900
2020-01-17,40.601139068603516,41.0318328814196,40.47689931430242,40.841334241826594,27176200
2020-01-21,40.41893005371094,40.750234028068355,40.31125578811245,40.55145101154413,21771800
2020-01-22,40.64255905151367,41.023556403675755,40.61771235971361,40.81649221321174,15186000
2020-01-23,40.5845832824707,40.73366975953758,40.09591164309573,40.5845832824707,16767700
2020-01-24,40.46034240722656,40.98214506288815,40.20358482774062,40.76679969045972,14066700
2020-01-27,39.31735610961914,39.81430898650171,39.151704097475175,39.66522249152707,20666000
2020-01-28,39.56581497192383,39.73146691048101,39.34218532880382,39.358750838614334,14035100
2020-01-29,38.9694709777832,39.73974984047296,38.870081074079124,39.731468664975985,14273600
2020-01-30,39.12684631347656,39.151693002414675,38.31515199994926,38.547066015049246,14822600
2020-01-31,38.07495880126953,38.92806213052123,37.967284553256256,38.919780954311754,20069900
2020-02-03,38.538780212402344,38.787259730521065,38.273738341987475,38.43110912473577,15374900
2020-02-04,39.44157791137695,39.51612113082155,39.01916844088965,39.11027717127173,13947300
2020-02-05,40.1290397644043,40.253276379921175,39.88056337382182,40.02964984008105,17042300
2020-02-06,40.327823638916016,40.43549791075192,39.93854507997691,40.327823638916016,9814800
2020-02-07,39.73147201538086,40.394076695196446,39.6486444556862,40.25327142348969,16807500
2020-02-10,40.47690200805664,40.49346752036911,39.65692968565415,39.748038423598516,19012700
2020-02-11,40.6922492980957,41.17263650267352,40.46861962785233,40.90759463265507,23168300
2020-02-12,41.3548469543457,41.6447354631193,40.91587202404633,40.9407187077847,31686200
2020-02-13,39.193111419677734,39.483000035092196,38.58020315864461,39.05230928063327,47044700
2020-02-14,38.903221130371094,39.110285320914606,38.497373926704334,39.060588777746595,26747200
2020-02-18,38.58848190307617,38.80382726672621,38.34000551131113,38.77898057541432,18546300
2020-02-19,38.340003967285156,38.7706978367891,38.01698435504436,38.67130475644684,27626400
2020-02-20,38.803829193115234,38.894937945180146,38.01698777338854,38.1743554254241,20416700
2020-02-21,38.34828186035156,38.80382238115774,38.141217700026175,38.70443246887509,20028700
2020-02-24,36.44330596923828,37.83477790446407,36.44330596923828,37.27156292308461,35295900
2020-02-25,35.39969253540039,36.6172277285883,34.84475890677105,36.484706783766875,48024700
2020-02-26,34.91930389404297,35.92977812390592,34.737086400907366,35.59019298822965,38513200
2020-02-27,33.16339874267578,34.86960550797309,33.138548893395274,34.19043527254529,51442900
2020-02-28,33.07227325439453,33.585791259303434,31.763626825651304,32.05351841711127,80188000
2020-03-02,34.099334716796875,34.11590023377781,32.23575671035757,33.25451546761444,48864300
2020-03-03,33.16339874267578,34.70395669702859,32.89007251742997,34.17386975954113,49294700
2020-03-04,34.28154373168945,34.33124027029225,32.96461547442625,33.72661326859321,30022100
2020-03-05,32.774112701416016,33.55267275116416,32.542201869479996,33.27106538686409,30255900
2020-03-06,32.865238189697266,33.08886796004716,31.308114136640413,31.473766169442158,48605600
2020-03-09,31.440628051757812,32.765840856235364,30.05744068233547,30.562677846823544,61535300
2020-03-10,33.1965217590332,33.254499460784636,31.366072508080904,32.50906735319793,50536500
2020-03-11,30.686908721923828,32.43453078579405,30.123693938509298,32.318575358540784,63594300
2020-03-12,27.498125076293945,29.668156903797588,27.332473092309584,28.574858232869108,51855300
2020-03-13,31.175579071044922,31.208710094561354,27.60579501517953,29.13806851800897,53859600
2020-03-16,27.920536041259766,30.637220500715056,26.835521652590547,27.522973155386815,44211300
2020-03-17,29.403120040893555,30.024312717813842,27.829430662209095,28.74051515075512,41572400
2020-03-18,30.744892120361328,31.233563768105647,27.589235674014088,27.961948713515657,56904300
2020-03-19,31.233552932739258,32.56704644920725,29.94147477033632,30.686903750288497,58319700
2020-03-20,29.485933303833008,31.863031989077392,29.320284513675723,31.697380039371964,48582500
2020-03-23,28.65768051147461,29.668154694953813,27.94538240460659,29.411393980916873,39823400
2020-03-24,31.970705032348633,32.0369670801156,29.43624173668045,30.15682412863039,48235600
2020-03-25,31.200424194335938,33.08885136594775,31.059622090774205,32.01211843204387,42873900
2020-03-26,33.610660552978516,33.89226481582881,30.951953974618732,31.448909922142896,38473300
2020-03-27,32.152931213378906,33.254514359276534,31.813346025461065,32.47595088486793,31278600
2020-03-30,33.39532470703125,33.536130051464625,32.26889458976413,32.674741943019185,27120300
2020-03-31,32.55877685546875,33.47813927514419,32.39312485892892,33.23794719768792,26014200
2020-04-01,31.747079849243164,32.18605487565986,31.366079377727427,31.614555748160495,26790700
2020-04-02,33.277164459228516,33.40258218640172,31.329030573140315,31.638390260127522,28180500
2020-04-03,32.65843200683594,33.68684611349883,32.22365476678671,33.293873702597715,21235200
2020-04-06,34.64002227783203,34.84904968564443,33.26044011046811,33.82899491487826,31641400
2020-04-07,33.9794921875,35.73532418647417,33.93768734718023,35.66843389035864,30366100
2020-04-08,34.89921569824219,35.28382534425203,34.171798058326445,34.42263029748482,22683500
2020-04-09,34.44770812988281,35.28381753502801,34.15506792437944,35.19184499014135,27643900
2020-04-13,34.464439392089844,34.66510391380659,33.887521715767804,34.313939406049755,19592000
2020-04-14,35.76877212524414,35.802217278893636,34.72363499498801,35.04135757564739,22882400
2020-04-15,34.715267181396484,35.425958987937044,34.4727946584103,35.283821902430795,18428800
2020-04-16,34.69854736328125,34.94101990551789,34.01293776692621,34.915934449403984,26178000
2020-04-17,35.517940521240234,35.651717948853914,34.8992211145915,35.32563566838966,30701500
2020-04-20,35.56809997558594,36.19518211962869,34.941017831543185,35.04970977340053,23438800
2020-04-21,33.90425109863281,35.10825122871076,33.787196239209834,34.9744737908694,31661000
2020-04-22,34.915931701660156,35.19184937066511,34.372462434369716,34.50623982826479,18330700
2020-04-23,34.79888916015625,35.57647153327665,34.7236391501928,35.02463919004661,16100200
2020-04-24,35.5513801574707,35.66843498977602,34.82396570706984,34.982825380983485,14639200
2020-04-27,36.00288391113281,36.1366613321375,35.60155164811875,35.701883916495945,17937900
2020-04-28,35.52629852294922,36.47946296241204,35.45940822358094,36.3707678206911,16427700
2020-04-29,36.23699188232422,36.354046721464954,35.894187057909846,36.24535157533206,17430100
2020-04-30,35.434329986572266,36.09485422568818,35.258744525510956,36.09485422568818,26679900
2020-05-01,34.21359634399414,34.9577364158638,34.088181843199116,34.88248643958504,22095300
2020-05-04,34.5731315612793,34.62329928677379,33.854079966221974,34.23868962649789,15997700
2020-05-05,34.665096282958984,35.05806873661454,34.606568877883184,34.79051397355248,15060200
2020-05-06,34.405906677246094,34.85740337635214,34.25540671437589,34.74871143944944,16040300
2020-05-07,34.58984375,34.92428877386122,34.46442925818013,34.77378883207408,20173600
2020-05-08,35.9443473815918,35.969429644954694,34.86576540392438,35.13332017814358,21959100
2020-05-11,36.220272064208984,36.49618979705043,35.62663494079941,35.76877205928957,26182700
2020-05-12,36.13665008544922,37.03964659881795,36.1115646340332,36.73864669786027,25817100
2020-05-13,35.07480239868164,36.429299213664585,34.539692703355314,36.295521789833,36986700
2020-05-14,36.66339874267578,37.273761458527275,36.17009403103855,36.31223429854648,50417700
2020-05-15,37.01456832885742,37.10654088512515,35.82729116809033,35.89418145974128,30573000
2020-05-18,37.67509841918945,37.87576293011581,37.064738815072374,37.8005129411422,26966500
2020-05-19,37.298858642578125,37.60821837513712,37.13163604488205,37.482803818994384,24345400
2020-05-20,37.99282455444336,38.31054714132119,37.65001969659019,37.66674227374224,20184500
2020-05-21,37.32392883300781,38.17676093461476,37.25704172928624,38.00117869915282,18674900
2020-05-22,37.54131317138672,37.58311800330278,36.88914567338005,37.34900520346521,12592800
2020-05-26,37.491153717041016,38.29381814883642,37.35737631174178,38.277095574485905,21776900
2020-05-27,38.427589416503906,38.44431198818351,37.457702585617966,37.65837025626877,22157200
2020-05-28,38.126590728759766,38.84564538653494,37.93428593252993,38.377426122498655,20013000
2020-05-29,39.982749938964844,39.982749938964844,37.96772647876078,38.49447627651242,43553600
2020-06-01,38.71187210083008,39.5396219709799,38.65334468662306,39.42256714256585,18712400
2020-06-02,39.20518112182617,39.21354400447972,38.36071177561434,38.79548917794798,17285900
2020-06-03,39.24698257446289,39.46437285159328,38.91254065584643,39.28042772317602,17492000
2020-06-04,39.180091857910156,39.50617405406743,38.9041741906973,39.104841874988885,14100700
2020-06-05,39.991119384765625,40.375728993793174,39.46436950052941,39.522896911055135,22591100
2020-06-08,40.2419548034668,40.267037070116146,39.397482345216275,39.68175972876028,17820900
2020-06-09,40.17506408691406,40.333926946047654,39.706844770322135,40.149981820526605,18597300
2020-06-10,39.6483154296875,39.99112342526615,39.39748318930518,39.84898313569635,18462400
2020-06-11,36.51289367675781,39.29713933507736,36.48781141697246,39.28877964498359,35582000
2020-06-12,37.6834602355957,38.34398759942832,36.88079576763725,37.591487667276596,26125600
2020-06-15,37.91756820678711,38.26037300727442,36.73029413322298,36.88915380532517,21300100
2020-06-16,38.86237716674805,39.70684972148081,38.38579490893066,39.639959416767,28074600
2020-06-17,38.60317611694336,39.146648596365345,38.377429346819234,39.08812118344357,20399100
2020-06-18,38.318904876708984,38.50284682165888,37.91756945798823,38.28545972689808,22423500
2020-06-19,37.89248275756836,38.88745192675946,37.666732807011456,38.678424549151735,36103200
2020-06-22,37.75871276855469,38.00954503297516,37.46607565831501,37.71690792273549,18398600
2020-06-23,38.017913818359375,38.586468740386955,37.892496071924604,38.394160678652106,23222400
2020-06-24,37.4159049987793,38.017904937837024,37.11490502925043,37.867404953072594,22840100
2020-06-25,37.808876037597656,37.8924857193741,36.95604388755731,37.43262609059384,19114900
2020-06-26,38.720237731933594,38.88745710468155,37.31557331221616,37.725265240755775,106928300
2020-06-29,38.586456298828125,38.83728852131521,38.18512091544308,38.7453159621855,23875400
2020-06-30,38.99613952636719,39.30549909243072,38.544639712434,38.586447731486516,21888800
2020-07-01,38.51120376586914,39.06303589464257,38.46103604888808,38.91253593320395,17129500
2020-07-02,38.45222854614258,38.94941943324561,38.32582283015858,38.82301371726161,19632000
2020-07-06,39.117950439453125,39.176942122436024,38.65446823898495,38.82300809769077,16152900
2020-07-07,38.45222854614258,39.00840791013657,38.39324006925161,38.86514788437931,17102800
2020-07-08,38.603904724121094,38.823004268587624,38.1909822717498,38.41851057636703,15020800
2020-07-09,39.35389709472656,39.775245022476035,38.94940346984262,39.26962558039892,26027700
2020-07-10,39.320194244384766,39.539293784447594,38.96626347629173,39.379182705733605,13775700
2020-07-13,38.70502471923828,39.59828357147112,38.57861904258924,39.49715774429993,17965500
2020-07-14,38.98311996459961,39.18536844196329,38.26682956925463,38.334246799919356,19303500
2020-07-15,39.10110092163086,39.46346050732253,38.75559564395166,39.185369247062646,15705000
2020-07-16,38.5786247253418,38.62076210018504,38.089862680537756,38.51121071192727,17709400
2020-07-17,39.39603805541992,39.54772359280371,38.662893434485014,38.79772466608948,20389700
2020-07-20,39.58142852783203,39.690976683277036,38.983111979446235,39.32861717925473,15966500
2020-07-21,39.623565673828125,39.88480258692869,39.480305684505204,39.84266521589661,16044700
2020-07-22,39.52244186401367,39.69940724434499,39.2106420438528,39.623564479255855,27218300
2020-07-23,39.95220947265625,40.19659203670815,39.33704189787802,39.589850005856405,23750200
2020-07-24,39.10110092163086,40.14604230135942,38.85671827739591,40.01963981321175,16983600
2020-07-27,39.76682662963867,39.825815097729595,38.89042515458907,39.32019873848442,15576000
2020-07-28,38.99997329711914,39.674132728387875,38.94098482907769,39.58986119216408,13975300
2020-07-29,39.36233139038086,39.50559138927446,39.07581460722397,39.1010976744583,11618200
2020-07-30,39.13479232788086,39.15164662986599,38.241536825074505,38.87355868368477,15385100
2020-07-31,39.690975189208984,39.699403948313524,38.64603408432571,39.09266187797504,17701100
2020-08-03,39.74154281616211,39.91008265732709,39.33704912614421,39.7246885105826,14141100
2020-08-04,40.17131805419922,40.17131805419922,39.53087048827385,39.615138805101054,12839500
2020-08-05,39.884803771972656,40.2218802478339,39.6488467027766,40.17131732987114,13075600
2020-08-06,40.255584716796875,40.30614762955582,39.69097677552644,39.8005281458559,14190900
2020-08-07,39.969078063964844,40.11233486433566,39.631998323068984,39.884809736056205,17054300
2020-08-10,40.221885681152344,40.449414020774874,39.74154914682609,39.74154914682609,14999200
2020-08-11,39.76682662963867,40.82862548453612,39.68255830797462,40.36514328612297,18859600
2020-08-12,40.53368377685547,40.558966847458855,39.83424763968907,39.84267318680305,26823700
2020-08-13,35.99997329711914,36.94379189469712,35.71345653531135,36.901657738619804,91849500
2020-08-14,35.8145751953125,36.134800532449255,35.6207555270699,35.80614965088008,32539500
2020-08-17,35.46908187866211,36.033686768819464,35.27526214556492,35.85672134485648,30511700
2020-08-18,35.37638473510742,35.63762170436753,35.23312792961788,35.50279044611764,23344600
2020-08-19,35.2836799621582,35.68817364886217,35.20783719498683,35.477499652789476,20097400
2020-08-20,35.65446472167969,35.74715857048277,35.16569955617196,35.283676467948375,18443900
2020-08-21,35.60390853881836,35.64604269889681,35.233123429645524,35.43536868387421,17389600
2020-08-24,35.544918060302734,35.789300675410665,35.39323252089989,35.452220984597645,17742900
2020-08-25,35.359527587890625,35.64604439050341,35.20784203270559,35.58705592066818,15417400
2020-08-26,35.60390853881836,35.62918839193936,34.92975233367213,35.09829218861628,21625800
2020-08-27,35.63761901855469,35.78930457448294,35.41009068466231,35.73031610435868,22456800
2020-08-28,35.561771392822266,35.64603970590363,35.39323155202944,35.51120847619539,16573600
2020-08-31,35.57862854003906,35.68817671286847,35.342671458231116,35.47750269870837,21298000
2020-09-01,35.418514251708984,35.45222286550472,34.971886370121666,35.39323439867735,23325100
2020-09-02,35.747161865234375,35.97469016518681,35.41851094795755,35.42693970793544,30045700
2020-09-03,34.50840377807617,35.249977199758305,34.27244669889577,35.18255997295525,39288100
2020-09-04,34.39884567260742,34.91289067536474,34.07862033710407,34.71907100811078,34867400
2020-09-08,33.70783615112305,34.22188116676843,33.682556302691225,33.749970303386,29101800
2020-09-09,33.81739044189453,34.112332747859845,33.47188522006515,33.79210737664748,23351600
2020-09-10,33.34547424316406,34.24715853780967,33.219068580889456,33.73311355934956,25108800
2020-09-11,33.606719970703125,33.749976758723754,33.30334887297665,33.51402288921666,21853000
2020-09-14,34.01963806152344,34.247166376920816,33.7499755872666,33.89323558494507,19866700
2020-09-15,34.21345520019531,34.415703648047575,34.028064272179925,34.137612434079465,19024100
2020-09-16,34.061767578125,34.69378951876974,34.036487729180756,34.31457892608676,24310200
2020-09-17,34.01963806152344,34.04492112854332,33.29491895647184,33.42132464768047,22225900
2020-09-18,33.54774475097656,33.97751849938194,33.35392496525401,33.85954151804052,44450800
2020-09-21,32.89884948730469,33.26120899006399,32.60390398653582,33.126377771453306,28495000
2020-09-22,33.134803771972656,33.252780688051004,32.76401871935073,33.01682685589431,17656800
2020-09-23,32.258399963378906,33.19379298297537,32.1741316541628,33.05896175945164,24843200
2020-09-24,31.896041870117188,32.15727878374731,31.685367873050023,32.02244755420952,30910400
2020-09-25,32.40165710449219,32.47749986198611,31.70221798375604,31.82019489216222,22966600
2020-09-28,32.974693298339844,33.109524521242484,32.688176547843,33.03368175744538,24275700
2020-09-29,32.915706634521484,33.18536909503468,32.72188694194201,32.92413218001185,16353700
2020-09-30,33.19379425048828,33.4550311624415,32.88199763692675,32.94098609855649,27113200
2020-10-01,32.99818420410156,33.43192504860507,32.80257679660646,33.25332415977863,20763500
2020-10-02,32.54743957519531,32.78556978792816,32.292299598084284,32.36033541131617,24493000
2020-10-05,32.802574157714844,32.98967829082352,32.555937481213455,32.72603185274132,26929100
2020-10-06,32.802574157714844,33.46593863796518,32.65799605069835,32.74304161432213,28430800
2020-10-07,33.50846862792969,33.66155325598583,32.98117568938936,33.151270081038476,20593700
2020-10-08,33.84014892578125,34.171831185721004,33.72958709104117,33.84865218493949,19031300
2020-10-09,33.89117431640625,34.21435331096198,33.78061572807648,34.14631750616523,16167500
2020-10-12,34.324920654296875,34.46949879037666,33.704078831055966,33.9592188174962,22757200
2020-10-13,33.857173919677734,34.537548508233776,33.77212506843201,34.47801593450274,23438300
2020-10-14,33.92518997192383,34.37593726567285,33.814628151922726,33.89117045126502,16439100
2020-10-15,33.99324035644531,34.018753383312834,33.46594734312155,33.568005939153906,15451400
2020-10-16,34.15481948852539,34.273884575679624,33.63603311368454,33.916689314216924,21292500
2020-10-19,33.42341613769531,34.34192380511464,33.304351049906955,34.146316411708,19600500
2020-10-20,33.33837890625,33.60202216817007,33.19379751759736,33.542489609395794,16564900
2020-10-21,33.21929931640625,33.653036804840156,33.151260282145394,33.43191643205183,17016300
2020-10-22,33.01519775390625,33.134262863926985,32.64099265894379,33.04071077911614,20399000
2020-10-23,33.01519775390625,33.14276936851757,32.87061961867561,33.108749838717095,15556100
2020-10-26,32.03715515136719,32.68351319589341,31.594914271572236,32.65800017244236,29146500
2020-10-27,31.356779098510742,31.892575271469983,31.118648907986866,31.790519938999825,37911500
2020-10-28,30.370237350463867,31.050611680696857,30.344724326917852,30.889023791104247,34561500
2020-10-29,30.353229522705078,30.676408566784474,30.00453745345236,30.200144883103306,35332000
2020-10-30,30.531824111938477,30.557337131830824,30.183132114861976,30.276680935894,29151200
2020-11-02,30.531824111938477,30.91453238744469,30.336213478496312,30.77845754088509,23483100
2020-11-03,31.195194244384766,31.748000233758702,30.872015208553194,30.923044501878444,27342900
2020-11-04,31.101633071899414,31.7224746933037,31.042100535893518,31.492847806875282,30121900
2020-11-05,31.662954330444336,31.722486889338132,31.390804562849503,31.48435665376294,23149700
2020-11-06,31.918092727661133,31.977625283562517,31.535384366661077,31.94360899753385,19475300
2020-11-09,32.48790740966797,34.21435796114333,32.41986835134339,33.95071147655688,42649500
2020-11-10,32.93014907836914,33.193792298838986,32.46238869828272,32.496408224885485,31514500
2020-11-11,33.448936462402344,33.55099180085393,32.69201657306768,33.1767834860636,27332800
2020-11-12,32.887630462646484,33.49996910242834,32.65800671700964,33.1512769868373,29368300
2020-11-13,35.20942306518555,35.3114784517647,34.49502887056698,35.03932859136546,49106400
2020-11-16,36.1789436340332,36.221466425298544,35.166883682800716,35.498569240944775,34572600
2020-11-17,35.61763381958008,36.0173519446117,35.39651011746977,35.651650105513156,23140900
2020-11-18,35.14136505126953,35.92379791172102,35.09033576332253,35.63463843524902,21327700
2020-11-19,35.013797760009766,35.18389216313976,34.673612198030675,34.86921962613185,22177700
2020-11-20,34.84370422363281,35.2008995259801,34.801178192541364,34.91174003367391,19776300
2020-11-23,35.413516998291016,35.54959186378348,34.886227300042805,34.894730559763275,19651400
2020-11-24,36.23847579956055,36.32352138117337,35.63464373497893,35.838754428562105,22849700
2020-11-25,36.144920349121094,36.40006031449405,35.89828364340561,36.383050550898425,22617700
2020-11-27,36.31501770019531,36.553147921378454,36.26398840524995,36.45109257576867,10769500
2020-11-30,36.5871696472168,36.61268267408024,36.06838313911924,36.093896165982684,34741600
2020-12-01,37.02941131591797,37.48015872939631,36.57866065815872,36.57866065815872,23942500
2020-12-02,37.32707977294922,37.38661233683898,36.86782578498701,36.901845319861565,17422200
2020-12-03,37.51417922973633,37.539692255527406,37.08043832560203,37.23352296891049,27710700
2020-12-04,37.74380874633789,37.85436736176078,37.32707757931855,37.32707757931855,17319800
2020-12-07,37.718284606933594,37.837352947160824,37.34407955620392,37.66725856254532,14086800
2020-12-08,37.735294342041016,37.871369200777124,37.36108929158684,37.59921948330491,13348500
2020-12-09,38.00745391845703,38.12652228948234,37.726800868886535,37.82035296683716,22679800
2020-12-10,37.692771911621094,37.93940860923844,37.51417426615221,37.87987606074882,17741500
2020-12-11,37.692771911621094,37.70127841527994,37.182491997629846,37.369592902476995,14577700
2020-12-14,37.62473678588867,38.194549258700235,37.54819447297422,37.65024980876662,16112300
2020-12-15,38.032955169677734,38.10099096768162,37.53968184595919,37.75229898667647,18159400
2020-12-16,38.032955169677734,38.390150408828326,37.87136406639333,38.01594540910674,16192000
2020-12-17,38.118019104003906,38.21157121010347,37.93091489180476,38.194561441332496,16141600
2020-12-18,38.645294189453125,38.755856022069544,38.075481752661645,38.186043585278064,41027000
2020-12-21,38.169036865234375,38.23707267545768,37.480156037644555,37.820344821603136,19865300
2020-12-22,38.00745391845703,38.33063300839154,37.79483669376248,37.79483669376248,16024000
2020-12-23,37.74380874633789,38.101004108684855,37.71829247454081,37.97343572682432,12032600
2020-12-24,37.87987518310547,37.92239796757276,37.616228728559456,37.80333287335214,5720500
2020-12-28,38.20306396484375,38.5602626135639,38.03297276898631,38.21157047120558,13458400
2020-12-29,37.96492004394531,38.48370643989954,37.871367973293836,38.24557625589974,11829000
2020-12-30,37.82884979248047,38.322123227105784,37.79483026368958,38.04997348534038,11043100
2020-12-31,38.0584716796875,38.135013987138535,37.55669505179303,37.743799190957866,15105500
2021-01-04,37.689815521240234,38.041335515201226,37.166821641558485,37.98989563889964,24392500
2021-01-05,37.70695495605469,37.78411802415364,37.19253668245606,37.44974581925537,17763700
2021-01-06,38.06704330444336,38.4700030114824,37.62978490944245,37.835554143076585,21823100
2021-01-07,38.547183990478516,38.675790230128186,37.869863900096306,37.89558711038176,18218800
2021-01-08,38.63290786743164,38.93298461826096,37.93844032475213,38.13563408538158,20936300
2021-01-11,38.89012145996094,39.39596752007546,38.598616895308645,38.710075388714664,25058200
2021-01-12,39.258792877197266,39.37882360292888,38.54717747379986,38.838682066544635,20145000
2021-01-13,38.89012145996094,39.413115232183436,38.7357953215808,38.830106102878844,19367300
2021-01-14,38.710086822509766,39.09589901182575,38.45287433550893,38.47002205268183,22333500
2021-01-15,38.95014190673828,39.13876349398195,38.47859120922122,38.54717879602394,30271700
2021-01-19,38.74436950683594,39.121612651155885,38.38427734608526,38.864403497678,28868800
2021-01-20,38.87297058105469,39.010148996151564,38.701496744535746,38.86439836099487,16499400
2021-01-21,38.67578125,38.78723974711067,38.341409029259765,38.7529443217548,17488400
2021-01-22,38.38427734375,38.487160351016534,37.92129890516287,38.36712963077361,14643400
2021-01-25,38.607181549072266,38.72721223971047,38.33282475030179,38.61575703874129,16581300
2021-01-26,38.804378509521484,38.881541569982176,38.38427105747318,38.487154047890336,13087800
2021-01-27,39.18162536621094,39.833222062406435,38.650059382162645,38.787237806129674,29634500
2021-01-28,38.87297058105469,39.6703211408651,38.83867515963262,39.36166888924927,21166000
2021-01-29,38.22137451171875,38.89869110691379,38.135635956851914,38.452860433380586,22608100
2021-02-01,38.924407958984375,39.12160169712298,38.28995583883289,38.51286950394016,16776900
2021-02-02,39.29308319091797,39.38739069843916,38.9501355015246,39.02729856810853,16520900
2021-02-03,39.24164962768555,39.57602190757481,39.04445580289425,39.22450191197426,13173600
2021-02-04,40.51054000854492,40.570555361725084,39.24163883037788,39.327374114751976,22285700
2021-02-05,41.2221565246582,41.445070233023905,40.72488270282398,40.78489805779135,25488600
2021-02-08,41.95949935913086,42.3024471368124,41.63370256798503,41.63370256798503,25215400
2021-02-09,41.582237243652344,41.865169499935966,41.50507419835596,41.81372637954149,24795000
2021-02-10,40.50196838378906,40.64771902348609,39.293082541029584,39.56743937976992,44540900
2021-02-11,40.79347610473633,41.07640518579619,40.467676106935244,40.59627904538364,18589900
2021-02-12,40.54484176635742,40.887786228036205,40.219041747759405,40.6648724914746,15239800
2021-02-16,39.8760871887207,40.5191116236989,39.781779685554014,40.5191116236989,18539000
2021-02-17,39.653175354003906,39.781781555280546,39.32737537587024,39.71319070910859,13296300
2021-02-18,39.7303352355957,39.78177836610063,39.17304610219514,39.77320287572083,16867500
2021-02-19,39.16447830200195,39.96182892655493,39.07874301207672,39.90181356948893,25117700
2021-02-22,38.95014190673828,39.16448343020896,38.4271480661751,38.83011117688944,21435800
2021-02-23,39.01873016357422,39.25021940536875,38.667210189869664,38.80438863642285,19714900
2021-02-24,39.21591567993164,39.267355538096794,38.61575892680575,38.78723275206903,17823600
2021-02-25,39.02729034423828,39.64459474683071,38.787228974603835,39.08730568664689,21916700
2021-02-26,38.47000503540039,39.25020783338354,38.37569426796432,39.07873727869016,22144900
2021-03-01,39.370243072509766,39.6274554754098,38.77008952065384,38.77008952065384,17394100
2021-03-02,39.02729034423828,39.50741635409804,38.941551804661074,39.37881018002766,14833000
2021-03-03,38.692928314208984,39.03587275024476,38.58146981896629,38.95013745888375,16851100
2021-03-04,38.2042350769043,38.98443810695442,37.85271510227935,38.70150572048957,24653500
2021-03-05,39.653175354003906,40.07328611032823,38.812957111946815,38.96728324524215,33197600
2021-03-08,40.73345947265625,41.496518002134636,39.610312043748166,39.64460747058601,34824500
2021-03-09,41.05925369262695,41.47078894483425,40.913503055020634,40.999238339425354,26512700
2021-03-10,41.40220642089844,41.830889436387736,41.31646785544547,41.55653256812194,19841500
2021-03-11,41.83945846557617,42.07952315993737,41.35076012685002,41.59082155061961,21976600
2021-03-12,41.856605529785156,42.002359442384275,41.55652875471573,41.84803330932241,15196500
2021-03-15,42.36245346069336,42.38817339381957,41.925198244589296,41.925198244589296,15523600
2021-03-16,42.585365295410156,42.6453839210359,42.17383003063651,42.17383003063651,17282300
2021-03-17,42.371028900146484,42.533930543898094,41.916625937243474,42.533930543898094,18326900
2021-03-18,41.83945846557617,42.49963065153415,41.59939704180658,41.59939704180658,18416900
2021-03-19,41.9937858581543,42.19955513511073,41.42792443476374,41.7622966480502,65366800
2021-03-22,43.12552261352539,43.19411348482963,41.95950396609545,41.95950396609545,28813900
2021-03-23,42.876869201660156,43.45130608191749,42.78256169559811,42.88544469258767,28328200
2021-03-24,42.56822967529297,43.254121925376836,42.542506467382665,42.81686336741621,26444700
2021-03-25,43.30555725097656,44.06861577404356,43.11693894613707,43.365575882734454,34537700
2021-03-26,45.071720123291016,45.13173546801516,43.34841629368592,43.38270844024901,31997000
2021-03-29,45.02886962890625,45.38896183433239,44.82310031823972,44.9259866088691,25032800
2021-03-30,44.385841369628906,44.83167211381179,43.87999526282449,44.67734596118726,22465100
2021-03-31,44.334388732910156,44.62589326203336,44.19721032335755,44.437274993018065,22212400
2021-04-01,44.565887451171875,44.6430505274732,44.02574591706263,44.36869364964449,17896200
2021-04-05,45.256683349609375,45.69707321058359,44.58314475257647,44.58314475257647,19860900
2021-04-06,44.928558349609375,45.092627847506144,44.71268020525178,44.885383379545665,15126100
2021-04-07,44.704044342041016,45.02354305773021,44.53997814620903,44.91128550582469,15783600
2021-04-08,44.82493591308594,44.90265217360951,44.42772093442719,44.85084023524748,15111300
2021-04-09,44.98036575317383,45.03217768844772,44.62632576389911,44.75585395506446,13135800
2021-04-12,44.53133773803711,45.04081022622527,44.444987808800605,44.96309397229695,16441700
2021-04-13,44.60905456542969,44.799028365038566,44.332730835474244,44.591783920552636,13353200
2021-04-14,44.358642578125,44.62633267745278,44.16003506986475,44.479533818453916,15376600
2021-04-15,44.591793060302734,44.85084619847791,44.35864424773327,44.69541365676493,17869800
2021-04-16,45.59345626831055,45.921591918525905,45.127158759168495,45.29122823129545,28327900
2021-04-19,45.63663864135742,45.73162555242425,45.3257768788284,45.360314878638896,20245600
2021-04-20,44.7213249206543,45.58483764763025,44.55725539434349,45.412134443427135,21257500
2021-04-21,44.84220504760742,44.96309627233806,44.453623758088355,44.76448878970361,14015500
2021-04-22,44.47089767456055,44.98037022628309,44.36727708774688,44.738587759038175,15564800
2021-04-23,44.82493591308594,45.014909726374434,44.19457215285647,44.470895902709415,14016800
2021-04-26,44.591793060302734,44.70405062799308,44.47090181542361,44.600430031530884,13778200
2021-04-27,44.358642578125,44.61769570654972,44.34137193035812,44.53998273265763,13601000
2021-04-28,44.134117126464844,44.70403515075137,43.97004767032715,44.52269834621435,14984000
2021-04-29,44.436363220214844,44.557254472443866,44.021877515126945,44.19458071575679,13916600
2021-04-30,43.96141815185547,44.23774186890118,43.529661932216726,44.22910819388537,19930200
2021-05-03,44.185935974121094,44.3845467610464,43.87507422049838,44.22047726698106,13465900
2021-05-04,43.788719177246094,44.23774608373691,43.43467917517203,44.134125503481755,18164800
2021-05-05,44.151397705078125,44.255018288984836,43.76281639787925,44.03050647484714,16205300
2021-05-06,45.28260040283203,45.515749204465806,43.99596844949357,44.099589041095506,27106800
2021-05-07,46.137474060058594,46.353352189370476,45.0926247047584,45.31713650986567,24146000
2021-05-10,45.90433120727539,46.75057318806773,45.90433120727539,46.603777622336075,23845600
2021-05-11,45.619361877441406,45.861144296431924,44.99763189256475,45.85250732773175,20220900
2021-05-12,44.5572509765625,45.273968050030206,44.444996704894,45.058089889690194,22123300
2021-05-13,45.325775146484375,45.60209889864185,44.79903196454701,44.99763945553276,15864000
2021-05-14,45.679813385009766,45.9561371264312,45.42075699514319,45.70571770638089,14789400
2021-05-17,45.71435546875,45.8956956166751,45.489843644039624,45.55892293855084,15731000
2021-05-18,45.705718994140625,46.05975900368935,45.541652797436214,45.593461441638176,20177200
2021-05-19,45.30850601196289,45.47257221589338,44.78176281245045,44.79903345929141,29187900
2021-05-20,45.63663864135742,45.740262522906185,43.261979040843215,43.529669127118886,48830800
2021-05-21,45.27397155761719,45.705727911747395,45.10990532890195,45.56756601018731,24468400
2021-05-24,46.102935791015625,46.43107149141106,45.58482956431888,45.73162512073531,21128900
2021-05-25,46.033851623535156,46.26700038907255,45.88705278862404,46.08566026429544,20657200
2021-05-26,45.688446044921875,46.292905451105895,45.610729788497665,46.06839035741872,18671200
2021-05-27,45.697078704833984,46.06838933349253,45.403487624910994,45.70571567426624,56216100
2021-05-28,45.679813385009766,45.9561371264312,45.62800144822869,45.921595835243814,14863500
2021-06-01,45.438026428222656,46.0424858317166,45.273960240518925,45.73162080740321,15741700
2021-06-02,45.73162078857422,45.757528403282166,45.248055901209156,45.46393402422249,14529300
2021-06-03,46.051116943359375,46.249724396064856,45.438020648268704,45.59345314065357,17593100
2021-06-04,46.69013214111328,46.776482094820985,46.14611820944391,46.14611820944391,11676700
2021-06-07,46.56059265136719,47.00961954889411,46.44833839751455,46.90599897070752,14899800
2021-06-08,46.74193572998047,46.966447545890375,46.534691266492175,46.603773852334605,15329700
2021-06-09,46.64695358276367,46.99235666511444,46.577870989869915,46.78511547451185,14860900
2021-06-10,47.51909255981445,47.562270820716876,46.862824498986754,47.00098636937357,22183500
2021-06-11,47.29458999633789,47.79542563908117,47.0959824747294,47.65726374169963,17134000
2021-06-14,46.7764778137207,47.087342889080624,46.22383025487609,46.966451647338275,15131400
2021-06-15,46.44834518432617,46.90600582439035,46.39653324064297,46.82828955588518,12542600
2021-06-16,46.17202377319336,46.56060184160115,45.87842933201539,46.500156217891515,15477900
2021-06-17,45.87842559814453,46.24109931088568,45.7748017138992,46.1202080733053,18288400
2021-06-18,44.96310043334961,45.62800552493912,44.799034226608995,45.60210120125353,35758300
2021-06-21,45.92159652709961,46.12020401336106,45.1530709038152,45.22215019319189,17682200
2021-06-22,45.99068069458008,46.07703393300879,45.60210265078817,46.02522198995157,16451200
2021-06-23,45.55892562866211,46.01658956973396,45.41213006038349,45.999318921576595,14749800
2021-06-24,45.57618713378906,45.80933589608257,45.42939159495908,45.714348997292035,13974300
2021-06-25,45.81797790527344,45.93886913738133,45.46393788522644,45.56755847074192,16682700
2021-06-28,45.73162078857422,46.01658149209041,45.697079498322786,45.90432394579263,14008700
2021-06-29,45.688446044921875,45.930228489779985,45.56755482249282,45.67117539971219,10926100
2021-06-30,45.76616668701172,45.82661230401861,45.4380309846607,45.72299171686952,15826400
2021-07-01,46.146114349365234,46.284276240164196,45.76616997317791,45.80934494642022,15074800
2021-07-02,46.554786682128906,46.624347580949006,45.946113061682205,46.25044821340337,15066000
2021-07-06,46.06786346435547,46.39828697272651,45.51136280836565,46.27655286885443,19394500
2021-07-07,46.31132507324219,46.34610718853687,45.79830048216342,46.14611500110007,14411600
2021-07-08,46.31132507324219,46.71131276512086,46.00698985692643,46.22437310201057,15691800
2021-07-09,46.728702545166016,46.89391261279115,46.337412051311766,46.39827909291076,14673400
