Date,Close,High,Low,Open,Volume
2016-07-01,69.14836883544922,69.55863979937119,68.66971068268774,69.42188498511032,2734300
2016-07-05,67.66968536376953,68.83213093059442,67.19103360842084,68.60135426887732,2990700
2016-07-06,67.92610168457031,67.94319359333355,66.88331917922423,67.56711291027946,2387300
2016-07-07,67.84062957763672,68.52441679238127,67.55856417249868,68.07995542885433,2167500
2016-07-08,69.20821380615234,69.31077830659456,68.37911598149421,68.56715959382583,1974900
2016-07-11,69.22530364990234,69.5757497389964,68.79793418777231,69.20821174071895,2314700
2016-07-12,70.44757843017578,70.63562203117719,68.70391029517221,69.48172582274343,3866600
2016-07-13,70.90912628173828,71.38777789743268,70.45611578529333,70.66980047389107,2772600
2016-07-14,71.49034881591797,72.35363678280999,71.2766641275583,71.43906657747618,3588100
2016-07-15,71.29375457763672,71.76385692674624,70.84073761124394,71.76385692674624,2774600
2016-07-18,71.64420318603516,71.72967575850366,70.05438855779191,71.12281201649628,2489100
2016-07-19,71.16557312011719,71.21685537490437,70.49032850714046,70.7894858619678,2487600
2016-07-20,70.78092956542969,71.33651118089952,70.72964731577237,70.97752239101708,2297600
2016-07-21,70.2766342163086,71.4732699944128,70.1826124145271,70.9946117704869,3083900
2016-07-22,68.48169708251953,70.25954940364373,68.24236466360013,70.25954940364373,4753500
2016-07-25,66.60125732421875,67.60984954463015,65.70378534067936,67.55001807906086,7436300
2016-07-26,67.51583862304688,68.37057770962703,67.14830055497174,67.25087159297237,4139800
2016-07-27,67.05426788330078,67.95174638744021,67.0029856331696,67.83208345637371,2496500
2016-07-28,66.81492614746094,67.14827373639905,66.50721967749665,67.07989959284852,4712400
2016-07-29,66.42176055908203,66.82348889406869,65.9260104213904,66.04567334826211,3753900
2016-08-01,66.40470123291016,66.65257642338125,65.96878234476142,66.45598350640637,1898600
2016-08-02,66.41321563720703,66.618357686083,66.12260751634402,66.12260751634402,3483400
2016-08-03,66.93458557128906,67.19100978997847,66.42174365504903,66.46448319854352,1865300
2016-08-04,66.44743347167969,67.31927123727813,66.16537444976824,67.01156455778968,2235500
2016-08-05,66.96024322509766,67.37906998713096,66.42176005823534,66.72946658819677,2460100
2016-08-08,67.45597839355469,67.51580984326544,67.02006634043589,67.1397292398574,2698600
2016-08-09,67.43034362792969,67.95173481930355,67.00297422655042,67.52436541792429,3067900
2016-08-10,66.79784393310547,67.68677313962222,66.66108258388441,67.50727875962461,1780500
2016-08-11,66.66110229492188,67.07137994276012,66.6012708172311,66.91752663996353,2773000
2016-08-12,65.81490325927734,66.86623510272112,65.66959919377877,66.6610930466914,3812300
2016-08-15,66.90896606445312,67.22522183349842,65.78071087585647,65.9431133682231,2667300
2016-08-16,66.79784393310547,67.02862055849094,66.44739786658154,66.83203427041073,1947400
2016-08-17,66.18243408203125,66.93460197544672,66.02003160231753,66.66963500003202,2764600
2016-08-18,65.76362609863281,66.38758196757158,65.58413167656242,65.95166973731844,4041200
2016-08-19,74.63578796386719,75.29393393713383,65.7636020181594,65.7636020181594,23735600
2016-08-22,75.18282318115234,75.58455145580949,74.02037790513403,74.27680215057374,7998100
2016-08-23,75.29395294189453,75.75551276948651,74.58452455093246,75.55892645769082,5280000
2016-08-24,74.7212905883789,75.584578905662,74.6614591121994,75.0973778793026,3796000
2016-08-25,74.61016082763672,74.96060039252056,74.30245429590727,74.61016082763672,3044600
2016-08-26,74.14006042480469,75.20848419484625,74.01184826817146,74.64435983525772,3031600
2016-08-29,74.30245208740234,74.4050231019769,73.80670196533568,74.07167545603488,2007600
2016-08-30,73.26823425292969,74.40503878310746,73.08873983045028,74.36229922107549,2918900
2016-08-31,72.26818084716797,73.07163102597255,71.72969113501713,73.07163102597255,4440300
2016-09-01,71.41343688964844,72.49895241097647,71.26812632223773,72.225436226939,2996600
2016-09-02,71.84080505371094,71.96046797452223,71.57583156808012,71.75532594929707,2071200
2016-09-06,72.19979095458984,72.34509499251031,71.64420940362002,71.73823119783675,2906700
2016-09-07,71.81515502929688,72.13995996456727,71.60147031762526,71.96900828254604,2186600
2016-09-08,71.43910217285156,71.78099914880906,71.15703667860095,71.68697731739219,2234600
2016-09-09,70.28517150878906,71.25102396554013,70.26807308165264,71.11426263300585,3112100
2016-09-12,71.02025604248047,71.50746350302099,69.89200089223127,70.10568562918105,3635300
2016-09-13,69.31077575683594,70.69545515213318,69.10564024235724,70.43048817421733,3166300
2016-09-14,68.86630249023438,69.59282914105701,68.6782589173096,69.18255818298415,2452900
2016-09-15,69.75524139404297,69.90054544039316,68.74664924213775,69.04580654966468,2149400
2016-09-16,70.04588317871094,70.14845424254537,68.96891635359454,69.40482870231831,3596000
2016-09-19,70.18260955810547,70.69545157895172,69.99456596219582,70.33646281647336,2073700
2016-09-20,70.49031066894531,71.25102768777495,70.31081630147153,70.60142436657966,1918200
2016-09-21,70.986083984375,71.10574693520176,70.3706707966135,70.80658303699312,2020100
2016-09-22,71.93482971191406,72.00320386856771,71.10573192679784,71.27667710014248,2790600
2016-09-23,71.23392486572266,71.92626769314572,71.09717005561906,71.60146279201368,2561300
2016-09-26,71.43910217285156,71.65278696768219,71.11429711117785,71.17412859288473,3409600
2016-09-27,70.986083984375,71.41345352908252,70.77239921202124,71.13138806450154,2797900
2016-09-28,72.39802551269531,72.46690379617729,71.20129325372322,71.21851610889104,3389500
2016-09-29,72.19999694824219,73.10400620868573,71.86422358147026,72.39801377039302,2725500
2016-09-30,73.48284149169922,73.6033752133441,72.47552114569763,72.50996029025262,3157800
2016-10-03,73.48284149169922,73.8702769414965,72.52717657823253,72.84573373891982,2679600
2016-10-04,72.92320251464844,74.24907976000854,72.880158518885,73.6550226971596,2126300
2016-10-05,73.2848129272461,73.85304230024356,72.75962755162749,73.1814955100674,1782800
2016-10-06,73.43120574951172,74.05970224253294,73.2245773953702,73.29344913435274,2029200
2016-10-07,74.30078125,74.61933194865095,73.28484913586999,73.42259919157374,2922700
2016-10-10,75.32530212402344,76.91807498257508,75.16172437838142,75.26503525592459,3719800
2016-10-11,74.94647979736328,75.58358758602263,74.53321660802484,75.05840209702374,2008100
2016-10-12,74.85175323486328,75.43720542733305,74.55902385433151,75.01533092505474,2167700
2016-10-13,74.33519744873047,74.70541008417193,74.14579198497088,74.42990346490824,2437100
2016-10-14,74.3868637084961,75.15311674239904,74.33520169852089,74.8001203767198,1800700
2016-10-17,74.4471206665039,74.67097183033232,74.30075922302186,74.41268152063834,1118700
2016-10-18,74.56765747070312,75.00674838786928,73.87888766215212,75.00674838786928,1882000
2016-10-19,74.52458190917969,74.84313898833867,73.99939658416831,74.47292648986496,1915300
2016-10-20,74.13717651367188,74.4298994069193,73.46562957636725,74.37824397130989,1951800
2016-10-21,74.41268920898438,74.47295607832704,73.41397358148184,73.56894646959098,1394900
2016-10-24,74.64513397216797,75.06700856238469,74.19743823453211,74.73983997661702,1323400
2016-10-25,74.49017333984375,75.32530466061948,74.23188956869208,74.32659558869322,2039000
2016-10-26,74.93787384033203,75.30808648143528,73.71531360918958,73.93915822485496,2192600
2016-10-27,74.90342712402344,75.42000116978039,74.63653195691134,75.32529516172215,1998000
2016-10-28,75.04978942871094,75.42000203666784,74.61930995753293,75.05840085734123,2483100
2016-10-31,76.02268981933594,76.4962133748433,75.59221027691297,75.6955211631927,2536400
2016-11-01,75.84188079833984,76.13461029578349,75.23060065110315,75.86771508788199,2998300
2016-11-02,75.90214538574219,76.35845258548596,75.63524364037471,75.64385506921768,3101700
2016-11-03,76.02268981933594,76.26375731211736,75.65247715010831,75.87632178277876,2201100
2016-11-04,75.81605529785156,76.22070712077691,75.48889320862939,75.99685591836354,1974200
2016-11-07,76.62533569335938,77.29688252823615,75.96240028596922,76.62533569335938,2572300
2016-11-08,76.61675262451172,77.1074990753797,76.2895905134654,76.44456342261303,1915300
2016-11-09,77.5810317993164,80.06059185908735,76.77172807271322,77.09028533221807,7834700
2016-11-10,78.08897399902344,79.06186181469856,77.45186621636049,77.99426798920382,3479300
2016-11-11,78.43338012695312,78.47643071347034,77.2194310966155,77.8909782072615,3176800
2016-11-14,78.88106536865234,79.20822742156867,78.32144070901991,78.32144070901991,2727800
2016-11-15,78.5625228881836,78.82941812426363,78.20952648173201,78.64000605920151,2368400
2016-11-16,78.5625228881836,78.79497896983442,78.1320433107141,78.22674934324516,1725500
2016-11-17,79.01020812988281,79.24267074885914,78.3386611303444,78.57972861032269,1954200
2016-11-18,79.17378997802734,79.37181344102645,78.80357734001717,78.94133393490281,2398500
2016-11-21,79.46649932861328,79.55259389431065,78.63136824730081,79.42344876146744,2756100
2016-11-22,79.2168197631836,80.18970082696585,79.07045177738739,79.85392742581116,5414000
2016-11-23,87.96417236328125,88.24829038684324,84.86472152682826,85.69124131197604,20485400
2016-11-25,89.4708480834961,90.25432384218162,86.78466049622041,87.54230197006314,6584700
2016-11-28,87.55950927734375,89.29003834298689,87.55090441854057,89.10062635180478,4903500
2016-11-29,86.397216796875,87.05154734324691,85.9581259568075,86.70716249944093,5902400
2016-11-30,86.2680892944336,87.88669642062159,86.2680892944336,86.57803506035913,5146400
2016-12-01,88.42047119140625,88.7132006158234,86.22503006695402,86.91379320520394,6152300
2016-12-02,87.38734436035156,88.20525283776361,87.04295942353731,87.85226303976135,3282400
2016-12-05,87.20655059814453,88.29996579719669,86.99131081679911,88.0933374463122,3462100
2016-12-06,88.26551055908203,88.67877375413777,86.66413292080462,86.81909922928043,3039300
2016-12-07,88.55823516845703,88.87679233402532,87.84363768733088,88.20523885780607,4921100
2016-12-08,89.4708480834961,90.20266184109119,88.07609885736301,88.30855487218679,4334100
2016-12-09,89.21257019042969,89.38475935574523,88.47214495610078,88.87679672004747,3164300
2016-12-12,88.17940521240234,89.23838750455933,88.10192206762237,88.68737435747443,1712500
2016-12-13,87.24098205566406,88.17081940551647,87.12044831423093,87.98140736366547,2605900
2016-12-14,86.56942749023438,87.37011959904882,86.39723175422307,87.206535291987,2140800
2016-12-15,87.30123901367188,87.67145162563641,86.1389457426283,86.56942521846632,2751000
2016-12-16,87.61119842529297,88.23969487962107,86.87077308588981,86.87077308588981,3717800
2016-12-19,88.03306579589844,88.67878510491481,87.30125189273252,87.38734648688207,1849000
2016-12-20,89.22979736328125,89.6258377466903,88.05889250424735,88.47215574744608,2093100
2016-12-21,88.75627899169922,89.14371456507295,88.42050543593369,89.14371456507295,1907500
2016-12-22,88.75627899169922,88.96291392493745,88.45494459147339,88.68740724921709,1858600
2016-12-23,88.7820816040039,88.94565932370021,88.46352445538281,88.67876417425235,1003800
2016-12-27,89.45365142822266,89.64306348040303,88.77349295384614,88.77349295384614,1752700
2016-12-28,89.54891204833984,90.34559353173586,89.32376063546727,89.58354462870541,2745300
2016-12-29,89.37568664550781,90.00784004012287,89.21981365825665,89.4016643755918,2130300
2016-12-30,89.22848510742188,89.60950947603027,89.00333374353984,89.20250737442548,1793900
2017-01-03,90.10310363769531,90.7265890319618,89.5835225656849,89.78269619085526,3379100
2017-01-04,91.6358413696289,92.22469414109074,90.1463898531815,90.35421829994827,4439000
2017-01-05,91.22887420654297,92.0082394384302,90.96042875151781,91.48000337052606,2328300
2017-01-06,92.2160415649414,92.44119292452989,91.28081016116586,91.61853389717466,2633300
2017-01-09,91.09031677246094,92.06018755523849,90.7958869942969,91.73978664596342,2195000
2017-01-10,90.83050537109375,91.22884600943887,90.60535401663861,90.92576145925754,1745100
2017-01-11,91.54060363769531,91.64452118528249,90.89979527777908,91.01236766593712,1235300
2017-01-12,91.07296752929688,91.2981188701995,90.05113495965851,91.06431269034671,2166000
2017-01-13,91.60987091064453,91.79172164184223,90.8911228253767,91.4106972869055,1360500
2017-01-17,90.35421752929688,91.54058450768495,90.14638908430273,91.54058450768495,2438800
2017-01-18,91.13358306884766,91.48862966289781,90.44947421744999,90.89111544693398,1941200
2017-01-19,90.94310760498047,91.53196061299572,90.8565129346032,91.2981543423021,1526100
2017-01-20,92.43254089355469,92.6836700112249,90.96041197672763,91.33277492958366,2843900
2017-01-23,92.7615966796875,92.91746967523287,92.18139871436739,92.4758284200631,2073100
2017-01-24,93.23788452148438,93.52365282406645,92.11214081265123,92.11214081265123,2277800
2017-01-25,93.57560729980469,93.93065396410084,93.15995032478557,93.36777881229513,2181200
2017-01-26,93.2032470703125,93.59293292836836,92.59707787789056,93.4803539306695,1560000
2017-01-27,93.51498413085938,93.51498413085938,92.74428054306561,93.35045628400606,1220700
2017-01-30,92.70966339111328,93.28986153655211,92.18142733148592,93.28986153655211,2420700
2017-01-31,92.70101165771484,92.78760632797162,91.48000500481989,92.06019656296507,1645800
2017-02-01,92.78756713867188,93.40239762659296,92.35458736350938,92.91746239257003,1375100
2017-02-02,93.03006744384766,93.1599627433874,92.32864207578221,92.78759974163982,1167600
2017-02-03,93.51498413085938,93.592923937683,92.9001535499648,93.09932718362691,1895100
2017-02-06,93.57560729980469,93.65354711183859,93.04737133037533,93.31582334210486,2022300
2017-02-07,94.18177032470703,94.30300414322933,93.584256071456,93.9479575270229,1755900
2017-02-08,93.87870025634766,93.99993409356661,93.30716364653097,93.7661212598239,1605900
2017-02-09,94.49352264404297,94.55413955736279,93.60157862412551,93.87869206415675,2715500
2017-02-10,95.46339416503906,95.59328943960203,94.51950127626118,94.60609592372045,2757800
2017-02-13,95.90504455566406,97.14336729139767,94.83991113128182,95.2295969919455,2704100
2017-02-14,95.29886627197266,95.61926712809577,94.44156142431001,95.15164810393836,3521100
2017-02-15,94.49352264404297,94.96979650391357,93.79209081077296,94.45888346403906,5231900
2017-02-16,94.53681945800781,94.7359930972298,93.48900900722697,94.5195031708681,4757900
2017-02-17,95.4893798828125,97.12604990835679,93.33314192906961,96.78831952355497,6717800
2017-02-21,94.91786193847656,95.48939201752351,93.99994658986355,95.46341427848722,3355000
2017-02-22,94.95247650146484,95.1862826989065,94.12981087374897,94.21641212374374,4206300
2017-02-23,93.28984069824219,94.99577574496108,92.4152195578191,94.86588707631996,4170700
2017-02-24,94.06053924560547,94.10383326391141,92.72696059627344,92.8914884366325,2166400
2017-02-27,94.83126068115234,95.03042773775303,94.00859489727185,94.08653471571272,1835200
2017-02-28,94.81393432617188,95.79247310448608,94.31168267562212,94.31168267562212,2812500
2017-03-01,96.3120346069336,96.7969699032033,95.87039332968916,95.87905477619339,2859800
2017-03-02,94.85721588134766,96.32068972729094,94.71865917337192,95.92234249523442,2348400
2017-03-03,95.97431945800781,96.13019247529616,94.2683777151155,94.75331305479102,1886800
2017-03-06,95.98297882080078,96.17349102943463,95.00444664806646,95.17764256807396,1688700
2017-03-07,95.46339416503906,96.07822475077246,95.2728819765798,95.97431381652058,1640000
2017-03-08,95.66255187988281,96.38995472558237,95.38544509008102,95.63657415064311,1892600
2017-03-09,94.891845703125,96.03491200424213,94.22505317353769,95.72316604877865,2125600
2017-03-10,95.1863021850586,95.2555805565377,94.2857031760778,95.10836897220648,1876800
2017-03-13,95.15164184570312,95.83575074678609,94.69268429849816,95.40277093142328,1450700
2017-03-14,94.57147216796875,94.90053452468322,94.07787532952246,94.64941198811775,1504100
2017-03-15,95.93968200683594,96.39863961970322,94.53682482592677,94.90052633724628,2580000
2017-03-16,95.88771057128906,96.35532294699031,95.61925859946352,96.29470603852921,1378900
2017-03-17,95.64524841308594,96.2167849994163,95.45474282439083,95.89637752464792,4122200
2017-03-20,96.01760864257812,96.28606064072704,95.1689718409088,95.6539071561484,1360200
2017-03-21,94.91786193847656,96.54586411666276,94.51085974224264,96.34669704621818,2261800
2017-03-22,95.05638122558594,95.46338328970114,94.47618988628217,94.9957643185952,1650600
2017-03-23,94.84856414794922,95.8703968502903,94.61475793773262,95.13433243235139,1046500
2017-03-24,94.3722915649414,95.46339603646445,93.81807127549149,94.84856543867815,1844700
2017-03-27,92.79623413085938,93.51497557946335,92.59706051541053,93.18591330909945,3473100
2017-03-28,93.80941009521484,93.99126082817834,92.92612755596606,92.92612755596606,1864900
2017-03-29,94.20124816894531,94.33186686856796,93.48720680702364,93.73973452134926,1615000
2017-03-30,95.06334686279297,95.28975222760111,94.26222836398858,94.33189257524415,1091300
2017-03-31,94.79341125488281,95.67290369775627,94.37543260926076,94.7411664155095,2257900
2017-04-03,94.7237319946289,95.14171057386156,94.01840020093945,94.88918281775868,1642000
2017-04-04,95.3506851196289,95.46388445457934,94.47990260712088,94.85433935324106,1266700
2017-04-05,95.13299560546875,96.69169720025728,94.85434544929974,95.78608253182207,1322800
2017-04-06,96.16922760009766,96.56107709283751,95.08945244742384,95.45518616999719,1616300
2017-04-07,95.1939697265625,96.51755658009769,95.16784730709496,96.1169973133233,1334700
2017-04-10,95.46389770507812,95.96895322688546,95.07204817747768,95.3071565653291,1040200
2017-04-11,96.79621124267578,96.98777786227639,95.23750936218072,95.80351282059908,2846700
2017-04-12,95.2200927734375,96.83103953882056,95.15913824642988,96.64817595779769,2088200
2017-04-13,94.04451751708984,95.41164588562431,94.00968541708049,95.00237701494405,2341200
2017-04-17,94.74115753173828,94.90660172208865,93.82683306716939,94.38413344671123,1981400
2017-04-18,94.45380401611328,94.81082148163942,93.89650359903956,94.06194780053191,1690500
2017-04-19,94.23613739013672,94.90663737745393,93.9487774054806,94.741193124948,1458200
2017-04-20,94.74115753173828,95.04593013874639,93.40015141735803,94.04452873553869,2014000
2017-04-21,93.64398193359375,95.32459298223674,93.20859053905977,94.95015611719569,2025100
2017-04-24,96.0037841796875,96.29984708258759,94.86306106956367,94.92401558742806,2711400
2017-04-25,98.529052734375,99.38241596385825,97.15321462891292,97.24900124660611,3326100
2017-04-26,98.00660705566406,99.07766618210078,97.96306525813111,98.47682392258301,2208100
2017-04-27,96.81361389160156,98.11978784769789,96.25631353515068,97.96304670722456,2635100
2017-04-28,97.18804931640625,97.40574497267568,95.64676034963396,96.65687138362532,2297700
2017-05-01,97.50151824951172,98.21555963861474,97.46668615205019,97.7453362881991,1808400
2017-05-02,96.5959243774414,98.34619945015098,96.15182334392367,97.7714796840051,2653300
2017-05-03,96.47400665283203,96.65687020464254,95.60322403837579,96.08215049020025,2013100
2017-05-04,97.55377960205078,97.60602443532304,96.15181899852689,96.67428726188272,3691000
2017-05-05,98.49423217773438,98.52035459588636,96.98777517670344,97.17934843454441,1505800
2017-05-08,98.08495330810547,98.51163492963718,97.71922620393543,98.34619075025213,1460400
2017-05-09,98.90352630615234,99.30408565479209,98.2591421577112,98.36363850048323,2059700
2017-05-10,98.87739562988281,99.41727674695157,98.68582233922773,98.83385382980813,2164900
2017-05-11,98.80770111083984,99.38241416304108,97.78017739346778,98.7902817387327,1627000
2017-05-12,98.49423217773438,98.55518670127061,97.84985483698779,98.43327765419814,1421400
2017-05-15,99.09505462646484,99.24308606219664,98.63353430473195,98.93831350523604,2527900
2017-05-16,99.96585845947266,100.10518023939663,99.12119816194107,99.35630657211368,3202000
2017-05-17,98.59871673583984,99.96584515230164,98.44197560207475,99.96584515230164,2769900
2017-05-18,98.11109161376953,98.85125562833721,96.76138232686264,97.69311961089271,3278700
2017-05-19,105.2776107788086,106.4444561975432,103.62312261837789,104.81609709397944,11097700
2017-05-22,105.98296356201172,106.67088270484385,104.59842223254019,106.3051555585923,4423500
2017-05-23,106.34868621826172,106.80149693182747,105.39082659985748,106.11357781803903,3719400
2017-05-24,106.91468811035156,106.9495202120803,106.05261518408369,106.20064663377275,1990100
2017-05-25,106.60992431640625,107.48070700080277,106.28773233150348,107.10627018077048,2792200
2017-05-26,106.92340850830078,107.62003068203107,106.54897168163576,106.93211819549153,2132000
2017-05-30,106.46190643310547,106.80151119185115,106.10488229806512,106.23550104609319,3261600
2017-05-31,106.63603973388672,107.28912670431244,106.33126714306356,107.14980493859794,2341900
2017-06-01,108.58659362792969,109.70120099876554,108.0815447408125,109.06552674209918,4198000
2017-06-02,108.76947784423828,109.7186278646418,108.36020888368071,109.62284122946684,2428400
2017-06-05,109.13519287109375,110.10176215959537,108.52564102018088,108.52564102018088,2098400
2017-06-06,108.89136505126953,109.50091020413343,108.53434100206076,108.67366940474045,2051300
2017-06-07,109.10037231445312,109.4312673701114,108.66498093638134,108.89138631317132,2144800
2017-06-08,109.7186050415039,109.97113278684057,108.9871508634616,109.10035020714609,2267000
2017-06-09,109.67509460449219,110.62425134230773,109.12650381415196,109.95374484390169,2395400
2017-06-12,109.7186050415039,110.06691940209048,108.31664455671229,109.62281842625401,1997300
2017-06-13,110.0843505859375,110.28463353600355,109.71862343560295,109.71862343560295,1171200
2017-06-14,110.09305572509766,110.1975520395383,109.6663740673349,110.08434603800809,1836700
2017-06-15,110.04080200195312,110.19754313918219,109.2048514845795,109.45737259787907,3859900
2017-06-16,111.37310791015625,111.64305506295234,110.18013322749826,110.22367501962351,4207100
2017-06-19,110.5806884765625,111.78236615941772,110.15400683203009,111.78236615941772,2089800
2017-06-20,109.75343322753906,110.65904787534765,109.75343322753906,110.26719174233446,2204300
2017-06-21,108.65625762939453,110.06692790920664,108.09024758013722,109.97985097321575,1850600
2017-06-22,107.85513305664062,109.08293306445917,107.5503604762278,108.83041195750567,1979900
2017-06-23,107.62873077392578,108.38631404690663,107.41103511837838,107.8115943273603,7209800
2017-06-26,107.41104125976562,108.42985539152907,106.44447196238659,108.12508278504572,1714400
2017-06-27,106.23550415039062,108.2121782306845,106.18325930707095,107.92482494888064,1465800
2017-06-28,108.04692840576172,108.22194303064593,106.33175971165251,106.98807456953827,2375100
2017-06-29,106.6817855834961,107.99441517555788,105.81544524574218,107.96815697555797,1817800
2017-06-30,108.15193176269531,108.80824660390834,106.98807185165953,107.27684530774461,2305600
2017-07-03,109.34205627441406,109.82335652335536,108.32695939898363,108.67699533672454,1681900
2017-07-05,109.91082763671875,110.14710465433151,108.60695104138907,109.16700568675395,2293000
2017-07-06,109.46456146240234,109.7970985882192,109.11453222147065,109.63958275924801,1851900
2017-07-07,110.82093048095703,110.97844628483081,109.42954644372087,109.49954827492574,1584600
2017-07-10,112.13357543945312,112.44860709070478,110.84719730957218,110.88220156819789,3103800
2017-07-11,112.06358337402344,112.71115223909767,111.41602118532987,112.01982637522252,1834800
2017-07-12,108.05565643310547,112.88612974505477,108.03815096879165,112.71111516018748,4848200
2017-07-13,108.87825775146484,109.42956650427804,107.85440817678317,108.15193437398777,2894800
2017-07-14,109.7970962524414,110.06837091130643,108.74698852284645,108.9657601319646,1777000
2017-07-17,110.15587615966797,110.27838772437269,109.39455524705714,109.78834146555381,1573400
2017-07-18,110.33963775634766,110.64592332852686,109.68332297547084,110.16462315199885,1869400
2017-07-19,110.53214263916016,110.90842999554717,110.12960376336588,110.56714689049596,1474300
2017-07-20,109.91082763671875,110.89092660429631,109.69205608223628,110.47963501364879,2074100
2017-07-21,110.0421142578125,110.34839316102756,109.04451630083811,109.15827512878103,1455800
2017-07-24,110.74217987060547,110.82968717001955,109.99835113463821,110.19087119917661,1291200
2017-07-25,111.92355346679688,112.66737558196502,110.96970580568659,111.94980499094477,2128000
2017-07-26,111.85355377197266,112.16857876296896,111.1359831243666,112.05482660027754,1959300
2017-07-27,112.39611053466797,112.4748651138411,111.41601126566185,112.13358191799739,1472900
2017-07-28,112.80738067626953,112.90364070554604,112.06355196342756,112.39608903779327,1261200
2017-07-31,112.25607299804688,113.3586769634543,112.14230750261518,112.81612771340968,1273300
2017-08-01,112.90363311767578,113.28867320890461,112.16855051044043,112.45733057886206,1592200
2017-08-02,112.8686294555664,113.24492351540259,112.2735771691841,112.92989190709504,1513000
2017-08-03,113.33242797851562,113.46369894220366,112.74612172843139,112.83363570422341,1657600
2017-08-04,113.54244995117188,113.71746454451427,112.9736491846197,113.41993840055645,1214800
2017-08-07,113.7262191772461,114.19875989470074,113.4636906218793,113.91872587490762,1535200
2017-08-08,115.52890014648438,115.7039147406014,113.54245045372416,113.54245045372416,3955100
2017-08-09,115.87017059326172,115.94892514907886,114.79380491940282,114.89882434658183,1394200
2017-08-10,111.81851196289062,115.73889434385124,111.78350771422768,115.73889434385124,2991500
2017-08-11,110.87345123291016,112.45735558080379,110.68968387843464,111.94981051070084,2305700
2017-08-14,112.50983428955078,113.0348779752465,111.90601602478124,112.10728877970442,2146500
2017-08-15,111.29349517822266,112.08107431991512,110.37465173351816,110.95221199621922,2158300
2017-08-16,110.81217956542969,111.99355145204372,110.68092195703156,111.8447817018944,1919400
2017-08-17,108.49321746826172,111.17097978143958,108.16068035523,110.68967957909344,4123300
2017-08-18,102.65636444091797,103.6189646437978,98.77098608422675,101.01120471701292,11364600
2017-08-21,101.96505737304688,103.60147123192368,101.53626693594293,102.79639340166106,4809100
2017-08-22,102.80517578125,102.84017336972012,101.8513279241083,102.35887974987615,3052600
2017-08-23,101.90379333496094,102.49885226482199,101.46625020054483,102.428850437363,2778200
2017-08-24,101.0199966430664,102.07009786551436,100.8449753217379,102.07009786551436,2738700
2017-08-25,101.36997985839844,101.73752112794347,100.68741370640835,101.58000534853208,1861100
2017-08-28,101.4749984741211,101.97379735838464,100.73117651357062,101.89504280231161,1471500
2017-08-29,101.41376495361328,101.45752194528329,100.22364688508836,100.63493857182,2578300
2017-08-30,101.06371307373047,101.1949773516113,100.59991841141287,101.0024573009032,1809800
2017-08-31,101.44876861572266,101.89506455789267,100.66118950494601,101.46626740646012,2067700
2017-09-01,101.63252258300781,102.08757119883256,100.99371332130201,101.4925122464008,1815500
2017-09-05,101.09872436523438,102.51636664756917,100.89745824466534,101.52751480487962,3225100
2017-09-06,101.70254516601562,102.20134416015252,100.74869749307129,101.3787607859557,3147900
2017-09-07,101.79879760742188,102.17508500833924,100.42491229270112,101.67628605143753,2881400
2017-09-08,102.64762878417969,103.19017803380746,101.42250659162276,101.65003090593248,3000600
2017-09-11,103.19892883300781,103.77648232604564,102.35884677634814,103.67147624169988,2759600
2017-09-12,102.61261749267578,104.35403729385393,102.16632162731612,103.70647532594468,3726300
2017-09-13,102.70887756347656,103.22517525635595,102.14007015463875,102.52511024856805,2562100
2017-09-14,103.58396911621094,103.89900072252345,102.51636274774947,102.70888280453809,1802800
2017-09-15,104.1440200805664,104.52905350393397,103.58396539532407,104.18777038875125,6627100
2017-09-18,104.91411590576172,105.06287900269469,104.03027670545308,104.135289484901,2009700
2017-09-19,107.70561981201172,107.95939563170822,104.92284520382248,105.01035249562649,3947000
2017-09-20,108.46696472167969,108.60698176081365,107.55688067282848,107.7231425613252,2173300
2017-09-21,109.1932601928711,109.24576323094254,108.08190360329696,108.34442547003239,1742400
2017-09-22,108.2919692993164,109.22831171630374,107.88067751941318,109.01829279674631,1864300
2017-09-25,108.30944061279297,108.43195885086111,107.73188706145729,108.2306860415842,1605200
2017-09-26,107.88066864013672,108.88701950627437,107.7931613205553,108.51073202333178,1057900
2017-09-27,107.91564178466797,108.42319343881523,107.37308587750584,108.07315758504544,2517800
2017-09-28,108.74224853515625,109.24348617581573,107.62545154221735,108.0739294446034,2861100
2017-09-29,110.43943786621094,110.48340879613176,108.86538055217981,109.04125085381912,3093400
2017-10-02,111.93437194824219,111.95195629631833,109.99097609823508,110.53617810588857,2628100
2017-10-03,112.64664459228516,112.81371264550658,111.66175352807507,111.8552081628289,1590000
2017-10-04,112.84891510009766,113.05116529849327,111.69694235693042,112.47958340031398,1400300
2017-10-05,112.56748962402344,112.93682125087805,112.2245445782482,112.7609509644772,1415700
2017-10-06,112.67301177978516,112.83129099703113,111.91675083515904,112.22453387052597,1496400
2017-10-09,113.12150573730469,113.19185654291404,112.33007594675475,112.75217407138875,988100
2017-10-10,112.77855682373047,113.42048949148364,112.52354017865652,113.42048949148364,1123200
2017-10-11,112.35646057128906,112.76096765710956,111.6177972082314,112.56750628801663,1868000
2017-10-12,112.99837493896484,113.68427839822495,111.97830856743484,112.20694529019516,2751500
2017-10-13,112.47956085205078,113.45565636939331,112.01349184734758,113.45565636939331,2023200
2017-10-16,112.31246948242188,113.1038924080966,112.30367395619727,112.82250265911684,1249300
2017-10-17,113.16544342041016,113.6315056298558,112.36521833700716,112.36521833700716,1777100
2017-10-18,113.19185638427734,113.71948071658589,112.78734260710155,113.02477489844482,1701000
2017-10-19,113.01596069335938,113.07750924807837,112.14538476601625,112.76973963840112,1637600
2017-10-20,113.56996154785156,113.58755260136724,112.67301908918762,113.4380621915899,1384900
2017-10-23,113.9568862915039,114.50210161607643,113.13028119576978,113.68428533823895,1337400
2017-10-24,115.21439361572266,116.39273936814917,114.56365875549551,115.63648501309086,3153800
2017-10-25,114.80984497070312,115.75956038974498,113.73701903908395,115.54850804616694,1498300
2017-10-26,116.19926452636719,116.76205746353969,114.79227547441492,115.11764957577859,1786900
2017-10-27,117.1753921508789,117.22815190664865,115.4870128760186,115.98824397387685,1658300
2017-10-30,116.33995056152344,117.62381548809932,116.33995056152344,116.84118145481834,2708100
2017-10-31,116.85001373291016,117.38642686564238,116.24324979709327,117.21054314890891,1319800
2017-11-01,118.07235717773438,118.47685761457416,117.17540100771417,117.7206030826055,1558000
2017-11-02,118.22179412841797,118.749404905241,117.11378600281238,117.89643347847507,1641000
2017-11-03,118.74064636230469,118.74064636230469,118.00198303560106,118.35372364316162,1056500
2017-11-06,118.98684692382812,119.44412036912733,118.41526518073543,118.72303480469235,2432000
2017-11-07,119.33861541748047,120.20038925473433,119.18911157793694,119.18911157793694,1234200
2017-11-08,118.39765167236328,119.4880686295602,118.29213221193879,119.37374693540752,1271200
2017-11-09,115.4430160522461,118.01075979557741,114.99454481072668,117.83488950976839,2879200
2017-11-10,116.27843475341797,116.55103576722225,115.39028089908057,115.73323272580942,2990800
2017-11-13,115.99705505371094,117.11383908408558,115.31115134033006,115.63651213774114,1820300
2017-11-14,116.85001373291016,116.95553322851528,115.69804784574184,116.12013924620605,1591300
2017-11-15,116.31360626220703,116.97312997793144,115.51338093346412,116.33118390030108,1764800
2017-11-16,118.37132263183594,118.9517067494461,116.63018369705044,116.75329425975154,2065800
2017-11-17,119.39134979248047,120.04207108683934,117.62381814732818,117.84365932364737,1965000
2017-11-20,120.40265655517578,121.1940931215508,119.71675291514464,119.75192161189571,2564500
2017-11-21,122.43396759033203,123.42765419124181,121.30838162560373,121.84479473520418,5917200
2017-11-22,127.72775268554688,128.38727636550666,125.18638864215687,127.97397378595504,8094200
2017-11-24,127.94758605957031,130.06685857477044,127.93879724153929,128.50159021050916,1964900
2017-11-27,130.82308959960938,130.87584933449043,127.78928408158524,128.16740446025972,3880800
2017-11-28,131.35951232910156,131.73763273577862,129.46008122447446,130.18995558647586,3992800
2017-11-29,130.53289794921875,131.20121028936398,129.41610102544038,130.95498924730836,2421800
2017-11-30,131.78155517578125,132.5641889886445,130.14593678487154,130.9813303171131,3726400
2017-12-01,131.8519287109375,132.33558191882315,129.2050327087082,132.12452958682613,2022500
2017-12-04,132.7576904296875,134.26139655934963,132.7137195108816,133.654646184774,1893800
2017-12-05,132.49392700195312,134.13833530859446,132.13338412056848,132.49392700195312,1802600
2017-12-06,131.42103576660156,133.11821640881217,131.39465590224938,132.37075113739672,1411100
2017-12-07,132.88079833984375,133.2061589801398,131.0253383142426,131.1660398844399,1434300
2017-12-08,133.2941131591797,134.0679584488834,132.82805090552856,133.4963632987917,1084000
2017-12-11,133.0742950439453,133.29413627409428,132.3971802980342,132.608232709473,1537200
2017-12-12,132.84567260742188,133.40846565213073,132.24769744976862,132.99516304232404,1699200
2017-12-13,133.61949157714844,134.84180823043957,133.0127276596796,133.38205930117297,1608200
2017-12-14,131.41226196289062,134.1734665641659,131.29794025894586,133.98879407456593,1420300
2017-12-15,132.66981506347656,133.66350197058563,132.38842519460727,132.4323961354439,2555900
2017-12-18,135.45738220214844,136.01138646026232,134.0328151590503,134.10316597103662,1985100
2017-12-19,135.84426879882812,136.28395119317005,133.6810389327693,135.72115826513405,1841200
2017-12-20,135.74752807617188,136.51258450990295,135.42216742224215,136.24877240923846,1430000
2017-12-21,137.0578155517578,137.4447382594469,135.64203750846474,136.28397013637962,2315600
2017-12-22,138.5263671875,139.02761167747755,136.3983055005697,137.2336995658206,1714700
2017-12-26,139.59915161132812,139.60794042817895,137.89318187939605,138.89565714007227,2407200
2017-12-27,139.44967651367188,139.90694998285534,139.13310463778217,139.48484520297407,1781500
2017-12-28,139.20249938964844,140.04990165082296,138.84942297107688,139.89100783416436,1237600
2017-12-29,138.15208435058594,139.4584967830141,138.1167820949269,139.42318105835253,1258200
2018-01-02,139.47616577148438,139.52030370059336,138.18742444313366,138.29334469779127,1897600
2018-01-03,140.11172485351562,140.43833477846493,139.14957988346208,139.3702560767224,1392300
2018-01-04,140.91494750976562,141.3209975109343,138.89356010719186,140.52655537012652,1747000
2018-01-05,141.51522827148438,141.6476285929077,138.222729942702,141.05621804220814,1574400
2018-01-08,142.21258544921875,142.2743677876706,140.26180171482287,141.2769204203168,2711800
2018-01-09,146.17591857910156,146.51133724030277,142.57448142042156,143.00699814726144,4345200
2018-01-10,145.5933074951172,148.68277377794894,144.85183881979856,147.18217856294575,5473700
2018-01-11,147.8177032470703,147.89714342045076,144.56052144845293,145.76100012143112,1958200
2018-01-12,149.44186401367188,150.70412489460827,148.25904329957746,148.69155985393988,2316500
2018-01-16,147.8883514404297,150.5982615531355,146.84676627553694,150.19221143202105,2046100
2018-01-17,147.79119873046875,148.85927703505686,146.87319203422024,148.8239747836246,1960400
2018-01-18,148.20614624023438,148.69163662549101,146.75851075356493,147.37641495425947,2185900
2018-01-19,150.3422393798828,150.3422393798828,148.3737986147993,148.76219075623285,1613900
2018-01-22,150.39515686035156,150.41280124795875,148.92986454906531,150.05972492984074,1401000
2018-01-23,148.8769989013672,150.13926033501303,148.6739670940901,149.97154426335229,1365000
2018-01-24,149.7067108154297,150.43934380648642,148.3473381409547,149.80380886360646,1448700
2018-01-25,149.29180908203125,151.29553850119743,147.33220411050223,150.94246210609356,1651300
2018-01-26,151.375,151.78987219374292,149.30063903128536,149.61841319098204,1554500
2018-01-29,149.3359375,151.7810326815544,148.96520323458404,151.37499616328992,1487600
2018-01-30,148.74453735351562,149.53014385623732,147.2527779932032,148.0736867512035,1712700
2018-01-31,146.89971923828125,150.5717741398425,146.67022085781065,149.54783342265623,1969800
2018-02-01,148.16200256347656,148.63865721784057,144.99308216997872,146.52017113554666,1721300
2018-02-02,145.61094665527344,148.23256674417965,145.3990927171083,147.1115416775202,2568700
2018-02-05,138.60227966308594,146.58192329768207,138.55814173941272,143.96912523186876,3549600
2018-02-06,142.89222717285156,143.22764576712817,133.6856110482711,135.892372582475,3377400
2018-02-07,142.5038299560547,144.90478749801224,142.03599760484266,142.26549594745512,2378800
2018-02-08,135.63641357421875,142.30965925324614,135.59227564341987,142.2920013871255,3051300
2018-02-09,136.75743103027344,138.71703651778398,131.16992220045796,137.1811389787655,3895300
2018-02-12,140.53541564941406,141.55052062662304,137.62248756093905,138.35513404921335,2343100
2018-02-13,142.3802490234375,142.6538852835377,139.07892910160925,139.4849791278566,1795900
2018-02-14,144.12802124023438,145.54035413707444,141.0208969485891,141.19744866244764,2854000
2018-02-15,147.24395751953125,147.78240788385034,143.8720328289293,145.64626429053627,3026200
2018-02-16,149.5655059814453,154.70284099992776,143.00700220330444,146.31714525895256,6626900
2018-02-20,145.4432373046875,150.02447622636132,144.45459901693516,149.21237616067094,3750400
2018-02-21,143.0775909423828,147.21747783232678,142.9716706963471,145.4697264277185,2753300
2018-02-22,144.90478515625,146.35242010941758,143.66899067930026,143.88084462452096,1908800
2018-02-23,146.74085998535156,146.75850438477136,143.76613546423926,145.66395898442784,2038800
2018-02-26,147.8177032470703,148.56799399955548,146.20235237665835,147.4557911652235,1770000
2018-02-27,144.39279174804688,147.87947154000588,144.39279174804688,147.87947154000588,2281800
2018-02-28,142.0006561279297,145.575611732614,142.0006561279297,144.69290731017344,2781400
2018-03-01,138.41688537597656,143.74842790163711,137.47239859975272,141.8947431325231,3697000
2018-03-02,135.3274383544922,137.9314141976632,133.9769014111424,137.30470148225413,4169500
2018-03-05,139.06124877929688,139.67915265018073,133.32367003366548,134.6477266672727,3093400
2018-03-06,139.9175262451172,140.85320460191585,138.9906970250618,139.99697990972666,2394000
2018-03-07,139.37905883789062,139.7498066435889,136.80156287634694,137.73722765024246,2589100
2018-03-08,142.16839599609375,142.4243878642279,137.454756821309,139.19368590303716,3508000
2018-03-09,148.23257446289062,148.3031924459562,142.75980873083716,142.9981427400581,3828000
2018-03-12,144.79002380371094,148.33849980585856,143.70430099694272,148.25905963026628,2260900
2018-03-13,142.3978729248047,146.8025590333446,141.82410701301322,145.61091623623844,2732300
2018-03-14,141.4181671142578,143.4395555398088,140.26181230640032,143.3689375269543,2243000
2018-03-15,140.8796844482422,142.7156984880368,140.48245653282908,142.04484772230438,1320700
2018-03-16,144.65762329101562,144.74588566298314,140.67661722391728,140.9855691983093,3818700
2018-03-19,140.81787109375,143.8190615024395,139.31727588940524,143.57190527908878,2798600
2018-03-20,141.2239227294922,143.04229216538934,140.50892064433472,141.40928316456683,1499400
2018-03-21,139.511474609375,141.62113821410247,137.46359332714363,140.25294329335358,2901100
2018-03-22,133.8003692626953,138.02851850869365,133.47377286008899,135.7070144936482,3768800
2018-03-23,130.6403045654297,135.69819907221557,130.2872280488011,133.959269616358,2940600
2018-03-26,135.3539276123047,135.65404396033102,131.4347168166536,133.63265624097255,2463800
2018-03-27,134.31234741210938,138.57581263503567,133.20013089456063,136.14837476375703,2691400
2018-03-28,134.24143981933594,136.1467760536186,131.85756200683971,134.24143981933594,2655000
2018-03-29,137.64443969726562,138.09639633409208,134.27688068205595,135.0567266325218,3526700
2018-04-02,134.5427703857422,137.2545378014004,132.3006739466874,136.81143819695097,2150600
2018-04-03,135.6239471435547,135.77461293778032,132.7172142594087,135.31378547400223,1957400
2018-04-04,131.66262817382812,132.18548248243764,127.23163195375977,128.78248063078368,4478100
2018-04-05,134.1173553466797,135.79227093991486,132.3183724325502,132.85895437123054,2963400
2018-04-06,128.84454345703125,132.75268645774423,126.75311211735472,132.3361716151831,3294000
2018-04-09,126.69105529785156,130.66122429475,126.48721972692623,129.97884706139425,3629600
2018-04-10,131.1663055419922,132.47788976226764,128.8887812057618,129.42936312190045,2597400
2018-04-11,127.97600555419922,129.5445681059636,127.83421046361316,128.73813726319412,2309000
2018-04-12,133.16026306152344,133.9755645567415,129.0748849407338,129.0748849407338,3258100
2018-04-13,132.91209411621094,134.70221950376072,132.0258953036862,134.44522779794968,2634900
2018-04-16,132.02597045898438,134.06423159252807,131.41449076668843,133.966749126766,2608100
2018-04-17,132.17660522460938,134.83520282367488,132.17660522460938,133.54135956463261,1957800
2018-04-18,132.72604370117188,134.44527212791374,132.40701148257725,133.45271993543867,2022000
2018-04-19,131.24607849121094,133.39067846785093,129.82815466950865,132.77919898877087,2290300
2018-04-20,130.2357940673828,132.81462254533182,129.65089955802455,131.44988221248437,1896700
2018-04-23,129.42050170898438,130.99794843898223,128.78245084142665,130.49280849602394,1245200
2018-04-24,122.39297485351562,132.1766082955631,121.77263810378628,131.4322041958879,5467900
2018-04-25,122.29547119140625,123.97924400902474,120.61169837378775,122.35751161678436,3067300
2018-04-26,120.8155517578125,122.50819566009272,118.4848432800374,122.33981563012489,4071600
2018-04-27,121.90554809570312,124.00583567110687,120.81552697050535,121.1434163159109,2602000
2018-04-30,119.9293212890625,122.68540092670014,119.83183885085701,122.06506428463089,2533400
2018-05-01,119.96477508544922,120.71804977487531,117.13779762213434,119.42419306090632,2378800
2018-05-02,119.41532135009766,122.18912868893572,119.27352625749667,120.00021596533352,2585000
2018-05-03,121.2940444946289,121.78145661570755,116.32246790427196,120.52305574458255,3716900
2018-05-04,121.67510223388672,122.5169884191017,119.76976663332543,120.62938058141512,1934700
2018-05-07,124.26284790039062,125.63645930952592,123.42096139876774,124.06788300245782,1840900
2018-05-08,125.90232849121094,126.4606247993743,124.26285454070975,124.64391371100655,2189300
2018-05-09,128.64065551757812,128.96854483428064,125.92001798197607,126.91257009906948,2332600
2018-05-10,129.92562866210938,130.7143451870911,128.10006098781386,128.9153623995224,2413800
2018-05-11,130.5548553466797,132.04366331481538,129.51799052033357,130.1028851602404,2487000
2018-05-14,130.0497283935547,131.70691651680858,129.1989712392486,131.46765247662276,3483900
2018-05-15,128.96856689453125,129.78386852573934,127.00120361314762,128.79132976119496,3135000
2018-05-16,130.58148193359375,130.80303177499968,129.04834729498762,129.04834729498762,1887400
2018-05-17,130.1028594970703,131.24606366069006,128.86218643501698,130.53710182995007,4095700
2018-05-18,137.5823974609375,139.2218710521713,129.48253898223,129.82815605814713,7788800
2018-05-21,140.31192016601562,143.02368753912378,138.33569974743136,141.34877160147894,4922000
2018-05-22,137.44064331054688,141.26903069701197,137.27226328350403,140.3207909751719,2462000
2018-05-23,138.7610321044922,138.85851452910586,135.63275091778394,136.23535970825202,2005000
2018-05-24,140.178955078125,140.59546970104984,138.1938779193247,140.4979872675499,2426800
2018-05-25,140.9056396484375,141.2512567142294,139.63838158130832,139.7535782550233,2096700
2018-05-29,137.36972045898438,140.80817736511597,136.04042178154077,139.16870358733868,3350500
2018-05-30,137.43179321289062,138.38001946088724,136.6608041257755,138.05213003714007,2870600
2018-05-31,132.49560546875,137.42288318742763,132.4513063373288,137.28994522619385,4754600
2018-06-01,135.93409729003906,136.51012137188414,133.3995669897323,133.55021923387136,2655900
2018-06-04,134.29457092285156,136.58096563205183,133.97553878849055,136.23534861335423,1737000
2018-06-05,136.87342834472656,136.9797814164094,134.6224889085666,134.99469085364865,1872200
2018-06-06,140.50686645507812,140.51572357781703,137.16589214634334,137.48492435516582,2468100
2018-06-07,140.59547424316406,142.0665679153891,139.7270029581319,140.40938001467651,2192300
2018-06-08,139.23959350585938,140.56003498776573,138.29136753287736,140.13466322055535,1390300
2018-06-11,138.84963989257812,139.79787922494543,137.70644923891228,139.01801985046185,1925100
2018-06-12,139.6561279296875,140.5511977711508,138.73448671648023,138.73448671648023,2548600
2018-06-13,135.88975524902344,139.93969128401523,135.5264104034133,139.93969128401523,2386100
2018-06-14,133.0894012451172,136.3860636451702,132.93874899034887,135.59734682766077,3072100
2018-06-15,131.82212829589844,133.10711440507384,129.1103609630979,131.6626189338873,5991000
2018-06-18,130.97137451171875,131.2815496422919,129.96110795926208,130.61690023877233,2947200
2018-06-19,126.08842468261719,128.4988876570037,125.43263238791612,128.4988876570037,3752500
2018-06-20,127.92284393310547,128.3659434776991,124.84773201183981,126.41629466362721,2609600
2018-06-21,125.8490982055664,127.44425889561266,124.68817983518663,127.14295452147108,2784400
2018-06-22,126.87714385986328,128.8179223634983,126.6112813827865,127.3291006052647,2315000
2018-06-25,123.75773620605469,125.76941255561528,122.87153683895848,125.60103251229432,3705200
2018-06-26,123.75773620605469,125.06932100543412,122.93357728537323,124.09449629269659,1832500
2018-06-27,123.51844787597656,127.0277891085632,123.29689807767546,124.89204580758218,2433700
2018-06-28,124.16859436035156,125.11263688369529,122.29832528286002,123.42938791915154,1619900
2018-06-29,124.5069808959961,127.10755420286947,124.31104608065107,124.78306715681933,1906200
2018-07-02,125.71825408935547,125.86965584937064,122.79706034289266,122.95736329246084,1867400
2018-07-03,124.89887237548828,126.46633758285078,124.56043698258054,126.28821869854137,1580700
2018-07-05,124.41795349121094,125.56684559322593,122.97517266408681,125.18387702935372,3014900
2018-07-06,124.66728973388672,124.95229078420105,122.8148236756377,124.62275662107534,2059600
2018-07-09,128.62161254882812,129.8239388484159,125.01464723966517,125.4599512632754,2149800
2018-07-10,128.7374267578125,130.28707643355102,128.0605557825671,129.44100130409785,1531900
2018-07-11,125.94977569580078,126.96506822358063,125.29072091511601,126.61773166380328,2396600
2018-07-12,125.39762878417969,127.1699302847881,125.20169390628301,126.29713811299494,1681700
2018-07-13,122.52986145019531,125.42433771428304,122.4407952062292,125.30855431504726,5103500
2018-07-16,121.36318969726562,122.85050383990381,120.60616725101589,122.57441745750317,3726400
2018-07-17,122.9039077758789,123.00187520247268,119.67099628788488,119.991615721319,2704800
2018-07-18,123.9815673828125,124.23093657933767,122.35175282649313,122.7258066212809,2397700
2018-07-19,124.95236206054688,125.84297046641021,123.03754583417722,123.23348077063562,2303400
2018-07-20,122.16474151611328,123.96377412601896,121.65710184075446,123.04644864439479,2832100
2018-07-23,120.7040786743164,121.85297039053603,120.49032790186699,121.56796936060347,2789900
2018-07-24,124.54264068603516,126.45745636616365,120.52600281367941,121.89753338802467,5146300
2018-07-25,125.86079406738281,126.88498836035438,121.25633637116412,124.3111304550055,4371300
2018-07-26,127.11646270751953,128.43457219383544,125.8607158872727,126.42178962751977,3585300
2018-07-27,125.39762878417969,128.1139863281092,124.3645200806521,128.1139863281092,2321400
2018-07-30,123.08204650878906,127.01853299368119,122.77034180271428,126.1902739176972,2994500
2018-07-31,128.95114135742188,129.80613111641247,124.68513452005315,124.80981911098915,4856500
2018-08-01,126.38617706298828,129.10253402017608,125.77165540501478,127.89130666826277,2198500
2018-08-02,126.54647827148438,128.22972672570006,124.99682916132944,125.48665265408958,1343200
2018-08-03,127.67753601074219,128.24752446477956,126.47521003304621,126.59989458269199,1873700
2018-08-06,128.18524169921875,129.01351445640304,127.16104762519042,127.30354820980763,1472900
2018-08-07,130.13568115234375,131.25785631376988,128.70180123799148,128.70180123799148,1549900
2018-08-08,128.96897888183594,130.3138060405786,128.3989901437686,129.96645577605292,2329000
2018-08-09,124.53375244140625,128.21196883933914,123.48282764645256,127.84681619764147,3782500
2018-08-10,122.05784606933594,124.0795303151957,121.00692141679153,123.79452919260687,2413100
2018-08-13,121.93317413330078,122.30722795332744,120.77538073439754,122.01332561124873,2155200
2018-08-14,123.48282623291016,124.35563208691869,122.44081622967452,122.53878367901821,2808800
2018-08-15,120.85550689697266,122.3873537950295,118.29946620073133,122.24485324879164,2563100
2018-08-16,122.32498931884766,123.0107475546504,121.44328268619105,122.4051407610173,2996000
2018-08-17,125.21055603027344,126.81365289944976,117.8452387976203,119.50175637457208,8811200
2018-08-20,125.15713500976562,126.61773151449144,124.45356070372289,126.11899323330687,3509600
2018-08-21,128.0961456298828,128.5948839174778,125.30853834220477,125.33525549406885,1945200
2018-08-22,127.00960540771484,128.43458362093773,126.97398706770399,128.02489796801635,1277900
2018-08-23,125.73601531982422,126.74240658365635,124.59603830840285,126.65335394846281,1414700
2018-08-24,128.92442321777344,129.004588274593,125.82511084558277,126.30604682809577,1945400
2018-08-27,130.2069091796875,131.1687676151553,129.36973534198765,129.36973534198765,1902500
2018-08-28,130.47410583496094,132.25532229687167,129.8239656314524,131.04409455918824,1535200
2018-08-29,130.01983642578125,130.91044421764047,129.73483540938003,130.79466085602792,1687800
2018-08-30,127.64192199707031,130.17124499810078,127.28567070774389,129.69922393064078,1491800
2018-08-31,128.06942749023438,128.39004689972955,126.63554812965857,127.02741780677479,1181300
2018-09-04,126.19915771484375,127.9625578452311,125.56683361078379,127.68647152461898,1698900
2018-09-05,129.03126525878906,129.2182852907402,125.60241971731838,125.60241971731838,2232100
2018-09-06,129.22720336914062,130.16233073199055,128.39002982294218,129.12923596289193,1446700
2018-09-07,131.48048400878906,132.1217229565227,128.26538808098078,129.22724650258124,3136300
2018-09-10,132.35324096679688,134.17007510892242,131.80996960255376,132.25527355391375,1872100
2018-09-11,132.3443603515625,133.29730388900688,130.81251343360685,131.36468607045126,1152200
2018-09-12,131.6140594482422,133.5021442072643,130.53643129412131,132.2196800022082,1949800
2018-09-13,132.58482360839844,133.73371566852887,132.1217171805268,132.55810645254437,1502100
2018-09-14,131.5962677001953,133.6357681652507,130.7858245357441,132.61156054288213,2002200
2018-09-17,132.73619079589844,133.983049966065,131.85449770306667,132.0593337078178,2131000
2018-09-18,132.73619079589844,134.36600482666918,131.7119971825452,133.13697520856482,1529700
2018-09-19,135.71978759765625,136.9310153337864,132.96781142903808,133.00342977880524,2373000
2018-09-20,137.21600341796875,139.62064269145745,136.45898105890666,137.3674051718608,2762200
2018-09-21,136.0937957763672,138.10657839798608,135.9602100225423,137.4831419745404,2514000
2018-09-24,134.97166442871094,135.68415364856878,133.3240339571398,135.45258683809408,1713500
2018-09-25,134.74002075195312,135.69297742766202,133.73364338301207,135.1051731373889,1400000
2018-09-26,135.65745544433594,136.6549323377314,134.25029277566534,134.50856318927543,1784900
2018-09-27,135.2906036376953,137.77775950283916,135.09377717486177,136.3462968006752,1494500
2018-09-28,134.49436950683594,136.1316005283632,134.23491021111465,134.69119598929984,1737000
2018-10-01,134.9685516357422,136.40895631314282,134.3601750902136,135.73796059978432,2670300
2018-10-02,138.51141357421875,138.63666556002394,134.55700019784925,135.21011251445873,2149200
2018-10-03,141.54429626464844,142.1616007716371,138.77978391814025,139.2539530670764,2973700
2018-10-04,141.63369750976562,142.51941629388668,139.28969143543384,141.31161919294303,3882500
2018-10-05,139.9250030517578,141.98272649546377,138.4309205197549,141.80379698980374,1948300
2018-10-08,137.61671447753906,139.03922170438258,136.0510582633375,137.60775913367993,2863700
2018-10-09,134.6017303466797,137.53621702121407,134.2975489155072,136.84733795381322,2107400
2018-10-10,131.9266815185547,134.83432898507948,131.1214786446532,134.19911383960516,2861400
2018-10-11,131.04095458984375,135.09376649250373,130.1731326136377,131.3182972242405,3309500
2018-10-12,132.7855682373047,134.19913408786994,130.48629683868228,133.38498939805748,1881000
2018-10-15,132.8124542236328,134.2975951122637,132.01620629081572,132.45459519932388,1678300
2018-10-16,135.9526824951172,136.27476097968406,132.59770396897997,134.18124400427808,2124500
2018-10-17,135.66639709472656,136.41790907832635,133.68919022561346,135.20116953997456,1516000
2018-10-18,131.694091796875,135.14748368039776,130.3610556910983,134.62857868063656,2491800
2018-10-19,130.53997802734375,133.30447699197205,130.0568534860551,131.98038265365025,1901500
2018-10-22,130.11947631835938,131.47040928848392,129.12640222796122,131.38095139427293,1702300
2018-10-23,124.92147827148438,126.42450169914949,122.27327658517673,124.91252292753752,5166900
2018-10-24,119.78614044189453,125.5745972229489,119.49090072376025,124.9393820139737,3731500
2018-10-25,122.37169647216797,123.74052632955824,120.17978036174459,121.3428420687365,1854400
2018-10-26,118.98990631103516,121.05657092062756,117.7373864420224,120.3318977355957,4771000
2018-10-29,116.80691528320312,121.48598758177609,114.8028837694585,121.13707040561941,3274800
2018-10-30,118.77518463134766,118.95412774524961,115.67070999506109,116.75325576781906,2347600
2018-10-31,121.17284393310547,122.60429282137852,120.43921562735771,120.43921562735771,2018200
2018-11-01,125.83403015136719,126.27241883730287,121.3160042446462,121.8617478530805,2954000
2018-11-02,126.79133605957031,128.80432296104345,126.29926986447754,127.51600915987005,2938000
2018-11-05,127.62334442138672,128.40170851962853,126.92551016188649,127.14917533868628,1576800
2018-11-06,130.14630126953125,130.18208169313834,127.12234354574183,127.42652492644119,1729500
2018-11-07,132.7944793701172,134.00227675951967,130.40573697127644,131.1214682519802,2161700
2018-11-08,131.21987915039062,132.57081185086378,129.76157788627776,132.21295304256736,1899400
2018-11-09,129.5558319091797,130.33418245861978,127.97227842621874,130.2089304891531,2581600
2018-11-12,129.3411102294922,130.56679107952235,128.4285524487967,129.7258077964735,1562800
2018-11-13,131.72096252441406,134.26181066644233,129.76165234385354,129.9048014098868,3540500
2018-11-14,131.7119598388672,134.41383919051364,129.86896083427604,132.75871130308335,1824100
2018-11-15,131.24673461914062,132.18613117503807,127.48916204699104,127.58757527954106,3015400
2018-11-16,132.29351806640625,132.6155965733523,129.9137301749398,130.37000237167854,2327300
2018-11-19,127.55181884765625,132.56191200245794,127.1313271068866,131.76566429893637,2912400
2018-11-20,123.92842864990234,125.6730146318117,121.55756913220463,125.6730146318117,3701400
2018-11-21,126.93448638916016,131.0499181284844,122.17488409111934,122.17488409111934,4987600
2018-11-23,127.79338836669922,128.3301904877773,125.01994714498262,125.03783053795888,1192500
2018-11-26,133.23291015625,133.43867835716532,129.15325831293208,129.70794374646158,4361700
2018-11-27,132.2397918701172,133.25076279890098,131.2019822132629,132.39188254632953,1753800
2018-11-28,135.99737548828125,136.00633083268917,131.55091047535882,132.65135302523902,2421700
2018-11-29,134.1722869873047,136.42683612180977,133.38498108128428,135.85425373146066,2236700
2018-11-30,138.56509399414062,138.9587470011717,134.01125932801418,134.1007308846823,2534900
2018-12-03,145.12295532226562,147.05541255410955,144.15671988062246,144.92612882573965,5132000
2018-12-04,135.6216583251953,144.0404216495034,135.3711543361812,143.98674417349233,3549300
2018-12-06,138.12664794921875,138.216119468797,131.13040923390392,132.1413664176645,4595900
2018-12-07,131.74777221679688,138.42194919585907,130.8978470082376,137.41993325746859,3005600
2018-12-10,131.5419921875,132.54400803581856,128.69697705326314,130.42366605270084,1791400
2018-12-11,131.51510620117188,135.8720988884923,130.56676816381514,134.45853352380385,1818800
2018-12-12,132.53506469726562,135.6216420607363,132.40981271777946,134.32438649074913,1863500
2018-12-13,132.6871795654297,134.61965073051795,132.2040685998798,133.61763471222523,1733900
2018-12-14,133.3134002685547,133.76073066645776,130.89781885016617,130.89781885016617,1967900
2018-12-17,130.6920623779297,134.24386714704963,129.72582699387132,132.67821061436499,2504000
2018-12-18,133.5102081298828,134.95956770008675,132.25768865088037,132.7139606786373,2846200
2018-12-19,130.6920623779297,135.98845312460992,129.108508805325,133.5460327560255,3173200
2018-12-20,129.4037322998047,132.72292973936237,127.57863034871174,129.8331656439254,2822800
2018-12-21,127.92755126953125,131.58671062408285,127.46232383635373,129.3142645728022,3931500
2018-12-24,122.90850830078125,127.34601834053045,122.90850830078125,126.8181717310117,1444700
2018-12-26,128.17807006835938,128.2228058433347,121.79019183312214,123.83895927314953,2267400
2018-12-27,131.26461791992188,131.26461791992188,125.40458765267846,126.32608707400829,2457300
2018-12-28,130.653076171875,133.06325846647002,129.9426201293665,131.65132090971676,1597100
2018-12-31,134.15145874023438,134.21441767823617,131.49846954171122,131.49846954171122,1954600
2019-01-02,133.189208984375,134.5921450565142,131.5074723705709,131.5074723705709,1987700
2019-01-03,129.54693603515625,132.79347895947717,128.33284960243074,132.57763740715285,2047200
2019-01-04,136.40875244140625,136.48069963611982,132.0650520560838,132.20893272298667,2549100
2019-01-07,138.63905334472656,140.23984044808822,135.69827567219318,136.62457336495225,2947400
2019-01-08,141.12120056152344,141.99354148944258,138.51317975430706,139.4214874208148,3124800
2019-01-09,138.79193115234375,142.00249349978634,138.04549458378744,141.96652677037764,3134300
2019-01-10,143.0996856689453,143.37847246227216,136.2378885952906,138.18040789549588,2693600
2019-01-11,142.34425354003906,143.70222070318536,140.84239199969866,141.88560565057134,2039000
2019-01-14,141.56179809570312,142.39815812579388,140.1498607685374,140.4826181087236,1364900
2019-01-15,141.23806762695312,142.76690735491107,140.0779383014734,141.4269169536458,1369100
2019-01-16,141.56179809570312,142.71292524481703,141.12112687357435,141.4179037714344,1457300
2019-01-17,143.9540557861328,145.36598003820635,140.51864926215984,140.95932068635474,2155100
2019-01-18,148.03692626953125,149.45785217744876,145.54580837433576,145.6897027321677,3879800
2019-01-22,142.8478546142578,146.58902567960885,141.53485630198506,146.49010002135364,2076500
2019-01-23,141.74172973632812,144.5206233605616,140.51865481590946,143.4774095738023,1780800
2019-01-24,142.4791717529297,143.0727258744885,141.25611049278507,141.86764112285738,1602100
2019-01-25,145.2400665283203,146.42717458768504,143.77417168236877,144.4576631307994,1826400
2019-01-28,140.7344512939453,142.47013057500504,139.57432196707904,141.27403452194687,2199400
2019-01-29,144.32275390625,144.73644681208353,141.02225380234708,141.6247960719674,2199700
2019-01-30,146.50807189941406,147.20053769795874,143.9540090529805,145.6087528360907,1988800
2019-01-31,147.4883575439453,148.27976287807132,144.0529514094644,146.0764197294271,3118800
2019-02-01,147.38047790527344,147.8121474049649,146.553105646479,147.5603390532677,1704300
2019-02-04,147.947021484375,148.2797789755423,145.99550013952037,147.54233052095316,1907900
2019-02-05,147.67724609375,148.37871413451174,146.59805182563179,148.05495859858132,1574600
2019-02-06,147.2006072998047,148.30678015094583,146.58907663440021,147.59631007037294,1660500
2019-02-07,145.50982666015625,147.30846478025083,143.98997525307314,146.31022007469755,2488100
2019-02-08,146.3642120361328,146.40017876923,144.1159138481738,144.1159138481738,1628300
2019-02-11,145.6357421875,147.7041789321361,145.6267402137817,147.15559371363506,1843900
2019-02-12,148.5585479736328,149.20605892651167,146.5081011970239,146.98473929809828,1894400
2019-02-13,146.31922912597656,147.9380064086915,145.75266736891766,147.38942115517483,2777700
2019-02-14,146.0674285888672,146.9577595721548,144.39469426187148,145.11415239480385,2029700
2019-02-15,142.9827880859375,146.9487759817018,141.47192444550765,143.41445753069277,7578600
2019-02-19,141.42697143554688,142.81193106991654,140.3477908425804,141.08523937666504,2971500
2019-02-20,143.783203125,144.44869075903932,138.34231751622505,141.99355241631258,3349200
2019-02-21,146.45411682128906,147.75812673525485,143.86407349463917,143.86407349463917,2838500
2019-02-22,149.26004028320312,149.28701876710602,146.58906059661615,146.58906059661615,1967200
2019-02-25,148.26174926757812,150.92373987546952,148.1898020919572,150.16830139271022,2502700
2019-02-26,147.30850219726562,148.4326513078636,146.4181711615636,147.00273693258856,1623700
2019-02-27,147.11959838867188,147.2724809786952,146.00445156202653,147.0476512188045,1850500
2019-02-28,147.52432250976562,148.41465349999692,146.13937691415072,146.79587611890486,1778000
2019-03-01,146.86781311035156,149.25101717119162,146.35520831339247,148.25277233235374,1668900
2019-03-04,149.1251220703125,150.20430240734342,147.62324687268926,148.02795150628305,2663100
2019-03-05,145.19508361816406,149.07114721520904,145.15011491318808,148.7294152469402,1965900
2019-03-06,142.3083038330078,145.06920719780808,141.93059133957544,145.01525023053557,2229700
2019-03-07,142.11044311523438,142.38922990947114,139.88012131629262,141.98453895904603,2051300
2019-03-08,143.00074768066406,143.873088442903,140.18588778549673,140.18588778549673,1757300
2019-03-11,144.26878356933594,144.4846251161752,142.6590082487073,143.0996658717032,1340300
2019-03-12,143.11769104003906,144.7904256995058,142.73997853274338,144.3947229616174,1553100
2019-03-13,143.60333251953125,144.77245062499756,142.82092893840436,143.67527972690897,1661800
2019-03-14,141.8765869140625,143.20758916207825,141.1571425581336,143.0457045762292,1596800
2019-03-15,142.2273712158203,143.29756359971884,141.5528816013491,141.75073298606276,2386300
2019-03-18,144.16087341308594,144.33174626013698,141.70573578985736,142.07444624017975,1962400
2019-03-19,144.76344299316406,146.7329546486105,143.95406103292368,145.1771222270559,1685400
2019-03-20,143.5853271484375,145.2400714179358,142.11044399996746,144.35874231913056,2017100
2019-03-21,143.64828491210938,144.50263560350677,142.54212588477432,142.5601161152056,1082200
2019-03-22,140.23983764648438,142.94678348685073,139.62829345737683,142.380221724578,2177400
2019-03-25,141.4899444580078,142.31731678566672,140.28485957136508,140.61760340897595,1137200
2019-03-26,141.73272705078125,142.8748526806116,140.7524585854811,142.48815196874546,1036700
2019-03-27,142.3352508544922,142.5960473795038,140.3657396492426,142.2093467178449,1068200
2019-03-28,142.85037231445312,143.2299073227418,141.63042752523117,142.77807796210226,1123300
2019-03-29,144.44076538085938,145.66974144178442,143.21178931993433,143.60036962906972,1862600
2019-04-01,146.31129455566406,147.36857293781634,145.19978510191265,146.06730299401997,1371400
2019-04-02,146.50111389160156,147.034282894352,145.3354004754709,146.30230791540336,1184300
2019-04-03,147.64877319335938,148.25422278058082,146.54630863491573,147.332487178381,1356100
2019-04-04,148.41685485839844,148.90482430854448,147.60355405651185,147.72103405637748,1197200
2019-04-05,149.1307373046875,149.51027215934866,148.38974462332013,148.95904001094578,1294600
2019-04-08,149.1036376953125,149.13977796468095,147.46801817891273,148.18190225598713,1133300
2019-04-09,143.52810668945312,146.76320634841184,143.19375739749285,146.55535492862424,2451000
2019-04-10,143.34738159179688,144.26007189956044,140.75387178990627,143.6817308927993,2746800
2019-04-11,144.72996520996094,144.85647686287012,142.68768794176643,143.35640027213552,1162200
2019-04-12,145.90472412109375,146.681871071296,144.49500511774343,146.11256173895714,1220200
2019-04-15,146.83546447753906,146.92582204805157,145.83240306033588,146.23904659947587,1062500
2019-04-16,148.7060089111328,149.32050373051834,146.72699501104324,146.8354433843063,1310200
2019-04-17,149.5103302001953,149.81757085104155,148.064484543352,148.97717487277316,1350700
2019-04-18,152.76345825195312,153.61289937068847,149.7542740667183,149.99826570031385,2215500
2019-04-22,152.85385131835938,153.58582638913572,151.72427803404182,152.03153244681585,1376600
2019-04-23,151.59771728515625,152.98935884246615,151.3446940545057,152.47426697302845,1891200
2019-04-24,149.3837890625,151.5616094243495,149.3386033783515,151.18207449722496,1463400
2019-04-25,146.22096252441406,148.67891445915018,145.70588440998404,148.1999766134371,1256600
2019-04-26,149.1127166748047,149.13079370959684,146.0402826195358,147.14274733332064,988500
2019-04-29,150.2694091796875,150.57666363762343,149.15791276539156,149.47419884698442,889700
2019-04-30,149.67295837402344,150.61275712567326,147.60357273424907,150.61275712567326,1573700
2019-05-01,148.68800354003906,151.2001875317903,148.68800354003906,149.6549250138636,1327400
2019-05-02,148.3084259033203,150.59468076353355,146.52821758768224,149.09461816032416,1702400
2019-05-03,150.82965087890625,151.1188144428259,148.60664479376177,149.21209436355574,1050800
2019-05-06,144.748046875,145.94088300171964,142.89555753352258,145.7149683221504,2913100
2019-05-07,142.5611572265625,143.57326410324,140.33816508143917,143.08528080102863,2182200
2019-05-08,140.6002655029297,142.58831205032303,140.38339622170702,142.00997098583153,1806400
2019-05-09,140.50083923339844,141.24184592490982,137.16633669906992,138.93751367211289,2026000
2019-05-10,141.0159454345703,141.2780003952494,137.32901621746464,139.904449074382,1753700
2019-05-13,132.18719482421875,136.03677595987926,131.19316472901323,135.54880632415686,3172500
2019-05-14,132.9372100830078,134.58186147684657,131.43713357799237,132.13295452359947,2325400
2019-05-15,130.8859100341797,132.48538963803847,130.1449171425878,131.7534283686203,2330500
2019-05-16,131.92514038085938,133.79570674529356,131.03051329168096,132.10586936558312,2893400
2019-05-17,121.83123779296875,127.75018955824483,120.34019309013567,126.51218190485633,7817500
2019-05-20,122.3282699584961,122.8975793339832,119.8974259257657,121.06315333378815,3715300
2019-05-21,125.50911712646484,126.06034931300292,123.4035913578434,123.85542056685058,3567300
2019-05-22,125.4096908569336,126.5844493399142,124.4518153179393,124.63254421022926,2626800
2019-05-23,123.322265625,124.53316459795909,122.40053017616951,123.50299455117202,2584400
2019-05-24,125.56332397460938,125.96996747112392,124.18975943270516,124.86750318980675,2597200
2019-05-28,124.31633758544922,126.93694237600829,124.2982605500781,126.93694237600829,2054400
2019-05-29,127.53331756591797,127.75018676250505,123.38551492765782,123.96385576644545,3013000
2019-05-30,128.0303192138672,129.8557130957569,127.69597000854579,127.69597000854579,3110600
2019-05-31,126.66580963134766,127.19896483427755,124.52414340988513,126.06036009414576,2206600
2019-06-03,129.48521423339844,129.94608887124707,126.09649501972926,126.09649501972926,2213600
2019-06-04,131.59078979492188,132.4583083083276,130.0274639347232,131.03052575237714,1872000
2019-06-05,132.1329803466797,132.7926473574499,130.27144557269875,132.19622928751292,1634100
2019-06-06,132.37692260742188,132.99140369445897,130.8858779896417,131.8799077348285,1391300
2019-06-07,134.38308715820312,134.82587108261905,132.4402127404784,133.09987971008422,1555800
2019-06-10,135.37710571289062,136.6602993939681,135.23251701365274,135.2505940482418,1708500
2019-06-11,135.5487823486328,137.86214602785185,134.50958053278737,136.85908448692254,2019800
2019-06-12,134.4553680419922,135.41325781900395,133.4794288081276,134.87105709909065,1344100
2019-06-13,136.93141174316406,137.57301553422963,134.64515616771072,135.19638856665827,1192500
2019-06-14,136.91326904296875,137.44643793877407,135.1149977854276,137.04882606613222,1013500
2019-06-17,139.49777221679688,140.2478105016339,137.59105203910508,138.53086469500948,1742200
2019-06-18,144.02511596679688,144.558271245887,140.52794771408816,140.8713424037499,2617000
2019-06-19,144.53115844726562,145.90472337780298,143.74497987898258,144.01606642753814,1671100
2019-06-20,147.07943725585938,147.4138002425525,145.35346017914125,146.61857643255763,1945100
2019-06-21,148.4530029296875,148.8325378083593,146.49206582885003,147.71201020144252,2380800
2019-06-24,150.80255126953125,152.15803916673704,149.01329731732972,149.22114872279116,2582200
2019-06-25,150.28744506835938,151.2633979169016,149.9259871787073,151.2633979169016,2084800
2019-06-26,150.11573791503906,150.53142687078056,149.6729540975192,150.10670629444627,2025700
2019-06-27,149.6255340576172,150.21560613366287,148.60877551369893,149.99772633451448,2072100
2019-06-28,150.43348693847656,151.6590244550968,149.63460818836612,149.63460818836612,6514900
2019-07-01,149.91603088378906,153.30216481108033,147.9279209476447,152.7847193199801,2409200
2019-07-02,149.90696716308594,150.3971794408004,148.962835132668,150.17929962175575,1371000
2019-07-03,150.05221557617188,150.54244173556992,147.78268593627985,150.53336860376982,918600
2019-07-05,148.3546142578125,148.88114680510813,146.6660836241092,148.51802759764695,1291700
2019-07-08,148.7812957763672,149.48938796942326,147.07460492535478,148.0096500995727,1384000
2019-07-09,148.29103088378906,148.52705691379967,146.2575279064084,147.06547967895546,1486000
2019-07-10,145.9851837158203,148.09131331342022,145.81269729248686,147.25612828916348,1753200
2019-07-11,146.3937530517578,146.43007328767973,144.6779889853983,145.9035406837028,2012800
2019-07-12,150.12481689453125,150.16113711983184,147.16535572946856,147.17442885974006,2268500
2019-07-15,150.69679260253906,152.33993011277101,150.0522399850327,151.51381786496108,1983700
2019-07-16,150.83291625976562,151.24144262770102,149.56198535450076,149.97958485314948,1345100
2019-07-17,148.0459442138672,151.22328538955182,148.0459442138672,150.7603063764253,1368200
2019-07-18,148.19119262695312,148.75403147005002,147.0927343325364,147.74635988998793,1404400
2019-07-19,150.34271240234375,151.21421782324424,148.4544622004833,148.9265282139756,2690300
2019-07-22,149.91603088378906,151.22328201178033,149.38949840989773,150.33363038105045,970300
2019-07-23,152.83010864257812,153.36571423301157,150.20653332518032,150.76937215905224,2176800
2019-07-24,151.76797485351562,152.94813300109556,149.85250519323006,150.51520394950518,1775600
2019-07-25,151.52284240722656,151.91319475890802,150.10665848151666,151.60454212937765,1180600
2019-07-26,154.6820068359375,155.2357724261618,151.45927311748804,151.62268639682057,1950000
2019-07-29,154.5640106201172,155.43551592203704,153.53819284798536,154.59124386216715,1459600
2019-07-30,154.3552703857422,154.9907360035204,152.21283355143876,153.5654783930829,1400700
2019-07-31,150.37901306152344,154.6366524480696,149.45305503640316,154.4187864902099,2000300
2019-08-01,146.3483428955078,151.7498202067402,145.84904364695004,150.59689536954468,2193800
2019-08-02,144.0697021484375,145.10460684707851,142.617211859385,145.10460684707851,2270200
2019-08-05,137.13404846191406,141.09210846891233,134.09288723940372,140.34770999508473,3243300
2019-08-06,138.69546508789062,140.12073605113022,136.54395587424548,138.36865233436546,1824800
2019-08-07,137.2974853515625,137.6061380924091,134.90086233937427,136.5712330156031,1747100
2019-08-08,140.76531982421875,140.8924129441036,137.4881181056405,138.07820418890748,1661300
2019-08-09,140.56556701660156,141.62770509407412,139.30370924742226,139.7303818749678,1742900
2019-08-12,133.4936981201172,140.1116385678584,133.2849053313798,139.75759259908384,3738300
2019-08-13,133.60267639160156,136.22625224286907,132.07755904027155,132.54053812504452,2890500
2019-08-14,129.97142028808594,131.43299791376384,128.77311585484532,130.8247656393911,3001000
2019-08-15,130.46165466308594,131.93230551313567,128.22843128698233,130.56151452649118,2402700
2019-08-16,135.4727783203125,137.07053627545866,130.2619464041742,130.5252057842681,3493000
2019-08-19,138.34146118164062,139.1221800052488,135.59079210765026,136.34427768118812,1993600
2019-08-20,138.0782012939453,138.52302027816057,137.18853562129308,138.03280792662864,1582900
2019-08-21,140.58375549316406,140.93780159041788,139.44899058502867,140.12077639740465,1855200
2019-08-22,141.04669189453125,141.81833733933294,138.94057606564417,141.17378497168733,1716400
2019-08-23,133.4665069580078,139.63963053471494,132.81288129387943,137.07959437486033,2983000
2019-08-26,136.9071044921875,137.89661609581785,134.61034159284637,136.48043180950108,1864100
2019-08-27,136.26255798339844,138.60470025924408,135.8540315879262,137.61518871258178,1240700
2019-08-28,138.6410369873047,139.32189592463675,135.23674230064438,135.70880837578557,1477800
2019-08-29,142.05438232421875,143.22546726827076,140.71082477911176,140.93777772230388,1611800
2019-08-30,140.6291046142578,143.87907195088482,140.49292455686103,143.63395892925564,1629100
2019-09-03,136.91615295410156,139.58510743779274,136.22620726875738,139.58510743779274,2030600
2019-09-04,137.7332000732422,137.9873862555443,137.12496786186875,137.46085377731623,1562300
2019-09-05,141.8909912109375,142.70801631370526,138.2869771526162,138.69548970400007,1672900
2019-09-06,142.09072875976562,143.27088705245671,141.72759567241636,142.5537078625112,1083200
2019-09-09,143.76104736328125,144.50544568167862,142.23591665273827,142.25407676355945,1725700
2019-09-10,148.91744995117188,148.91744995117188,143.72477890711158,144.24222445911263,2702900
2019-09-11,149.92515563964844,149.96147587910352,147.77364549770886,148.97196406169874,2213300
2019-09-12,148.20932006835938,148.59968626798582,144.92304643721164,147.1653422463855,2732800
2019-09-13,150.17025756835938,151.23239593330834,148.1095204745977,149.72542470695888,1789300
2019-09-16,149.4167938232422,150.2247460576715,147.8825891208496,149.00828113879837,1164700
2019-09-17,148.87205505371094,149.10808112382992,147.33785096766726,147.96424329648823,1347800
2019-09-18,150.13392639160156,150.3608793513895,147.80993029971043,148.40000245431537,1215900
2019-09-19,149.28057861328125,150.69676284293766,148.60879287649922,149.9251172513922,986000
2019-09-20,148.9447021484375,151.33223797897824,147.86440379237712,149.6346341920891,2942700
2019-09-23,149.9796142578125,150.7694062000642,147.7554639593752,147.87348394232706,1412300
2019-09-24,150.6604461669922,150.97817197253386,148.83573565941077,150.34270650934232,3124800
2019-09-25,149.96142578125,150.91463089287362,149.2714799832213,150.40624467512845,2814000
2019-09-26,151.0689697265625,151.5319487724037,149.56199876653312,149.94327807230394,1808800
2019-09-27,151.62525939941406,152.58283783291031,150.47617362861558,151.84413884342118,1591200
2019-09-30,153.83224487304688,154.15144232953816,151.99006169730234,152.09949446379667,1828700
2019-10-01,150.93218994140625,155.22760763302378,150.15700394341727,154.67130111951346,2299500
2019-10-02,148.88023376464844,150.45794995654956,146.90124549719707,149.56421646188267,2646300
2019-10-03,150.3211669921875,150.6494792609783,146.47262303078693,148.84376874046103,1367500
2019-10-04,152.9293975830078,153.01147215834274,149.70099179654616,150.29378508828782,1217300
2019-10-07,151.8897247314453,153.83222567257837,151.76204854791703,153.1573718092119,1221600
2019-10-08,150.4488067626953,151.5614195198369,148.52453524819578,149.82865533159725,1848600
2019-10-09,151.78030395507812,152.85644389896066,150.1569862380146,151.75294576220222,2089100
2019-10-10,153.0297393798828,154.99048431232396,151.41553623572418,151.85328128788666,1996800
2019-10-11,155.90243530273438,158.00909953998016,154.56182825800306,155.0360601029386,5006800
2019-10-14,154.0602264404297,155.90242338069262,153.73192816788196,155.76563243379775,1769000
2019-10-15,157.44371032714844,157.79938080414482,153.34892854579832,154.63481946865636,1898500
2019-10-16,156.0027618408203,158.7751793305672,155.94804545488606,156.9147387148255,1824100
2019-10-17,156.98768615722656,157.7719867636608,156.23074374160242,156.88736815236885,1203400
2019-10-18,158.61102294921875,158.91197700021783,156.40404049088872,156.88738714125182,1616200
2019-10-21,158.7113494873047,160.25259277865575,158.68399129171442,159.28589942602858,1375200
2019-10-22,159.73275756835938,160.8636139984205,158.31007574981842,159.3679723538436,1486600
2019-10-23,159.595947265625,160.34377495518754,158.22798200334822,158.39213115530356,1227100
2019-10-24,156.9603271484375,159.5959395361509,155.86595777475048,159.5959395361509,2478700
2019-10-25,157.872314453125,158.77517655222994,156.9876957875665,157.04241217254332,2102400
2019-10-28,158.09117126464844,159.9515976656961,157.76285908615057,159.0852225577785,1433100
2019-10-29,158.78431701660156,159.2676637163619,156.6320507265562,157.1336408628164,1586500
2019-10-30,158.5198211669922,159.24939150719268,157.41632306659625,159.24939150719268,1624700
2019-10-31,158.81167602539062,159.0305555175135,155.35528927906387,158.17329490127992,2181800
2019-11-01,160.6082305908203,160.74502154096675,159.40441456688671,160.41670934495406,3090800
2019-11-04,163.3350372314453,163.53567322446554,162.1038630847903,162.1038630847903,1990200
2019-11-05,163.1708984375,163.88223927642537,162.5051592247955,163.44449427916265,1314300
2019-11-06,160.4805908203125,162.91556769517248,159.81485151907307,162.8608513026959,1929200
2019-11-07,162.2315673828125,163.3897819221971,161.90325514785556,162.16773623705964,1652800
2019-11-08,162.6602020263672,163.16179210938972,161.66615053543555,162.77876347753522,1713600
2019-11-11,163.97344970703125,164.59358732066227,161.03688297033574,161.67526401838626,1410200
2019-11-12,160.8636016845703,163.9734461924369,160.5535328844008,163.9734461924369,1436200
2019-11-13,160.2069854736328,160.31641825211827,157.49841288080876,159.62332079560431,1835500
2019-11-14,159.03053283691406,161.15544063785504,157.7720002891102,157.9726363160257,1307500
2019-11-15,159.12173461914062,160.35290907006896,158.73870596934742,160.07931320145556,1611100
2019-11-18,159.5138397216797,159.52295447857264,157.2065399027601,158.68393762766183,1418100
2019-11-19,158.36476135253906,160.80886634475772,158.12765240076686,160.80886634475772,1192800
2019-11-20,156.9239044189453,158.14595037871956,154.79899613121881,157.6899618341173,2013300
2019-11-21,160.53526306152344,160.781500675611,157.0697486959102,157.52573706202614,1627600
2019-11-22,159.94247436523438,161.4016287017751,159.24024842624266,160.66292981852527,1292800
2019-11-25,161.06422424316406,161.3560495849017,159.7783336071139,160.5808776493004,1556800
2019-11-26,161.1007080078125,162.6419511397258,161.05512029698738,161.38343252577164,2786900
2019-11-27,154.1787567138672,157.19739693437853,152.34568881761183,153.6680520611189,7626000
2019-11-29,153.25775146484375,154.41596625576025,152.9385539197699,153.48574573542055,1394400
2019-12-02,150.7406463623047,152.5190123399318,150.2664284228889,150.74977503676493,2694400
2019-12-03,149.1082000732422,149.8377842634606,147.77670788241903,148.95316569411568,1966500
2019-12-04,150.72242736816406,152.17246731103407,149.29061694416276,149.62805786251997,1756400
2019-12-05,150.09315490722656,151.27872762114384,149.427415688633,150.97777358421897,1234000
2019-12-06,150.667724609375,152.73790235696487,149.97461319109425,152.36400236704787,1523400
2019-12-09,153.12088012695312,153.3580029715117,150.57647129401218,150.84093841025842,1730800
2019-12-10,154.94485473632812,155.03605798375978,151.999173531022,152.79258890416241,1643100
2019-12-11,154.76246643066406,155.65619983439368,153.54042080904122,155.6014834506885,1245800
2019-12-12,158.5198211669922,158.82988995314363,153.7775304617155,154.58007453473073,2168500
2019-12-13,157.3160400390625,160.87274494324473,156.07575070299748,158.44689658289585,1775600
2019-12-16,157.6351776123047,159.5868071868818,157.47101457073313,158.8936959912731,1408700
2019-12-17,158.5380096435547,158.92103814770346,156.5407786524758,157.27949139153984,1247000
2019-12-18,157.41632080078125,158.31005419562624,156.14867356678508,157.5166388084642,2209000
2019-12-19,157.55311584472656,158.34654516812773,156.78705862927794,158.04559113727382,1249000
2019-12-20,159.2767791748047,161.03690203963788,158.06386199771185,159.9425324111517,2593600
2019-12-23,159.64151000976562,160.18868763201257,158.182341852456,160.18868763201257,1005700
2019-12-24,159.1399688720703,160.05194577105067,158.7022238569454,159.55035569347885,332300
2019-12-26,159.41354370117188,159.71449770802465,158.29181615974701,159.41354370117188,518100
2019-12-27,160.33465576171875,160.38025738962364,158.95757565923518,159.60507146222997,719500
2019-12-30,159.51943969726562,160.3987305551444,158.9240728273356,160.18806915862206,953000
2019-12-31,158.69508361816406,159.9865568731256,157.9989772137112,159.48278922302617,748200
2020-01-02,161.9924774169922,162.0108000543533,159.1255926293394,159.59272903754552,1591100
2020-01-03,160.79258728027344,160.98492603721897,158.96071505600617,159.5652362442726,1301100
2020-01-06,161.94667053222656,162.01079277206958,159.13475378305105,159.81253759809624,1234200
2020-01-07,159.1348114013672,161.60783713843438,158.9058272780076,161.21397717869337,1234200
2020-01-08,161.1131591796875,161.91918744394604,159.36373179860072,159.83085419207268,1713900
2020-01-09,162.67031860351562,163.3939022472851,161.3055682658793,161.69025989655077,1459100
2020-01-10,158.85079956054688,163.40300333767266,158.83249090034795,163.1282336739238,2560900
2020-01-13,160.0507354736328,160.32550521947468,158.9790915366076,159.44621408061943,1300900
2020-01-14,159.07058715820312,160.33458318114674,158.85075750932123,160.17887575421602,1039800
2020-01-15,158.38368225097656,160.42621601498058,157.6784074804888,158.56686669139395,1139200
2020-01-16,160.7193145751953,160.8017454730094,158.5027508077117,159.37288733992708,1410400
2020-01-17,161.38800048828125,162.129906780256,160.77432474089372,160.93920057026654,1653400
2020-01-21,158.05398559570312,160.68271863539655,157.8982780822242,160.3804719172837,1655100
2020-01-22,156.77166748046875,159.06150833297824,156.27705402972222,158.52110924604506,1285700
2020-01-23,157.59600830078125,157.70591619193937,154.48183025861033,155.9656426935638,1245100
2020-01-24,155.81906127929688,157.58682540613677,154.82984850992818,157.58682540613677,1103300
2020-01-27,149.55406188964844,153.86812754896093,149.23347862863503,152.21027128404376,1586800
2020-01-28,149.27928161621094,151.74315229068492,148.7480369300798,150.94629224952703,1750700
2020-01-29,146.6963653564453,150.13112657964834,146.54981218999632,150.13112657964834,1959200
2020-01-30,147.5664825439453,148.23511206028166,145.21251978862043,145.6338565923869,2496400
2020-01-31,145.24920654296875,147.66727825562316,144.10428595977857,146.29337355579494,1693300
2020-02-03,144.98353576660156,147.85957489178665,144.05844523076954,146.0368707881914,1813400
2020-02-04,150.60740661621094,151.239404930922,147.14516834752192,147.76801233016454,1412200
2020-02-05,154.1978759765625,154.58256753116567,152.51254262524802,153.3552023128661,1476900
2020-02-06,154.6649932861328,154.93060864495453,152.09121470054095,154.56423974118434,1805100
2020-02-07,153.37351989746094,154.70162464422435,152.6499364206156,153.34604292847175,1711100
2020-02-10,154.0971221923828,154.1429078247516,152.16449611497487,152.46675675943146,807700
2020-02-11,155.94728088378906,156.68003258498425,154.4268375256987,154.88480559193613,1315700
2020-02-12,157.3852996826172,158.64012765086846,155.90148769235944,157.54100714045254,1008200
2020-02-13,156.40525817871094,157.45859317885478,155.58092120127407,156.49685738779374,831100
2020-02-14,153.94143676757812,157.82499814150646,153.1262399581893,156.46941618887564,1152400
2020-02-18,152.32022094726562,153.3643878487957,150.40591729047378,153.32774256743403,1177400
2020-02-19,151.0653533935547,153.18117779238045,150.99209079522424,152.50337996116517,1244600
2020-02-20,151.88970947265625,152.7323691425201,150.67151258737366,150.90965098013584,2048500
2020-02-21,162.51454162597656,166.6912221389477,161.2047596622375,162.95420103328487,5917100
2020-02-24,157.41278076171875,161.53449326557094,157.08304320236752,158.00813364406702,2292900
2020-02-25,152.64076232910156,158.41116319148205,151.86222494378123,157.7058884033047,2358500
2020-02-26,152.88809204101562,155.1413015846113,151.68821767300207,154.13376602119874,2545200
2020-02-27,146.54063415527344,152.54917324701344,146.5131571880185,150.57990207859112,2957500
2020-02-28,143.32568359375,145.56057001650967,139.8268147987015,142.23571734854536,3048300
2020-03-02,150.14028930664062,150.2135658939624,143.38984267753193,144.64467104222737,2532100
2020-03-03,144.5164031982422,153.7581955059927,143.80197412640095,150.5249420465871,2443100
2020-03-04,149.36170959472656,149.56320268286382,147.0260696966731,147.68554482026644,2513800
2020-03-05,145.69802856445312,148.5557460270444,144.64469318355444,145.47819876883761,1878400
2020-03-06,150.2501983642578,151.0745494959578,140.75194252931612,141.23738769501585,2973400
2020-03-09,137.39044189453125,144.94691619873046,134.76170924529433,139.2314687845297,2886400
2020-03-10,141.9609832763672,143.18833466014448,135.56773733934006,142.53801368678432,2797700
2020-03-11,133.61679077148438,138.45293327596085,131.75744121650203,138.1689952615663,2397300
2020-03-12,119.42893981933594,125.0619427673429,117.3222834243787,123.6514069413389,3288700
2020-03-13,127.27851867675781,127.58076536697044,119.55716814059416,126.33509139804598,2525500
2020-03-16,109.95814514160156,121.70044012211017,109.76579238743993,113.48449816326568,2617700
2020-03-17,116.05828857421875,118.57712040548411,109.06053575062703,112.47698124908534,2909600
2020-03-18,104.60908508300781,110.41612491977205,97.21747934390501,107.91561571977513,2635000
2020-03-19,109.60093688964844,110.59014274552977,97.31822821440039,103.40920577789775,2455700
2020-03-20,102.2459716796875,110.47108313276888,101.0644129560377,109.60094640020898,4155200
2020-03-23,101.80630493164062,105.85474105586479,97.56551606557078,101.00027664364207,3130900
2020-03-24,115.40797424316406,116.01249555774433,103.22601861116986,107.50344645950504,3488000
2020-03-25,117.68865966796875,125.23596579998022,111.59767491580848,115.29805838906684,3962200
2020-03-26,127.39756774902344,128.3684579233009,116.45213252077059,118.47635775240929,2227500
2020-03-27,123.75214385986328,127.47084269542005,121.05013479261548,123.65139031611815,2302600
2020-03-30,130.08944702148438,130.52237345885854,123.9455937347763,125.93521131226517,2251100
2020-03-31,127.26165771484375,133.56210103889202,126.4234370178478,130.78954110476423,2240100
2020-04-01,123.12580108642578,124.10218359812863,119.4505364091259,121.75333065564799,2040600
2020-04-02,128.38534545898438,128.87353654801524,122.37965618082899,122.79415619253538,2863800
2020-04-03,124.82986450195312,128.3577466930692,121.70727631474546,127.5563648016541,2053100
2020-04-06,132.17120361328125,133.44233667202036,128.698585429138,130.41186516974903,2079300
2020-04-07,131.55401611328125,139.68747176540757,131.29609026683679,136.3253983075801,2067500
2020-04-08,135.19248962402344,136.15966631236392,131.36063546067822,133.63579799171788,1210100
2020-04-09,134.25289916992188,138.36109012466622,132.7606930558667,135.66220806767177,1596100
2020-04-13,128.77220153808594,131.48949476600626,126.07332053649547,130.5960098592976,1655900
2020-04-14,127.2339859008789,131.01055984492706,124.49826534717931,129.24201563786247,2479800
2020-04-15,124.63644409179688,124.65487038276694,117.48857520587003,122.61919391240026,2938200
2020-04-16,119.69923400878906,124.80223358402888,118.37282236388717,123.6600426553323,3642700
2020-04-17,127.53797912597656,127.6208763562723,122.51787577921677,123.00606709781496,2468300
2020-04-20,126.46946716308594,129.195967773504,123.20870252741241,125.12462909277865,1974900
2020-04-21,123.48505401611328,124.52592166144936,122.04811245042544,123.42058307670045,1958500
2020-04-22,125.46541595458984,127.00368043283979,123.5402697729427,126.5339015309162,1280400
2020-04-23,126.29448699951172,129.03941464880725,126.11947233421206,126.81951694026573,1377000
2020-04-24,127.69454193115234,128.42221867679402,124.74695426211653,127.98008614849451,1498500
2020-04-27,128.68011474609375,129.67492335441173,127.21554126237751,127.69452630826498,1528900
2020-04-28,130.39340209960938,133.2120196396131,129.74862260600375,131.7750784666809,1752100
2020-04-29,135.49644470214844,136.72151910436685,132.21725326887275,133.56209154733656,1563200
2020-04-30,133.61732482910156,134.29895695387452,131.47111900563408,133.15676600145122,2054600
2020-05-01,127.28923034667969,131.7658619860658,126.32205415477979,131.62768592714426,1603100
2020-05-04,122.45337677001953,125.73255319800981,119.92950947015073,125.60359729539691,2277200
2020-05-05,124.48900604248047,127.5286961527526,124.09293232268027,124.46137364598908,1125500
2020-05-06,121.70729064941406,125.2996441887282,121.0256584666365,124.91277642719754,1150800
2020-05-07,125.2719497680664,126.16543465185232,123.48498000049457,124.0376559891721,1059000
2020-05-08,126.1931381225586,127.98931501473446,125.93522626394576,127.11425591907361,1727400
2020-05-11,124.2495346069336,125.98123994317176,122.10332922142105,124.49824025855308,1356000
2020-05-12,119.79134368896484,126.02731362012561,119.69002019329852,125.08776975623235,1392500
2020-05-13,115.89500427246094,120.78614300590037,114.67912944618249,120.62033454622222,2027400
2020-05-14,116.79772186279297,116.94509703375847,108.55371460592528,113.29747195084457,2720600
2020-05-15,116.07003784179688,117.62672190224609,114.85416281654477,116.05161155323108,1649600
2020-05-18,127.02212524414062,127.9156105378065,120.21506600140648,121.5691101452036,2450900
2020-05-19,125.41015625,128.4406410401513,124.7561706215819,128.11824425647077,1859400
2020-05-20,131.08424377441406,131.79350826384004,127.21555265460364,127.5563616699139,2399400
2020-05-21,131.5447998046875,133.10149076907888,129.94206420524839,129.94206420524839,2100200
2020-05-22,129.61045837402344,136.70306079262525,127.81426788344794,136.32539921885328,3427600
2020-05-26,136.35302734375,139.08874754233815,133.06464505820892,133.06464505820892,2500300
2020-05-27,141.26260375976562,142.1008241968345,138.65583911638635,140.00988319006993,1936400
2020-05-28,141.07838439941406,144.00753181632663,140.12963433254188,143.86936978916665,1914700
2020-05-29,140.12042236328125,140.86652546390224,136.2056720729911,139.33748073830776,2249000
2020-06-01,137.37551879882812,139.04273989748722,135.7727686425021,137.55973956210687,1464600
2020-06-02,140.8849334716797,141.94422713997147,138.27816898885467,138.75715407412696,1335400
2020-06-03,145.85902404785156,146.31036282034393,142.82853830756247,142.89302330657202,1678800
2020-06-04,148.42886352539062,148.64071660087544,143.76801153390446,144.42199704457312,1469900
2020-06-05,153.56871032714844,156.6912980818652,152.583107858232,154.65562222787068,2061200
2020-06-08,155.49388122558594,156.96767521064842,153.65164577182836,153.8266603887579,1373000
2020-06-09,151.80938720703125,152.78576960005844,150.26191640792527,150.63956393654632,1977400
2020-06-10,148.29991149902344,152.06727854834338,148.26307298477468,151.45013153493284,1311700
2020-06-11,139.17166137695312,144.50494040345774,138.80321994162554,142.98508785866687,1576200
2020-06-12,142.74562072753906,144.8641943915531,138.64664949692116,144.1088710801076,1598000
2020-06-15,143.2061767578125,143.3351326797432,136.43595571859834,136.67545532728485,1321200
2020-06-16,145.81289672851562,150.89746904313614,143.28902982827515,148.95391064033748,2105600
2020-06-17,143.24298095703125,146.39320119940788,142.64426018907312,146.39320119940788,1131600
2020-06-18,142.65347290039062,144.5049282027114,141.49286982747418,142.34950241709709,883800
2020-06-19,142.65347290039062,146.32873704733396,141.4283848514095,146.2274135529028,2046200
2020-06-22,142.36793518066406,142.52452348733806,139.7795969521516,140.93099396164214,1188500
2020-06-23,141.81527709960938,144.265439323879,141.56657140301706,144.1917482265502,940400
2020-06-24,138.61898803710938,140.62701759133006,137.3570474099171,139.90854701182553,1985600
2020-06-25,142.2666015625,142.63505701241309,136.59251413008306,137.44916075288498,1671100
2020-06-26,137.28330993652344,141.7323079789056,136.5003687003696,141.09673482211758,2302800
2020-06-29,142.31069946289062,142.54215918126764,139.17210624678532,139.66279971957022,1094100
2020-06-30,145.4955596923828,146.51398800871777,140.83859172502883,141.5051967816883,1836600
2020-07-01,145.2178497314453,148.30088110436,143.81982382959848,147.81018757490622,1111100
2020-07-02,146.18994140625,149.91181735153478,145.8381322674391,147.08800617572393,1044900
2020-07-06,148.33792114257812,149.60631601282367,146.66215486452717,149.17117056604803,947500
2020-07-07,146.9305877685547,148.67116891380502,145.95845438153347,146.6343267530602,1118600
2020-07-08,146.6343231201172,147.95826554728822,145.2177911813614,147.45831891538805,1042600
2020-07-09,145.9584503173828,147.8656897090733,144.52341178245507,146.11585531202905,1283400
2020-07-10,147.29165649414062,147.6157056484343,145.39368457722546,146.53247620367992,982700
2020-07-13,151.68016052246094,154.91134276936884,149.67109217771116,150.59693090582687,1829700
2020-07-14,156.9852294921875,157.22595662898016,150.26364468340134,151.36539514960944,1651500
2020-07-15,159.60533142089844,161.09593227891108,157.23518663162605,158.0314084711951,1992300
2020-07-16,160.55894470214844,162.28100523897572,158.2258272364392,159.20722811942116,1142400
2020-07-17,163.41976928710938,163.80861981119338,160.5033832928911,162.02175806048518,1140400
2020-07-20,160.92001342773438,163.06796587586595,159.89233196158423,162.82723878557522,1314500
2020-07-21,162.6235809326172,163.6975573401447,160.51266958109292,161.9754965926192,1079300
2020-07-22,162.47544860839844,162.97539532139442,161.19778660259564,161.27185539844288,1246300
2020-07-23,163.62350463867188,165.16965390449465,162.4014046383198,162.66989170302776,943800
2020-07-24,162.34580993652344,164.58633773297186,161.8458491635182,163.97528084471054,910800
2020-07-27,162.9476318359375,163.58646288018844,160.08679328115912,161.73478524568915,887100
2020-07-28,162.75318908691406,164.00307706134691,161.69773346766038,161.9291931572088,850000
2020-07-29,166.88243103027344,167.35460369664162,162.95686973051792,163.6049681430574,1886900
2020-07-30,164.8363037109375,165.95657467083774,163.20683280553175,164.9937087101835,1235700
2020-07-31,163.23464965820312,163.7994119365812,160.50342780460943,163.6975690953268,1409600
2020-08-03,164.44747924804688,165.60477772069032,162.79023405118005,164.22528698269363,840600
2020-08-04,164.90109252929688,165.61399211576543,163.53085553208416,163.79934247580204,672800
2020-08-05,169.2618408203125,169.97472645998096,166.60467409922336,166.65096886045345,1366100
2020-08-06,167.81753540039062,169.6507063915701,166.88244330041405,168.50266119653458,968100
2020-08-07,169.8914337158203,170.08586609570503,166.52138077286617,167.95643385584728,1254600
2020-08-10,175.82603454589844,177.159244561835,170.7246541619418,171.28016304430795,2631100
2020-08-11,178.89053344726562,181.32549345908055,177.95544155737213,178.03876363993007,1909900
2020-08-12,178.04800415039062,178.52019083865196,175.52972223691256,177.10364490104266,1629000
2020-08-13,175.4464569091797,176.99260604789353,174.4743233198671,174.5669128530128,1324700
2020-08-14,176.95555114746094,178.88129729405725,174.45577541369778,175.18719588095288,900600
2020-08-17,178.6776580810547,179.83495672991776,177.02039850466153,178.91837111423314,1025900
2020-08-18,177.8813934326172,180.37190178869798,177.66844036067087,179.43679566303317,1120900
2020-08-19,177.7517852783203,180.1682249616038,177.7054905157545,178.6868773225662,1512700
2020-08-20,176.92779541015625,177.8073394202586,175.33535158827098,176.10379946616038,1558700
2020-08-21,184.70481872558594,187.89895938187115,181.4643833093476,182.16801562823267,6446300
2020-08-24,190.16726684570312,191.1671743554547,187.63047780218636,189.2136540972431,3177900
2020-08-25,190.35244750976562,193.87062336300295,190.12098782851697,190.72277734889235,2706800
2020-08-26,195.3612060546875,196.5462783819789,189.57471456315656,191.269000967138,2039900
2020-08-27,194.2687530517578,196.6944461365223,193.33366096902446,195.5001203253643,1875400
2020-08-28,194.3335418701172,195.16680519525133,193.26883299193094,194.73165986624497,1261400
2020-08-31,194.48165893554688,195.7500533286769,192.36149470430556,194.42611087850122,1944500
2020-09-01,201.5458526611328,201.57362669523806,192.82445277260365,193.05591247493354,1873400
2020-09-02,201.00885009765625,203.4160364808046,199.67564004712352,202.0550523981506,1983000
2020-09-03,195.17608642578125,202.5087284494806,193.56513586225307,201.1570116347312,1975200
2020-09-04,195.6667022705078,198.12943603416457,192.74104926378058,197.37950912073825,1662300
2020-09-08,194.64833068847656,197.42584675015883,192.54667291286069,194.29650746663344,1918500
2020-09-09,199.53675842285156,201.18475016086452,195.22234673696272,195.22234673696272,1569200
2020-09-10,199.1571807861328,202.04579326273776,197.76842261435294,199.90710793854535,1840300
2020-09-11,199.94415283203125,202.3050304628265,197.20366377673386,198.2498661381246,1902400
2020-09-14,202.13836669921875,202.8697730621693,200.62924508533067,201.74024870887033,1249300
2020-09-15,199.7682342529297,204.57333970298527,199.23124607404011,203.50861664707068,1740200
2020-09-16,199.42564392089844,202.68459999578667,198.9256972549215,201.05512902193104,1572700
2020-09-17,203.62899780273438,205.16589367575435,196.28708841672136,197.94434786027293,2094000
2020-09-18,205.5084228515625,208.665536293308,203.1753053097118,203.19382603981555,3063600
2020-09-21,198.32391357421875,201.32362191222285,194.59277062691544,200.21261830084438,2134000
2020-09-22,201.44398498535156,202.8142222985595,198.62017413971765,199.1386415486516,1622400
2020-09-23,198.6387176513672,204.30484659482605,198.4813267504021,201.44400808923095,1683500
2020-09-24,200.46261596679688,203.1105154343041,195.70380521774445,197.85174383441387,1025900
2020-09-25,202.99014282226562,204.54554511734977,198.89793730532898,199.009033432927,1225400
2020-09-28,205.443603515625,207.72117295172544,205.07327368354603,205.59174109932758,1191500
2020-09-29,204.55174255371094,206.60488425329578,202.59152275726262,205.9174039273748,892800
2020-09-30,205.89881896972656,210.01437300073508,204.60748103536798,205.6665638435777,1883900
2020-10-01,203.49266052246094,207.89622315147832,203.05603389385632,207.6360985245216,1383800
2020-10-02,208.8345184326172,210.44173415397313,199.7579980727227,199.9716688251438,1403600
2020-10-05,210.85052490234375,214.71523988507448,208.8902908387372,211.12921974610757,2071500
2020-10-06,210.0701141357422,214.26929082915146,209.96792131215054,211.13849623251448,1385800
2020-10-07,214.20428466796875,216.02515708959285,211.91888777468873,212.99655506341358,1029200
2020-10-08,217.6138153076172,218.1433497387323,214.3343733490298,214.59449801268826,1148300
2020-10-09,218.14329528808594,220.18713749626758,217.0006040739749,218.33839582499633,1091500
2020-10-12,219.73196411132812,220.74459319923798,218.38488702847104,220.30795236762,1234800
2020-10-13,220.3822784423828,220.7167264414624,217.84605605187167,219.378934445144,1311300
2020-10-14,221.5435791015625,223.57813680956227,220.26152593197762,220.5402349917654,1062500
2020-10-15,221.32989501953125,222.36110855586477,217.73457529786523,218.0039992372639,1225200
2020-10-16,223.02069091796875,226.1236164304046,222.6955422018157,222.9649519480985,1652600
2020-10-19,221.2648468017578,225.6591105128593,220.2800871795735,223.19721145739854,905500
2020-10-20,221.91517639160156,224.8601703933699,220.88396281820945,222.77917303858314,968100
2020-10-21,219.62045288085938,224.7486502984659,219.30458929527032,222.51900664336495,1506500
2020-10-22,220.06640625,221.10690479515551,218.20836503323397,219.30460254677575,1246400
2020-10-23,222.52830505371094,222.96494587343813,220.28936198672343,220.28936198672343,820500
2020-10-26,217.6230926513672,220.6331247351656,215.30054096885527,220.27080723972298,1010500
2020-10-27,212.2904815673828,217.93892823349375,211.81668618838165,217.57661078467436,1395700
2020-10-28,207.51531982421875,211.3521793078875,206.71636156837735,209.0296278869217,1375200
2020-10-29,211.83526611328125,213.49820663167475,205.99171901652653,206.30759677161234,1190700
2020-10-30,209.87498474121094,212.36475240452086,206.80921483768105,211.47290083212408,1306200
2020-11-02,215.2540283203125,215.7557072851499,211.3521453943317,212.27188071271587,1435900
2020-11-03,222.9277801513672,224.4699435097408,217.78099830279146,218.88653503897658,1571800
2020-11-04,216.74049377441406,222.9649285273228,216.64758605056966,220.5494694646521,1992600
2020-11-05,228.55764770507812,229.55169235710108,220.4844565740042,220.93968176274987,2031800
2020-11-06,230.06263732910156,232.5988593389659,228.64123709027544,229.07787786175567,1481600
2020-11-09,231.20533752441406,246.9986867229153,230.72225704957265,242.0934594000273,2219500
2020-11-10,235.94337463378906,238.6653983226237,231.78136610829415,231.78136610829415,1852800
2020-11-11,231.6512908935547,236.22207051710504,228.50191164543702,235.93407640094577,1659000
2020-11-12,230.40638732910156,234.29898580016004,229.34730444234702,233.0448165313799,1275700
2020-11-13,233.9180908203125,234.6613101360418,231.4004529307445,233.0169538792761,976700
2020-11-16,240.70924377441406,241.86122024902988,235.60891556350333,236.9002536339297,1927500
2020-11-17,239.88243103027344,241.28526138325998,235.50675139832347,238.2938135450492,1411100
2020-11-18,239.06484985351562,242.10276525027723,238.99054068285233,240.09607742487603,1618400
2020-11-19,237.44837951660156,241.1087230684148,236.9002607468526,239.0277259288311,1700400
2020-11-20,240.2075958251953,241.22952429059396,237.3647946814716,238.42389191419267,1614900
2020-11-23,242.5765380859375,244.10944464859404,241.69398558928634,242.19566461618223,2094900
2020-11-24,242.94821166992188,245.41941012738857,241.55468062370497,244.93630121976454,2345300
2020-11-25,238.2287139892578,246.99866955570766,236.4449963754298,244.34168460156351,3037900
2020-11-27,243.35699462890625,243.58924981433125,239.82669879956833,240.26333968222588,1072200
2020-11-30,243.05035400390625,245.47511240460224,239.7894827707645,244.27666794560406,2342200
2020-12-01,237.02101135253906,246.5156022630354,237.0117120748123,244.5367840062727,2086400
2020-12-02,240.6163330078125,241.954124926629,236.33354751736243,237.02102785779013,2773200
2020-12-03,234.74493408203125,241.36885593866984,234.04816858549498,240.14254186041543,2079900
2020-12-04,235.404541015625,237.59703030807773,234.84712295751345,235.84118185347538,1655000
2020-12-07,234.12246704101562,235.5067127835184,232.7568056789819,235.16297971134964,1598400
2020-12-08,234.67062377929688,236.75162097984682,233.43502460360523,235.15370431472155,1303600
2020-12-09,236.74234008789062,237.3647822384655,233.7416072796774,234.57772021609603,1373800
2020-12-10,235.46023559570312,236.1941697063747,232.8311059610617,235.59029789464492,1158900
2020-12-11,237.61561584472656,237.82928662522448,233.01696645801766,233.5929547253295,1403600
2020-12-14,234.7820281982422,240.3840198751885,234.58692768392265,239.68725460018797,972900
2020-12-15,243.39402770996094,245.36354627758297,237.810620617862,238.13576922862916,2051100
2020-12-16,242.58584594726562,243.75642093428945,241.21091365287728,243.25474188964242,1210700
2020-12-17,245.75379943847656,245.85600643943903,242.9760371288239,244.36026864477148,1525000
2020-12-18,251.48590087890625,252.1826663652518,245.78170048865638,246.19047184209595,3274100
2020-12-21,248.7452392578125,252.69357638888889,246.72925229506944,247.0451442148366,2147000
2020-12-22,250.14804077148438,251.37432614647327,246.40408971157734,248.58726495989873,1531700
2020-12-23,248.92178344726562,252.11761660011874,248.8195764378439,251.46729083531557,938600
2020-12-24,250.1016082763672,250.44534133531806,248.34577422210396,248.91246313519454,289900
2020-12-28,248.51307678222656,254.14294085168044,248.42016902715488,254.0221636052339,691900
2020-12-29,246.5063018798828,250.40819941246295,244.19304985280743,250.06446635559143,892800
2020-12-30,247.96902465820312,250.02804941186074,247.3634324874676,247.8292769930937,792800
2020-12-31,250.67095947265625,250.8014096040685,247.31690121155913,248.53741174795883,805300
2021-01-04,249.35731506347656,255.04992251735115,245.8262049786458,253.24244316624927,2800000
2021-01-05,255.5436248779297,255.9908457761849,249.18020233778023,249.36652305405374,1829200
2021-01-06,270.5252685546875,272.83586805855055,255.88843885437225,256.21453576829344,2778300
2021-01-07,279.2552185058594,280.02850804344104,273.44145847284335,273.6930327578205,2227300
2021-01-08,273.8327331542969,279.9539370603159,270.5531979214812,277.2240665242811,1781000
2021-01-11,274.77374267578125,275.01596249048157,269.2581310788489,269.70535205143034,1303700
2021-01-12,281.4539489746094,282.8235330508117,273.8234131833242,275.8917640650809,1952300
2021-01-13,280.6434020996094,283.2334967549872,280.0750569427254,281.0253980565225,1203800
2021-01-14,282.1620788574219,285.4229910452969,281.3235642671193,282.2086519440895,1370800
2021-01-15,275.220947265625,280.55953590504214,272.9942251598845,279.6557963643288,1766300
2021-01-19,274.8389892578125,279.29246251672464,274.2892960392635,277.87630516213557,1509600
2021-01-20,280.38250732421875,281.54711864644906,275.78928709323696,276.59052603514243,1327500
2021-01-21,284.63104248046875,285.23663475661374,279.5067520266469,281.3701303734912,1931000
2021-01-22,284.32354736328125,285.99125021756976,280.7272130037374,282.19929756025414,1429900
2021-01-25,277.8297424316406,284.6310625029039,276.13406119283394,282.43228954674504,1539600
2021-01-26,275.7892761230469,281.51915791392116,275.22093103530113,280.38249617132215,1364200
2021-01-27,261.5531311035156,270.7861749023072,259.8947253903188,269.9942333601454,1769900
2021-01-28,272.9476318359375,276.97253558748,263.42576805960323,267.65564455125843,1504200
2021-01-29,269.0717468261719,272.93827856322844,265.99718478500006,272.1463373002329,1734300
2021-02-01,272.24884033203125,273.93519518210735,269.86371871757365,272.1649917322526,1163400
2021-02-02,281.873291015625,283.4385222281253,275.51916311540464,275.99433376069624,1637100
2021-02-03,280.56884765625,281.67753144176925,279.00358847956136,281.6123348187806,1185300
2021-02-04,288.1434631347656,288.41366092129823,281.32352087700474,282.16203533797847,1459000
2021-02-05,288.1156005859375,291.6373851316096,286.0379515678986,290.70569579748576,1228100
2021-02-08,295.38275146484375,295.52249915804447,290.6870299430144,290.6870299430144,962300
2021-02-09,293.7895202636719,296.52868857501426,291.7770967678531,294.4323880367152,1066500
2021-02-10,292.2149963378906,296.09079815022477,290.1000437870986,295.85787586457076,1070000
2021-02-11,292.97900390625,294.24611611595833,287.9385614743853,293.19330267713684,995400
2021-02-12,291.61871337890625,294.21813415266433,290.9478960319009,292.59697564487783,1721600
2021-02-16,295.4293212890625,299.6964736936531,294.4790085528944,295.16844945366944,3099600
2021-02-17,290.76153564453125,295.81130331714394,290.1186962932247,292.6994649871096,1999600
2021-02-18,279.7397155761719,290.1839447893438,278.146534815868,289.6063019658945,3110900
2021-02-19,307.4573974609375,312.31148962327705,294.29262616584697,298.1405066287879,4870100
2021-02-22,314.4544372558594,315.42337357147835,306.0785318466034,306.99159751663905,2312500
2021-02-23,314.3611755371094,315.62825887545216,305.5939790078934,308.87351391262524,2222700
2021-02-24,322.04766845703125,322.9141325250298,315.10657305741375,316.24323493463294,1941300
2021-02-25,324.2558288574219,328.9049494076989,318.9265648761846,322.094302838089,2883000
2021-02-26,325.27130126953125,330.19994467924516,320.55695659342075,322.55078495950863,2537800
2021-03-01,334.95159912109375,338.49200676850614,330.13475336420896,330.80557073700163,2098800
2021-03-02,327.432861328125,335.28699461867546,326.06327703917964,335.28699461867546,1882000
2021-03-03,319.6253356933594,327.3676716642645,319.39241336346953,326.03536276119115,1929100
2021-03-04,314.8643493652344,320.0538361527891,308.1841258667349,317.39854490804936,2499400
2021-03-05,325.93280029296875,327.8055045683955,311.3146238017006,319.8488713282165,1979700
2021-03-08,329.5384216308594,335.3242025520365,325.3644445362266,330.21853642642355,1764200
2021-03-09,328.59747314453125,332.9764238499329,327.83348116054225,330.48880112305613,1456800
2021-03-10,336.5447998046875,336.9826948996295,327.0322603034283,327.22790708924066,1403200
2021-03-11,339.5633850097656,341.7621859645775,336.13477611140473,340.0665050606546,1675700
2021-03-12,344.2499084472656,345.43317218624196,338.52002430487505,338.71567111830973,1941500
2021-03-15,348.7965087890625,349.13193171264805,341.054173200507,343.8771905620428,2004400
2021-03-16,348.0045166015625,350.84618553229524,345.6566702095665,350.84618553229524,2047000
2021-03-17,353.35247802734375,354.7779614585588,346.8027036635007,350.38968457002045,1753000
2021-03-18,354.4239196777344,365.6135169425885,353.23135854586656,354.9736129367383,2753100
2021-03-19,347.03558349609375,353.8928019659889,346.50451385873663,351.7126527753028,3042100
2021-03-22,346.2063293457031,348.19083156383175,343.4764872635992,348.19083156383175,1398500
2021-03-23,333.0695495605469,346.1504733615672,331.588167204311,342.18146843130324,2911200
2021-03-24,336.25592041015625,342.86159279416154,336.16274581249183,336.8149395632475,1860600
2021-03-25,341.74359130859375,342.6659829620893,329.3148606426392,332.8645942628205,1970600
2021-03-26,346.8586120605469,347.4269288769105,342.6101111932923,345.68467446228686,1586100
2021-03-29,342.8336486816406,347.0448732934769,342.39575365529623,345.1814950422916,1413400
2021-03-30,349.2314147949219,350.52962325429957,342.2546309878413,342.76830505759136,1278200
2021-03-31,349.4368896484375,354.44297436667097,344.00115656060643,350.2120751803433,2053300
2021-04-01,347.55023193359375,351.17405385829386,344.9070993353303,350.8284882061382,1561900
2021-04-05,350.0626220703125,352.9859638261549,349.22205158045693,350.80046915148614,1419500
2021-04-06,350.80987548828125,356.6285423598735,350.2588343820651,350.97801242955103,1309700
2021-04-07,350.0439758300781,353.8639244589224,347.8211140870207,350.94058251125165,1299300
2021-04-08,349.37152099609375,349.8011408831716,344.29070219222405,347.7090490825005,1250700
2021-04-09,352.1080627441406,353.1167417355203,347.9238505704842,350.8378722733208,1224500
2021-04-12,353.284912109375,354.11613390742923,350.9873162124799,352.8832817436245,1165100
2021-04-13,353.66778564453125,359.0194359794104,351.7624715737192,358.21623238739454,985100
2021-04-14,356.3109130859375,357.69320421546774,352.901915292977,352.901915292977,1077100
2021-04-15,356.90863037109375,360.46706696037876,353.67706168951844,358.90731874677607,1127000
2021-04-16,357.7772216796875,360.5697932160926,355.67578138577807,360.5697932160926,1092000
2021-04-19,355.58245849609375,358.3470125918844,353.5464027263093,357.54380891306863,1145100
2021-04-20,345.82232666015625,355.60102947083567,342.42267824551425,353.3688478267972,1807400
2021-04-21,350.80047607421875,351.0152717521055,343.0951941770329,346.23333166845157,1819900
2021-04-22,344.03851318359375,352.3322035909004,341.4607653426892,351.0526642762918,1880200
2021-04-23,351.42620849609375,352.75246344464904,344.53350781387576,344.53350781387576,1301300
2021-04-26,355.3302307128906,358.45901914669406,352.12667993475657,352.12667993475657,1235700
2021-04-27,357.1141052246094,358.1788487299879,353.53699914610763,356.31090167011837,925700
2021-04-28,354.7231750488281,359.1222113900328,354.4896816401592,356.01206322509887,891000
2021-04-29,351.5383605957031,357.5624736187346,347.5035875320878,357.5624736187346,1104500
2021-04-30,346.3641662597656,348.8672090356909,344.2720457059419,347.9519045119795,1196700
2021-05-03,349.09130859375,352.8085338506552,347.32611327883404,351.6410668293095,924600
2021-05-04,354.5177001953125,355.843955299521,343.5902257561866,347.2981022310394,1692300
2021-05-05,353.84521484375,358.0294267195136,351.0339737655663,357.39433152931895,1460800
2021-05-06,364.1655578613281,365.1835854080097,353.62099059861293,354.76043924305924,2010900
2021-05-07,368.1910095214844,370.6940514923398,358.95399854711775,362.2042363692334,1597200
2021-05-10,365.5572509765625,373.9069770040712,365.4451787081575,371.7214822623397,1601300
2021-05-11,357.898681640625,363.4838253197072,352.5843697736123,360.71927154702195,1588500
2021-05-12,348.9604797363281,362.8766774459215,347.83037992335045,359.3742772588121,1631600
2021-05-13,353.1446838378906,354.76046815058174,342.27324781392946,344.1411946945681,1483400
2021-05-14,358.6458740234375,361.1769345807358,355.4983874498479,356.60046949293854,1143600
2021-05-17,358.2254943847656,360.18684427026994,353.7704514255286,356.7684981275583,1170200
2021-05-18,345.2806701660156,360.81265424154304,345.2806701660156,359.79462653308474,1664800
2021-05-19,334.7548522949219,338.26657388037313,327.8434243977524,337.93035704348904,2800600
2021-05-20,331.76611328125,335.29653245501726,327.3857746856815,334.30652268953736,2947000
2021-05-21,335.9969482421875,344.0664925219451,328.9174420406642,334.1756886157872,3614400
2021-05-24,335.63275146484375,338.5560934999594,332.7841432819187,337.66883564914315,1914700
2021-05-25,336.8749084472656,343.5154464387729,336.5760300826895,337.8929361554065,1682300
2021-05-26,334.1197204589844,337.3979770523571,331.27111226138703,335.931631598658,1949800
2021-05-27,338.29449462890625,339.49932828636054,335.025587754072,339.3872560396403,3337100
2021-05-28,337.2579040527344,339.5368021290649,333.9702984330498,338.65886458313685,1348100
2021-06-01,340.5361022949219,344.8697535015576,338.0984448681486,340.3493246755677,1483500
2021-06-02,333.15765380859375,341.1898309968452,332.2703961527925,340.4426636548434,1882700
2021-06-03,335.21240234375,339.433951925485,331.14961228136366,331.7753870115795,1336800
2021-06-04,333.0923156738281,337.57537697793373,331.8501149836489,336.48261546490585,1279300
2021-06-07,331.96221923828125,335.9503046249795,329.645983025698,333.49394957476756,1537000
2021-06-08,333.0362854003906,335.735482717998,329.1603007580519,333.35386149873045,1521700
2021-06-09,326.4517517089844,332.4105071153297,326.15287335257506,332.2797371459223,2000800
2021-06-10,318.89593505859375,331.0002244326186,318.2701602313579,328.6466213190227,2232000
2021-06-11,319.0172424316406,323.6217236065438,316.2620100071102,322.5756781512621,2028400
2021-06-14,313.385498046875,319.8205610897233,309.92043559811464,318.52235265545755,2775000
2021-06-15,315.7764587402344,316.645047289513,313.5909640827217,314.646358740551,1722400
2021-06-16,314.3381042480469,317.55097521870357,313.0025290458412,315.7764313518265,2264600
2021-06-17,306.6982421875,314.665035514047,300.6460832578728,313.5722739077185,3387800
2021-06-18,307.24932861328125,309.9391774243084,302.09380406055607,302.7102016190191,2930600
2021-06-21,315.5710144042969,316.39291575843646,310.58359864452785,310.98520046446913,2010700
2021-06-22,319.5123596191406,320.026033674557,313.49756763055433,316.42090942501267,1677400
2021-06-23,324.7893371582031,326.115592283867,318.9426529816935,320.05408390667117,3352700
2021-06-24,327.4698181152344,331.31778477557873,323.6498695227037,326.47980838233457,2140200
2021-06-25,326.88140869140625,332.3918756921651,324.2196067534608,330.7107061232073,6604800
2021-06-28,326.7879943847656,327.77800399270956,322.31425343776056,327.24563226883157,1304200
2021-06-29,326.7318420410156,330.2620213085814,325.94528440324405,328.48287222492445,1213400
2021-06-30,330.2713623046875,330.9081239272972,326.02020763300266,326.02020763300266,1643600
2021-07-01,331.7508850097656,333.5300056213251,329.53166358485186,333.033724157425,1467900
2021-07-02,330.0747375488281,333.26780439651975,328.8667964654215,332.0130556318513,1131800
2021-07-06,327.21875,330.54289516397927,322.35892441107495,330.0747040943419,1924000
2021-07-07,329.494140625,330.1308735999596,326.06697868173273,326.2168032480963,1309100
2021-07-08,321.72222900390625,325.2524086837023,317.90180166344703,323.05190448862805,1621000
2021-07-09,327.2467956542969,328.4079002041583,325.4395566543243,326.98460983413105,1325400
