Date,Close,High,Low,Open,Volume
2016-07-01,42.00967025756836,42.202643017620815,41.475930887132975,41.60731044820815,6205747
2016-07-05,67.72734069824219,67.72734069824219,65.14965587221496,65.21704708329906,17648801
2016-07-06,67.91265106201172,68.27487148961028,67.16293125893034,67.60096678173207,10769354
2016-07-07,67.98004150390625,68.45177261934494,67.42406414524841,68.30856632999368,4682215
2016-07-08,68.11483764648438,68.4686415292653,67.80316052304367,68.23277227407802,5748514
2016-07-11,67.457763671875,68.35068980800308,67.3988036223087,68.30014640881751,6332366
2016-07-12,67.6767807006836,68.05584892062782,67.60096560679814,67.60096560679814,4183414
2016-07-13,68.2664566040039,68.4602063173279,67.81157322220564,67.98846788488687,3393926
2016-07-14,68.13166809082031,68.90665962520067,67.94634954416246,68.83926842660381,3289586
2016-07-15,68.16536712646484,68.8224240964242,68.02216082222722,68.49389923618645,3323088
2016-07-18,68.1822280883789,68.72135055891684,67.84527926284967,68.2496193033818,2641325
2016-07-19,68.13166809082031,68.24117878854021,67.87053444574099,68.02215739310041,3210062
2016-07-20,68.561279296875,68.73817392388023,68.32541012822446,68.46861640919086,2628014
2016-07-21,68.47705841064453,68.85612671098916,68.3001564873909,68.5612974217177,3706721
2016-07-22,68.43490600585938,68.62022449164613,67.94632722599793,68.56968835878146,3496913
2016-07-25,68.47705841064453,69.23519501133379,67.87054478040237,69.19307550579721,4420745
2016-07-26,68.3338394165039,68.52758910603335,68.18220922469825,68.46019790967527,3770453
2016-07-27,68.10638427734375,68.58654648194047,67.95476135695331,68.4180685154153,3443671
2016-07-28,68.38435363769531,68.52755986885748,68.0137022158638,68.31696247008958,3108430
2016-07-29,68.60340881347656,68.8729663675453,68.39281131070119,68.50232201214438,3867348
2016-08-01,68.65393829345703,68.98247036586268,68.38438076558158,68.4349241613363,3454500
2016-08-02,68.17379760742188,68.67922442168238,67.88739222078424,68.45178634248167,2594400
2016-08-03,68.21587371826172,68.46859058937233,67.96316409663106,68.32538436240965,2162827
2016-08-04,68.3338394165039,68.51916520648858,68.06427463107164,68.23275262196681,2182454
2016-08-05,68.65393829345703,68.75502508496646,68.35068516841177,68.4517719599212,2319281
2016-08-08,68.46863555908203,68.822432161528,68.40124434919048,68.78873655658222,1843829
2016-08-09,68.40121459960938,68.78028274089746,68.29170393116482,68.65392427730758,1797017
2016-08-10,68.41808319091797,68.51074609238276,68.19063788732257,68.45177879145062,3088238
2016-08-11,68.68762969970703,68.8729554728335,68.44334388461385,68.47703947972775,1860185
2016-08-12,68.561279296875,68.67078273283721,68.32541012822446,68.53600760023387,1357210
2016-08-15,68.42647552490234,68.89820646525924,68.35908435492559,68.84766308777667,3301205
2016-08-16,67.98004150390625,68.40122922310331,67.8621069126758,68.40122922310331,2339585
2016-08-17,68.24958038330078,68.27485207451541,67.82839277920483,68.08110244186994,1811568
2016-08-18,67.86211395263672,68.22433441379502,67.27244818479613,68.15694321181508,2983222
2016-08-19,68.01373291015625,68.05585240891817,67.51673007424901,67.735751467811,2407039
2016-08-22,68.17379760742188,68.21591711273396,67.83684881440973,68.05586299254803,2115113
2016-08-23,68.25802612304688,68.51074311606295,68.09797202747002,68.3675368200205,2486902
2016-08-24,67.9041976928711,68.31696133813689,67.78626315151514,68.21587458840321,2451821
2016-08-25,67.82842254638672,67.963204958682,67.65994453101763,67.74418353870217,1992499
2016-08-26,68.40121459960938,68.6286525845896,67.97160307288534,68.03056310641239,2244946
2016-08-29,68.94035339355469,69.14252698397586,68.39280716898067,68.39280716898067,2850907
2016-08-30,68.40121459960938,69.61424135110911,68.3338234190281,69.61424135110911,1763966
2016-08-31,68.578125,68.79713911471758,68.24116905507685,68.40122312891535,4100167
2016-09-01,68.60340881347656,68.94878146854444,68.45177861147829,68.69606446521398,2635685
2016-09-02,68.3927993774414,68.94876943827832,67.96318779622254,68.91507384371351,2695920
2016-09-06,66.96918487548828,68.41808115633832,66.66593172919615,68.22433145903719,6933816
2016-09-07,66.84280395507812,67.20503152852451,66.69960495459206,66.85965174919191,4336145
2016-09-08,66.54800415039062,66.77544947121355,66.32898273033892,66.67436266195892,3480218
2016-09-09,64.88007354736328,66.16891546911572,64.87164964918865,66.16891546911572,4415894
2016-09-12,65.88250732421875,66.0425614002089,64.51785022789953,64.67790430388968,4515948
2016-09-13,64.74529266357422,65.64663528999534,64.74529266357422,65.62137084437332,4185670
2016-09-14,64.39990234375,64.83793768877023,64.14718546230742,64.69473145595276,4119794
2016-09-15,64.69475555419922,65.08224766726843,64.21460055008491,64.54312536885271,5072842
2016-09-16,64.50100708007812,65.00644104069247,64.29041684597189,64.93062594660032,9140974
2016-09-19,64.70318603515625,65.1580693879847,64.55155583438554,64.576827534514,3012324
2016-09-20,64.62737274169922,65.0991039078025,64.50943813780242,65.0991039078025,2809058
2016-09-21,65.24230194091797,65.31811703381098,64.5599733543638,64.79584253225319,3141706
2016-09-22,65.42762756347656,65.79827187834155,65.30126907563067,65.73088068482375,2813570
2016-09-23,65.36021423339844,65.56238774547862,65.14961682498159,65.242279684685,3154903
2016-09-26,64.52629852294922,65.25074683869222,64.3662516359306,65.25074683869222,3605426
2016-09-27,65.3939208984375,65.46131208054898,64.36621987020088,64.5936578603454,3568202
2016-09-28,65.4909439086914,65.5331313234284,65.06907702249437,65.28000683500642,2309467
2016-09-29,65.07752227783203,65.4825142465036,64.82439775917868,65.36438947113203,3708638
2016-09-30,66.14061737060547,66.41060954144533,65.32218885349087,65.34750130024202,3847946
2016-10-03,65.80315399169922,66.16596592646489,65.65128648948523,65.77784153113417,3003638
2016-10-04,65.52471923828125,66.09002355369965,65.33065705527132,66.04783612261053,2238516
2016-10-05,65.62593841552734,65.81155576443196,65.27156415992584,65.6765633091847,2357633
2016-10-06,66.08154296875,66.16591777589854,65.44030169559215,65.5921763484595,3337639
2016-10-07,66.02251434326172,66.23345146892835,65.58377238304985,66.10688919352837,2949156
2016-10-10,65.9971923828125,66.46968421507951,65.87063012564089,66.14906709141843,1631088
2016-10-11,64.41096496582031,65.6512605205451,64.06502814160305,65.6512605205451,4831562
2016-10-12,64.7822036743164,65.41500764467024,64.58814156331484,64.58814156331484,3548914
2016-10-13,64.30128479003906,64.68940181358539,64.09034767877789,64.40253460344442,3148361
2016-10-14,64.25907897949219,64.79907056862326,64.15782919506033,64.76532064047932,3633401
2016-10-17,64.00597381591797,64.4109730757508,63.87941880839455,64.3772231374314,2479118
2016-10-18,64.48690795898438,64.65565038292293,64.17472104152606,64.3265957581274,1839091
2016-10-19,65.10283660888672,65.17032922130198,64.32659532378409,64.6134625253645,3287105
2016-10-20,67.65090942382812,68.29215085647076,65.50781783392567,66.00562205874117,7330082
2016-10-21,67.64250183105469,67.73531418301381,66.9675101688916,67.2290722516855,5154622
2016-10-24,67.74371337890625,68.55370436790751,67.54121381636295,68.10652509512965,3926794
2016-10-25,66.46125793457031,67.58342894830774,66.42750799363536,67.54967900737279,3963566
2016-10-26,65.59220123291016,66.25875520109064,65.398139102845,66.25875520109064,3686304
2016-10-27,66.09003448486328,67.12783093895354,65.76097246794197,65.7778474431687,4746511
2016-10-28,65.97189331054688,66.6384474056549,65.65971360738688,66.08158062234031,2932687
2016-10-31,66.27564239501953,66.29251736596427,65.77783075214978,66.02251783084847,2952089
2016-11-01,64.99315643310547,66.41906963533933,64.81596924552605,66.41063215021649,4783622
2016-11-02,64.74846649169922,65.36439561716266,64.69784158320843,65.01002851890162,3126590
2016-11-03,64.57972717285156,65.22096885558966,64.45317214246529,64.93410158922495,3233976
2016-11-04,64.91719818115234,65.38968993484097,64.62188629686416,64.6809486737218,2929529
2016-11-07,65.9803237915039,66.15751096866747,65.5668943059633,65.57533179059014,4182962
2016-11-08,66.59624481201172,67.00123676369078,65.7693786802779,65.92125338509761,4444771
2016-11-09,67.69310760498047,67.95466961379802,66.04781997819843,66.60468667128119,5276107
2016-11-10,67.7015609741211,68.59592724326741,67.56656119595928,68.30905271467357,4376302
2016-11-11,68.29219055175781,68.59594010959525,67.73532362356622,68.25844060088698,4044331
2016-11-14,66.73970794677734,68.50312092057983,66.6553330780055,68.23312134050995,5259864
2016-11-15,67.1868667602539,68.04748289501582,66.95905468485908,67.94623308372924,5481516
2016-11-16,67.67626953125,67.71845697502604,67.02659015827682,67.195339933381,5869435
2016-11-17,67.4737548828125,67.87874694875852,67.44000493888569,67.72687220108793,3236119
2016-11-18,66.64688110351562,67.47374737656021,66.32625667187956,67.44843492143104,3727927
2016-11-21,66.8409423828125,67.17843451893336,66.15751336446377,66.87469232254205,5148192
2016-11-22,66.16594696044922,66.79875103201016,65.83688506742695,66.53718901447962,4537493
2016-11-23,66.79032135009766,66.83250877720839,65.9550175544803,65.99720498159103,1988326
2016-11-25,67.12781524658203,67.44843970093807,66.91688536673357,67.04344039017255,1077466
2016-11-28,66.6806411743164,67.25438298323657,66.50345396149264,67.08563325673774,2672119
2016-11-29,66.7649917602539,66.94217164747509,66.44436739649265,66.68061692768516,2102705
2016-11-30,65.95499420166016,66.97591505391011,65.81155700027078,66.84936007856257,6288036
2016-12-01,64.98472595214844,66.08158461398804,64.89191360579383,65.92127237937554,4440598
2016-12-02,65.23783874511719,65.33908857047835,64.52066700449244,65.03534635556994,3771919
2016-12-05,65.06063842773438,65.64281747998322,64.97626359970225,65.56688013475431,3299174
2016-12-06,65.28843688964844,65.31374933561067,64.48689062318869,65.2462494797114,3908633
2016-12-07,64.94251251220703,65.3812543489896,64.35189598767073,65.22094217858287,5288064
2016-12-08,65.59220123291016,65.95500578011908,64.9509597164773,64.96783468430905,4811710
2016-12-09,65.89596557617188,65.89596557617188,65.34753619818835,65.7440908145584,3301769
2016-12-12,65.66816711425781,65.99722186874388,65.40660499924364,65.74409724131081,5427485
2016-12-13,66.85780334472656,67.11935806165536,65.94656242412526,65.95499990728985,6491640
2016-12-14,66.41062927246094,67.08562079186329,66.26719929276285,66.84094099507867,4246694
2016-12-15,67.271240234375,67.43998991641948,66.2165692439449,66.31781905317159,5247794
2016-12-16,66.8409423828125,68.02217575099745,66.67219268416476,67.44843403676975,5204254
2016-12-19,66.32625579833984,67.22062193994975,66.15751336087588,66.77344249973211,3071318
2016-12-20,66.52877044677734,66.67220772298214,66.2165906950373,66.52033295994177,6183922
2016-12-21,66.11534118652344,66.57095821676661,66.08159123901088,66.25877846345179,3039509
2016-12-22,66.09003448486328,66.36846431492745,65.9550346830494,65.98034714588951,2319168
2016-12-23,66.61314392089844,66.67220632751128,66.07315203590002,66.14065192917184,1514002
2016-12-27,66.50343322753906,66.93373763477807,66.4696832927616,66.5878080644827,2483405
2016-12-28,66.0259780883789,66.65133650318708,65.96682187469486,66.4062680334906,2024760
2016-12-29,66.10202026367188,66.28793974791523,65.93300255072337,66.0428640641399,1463806
2016-12-30,65.78092956542969,66.38938638940189,65.62881354125888,66.38938638940189,2272356
2017-01-03,66.57528686523438,66.71895197363096,66.1020443691083,66.28796392115095,3205438
2017-01-04,66.9978256225586,67.42036275049264,66.4654196777482,66.5330267818511,3604411
2017-01-05,67.61473846435547,67.6485347463417,66.87951842242849,67.00628175253827,3822905
2017-01-06,67.96965026855469,68.21472597430626,67.37809549289656,67.59781853943247,2372861
2017-01-09,68.10488891601562,68.18939781042559,67.81755867502171,67.94432201663668,2614027
2017-01-10,68.53583526611328,68.7217547205893,67.91047710103625,68.00343682827426,3945518
2017-01-11,68.74713134765625,69.10206133908834,68.14712562622235,68.45980118144722,3135840
2017-01-12,68.69644927978516,68.83165624871091,68.20629765385215,68.49362791733012,4057416
2017-01-13,68.75558471679688,68.94994785765758,68.51895986549495,68.6879776164249,2781648
2017-01-17,68.37528991699219,68.51895499507071,67.82598953822365,68.45134789950436,3627310
2017-01-18,68.6119155883789,68.95839468467456,68.45134873445024,68.8738858141858,2389104
2017-01-19,68.11331176757812,68.70486651223246,67.80062898697265,68.52739790702394,3305153
2017-01-20,68.0541763305664,68.3753028224091,67.70768990039159,68.31614660262315,2494459
2017-01-23,67.60628509521484,68.02882224070154,67.48797265811993,67.87670625015093,2769578
2017-01-24,67.63166046142578,67.97813972793577,66.73587326688113,67.61475867902472,3394378
2017-01-25,68.47669982910156,68.50205248966822,67.74993083223224,67.81753792707666,2522434
2017-01-26,68.27384948730469,68.46821980225862,68.07103556179693,68.33300567011675,2154593
2017-01-27,68.41753387451172,68.46823918842168,68.02880040724253,68.41753387451172,2569020
2017-01-30,67.91051483154297,68.73869467981446,67.37811609790771,68.71334201284563,2610305
2017-01-31,70.9189682006836,71.07953503092716,69.1781075435329,69.62599721834721,7035223
2017-02-01,70.59786987304688,71.61196202697317,70.01476579363275,71.45139513290997,5237530
2017-02-02,70.7330551147461,70.87672018638753,69.81192302434332,70.2429109665597,2685430
2017-02-03,70.72459411621094,70.95276802090024,70.42036951599871,70.85135739659388,1933166
2017-02-06,70.13304901123047,70.45418269881316,69.76966816377896,70.35277206062915,2328982
2017-02-07,70.2091064453125,70.39502594720781,69.9386853516271,70.14149935371421,1962269
2017-02-08,70.12458801269531,70.23444952155253,69.77810898823701,69.87106872650081,1917036
2017-02-09,70.78375244140625,70.98657369611556,70.06543443701787,70.14994329314673,2365867
2017-02-10,70.96968078613281,71.04573876614536,70.60629265940615,70.79221216610351,1509264
2017-02-13,71.14715576171875,71.22320647581692,70.82602203964561,71.00349067552814,1655791
2017-02-14,71.07110595703125,71.23166556384375,70.60630709525715,70.70771775600787,1496630
2017-02-15,71.50208282470703,71.56968992131472,70.68235405104714,70.77531380888271,2347368
2017-02-16,71.19784545898438,71.52743002980607,70.68234865938129,71.47672471121811,2803757
2017-02-17,71.02883911132812,71.20630773665063,70.71615629528371,71.04574088516836,2642227
2017-02-21,71.62039184570312,71.89081294659528,71.25700371867794,71.43447233885303,2602973
2017-02-22,71.66265106201172,71.76406170888015,71.40912444484063,71.52743686618713,2331012
2017-02-23,71.94151306152344,71.99221837790482,71.51897603105266,71.8316515426971,2016638
2017-02-24,72.74435424804688,72.74435424804688,71.84011653440785,72.10209405381705,2225995
2017-02-27,72.78661346435547,72.95563122990731,72.48238148636217,72.60914481052605,1963622
2017-02-28,72.29645538330078,72.72744333028062,72.19504474337424,72.56687648373025,2570148
2017-03-01,73.74152374267578,74.02040295920395,72.89644975315566,73.14151815557962,2888582
2017-03-02,73.20069122314453,73.52182494042911,73.05702613909617,73.5049231658352,1724825
2017-03-03,73.37818145751953,73.4880430247212,72.85423356357607,73.24296722096364,2474155
2017-03-06,72.75279998779297,73.09082820008037,72.3725173398811,72.83730885904191,2501791
2017-03-07,72.73589324951172,72.95561629976345,72.46546487997112,72.65983527057843,1791941
2017-03-08,73.20069122314453,73.35280719448986,72.58378372317476,72.70209614533223,2111503
2017-03-09,73.7838363647461,73.89369796093833,73.11622316829049,73.11622316829049,2605906
2017-03-10,74.1640853881836,74.37535759213995,73.80915535824616,73.97817312141125,2527848
2017-03-13,73.94436645507812,74.1049333233237,73.47957489865516,74.02042444529971,1841460
2017-03-14,73.40351104736328,73.75844103401488,73.04857378800331,73.75844103401488,1883534
2017-03-15,73.91900634765625,74.19787834434264,73.52182193365093,73.57252725535903,2009983
2017-03-16,73.01478576660156,73.9190236088409,72.66830659339634,73.77535849712,2987057
2017-03-17,73.24296569824219,73.41198349042318,73.0063407891888,73.11620235410645,3504922
2017-03-20,73.07392883300781,73.4288661039456,72.96407456947378,73.34435722991279,1733398
2017-03-21,72.91338348388672,73.58098917370151,72.60070058890331,73.3528224419642,2059502
2017-03-22,72.94717407226562,73.14998810078784,72.52462969470115,73.0232247875185,1979076
2017-03-23,72.93029022216797,73.23451497607884,72.66831264368842,72.94719200142471,2475960
2017-03-24,72.68519592285156,73.42041586067863,72.34716769646334,72.96407520960649,3510900
2017-03-27,72.71056365966797,72.87958144425725,72.16971402169244,72.3218300278228,2365754
2017-03-28,72.58377075195312,72.72743581032755,72.0851757632432,72.51616366565928,3466344
2017-03-29,72.47374725341797,72.65996302783286,72.16055392692289,72.40602977741904,1851048
2017-03-30,72.55838775634766,72.81232829464228,72.29598981802549,72.51607161788083,2541158
2017-03-31,72.39755249023438,72.64302101341814,72.1266826333906,72.1266826333906,2452723
2017-04-03,72.35523986816406,72.75307274516624,72.01665249660306,72.5075969007845,2891515
2017-04-04,72.17747497558594,72.48220358245322,71.8558242862518,72.48220358245322,2891177
2017-04-05,72.6006851196289,73.29478172390834,72.27903450449338,72.43986345435097,2844929
2017-04-06,72.90542602539062,73.03239627050428,71.93199476410018,72.45680511056995,2253518
2017-04-07,72.85462951660156,73.09163332887178,72.62608310178165,72.82077078848009,1513212
2017-04-10,72.88851928710938,73.10013642799387,72.70229620313103,72.94777208655704,1844957
2017-04-11,72.97315979003906,72.98162447493746,72.51607409010799,72.69382518839186,1441246
2017-04-12,72.58379364013672,73.14245563085531,72.43990126289997,73.14245563085531,1815742
2017-04-13,72.60919189453125,73.02396153198457,72.32139983884142,72.38065264419188,2227913
2017-04-17,73.38793182373047,73.40486119577834,72.63458205218392,72.7361582844711,1873270
2017-04-18,73.25248718261719,73.33713403168845,72.95623049545031,73.1255169090103,2115790
2017-04-19,73.16783905029297,73.63339671201973,72.91390579211533,73.54028517967438,2914075
2017-04-20,70.16290283203125,72.6007025723206,70.12905138218746,72.37216339953186,9945576
2017-04-21,69.15563201904297,70.38299678518261,69.05405579819013,70.16291497333482,8614987
2017-04-24,69.79894256591797,70.42532199244307,69.5111432662197,69.95977158633758,6010661
2017-04-25,70.50995635986328,70.71310877073624,69.95975919833059,70.08672945512619,7625731
2017-04-26,70.23906707763672,71.10245730078414,70.10363945904342,70.81465813154182,5498323
2017-04-27,70.17984771728516,70.50997045092709,70.0698140906542,70.39992953971311,3124109
2017-04-28,70.53536224365234,70.6792618921601,70.14598672416075,70.18831015019245,4810243
2017-05-01,70.3660659790039,71.0178394315921,70.35760129410559,70.7385048299475,4774486
2017-05-02,70.25601959228516,70.83161083586718,70.20523148685892,70.59460696179337,4220863
2017-05-03,70.09522247314453,70.46766142571246,69.78202904644814,70.28143830713624,2501904
2017-05-04,71.17021179199219,71.22099990711403,70.0698172001856,70.0698172001856,3381067
2017-05-05,70.9839859008789,71.43260694882768,70.85701561808688,71.42414226330821,1841234
2017-05-08,70.58613586425781,71.01782743657631,70.58613586425781,71.00936275310768,3705142
2017-05-09,70.3999252319336,70.78082877055296,70.27295495753295,70.50150145145412,2762134
2017-05-10,70.43377685546875,70.64539395808902,70.06980272354376,70.34066533031584,1972872
2017-05-11,70.06979370117188,70.4337677862306,69.80738852771074,70.2644741259331,2227462
2017-05-12,70.12059020996094,70.33220733269965,69.88358631707612,69.93437442653341,2407603
2017-05-15,70.49305725097656,70.73006121414585,70.19679319128407,70.28144006548193,3107753
2017-05-16,70.26449584960938,70.6792654455726,69.82433948133361,70.45071893351123,2262204
2017-05-17,69.32491302490234,70.26447832656181,69.28258960729774,70.26447832656181,2432194
2017-05-18,69.22335052490234,69.6127187593559,68.86784103123455,69.19795646931301,3033643
2017-05-19,69.528076171875,69.90052234336234,69.16410197068652,69.44343659930202,3506162
2017-05-22,70.17984771728516,70.34067674136712,69.45189933534337,69.52807422006234,3885734
2017-05-23,71.06015014648438,71.69499411572968,70.399912127086,70.5099530110826,3202279
2017-05-24,71.0686264038086,71.44106524879277,70.94165613236544,71.44106524879277,2492542
2017-05-25,71.5341796875,71.62729122367462,70.81468873800614,71.06016460610284,2205240
2017-05-26,71.4410400390625,71.54261622037338,71.14478346148564,71.36485790307935,1222865
2017-05-30,71.78811645507812,71.9066220403239,71.02630212022333,71.26331329071489,2736979
2017-05-31,71.89813995361328,72.35523286095368,71.87275318778678,71.94892805442888,4330279
2017-06-01,72.88003540039062,73.20168608520933,71.96585687720362,72.17747396233516,3760865
2017-06-02,73.50643157958984,73.641866545197,72.86312277753872,72.89698151894052,2797666
2017-06-05,73.24401092529297,73.54027485023323,73.22708155815353,73.47255738167546,1884888
2017-06-06,72.5668716430664,73.12553369056134,72.54147758251736,73.02396473294934,2900652
2017-06-07,72.31293487548828,72.67690910809227,72.21135863813353,72.21135863813353,3031726
2017-06-08,71.57649993896484,72.37217301913553,71.27177857321627,72.31292022601562,2903810
2017-06-09,71.51725006103516,71.83044340886394,71.12788183210097,71.72040250287004,2850794
2017-06-12,71.16175079345703,71.88970653000655,70.95013363615085,71.5765131371934,3337865
2017-06-13,71.24638366699219,71.48338755205513,71.08555465901863,71.24638366699219,3668820
2017-06-14,71.49188232421875,71.75428765818849,71.20409021025667,71.40723544229303,2631511
2017-06-15,71.42414093017578,71.43260561553726,70.80622618337102,71.17867233927592,2802178
2017-06-16,71.5087890625,71.96587479561028,71.3225732658006,71.61882997416691,5546263
2017-06-19,72.17747497558594,72.4144861142605,71.5510956793845,71.77964213453498,2618539
2017-06-20,72.52454376220703,72.89698996075776,72.06745798493307,72.19442827989354,3357379
2017-06-21,73.20170593261719,73.32021153242165,72.54146773257558,72.72769081798258,3656976
2017-06-22,72.76155853271484,73.42179681416775,72.74462915922672,73.15939152510175,2943403
2017-06-23,72.50759887695312,72.8123275196633,72.00818977487143,72.77000409706466,5498774
2017-06-26,72.3467788696289,72.74461176689894,72.32138481546811,72.5414593336126,2010322
2017-06-27,71.62727355957031,72.37215838068742,71.62727355957031,72.2282587693594,1868870
2017-06-28,71.8307876586914,72.19536505515038,71.72904309317106,72.10209920342339,2609402
2017-06-29,71.24573516845703,71.95793954519368,71.15246935408462,71.81380146843632,2712050
2017-06-30,71.55097961425781,71.79686227821932,71.28814682185002,71.45771377620345,3112039
2017-07-03,71.44075012207031,72.06816013870478,71.44075012207031,71.88163579456473,1186543
2017-07-05,71.2966079711914,71.53400456746772,71.11007634103288,71.44074604904118,2889485
2017-07-06,70.31310272216797,70.98291372220521,70.10114220341374,70.96595629697251,3243338
2017-07-07,70.43180084228516,70.58441766102293,70.32157758430789,70.54202410026244,3245594
2017-07-10,69.99939727783203,70.57594243600744,69.94004628983483,70.46571917258407,3355349
2017-07-11,70.45723724365234,70.67768376043574,69.87221339961214,70.07570249202759,2924904
2017-07-12,70.78791809082031,71.11010190755024,70.59290768008711,70.94052763734747,3287105
2017-07-13,71.44075012207031,71.6696680209361,70.50809921475748,70.59288632420892,4653226
2017-07-14,72.06818389892578,72.31406659740027,71.14401869452242,71.49163866122736,3452018
2017-07-17,72.4666748046875,72.87364571905368,72.0003529012141,72.18687728461065,3960521
2017-07-18,72.47513580322266,72.61079517373875,72.00881401372648,72.37339127533559,3228900
2017-07-19,72.73799896240234,72.82278610444037,72.31407054886813,72.50908097555559,3277178
2017-07-20,70.54203796386719,71.38990204905328,69.10067120804752,69.57547918187888,10773866
2017-07-21,70.41487121582031,70.7116262582944,69.96550659101659,70.38943506932253,4067681
2017-07-24,70.39789581298828,71.26271727647601,70.34702353297988,70.34702353297988,3485520
2017-07-25,69.51611328125,70.78790548803556,69.43132616124376,70.60985253602246,5531148
2017-07-26,69.53306579589844,69.79589855270655,69.21087476262286,69.60937419851633,3172387
2017-07-27,68.8124008178711,69.88918285732541,68.54956069491266,69.88070414368158,5614394
2017-07-28,69.04131317138672,69.16849386569474,68.40542429315632,68.83783135714874,3404642
2017-07-31,69.0921859741211,69.50764291201759,69.01588485361135,69.21936666939553,2437834
2017-08-01,68.52410888671875,69.21935594989621,68.49019403989772,69.13456883284361,2848200
2017-08-02,68.91416931152344,69.18548094568116,68.32914516361004,68.50719091529986,4955642
2017-08-03,68.91416931152344,69.16004479591719,68.6598078138837,68.96504161105139,2827445
2017-08-04,68.6852035522461,69.12608925876557,68.60889514785073,69.12608925876557,2735738
2017-08-07,69.04131317138672,69.09218544910993,68.47324670013239,68.66825709807136,2141395
2017-08-08,68.05780029296875,69.27024170962068,67.94757701933581,68.94805789873345,3380729
2017-08-09,68.02388763427734,68.40542974762458,67.84583464804864,68.07475991605698,3007812
2017-08-10,67.22689056396484,67.95604520635766,66.95557177858772,67.87125808592731,4152619
2017-08-11,67.67627716064453,67.97302488264239,67.06581699035495,67.19299771263537,2745439
2017-08-14,68.33757781982422,68.43932235030304,67.69320309011142,67.87124872179629,2652379
2017-08-15,68.30366516113281,68.57497662110158,68.10865480481068,68.35453742799945,2029046
2017-08-16,69.15152740478516,69.39741004832152,68.52411002482906,68.58346100775162,3563465
2017-08-17,68.60041809082031,69.34653743291683,68.60041809082031,69.13456963781728,2584022
2017-08-18,68.56652069091797,68.94806281918368,68.20194328723092,68.456297409419,3227546
2017-08-21,68.74456787109375,69.10914524395227,68.50716390024766,68.58347231944819,2664223
2017-08-22,69.96546936035156,70.00786291528902,68.80390054837169,68.80390054837169,2571614
2017-08-23,69.37198638916016,69.83830832790754,69.12610370140241,69.7280850540851,2221258
2017-08-24,69.36347198486328,69.41434423891273,68.86323545002843,69.33803585783855,2305294
2017-08-25,69.66022491455078,69.82979910788778,69.45674317919841,69.61783866286856,2642791
2017-08-28,69.83828735351562,70.02481899165599,69.64327700455068,69.88068090763844,1929557
2017-08-29,69.51611328125,69.7026376486097,69.28718805723314,69.35501775323813,2244607
2017-08-30,69.64329528808594,69.7535185577423,69.28719663662037,69.38046248017574,2188658
2017-08-31,70.72856140136719,70.87269222277916,69.74503801003718,69.88917612810391,3155580
2017-09-01,70.56745910644531,70.83029917895045,70.10113724220314,70.68616107467344,1813824
2017-09-05,70.42333221435547,70.73704460890494,70.21137167685565,70.5335554881161,2176363
2017-09-06,71.23726654052734,71.37292592608758,70.3978813890271,70.55049819778236,3827642
2017-09-07,72.15296936035156,72.28862877704844,71.21184675032772,71.45772214643544,3681679
2017-09-08,73.56044006347656,74.10307057264554,72.12755170078117,72.23777500508963,6175574
2017-09-11,73.82325744628906,74.00131043892299,73.54346718309147,73.56042461096136,2967317
2017-09-12,73.99280548095703,74.04367774652317,73.58583465308106,73.82323126240325,2434337
2017-09-13,73.96736907958984,74.25564525008451,73.72997247112968,74.00976263407436,2781648
2017-09-14,74.9932861328125,75.01871496896247,73.74693021876719,73.84866745332643,3689011
2017-09-15,74.78981018066406,75.01872811936693,74.30653086934198,74.63719335709254,4040834
2017-09-18,74.70502471923828,75.11199562783293,74.62871630575405,74.94242867230032,1885001
2017-09-19,73.65367889404297,75.13743170961018,73.60280661842476,74.73893951392216,3546206
2017-09-20,73.30606079101562,73.87412730938858,73.01779182332831,73.78934746947265,3984547
2017-09-21,73.2721176147461,73.70453184412055,73.22972406284664,73.41625569120424,2135078
2017-09-22,73.57737731933594,73.670643166638,73.00931081878775,73.31453720421196,2150306
2017-09-25,72.91606140136719,73.82326934532148,72.49213293294555,73.6367449053438,2484646
2017-09-26,72.45817565917969,72.95841227250772,72.19533563868139,72.79731677607327,2693890
2017-09-27,72.45817565917969,73.04319937589428,72.03424014224693,72.73796580370269,2872565
2017-09-28,72.22041320800781,72.63655191685692,71.8722228214772,72.42423624907676,3124109
2017-09-29,72.8488540649414,72.95076557678694,72.18643654657363,72.25437755447066,2621923
2017-10-02,73.4772720336914,73.74054333522086,72.9167662487379,73.03566296555766,2155157
2017-10-03,73.4772720336914,73.79149907100076,73.12058919185748,73.71506546733092,1393080
2017-10-04,73.78302764892578,73.92740227511958,73.24799957812914,73.24799957812914,1789910
2017-10-05,73.85942077636719,73.97831015353411,73.47725285775535,73.85092815595358,1754040
2017-10-06,74.41996002197266,74.47940839171382,73.78302051194407,73.87643937868019,2340149
2017-10-09,73.91041564941406,74.47941420990182,73.63015902731262,74.42845846042883,2534729
2017-10-10,74.029296875,74.24161247424482,73.74904759262331,73.74904759262331,2114774
2017-10-11,73.85095977783203,74.30106154385608,73.825481905682,74.05477544640576,1548180
2017-10-12,73.91041564941406,74.26709858709769,73.68960740169777,73.8764451497654,2304166
2017-10-13,73.74905395507812,73.97834751341759,73.56221621162388,73.74056133037566,2304166
2017-10-16,73.14608001708984,74.08025405461997,73.00170540680514,73.85945313575235,3246271
2017-10-17,72.4072265625,72.99321029920955,71.17581072216277,72.56858641556352,5457264
2017-10-18,73.07810974121094,73.18851381071855,72.271318080356,72.51760408156527,3800570
2017-10-19,76.51760864257812,77.8254581539159,75.58343459655211,76.28831509749078,10069994
2017-10-20,77.10362243652344,77.56221701394804,76.4751753087084,76.4751753087084,4640028
2017-10-23,76.83182525634766,77.89338852072052,76.78086951802969,77.47725729974951,3278758
2017-10-24,77.23947143554688,77.47726490437083,76.6110245765671,77.13755994890803,3965710
2017-10-25,76.98472595214844,77.25649003383532,76.54311662803681,77.16307113075545,3155467
2017-10-26,77.67259216308594,77.81696677699779,76.72143285339095,77.02716002128334,3036463
2017-10-27,78.3434829711914,78.3519755934571,77.63011000949774,77.63860263176345,3243451
2017-10-30,77.9698257446289,78.30103075043208,77.70655441777492,78.10570771977935,2618088
2017-10-31,78.36051177978516,78.53036431952764,77.85096146918679,77.90191723110952,3223598
2017-11-01,78.90402221679688,79.09085998593105,78.20763420410672,78.44542772845931,3247399
2017-11-02,78.73416137695312,79.09934425075075,78.42843418658711,78.84456550158961,2198472
2017-11-03,79.09085083007812,79.11632870473791,78.31802927402506,78.62376376994256,2006486
2017-11-06,78.65773010253906,79.08235401574689,78.4454144916217,79.08235401574689,2038070
2017-11-07,79.1502914428711,79.22672505935545,78.6322486842148,78.75963073639551,1432560
2017-11-08,79.18428039550781,79.28619190790735,78.78512697194297,78.91251636244239,2257692
2017-11-09,78.96344757080078,79.20973364920188,78.29253763136857,79.16727053223617,2730662
2017-11-10,78.33501434326172,78.90401290072509,77.83395678473454,78.81908665205485,2663885
2017-11-13,79.26069641113281,79.30315953186026,77.99531003070823,78.25857407059175,2302248
2017-11-14,79.14179992675781,79.24371141683032,78.53883091912212,78.81908020819486,2227574
2017-11-15,78.48786926269531,79.0908382249178,78.48786926269531,79.03988248371934,2080145
2017-11-16,79.47300720214844,79.71080068569049,78.40295114346289,78.64074462700495,1752912
2017-11-17,79.23522186279297,79.52396378722634,78.81059063770428,79.08235462176104,1703844
2017-11-20,79.55792236328125,79.66832646525998,79.00590916201344,79.23520998920003,1445419
2017-11-21,79.9825668334961,80.01653733516932,79.61739124913665,79.8297068845943,1779646
2017-11-22,79.6258773803711,80.0335160585756,79.24371657634357,79.99954555967297,1782466
2017-11-24,79.84668731689453,79.98256200676003,79.49848969575677,79.83819469198873,1011365
2017-11-27,79.87215423583984,80.0674772732542,79.68531651354012,79.99104365958613,1577395
2017-11-28,80.1014404296875,80.3901896104241,79.72777232794809,79.98254370820773,3090946
2017-11-29,79.77873992919922,80.22034908031071,79.35410871791248,80.21185645608497,2244494
2017-11-30,80.13540649414062,80.52606712884773,79.69379743309693,80.04198764671067,2466034
2017-12-01,79.67682647705078,80.27979547360768,78.82757138401051,80.245824977541,2606921
2017-12-04,78.82757568359375,80.24582935448169,78.65773050262285,80.00803586904475,3128395
2017-12-05,78.75965118408203,79.17578987075755,78.61528384631285,79.13332673946414,2681143
2017-12-06,78.58128356933594,78.93796642843647,78.26705651681523,78.85304019802547,2299315
2017-12-07,78.70867156982422,79.12480278310079,78.16514370448267,78.5812822263848,2016638
2017-12-08,79.1333236694336,79.28619093615931,78.71719230753061,78.92100802120342,1734977
2017-12-11,79.15878295898438,79.20973870259408,78.63224758364389,79.04837884783002,2046079
2017-12-12,79.59190368652344,79.78723404737273,78.99742728821766,79.25220601976021,2429035
2017-12-13,79.9570541381836,80.13539919430376,79.49845987392771,79.65981968660786,2681482
2017-12-14,78.8530502319336,80.15240710531137,78.57280094454175,80.15240710531137,3237247
2017-12-15,79.82969665527344,80.11843857386894,79.17577189048501,79.17577189048501,5720201
2017-12-18,80.13540649414062,80.54304506520978,79.90611299543775,80.03349502421703,3339670
2017-12-19,80.15245056152344,80.45818519566718,79.8722011221889,80.20340633388072,2118722
2017-12-20,80.35625457763672,80.81484911137002,80.11846102974523,80.22886517698056,3361102
2017-12-21,79.67682647705078,80.68743411778122,79.63436335696744,80.44115532992437,2473930
2017-12-22,79.37110137939453,79.88915150554871,79.3286455629273,79.6004022549054,2947464
2017-12-26,79.25221252441406,79.63437334446704,79.19276414884155,79.25221252441406,668678
2017-12-27,79.45602416992188,79.60889141360633,78.81059200521456,79.1248191172326,1187784
2017-12-28,79.57511138916016,79.77073451363101,79.16686175332383,79.65165956830093,847015
2017-12-29,78.94571685791016,79.97485720565861,78.92870615266504,79.88129832681052,2080934
2018-01-02,78.62251281738281,79.51556011316968,78.40137367158653,79.25190152814625,4087646
2018-01-03,79.66865539550781,79.87278383509259,78.43539404550918,78.45240474880792,2791236
2018-01-04,80.0513916015625,80.72330708495714,79.96634540177861,80.0513916015625,2397226
2018-01-05,80.55321502685547,80.79135758414299,80.23851697527965,80.38310797194963,2121430
2018-01-08,81.0124740600586,81.06350616223382,80.19596774483358,80.47664430679733,2038522
2018-01-09,83.87023162841797,84.09987607847104,82.09263543674211,82.09263543674211,4917178
2018-01-10,83.55555725097656,83.81071048108909,82.6880187016026,83.36843951453557,2780069
2018-01-11,83.85324096679688,83.94679983917622,83.1643147715835,83.768187446452,2285441
2018-01-12,84.53369140625,84.76333599158251,83.88729174489667,83.89579709990899,2136996
2018-01-16,84.60169982910156,85.28212063369871,84.32102322787864,84.95041192316252,2511830
2018-01-17,84.70378112792969,85.20558965111823,84.27000811129827,85.09502005864356,2867827
2018-01-18,84.83134460449219,85.11201388707339,84.29550745491235,84.66123757287954,1485125
2018-01-19,85.5287857055664,85.80095700995994,85.08651465550804,85.22260030770481,3240293
2018-01-22,85.02699279785156,85.65638173526756,84.77183947270493,85.46075857430857,2440090
2018-01-23,85.00994873046875,85.36717349291521,84.78881691139101,85.1970664631788,2688588
2018-01-24,86.22621154785156,86.4983828339197,85.120530337361,85.30764809653286,2508221
2018-01-25,87.3488998413086,87.61256576375271,86.26873473368204,86.54090600846307,2407152
2018-01-26,88.28447723388672,88.30148793778116,87.41693865485026,87.58704569379466,2744875
2018-01-29,88.1908950805664,88.6416712951867,87.85918644219403,88.12285228295156,2910804
2018-01-30,86.41333770751953,89.15202494191291,86.01359341182726,87.29787983406868,4386228
2018-01-31,86.14116668701172,87.23834997477316,85.77544380414548,86.67699664078381,3732439
2018-02-01,86.63442993164062,86.91510646923388,85.47771702192746,85.83494170613706,2582218
2018-02-02,86.90662384033203,87.20431115500023,86.13264414177462,86.13264414177462,5140183
2018-02-05,82.24571990966797,86.62592329374945,81.89700060973396,86.28570934259432,5429177
2018-02-06,82.54340362548828,83.84470740985304,80.58720259393209,81.0549894788878,7550719
2018-02-07,81.0124740600586,82.47537236367923,80.58721386151032,81.97356401186812,6020136
2018-02-08,78.38433837890625,81.26761512363663,78.36732768071971,81.14004220681514,3883817
2018-02-09,80.340576171875,81.03800773368809,78.11220317062214,79.35396995443027,4166381
2018-02-12,81.14856719970703,81.55681673543218,80.45964107596006,80.9104173674461,2535293
2018-02-13,80.78282928466797,81.1825807501455,79.9833409928701,80.57020284601384,2270213
2018-02-14,81.73543548583984,81.79497294854961,80.05139046549458,80.281034964518,1697527
2018-02-15,82.90067291259766,83.16433155930937,81.97359667327711,82.49241593253068,2139365
2018-02-16,82.960205078125,83.70866152117195,82.34782696680772,82.79009801398657,2130792
2018-02-20,82.37335205078125,83.13031392996353,82.14370748903583,82.62850535536096,2381885
2018-02-21,82.79859924316406,84.11691428541218,82.18622116234808,82.2372532790478,2455656
2018-02-22,82.80709838867188,83.72566178124936,82.55193782430025,83.24936938066918,2642227
2018-02-23,84.48262023925781,84.53365234575128,83.04523786509628,83.10476800309274,1857478
2018-02-26,85.75841522216797,86.31976111957292,84.41458428127315,84.64422877913057,4052904
2018-02-27,84.6867446899414,86.58341593351226,84.66122863789242,85.76690958752378,2904374
2018-02-28,83.164306640625,85.22257967299366,83.14729593821916,84.88236562487685,2309918
2018-03-01,81.64188385009766,83.35143775779247,80.92744155385402,83.13880394355908,2594287
2018-03-02,81.83748626708984,82.00759329068049,80.7232999017298,81.24212632368126,2615606
2018-03-05,82.9942398071289,83.34295202498144,81.1315891146996,81.34421565940686,1919518
2018-03-06,83.13880157470703,83.15581227936102,82.40735591374614,83.12179087005305,1720990
2018-03-07,85.74991607666016,86.09862820499119,82.45838861995425,82.70503651962828,4368067
2018-03-08,86.42182922363281,86.46435598440596,85.6138280885233,85.93703147039918,2733257
2018-03-09,88.23344421386719,88.51411350565606,86.47285833765727,86.86409720362172,3919800
2018-03-12,87.94427490234375,88.70124400717152,87.48499315542952,88.38655326267245,2586391
2018-03-13,87.43395233154297,88.70123517560704,87.23833654968585,88.36102840573102,2323680
2018-03-14,86.90662384033203,88.01230494136838,86.62595454893906,87.58704466856514,1707792
2018-03-15,86.94065856933594,87.31488678839487,86.72802474056323,87.07674421975047,1452413
2018-03-16,86.6939926147461,87.32338135055554,86.65997120634665,87.18730303653791,2830378
2018-03-19,85.31612396240234,86.62593318474987,84.6697247009786,86.57490108624972,2422493
2018-03-20,85.5287857055664,85.78394630343534,85.06099859572114,85.31615919359008,2627112
2018-03-21,84.89090728759766,85.8945318392566,84.88240193275664,85.78396222632323,2227687
2018-03-22,82.91765594482422,84.9419001837018,82.68801147018456,84.2699847811871,2115790
2018-03-23,81.59935760498047,83.70015042461324,81.40373449464458,83.27489011302882,2788867
2018-03-26,83.48749542236328,83.6490897474501,82.0501059589738,82.62846242030166,3588619
2018-03-27,82.71356201171875,84.19347904842546,82.23726948159528,83.94682376911364,2325710
2018-03-28,82.22795104980469,83.46324498010655,82.08312176641843,83.05432257042405,2648093
2018-03-29,83.4121322631836,83.94032586958737,82.34722568040755,82.5431711896832,2567102
2018-04-02,81.87015533447266,83.32694572943721,80.95007063039223,83.16508501775958,2934266
2018-04-03,83.68476104736328,83.78698616626868,82.1938858068,82.4239088205372,2450129
2018-04-04,84.39183044433594,84.56221781402283,81.9212502420881,82.50907933586547,2462537
2018-04-05,84.52813720703125,84.97114435179701,84.16181170742479,84.8177957247627,1832098
2018-04-06,82.34721374511719,84.35776277134771,81.58899725945855,83.94031370339533,2035025
2018-04-09,83.14804077148438,84.29814107670849,82.39834353106126,82.94357588819338,2278109
2018-04-10,84.78372192382812,85.6526828513704,84.17885408930655,84.17885408930655,2608838
2018-04-11,83.84661102294922,84.45999831603838,83.51436293286254,84.17034707489148,1990807
2018-04-12,84.34073638916016,84.92004621627514,84.30665890923318,84.46000023726089,1675531
2018-04-13,84.54518127441406,84.98818111547129,84.10218143335685,84.84335917911588,1516145
2018-04-16,85.55045318603516,85.98493362657389,85.20115909467411,85.31191087973981,1644962
2018-04-17,86.63240814208984,86.86242377487451,85.50786609039638,86.04457900908449,2891402
2018-04-18,87.23727416992188,87.45025106010071,86.58980946722701,86.92205752162593,2369702
2018-04-19,86.47052764892578,88.5833088741507,85.55896995512843,87.74841815912019,3822679
2018-04-20,86.33422088623047,87.08391795014363,85.49933747264633,86.3597789906244,4128593
2018-04-23,86.2149429321289,86.88796562977515,85.91677240269358,86.64091130509586,2464229
2018-04-24,85.27782440185547,86.58979228464857,84.51960805427122,86.23197886299157,2877528
2018-04-25,85.6100845336914,86.18088221587098,83.99994590276857,85.25227839292266,3511351
2018-04-26,86.70909881591797,87.24581183582407,85.6101073324829,85.80605285765209,2202082
2018-04-27,86.58980560302734,87.00724732752593,86.28310833729108,86.89649553712118,1689406
2018-04-30,85.46527099609375,86.74316171691959,85.38007730381962,86.64092928619064,2515214
2018-05-01,85.95085144042969,86.01900638134767,85.18411568674408,85.49081292087499,2647980
2018-05-02,84.81781005859375,85.91679407477866,84.56222897034452,85.67825172574605,2218099
2018-05-03,84.34073638916016,84.7070619667315,83.26730310310396,84.46000023726089,3544176
2018-05-04,85.36305236816406,85.60158741345856,83.37806101214234,84.06812269949943,3064663
2018-05-07,84.83483123779297,86.35977608710056,84.7070407201198,85.54193143727599,2973521
2018-05-08,84.49405670166016,84.89446699121136,84.25552173314388,84.76667647326948,2834100
2018-05-09,84.8007583618164,85.32043249687355,84.15329370216105,84.52813857600688,2316799
2018-05-10,86.18940734863281,86.41943033013354,84.97115947857785,85.19265575874991,1649813
2018-05-11,86.73465728759766,87.22877345625528,85.98495999809421,86.1638667826863,2381885
2018-05-14,87.46727752685547,87.86768780770554,86.76018467289303,86.84537101802792,2896591
2018-05-15,85.39710998535156,86.76019430177266,85.07337397767134,86.42793892546928,2938327
2018-05-16,85.78900909423828,86.2149702706347,85.26933484607301,85.38008665816348,1568822
2018-05-17,85.85716247558594,86.26608490413577,85.51639500706837,85.78900751555368,1627591
2018-05-18,86.25753021240234,86.47903374180336,85.49080188929564,85.74637555311763,1978512
2018-05-21,87.10095977783203,87.62915328907802,86.58128563501974,86.65795995092289,2442797
2018-05-22,86.39385986328125,87.30542495756501,86.30014681014866,87.17763443056602,1541863
2018-05-23,87.16912841796875,87.1946865272845,86.14681870862546,86.18089618771315,2321198
2018-05-24,87.1435546875,87.85917428841739,86.79426058946497,87.27134521117137,1477567
2018-05-25,87.00724029541016,87.76545669833499,86.76018596073251,87.1946663871008,1379995
2018-05-29,85.66121673583984,86.41943333252226,84.86892999087637,86.14682082476781,3243564
2018-05-30,86.25753021240234,86.62386297256556,85.86564668433357,86.07011148070373,1686134
2018-05-31,84.57926940917969,86.30867947948845,84.56223066962069,86.30867947948845,2905502
2018-06-01,85.69526672363281,85.97640584281916,85.02224404267656,85.27782506011869,2482277
2018-06-04,86.78575134277344,87.1265187518762,85.90826371699698,86.03605424477644,2501904
2018-06-05,86.97317504882812,87.49284922628112,86.59833014440184,86.91353946581712,2213926
2018-06-06,87.57805633544922,87.64621129790484,86.63242089466547,87.06690144867606,3103579
2018-06-07,87.32245635986328,88.0210298521631,86.99872038532465,87.77397551902538,2514876
2018-06-08,87.74842071533203,87.91880807675936,87.31394027533442,87.54395588161924,2132710
2018-06-11,87.95291137695312,88.60037620886689,87.6462140363204,87.77400459491737,2326162
2018-06-12,87.88472747802734,88.71109148826835,87.68878201935657,88.1232624438978,3122304
2018-06-13,87.42469787597656,88.24255000217829,87.35655025279931,87.94437940648217,2332930
2018-06-14,87.44172668457031,88.09771071857831,87.16059485950535,87.74842394643281,2968670
2018-06-15,87.16059875488281,87.8080634494422,85.72935946551097,86.93909516697158,5086716
2018-06-18,86.27459716796875,86.76872058750321,85.78900044937973,86.53017824703831,1855898
2018-06-19,85.21821594238281,85.88271946236277,84.86040973853682,85.56751010797983,3088802
2018-06-20,84.45997619628906,85.72082793140689,84.27255744168187,85.42265739856177,2692310
2018-06-21,83.4121322631836,84.70706183510934,83.21618675390792,84.51111632583367,3168778
2018-06-22,84.59628295898438,85.15003449812117,83.68472532729382,84.13624445951773,3180509
2018-06-25,84.2214584350586,84.40887722793825,83.51435811509309,84.40887722793825,3221794
2018-06-26,84.44295501708984,84.80928789819227,83.99995514367889,84.41739690910596,2636023
2018-06-27,83.61659240722656,85.87419599445836,83.61659240722656,84.77521199404366,3096924
2018-06-28,84.15419006347656,84.42725505855142,82.8486127430057,83.59953413584616,2271566
2018-06-29,84.20536804199219,85.03308875131187,84.17123492640732,84.33336722543547,2653056
2018-07-02,83.73605346679688,83.84698610360307,83.1131313883455,83.77871986556849,2435126
2018-07-03,84.02616119384766,84.76001576551556,83.80430330725932,84.18829347745618,1403232
2018-07-05,84.3589859008789,84.86244212457237,83.83846311558176,84.54671073490425,2800824
2018-07-06,84.7600326538086,84.89656513036701,84.36750912731742,84.47844176452114,2147261
2018-07-09,84.90509033203125,85.2634807052845,84.51255949927234,84.99042312176145,3616030
2018-07-10,85.46829223632812,85.74134986085917,84.89656980288768,85.07576868823332,1986972
2018-07-11,84.11152648925781,84.99898040950812,84.05179351957453,84.76004853077498,2068752
2018-07-12,85.00747680664062,85.57066578996009,84.55521308955893,84.75147847621702,2658019
2018-07-13,84.64910125732422,85.40002254578764,84.04324572733037,85.22082366767816,2373538
2018-07-16,83.77018737792969,84.83683267007764,83.65072146023951,84.5467011556872,2203999
2018-07-17,84.97335815429688,85.20374934726716,83.54831522635662,83.80431360033884,4634839
2018-07-18,84.29072570800781,85.24643853922055,84.05179382839678,85.03311384746924,3597192
2018-07-19,88.0623779296875,90.51993320911056,87.64424720732579,90.45166696872498,6697049
2018-07-20,86.43252563476562,87.89170165863392,86.28746723517091,87.52477800472059,4199318
2018-07-23,88.01116943359375,88.25862718658992,86.19360299623101,86.52639354116165,3941232
2018-07-24,88.36103820800781,88.92422736554987,87.78931577014518,88.73649519849761,3745411
2018-07-25,88.35250854492188,88.75356539279299,87.74665296097272,88.35250854492188,3556584
2018-07-26,88.56584167480469,89.10343102015115,88.21597716294079,88.63410792102204,2786386
2018-07-27,87.67838287353516,88.77916134448826,87.60158335087125,88.62556964277518,2709343
2018-07-30,86.87625122070312,87.90022995692436,86.69705237159978,87.67836471517738,1968247
2018-07-31,87.53331756591797,87.98558142396871,86.86773638658221,87.31145962067762,4073321
2018-08-01,87.03838348388672,87.87463750636832,86.89332508032071,87.55037289502519,2426215
2018-08-02,86.56905364990234,86.91038479285044,85.95466493620903,86.7823856142449,2723894
2018-08-03,86.50080108642578,86.69706652462631,86.08267771387385,86.57760060572164,2508898
2018-08-06,87.30292510986328,87.42239103294762,86.14241368713047,86.21921320911326,2823610
2018-08-07,87.26023864746094,87.5588960428952,86.99570702144769,87.43090421263078,2439751
2018-08-08,86.9957275390625,87.28585906827766,86.68853679291996,87.15785986421216,1552805
2018-08-09,86.79093170166016,87.20052179003305,86.72266546299562,87.18345523036692,1443502
2018-08-10,85.61335754394531,86.53493711929156,85.19522681370272,86.53493711929156,1989454
2018-08-13,85.2122802734375,85.96320147276981,84.52109936999848,85.52801159263062,2500099
2018-08-14,86.0058822631836,86.26188067294673,85.20376125620714,85.29762733978697,2091876
2018-08-15,85.40855407714844,85.74134464320994,84.91363119611671,85.50242015423646,2005246
2018-08-16,85.74134063720703,86.33867019076789,85.4341499247039,85.77547375455337,1781902
2018-08-17,85.93760681152344,86.30453782619702,85.67308249339597,85.8522740174133,3398438
2018-08-20,85.82666015625,86.27039061312308,85.77546048814926,86.00585899460259,1370294
2018-08-21,85.8522720336914,86.48372735190192,85.71573956626993,86.26186943595582,2152111
2018-08-22,85.92052459716797,86.07412359857902,85.20373660086233,85.79252542932542,1441697
2018-08-23,85.118408203125,86.02292093716962,85.07574181532928,85.98878782693303,1839542
2018-08-24,85.45975494384766,85.68162022004977,85.16962342881413,85.28055606691518,3762106
2018-08-27,87.430908203125,87.6783659403027,85.79253338994225,85.79253338994225,2887906
2018-08-28,87.63569641113281,87.83196181301291,87.29437262104132,87.63569641113281,1815629
2018-08-29,88.45491790771484,88.5914504138607,87.46507192538911,87.72959631243084,2247427
2018-08-30,87.90022277832031,88.35247915979511,87.57595822071049,87.85755638916113,2258933
2018-08-31,88.35250854492188,88.47197447430072,87.62718703159388,87.84051904834182,3275261
2018-09-04,88.36103820800781,88.73649519849761,87.67838312597793,88.45490429153394,2527848
2018-09-05,88.75357055664062,88.76210383780703,87.72959150390352,88.23304774910568,2153916
2018-09-06,89.25702667236328,89.46181805959515,88.65117110388992,88.75356312569843,2041229
2018-09-07,89.30821228027344,89.49593707701635,88.96688111598871,89.16314653545243,1698881
2018-09-10,89.70927429199219,90.15299748785355,89.47034246304385,89.61540821633392,2342066
2018-09-11,89.81167602539062,89.98233427840135,89.03515490436105,89.74340978674061,1909930
2018-09-12,90.27245330810547,90.34071953731436,89.80313032590767,90.0676546204788,2996870
2018-09-13,91.66338348388672,91.76577550692234,90.3663395268762,90.39193936853884,2513410
2018-09-14,91.19404602050781,91.96203386754473,91.05752088578419,91.67190969469084,1538705
2018-09-17,90.4260482788086,91.00630385751433,90.16151665245742,91.00630385751433,2340487
2018-09-18,91.10018157958984,91.15138125575992,90.41752657426939,90.6564510527825,2094922
2018-09-19,91.74016571044922,92.15828903514985,91.11724369106409,91.30496848424467,2320860
2018-09-20,92.13270568847656,92.35457098076148,91.6633826061041,92.35457098076148,2027016
2018-09-21,92.22655487060547,92.66174475132736,92.17535519715425,92.23508814951401,4975608
2018-09-24,92.01324462890625,92.44843461240812,91.58658792632824,92.2948428993938,2210316
2018-09-25,92.17536926269531,92.33750158669818,91.83403805426822,92.11563630122058,2214715
2018-09-26,92.92628479003906,93.28467519295181,92.15829696252413,92.30336271707074,2260061
2018-09-27,92.44770812988281,93.34500600214876,92.24260811134506,93.02027166054901,2322439
2018-09-28,92.85791015625,93.01173518563176,92.37080491762684,92.44771743231773,2202420
2018-10-01,93.39627838134766,93.94320439432217,93.13135753151685,93.30227420882704,2259497
2018-10-02,93.11429595947266,93.49885860771599,92.96902409122346,93.43903775132257,1950650
2018-10-03,92.7468032836914,94.11412200692496,92.61861577443486,93.6184709922178,2706862
2018-10-04,91.4393310546875,92.5246375620782,91.10605079152495,92.43064071666741,2114436
2018-10-05,91.4222412109375,91.96062155722927,90.47366806614258,91.6102496143608,2164858
2018-10-08,90.2514877319336,91.48207363751183,89.32855197996058,91.30261104790878,2369815
2018-10-09,91.20858764648438,91.54186786148217,90.1318197766333,90.41383233537076,3438821
2018-10-10,88.73886108398438,91.08893606735657,88.67049441049942,91.01202355968599,3819408
2018-10-11,86.54261779785156,88.87560884565791,85.88459581325279,88.49959208050456,3967176
2018-10-12,88.34577941894531,88.6961587264777,86.99555927269212,87.89285742460456,3272554
2018-10-15,87.15789794921875,88.05520319953501,87.02971778867517,87.93556151890371,2526382
2018-10-16,89.77290344238281,89.84127012434445,87.67065738974006,87.97830010414806,2648093
2018-10-17,89.69599151611328,90.1660051032767,88.73887267118343,89.41398630558298,3972252
2018-10-18,86.51698303222656,90.67021512512476,85.88459853430714,90.58475676670054,6239419
2018-10-19,85.79059600830078,87.1664534244801,85.2863917270163,86.48279395681877,4805280
2018-10-22,84.22672271728516,86.18369692887923,83.4661507334432,85.85895518894745,4116072
2018-10-23,83.25251007080078,83.72252364369999,81.7228203070939,83.20123506054787,3816926
2018-10-24,81.87667846679688,84.30366718309966,81.75703672779731,83.52600323402457,3740222
2018-10-25,83.99602508544922,84.74804417117313,82.0390501151233,82.50051804373165,3909310
2018-10-26,83.01322937011719,83.82507637091699,81.97919800546624,82.90213351098193,3080117
2018-10-29,82.76541900634766,84.46601840780784,81.56047076782306,84.02164226390909,3604862
2018-10-30,83.50886535644531,84.0728830309831,82.44919667754617,83.01321435208398,3585348
2018-10-31,84.944580078125,85.83333974315597,83.81654433920073,84.28655800468242,3231946
2018-11-01,85.90167999267578,86.11532586333482,84.38908929166665,84.93601536613484,2560447
2018-11-02,86.52552795410156,86.93572807020489,85.44022152241767,86.55971129711017,2934830
2018-11-05,86.96137237548828,87.18355676799331,86.33753367123357,86.78190981066395,2332253
2018-11-06,86.49988555908203,87.36300756685813,85.90168444465306,86.83317313458323,2776685
2018-11-07,88.93540954589844,89.02086788932098,87.0382637395921,87.19208140333414,2323567
2018-11-08,89.51655578613281,89.74729340838232,88.83290346608852,88.8927169766946,1826683
2018-11-09,89.20889282226562,89.40544704866255,88.23468223505114,89.22598449412624,2943967
2018-11-12,86.78192138671875,89.18327232343744,86.44864107629395,88.99526389711399,2637602
2018-11-13,85.87604522705078,87.8928402471371,85.71368171459059,87.07244743206047,2240659
2018-11-14,86.0896987915039,87.12373022196326,85.50858930730942,86.61953326052655,2130792
2018-11-15,86.86736297607422,86.88445464789174,84.35491663657855,85.5256814472388,2555146
2018-11-16,88.19194030761719,88.52522050630473,86.49133391214278,86.52551725092292,3121966
2018-11-19,86.5682601928711,88.37140953705365,85.99569653165767,88.2432293506602,3227546
2018-11-20,87.14080810546875,87.79028417379298,85.95295181744736,86.19223518372107,3128734
2018-11-21,87.96973419189453,88.67903100094689,87.0980665502406,87.38862488226445,2398805
2018-11-23,87.51681518554688,88.02101201167702,87.08097767354775,87.08097767354775,1037873
2018-11-26,88.26034545898438,88.405617357707,87.63650660872632,88.10652036741942,2282395
2018-11-27,88.8755874633789,88.89267177599238,87.54245214377256,87.97828229865308,2117143
2018-11-28,91.4136734008789,91.51622341445936,89.11487334745823,89.26869836782892,2459040
2018-11-29,92.24263000488281,92.9433812134565,90.71294004572438,90.90094844067393,2594851
2018-11-30,93.60993957519531,93.7210280792416,92.29389565297961,92.38789984091207,3698148
2018-12-03,92.84082794189453,94.73798143423204,92.57590703097785,94.43033134413523,5096868
2018-12-04,90.84110260009766,93.06299732051971,90.59328077479798,92.89208064485231,4726320
2018-12-06,89.61055755615234,90.18312132279246,87.51685675503089,89.56782836801342,4043090
2018-12-07,87.05535888671875,90.13181524634408,86.6366129872166,89.43961734580061,2755817
2018-12-10,86.92719268798828,87.24338129442182,85.05567649646464,86.90155517764876,3484166
2018-12-11,86.58536529541016,88.49106496784039,85.97007235848626,87.99541375423358,2254759
2018-12-12,87.19209289550781,88.92687543237928,87.13227204722747,87.63647633987608,3062633
2018-12-13,87.59375,88.87561065297801,87.02973219522003,87.73902185325291,2694115
2018-12-14,85.79914093017578,87.02972648798172,84.72237305128114,86.57679722317508,2898622
2018-12-17,85.77349090576172,86.69642626220178,84.80781902521474,85.43165754825192,5055470
2018-12-18,86.07261657714844,86.55117608358172,85.0129475226703,86.20934996596385,3987818
2018-12-19,86.01280212402344,88.1150560703315,84.95313299064273,86.20935638508095,4805393
2018-12-20,84.05582427978516,85.77351532707586,83.40634807001679,85.31204016304709,6051833
2018-12-21,84.15835571289062,86.08114657607548,83.67979629450639,84.149809877662,7098053
2018-12-24,81.0562515258789,83.97889765647662,80.83406717194964,83.74816011319184,3495898
2018-12-26,85.42313385009766,85.4573171947066,81.18445059952927,81.34682148642175,3092750
2018-12-27,86.87822723388672,86.87822723388672,83.79683119119038,84.34463411364642,2977130
2018-12-28,87.16069793701172,88.20494663952168,86.76695926482479,87.61434599745158,2827783
2018-12-31,88.26485443115234,88.70994291004392,87.43458685553864,87.43458685553864,2233778
2019-01-02,86.02229309082031,87.45172103090093,85.56864499809329,87.01519201209608,2703929
2019-01-03,83.55716705322266,86.86966301673009,82.54714925413458,85.56862838368093,3631145
2019-01-04,85.97949981689453,86.76696989150253,84.39600749648952,84.39600749648952,2883958
2019-01-07,86.33042907714844,87.00662507333872,85.85110241431525,86.21915510612051,2657794
2019-01-08,88.53021240234375,88.57301008929888,86.84400563494506,87.07511314450278,4116298
2019-01-09,89.32624053955078,90.14794874931937,88.7869970590252,89.08657349655672,3401597
2019-01-10,90.18218231201172,90.24209170350242,88.3419039955297,89.05233081871052,1889851
2019-01-11,90.0965805053711,90.1222591139795,89.18927703408433,89.51453940979077,1745806
2019-01-14,89.09510040283203,89.85689157284699,89.00095289377684,89.32620782393349,1763515
2019-01-15,89.90825653076172,90.28486869808468,89.0523104116708,89.24062017843679,2336201
2019-01-16,89.4375228881836,90.51600995009714,89.15505813252389,90.12227856599537,3163476
2019-01-17,90.36192321777344,90.66150699964587,89.40326984820268,89.43750799470239,3487889
2019-01-18,91.9710922241211,92.17651371647922,90.75565287668053,91.08090786986993,3556584
2019-01-22,91.08090209960938,91.50031195973814,90.14792749180656,91.44039521311842,3026762
2019-01-23,90.84125518798828,91.56024894010491,89.83124453990237,90.92685055921775,2142862
2019-01-24,90.77278900146484,91.15796081743107,90.06235476499326,90.81558668837344,1873382
2019-01-25,91.01243591308594,92.14227995653586,90.67862136824353,91.3976150412235,3158964
2019-01-28,90.75565338134766,90.76421291716892,89.83979041468264,90.3362361261059,2369364
2019-01-29,90.10515594482422,92.2706895215015,89.44607890709385,90.89261868204606,4098137
2019-01-30,93.30635833740234,93.70865652148606,90.37903391405514,90.77277256230728,3973831
2019-01-31,94.94122314453125,95.0952874365891,92.51034422336166,92.9896709050971,3258115
2019-02-01,93.5545654296875,95.00967148616711,93.28066034001291,94.9497547478008,2919377
2019-02-04,93.80281066894531,93.80281066894531,92.89550724423121,93.46898877417144,2177717
2019-02-05,93.73434448242188,94.74435507891289,93.32348672150844,94.15375441381042,2898847
2019-02-06,93.86272430419922,94.09383178027896,93.34915950134325,93.53746929666748,1802206
2019-02-07,92.9468765258789,93.89697038654877,92.29635908961268,93.18654355837042,1924819
2019-02-08,93.51181030273438,93.6059652201459,92.06526312219874,92.37340648827285,1420716
2019-02-11,93.87984466552734,94.09383307224306,93.36627985561982,93.77713759651401,1860185
2019-02-12,95.32640075683594,95.4376747390606,94.12808029606907,94.58172839585102,2000282
2019-02-13,95.1980209350586,95.68590725104437,94.66733692765196,95.56608108127793,2213136
2019-02-14,94.46188354492188,95.0867223116325,94.40197415866007,94.98401524503367,2535744
2019-02-15,95.2151107788086,95.51469452677676,94.69298646998806,95.3178252066834,4567159
2019-02-19,95.28361511230469,95.71158465488631,94.92412187513004,95.3092937268323,2668848
2019-02-20,96.03681945800781,96.06249806514293,94.71866569082437,95.01824944073412,1921661
2019-02-21,96.23368835449219,96.26791913097814,95.26646818954941,95.72011621405724,2054878
2019-02-22,97.1324462890625,97.26083935248657,96.17379281458547,96.33641666204463,2093342
2019-02-25,105.40937805175781,106.22252646128086,103.85156487477148,106.08557390957868,9931814
2019-02-26,105.46074676513672,105.63193747344253,103.83445713485995,104.79311036895353,7519248
2019-02-27,108.18267059326172,109.15844308787777,107.01858828290152,107.3181647144654,17497649
2019-02-28,108.72191619873047,109.42379088680781,107.67766738696743,107.94300567542636,7028906
2019-03-01,109.36387634277344,109.74048862308238,108.21691306079354,109.17556651951335,4092158
2019-03-04,107.75468444824219,109.89454643492158,106.86450740117368,109.3809816206574,5082542
2019-03-05,107.29247283935547,108.37095964559654,107.02713458891076,107.3523895915033,3788275
2019-03-06,106.68476104736328,107.2240044904112,105.94008872459783,107.00146390359444,4279858
2019-03-07,106.53068542480469,106.99290038697544,105.8288181776326,106.51356635213169,3203858
2019-03-08,107.0271224975586,107.1212773831538,105.70896883164411,105.91439767294273,2672345
2019-03-11,108.13127899169922,108.54212927466864,107.00999472323474,107.26677338776243,3702434
2019-03-12,109.0814208984375,109.38956427183517,108.1998032014178,108.3538675219048,2802854
2019-03-13,109.67198944091797,110.37386399677716,109.21834141847337,109.34673445299816,2432194
2019-03-14,109.65487670898438,109.78326975093178,109.1669905157943,109.56072181155626,2572517
2019-03-15,110.15131378173828,110.7761525039008,109.58639180777581,109.67198716234732,6192043
2019-03-18,109.6206283569336,110.5792889479967,108.9957896438493,110.25402660535067,3218297
2019-03-19,111.15276336669922,111.2212396449984,109.89452648536967,110.01435997239324,3570346
2019-03-20,111.0500717163086,111.42668395795674,110.47659013418891,110.71625715737166,3587040
2019-03-21,113.23271179199219,113.3525452905901,110.23691115809281,110.23691115809281,3390994
2019-03-22,111.00727081298828,113.49806640967408,110.98159220410656,112.58220339243634,3319591
2019-03-25,110.81038665771484,111.46090396283701,110.28826237982915,110.73335084137297,1974338
2019-03-26,112.19702911376953,113.02729674948178,111.63210709722833,111.86321457199021,2145907
2019-03-27,111.0500717163086,112.26551117288588,110.27116125717514,112.00016554007641,3322298
2019-03-28,111.28146362304688,111.60714534065613,110.57866821824645,111.41859587293457,1644737
2019-03-29,113.14988708496094,113.27844859046044,111.4786096410931,111.79572064544996,3622121
2019-04-01,112.97847747802734,115.2754136560219,112.54137571302105,114.11837479955635,2689603
2019-04-02,112.80704498291016,113.1498756295336,112.63563703547294,113.13273409720242,2333945
2019-04-03,112.24996948242188,113.1927465269083,112.14712027292784,113.1927465269083,2649785
2019-04-04,111.82142639160156,112.81562055743447,111.58144492873681,112.49850957166657,2556499
2019-04-05,112.78134155273438,112.93561535584591,111.78714735109907,112.12139988196564,3048984
2019-04-08,113.08989715576172,113.16703406277199,111.65859374410016,112.83277413239416,2395646
2019-04-09,112.98705291748047,113.58699928919155,112.30139886754267,112.47281422399611,2327515
2019-04-10,112.70420837402344,113.51842387479887,112.57565424305918,113.08132212741957,1843378
2019-04-11,112.6441879272461,113.03843572542938,112.14708357734878,112.92701578493515,1637743
2019-04-12,112.81561279296875,113.57840358584399,112.29280344644168,112.83275432485075,2467500
2019-04-15,111.84712982177734,113.07273458675431,111.14433439785097,112.79847007951506,2761006
2019-04-16,109.85875701904297,112.87563034397122,109.55021676038733,112.63565622632255,3525902
2019-04-17,107.03041076660156,111.23860486750496,106.28476156674068,110.65580020717232,6662306
2019-04-18,108.65027618408203,111.1700519601769,107.38181752977748,109.91016407212948,6535294
2019-04-22,108.7359848022461,109.33593106964233,107.13327362570351,107.58751686544825,3082034
2019-04-23,109.51592254638672,110.27014264484409,107.00471739103007,107.5532390873968,3927922
2019-04-24,110.81867218017578,111.31576931118293,109.08739192519751,109.49878875847972,2940696
2019-04-25,111.75286102294922,112.0785501533482,109.82446066794824,110.3558408206191,2442571
2019-04-26,112.21569061279297,112.6270874661676,111.23863783778,112.24140291612889,1924255
2019-04-29,112.5499038696289,113.08128387560822,111.53856106713796,112.26706865025598,2643242
2019-04-30,113.50984954833984,113.77554332081029,112.04427054395073,112.88419094388131,2893433
2019-05-01,112.75560760498047,113.7155259308441,112.3699305471204,113.69838440045594,2043710
2019-05-02,114.42691040039062,114.46976423322738,112.46422698409121,112.90989946971874,1920420
2019-05-03,115.3439712524414,115.42110815394247,114.17836171484225,114.8383033851429,2611433
2019-05-06,114.66686248779297,114.89827314071181,113.22699610836273,113.26984993297732,3097488
2019-05-07,112.04427337646484,114.06694490161519,111.17863327821387,114.06694490161519,2551085
2019-05-08,112.89276885986328,113.96410003269264,111.74430078046412,112.13854870483418,2674714
2019-05-09,112.56707000732422,112.64420690219856,111.27289907840343,111.69285924128934,2464567
2019-05-10,112.85846710205078,113.36413491884372,110.49296519578262,112.24137932755151,1790813
2019-05-13,110.95579528808594,111.65859082437113,109.97017180936761,110.938653753643,2621134
2019-05-14,112.06141662597656,112.9956154992169,111.20434728167663,111.31576725529942,1984716
2019-05-15,112.31851959228516,112.73847976190795,110.54439310933843,111.1786224348272,1860410
2019-05-16,113.3641357421875,114.10978501176346,112.58421078432728,112.90989251795995,2598574
2019-05-17,112.36137390136719,113.89552631214382,112.15567551086093,112.15567551086093,3078876
2019-05-20,111.69286346435547,112.22424360659562,110.89578956305787,111.57287273445856,2874595
2019-05-21,111.59860229492188,113.21846264732802,111.590031527175,112.53280860345453,3238939
2019-05-22,112.9098892211914,113.24414908697831,111.49572761768742,111.73570905979085,2170046
2019-05-23,112.81561279296875,112.8927496864378,111.60714954703549,112.06140014190882,1877669
2019-05-24,113.16700744628906,114.1954845461139,112.96130907597455,113.68124599620148,2018669
2019-05-28,111.530029296875,114.94115777105691,111.32433825947048,113.68126974146811,4002257
2019-05-29,111.65858459472656,111.9157075970253,110.6986734712279,111.36718590132965,2034235
2019-05-30,113.50984954833984,113.62984028429423,111.52145376586373,111.64144450181813,2246412
2019-05-31,113.14130401611328,113.84409946055398,112.06140223908527,112.78990260595572,2246863
2019-06-03,113.06417083740234,114.69259432256891,112.45565380007632,113.30415229612937,2601958
2019-06-04,113.51842498779297,114.59832690408282,113.00418633126806,114.59832690408282,3767520
2019-06-05,115.01826477050781,115.54964482410982,113.75837706849838,114.58115575593926,3417389
2019-06-06,115.6353759765625,116.3895886973625,114.73545284541763,115.06971274802501,2416176
2019-06-07,117.86375427246094,118.1465822190658,115.90107067742062,116.37245550567907,2686332
2019-06-10,118.24943542480469,119.12364634796772,117.43522725098086,118.43799231283266,1980317
2019-06-11,118.197998046875,119.54359366883139,116.73241906683252,118.89222277463196,1970842
2019-06-12,118.93506622314453,119.12362307433344,118.15513389637381,118.25798308793141,2059051
2019-06-13,119.4921646118164,119.52644767738376,118.5922488924228,119.21790746315229,1723020
2019-06-14,119.6721420288086,120.20352213069833,119.20932805308193,119.4921559476305,2591242
2019-06-17,119.43217468261719,120.18639478354997,118.83222838375873,119.9806963807842,2481149
2019-06-18,120.85491180419922,121.3091550850079,119.6635899280428,120.38352698917606,2064353
2019-06-19,122.16619873046875,122.71472033411274,120.63204649262758,120.63204649262758,2169257
2019-06-20,123.1175537109375,123.90604946192553,122.24335029660845,123.35753516829233,2316574
2019-06-21,123.18611145019531,123.48608825145449,122.19191737491316,122.81757589880817,3402161
2019-06-24,121.83193969726562,123.4946534257862,121.80622740117902,123.10039821912467,2448437
2019-06-25,121.87482452392578,123.06614646054736,121.54057196565367,122.07195217739756,2632526
2019-06-26,120.76919555664062,122.12336191166789,119.84356752654273,121.71197249561047,2614027
2019-06-27,121.83323669433594,121.9362027320365,120.65763822387567,121.64445208644831,1822961
2019-06-28,122.63984680175781,122.80288805367103,120.7606039998457,121.83323643028065,4261358
2019-07-01,123.56660461425781,124.32172830147445,123.0174203941076,123.6009290895662,1710499
2019-07-02,123.6867446899414,124.0042460978697,122.70850449354108,123.91843490653773,1997575
2019-07-03,124.69071960449219,124.71646296163279,123.72964165602728,124.02997343788354,1639435
2019-07-05,123.9527587890625,124.85376152416217,122.80289621550862,124.05571744859925,1268662
2019-07-08,123.24050903320312,123.56659151406234,122.40815536478652,123.5408481603103,2205240
2019-07-09,122.09925079345703,122.9745175486001,121.93620953209808,122.77715181116557,2822256
2019-07-10,122.36527252197266,123.24053194268006,122.33094804392262,122.47682707563533,2653394
2019-07-11,122.45967102050781,122.90588187290652,121.81609440935485,122.87155739312317,2617073
2019-07-12,120.15991973876953,122.399569269778,119.71370900999462,122.193622448136,4832126
2019-07-15,121.08670043945312,121.30122104240226,119.73089832654578,120.46028610005551,2745665
2019-07-16,119.98831176757812,121.6187020462818,119.87675723268501,121.37843074035816,2457461
2019-07-17,119.83386993408203,121.26690210073036,119.64508530775404,120.46886538331002,3107866
2019-07-18,122.70849609375,123.56660056354558,120.88073999784719,121.3784374887195,5628833
2019-07-19,121.5157470703125,123.30917886448717,121.36128692163548,123.13755647706826,4310990
2019-07-22,121.5243148803711,122.12498578576763,121.01803627771713,121.85039738075454,2697274
2019-07-23,122.2880630493164,122.58839489806948,121.42995833827706,121.73029757181581,3720595
2019-07-24,122.44248962402344,122.60552349270226,121.03520094265146,122.22796165894123,3323426
2019-07-25,122.88868713378906,123.31773563282964,121.66160207561974,122.36524634030732,1486253
2019-07-26,122.09066009521484,123.68673333793312,121.81607169293846,123.60092215447693,1768478
2019-07-29,122.43390655517578,122.87153621218886,121.54147761943291,122.15072964577799,1655904
2019-07-30,122.45109558105469,122.77717076933828,121.38704404319448,121.83326230107802,2302135
2019-07-31,120.56324005126953,122.51970544409917,119.50776990696768,122.27086040332577,2240659
2019-08-01,120.32299041748047,122.15932787215375,119.39624426286775,120.85501245213362,2808494
2019-08-02,119.43913269042969,120.50317660676718,118.95859005808572,120.37445983024648,2279914
2019-08-05,116.44437408447266,118.38368506590562,115.07999814772012,117.70578396517183,3136178
2019-08-06,118.6153564453125,118.63251868272303,116.52158563557822,116.95064157084164,3366065
2019-08-07,118.58960723876953,119.00149353151893,115.41463039837127,116.9506358012705,2328869
2019-08-08,120.89791870117188,121.05237885603351,118.94144556061156,119.35333930690926,2109360
2019-08-09,120.40022277832031,121.42994238848557,119.43915212680402,120.77778466610498,1474070
2019-08-12,118.76984405517578,120.75205339547128,118.44376146894801,119.75665816497843,1378754
2019-08-13,120.5975570678711,121.36984288159627,118.17771144602459,118.17771144602459,1890415
2019-08-14,117.01070404052734,120.34013363691969,116.95063621234269,119.38764427384397,2696710
2019-08-15,117.72293853759766,119.61934379516173,117.11368643710549,118.19490011069927,2536082
2019-08-16,120.43452453613281,120.6061469003765,118.31501049207313,118.90710026393056,2243254
2019-08-19,121.60154724121094,121.9705279559303,120.33155645900042,121.69593954573496,1809538
2019-08-20,120.19425964355469,122.27944932609724,120.13419181286228,121.77317070933063,1750543
2019-08-21,120.4087905883789,121.48999679801629,119.44772004309763,121.33553665812984,1645188
2019-08-22,119.75662231445312,121.46424266625169,119.07872136764986,120.77776060132707,1403909
2019-08-23,116.18692779541016,120.30581302389345,115.4489589816744,119.72230434473151,2547926
2019-08-26,117.04502868652344,117.51698280960181,115.81794353564963,117.02786644987393,1648798
2019-08-27,118.63251495361328,119.10446908278384,117.56847103717477,118.40082475585402,3413441
2019-08-28,119.69657135009766,119.95400493000457,117.77442277447886,117.92888292242301,1845521
2019-08-29,121.57581329345703,122.0906730641009,120.17710562411251,120.68339166028346,2486338
2019-08-30,121.92762756347656,123.03458452441636,121.18108498360287,122.55404186270682,2211218
2019-09-03,120.02265930175781,120.99231106026963,119.2503659119646,120.60616805776533,2166550
2019-09-04,120.3572998046875,121.85039967019323,119.6536554648965,120.54608441371973,1764982
2019-09-05,122.66561126708984,123.09466726701434,120.98373390174037,121.74744619682112,2517132
2019-09-06,123.84976196289062,124.36462165706585,122.81146145655754,123.21476661695846,1931249
2019-09-09,119.58502197265625,123.79830005259713,119.34475800579904,123.65242840245635,2285779
2019-09-10,117.20805358886719,118.72689664666096,114.84827576910676,118.66682882298008,4356674
2019-09-11,119.70515441894531,119.92826352516485,116.25558870071873,117.17375371443806,3226982
2019-09-12,121.6273193359375,121.9791378966008,120.22861144433419,120.4431394598517,2459830
2019-09-13,121.00946044921875,122.49397184835155,120.15135595337583,121.32695446026682,2427118
2019-09-16,120.69194793701172,121.55005235381861,119.76520196086075,120.41735954528605,2609290
2019-09-17,122.13359832763672,122.45968091191712,120.58043764634155,120.69198482986259,2050704
2019-09-18,123.52369689941406,124.21875274290802,121.70452189365393,122.18505715493734,2944193
2019-09-19,125.06828308105469,126.08084031237145,123.48079090008336,123.56660208659896,2957390
2019-09-20,125.68609619140625,126.42407232108867,125.13691942260385,125.84913742935935,5756748
2019-09-23,124.08145141601562,125.57455125547813,123.7467951815339,124.68212970700452,2029836
2019-09-24,124.0385513305664,125.44584004807933,122.76856789901592,124.74220307410671,3469502
2019-09-25,123.52369689941406,124.1672660308294,122.42532847797091,123.70389300690552,2355828
2019-09-26,122.64742279052734,124.55465431301155,121.77112103157481,124.45155911860343,2073941
2019-09-27,121.616455078125,123.37764213329638,120.9205700419179,123.05977273792604,1879474
2019-09-30,124.0821304321289,124.70068671669456,121.84842374302129,122.19206694483725,2460281
2019-10-01,121.92575073242188,124.88110902056509,121.78829048796969,123.92748596819382,1894814
2019-10-02,117.79339599609375,121.20409132954852,117.24356241412802,120.73157913475985,3237134
2019-10-03,119.25389099121094,119.27966478578922,116.26416778770637,117.4841126107146,2151322
2019-10-04,121.69377899169922,121.7625091096453,119.59753996840502,119.72640154603864,2161474
2019-10-07,120.00131225585938,121.24703075526372,119.97553846372627,120.89478892944454,2074618
2019-10-08,116.51331329345703,119.11642955203182,115.48236891423916,118.89306406145492,3074702
2019-10-09,117.87071228027344,118.34323184812092,117.02019184517873,117.66452931690992,1838302
2019-10-10,119.21092224121094,119.77793826931617,117.00299697653757,117.32086634968864,2012014
2019-10-11,119.17656707763672,121.98588105297348,119.15079328360555,120.40510313942544,2200051
2019-10-14,119.24529266357422,120.27622959861365,118.91883201176721,120.13018549816877,1241138
2019-10-15,118.20578002929688,120.8776266265755,118.20578002929688,120.01851486542141,2355264
2019-10-16,118.03395080566406,118.9703913186185,117.621577469725,117.87071676692156,2383351
2019-10-17,118.36039733886719,118.98755219057416,118.20575459347016,118.53221521801625,1160825
2019-10-18,118.56658935546875,119.05628402655861,117.7074777133674,118.06830342008759,1617890
2019-10-21,118.75559997558594,119.33120730318814,118.14562759000657,119.1507907488081,1519416
2019-10-22,117.76762390136719,120.04427950636082,117.67311998827434,118.85869974731759,2064578
2019-10-23,118.94461822509766,119.41713042020453,118.0425427676066,118.28309819454174,2702350
2019-10-24,117.2177963256836,118.84153077613426,116.57346617720681,118.28310589220919,3136968
2019-10-25,116.72808074951172,117.10609637759053,116.04937826533964,116.60780304966846,2667946
2019-10-28,117.02019500732422,118.13704468356727,116.85696097038414,117.08033386303897,2194524
2019-10-29,117.93085479736328,119.16798219003182,116.65077107901072,116.70231866983154,2653620
2019-10-30,118.77278137207031,119.25388478564803,117.52706281930672,118.05112255494628,3577565
2019-10-31,118.40336608886719,119.15938258093577,117.40678679629752,118.7298267476902,2862187
2019-11-01,117.32945251464844,119.70061169158872,117.29508746028615,119.17655200607821,2592595
2019-11-04,116.1696548461914,118.54940545325083,116.15247231780788,118.17998848651978,2452836
2019-11-05,114.66621398925781,116.45317488832823,114.15932936571278,116.12670682570601,3566172
2019-11-06,115.86038970947266,116.02361635388883,114.56312345820386,115.00986185271209,2898734
2019-11-07,115.55110931396484,116.16967303912821,115.18169228938065,115.84321234223007,2868842
2019-11-08,116.17825317382812,116.51331249767797,115.4394118019309,115.73151480221026,1875187
2019-11-11,115.56828308105469,116.61640261007983,115.26759620357043,115.67996952456885,1240236
2019-11-12,116.44457244873047,117.08890985381888,115.57686218012635,115.69713987586559,1726742
2019-11-13,117.74185943603516,118.30028430049647,115.5167438501813,116.22981149377478,5229746
2019-11-14,116.9686508178711,117.8191713006798,116.09234914549083,117.56144073363792,2434675
2019-11-15,122.8449935913086,122.87935865025675,119.39134952811088,119.64048881196972,15505714
2019-11-18,120.47383117675781,122.91372072885434,120.37073600241315,122.50993868951952,5890754
2019-11-19,123.36906433105469,123.5408896410941,119.63191559230877,120.41370596595628,8089226
2019-11-20,122.81922912597656,123.55807055596615,122.37249071923331,122.91373304526215,6856548
2019-11-21,123.00822448730469,123.09413713248618,121.17830732548406,122.51852980328523,7818281
2019-11-22,123.12850189208984,123.58383151693296,122.38966053883505,123.36045864000253,5009335
2019-11-25,124.520263671875,124.57181125849124,123.41200534665583,123.70410833748119,5518176
2019-11-26,125.41377258300781,125.7746057819563,124.34847030647943,124.57184323916182,9711854
2019-11-27,125.93780517578125,126.461872296638,125.23333629215107,125.69724977604372,9876881
2019-11-29,125.41377258300781,126.29008178045414,124.75225983863606,125.99797871463869,2253631
2019-12-02,125.16461944580078,126.0151399122867,123.77284927253118,125.85190587373289,9419251
2019-12-03,126.02375793457031,126.28149594490398,123.80724061976964,124.16807383423678,10916897
2019-12-04,126.5564193725586,128.5323812560656,125.40518956684008,126.20417741707756,17386428
2019-12-05,126.45327758789062,126.54778149235617,125.00996001580982,126.23849598683258,17027950
2019-12-06,127.33817291259766,127.95672918478034,126.10963684591312,126.90001841232167,25289760
2019-12-09,126.74536895751953,128.27459920838203,126.52201087384589,127.55294779775474,39237706
2019-12-10,127.870849609375,127.95676227870786,125.63714978078956,127.04610277081396,45906216
2019-12-11,128.5839385986328,129.2712252402035,127.31244574274649,128.3519743664781,59998771
2019-12-12,129.9842529296875,131.461920886652,128.06841568521403,128.30897109724143,83263658
2019-12-13,127.59590148925781,130.6371646127562,127.38971115131973,129.88114816067932,72307733
2019-12-16,130.10455322265625,131.90868955201,127.17496102021676,127.2522824160776,103834430
2019-12-17,129.52891540527344,130.82618158529527,128.9275416645313,130.35366202775967,29560481
2019-12-18,128.8760223388672,130.10455867084653,128.4980066099401,129.72654294191946,36767837
2019-12-19,129.245361328125,132.3038209790267,128.15428585793424,129.6663331596494,39905820
2019-12-20,131.3158721923828,131.48768268398177,129.50313028988543,129.7780507356904,22148844
2019-12-23,131.6509552001953,132.1750224532753,130.972259938158,132.0547447230602,18189902
2019-12-24,131.7368621826172,131.8571399076445,130.98084555519267,131.30731366598107,1747046
2019-12-26,131.43585205078125,131.8744781315113,131.17782800126642,131.47885605903372,1937002
2019-12-27,131.48744201660156,131.91746724713406,131.0746035839846,131.7626528349027,2924678
2019-12-30,131.45306396484375,131.573460393949,130.85960860441085,131.5390719880949,2281493
2019-12-31,132.00343322753906,132.0894412069516,130.94554988420361,131.34978738744255,2475170
2020-01-02,133.40533447265625,133.5171448341455,131.7023914626418,132.41625761676548,2915993
2020-01-03,132.57969665527344,133.57737448801296,131.1003741016197,131.96043915695518,2627112
2020-01-06,132.97535705566406,133.10436907180258,131.81426371386144,131.97767893430358,3101323
2020-01-07,134.28265380859375,134.74709703138896,132.53672092978672,133.32797976517998,2241562
2020-01-08,134.42027282714844,135.66737414254553,134.40307122550925,135.28893890648348,3144977
2020-01-09,135.60714721679688,136.61342595103932,134.5062596884132,135.01370685698882,2374327
2020-01-10,135.9941864013672,136.38982318620117,135.3491264260944,136.09739599741084,2250924
2020-01-13,137.2412872314453,137.39610162515132,136.03719008384044,136.27801247404977,2564282
2020-01-14,138.80661010742188,139.3226432537908,137.0606626806728,137.49070263884767,3430361
2020-01-15,138.29916381835938,139.64947449199983,137.8433214598542,138.94420895619933,3000706
2020-01-16,138.90982055664062,139.29685656263803,137.99815054595595,139.0302317585065,2737656
2020-01-17,140.24293518066406,140.33754398577756,138.87542271019387,139.54628514645324,2942726
2020-01-21,140.80197143554688,141.1976082126038,139.847297494351,140.1139074754479,2586617
2020-01-22,140.8535919189453,141.51583875085132,140.2601366872688,140.93099912307704,2123347
2020-01-23,139.7440948486328,141.07720403416744,139.51187325055298,140.72457123708324,2428922
2020-01-24,139.54627990722656,140.62996592166957,139.00442949828377,140.45794991883056,2222950
2020-01-27,138.64320373535156,139.2194425124902,137.27569138487854,138.17015975129294,2648093
2020-01-28,140.84498596191406,141.1632155672491,138.479795529147,138.90121993276972,2375004
2020-01-29,142.1006622314453,142.9263240922383,140.50092849793398,141.54161032337095,2141170
2020-01-30,145.39476013183594,145.51517134222524,140.68158053894385,141.91148024161942,4325316
2020-01-31,138.35939025878906,143.8896309713794,137.90354783160439,143.8380261683019,4227180
2020-02-03,138.47116088867188,140.29450046675737,138.04972178460014,139.33122588946094,3381180
2020-02-04,139.98489379882812,140.8793620381641,139.71826904569306,140.40631812131156,2951299
2020-02-05,140.09677124023438,141.23207730408805,139.39152015553123,140.8622427529842,2195088
2020-02-06,141.03424072265625,142.0147173939725,139.81294158385444,140.77621665035028,2080370
2020-02-07,139.32264709472656,140.92238097979867,139.0732239121089,140.52674420737063,1874285
2020-02-10,140.18275451660156,140.76760905226075,138.79805500230003,139.6409187943631,1883534
2020-02-11,140.77613830566406,141.30937295489437,140.20848566250075,140.69013032942718,1862328
2020-02-12,140.90518188476562,141.79965023488168,140.3461299137921,140.6729602968228,1865035
2020-02-13,140.5525665283203,140.8707961512506,139.28826364066225,140.40635291778477,3083952
2020-02-14,142.7285614013672,142.737162203308,140.20855603959743,140.56118891917117,1842926
2020-02-18,141.0513916015625,143.1155538307885,140.4751380473156,143.02094503830023,2162038
2020-02-19,140.9739532470703,141.73940941365757,139.92467076575466,141.4297807066811,2980627
2020-02-20,137.834716796875,140.87937002749177,136.5188093569902,140.60414446026033,2739686
2020-02-21,139.22804260253906,139.4000585958654,136.69083630785903,137.0176666951791,2194862
2020-02-24,134.87611389160156,136.84566765226376,133.56880698383333,133.56880698383333,2782889
2020-02-25,130.4295196533203,135.8909678711317,129.65546253732535,135.65874629530097,3595726
2020-02-26,130.89398193359375,133.74941804680796,129.4404614759014,130.22313430882042,3613097
2020-02-27,126.47321319580078,131.7024251135994,126.46461239656557,128.8814073747757,4781028
2020-02-28,124.34884643554688,126.25820930565611,121.45902193455342,122.26748236225421,8959478
2020-03-02,129.60385131835938,129.6296537143949,123.00712015086363,124.97668084308201,5282086
2020-03-03,126.8946533203125,134.11063595451782,125.6475520797088,130.59295304060473,3502891
2020-03-04,134.15367126464844,134.29128410162465,128.40840933812296,129.50929723048637,3906602
2020-03-05,128.55459594726562,131.69384372038215,126.78284584717484,131.57343251334586,5069458
2020-03-06,127.66011047363281,128.11593803603765,123.30815781175063,124.90788428672778,3560419
2020-03-09,121.7772445678711,123.47158003385829,118.81000545187283,120.83977213194588,4797158
2020-03-10,124.11661529541016,126.64522804268051,119.58405335294411,125.98296650751983,4585207
2020-03-11,119.86788940429688,122.19867670134549,118.14775153275687,121.7084384812062,5395450
2020-03-12,110.85433959960938,116.70281608272286,109.98567373693477,111.680008870632,6604327
2020-03-13,121.60523223876953,122.19868007991884,109.42665399513734,117.37369014513241,6481037
2020-03-16,109.77928161621094,117.1844822787274,106.24439690042539,111.75744359354375,5520094
2020-03-17,113.33995056152344,116.73722191989717,108.4719573067244,111.49080089258413,5473394
2020-03-18,110.20930480957031,112.19606741743726,104.12861318690094,106.82063399767226,5536562
2020-03-19,106.81201171875,111.36177481990741,104.92845909032424,109.81365332622966,6490399
2020-03-20,106.48521423339844,111.80905082639696,104.60166102388978,108.26555783114411,7189646
2020-03-23,104.40385437011719,117.97574864503633,102.86432573370041,116.92646568500001,10128650
2020-03-24,111.07796478271484,113.52916289552361,107.62048798842132,108.1537301257213,5930122
2020-03-25,111.22417449951172,114.33761922491439,106.45938382207544,108.93638424582568,6471674
2020-03-26,119.42344665527344,120.2158156623944,112.15434323265998,113.55821271644191,5942981
2020-03-27,119.35456085205078,122.15368741927264,115.13434644236868,115.52192191834361,5929332
2020-03-30,121.2838134765625,121.96421640217896,115.83198469458532,118.4588557171245,5380222
2020-03-31,119.20816040039062,121.34410243518312,118.14879475999975,121.23213617760925,6170611
2020-04-01,110.84523010253906,116.7621490141874,110.26818069283131,114.85874501737877,4200334
2020-04-02,117.50283813476562,117.67508648562158,109.98396302890126,110.08731648663762,5812471
2020-04-03,116.4004135131836,118.68278023049099,115.40995765935995,116.69324832230193,2762246
2020-04-06,122.24842071533203,122.9460417059197,119.3976175899831,120.57755469935017,6323004
2020-04-07,119.1134033203125,125.74516102671835,119.01866265387166,125.12505512499925,3890810
2020-04-08,124.9958724975586,125.63321884593115,118.91531794292756,122.15368935554805,3700968
2020-04-09,125.51262664794922,126.45140567102419,124.11736988268207,124.48770492491391,3694538
2020-04-13,125.85712432861328,126.14134632129584,123.16997163980247,124.02263020581256,3024394
2020-04-14,131.0333709716797,131.73100688135077,126.60645671773112,128.8802033677634,3847946
2020-04-15,131.56736755371094,132.1271840307602,128.8888197457046,129.41418506576142,4172359
2020-04-16,133.3845977783203,135.10714030462336,132.40275491267923,132.79033031651394,4819718
2020-04-17,134.8143310546875,136.08039612261223,132.90232168226714,135.42582420565927,4021546
2020-04-20,134.21141052246094,135.51192649830963,132.99702241415676,134.34060232377772,3017851
2020-04-21,132.4199981689453,133.35016443828528,130.3701842964215,132.2391296230034,3420096
2020-04-22,138.01821899414062,138.53498620389493,133.7549488099625,134.42673135856938,4400892
2020-04-23,138.3627471923828,141.23077590505457,138.0440740411803,138.9656423433065,5778067
2020-04-24,142.16954040527344,142.69492041158213,139.0689667375012,139.17232018136522,4481093
2020-04-27,145.99359130859375,146.53618213152723,143.16001368903017,143.40117175436762,3634416
2020-04-28,142.39346313476562,146.96679341687707,140.8776275524375,146.26055975614952,3459125
2020-04-29,142.0834197998047,143.47867653923126,140.21447457585674,140.61064797351693,3028454
2020-04-30,140.7829132080078,143.0135956542773,140.1714200834199,141.1618758804191,3999550
2020-05-01,138.46612548828125,140.06808949548838,137.58763579197716,139.82693139185403,2397000
2020-05-04,138.767578125,138.85370602226288,137.0278094243683,138.767578125,1865261
2020-05-05,141.6355743408203,143.1083463697435,139.73217770527216,140.28338135249362,1693128
2020-05-06,141.2307891845703,143.9007092031935,141.02408225624615,141.73892889262368,2460732
2020-05-07,140.8001251220703,142.16093067143134,135.46025637070986,136.69187011246626,8317872
2020-05-08,139.03453063964844,141.8939314523125,138.75030866856036,141.29966397320237,10505628
2020-05-11,139.2757568359375,139.9475546224211,137.0795244898299,137.63074318643183,7122982
2020-05-12,138.03546142578125,141.16187377846953,138.03546142578125,139.80106811733125,3638702
2020-05-13,137.70819091796875,140.28337003355327,135.32247831252886,137.81154437299796,4644314
2020-05-14,139.2326202392578,139.35319926623484,135.7358729291495,136.1751250988515,2921746
2020-05-15,141.11883544921875,141.19635055421605,137.29480140825368,137.4239932499158,6301121
2020-05-18,139.73214721679688,143.71982300278464,139.47376361475315,142.35901752276115,3875921
2020-05-19,137.04502868652344,140.43842321002163,136.78664500664533,139.46519283989218,2835679
2020-05-20,136.93301391601562,138.83642485941306,136.838273266956,138.48330062200907,2380306
2020-05-21,135.7875518798828,136.6143646829118,134.64206592890739,136.226804056782,2570486
2020-05-22,136.3043212890625,136.66604355753032,134.8057110154582,135.87368189317746,1673162
2020-05-26,136.57994079589844,139.94749665329144,135.9339816533876,139.71495136198752,3494093
2020-05-27,138.4747314453125,138.4747314453125,134.02197883350541,135.56363841465983,3508870
2020-05-28,141.22213745117188,143.1169207901334,139.52543337315328,139.76659138969418,3483715
2020-05-29,143.49591064453125,143.88348610187748,140.50730287714603,142.04036430657325,6010999
2020-06-01,142.4365234375,143.25472330058,141.6183087503474,142.74656891592733,1705762
2020-06-02,143.79737854003906,143.79737854003906,141.5150042372588,142.72939268445268,3338090
2020-06-03,146.10557556152344,146.10557556152344,143.15141854517518,144.60696508057595,4584869
2020-06-04,145.37344360351562,146.96679427272252,144.72749944382656,145.55431211896902,2932462
2020-06-05,149.19752502441406,149.94683769020992,145.22707364685593,146.4673004765091,3422578
2020-06-08,147.71612548828125,149.19751027078195,147.25104973819975,147.6988999114606,3179832
2020-06-09,145.94195556640625,149.18032030959608,145.71802301427547,148.4568607344843,2683625
2020-06-10,148.73243713378906,150.30854779241776,146.6137059716997,146.6137059716997,2889034
2020-06-11,142.0231170654297,148.45679455555793,141.6872183869701,148.11228309047118,3718790
2020-06-12,145.0203399658203,147.44050340667374,142.3245673475718,144.4777343978237,3713714
2020-06-15,147.7505645751953,148.7151967983714,143.09110572204744,143.39255329178997,3151745
2020-06-16,150.63580322265625,151.96215756821093,148.74101977133452,151.0061530557343,3357266
2020-06-17,151.86746215820312,153.00433553251278,151.3506947952996,151.5832401086062,2377147
2020-06-18,151.5831756591797,152.56501840716297,150.56688176831727,151.36785601618516,2138011
2020-06-19,148.95635986328125,153.93449252441224,148.95635986328125,153.46080396153582,6230846
2020-06-22,150.5841522216797,150.9028253882928,148.7840942938061,149.49895572161392,1883760
2020-06-23,151.23011779785156,152.4445062930897,150.44636877754834,151.9105281682487,1452526
2020-06-24,147.67308044433594,150.5411097038528,146.1917102963369,150.40330507165228,2285102
2020-06-25,148.42315673828125,148.68181192360134,145.35381155179263,147.81962797253436,2236034
2020-06-26,148.04380798339844,148.95770820708591,145.9228649685359,148.39730343242758,3889006
2020-06-29,148.62147521972656,149.64745939348697,147.5696255246195,149.4405352227138,2574322
2020-06-30,152.4581298828125,152.95818172419047,147.77651564659203,148.2938260062809,2746342
2020-07-01,152.74261474609375,153.50995834082542,151.00103312050229,152.6995055553785,2367108
2020-07-02,154.91526794433594,155.8636550850839,153.3461085982371,153.87202576589905,1798032
2020-07-06,157.77774047851562,158.99340506062822,156.4068827787305,156.91557133110157,2129664
2020-07-07,156.95005798339844,159.2693032188545,156.58794071046083,157.14836029953094,3118243
2020-07-08,159.0020294189453,159.40725589928644,157.3725313368851,157.7691211375632,2120414
2020-07-09,159.9073028564453,161.39024445237757,158.0363933117879,159.07962108088896,2747131
2020-07-10,158.35537719726562,160.23490829461176,157.60527725428975,159.95900946501143,2206481
2020-07-13,157.26902770996094,160.9591297392605,156.8982886875895,158.99336557657082,2408731
2020-07-14,159.8900604248047,160.06249722098622,156.20857934529536,157.57943703528306,2283862
2020-07-15,162.38174438476562,162.4679627838835,159.40725413416556,161.35576027491845,2857788
2020-07-16,162.78695678710938,163.18356138876374,161.11433482848219,162.38173034628858,3116664
2020-07-17,164.63201904296875,165.5372973351086,162.14895898935592,163.76121326857591,3976877
2020-07-20,166.71852111816406,167.0116637380714,164.67517429989223,165.0545204977606,2290742
2020-07-21,168.1238250732422,168.7618263668167,166.15806047537893,166.87367316535273,2505288
2020-07-22,168.64976501464844,170.00337917929258,167.39961293950503,167.8479486606749,2872339
2020-07-23,171.76220703125,175.02121808811765,170.3568619268287,173.85728450783236,4872283
2020-07-24,168.3566131591797,170.02059851439074,164.1060907764924,170.00335483527655,3513946
2020-07-27,171.5552978515625,174.4090975103981,168.33077387365168,168.8135821244367,2993712
2020-07-28,171.58111572265625,172.27946980201287,170.5206444260353,171.30521689045486,2337780
2020-07-29,174.2711181640625,175.99545636913126,171.4259408341478,172.03807659344733,3379037
2020-07-30,174.27978515625,175.3402568402371,171.46047261416768,171.86569917198352,1913539
2020-07-31,175.7108917236328,175.84021928261689,173.18473792376363,173.7451425063769,2014044
2020-08-03,178.3233184814453,178.49575526519104,176.63346768004598,176.7455515894807,2340262
2020-08-04,177.66810607910156,178.43543506763606,176.02997117318108,177.4439382191804,1956742
2020-08-05,177.21112060546875,178.80614605632127,176.0471871250236,177.73705280936574,2347819
2020-08-06,177.3404541015625,178.61647153680158,174.48665484175118,177.78016792601932,3078425
2020-08-07,177.09042358398438,179.0389445466294,176.1851452411551,178.37506287947394,1518062
2020-08-10,174.20216369628906,177.46979669802025,173.60725670703223,177.1766541236038,2437834
2020-08-11,172.44329833984375,175.5471307677034,171.83116259725102,174.99533305976234,2731226
2020-08-12,177.5387420654297,178.45264215960535,173.47790041614846,173.78828662009062,1651618
2020-08-13,178.6337127685547,178.88374611629047,176.19376184754668,176.3834423182428,1366234
2020-08-14,176.62484741210938,179.2199913512601,175.91785659246256,178.3060763892776,1444630
2020-08-17,177.23696899414062,177.99569078872884,176.45239652348113,176.66794248785277,1392403
2020-08-18,179.05618286132812,179.58210023573932,177.28009874856272,177.89224935837754,1663123
2020-08-19,177.54739379882812,180.3235967444437,177.24562938307503,179.66833687023694,1342997
2020-08-20,177.31460571289062,178.11642204235568,176.18515944335437,176.47830202131283,1129805
2020-08-21,179.1595916748047,179.3578790864235,176.58169208760302,177.04725644658504,1615747
2020-08-24,177.22836303710938,180.52186114888073,176.56449624700846,179.92696907355963,1383830
2020-08-25,178.9613494873047,179.4614013621631,177.6249791416211,178.62509773099353,1634472
2020-08-26,179.4958953857422,180.09080236130225,176.81454759457765,177.60774205566824,1287048
2020-08-27,176.2196502685547,177.7974322765636,170.8138155097699,177.49566785214662,2877866
2020-08-28,177.29737854003906,177.84917638522128,175.61614915981556,177.01285777611696,1564649
2020-08-31,178.01296997070312,179.04757596638672,176.87488705182926,177.60774347686166,1928993
2020-09-01,179.6597137451172,179.74593214900156,177.09905682906398,177.09905682906398,1802318
2020-09-02,181.03053283691406,181.5564649882052,178.0043120263133,179.0820270048796,2163166
2020-09-03,173.2192840576172,181.02194555339312,171.83118262643092,180.61671906438946,2672006
2020-09-04,169.48605346679688,173.35719993604891,165.97699456716802,173.29684706122688,4196273
2020-09-08,169.1153106689453,169.9774797364075,166.48567943154873,169.4515623927207,3010068
2020-09-09,174.10731506347656,175.4523072651669,170.34823733868168,170.5982706989319,2984237
2020-09-10,175.09881591796875,177.90088430696346,174.88326991271435,175.02121935607715,2725248
2020-09-11,176.63351440429688,177.84055737015746,175.83168314777365,176.1851786479613,2132484
2020-09-14,179.271728515625,180.78052075909474,177.45253520838557,178.03882029838,1940950
2020-09-15,179.92698669433594,180.80639955424718,179.17690143730223,179.87525565318492,1794986
2020-09-16,178.51300048828125,181.30644672982555,178.36642922082908,179.7976396986488,2056457
2020-09-17,178.5992431640625,178.70270524927238,175.89201494705011,176.90937727862416,2216746
2020-09-18,177.87498474121094,179.82349057645592,176.4868835727102,178.96132156011294,4362878
2020-09-21,177.4438934326172,177.4611371097973,173.77965655080212,176.30582557838272,1811681
2020-09-22,178.5992431640625,178.97860414316543,175.78855286184023,176.99559568296576,1841911
2020-09-23,176.91799926757812,179.9528574236362,176.88352674546908,179.20277214489136,2008630
2020-09-24,175.59886169433594,178.04743434250284,174.38319720943375,177.43528376063395,2695243
2020-09-25,178.76585388183594,179.0851441588158,173.8298582001983,174.69279004195545,2596092
2020-09-28,181.03533935546875,182.36426215808856,179.3094760020681,179.84448799756584,2342066
2020-09-29,182.08816528320312,183.14957492990723,180.707465339905,181.21660392096027,1944785
2020-09-30,185.81602478027344,186.93784054297788,182.20032297024392,182.73534987916815,3705706
2020-10-01,185.24644470214844,188.70681518234272,184.4697929478654,187.26570955772868,2349624
2020-10-02,183.3739013671875,185.7297157721871,182.450563400078,183.12366171738117,1616537
2020-10-05,188.42210388183594,188.66372895029338,185.13432161581665,185.13432161581665,1401878
2020-10-06,188.32716369628906,190.544906751471,187.3520488916224,188.8535611219911,2232763
2020-10-07,191.59762573242188,192.67629370188985,189.29357407688528,189.43164547813245,1970278
2020-10-08,190.45863342285156,192.3225834337772,189.7941793195903,192.1413646275833,2425990
2020-10-09,195.07533264160156,195.17025676793762,190.85556831100652,191.2266353503202,1826345
2020-10-12,194.8078155517578,196.30069829434484,194.25552973613026,195.69663568350222,2130792
2020-10-13,194.69561767578125,194.98901949300048,193.6255788422324,193.6600967030817,1855447
2020-10-14,195.4980926513672,196.05900774545864,193.47882801819037,194.89404509512184,2019233
2020-10-15,194.52305603027344,194.84234628852872,190.4327334963766,192.4779021897161,1945349
2020-10-16,196.27479553222656,198.0006588741917,195.02353792555076,195.36007221703812,2972393
2020-10-19,193.1509552001953,197.36208959885838,191.78751457099483,196.96513420537042,2575788
2020-10-20,195.912353515625,197.6123432758124,192.91795885215097,193.30628477897088,2624292
2020-10-21,195.4980926513672,198.25949110134192,195.20470576261866,197.40518911850194,4243649
2020-10-22,201.90977478027344,203.30773338400115,194.8337019566067,195.69663368191746,3094330
2020-10-23,200.7706756591797,204.12749288013606,199.6229717031,202.95390052987162,2559432
2020-10-26,202.71231079101562,202.8935295818426,199.51945284431386,199.70067163514085,2689378
2020-10-27,206.91476440429688,207.54470042834294,203.5061706565278,203.5061706565278,3687319
2020-10-28,200.2874298095703,205.95692884310765,199.45038656625917,204.51582305622588,3208822
2020-10-29,198.53570556640625,201.40927321946432,197.0341933177341,200.4427878690113,2491865
2020-10-30,198.07830810546875,199.2173825722992,194.50575434321252,197.61233187295292,2930882
2020-11-02,200.5808563232422,202.98844762361537,198.33722487631982,200.5290795274156,2831618
2020-11-03,202.58285522460938,204.23969777695248,200.9260275250471,202.8935159880701,1871690
2020-11-04,207.5533447265625,211.84214411559918,205.89651721301448,206.63863632296002,3420886
2020-11-05,207.39805603027344,213.1797238514162,206.88028808235867,213.1797238514162,3823130
2020-11-06,211.81631469726562,213.7924329542867,206.906207336729,209.2447632113426,2643242
2020-11-09,201.7371826171875,214.28427715773333,201.4610397160958,212.0233868606067,4380926
2020-11-10,194.92001342773438,202.1427877926954,193.99667536231232,201.21082026074805,7031050
2020-11-11,201.18492126464844,202.69504812146764,195.14436927902702,196.72353186441228,4396944
2020-11-12,201.0554656982422,203.21280236470383,199.81283752073762,201.07272462921836,2612448
2020-11-13,202.51385498046875,203.8945399198152,201.84075659107458,202.78998305666863,2804208
2020-11-16,198.1732635498047,203.9463019776492,197.45703273230893,203.9463019776492,2426102
2020-11-17,197.91439819335938,200.26158343532254,196.55095730456298,197.29309144238448,2707313
2020-11-18,193.90174865722656,198.79459670099413,192.53830781710997,198.24231085070605,3241646
2020-11-19,194.87681579589844,196.06766701623613,190.89867731288197,193.40982171802654,3125124
2020-11-20,194.8164520263672,196.35248215356052,193.40123442568876,194.73878683075048,2654297
2020-11-23,190.77789306640625,196.58544913511327,188.7845162239245,195.88647727624246,3152647
2020-11-24,188.3444061279297,191.9169601785815,187.0068538686475,191.87381285238595,4445335
2020-11-25,187.4469451904297,187.58501662585437,183.304846686027,185.22057299976518,3616255
2020-11-27,187.06727600097656,188.5946766251436,185.5398902295909,188.29264531614248,1587322
2020-11-30,193.84129333496094,193.99662369104342,188.99159385061,189.42305220917189,3744396
2020-12-01,194.16061401367188,196.74942418089174,192.43475047071317,195.03219010417567,4376189
2020-12-02,193.98806762695312,195.04084780819014,192.64188555098895,194.2469367989284,2398692
2020-12-03,192.7281494140625,195.204776482748,191.96012693006202,193.8327062236636,3607344
2020-12-04,193.66871643066406,193.89308251490357,189.69057772614022,191.79613742652145,2843801
2020-12-07,195.1529541015625,196.74937525388913,194.18645412273608,194.51437375840933,2081724
2020-12-08,192.86619567871094,195.7915548283986,192.65047389024917,194.41948464287665,2292434
2020-12-09,192.29666137695312,193.56517794551044,190.7261135176011,192.88345017485952,2820226
2020-12-10,192.61599731445312,195.28245821341875,191.5200697948121,192.44340796446494,3682356
2020-12-11,193.08192443847656,195.0666866041107,191.0799181950277,193.02151818139438,1656355
2020-12-14,190.7951202392578,194.68696400785996,190.6311604206064,193.05601013826333,2171400
2020-12-15,192.58143615722656,193.91898846620458,190.5621560690296,191.4596204872419,2360904
2020-12-16,191.48550415039062,192.94385408837377,190.3205411814052,192.29665904017313,2009983
2020-12-17,193.72052001953125,194.2469025910591,191.9514943479947,192.28804352091373,1819802
2020-12-18,195.11849975585938,196.24031560079644,191.65811323230432,193.84998297352817,4761739
2020-12-21,195.16163635253906,195.5240590898481,190.113457901683,192.8403395882335,2800486
2020-12-22,192.37429809570312,195.08392014083452,192.12404363465234,194.42808086359796,2057585
2020-12-23,190.3378143310547,194.091572626043,190.25151967114402,192.8317002969101,1977722
2020-12-24,191.2877960205078,193.084161026376,190.49325167540195,190.6486940472336,689208
2020-12-28,192.37600708007812,194.62147106479523,191.26191160200628,192.83374233727332,2385833
2020-12-29,192.4709930419922,194.88055060166684,192.2982627703436,194.6560012485237,1955501
2020-12-30,190.5882568359375,194.18965343797473,190.2514476554238,193.28281946952038,1609882
2020-12-31,191.84913635253906,192.03050311157267,189.71594753562914,190.7177681015721,2070444
2021-01-04,192.79051208496094,194.88915480776856,189.72458000127236,194.3105084936701,3601140
2021-01-05,197.5751190185547,198.0932949840863,192.35872411840393,192.35872411840393,4187023
2021-01-06,204.12149047851562,205.23558580713458,192.12552239264062,193.35189239192533,4472971
2021-01-07,207.0233612060547,209.90792730754916,205.451530438332,205.93517524837375,4168186
2021-01-08,210.2878875732422,211.55744014448123,207.7055998649086,208.1719715761473,2591467
2021-01-11,210.83203125,210.91839639946753,208.86292070705454,209.87339295582444,1738474
2021-01-12,207.8697052001953,211.8079108309637,206.63469861281095,211.22064276751078,2499648
2021-01-13,207.1355743408203,208.40512672500137,203.56873952143704,207.2478489955017,3674686
2021-01-14,204.4237823486328,208.45698965919237,204.10423134114694,207.55017058394145,2333494
2021-01-15,204.46694946289062,206.3928770110417,202.9037554633879,204.42376689757532,2932236
2021-01-19,203.9142608642578,206.9715423942011,203.34425090880853,206.5483531848524,2544655
2021-01-20,204.72607421875,205.14926341953804,202.6187944589371,203.70698039605074,2313754
2021-01-21,201.31466674804688,206.00423388067622,200.9778427386572,204.46694942068007,2684414
2021-01-22,205.58103942871094,206.79877287397522,201.96238514427057,202.39421078617642,3057444
2021-01-25,205.67604064941406,206.66922475885667,201.7205623723743,205.46876434172304,2445955
2021-01-26,202.07469177246094,206.28926610933271,202.07469177246094,206.28926610933271,1853530
2021-01-27,191.90098571777344,198.98285262573222,188.12688869131043,198.98285262573222,5268662
2021-01-28,197.40240478515625,200.36468467854178,194.52647517228397,194.83738969581893,2957052
2021-01-29,205.40835571289062,206.49654171214178,195.13967340590756,196.85831012027708,6483406
2021-02-01,208.78517150878906,211.10836390541607,206.46196424725073,206.84197084042466,4042978
2021-02-02,211.6697540283203,212.5593001848233,209.7265679346647,211.37611252610515,4123742
2021-02-03,205.7451934814453,211.1602291585796,205.65019181237878,210.7456764208347,3199121
2021-02-04,203.413330078125,207.1701690415564,202.61878566176944,205.21833175900667,2779618
2021-02-05,203.4651641845703,205.84881247454612,202.5756180493399,204.03515928091417,1659175
2021-02-08,203.51698303222656,206.20290932879607,202.16106511211032,203.95744527449727,1747610
2021-02-09,204.68287658691406,205.91788317628792,202.73969074181264,204.2596874172638,2111503
2021-02-10,205.1060791015625,206.28063017169288,204.00924179457382,206.28063017169288,1586306
2021-02-11,207.8438262939453,208.09428522678135,205.0370035379381,206.64336558423125,2086010
2021-02-12,212.3692626953125,213.38835633810393,207.43787335921067,207.48105592309633,2372748
2021-02-16,209.23426818847656,214.92565659740603,208.6556366146272,214.02747400513613,1846762
2021-02-17,207.1960906982422,209.49337380727653,206.66926331790205,208.18927499298687,2201630
2021-02-18,205.02835083007812,206.06471767435875,203.38742798876808,205.60698241946506,1763966
2021-02-19,199.7082977294922,206.01287817788628,199.60465956884096,204.95923840950994,3474917
2021-02-22,194.75099182128906,200.10557047820237,194.3191661667281,200.10557047820237,3872875
2021-02-23,193.32595825195312,195.7355153782675,192.4709584259764,194.62142019141635,2464003
2021-02-24,192.5918731689453,195.3900733885067,192.16004755947316,193.88733513245268,3249317
2021-02-25,189.3618927001953,193.5678153541514,188.3341475841406,191.72826769137225,3297595
2021-02-26,189.7159881591797,192.4191873690265,189.6209865031529,191.8405409186814,3529963
2021-03-01,194.89781188964844,195.81326740933423,190.795512779821,190.795512779821,2242238
2021-03-02,193.53326416015625,195.82191046833086,191.84052240828478,194.38826411698736,2330448
2021-03-03,189.72459411621094,195.14826469073358,189.53459083475937,194.31915946258124,2724684
2021-03-04,185.17323303222656,190.06144038636288,183.66185798121586,188.93007194278414,4017598
2021-03-05,188.57595825195312,189.4136851522988,183.56684014614575,186.54640741646278,2743634
2021-03-08,183.42002868652344,189.4741503114433,183.16958466051491,188.28232631611533,3240067
2021-03-09,186.84007263183594,189.13735566397256,186.28733572670234,186.70188840555255,5334425
2021-03-10,183.8950653076172,189.37054137438284,182.418236139537,187.29780754913105,3706157
2021-03-11,189.3273468017578,190.00097999666372,185.3114125783501,186.40823493903872,2733482
2021-03-12,185.40643310546875,188.79190218169677,184.68096589026152,187.95417514333477,2581202
2021-03-15,187.41006469726562,188.6450713349712,185.33733106605322,185.85550704140022,2010886
2021-03-16,186.46006774902344,188.3082520629805,185.3891548502491,187.60870927580729,4423903
2021-03-17,184.9400177001953,186.35639087373244,183.78273989954477,185.19047656065234,3333578
2021-03-18,186.50326538085938,188.5846357469222,183.70506427637787,184.9832536197287,3927809
2021-03-19,190.91644287109375,191.3050859973854,186.58960885802844,187.23733253693578,5299457
2021-03-22,193.06687927246094,193.37779373189076,188.9041395808463,190.3550588599421,3060715
2021-03-23,190.27731323242188,193.9218766973704,189.36185782641707,192.52277661993955,2748598
2021-03-24,189.54324340820312,190.5278059500594,188.17868913615584,189.23234378621254,2021489
2021-03-25,189.0504913330078,190.57195856908066,186.1890973405191,190.57195856908066,2657230
2021-03-26,195.60316467285156,195.8019798437653,188.44535726638,190.08785149643506,2977243
2021-03-29,196.13047790527344,197.44447028829532,192.17121118696872,194.3583268165636,2650913
2021-03-30,192.7763671875,195.31790438522685,192.10207391345259,195.07585038941497,2773414
2021-03-31,194.57444763183594,196.54544380881848,193.45928520291034,194.07306496161783,3010970
2021-04-01,194.57444763183594,196.3552585314725,193.76185268959713,194.95481818652792,1967683
2021-04-05,195.82791137695312,197.2283516128452,195.01531649799122,196.77883768963426,2880348
2021-04-06,196.27748107910156,199.61432401602664,195.48217560373746,198.257107420625,2999239
2021-04-07,195.43026733398438,197.02087796280642,194.30646020049483,195.47349125754735,1820930
2021-04-08,198.7757568359375,199.90820876812967,196.85664436432873,197.03816996638818,2277996
2021-04-09,200.86776733398438,200.87641211890406,197.98909859317888,198.94865484011405,1694256
2021-04-12,203.01162719726562,203.34877378083635,199.7698777619099,200.1761826190336,2906743
2021-04-13,209.9274444580078,214.30164708347348,205.05184419570404,206.1064933112813,6945096
2021-04-14,205.13827514648438,209.20126511056418,204.79248370132015,208.91600204745367,2945208
2021-04-15,209.7112579345703,210.37689143006327,204.88752793104194,205.84708408546658,2594400
2021-04-16,210.1176300048828,210.82648764757596,208.7863477088629,210.39424830498794,2076197
2021-04-19,209.19261169433594,209.82368105572633,207.42910515505056,209.06293990774887,2278560
2021-04-20,209.07159423828125,210.21270601234266,207.61929992050312,207.61929992050312,1492570
2021-04-21,211.2759552001953,212.07126048041502,208.30217914520526,209.67668497626804,2081160
2021-04-22,218.64120483398438,221.39020139882226,214.4312398314595,214.4312398314595,4504781
2021-04-23,224.5714874267578,224.74438312711197,218.46834359999676,218.68446322543943,4019177
2021-04-26,223.1191864013672,225.08152291226108,222.79932934427435,224.37266539460938,2343307
2021-04-27,223.05001831054688,224.22569418414943,220.69866656334176,222.85983304171958,2154480
2021-04-28,223.36988830566406,223.84533662615317,220.7073241459893,221.13091863293945,1613830
2021-04-29,221.80517578125,224.6233458091529,220.96664655223427,224.554187532191,1930234
2021-04-30,219.5229949951172,222.49675643765906,218.5288595858978,220.72460524712633,2287810
2021-05-03,220.154052734375,222.08182496508772,219.5748670020405,221.93486361590547,1684894
2021-05-04,221.3297119140625,221.519897175095,217.7508157302564,219.56620561551026,2256451
2021-05-05,220.00709533691406,222.77339690702945,219.15127646133504,222.28065901830462,1793182
2021-05-06,222.15965270996094,222.3325484340866,218.3041226994088,219.28096866156872,1982122
2021-05-07,223.4476776123047,225.9978594040874,223.09324143076836,223.6983614957069,2967204
2021-05-10,223.9231414794922,225.33222663958935,222.453557699926,223.56007536693352,2266039
2021-05-11,222.95494079589844,223.50820707000682,220.66410238796618,222.00402926642354,1729337
2021-05-12,216.35906982421875,221.6496044464275,215.99598881318246,220.54308672051425,2097629
2021-05-13,218.4251708984375,219.71322928899417,216.5406222017743,217.68171921256564,1847213
2021-05-14,219.21180725097656,221.98675382538616,218.7622932537997,219.4970851917224,2624630
2021-05-17,216.90367126464844,220.1627108624628,216.33313028298264,218.82278394727348,1414174
2021-05-18,216.05650329589844,218.45972405013055,215.7107118552464,217.01605966455807,1690872
2021-05-19,215.53781127929688,215.65019349497703,212.61591830906073,214.22381871357044,2132484
2021-05-20,220.37017822265625,220.68139049978433,215.95275236112778,216.35905727848944,2720398
2021-05-21,218.3386688232422,222.50539562790513,218.32137925344446,220.90614017991027,1756296
2021-05-24,219.49703979492188,220.49981989402704,218.0879548339387,219.73044897089432,2501904
2021-05-25,220.5603485107422,220.77646813294618,218.5893673145375,219.61808183708064,3977779
2021-05-26,217.64707946777344,221.78788667201374,216.45411406685363,221.78788667201374,4110658
2021-05-27,220.63816833496094,221.009894113389,217.2321674677413,217.7594845068275,4750572
2021-05-28,221.42483520507812,225.20256195760757,221.31245298981563,222.16828678296844,2332817
2021-06-01,211.9761962890625,219.5748734692237,210.35963627959342,219.5748734692237,7237699
2021-06-02,209.2099151611328,212.43439071012818,208.950586449884,211.75145258874377,3759624
2021-06-03,208.34542846679688,209.84096146095683,206.02001095388025,208.46645546232475,3668256
2021-06-04,209.43466186523438,211.3883685349286,208.6566460390919,210.5066004022648,2246976
2021-06-07,207.6797637939453,210.2126557773237,207.35990678219844,209.38275650360202,2566651
2021-06-08,207.64523315429688,209.0543035336071,206.6510827504615,208.89006747647122,2624066
2021-06-09,208.07742309570312,208.7690058707091,207.36856563046948,208.26760835882976,2148840
2021-06-10,212.8838653564453,213.30745980910334,208.50101900573736,208.50101900573736,2881025
2021-06-11,213.54092407226562,214.14604428155496,212.6245915317782,213.34209397177796,3352529
2021-06-14,213.8780059814453,214.32751988897928,210.76591337040983,214.32751988897928,2119850
2021-06-15,211.881103515625,214.29296891049006,211.5007329538359,213.67920401947924,2429261
2021-06-16,211.56988525390625,212.9876151558733,210.0657223785806,212.28740242971472,2164970
2021-06-17,222.23745727539062,223.8799369072932,210.47203708213058,210.47203708213058,5641128
2021-06-18,222.142333984375,224.70116060732337,221.13955379519754,222.22013705002095,4836300
2021-06-21,227.00064086914062,227.1216678586478,221.0098792842746,223.78481062053126,3134599
2021-06-22,230.84754943847656,231.43537999778744,226.80183429358016,227.5020470690673,4207553
2021-06-23,232.23931884765625,233.94232669959695,229.68915178118684,230.47581237680527,4011732
2021-06-24,231.29632568359375,234.13400388100186,229.3757116501266,233.2861669975818,3530866
2021-06-25,230.61288452148438,233.70144295912473,229.7910022261373,231.34825132355382,4510985
2021-06-28,235.05105590820312,235.61340658135967,230.60421937901637,230.60421937901637,2504047
2021-06-29,234.3416290283203,236.25359141498612,231.97113458320698,236.25359141498612,3390204
2021-06-30,232.1701202392578,234.11668881939784,230.95891837164453,234.01287024010622,2108570
2021-07-01,235.50091552734375,235.570127911738,231.08868558536352,231.85865847096125,2007163
2021-07-02,237.0754852294922,237.1360460665647,235.43170597117046,236.49583150322698,1623192
2021-07-06,241.13302612304688,241.26279935846208,237.23123707472374,237.56863259601317,2857562
2021-07-07,240.98593139648438,242.67296843732979,238.22613213966468,242.00681410383234,2075182
2021-07-08,239.62765502929688,240.36302170966985,237.54264687714584,237.9146634366744,2178732
2021-07-09,240.0515899658203,240.72641076912183,238.6673570549658,239.7314826616901,1876428
