Date,Close,High,Low,Open,Volume
2016-07-01,89.67074584960938,90.22873024601941,89.37803329565803,89.41462323725418,5681600
2016-07-05,89.33232116699219,89.64332527218485,88.88409951588133,89.43293480545738,5846400
2016-07-06,90.05494689941406,90.1189775646835,88.50906170110356,88.72859441362463,6223300
2016-07-07,90.67227172851562,90.73676752278271,89.90753086112419,89.95359526873533,5146000
2016-07-08,91.7871322631836,91.99904400461666,91.00396000362873,91.44622190279483,6045800
2016-07-11,92.11882781982422,92.45973115399086,91.58443007011256,91.95298048472455,5428000
2016-07-12,92.32152557373047,92.86513902695698,92.13725387778075,92.30310121594134,8508500
2016-07-13,92.02669525146484,92.87436340886966,91.99905519743817,92.56109306103161,5494700
2016-07-14,92.10961151123047,92.87435238627833,91.842412638159,92.52422633145359,7461500
2016-07-15,91.95299530029297,92.63480910799534,91.71343643777001,92.52424185694268,5764400
2016-07-18,92.27547454833984,92.79144099544766,92.01749132478594,92.04513138023592,5051300
2016-07-19,91.64892578125,92.12803639914524,91.54757424158696,91.96218906419796,5742700
2016-07-20,90.49720001220703,90.93024617334866,89.50211611377694,90.89339043309047,10664900
2016-07-21,90.30372619628906,91.33565896028492,89.94439146175267,90.451142149925,6726600
2016-07-22,90.02731323242188,90.68148691547854,89.80618578324432,90.6538468630207,5381700
2016-07-25,89.73246765136719,90.349785542302,89.60347606309766,90.20236959692868,4825500
2016-07-26,89.08751678466797,89.52056302089677,88.76503075887042,89.3915643928688,6274800
2016-07-27,88.75582122802734,89.30864336333238,88.32277499602537,89.09672457954944,6911400
2016-07-28,88.36885070800781,88.90324148124334,88.28592351747021,88.82032132022091,7713500
2016-07-29,88.40569305419922,88.80188353050625,88.31355720542159,88.31355720542159,8264000
2016-08-01,88.02793884277344,88.63604110201105,87.60410829130116,88.58997668982725,7131600
2016-08-02,87.53959655761719,88.22141018767057,87.12497474633761,87.85285980970444,7644100
2016-08-03,88.5346908569336,88.8479612001634,87.53039808465587,87.58567819189606,9068700
2016-08-04,87.67781066894531,88.43333583944316,87.26318882531562,88.01871399581347,10038300
2016-08-05,88.29512786865234,88.45175950569359,87.8528659781376,87.89893741468585,6528500
2016-08-08,88.22142791748047,88.71896997329843,88.06479625995867,88.55312262135911,7792000
2016-08-09,89.06908416748047,89.23493151035365,87.80680825237644,88.09243149806892,15548700
2016-08-10,90.16551208496094,91.46464363548792,88.31355141896115,89.09671662652867,27181300
2016-08-11,90.08258819580078,90.65384168887917,89.51134173223684,90.47877866061825,9233900
2016-08-12,89.22571563720703,90.12866384203934,89.0598753241818,90.12866384203934,9360300
2016-08-15,89.46527099609375,89.93517295328695,89.29942365999702,89.69561412792176,5299600
2016-08-16,89.2625732421875,89.60348362826231,88.7005354046259,89.24414888352815,5777800
2016-08-17,89.25334167480469,89.34547750348881,88.93085573014056,89.22569459963762,5697300
2016-08-18,89.0506591796875,89.48370540687937,88.95852332974587,89.25336226726793,5250700
2016-08-19,88.81110382080078,89.17965426450091,88.49784051284044,88.82031951500991,6362400
2016-08-22,88.33198547363281,88.88480757629158,88.12928239577124,88.88480757629158,5495300
2016-08-23,88.42412567138672,88.84795620526982,88.26749402333499,88.57154162557813,4996300
2016-08-24,88.28591918945312,88.65446962257644,88.00029594280211,88.46098222682754,5912500
2016-08-25,88.03714752197266,88.28591501058486,87.90815593091233,88.10164331750282,4518700
2016-08-26,87.72388458251953,88.5715456891758,87.30005402919139,88.13850647107962,6019600
2016-08-29,87.4106216430664,87.82523650387128,87.0328555005203,87.59489335242077,7903000
2016-08-30,87.4013900756836,87.79758050540651,87.31846290087404,87.31846290087404,6845000
2016-08-31,87.03284454345703,87.43825068841588,86.75643701422402,87.24476330909849,7375200
2016-09-01,86.84856414794922,87.41060187272923,86.52608521475909,87.28161029945318,6274200
2016-09-02,86.99600219726562,87.49354426192109,86.72880329053314,87.30005685280763,5382000
2016-09-06,86.42474365234375,87.09734164346595,86.01012180800143,87.09734164346595,8463500
2016-09-07,86.34180450439453,86.63664338351002,85.99168553216784,86.59057898242179,6281500
2016-09-08,86.69194793701172,86.80251518394441,85.62315933472374,86.13912576137895,7438100
2016-09-09,85.15324401855469,86.36945542674268,85.12560396851859,86.1575436901231,10248400
2016-09-12,86.27733612060547,86.48003923240883,84.72021406131198,84.72942975626184,9367300
2016-09-13,85.4112319946289,85.96406114449587,85.18088885868923,85.72450231485449,7795200
2016-09-14,85.00582885742188,85.58629100206412,84.83076583289666,85.30987644013106,6386500
2016-09-15,85.2269515991211,85.45729471155114,84.01995593943205,84.87683259885242,7559400
2016-09-16,85.28224182128906,85.4480891631085,84.5820037376201,85.01504293560693,10568600
2016-09-19,85.34672546386719,85.98247468854855,85.07952661624044,85.50336411903719,5421500
2016-09-20,85.6415786743164,85.96406470158777,85.39281117019428,85.4112355288454,6200100
2016-09-21,85.12559509277344,85.76134429537333,84.48984589017354,85.68763281661988,12049500
2016-09-22,86.06542205810547,86.34182963362159,85.35596118563174,85.43888837894735,6470700
2016-09-23,85.9364242553711,86.16676741862926,85.68765673203909,85.75215253657075,4407700
2016-09-26,84.72941589355469,85.39280523109464,84.21344953303004,85.1993178458979,10449300
2016-09-27,84.50828552246094,84.93211602238804,84.30558245086227,84.7017729009376,9167400
2016-09-28,84.9505386352539,85.04268150555393,84.28715636388647,84.53592383696,8272300
2016-09-29,84.5820083618164,85.77978853642772,84.33323382072906,84.8952716748714,7476600
2016-09-30,85.55866241455078,86.13912463696082,84.95976880313488,85.02426460562488,8923700
2016-10-03,85.2177505493164,85.42966934215217,84.81235138184928,85.19932619014227,5834700
2016-10-04,85.30987548828125,85.67842589024177,84.86762062954003,85.1808839020222,5903400
2016-10-05,85.1808853149414,85.94562618152945,85.11638952074208,85.63236290385109,5365000
2016-10-06,85.53101348876953,86.22204288499127,85.12560732687479,85.45730199942238,7484800
2016-10-07,85.2177505493164,85.95485144755412,84.78470429881538,85.74293265471836,6144100
2016-10-10,85.2177505493164,85.88113995182732,85.13483038876011,85.4112379534629,4241000
2016-10-11,84.63729095458984,85.11640163260199,84.37009204645246,85.07033721848438,6651100
2016-10-12,84.22267150878906,84.83998945467995,84.2042401205301,84.65571071966515,6836600
2016-10-13,83.95547485351562,84.17660231191395,83.21837395283433,83.79883616719812,5725200
2016-10-14,84.12133026123047,84.55436952512532,84.11211456597267,84.55436952512532,4345700
2016-10-17,83.6882553100586,84.27793307334659,83.43948082989787,84.16736585666256,5134600
2016-10-18,84.00154113769531,84.52672325653799,83.82648511775795,84.2134599359546,4890800
2016-10-19,84.70177459716797,84.89526197951939,83.844897887032,84.09366537019403,6140500
2016-10-20,84.7939224243164,85.06112133185066,84.2503159441544,84.45301904845729,6153200
2016-10-21,85.71528625488281,86.7840817752429,83.47635070193569,84.14895574899191,13814500
2016-10-24,86.0285415649414,86.74721089589846,85.50335959004867,86.13910175154194,7281000
2016-10-25,85.45731353759766,86.01935141810374,85.35596198343981,85.81664830978805,6380700
2016-10-26,86.13910675048828,86.35102550296,84.6741279569063,85.12559848059013,7152800
2016-10-27,86.62744140625,86.92228033204407,85.97326775931676,86.4247453562471,6647000
2016-10-28,86.4708023071289,86.97755996221808,86.17596340676263,86.50765804836392,7309100
2016-10-31,85.40203857421875,86.44318720387994,85.05191244620553,86.35105133896127,9957600
2016-11-01,85.12559509277344,85.67841712439731,84.45299718031033,85.48492976480463,6449800
2016-11-02,84.68334197998047,85.28222842571758,84.48063892409432,84.68334197998047,6716200
2016-11-03,86.0285415649414,86.72877951178944,84.98738627769707,85.00581766180609,7751400
2016-11-04,85.1808853149414,86.41552812756136,85.09796516361985,86.14832925744574,7456500
2016-11-07,87.00520324707031,87.05127468270625,85.64156888870744,86.39709403834367,6996100
2016-11-08,86.95914459228516,87.39219084465928,86.5168896750417,87.09735188999193,6226900
2016-11-09,87.19869995117188,87.45668314749545,84.86762846072902,85.03347580543915,8635700
2016-11-10,87.49353790283203,88.50704631812758,86.8209398671104,87.42904210448181,13777900
2016-11-11,89.99967193603516,90.58934981203502,88.24906266624785,89.53898565606559,23008100
2016-11-14,90.22078704833984,90.58012173523134,89.78774087964655,89.88909240974557,13208400
2016-11-15,90.01807403564453,90.42348011121845,89.76009090737494,90.20235271977496,7184600
2016-11-16,91.32644653320312,91.37251094140375,90.3866426281255,90.59856140029459,9702400
2016-11-17,91.55680084228516,91.67657675364934,90.54328532491398,91.261961881645,8662600
2016-11-18,90.51563262939453,91.55678805555726,90.4234967850962,91.26194913609399,8586100
2016-11-21,89.9535903930664,90.54326820283642,89.37312827612486,90.3958522651509,10771100
2016-11-22,90.02731323242188,90.2300163231325,89.62190705100062,89.74168998433774,5323700
2016-11-23,90.5340805053711,90.55250486578075,89.91675547415579,89.99046697482562,5897400
2016-11-25,91.05003356933594,91.28037670293874,90.75519463950494,90.94868202818954,4396800
2016-11-28,91.18826293945312,91.40017473716053,90.58936924114232,90.77364098084583,7106700
2016-11-29,91.83320617675781,91.8424218711045,91.18824816279194,91.43701567403158,8396800
2016-11-30,91.32644653320312,92.40445069239705,91.21587930039561,91.58442971357283,11369200
2016-12-01,91.16059112548828,91.90690054968036,90.8657522269606,91.33564710837065,9958100
2016-12-02,90.75520324707031,91.28960105479662,90.5248600916209,91.02240215093346,7737200
2016-12-05,92.10040283203125,92.38602608418137,90.92104704694238,91.19746163448538,11331500
2016-12-06,92.74536895751953,92.80064906387643,91.97141232094762,92.0911882278926,8427500
2016-12-07,93.97077941894531,94.04449090611676,92.5426562599486,92.60715205384504,12255700
2016-12-08,95.98555755615234,96.52407371611028,94.21217741491702,94.21217741491702,16524800
2016-12-09,97.3597183227539,97.97250706455473,95.79988277495677,96.08770725340189,12173900
2016-12-12,96.61695098876953,97.21117346727466,96.31056011469302,97.12761425171489,7880200
2016-12-13,96.42195892333984,96.84905582733113,96.29197321706815,96.74692318901911,7393200
2016-12-14,96.60765838623047,96.94190937098419,96.0969951918318,96.20841454797961,7961900
2016-12-15,96.92333984375,98.08393161990726,96.39411027716989,96.42196334640725,8745400
2016-12-16,96.47766876220703,97.23901662241512,96.32910962670815,97.22044318863303,12635500
2016-12-19,97.76824188232422,98.65957540537643,97.55468990528033,98.13962553749577,11475600
2016-12-20,97.91680145263672,98.60386976793282,97.54541068523434,98.08392694378331,8947300
2016-12-21,98.00962829589844,98.33459958142562,97.03473569038188,97.12758159323751,5202400
2016-12-22,97.87964630126953,97.9446391440849,97.2111444416322,97.4525494650987,5230800
2016-12-23,97.62896728515625,97.8053723923086,97.25757655460612,97.71252648059331,3238800
2016-12-27,97.64752960205078,98.00963360137102,97.28542560273054,97.35041844661652,3639500
2016-12-28,96.83977508544922,97.78681480368822,96.61693637694269,97.48041689225897,5178600
2016-12-29,97.08116912841797,97.27614767769613,96.4405273475581,96.77477831308906,5896800
2016-12-30,96.76551055908203,97.48971876508932,96.52410546251602,97.09047487156084,6983300
2017-01-03,98.49244689941406,99.25379470301456,97.6846725984997,97.76823887692687,8884300
2017-01-04,99.75516510009766,99.81087122656007,98.65027970066983,99.0123836900525,8322000
2017-01-05,99.69947814941406,99.92231688133336,99.15168220508245,99.50449957175245,6303000
2017-01-06,101.18502807617188,101.52855867965374,100.04300274701599,100.29368743289977,9551300
2017-01-09,100.6093521118164,101.04573563009212,100.37723382198362,100.81361734025934,6195200
2017-01-10,100.6279296875,101.03646018997479,99.67160336006019,100.1822664881537,7901900
2017-01-11,101.61211395263672,101.65853336456068,100.62792749842023,100.77648661742977,7616800
2017-01-12,99.83873748779297,101.20359443605486,99.74589157018586,100.38654044394701,8218900
2017-01-13,100.33082580566406,100.60008392149439,99.25380042603209,99.49520547534365,6489000
2017-01-17,100.24726867675781,101.13860224221598,99.95015748827176,100.19156254256964,7586500
2017-01-18,100.4236831665039,100.64651479201977,99.17023844921427,99.28165780381703,7162900
2017-01-19,99.60662078857422,100.2844094572529,99.42092895030888,100.20084317145081,5350200
2017-01-20,99.95944213867188,100.10799418799904,99.51377182331167,99.67161058937471,5649000
2017-01-23,99.45806884765625,99.97801166234139,98.94740566631224,99.6623270365043,5716600
2017-01-24,100.1822738647461,100.33082591423673,99.42092601642206,99.53233828261769,5456100
2017-01-25,100.312255859375,100.66507316211202,100.27511607745177,100.48866805258805,6180200
2017-01-26,100.33082580566406,100.85077568754198,100.2565533228438,100.47009822194724,6088100
2017-01-27,101.48214721679688,101.57499314167217,100.41440137150609,100.73007893282006,5578300
2017-01-30,103.00482940673828,103.10696203567782,101.16644916951563,102.00207655007138,13793600
2017-01-31,102.7355728149414,102.8748452277003,102.11349739946606,102.67985959962434,8485800
2017-02-01,103.3390884399414,103.97973024539061,102.76343240305656,102.79128547063831,10501300
2017-02-02,102.69844055175781,103.56192107365624,102.64273441605135,103.25552315989138,6515900
2017-02-03,102.41061401367188,103.1998149496372,102.32704772810239,102.96769661060684,7923400
2017-02-06,101.7328109741211,102.27132714467574,101.4821263202083,102.05777518611491,6896300
2017-02-07,101.20358276367188,101.88137134304057,100.99003080248517,101.80709178404618,10184800
2017-02-08,101.20358276367188,103.4504862955874,101.18501641576759,101.72352550925534,13615500
2017-02-09,101.65853118896484,101.99278211589431,101.20358129318971,101.20358129318971,6369700
2017-02-10,101.44499206542969,101.94636848424665,100.81362995473674,101.52855126005471,7671800
2017-02-13,101.8071060180664,102.0392243596107,101.11075099343351,101.1571704115286,5653200
2017-02-14,102.4384765625,102.4384765625,101.6956949753764,101.94638677159895,4768700
2017-02-15,102.2991943359375,102.76343101252395,101.94637701186002,102.0485096474042,7087100
2017-02-16,102.7912826538086,102.93984178842642,102.21562663269867,102.44774496777195,7179600
2017-02-17,102.18775939941406,102.59628987928836,101.68638301511972,102.3548848608455,6349200
2017-02-21,102.14134979248047,102.32704161914307,101.94637124937799,102.07635694477965,5432700
2017-02-22,102.24349212646484,102.39204418515659,101.69568914354514,101.84424828592668,5478400
2017-02-23,101.88137817382812,102.58701278051923,101.75138539502807,102.41060767069101,5470400
2017-02-24,102.4291763305664,102.4291763305664,101.29643774731231,101.77924784034977,4786800
2017-02-27,102.34561157226562,102.5684431734223,101.9742208478786,102.06706675805314,3547700
2017-02-28,102.21562957763672,102.50346113832911,101.97423160246196,102.13207037477383,4766000
2017-03-01,103.0976791381836,103.80332085053399,102.74486182385306,102.74486182385306,7418100
2017-03-02,102.67986297607422,103.25551899535216,102.549877275542,103.06054044455385,4715600
2017-03-03,103.28336334228516,103.5247683730453,102.16919826501938,102.67985430722919,5837900
2017-03-06,102.754150390625,103.04198196409078,102.21563411375608,102.84699631471173,4983200
2017-03-07,102.93054962158203,102.9955424686137,102.2806211512653,102.78199049483017,5114400
2017-03-08,102.9119873046875,103.35765764939204,102.74486889457434,102.93984745672951,4929900
2017-03-09,103.08839416503906,103.35765228461746,102.77271662851301,102.96769518054782,4005700
2017-03-10,102.98625946044922,103.52477568878122,102.77271456266573,103.43192977306278,4027400
2017-03-13,103.54334259033203,103.6919017232248,102.8934140931495,102.98626000936282,5213600
2017-03-14,104.2768325805664,104.8153487870311,103.72903674148921,103.73832345779074,7273500
2017-03-15,103.86830139160156,104.40681047414701,103.19979954161302,104.38824412661998,5319500
2017-03-16,103.71974182128906,104.28611104817135,103.43191739190866,104.15612536498739,4409400
2017-03-17,103.76617431640625,104.07256511095126,103.22765812139318,103.86830694248421,9061200
2017-03-20,104.64823913574219,105.06605642822048,104.03545035727348,104.05401670899491,8156300
2017-03-21,103.75688934326172,105.01032685818748,103.56191080393451,104.88962788156273,7109800
2017-03-22,104.06330108642578,104.15614701032514,103.38551238294957,103.84974908613631,5044700
2017-03-23,104.21184539794922,104.89892076782625,103.67333624590454,103.71975566255716,8307900
2017-03-24,104.11898803710938,104.52751852741099,103.69189119892523,104.36039306171384,4707300
2017-03-27,104.34182739257812,104.49967323792116,103.47834693618627,103.81259789244693,4469800
2017-03-28,104.96391296386719,105.14031807995067,104.0075794820838,104.54609571446139,6280900
2017-03-29,104.48110961914062,104.86178710985237,104.2768443396065,104.60181569360523,3781200
2017-03-30,105.0845947265625,105.1960140582169,104.24896744837501,104.4810857432222,4192800
2017-03-31,105.27960205078125,105.57671326613364,104.87107147328791,104.91749797843585,4617400
2017-04-03,105.1031723022461,105.52098952782232,104.38825099455947,105.08460595349756,4643300
2017-04-04,104.95462799072266,105.42815138110676,104.7596494379032,105.05676062558373,3386100
2017-04-05,104.91748046875,105.69739462250628,104.72250193031093,105.45599667035636,4795100
2017-04-06,104.96391296386719,105.30744356297512,104.35111716488109,104.77821404734593,4744000
2017-04-07,104.52753448486328,105.17746301530056,104.48110798253646,104.75036611191467,4300700
2017-04-10,104.38825988769531,104.81535678218694,104.02615584489395,104.73179758016643,4053600
2017-04-11,104.98249053955078,105.68813233040775,104.53682017593319,105.54885989904662,5230800
2017-04-12,104.95462799072266,105.17745961056069,104.69465658696338,104.94534127381998,4086300
2017-04-13,105.1031723022461,106.078072078235,104.9081937637861,104.9546202611909,6530800
2017-04-17,105.64168548583984,105.79024460633983,105.12174273146742,105.22387535588896,5120200
2017-04-18,106.02237701416016,106.54231983765472,104.91749143054452,105.36316176760393,6191100
2017-04-19,105.59527587890625,106.77443390169292,105.41886367785328,106.36590336607104,5303400
2017-04-20,106.57945251464844,106.82085755960941,105.7252587662502,106.00379651010743,5279300
2017-04-21,106.25450134277344,106.88586355701648,106.09665547644511,106.19878812019692,6654500
2017-04-24,105.56741333007812,107.12724878629088,105.5302806310374,107.01583652179019,7294600
2017-04-25,106.94155883789062,107.25723637111567,105.5488488376144,105.59527533776603,6918300
2017-04-26,107.31295013427734,107.66576745268172,106.64444819735166,107.14582465004592,4809800
2017-04-27,107.5543441772461,107.79574921981344,107.13653402375837,107.51721147871801,3910800
2017-04-28,107.3315200805664,107.61006492484842,106.99726910090385,107.58221185715814,3987600
2017-05-01,106.52374267578125,107.340796613162,106.51445595953574,107.32222318067097,4963300
2017-05-02,106.18950653076172,106.76515551182804,105.54885761060471,106.65374323610679,6604600
2017-05-03,103.63619232177734,105.92951542304607,103.22766180289572,105.8738092918128,11521200
2017-05-04,103.2183837890625,103.33908986183044,101.2593043937076,102.67058789591165,10691200
2017-05-05,103.979736328125,104.12829547550444,102.98627005201759,103.5154996180993,5871400
2017-05-08,103.45048522949219,104.35110539287419,103.06052817432324,104.35110539287419,5980100
2017-05-09,104.05400848388672,104.1282880522811,102.45703318185498,103.57120545670224,9337400
2017-05-10,101.81637573242188,101.81637573242188,100.39580576909837,101.20358001290722,17061100
2017-05-11,101.74211120605469,102.14135502916835,100.73935828981256,101.89066325826307,8021300
2017-05-12,101.84423828125,102.02993010729568,101.4542741126515,101.94637091068186,5067700
2017-05-15,101.32430267333984,102.20635668037875,101.31502303931435,101.88139239723392,6241300
2017-05-16,100.25656127929688,101.41715303428013,100.10800213448786,101.32430002692954,10047100
2017-05-17,98.70599365234375,100.2565494374613,97.70324787808221,100.2565494374613,12763200
2017-05-18,99.04953002929688,99.63446564695988,98.39960156522687,98.39960156522687,6532200
2017-05-19,99.8294448852539,100.14512948693354,99.06809707185944,99.12381028609056,6336700
2017-05-22,99.93158721923828,100.460816761855,99.727329026183,99.95016065368222,5487200
2017-05-23,99.36522674560547,100.08944199596792,99.26310118182253,99.97802263044515,7542600
2017-05-24,100.005859375,100.11727872233361,99.28165132655447,99.48591658815484,4366700
2017-05-25,99.59733581542969,100.39582348459282,99.14238584513106,100.39582348459282,8030400
2017-05-26,100.65580749511719,100.73007998557965,99.79232692574155,100.00587184681751,6236800
2017-05-30,100.59078979492188,100.83219482645077,100.22868578947293,100.73006220094581,4813400
2017-05-31,100.21941375732422,100.87862897322819,99.94086892415268,100.64651064014836,9963600
2017-06-01,100.47010040283203,100.47010040283203,99.50448726831475,100.02443716147913,5907400
2017-06-02,99.5137710571289,100.86934125886563,99.3002190759842,100.70221577735347,10876900
2017-06-05,98.9009780883789,99.55091368335079,98.52030769853909,99.38378819706539,6372800
2017-06-06,97.95393371582031,98.59458256330147,97.12759304074217,98.57600913032827,9589500
2017-06-07,98.34388732910156,98.65028520913056,97.9910700356581,98.22318835379723,5777700
2017-06-08,96.85833740234375,98.34389331207353,96.70978535321544,98.34389331207353,11002400
2017-06-09,98.06536865234375,98.34390643801923,96.63551868473407,96.82121054185104,9392500
2017-06-12,99.38378143310547,99.53233347542135,98.06535106641253,98.06535106641253,8049500
2017-06-13,98.93811798095703,99.58805357664198,98.56673430763935,99.47663422443297,4918900
2017-06-14,98.54816436767578,99.35593876152845,98.19534703203944,99.30022554160394,4781100
2017-06-15,98.39960479736328,98.56673027699786,97.70324981283407,98.36246501481234,5309900
2017-06-16,97.96322631835938,98.74314054155428,97.27615093085194,98.67814768962138,8683400
2017-06-19,97.833251953125,98.41818768831378,97.66612644540099,98.04679688407263,5956200
2017-06-20,96.50552368164062,97.76824802286157,96.38481761080844,97.55469603240512,7895700
2017-06-21,97.30400085449219,97.56397223489859,96.13412255897458,96.92332341626224,7765700
2017-06-22,96.76551055908203,97.27616674049425,96.64480446895367,97.22046059655237,6156000
2017-06-23,96.89546966552734,97.099734915454,95.79058422293618,96.40337997271612,18147900
2017-06-26,98.01892852783203,98.27889992515246,97.08116848719251,97.11830827019391,5867000
2017-06-27,97.87037658691406,98.55744486397049,97.61968482230192,97.79609702082978,5694500
2017-06-28,99.21666717529297,99.84802936481543,97.04403575581956,98.43674584297001,7874400
2017-06-29,98.14891815185547,99.72732711593949,97.79610082476566,99.16095779897323,7268700
2017-06-30,98.6502914428711,98.93811590877087,97.95393644445082,98.6502914428711,5113800
2017-07-03,99.77375793457031,100.85079055668616,99.12382934101103,99.12382934101103,5399400
2017-07-05,98.07463836669922,100.13585035718845,97.758960824792,100.11728400683079,8049700
2017-07-06,96.67156219482422,97.92497563243695,96.28805994459294,97.85014348826,8690800
2017-07-07,96.64351654052734,97.0270259851439,96.08228964709639,96.82124112572887,6030900
2017-07-10,96.89605712890625,97.19538572303061,96.22258920128586,96.62480307915737,4421300
2017-07-11,97.12989044189453,97.45727926785177,96.52189893399816,96.90540115995763,4557300
2017-07-12,97.63499450683594,97.8875511877347,96.95217087468686,97.59757843794777,5203300
2017-07-13,97.55081939697266,98.53296450115741,97.31697430506402,97.70047654487354,5339500
2017-07-14,98.29911804199219,98.44878232419723,97.66306625177806,97.6817707188608,4370300
2017-07-17,98.01850891113281,98.60779596961768,97.94367676950068,98.37395087930666,3973800
2017-07-18,98.9164810180664,98.96325289437891,97.56953090779378,97.84079209035626,5740500
2017-07-19,99.91732788085938,99.9640997525295,99.19708815728488,99.27191316101715,5789400
2017-07-20,100.42242431640625,100.74980597697318,99.85184179239604,100.07633105444408,6185500
2017-07-21,100.16987609863281,100.39437251599546,99.9079707480953,100.17923190011932,4328500
2017-07-24,100.0857162475586,100.59082258779122,99.9921796222682,100.37568192687495,4615500
2017-07-25,99.54317474365234,100.77787651535185,99.33738992563815,100.64692383777658,5394700
2017-07-26,100.02958679199219,100.1137676063411,99.44029254600412,99.66478899037406,4149000
2017-07-27,102.891845703125,102.891845703125,100.49727412313223,100.73111922700298,10468700
2017-07-28,102.85443115234375,103.06957179109877,102.5831699714728,102.87314275730662,4864500
2017-07-31,102.82637023925781,103.02279927182349,102.27449207848028,102.91055105190613,6815300
2017-08-01,103.46243286132812,103.6682177035739,102.84507833459077,102.87314574284963,5987200
2017-08-02,101.64778900146484,102.77959845856292,100.57210008618421,102.77959845856292,8812700
2017-08-03,102.06871795654297,102.1154826975242,101.06786115379677,101.50748397367579,6895800
2017-08-04,100.73112487792969,101.4887807733311,100.38503153568642,101.23623118699284,8503800
2017-08-07,99.47770690917969,100.69370431791751,99.25321760505709,100.63757663959713,8093100
2017-08-08,100.0669937133789,100.21665085955064,99.31868657336287,99.6647798744878,9787100
2017-08-09,96.1851577758789,96.34417071383916,94.00571996835764,94.20214897461184,27877600
2017-08-10,94.80079650878906,96.17580675733024,94.67919963307598,95.87648533247939,12259900
2017-08-11,95.39944458007812,95.8858463823245,94.50148025637645,94.70726508529714,9410400
2017-08-14,94.8475570678711,96.16643948568114,94.71660440614201,96.1570908215468,9707300
2017-08-15,94.95046997070312,95.5023410019787,94.8101614781527,95.06271105563435,8868500
2017-08-16,95.59587097167969,96.01679642006509,95.14689239039832,95.25913346752573,6698800
2017-08-17,94.82886505126953,95.96067451075093,94.79144897785035,95.63329278881604,6612400
2017-08-18,94.19279479980469,95.16559118308786,94.15538586725016,94.77273316379622,6893900
2017-08-21,94.63243103027344,94.86627612452817,94.0337881598922,94.13668057227515,6492700
2017-08-22,96.12903594970703,96.2599957648906,94.63242880888507,94.85692523229768,6888700
2017-08-23,94.94111633300781,96.32548254861248,94.92241186388824,95.85779232037108,5954400
2017-08-24,94.95983123779297,95.43687732121269,94.87565041292395,95.240448260131,6976600
2017-08-25,95.79232025146484,96.05422564915354,94.99724111884106,95.11884515090142,6186900
2017-08-28,95.93260955810547,96.20387072486675,95.48363097175891,95.86713321691384,5630400
2017-08-29,95.94196319580078,96.33482123408825,95.24042792612211,95.40879667630041,6011700
2017-08-30,96.22259521484375,96.76511048463318,95.85779738843925,95.85779738843925,6573200
2017-08-31,94.66048431396484,96.52189626506109,94.47341110692115,96.34417172289979,9823800
2017-09-01,94.94111633300781,95.33397441199784,94.81016364001114,95.08142482875755,7827400
2017-09-05,95.03463745117188,95.92325302172875,94.37987409298081,95.40879100001764,9346100
2017-09-06,94.94111633300781,95.44622263587493,94.37053368364236,95.18431724988159,7531000
2017-09-07,90.78800964355469,95.2778379385637,89.98358201456236,94.98787232917763,26419400
2017-09-08,90.79737091064453,91.19022894760147,90.03971510560103,90.25484859119784,13147700
2017-09-11,90.81607818603516,91.68598222984568,90.69448130504146,91.57374115089335,9610300
2017-09-12,91.56439208984375,92.00402204513534,90.85350094647038,91.28377509903184,9151700
2017-09-13,92.43429565429688,92.55589254352772,91.68598844078862,91.89177328132271,7615300
2017-09-14,91.57373809814453,92.4529907782992,91.23700059974121,92.40622604242337,9710000
2017-09-15,92.15367889404297,92.53718830442486,91.66728419952493,91.71405607663031,23870300
2017-09-18,91.76081848144531,92.34075691541094,91.40537648820683,92.03207966170086,7013600
2017-09-19,92.06950378417969,92.29399310814611,91.7421220333147,91.88243053693881,6970300
2017-09-20,92.79908752441406,92.86456386618022,92.24721652044018,92.37816920397249,6459100
2017-09-21,92.49976348876953,92.96745367008049,92.36881080891334,92.78038045211044,4958000
2017-09-22,92.22850036621094,92.59329812896601,92.16302402767505,92.18173563090568,6359100
2017-09-25,93.13581848144531,93.21065062002249,92.06012968265134,92.22849842625722,7492500
2017-09-26,92.2565689086914,93.29484175315343,92.23786444016893,93.20130513776843,6220500
2017-09-27,92.82715606689453,93.0984172602105,91.68599074894006,92.5746064793999,7596600
2017-09-28,91.71405029296875,92.64943068499745,91.6672784188129,92.38751818066514,7149600
2017-09-29,92.20045471191406,92.21915918172377,91.34926217602981,91.56439569258204,8185900
2017-10-02,93.40708923339844,93.94961158927397,92.70555391898961,92.89262714827746,6923300
2017-10-03,94.27698516845703,94.33310570512046,93.45385303972235,93.5848057161941,5447700
2017-10-04,94.05250549316406,94.40794748898463,93.72511663215528,94.23022292288115,5126100
2017-10-05,93.64093017578125,94.35182126097062,93.55674223087355,94.13668063410515,4736700
2017-10-06,93.603515625,93.7905888490115,92.92068479822456,93.49126740876147,4360200
2017-10-09,93.13581848144531,94.45470816242236,93.02357027357955,94.29568808384948,5429600
2017-10-10,93.14518737792969,93.60352180247641,92.28463907246622,93.52868965337876,7704400
2017-10-11,92.18173217773438,93.14517275283687,91.7140420238877,93.14517275283687,7984000
2017-10-12,90.66642761230469,91.49891564472499,90.55417938882381,91.25571472870968,11018200
2017-10-13,91.08732604980469,91.3679429789702,90.5448109292083,90.5448109292083,6858000
2017-10-16,91.78886413574219,91.91981680378662,91.23699319703857,91.3305297975867,4911600
2017-10-17,92.00401306152344,92.10690547234857,91.53632288009496,92.04142913240402,5942500
2017-10-18,91.901123046875,92.12561234162585,91.24635963035752,92.00401546038289,5404300
2017-10-19,92.61200714111328,92.88326828928288,91.77016342892928,91.84499556698685,5634300
2017-10-20,92.97681427001953,93.22001517503979,92.54654013737519,93.02357900873245,5938700
2017-10-23,92.3220443725586,92.77103011306514,92.25656802877496,92.71490957164666,5888200
2017-10-24,91.93853759765625,92.4717041241098,91.72339697213931,92.15367108678728,4966200
2017-10-25,91.48021697998047,91.87307508251016,91.15282809148542,91.71406210811294,5144400
2017-10-26,92.19108581542969,93.05164116857911,90.96573982989918,91.27441706082062,6167500
2017-10-27,91.95724487304688,92.00401674761795,90.62900641730737,91.57374261983132,7868700
2017-10-30,91.70469665527344,91.9759578317304,91.38666360355673,91.77952880113457,7093200
2017-10-31,91.48954772949219,91.75145307988682,91.08733390241885,91.61115173959367,5701700
2017-11-01,92.6307144165039,93.03292825027883,91.66727380304867,91.7888706787906,6920400
2017-11-02,91.99465942382812,92.71490631654746,91.68598218409127,92.48106122033214,6799200
2017-11-03,92.26593017578125,92.95810973428955,91.57375061727294,92.00402478263685,5416900
2017-11-06,94.13668823242188,94.59502265626895,91.9946661383803,92.0133777438194,14728700
2017-11-07,95.04400634765625,96.25064796233382,94.2302228020217,94.7446848946159,12177500
2017-11-08,94.64178466796875,95.40879627412886,93.93089359950291,95.29654806235455,8023200
2017-11-09,96.04486846923828,97.1953896056066,94.28635572683078,94.31441599955421,13172500
2017-11-10,98.00916290283203,99.3748175103442,97.35439943908871,98.20559194195503,16701500
2017-11-13,97.97174072265625,98.34589430850076,97.26085675957638,97.41051391208254,7856000
2017-11-14,96.50320434570312,97.81273847126305,96.34419137364452,97.81273847126305,6929300
2017-11-15,96.98959350585938,97.24214306746012,95.82971670100564,96.11033366846063,5691500
2017-11-16,96.90541076660156,97.26085989598991,96.11969463373825,96.9334710375772,6410900
2017-11-17,96.75574493408203,97.27019984074387,96.31611503118428,96.54996011686302,7500800
2017-11-20,96.1103286743164,96.73703178116337,96.06355680337566,96.73703178116337,5112600
2017-11-21,96.34417724609375,96.50319019483528,96.14774822652141,96.3161169770671,5725900
2017-11-22,96.10098266601562,96.64350502411759,96.05421792669488,96.5499684090898,4140700
2017-11-24,96.0074462890625,96.26935166634428,95.82972172459858,96.26000300028872,2217600
2017-11-27,96.14775085449219,96.31611960963984,95.76424147028352,95.99808656707827,4007500
2017-11-28,96.72769927978516,97.16732211271791,95.56782234138018,95.93262015924387,8401100
2017-11-29,98.4394302368164,99.39352223090927,96.74639401470777,96.8118703565466,14503100
2017-11-30,98.04656219482422,98.87905008611,97.71918051899024,98.55166841027604,9949000
2017-12-01,98.44877624511719,99.01000299595957,97.15795400454121,97.82207315894964,9258400
2017-12-04,103.0976333618164,105.38931258800024,99.61801697903667,99.61801697903667,17824000
2017-12-05,100.29149627685547,102.92926894682618,99.63672565857013,102.45222290350763,13055600
2017-12-06,98.64522552490234,101.01173702052223,98.55168890326895,100.24472530490962,8121700
2017-12-07,98.45814514160156,99.15032465515695,97.73789822084345,98.90712374743728,9948600
2017-12-08,98.27899169921875,98.9861704519815,98.13755450990733,98.92016738947541,6536600
2017-12-11,100.73053741455078,100.73996128450793,98.78814832809378,98.8824445780161,7434000
2017-12-12,101.2962875366211,101.67345098691818,100.50424357161778,101.02284421500057,8147000
2017-12-13,101.46600341796875,102.01289002180138,100.6551045760911,101.9751729601101,10368300
2017-12-14,104.25701141357422,105.17163046591342,101.07941879546891,101.16428399100491,27571300
2017-12-15,104.91704559326172,105.60536947025726,104.28530091312007,105.5865145338359,19978600
2017-12-18,104.69073486328125,105.59592274697471,104.0118421520627,105.45448556650521,12270000
2017-12-19,105.42620086669922,105.97308746788872,104.4455788488472,104.97361051617916,10546600
2017-12-20,103.42725372314453,105.88823639554981,103.42725372314453,105.24706069557843,8661100
2017-12-21,103.31410217285156,104.74731462992499,102.95580085703179,103.45553936381533,9372800
2017-12-22,102.46548461914062,103.42725174762458,102.25804436814235,103.23866643135604,7378400
2017-12-26,101.9468994140625,103.12553075914548,101.73002808129752,102.29576968817837,3982400
2017-12-27,101.49429321289062,102.3523402124321,101.32457002582716,102.2297579589009,5624000
2017-12-28,101.61685943603516,101.8808788547925,100.94739781022176,101.833730731566,3477700
2017-12-29,101.3717269897461,102.15433273750853,101.3717269897461,101.88089659532089,4538400
2018-01-02,105.41677856445312,105.42620243462508,102.3617612809351,102.72949364387438,11014300
2018-01-03,105.86937713623047,106.72742417886165,105.08676422359217,105.78451913533442,9237900
2018-01-04,105.8222427368164,106.54827649990881,105.25649392071892,106.50112836730234,7417400
2018-01-05,105.24706268310547,106.246539719014,104.88875416548203,106.246539719014,6008300
2018-01-08,103.7384033203125,104.92646561608579,103.28581295588067,104.55873324731213,8052600
2018-01-09,103.66297912597656,104.53045000887147,103.58754499864806,103.84212618613887,5838000
2018-01-10,103.21980285644531,104.1909937741019,102.78606745602555,103.68182425348905,6060000
2018-01-11,104.65303039550781,104.73789559151918,103.25753493789482,103.95528266670132,6427000
2018-01-12,106.04852294921875,106.28424919132378,104.66245149463411,104.9641807967768,5899900
2018-01-16,104.37017059326172,106.69914740313045,104.30416752226036,106.6142822011029,8069200
2018-01-17,105.57708740234375,105.80338261680595,104.25701879602312,104.85104643165958,7030700
2018-01-18,104.11556243896484,105.59592291683342,103.90812219978174,105.36019668026968,8070900
2018-01-19,104.2758560180664,104.74730849781633,103.56867729844153,104.63416450670447,10514300
2018-01-22,104.75674438476562,105.19047982284984,103.77612231848182,103.97413150583803,8073600
2018-01-23,104.10614013671875,104.79445672932538,103.6158255287582,103.9741268239648,7477300
2018-01-24,104.19100189208984,105.06790382472526,103.99299270650044,104.62473732630387,7211800
2018-01-25,104.23815155029297,105.43563774562433,103.83270210895193,104.28529248443374,6291000
2018-01-26,105.78450775146484,106.10509197874343,104.35128821101264,104.48329432739722,7743800
2018-01-29,105.17162322998047,106.02966302832998,104.8887488560488,105.69964772127247,6847800
2018-01-30,103.82327270507812,106.00138100718085,103.81384164058142,105.05847598375361,8393900
2018-01-31,102.46548461914062,103.83270118535914,102.27690649666633,103.79498412210543,9841400
2018-02-01,104.18158721923828,104.33245549511605,101.23029671188398,102.41835920613772,9518900
2018-02-02,102.49378204345703,104.26644824501514,102.25805576718983,103.67241342479299,9947700
2018-02-05,98.72215270996094,102.42776972606792,98.0715531379841,100.98512619657033,15107900
2018-02-06,100.10823059082031,100.13651659220571,95.95002292988477,97.00607201517894,17765100
2018-02-07,98.77872467041016,101.8620206945796,98.44870937635439,101.67344258191741,12445000
2018-02-08,95.56342315673828,99.77820978324488,95.41256209301925,99.44819446217718,12667500
2018-02-09,97.2040786743164,97.82639946368515,94.53566283574756,96.69491627511702,12479700
2018-02-12,97.48695373535156,98.66558506225522,96.27060534273163,97.99612333182931,9584700
2018-02-13,98.17527770996094,98.35442478007869,96.55347985124408,96.7797750520108,8447900
2018-02-14,98.62786102294922,98.77872927514704,96.82691622355144,97.58123590315796,7425700
2018-02-15,99.17475128173828,99.54248366770702,97.99611999496815,99.34447447478496,6494700
2018-02-16,100.44767761230469,101.22085949470136,99.18418825069338,99.18418825069338,8746400
2018-02-20,99.9290771484375,101.4282926766696,99.49533450885656,100.29680953059987,6734500
2018-02-21,99.05217742919922,100.80598138086772,99.02388423518332,99.94793434058283,6743300
2018-02-22,99.23131561279297,99.9573564578591,98.9390173782773,99.29731867199953,4462200
2018-02-23,101.12655639648438,101.23027651700993,99.41046966659883,99.71219896436571,6101100
2018-02-26,103.54039001464844,103.54039001464844,101.52257400188442,101.83373436116517,8138200
2018-02-27,98.8824462890625,101.98460448778727,98.8635841612341,101.83373624033604,14179600
2018-02-28,97.27008819580078,99.54248562049965,97.25122606631753,99.42933442498394,10760800
2018-03-01,96.71376037597656,98.09040073889896,95.54456025293727,97.30778790435593,10487300
2018-03-02,97.10977935791016,97.27950253766106,95.64828099308284,96.17630546617721,7835400
2018-03-05,97.50581359863281,98.03383811879768,96.57233242989122,96.84577575463219,5736700
2018-03-06,98.9484634399414,98.95788731140365,97.6001088599537,98.06213034442928,6216200
2018-03-07,97.67552185058594,98.28841151646458,96.90234006720189,97.79810410003806,6214800
2018-03-08,98.09040832519531,98.61843283570319,97.56238381468744,98.05269126104555,6627000
2018-03-09,98.75043487548828,98.7692898085119,97.72266477775831,98.46756052357892,5618400
2018-03-12,99.16531372070312,99.89135457431433,98.74100936278052,98.74100936278052,6485300
2018-03-13,97.80753326416016,99.78763221301993,97.51522783896999,99.78763221301993,6716700
2018-03-14,97.96783447265625,98.67501324816561,97.5623850202791,98.56186205431808,6235900
2018-03-15,97.34550476074219,98.33555783308493,97.34550476074219,98.06211453506843,5174600
2018-03-16,96.99664306640625,98.31670435392239,96.96834987270707,97.64724264559793,10468000
2018-03-19,95.68600463867188,97.07206897591908,95.23340706359515,96.93063897788986,6528300
2018-03-20,95.56342315673828,96.31775005671682,94.99768157865161,95.74257741408694,8330300
2018-03-21,96.00658416748047,97.0626403281544,95.62942073911164,95.70485486354421,6136400
2018-03-22,94.85623931884766,95.83686135892114,94.67709226486276,95.50684605548153,8911600
2018-03-23,92.91386413574219,95.33712981724442,92.82899894079277,95.09197249091733,7505100
2018-03-26,94.90339660644531,95.02597167561412,93.42303593629082,94.15850073889315,7340100
2018-03-27,93.68704986572266,95.40313683348816,93.24388332455442,95.12026243033549,7193500
2018-03-28,92.91386413574219,94.36593877045715,92.54613174314883,93.81905211703308,9099700
2018-03-29,94.70538330078125,95.49742007116656,93.21559163024378,93.35702882318243,9343600
2018-04-02,93.02702331542969,95.22398679482494,92.19726219935008,94.46023594370186,8203700
2018-04-03,93.74360656738281,93.809609624839,92.12180893412379,93.15901011385483,8484700
2018-04-04,95.18626403808594,95.37484936855915,92.17840175343473,92.81014642448173,8759200
2018-04-05,96.28003692626953,96.53461812898247,95.21455679077499,95.57285812631777,6612800
2018-04-06,94.62052154541016,96.35547060049204,93.77190555073938,95.82743887392205,7162400
2018-04-09,94.00762176513672,95.71428463688856,93.8944777738076,94.9505267264472,7094300
2018-04-10,95.582275390625,95.73313643872608,94.59222233612319,95.1579638556412,8116800
2018-04-11,95.0448226928711,95.84629046882512,94.67709033456521,95.02596056517677,6305000
2018-04-12,94.65824127197266,95.71429756100343,93.98877952230137,95.62943236225344,7337800
2018-04-13,94.62052154541016,95.7237187415848,94.44137447538695,95.23341127454987,6324600
2018-04-16,94.51679992675781,95.23340977696579,94.03592353216862,94.9411115143181,10328000
2018-04-17,96.33659362792969,96.73261196649571,94.99767037251489,95.4219747075794,9577400
2018-04-18,95.4314193725586,96.84577694941584,95.42198830778372,96.80805988411095,5822100
2018-04-19,95.12968444824219,95.78029119734113,94.49793982758351,95.23340457328098,6803400
2018-04-20,94.51679992675781,95.6105732346434,94.2056467284338,95.40313297323098,6396900
2018-04-23,94.43193054199219,94.9693860664106,93.84732689337467,94.80909395420369,5889800
2018-04-24,93.78133392333984,95.09197134656308,93.2155923410656,94.83739015236776,6567700
2018-04-25,95.37483215332031,95.69541636656686,93.3947333004272,93.81903762826377,8977700
2018-04-26,94.13963317871094,95.59170776405027,94.04534411603578,95.45027776693472,8038400
2018-04-27,93.56446838378906,94.28107102009983,93.29102506448848,94.08306182897755,8038000
2018-04-30,94.6016616821289,95.582283758918,94.40365249265145,94.67709580968061,8558900
2018-05-01,94.34708404541016,94.95054274696383,93.28160384912215,94.46023524962466,6716200
2018-05-02,93.93219757080078,94.96939161968638,93.58332013519085,94.45079099834649,9286400
2018-05-03,93.12129211425781,93.58331351179184,92.1029530719515,93.45130739821069,10450800
2018-05-04,95.37483215332031,95.56341025596022,92.95156684605055,93.07414189338715,9980100
2018-05-07,96.62889099121094,96.8174690813478,95.91228129986345,96.50630875820826,10181100
2018-05-08,95.97830963134766,96.77977751622437,95.08254548277198,95.42199188946246,14229500
2018-05-09,94.26220703125,96.43088405462125,93.63046245447187,96.41202912128486,18345700
2018-05-10,95.87458801269531,96.24232041528701,94.57338160304738,94.68652560766341,8927300
2018-05-11,96.24230194091797,96.3743080501604,95.47855128118773,96.07257877277864,7036000
2018-05-14,96.59119415283203,97.58124012397585,96.15745869969362,96.59119415283203,9891900
2018-05-15,97.04376983642578,97.42093323228876,96.2705881121137,96.59117951642494,5762400
2018-05-16,99.04273986816406,99.04273986816406,97.26065003316418,97.3549390923156,8111600
2018-05-17,98.38270568847656,99.45762402251692,98.14697943502271,99.22189776906308,7320600
2018-05-18,97.9961166381836,98.80701551120826,97.64723919948416,98.3827039462288,5427300
2018-05-21,98.11869049072266,98.70329417150812,97.69438612475837,98.26955874142631,5848700
2018-05-22,98.12812805175781,99.46705149332728,98.0526939214116,98.43928844408997,6971600
2018-05-23,97.01548767089844,97.43979201187527,96.24230591606053,97.30778589718054,8046600
2018-05-24,96.28003692626953,96.9872157262213,95.43142092756847,96.94006759537328,7474100
2018-05-25,96.3648910522461,97.11921795269745,96.1480269241776,96.41203918119723,6982700
2018-05-29,93.99821472167969,95.84630791342019,93.70590923956794,94.80911370906928,11270400
2018-05-30,94.27165222167969,94.80910782472759,93.74362048981531,94.76195969363074,7216400
2018-05-31,93.79076385498047,94.42250849432546,93.16844308634013,94.0642071750987,9620000
2018-06-01,93.68704986572266,94.33765667669688,93.53618159902926,93.99821027043163,6847700
2018-06-04,94.51679992675781,94.76195725331745,94.00763033796225,94.06420953258039,6598000
2018-06-05,94.23393249511719,94.77138808299146,94.08306423490251,94.62995088748885,5974400
2018-06-06,96.09144592285156,96.11973192005469,94.06419886236642,94.3470660281915,7833000
2018-06-07,96.61946868896484,97.08149008734631,95.99714798626054,96.09144423367174,7559200
2018-06-08,98.04325103759766,98.05267490671746,96.01600413888991,96.26115422428288,7090300
2018-06-11,98.39213562011719,98.80701612343375,97.82639405710003,97.99611724538461,8175000
2018-06-12,98.373291015625,99.21247598087967,98.02441353812782,98.75045449517424,9215300
2018-06-13,100.24022674560547,101.72058728566635,96.80805317254973,97.30779166405267,22009400
2018-06-14,102.5409164428711,103.23866411290966,100.3722321141479,100.3722321141479,18068700
2018-06-15,102.63520812988281,103.17266369379962,101.69230312695547,101.99403244014044,16169200
2018-06-18,100.94741821289062,101.34344382417132,100.4193936562431,100.89084620861983,9288600
2018-06-19,100.04222869873047,100.88141365406915,99.72164442086847,99.82536455636381,8869500
2018-06-20,101.03227233886719,101.73945108991788,99.76877589621694,100.8908351498982,18625900
2018-06-21,99.84420776367188,101.126559112065,99.74991870442412,100.90026393111154,7707800
2018-06-22,100.26850891113281,100.70225151858989,99.76877043873375,100.01392773994996,8959100
2018-06-25,98.4864273071289,100.02336710695414,97.81696560043595,99.94793297819578,7995800
2018-06-26,98.3072738647461,98.73157822233992,97.9772585650849,98.49585198061135,6550000
2018-06-27,98.0243911743164,99.83476683056992,97.57180085714973,98.53356067647397,8803300
2018-06-28,98.78815460205078,99.11817711015068,97.76039159552849,97.97726291281177,6303600
2018-06-29,98.82587432861328,99.64620429810115,98.67501326392035,98.93902552247887,6774000
2018-07-02,99.3161849975586,99.35390206066998,97.96783056495161,98.20355681405218,5488900
2018-07-03,98.09984588623047,99.90079085743216,97.59067627718109,99.8347877892477,2406300
2018-07-05,99.32561492919922,99.57077225748657,98.46757507088547,98.7221562701801,6202800
2018-07-06,99.59175109863281,99.83887906521277,98.88839469549629,99.32561663537143,4134500
2018-07-09,100.77034759521484,100.81787471336237,99.56323566144053,99.81036362289153,4725200
2018-07-10,100.77984619140625,101.29310856843733,99.6392679657502,100.98895389148775,4213600
2018-07-11,102.69032287597656,103.92594809375264,100.10500446418348,100.10500446418348,11753800
2018-07-12,102.88993835449219,103.79289565187412,102.48122976426633,102.69984437134461,5931400
2018-07-13,104.55326843261719,104.78138262419856,102.3291387485552,102.6522999156605,8188800
2018-07-16,104.74337768554688,104.98099878488034,103.38418470729458,104.38219622514336,8245900
2018-07-17,104.83842468261719,107.04354804200088,104.63881659154326,104.80040443915644,9075900
2018-07-18,105.2091293334961,105.56080394979713,104.22062460483652,104.84794059032714,6414100
2018-07-19,106.57781219482422,109.00155029349065,105.78891566121057,106.01702988468799,17796800
2018-07-20,105.95999908447266,106.64434172870115,105.34218280340819,106.59682186192397,11787900
2018-07-23,105.58929443359375,105.70335515696573,104.87643122866281,105.55128144408928,5447800
2018-07-24,105.21862030029297,106.34969905811161,105.06654656696082,106.30217193740879,5648800
2018-07-25,105.67485046386719,105.9029646777175,104.20159681875617,105.1615880439889,6756800
2018-07-26,107.88948059082031,108.88748480727303,106.15009249006262,106.59682129478816,9466400
2018-07-27,107.04354858398438,108.40274147520317,106.37820519748244,108.35521435773161,5717000
2018-07-30,107.05305480957031,107.72789785989711,106.50177937164364,106.64434622961234,5199300
2018-07-31,107.93700408935547,108.40274665765878,106.79642573170977,106.97702008479148,8421200
2018-08-01,107.37621307373047,108.1936301559897,107.01502439686911,108.05105605994545,6466600
2018-08-02,107.16710662841797,107.70888239847024,106.15008870036829,106.92948554941925,4027300
2018-08-03,108.44075775146484,108.45026462557108,106.83444410528121,107.59482724651518,4747500
2018-08-06,110.19915008544922,111.05458013880627,108.50728922206183,108.98253136353557,12715600
2018-08-07,110.78845977783203,112.06211264966808,110.4843050587044,110.79796665232304,15466900
2018-08-08,108.3362045288086,110.64588168544272,108.26016404384143,110.16113265830178,11722900
2018-08-09,108.50730895996094,109.1156184315716,107.22414914327443,108.4027550896884,7042000
2018-08-10,107.10057830810547,108.16512340520103,106.83444384673663,107.95601568509117,5740200
2018-08-13,106.56830596923828,107.25264859726951,106.18811078591872,107.08156837897668,6080900
2018-08-14,107.16710662841797,107.58532204797405,106.40671627497416,106.81542482091673,4326400
2018-08-15,107.26216125488281,107.51879609940038,105.95049541590313,106.62533845816503,5183200
2018-08-16,106.91048431396484,107.71839457198686,106.8344438245552,107.68988120136329,5082500
2018-08-17,106.91048431396484,107.2716657612304,106.3496947690939,106.93899768458841,4764500
2018-08-20,106.44474029541016,107.40473151908749,106.36870705866332,107.33819790467143,5167600
2018-08-21,106.82494354248047,107.40473961967207,106.45425519825903,106.69187630361229,4770400
2018-08-22,106.39723205566406,107.16712214255531,106.39723205566406,106.87247428246032,3213000
2018-08-23,106.45423126220703,106.58729847115526,106.0075025243298,106.39720453026321,4257400
2018-08-24,106.3877182006836,107.11958799121939,105.92198287943354,106.10256998266577,5049000
2018-08-27,106.76790618896484,107.30017509154985,106.52077823349899,106.91997991043773,4767700
2018-08-28,107.00552368164062,107.2051245134152,106.64433500846975,106.9960168082362,3131600
2018-08-29,106.8819580078125,107.13859283301737,106.4732494634957,107.005525609437,4001500
2018-08-30,106.37821197509766,106.85345417361215,106.06455038368917,106.5207860849761,3481600
2018-08-31,106.47323608398438,106.72036400455927,106.03601422550199,106.35918262188744,4642800
2018-09-04,105.36119079589844,106.45424926997671,105.17109682285015,106.26415529692842,6391200
2018-09-05,104.42971801757812,105.3326752483276,104.26813016704415,105.10456103505976,6388300
2018-09-06,104.80039978027344,104.94297387400815,103.9449624694848,104.55327183457457,5267200
2018-09-07,105.47525024414062,105.83643168917487,104.56278613172239,104.62931974663975,4754800
2018-09-10,105.19961547851562,106.36871450119287,104.9049676300026,105.92198566530499,4636500
2018-09-11,104.17308807373047,105.13307934158651,104.08754795909618,105.02852547817544,5488600
2018-09-12,104.04000854492188,104.79089199722789,103.7738741064579,103.84040771607388,5236700
2018-09-13,105.19009399414062,105.23762110899942,103.95446877562753,104.12555623685175,5119400
2018-09-14,103.84992218017578,105.74138400747383,103.4887334858999,105.42772243137743,6012400
2018-09-17,103.9449691772461,104.43921784891896,103.2321059141898,104.15407689466849,5592900
2018-09-18,104.10655212402344,104.31565984616108,102.87092679116863,103.49824270596132,4937800
2018-09-19,104.35367584228516,104.72436415221034,104.05902801942666,104.20159486815176,5964600
2018-09-20,106.09307098388672,106.40672532360652,104.49625690716047,105.1045663409971,7121800
2018-09-21,104.93347930908203,106.43524640288433,104.93347930908203,106.40672577949628,25753600
2018-09-24,107.18609619140625,107.5377779433509,106.16907842401896,106.71085410848474,9232300
2018-09-25,108.00353240966797,109.03005723218183,107.0720618219802,107.69937771243644,12169400
2018-09-26,109.50530242919922,110.56034065069962,108.36472409593294,108.36472409593294,11141500
2018-09-27,110.29420471191406,110.82647362675726,109.4007471034672,109.48629446570705,5195300
2018-09-28,111.14964294433594,111.64389161889059,109.63836904700236,109.92351725453553,7366800
2018-10-01,110.48429870605469,111.58686403175963,109.95202979109098,111.47280329928738,8643900
2018-10-02,111.833984375,111.87199736494793,109.59084088385254,109.82846195493494,6441700
2018-10-03,111.12113189697266,112.25220337349442,110.959544041795,112.10962926674722,6111700
2018-10-04,110.37973022460938,111.36823468688668,109.41974638038684,111.20665410933863,6442800
2018-10-05,109.09658813476562,110.80746279644373,109.04906827015334,110.25618015527859,5835700
2018-10-08,110.27519226074219,110.40826674263788,108.46927777796864,109.14412080340026,5652300
2018-10-09,111.10211944580078,111.93854309599953,110.29420916696034,110.84549185195561,6761400
2018-10-10,107.27166748046875,111.42528682288338,107.14810712191291,111.05459124397524,9006500
2018-10-11,105.6463394165039,107.6423551477271,104.85743564721778,106.92949186860308,10045400
2018-10-12,107.03404235839844,107.66135825342634,105.72237657670733,106.42573295950227,5963900
2018-10-15,107.82295227050781,108.94452414855735,106.34969855513393,106.38771880119226,6628800
2018-10-16,110.43678283691406,110.60787031600505,108.20313873444272,108.6783809261821,7619000
2018-10-17,111.33023834228516,111.41578571157201,109.71441771676697,110.35124054257302,7120600
2018-10-18,110.4272689819336,111.33022618850956,109.8569798382214,110.96904475620315,6056300
2018-10-19,113.0125961303711,113.26922372656821,111.41578205508777,111.60587603363227,10431000
2018-10-22,112.41377258300781,113.763465771576,111.8910105800813,113.15515641262395,8406400
2018-10-23,112.01456451416016,112.62287383829256,109.69538793526253,111.15912726096798,8607400
2018-10-24,106.08354949951172,111.26368584813042,105.7413745836508,111.26368584813042,11630500
2018-10-25,108.50730895996094,109.01106456129907,106.5683197998441,107.04356202776624,7406900
2018-10-26,107.5853271484375,108.48828439079254,106.54929542404405,107.25265182077177,7984700
2018-10-29,107.44275665283203,109.24867844982111,106.41623176802302,108.78293587609343,9234100
2018-10-30,109.07758331298828,109.20114366481998,106.84394659658209,107.77541717541773,7365400
2018-10-31,109.14411163330078,110.75042513570136,109.00153754095008,110.47479107587478,9196700
2018-11-01,110.35123443603516,110.52232191352067,109.21065608721186,109.49579704860753,6779900
2018-11-02,109.47679138183594,111.15914554684824,108.70690135312424,111.04509206207338,6377900
2018-11-05,109.73341369628906,110.46529069595452,109.41975937662386,110.00905502393788,7920800
2018-11-06,110.93102264404297,111.05458299341916,109.73341038629152,110.0090517056259,5036600
2018-11-07,111.25418853759766,111.48230273570348,109.45777381782261,110.79795288976639,8249800
2018-11-08,110.25618743896484,111.99557558464083,109.50530391293607,111.63438688130378,11074800
2018-11-09,112.15715026855469,114.24821288138826,111.37775341268545,112.34724423276867,16878200
2018-11-12,110.9215316772461,112.59438632858334,110.82648468320188,112.1571643546833,9170600
2018-11-13,111.06410217285156,111.94805296672087,110.4272793567362,111.3112301506055,4650600
2018-11-14,111.32073974609375,112.36627117528685,110.67441003960008,111.62489447552485,7109100
2018-11-15,111.31121826171875,111.61537295122965,109.97103190218589,110.72191537820774,7088700
2018-11-16,110.43678283691406,111.52983407661833,110.2466816092461,110.75994404651907,7141900
2018-11-19,109.70490264892578,111.99557342807677,109.10610011512098,110.25618531589409,9714600
2018-11-20,106.33068084716797,108.9159920419745,105.99800554213748,107.89897413490739,11194600
2018-11-21,107.43324279785156,108.34570688563103,106.73939329696611,106.92948726256269,7242500
2018-11-23,106.5302963256836,107.2051393987043,106.20712784963919,106.68237006317102,3242300
2018-11-26,106.97702026367188,107.5758228146941,106.3782104610293,107.5758228146941,7002400
2018-11-27,108.26016998291016,108.45026395413669,106.84395031789802,107.98452864849756,7357500
2018-11-28,110.35123443603516,110.54133566191923,108.40274581916033,108.65937340957846,9039800
2018-11-29,110.83597564697266,111.33973116954881,109.50529616651767,110.01855856261972,10834700
2018-11-30,109.77143859863281,111.27320565371522,109.36273002672102,111.05459105643297,16857800
2018-12-03,110.00904846191406,111.1306202016159,109.22015202128156,110.87399263690308,9273300
2018-12-04,107.28117370605469,110.53182851874912,107.08157285807734,109.89500572973277,10806700
2018-12-06,108.66887664794922,108.67837627021036,105.65584302179411,106.51127312898058,10546200
2018-12-07,107.2608413696289,109.18612888068886,106.90643161147806,109.06161008841032,8305500
2018-12-10,107.14588928222656,107.55776810252245,104.91408062090542,107.27040806682977,7337500
2018-12-11,107.25126647949219,108.92751649550458,106.73402274046396,108.20912363149927,6861800
2018-12-12,107.48114013671875,109.17655123023235,107.42367105147065,108.23784809325309,7723900
2018-12-13,108.61140441894531,108.8125535115817,107.60565164789445,108.11332199544603,6661500
2018-12-14,107.47154235839844,109.1190574125438,107.32786966822039,107.63438358704732,7601900
2018-12-17,105.95813751220703,108.13246955420937,105.39299811656296,107.55775685081449,7731800
2018-12-18,104.83744812011719,106.39875974279548,104.31063114281221,106.19761064514785,6682300
2018-12-19,104.61714935302734,107.4045095999483,104.35852385419658,105.36427669121504,9416900
2018-12-20,102.49069213867188,104.60755509001238,101.6573539736276,104.1669417764539,9387300
2018-12-21,99.82786560058594,104.1669569843292,99.4830364686979,101.98304402095137,15530600
2018-12-24,96.1209487915039,99.52134407537322,96.1209487915039,98.87958163723825,7133000
2018-12-26,101.37001037597656,101.3891643009511,96.14968522218791,96.25505007922064,9422800
2018-12-27,102.03091430664062,102.05965615240036,98.46769275859747,100.00984296029964,8201400
2018-12-28,102.77806091308594,103.94664033596449,101.71483903890532,102.75889968032698,7620500
2018-12-31,105.0290298461914,105.04818377224903,103.017531448142,104.51178614820107,7241700
2019-01-02,104.377685546875,104.54051949404345,103.18994483242649,103.54434726945554,9723500
2019-01-03,101.84893035888672,104.07115817118587,101.47536673627506,103.90832424499484,10594700
2019-01-04,104.9906997680664,106.08265609493331,102.73015680525144,103.39108043230665,10122800
2019-01-07,105.90067291259766,106.70527663319383,104.69377829350736,105.27807167755063,6714700
2019-01-08,106.72441864013672,107.81637496853173,106.48495440482432,107.0884089548474,8730700
2019-01-09,107.9217529296875,108.04627902421628,106.85853101108466,107.0884219665827,5931900
2019-01-10,108.0462646484375,108.15162949538774,106.80104771604476,107.27039556563409,6160100
2019-01-11,107.90258026123047,108.16119840640681,107.02135367516601,107.45238635308263,4819100
2019-01-14,107.68228912353516,107.9504879315548,106.73401267864583,106.94474240148111,6980600
2019-01-15,107.05010223388672,108.41025744372854,105.94856520309462,107.56734589985524,9800900
2019-01-16,106.23592376708984,107.28956500937723,106.14013222044365,106.75316011806063,5899900
2019-01-17,106.33171081542969,106.5711750726345,105.51753380250715,106.0539314001278,6392000
2019-01-18,106.36044311523438,107.21293526828568,106.15929402036633,107.14588556999632,8554700
2019-01-22,105.93898010253906,106.63821891060351,105.12480313437054,105.95814133446892,6986700
2019-01-23,106.43708038330078,107.1267313359591,105.36427783271647,106.50413008597046,6845600
2019-01-24,105.89109802246094,106.42749562293524,105.29722403060066,106.32213076457504,6716800
2019-01-25,106.4083251953125,106.80105005306031,105.99645372187247,106.77231551378483,5706900
2019-01-28,106.14014434814453,106.31255892079142,105.31638664637272,106.09225587721862,6178800
2019-01-29,106.22634887695312,106.25508341934832,105.36427606575039,105.98688461316733,5253700
2019-01-30,105.48880004882812,105.91984012959871,104.36810899299014,105.65164131020532,7853800
2019-01-31,106.8202133178711,106.83937455097609,105.37385445682052,105.46005808218534,8351600
2019-02-01,106.60948944091797,107.32788220721022,106.25507971204757,107.25125189158379,6557700
2019-02-04,107.08841705322266,107.26083160800087,106.01561456706168,106.71485340251472,7037000
2019-02-05,107.91217041015625,107.98879341424619,106.75315703841973,107.29913522235526,13619800
2019-02-06,106.71485900878906,109.11907497778046,106.3891838069346,109.05202527561474,14229000
2019-02-07,106.27423858642578,106.4274992248163,105.18228211543646,106.37003013935458,8658100
2019-02-08,106.8106460571289,106.8393806005442,105.42174889314211,105.80489319037534,6395500
2019-02-11,104.82787322998047,107.09798966051709,104.64587806005359,107.05967450327621,11086400
2019-02-12,104.59798431396484,106.15929594334995,104.5500958473873,105.5654219564089,7610200
2019-02-13,105.55583953857422,105.82404563988186,104.62672437783874,104.63629768626939,6919700
2019-02-14,105.9964599609375,106.80105633948475,104.92365748167217,105.22059081548807,6324300
2019-02-15,107.8451156616211,107.88343081840173,106.35086108652106,106.70527080584021,8197300
2019-02-19,108.72634887695312,108.97538643244897,108.0750058320623,108.15163614507743,8169600
2019-02-20,108.88919067382812,109.28190826761728,108.51562700574136,108.81256035527971,7081500
2019-02-21,109.47349548339844,109.7129597729392,108.11334007269575,108.62100319726294,9480100
2019-02-22,110.39302825927734,110.89111072446397,109.14781113450643,109.79915423997791,8734700
2019-02-25,108.80297088623047,110.91984124365169,108.67845210962226,110.74742669488019,9327700
2019-02-26,108.71676635742188,109.20527545950429,108.09415786384527,108.86044636484243,8956000
2019-02-27,108.02711486816406,108.72635371678238,107.72060091032832,108.33362882599981,7249500
2019-02-28,108.08458709716797,108.64972656242239,107.99838346958154,108.142063490095,6716700
2019-03-01,109.20528411865234,109.61716294172015,108.668879202274,108.668879202274,6996900
2019-03-04,109.51179504394531,109.59799866812043,108.32404707538136,109.59799866812043,6015000
2019-03-05,109.1957015991211,109.71294527311387,108.96581795774738,109.41601193184493,5225100
2019-03-06,110.0098648071289,110.20144057412014,109.1956878940539,109.1956878940539,7352800
2019-03-07,109.20528411865234,110.05777630697675,108.68804043564609,110.00988053141587,6324000
2019-03-08,109.01370239257812,109.0424369332034,108.14205632617934,108.67845390550167,6549100
2019-03-11,109.91409301757812,110.15355727251838,109.22443479409112,109.23401541049209,6952700
2019-03-12,109.89492797851562,110.44090613224762,109.23400436320435,109.8853473630836,9920300
2019-03-13,109.28190612792969,110.00987952414742,108.92750370035375,110.00029890754911,17994500
2019-03-14,109.65547943115234,109.93325154759404,109.12865512506757,109.31065030496401,17409600
2019-03-15,110.11524963378906,110.6133394104826,108.88919373403516,109.67463625155686,14932700
2019-03-18,108.35279083251953,109.19570239561767,107.72060167929398,108.26657989895729,21769800
2019-03-19,105.36426544189453,108.91791388121783,105.17269697332945,108.18994054650697,45384400
2019-03-20,105.35469055175781,106.20718270657902,103.4964529205083,105.66120450284106,35588700
2019-03-21,104.08074951171875,105.50795445563014,103.80297009307424,105.46005868046517,27438900
2019-03-22,103.66886901855469,104.40641571225221,102.97921079137983,103.76465325946917,24133800
2019-03-25,103.24740600585938,104.47346178590003,102.79721205052938,103.91790297686008,18187500
2019-03-26,105.49836730957031,105.68993578263525,103.70717212415107,103.8316982087252,16693100
2019-03-27,105.63247680664062,106.40833869699868,105.1056598013846,105.7953107551087,10794800
2019-03-28,106.04434967041016,106.58074726239984,105.59415570233206,105.9389848137166,11748900
2019-03-29,106.35086059570312,106.89683878853678,105.73783270578004,106.85852363193298,16358800
2019-04-01,107.76849365234375,108.11332275868877,106.68611055992284,106.88725965397927,10785100
2019-04-02,107.2416763305664,108.534781909276,107.203361170947,108.38152857866787,9231800
2019-04-03,107.77806091308594,108.34320031427823,107.4811275967883,107.95047545658393,10534900
2019-04-04,109.91409301757812,110.01945787438137,108.2665777743301,108.46772687153562,14378400
2019-04-05,110.15354919433594,110.27806796694033,109.49262556065197,110.12481465510943,10907900
2019-04-08,110.11524963378906,110.94858792871692,109.8087356588506,110.15356479414007,11054200
2019-04-09,111.93517303466797,112.22253306662115,110.4217571744037,110.73785174797835,17340300
2019-04-10,112.2225341796875,113.05586512645249,111.37961530846134,112.62483238211675,14091100
2019-04-11,111.6861343383789,112.89303630832116,111.41793552458498,112.768517518451,12784500
2019-04-12,124.57889556884766,125.3834920475547,121.0348271229563,122.51950859259372,65253500
2019-04-15,126.47543334960938,127.10762248488692,124.32025507403985,125.52716426243116,32773700
2019-04-16,124.42561340332031,126.56164494995096,124.09994554431613,126.19765462768905,14564300
2019-04-17,126.19766235351562,126.78195572019939,123.83175434544683,124.33941739666112,14253700
2019-04-18,126.86815643310547,127.27045461828544,125.5846315638544,126.21682069016775,11890600
2019-04-22,126.1305923461914,126.62868203753531,125.50799119381405,126.3413220380778,10197500
2019-04-23,127.73980712890625,128.58272594630643,127.05972224382428,127.76854166897785,12159300
2019-04-24,129.40650939941406,130.02911071306994,127.12680465978332,127.50036837112495,11449500
2019-04-25,131.456298828125,133.0271837101888,129.15743327815548,129.6555230063429,16382500
2019-04-26,134.0233612060547,134.13829937889804,131.71492212985632,132.85477439635008,14167600
2019-04-29,133.4294891357422,136.37010266027215,131.81070839306548,136.19769540792814,25746100
2019-04-30,131.19766235351562,133.5156743257417,130.29727451807727,133.25704886719873,15253100
2019-05-01,130.63253784179688,132.34709538187198,130.49843845104093,131.6957596598395,8906700
2019-05-02,128.48695373535156,129.9716351973095,126.80113046262719,129.67470182806585,16580400
2019-05-03,128.66893005371094,129.6076258029915,128.14210579084107,129.52142218245032,8874400
2019-05-06,129.31069946289062,129.6267940376885,126.72448839678049,126.95436473064193,9955600
2019-05-07,127.81645202636719,130.23982928719093,127.16510160703008,129.64596257029413,10972700
2019-05-08,129.30113220214844,129.981202542616,127.6919247111573,127.87391989446918,15423500
2019-05-09,127.96012115478516,130.7283274739269,127.2417283596888,129.33943765988838,15297100
2019-05-10,128.39114379882812,128.65935720102397,125.69956801032733,127.4045522738418,9858500
2019-05-13,125.80493927001953,127.06931756977293,125.04823864449203,125.9581999031542,11389900
2019-05-14,127.58657836914062,128.985056336754,126.48504841599167,127.8930996941073,12001700
2019-05-15,129.00416564941406,129.5118432740361,126.47542391272252,126.9639403061403,9734100
2019-05-16,129.78961181640625,130.6516771925084,129.1286882073842,129.58845543358956,9689400
2019-05-17,129.34901428222656,130.24940228032986,128.3815838883811,128.60188692544708,8964200
2019-05-20,128.2666473388672,128.73598796222086,127.63445814720863,128.5923152439982,8009000
2019-05-21,128.43907165527344,128.89885364611607,127.50037566818372,128.89885364611607,7050300
2019-05-22,128.2091827392578,128.51568942077458,127.76856202838633,128.1804481946075,5093700
2019-05-23,127.1363525390625,127.9218022762153,126.38922526582512,127.11720592284236,6743300
2019-05-24,127.19383239746094,127.67276092682454,126.64786147417061,127.49078036288698,4570100
2019-05-28,127.03099822998047,128.391153497114,127.00226368752783,127.59614500160609,8938400
2019-05-29,126.02526092529297,126.58080516055946,125.26854565992363,126.3988245956212,7749600
2019-05-30,126.62870025634766,127.08846755218707,125.8049426011102,126.32219359770099,5274000
2019-05-31,126.47543334960938,127.32792550509403,125.26853877695615,125.44096063918552,7420700
2019-06-03,126.8873062133789,127.34707343841193,125.94861053268001,126.45627352642693,7901400
2019-06-04,129.13829040527344,129.19575948793454,127.31835329848838,127.8260163496458,8247500
2019-06-05,130.21109008789062,130.26855917253678,129.25323303515137,129.70342701919793,6842800
2019-06-06,131.4275665283203,131.64786954780348,130.0099276328284,130.7570549299783,6027300
2019-06-07,132.2225799560547,132.91223819716703,131.54250963945742,131.8011351338092,7026300
2019-06-10,131.29345703125,133.027175744227,130.3356000967224,133.027175744227,8479500
2019-06-11,129.3873291015625,131.9448056125413,129.2532297022664,131.79154498027765,6352200
2019-06-12,130.00038146972656,130.5367791678147,129.13831582861937,129.39692675150687,5537000
2019-06-13,135.7666473388672,135.87201218643227,131.81069351706742,132.13636136745512,17939500
2019-06-14,135.68045043945312,136.92566757489516,134.60765517974392,136.06360204344872,11125200
2019-06-17,135.02908325195312,135.5175849908002,133.2474689007506,134.87582264597668,8542700
2019-06-18,133.3720245361328,137.46206372769564,133.11339903318216,136.0061314953743,11231400
2019-06-19,134.98121643066406,135.1249037604799,132.7398343966315,133.63063445538586,6877100
2019-06-20,136.03485107421875,136.23599285325722,134.0137722813677,135.99652861057692,8485800
2019-06-21,134.32028198242188,136.0156929517624,134.0999789665263,135.96779717898394,14150000
2019-06-24,133.3528594970703,134.5501808080153,131.99270424172542,134.21492499465523,10497400
2019-06-25,134.04248046875,134.49267432574072,132.82599826268563,133.16125398282242,14675400
2019-06-26,134.48313903808594,134.80882157952928,133.63064675272196,134.4448311827198,8842100
2019-06-27,133.4294891357422,135.7666626613295,133.06549878203114,135.05784318719182,6466300
2019-06-28,133.75515747070312,134.30114300309768,132.76856588146183,133.53485444227977,20078800
2019-07-01,135.68045043945312,135.967810488515,133.35286473510416,134.5310248589448,8972400
2019-07-02,136.5233612060547,136.83945577958724,135.31646661089812,135.44097808599517,7554100
2019-07-03,136.9543914794922,136.97355271213831,136.0156957001653,136.6861926853988,4150900
2019-07-05,137.29171752929688,137.7157869725535,135.60508705668573,136.29901619906008,5596000
2019-07-08,135.91351318359375,137.07968950326014,135.86532079791507,137.03149711758147,4993900
2019-07-09,136.48214721679688,136.58816458443496,134.68949926798544,134.98827147507873,7396300
2019-07-10,138.34225463867188,139.02655124031085,136.86765877255382,137.24353586183386,9533700
2019-07-11,138.3615264892578,140.07706948480578,138.34224659429353,138.79522853532313,10471100
2019-07-12,139.6337127685547,140.1637847931362,138.78557399922653,138.9301364229763,8510000
2019-07-15,139.80722045898438,140.0963600805298,138.75669405007963,139.87469274338753,5289200
2019-07-16,139.07473754882812,139.7397542253157,138.60247570601422,139.50843960115662,5854700
2019-07-17,137.40737915039062,139.4409594429454,137.21460962135674,139.3638692788322,5296400
2019-07-18,136.5014190673828,137.301365574913,135.09428088041687,137.301365574913,8031700
2019-07-19,134.785888671875,137.08934364219914,134.6798713005943,137.08934364219914,6109900
2019-07-22,135.7400360107422,136.31831527952662,134.94008939496658,136.1351930208698,7706400
2019-07-23,136.14480590820312,137.37845444385897,135.19066437095793,136.5206829666256,7514500
2019-07-24,136.17372131347656,136.46286091220617,135.31594981787097,136.27973867613574,5896600
2019-07-25,138.0242156982422,138.0434808878609,135.9327808307324,136.27974542514056,7294400
2019-07-26,139.41204833984375,139.9325025434053,137.869995036005,138.53501168152783,8139400
2019-07-29,141.08905029296875,141.8215245305835,139.91322671005372,140.31801626554483,11674100
2019-07-30,139.68191528320312,141.4842104885869,139.37351048893368,140.48186181814597,6563100
2019-07-31,137.83143615722656,139.74938123532712,137.1856994017858,139.73974864121624,9710700
2019-08-01,136.7134552001953,139.29640227705266,136.1448085980133,138.14949118462314,8911700
2019-08-02,136.5785369873047,137.07006405183907,134.87262644788802,135.88460777487256,6539100
2019-08-05,133.29200744628906,135.15211295919525,132.06799142889005,134.10158659057203,10669700
2019-08-06,136.7327117919922,136.80981666042751,133.3594510057585,135.32558838523468,18818900
2019-08-07,129.9765625,130.94998392628125,127.47070565375556,130.0440200710044,29084500
2019-08-08,132.89683532714844,133.00285268202904,131.08490770055275,132.90646792077402,14054800
2019-08-09,133.50404357910156,134.19797276897285,131.807765689971,132.13546509525864,8811900
2019-08-12,130.83433532714844,132.58843807893263,130.33316101146002,132.3378435679631,7918900
2019-08-13,132.0487060546875,132.92575744439887,130.1114957456142,130.1114957456142,8145400
2019-08-14,128.03936767578125,130.2560704920707,127.87551061305338,130.16933301621637,11797700
2019-08-15,128.57907104492188,129.41756261909876,127.67310719379951,128.66580850992284,7590100
2019-08-16,130.3042449951172,130.59338458119646,128.98385902306384,129.16698125112237,6353800
2019-08-19,130.3909912109375,132.6366210679216,129.41756973559296,131.83667453211817,11741800
2019-08-20,130.23680114746094,131.11383788576714,128.4345058712123,128.50197815444835,8628000
2019-08-21,130.84397888183594,131.13311849996336,129.1959080591379,129.73562750297472,6325000
2019-08-22,131.1523895263672,131.7210214229351,129.81272360235496,131.268039483296,6967100
2019-08-23,126.90209197998047,131.49936948697982,126.27563503166147,130.60303809717055,10190900
2019-08-26,129.73561096191406,129.76452344941532,127.75020838682738,129.33082143064638,8093800
2019-08-27,129.6199493408203,131.0656324107129,129.33080978559204,130.85359771729543,6013600
2019-08-28,131.60537719726562,131.7788521402135,128.6850980076308,129.20553754272598,5950500
2019-08-29,132.84866333007812,133.65824250633827,132.44387374194804,133.11852305549817,6532700
2019-08-30,132.28965759277344,133.4847611092293,131.8077631483358,133.2823589718149,5622200
2019-09-03,131.37405395507812,131.48007131534698,130.16931790940944,131.43187893227014,5997400
2019-09-04,132.89683532714844,133.19560749828926,131.45115214582202,131.78848410396478,4285400
2019-09-05,133.8124237060547,134.22686050708754,133.3112641550949,133.88952856918286,5143500
2019-09-06,134.4967498779297,134.74732970874902,133.24382131132862,134.09196028679744,4090000
2019-09-09,133.8028106689453,135.00754675718449,133.46547868173792,134.5256523218888,5458700
2019-09-10,130.8728790283203,133.42692825690554,129.70670277708462,133.11850877166108,10974600
2019-09-11,131.25840759277344,131.30659997716916,130.04402421350568,130.65121590313956,7896400
2019-09-12,132.52096557617188,133.64859675486997,131.59572181848978,131.88486141190612,7333900
2019-09-13,133.02215576171875,133.21491061157676,132.14510428267454,132.8583134040268,5209100
2019-09-16,130.88250732421875,132.27036539379785,130.40061297818426,131.3547543713336,6329300
2019-09-17,131.37405395507812,131.77884350167272,130.75722968794577,130.8825269426955,4726500
2019-09-18,131.84634399414062,132.1065711534434,130.80545006318314,131.4704668557049,6857900
2019-09-19,128.47305297851562,132.38603324480513,128.18391339052002,132.03906868046047,12216100
2019-09-20,127.48037719726562,128.4056064166389,126.84427291753818,128.21285155479057,25231600
2019-09-23,127.66348266601562,128.07790482914967,127.11411594046432,127.21050071183339,6096100
2019-09-24,127.19120788574219,129.29226039047757,126.7382259776112,129.15733054802894,11904000
2019-09-25,128.27066040039062,128.5887125002288,126.46837987422568,127.0177318966724,6523000
2019-09-26,126.51657104492188,128.47306130486695,124.38659113843542,128.3188515537749,11615100
2019-09-27,125.25402069091797,126.25635474639779,124.25167192918559,125.38895055812203,8401300
2019-09-30,125.60096740722656,126.12140690477011,125.11907299213975,125.62987989563173,5532500
2019-10-01,124.85884857177734,127.0080935914727,124.820288782242,126.06358463536792,5978500
2019-10-02,124.46369171142578,124.54079658430639,122.95054350848955,123.85650002889777,8296100
2019-10-03,123.50953674316406,124.7431853096281,122.92163230240817,123.94325349592563,8498700
2019-10-04,125.55277252197266,125.71661485508643,123.95287956627311,124.02998443590022,6732900
2019-10-07,126.15995025634766,126.80570170520485,124.36730246856932,125.55277330191889,5784100
2019-10-08,123.81796264648438,125.33110359040556,123.72157787282624,125.19617373103519,6526000
2019-10-09,124.64682006835938,125.14799441357347,123.42280404891883,124.42515273934701,5004600
2019-10-10,124.65644836425781,125.42748239809349,124.21311372152172,124.5407984063703,4512000
2019-10-11,125.31183624267578,126.24671264730371,125.13834659432915,125.58169595676927,6559000
2019-10-14,125.00341033935547,125.58168952924483,124.79137561681276,125.41784719023467,3710300
2019-10-15,125.06122589111328,126.15031191061084,124.71426134458085,125.30217308436498,5914700
2019-10-16,126.12141418457031,127.05629058030037,125.00341554753729,125.06124052768531,7610800
2019-10-17,127.57675170898438,128.60801305040695,125.7841034896103,127.73096148632389,8005100
2019-10-18,126.15031433105469,128.3381190055074,126.1503143310547,127.57671762472326,8694000
2019-10-21,125.54313659667969,126.95990745366244,125.31183667309165,126.68041514390973,6257100
2019-10-22,127.60562896728516,128.8392774328375,127.31650409742895,128.3284705544252,9291600
2019-10-23,126.38164520263672,127.87550625674447,126.02503330363042,127.65383892391748,5970800
2019-10-24,125.54313659667969,126.93099496321393,124.93595959100958,126.7575200205229,5746300
2019-10-25,126.15995025634766,126.98880922717528,125.32145869160063,125.77444061206748,6696000
2019-10-28,125.80335998535156,127.29723567463571,125.42748291441887,126.6900439807248,8940300
2019-10-29,124.79138946533203,126.03468544969166,124.75284437797893,125.77445831473811,9305100
2019-10-30,124.90703582763672,125.59131764816323,124.47331909754931,124.99377329115414,10880000
2019-10-31,125.2154541015625,125.43712143431425,124.08782283549692,124.83957701287397,9628300
2019-11-01,127.94296264648438,127.99115502752588,125.78407044957433,126.24669966007286,8507600
2019-11-04,128.10682678222656,129.28265048977786,127.67312469153198,129.26337059282963,7631800
2019-11-05,126.6900405883789,127.96224892131693,126.1503211887994,127.96224892131693,7404500
2019-11-06,126.51657104492188,126.89244812180168,125.92865923685332,126.834623141705,9132500
2019-11-07,128.1453857421875,128.85858015585433,126.97919463757336,127.55747389223782,18047600
2019-11-08,132.9643096923828,135.17137957983473,131.78848617657872,135.1424670922535,24175900
2019-11-11,131.7884979248047,133.5425860548511,131.27769099033367,132.52097218590905,10138400
2019-11-12,133.5618438720703,134.29431801209378,131.78847613964575,133.03175712970184,17284000
2019-11-13,143.33468627929688,144.4912300171977,131.8848694497002,133.5618674287199,45725400
2019-11-14,141.82151794433594,145.17551360193147,140.98302638306214,142.6407443178507,28393600
2019-11-15,139.4313201904297,141.86970461250996,138.98798558982395,141.81187963906135,13733400
2019-11-18,142.30340576171875,143.64307156145023,138.48681047462378,139.50842421605577,15353100
2019-11-19,143.0070037841797,144.06716276596845,141.48421553510866,142.8142342363529,11504300
2019-11-20,141.6094970703125,143.5949145723176,140.74209293636736,142.72749573212081,9448400
2019-11-21,141.58059692382812,142.12996370780985,140.96377255771438,141.83119147354031,6241400
2019-11-22,142.92025756835938,144.02862368960203,141.36855676362154,141.87937843917402,9639400
2019-11-25,144.26954650878906,144.7707207979667,142.351601520037,143.41177507286474,11316800
2019-11-26,146.14894104003906,147.85485142712503,145.1562396982251,146.2549584020896,24949900
2019-11-27,145.9947509765625,147.04529214442104,145.67669884753224,146.78506500135032,6155400
2019-11-29,146.0911102294922,146.94888168592894,145.54174354636686,145.99472546556663,6284900
2019-12-02,145.16586303710938,147.43077257912537,143.70091466285848,147.40186009188685,10351000
2019-12-03,143.1997528076172,143.71055973485056,141.55166736067,142.39017368214365,9273800
2019-12-04,142.91061401367188,143.9225952793737,142.81422924312838,143.8936827894609,7684800
2019-12-05,142.1010284423828,143.4406943372055,141.77334376739034,143.30576448831152,7363300
2019-12-06,142.3130645751953,143.22866103793686,141.85043534046744,143.02625890946206,7084900
2019-12-09,140.91558837890625,143.13229119148983,140.1349069787656,142.60221903576468,11515000
2019-12-10,140.80955505371094,141.5323966818999,139.79757383299628,139.99996125338885,7084100
2019-12-11,142.24559020996094,142.53472980086102,141.44564371451264,142.05283538477772,8253700
2019-12-12,142.409423828125,143.53705492797425,141.91789684806238,142.5636335613308,7748300
2019-12-13,141.92465209960938,143.30142993392485,141.85677558094056,142.94268152477045,9350100
2019-12-16,143.94134521484375,144.12554977770762,142.0894761318847,143.0978152525267,9134400
2019-12-17,143.2335662841797,143.94135806663704,143.12691374123133,143.5923147255661,8776100
2019-12-18,141.80831909179688,143.4468833915217,141.74045735570277,143.27236910354134,9467800
2019-12-19,141.70164489746094,142.33186980575545,140.89692052219928,141.730730607682,10243900
2019-12-20,142.40943908691406,143.3790022292937,141.3332234070983,142.67121048341775,12629900
2019-12-23,140.27639770507812,141.87618587344525,139.9370594592018,141.46897110177738,9314000
2019-12-24,140.86782836914062,141.00356662300607,140.053398845948,140.17944679395168,3508500
2019-12-26,141.26536560058594,141.42049927456495,140.75149825059665,140.9744936604656,4422000
2019-12-27,141.3138427734375,142.05070551270123,141.02297084144672,141.60471470542828,5495300
2019-12-30,139.39410400390625,141.43017782680408,139.03535556335078,141.31383497816998,6602800
2019-12-31,140.22793579101562,140.36367405250783,138.89962409531233,139.29714857338269,5662900
2020-01-02,143.68927001953125,143.68927001953125,140.6836328351961,140.8678374245718,9502100
2020-01-03,142.04100036621094,143.3983828478712,141.60469991098867,141.944038134224,7320200
2020-01-06,141.2168731689453,141.58531191654905,139.91766204073036,141.11022062592107,8262500
2020-01-07,141.26536560058594,142.39975285212986,140.99388906830336,141.54654723396808,6906500
2020-01-08,140.9744873046875,141.68227911242076,140.41215365199864,141.06175923884197,6984200
2020-01-09,140.42181396484375,142.16703035975158,140.2085089168907,142.01189672590252,6664200
2020-01-10,140.21823120117188,141.07145158758092,139.8691878425828,140.87754189822277,5152500
2020-01-13,139.50076293945312,140.3442782194262,138.99658591500028,140.3442782194262,9921300
2020-01-14,140.7805938720703,142.25433428985704,137.95916100477012,139.04508200467941,14839100
2020-01-15,139.9273681640625,141.27506042066148,139.54922431337178,141.27506042066148,6818200
2020-01-16,140.7030029296875,141.0035651462159,140.04370707334905,140.67391721804668,6948400
2020-01-17,139.9370574951172,141.20718291152215,139.62679017189998,141.1102206744267,10355300
2020-01-21,139.19049072265625,140.18913963580877,138.65722800340967,139.84980139218666,9250200
2020-01-22,139.6267852783203,140.38304335920697,139.17108940979122,140.0533954356122,7550000
2020-01-23,137.87188720703125,139.23897490067307,136.36906125408632,139.2292845944231,11082000
2020-01-24,135.81640625,137.92035648574233,134.96318595371392,137.09622190006968,13076300
2020-01-27,131.7636260986328,133.5379284375319,130.8910251818311,131.72485008217123,12831800
2020-01-28,134.15847778320312,134.70143089930045,131.72487906842306,132.34539902887184,10390000
2020-01-29,131.9187774658203,134.45902852437962,131.65699123788616,134.3814764810436,9382700
2020-01-30,133.61550903320312,133.65429984802148,130.7262146924017,130.9782958112766,11847300
2020-01-31,134.10031127929688,134.44935469453105,132.88835703117314,134.18756843451456,12379100
2020-02-03,137.01869201660156,137.50347366433473,135.49647054142568,135.53524656372514,12639900
2020-02-04,140.32489013671875,141.15871515383736,138.88994061691983,141.06176770192596,23519700
2020-02-05,137.06715393066406,142.81667178064373,134.35238862629598,142.13798045455172,27824100
2020-02-06,138.3566436767578,139.56859748400754,136.92169451139438,137.60038568458262,9504600
2020-02-07,136.72779846191406,137.66827589344118,135.85518275727722,137.57131366147283,10948900
2020-02-10,138.25001525878906,138.25001525878906,136.1848556712644,136.73749901067728,8162100
2020-02-11,136.7180938720703,138.63783955281647,136.18484597733368,138.50210130417014,10790100
2020-02-12,137.53253173828125,137.89126535130956,136.58234924775195,137.03804508858406,8168200
2020-02-13,136.61143493652344,137.58099803697957,136.53388290752272,136.87322111606707,7543100
2020-02-14,135.2928466796875,136.9798920267927,134.89533699888133,136.80537774658913,9110500
2020-02-18,134.905029296875,135.40920632661891,133.8966900317482,134.78868644168833,8214900
2020-02-19,136.99928283691406,137.55192616670928,134.9922799157517,135.38011407156972,7080900
2020-02-20,136.0975799560547,137.31923904124164,134.62385456233483,137.31923904124164,5981700
2020-02-21,134.7401885986328,135.62249459259576,134.36205957184285,135.6030991876847,7725800
2020-02-24,128.9615936279297,130.3480766725049,127.21639173424688,128.8549410860393,19336500
2020-02-25,124.2883071899414,129.8632955098677,124.08469980852745,129.679076137416,21032500
2020-02-26,119.6053237915039,124.46283037563963,118.41275773246699,122.28132044792243,31195900
2020-02-27,114.44723510742188,119.15931260793936,114.3308848664435,116.1633586280692,30827500
2020-02-28,114.06910705566406,114.70901489362106,109.76424426563023,111.02467933031684,35389900
2020-03-02,116.32819366455078,116.32819366455078,112.49841466282655,115.50405904328682,21775900
2020-03-03,112.90563201904297,118.07340566583282,111.64520429357874,117.46258351098956,19529700
2020-03-04,115.55254364013672,115.61071506562719,111.96516272273996,115.33923855043136,13842100
2020-03-05,110.51081848144531,113.40011271922722,108.69773260672235,113.30315787717997,22397200
2020-03-06,111.76154327392578,112.34328709326782,106.96220854461357,107.38881870621641,22899600
2020-03-09,101.17391967773438,107.06886578114194,101.10605054879167,105.38182786372302,26233600
2020-03-10,108.06751251220703,108.18386275825293,99.3123580704121,104.80977959472332,24083700
2020-03-11,102.29861450195312,105.5854331324346,99.72927056264156,105.12003954532054,24771300
2020-03-12,89.01559448242188,96.95631940912702,88.8507705147496,94.64876167017465,40392900
2020-03-13,99.39961242675781,99.73896545227126,89.44220197639427,97.71257459077115,40960100
2020-03-16,92.11820220947266,95.2886706361376,87.26068847956633,89.00590520802974,35379500
2020-03-17,90.68323516845703,94.49361843091518,88.375677663391,92.88414753838794,27526200
2020-03-18,86.09720611572266,86.6207636794559,76.66335391145742,84.92402825688283,43592500
2020-03-19,92.04063415527344,94.43545642417656,82.5195239012905,85.32156093569986,30866800
2020-03-20,83.36304473876953,94.03792993081524,83.2272990893565,93.06836675933339,31957800
2020-03-23,83.14973449707031,84.62346717150102,78.62186914540085,81.91838520328736,32246600
2020-03-24,95.13355255126953,96.15158956610715,89.00591286250575,89.51978022197343,32538100
2020-03-25,97.66410064697266,102.69612843199594,92.60297975343326,97.59623152146152,28533000
2020-03-26,102.1531753540039,104.45104271124156,97.73196970177946,97.76105541309465,24520300
2020-03-27,93.46589660644531,98.40096988356301,92.63207163905648,97.39262323934442,30591500
2020-03-30,96.76240539550781,97.402313228415,89.29676469705868,93.07806246409865,23119200
2020-03-31,93.65979766845703,100.02013688497999,93.23319491774137,97.16961889164226,21563200
2020-04-01,92.03093719482422,94.43545718626666,89.7427674503997,90.65415922575629,18303900
2020-04-02,94.01853942871094,94.29971362864535,91.33284537251178,91.33284537251178,13936500
2020-04-03,91.02257537841797,93.9700479026992,89.88818839885765,93.37861385752421,14814600
2020-04-06,96.54910278320312,97.14053691198102,91.64310808551808,94.29971651212627,20407400
2020-04-07,98.15857696533203,102.66704735547454,97.19871146200498,101.66839843622172,22899600
2020-04-08,97.99374389648438,99.23478350215338,95.6474029296927,97.47017892587161,22562500
2020-04-09,101.31934356689453,104.70311670188967,100.37886617990192,104.63524758103348,31453600
2020-04-13,100.34979248046875,101.67809674440285,96.57819217611734,101.52296307977684,17306000
2020-04-14,102.80278778076172,104.36378516808968,100.73762077012616,102.28892045397309,19866900
2020-04-15,100.22374725341797,101.68778230987616,99.57413430955687,101.21269842917289,14157600
2020-04-16,98.91482543945312,100.56308716829368,97.81922178578945,100.37886780990138,18029300
2020-04-17,103.38451385498047,103.53964750637577,101.17391110285482,102.97729911583725,17926900
2020-04-20,99.14753723144531,101.66840013120552,98.89544872231518,100.4273603896116,17021000
2020-04-21,97.47988891601562,98.42036644119473,96.11280119866939,96.96602158300365,16101400
2020-04-22,97.91619110107422,99.50627424830904,97.81923625496098,98.70154236810673,11463800
2020-04-23,97.92587280273438,99.40930315768254,96.43274474560542,97.58652719820039,17132200
2020-04-24,98.11009216308594,98.81786908155165,96.49091616906534,98.68213083973139,13614100
2020-04-27,102.83186340332031,103.27786155633754,98.51731042519086,98.89543945486155,15518300
2020-04-28,102.97730255126953,106.71011924563908,102.75430716642397,105.47877728462342,16503700
2020-04-29,108.83345794677734,109.26975838279245,105.2557677416077,106.59376955345556,20139800
2020-04-30,104.8582534790039,106.95250598308601,103.60751615972475,106.10899079828305,18638700
2020-05-01,102.2889175415039,103.6560052033686,101.29026862962384,103.12274248480149,13209100
2020-05-04,100.0395278930664,100.66974543121694,97.48957942617541,98.90514076270341,19514800
2020-05-05,97.98405456542969,101.97865760998997,97.82892830005753,98.42036244347297,30169800
2020-05-06,97.80953216552734,102.06591398748378,95.85101777205509,98.39127599858773,51992400
2020-05-07,102.35678100585938,102.39556441935281,98.73061691179045,98.75000491994727,20868800
2020-05-08,105.8375244140625,105.8569124236607,103.38452325920309,105.73087186832164,24079700
2020-05-11,104.48981475830078,105.4981612962693,103.17121571330459,105.10064426143168,20555900
2020-05-12,101.37752532958984,106.10899845666803,101.30965620180865,105.74055970827284,17049700
2020-05-13,99.78743743896484,101.35813240205788,98.50761437920823,101.3193489884677,21085800
2020-05-14,102.68643951416016,102.69612981994995,96.62666966455237,98.87605593683958,22002200
2020-05-15,105.73086547851562,106.05081569922181,101.09634736351914,101.78474371612727,29766000
2020-05-18,113.29344940185547,116.1342696470981,110.98589183294047,110.98589183294047,40044600
2020-05-19,110.88894653320312,112.92502778636705,109.967857049195,111.5967235311622,20332600
2020-05-20,116.27001190185547,117.19110133843989,112.50810951924771,112.87654085557358,25749900
2020-05-21,114.2436294555664,116.63845165558129,112.95410867137687,115.70766450808425,17578300
2020-05-22,114.42784118652344,114.96110388478452,113.27406605320019,113.92367159676922,9288200
2020-05-26,117.26866912841797,118.78119278980424,116.76449950607612,117.36563136868172,16466400
2020-05-27,117.83101654052734,120.01253377807505,116.06641178204265,119.91557893584232,19345400
2020-05-28,113.19650268554688,118.26732143534176,112.4693302914213,117.89888268812287,18606000
2020-05-29,113.7297592163086,114.16605967018901,110.64654813697172,112.65354353974517,17745100
2020-06-01,115.15501403808594,116.00823435885769,113.37102136225393,113.69097898254334,10538300
2020-06-02,115.1356201171875,116.20213806620553,114.24362382507638,115.37801089638158,10753100
2020-06-03,118.46122741699219,118.7230062159464,115.68827618217999,116.3378817253307,12584300
2020-06-04,119.92527770996094,120.71062155539228,118.14127752879324,118.23823237189161,14195100
2020-06-05,121.02086639404297,123.92955570721226,120.49730143001096,122.46551334837348,16581600
2020-06-08,123.406005859375,123.56113952572606,120.16766824469029,121.29235773701409,13858100
2020-06-09,120.11917877197266,121.9613502473011,119.75074743577889,121.80621659173751,10882800
2020-06-10,118.46122741699219,120.32278691251958,117.24927346461553,120.2452200842443,11497100
2020-06-11,109.21159362792969,114.40845275146556,108.8334645877289,114.0206260084653,26078800
2020-06-12,111.97486114501953,113.43890376914823,109.45399809625239,111.66460119128175,18361900
2020-06-15,113.5164566040039,114.52480317856187,108.30989976925612,108.66864080161747,14156400
2020-06-16,114.8350601196289,117.80192094674574,112.51780481788293,117.54983246034075,12951200
2020-06-17,114.06910705566406,115.60101862113122,113.57462777371101,115.0289725111895,8921600
2020-06-18,114.7671890258789,114.92231527834076,112.4014526491045,113.32253465301673,9577300
2020-06-19,110.86955261230469,116.46393652830979,110.86955261230469,116.32819826942533,23496300
2020-06-22,112.39176177978516,112.65354798017593,109.6672916176397,110.7144216248428,12868000
2020-06-23,113.04137420654297,113.87519918180813,112.44024973403585,113.40011526707627,10187600
2020-06-24,108.65894317626953,112.46932669554903,106.68103343982415,112.32389074193777,22252500
2020-06-25,107.97056579589844,108.11600176510305,105.19761426587151,105.67269819457131,17240400
2020-06-26,105.77935028076172,107.81543164913874,104.73222018370588,107.57304083392289,15270900
2020-06-29,108.12567901611328,108.17416013238784,104.80977482509512,105.68238313777879,12584300
2020-06-30,108.11600494384766,108.63957001006935,106.58409316458948,108.10630723970071,10565900
2020-07-01,109.5703353881836,112.08150043581138,108.8722487255779,109.38611601966824,11930900
2020-07-02,108.76560974121094,111.59673276157612,108.59108805380865,111.49977791239282,10312000
2020-07-06,110.9471206665039,111.04407551003436,109.46369010866464,110.36538420814072,11933400
2020-07-07,110.17147064208984,111.57734180830775,109.18251937100953,110.17147064208984,10836500
2020-07-08,113.10926055908203,113.56494910624166,109.37643585612821,110.02604890294428,13629500
2020-07-09,113.25466918945312,114.26301575315966,111.86819358900411,112.96380468274803,13582900
2020-07-10,115.7076644897461,115.80462672393077,112.67293444813534,113.27406627305277,14207900
2020-07-13,112.6826400756836,116.47362846859434,112.3626824336041,116.28941648448406,15620200
2020-07-14,115.0483627319336,115.45557746475261,111.05376003669797,111.72276095288599,12425100
2020-07-15,117.2201919555664,118.37396712950869,116.05671168126695,117.92796894670694,15314200
2020-07-16,115.79493713378906,116.33789017679955,114.02063464329068,114.13698489415596,10210100
2020-07-17,115.0386734008789,115.9209720528578,113.49706408991126,115.28106419717355,9843500
2020-07-20,114.20484161376953,114.88353284377854,113.26436419705732,114.45693009799271,8947900
2020-07-21,115.00958251953125,116.7257060254035,114.07880279125719,114.45693182470666,8946300
2020-07-22,115.4071044921875,115.66889069402569,114.34058647029352,114.59267496909102,7063300
2020-07-23,114.52479553222656,115.71735399757081,113.44857990417674,115.24227015186665,7255800
2020-07-24,114.03032684326172,114.61206327515035,112.01363364201303,112.17845760823181,8233300
2020-07-27,112.76988983154297,113.84610554102427,112.15906769799139,113.6328004602723,9413000
2020-07-28,112.64384460449219,113.28375242299302,111.18949991123252,111.94575796817881,6821100
2020-07-29,112.09119415283203,113.1577121173643,111.60641258739194,112.68262825444332,9496500
2020-07-30,112.13967895507812,112.75050108463005,109.91937842470385,111.41250658301065,9713500
2020-07-31,113.38072204589844,113.48737458879879,110.64655414019322,111.71307217201665,9601000
2020-08-03,112.80867767333984,113.55524548527205,111.83911446618234,112.63415600016428,10229200
2020-08-04,113.7200698852539,114.74780452163007,112.23663935624144,112.43054903953421,17293900
2020-08-05,123.72595977783203,126.343777442754,119.52774937249838,119.61501390649184,53000200
2020-08-06,126.8382568359375,127.62360061075303,121.78682637658372,123.09573513366949,27238000
2020-08-07,125.97533416748047,127.9241655857686,124.74399960729494,126.25651576847635,16088600
2020-08-10,124.87004089355469,127.32304945684557,124.57918376234612,125.80082809650418,8529200
2020-08-11,126.51829528808594,128.71919289129352,126.04320403919974,126.55707130288776,13885700
2020-08-12,127.77873992919922,128.9519180237465,126.51831948325352,126.69283377477397,12204200
2020-08-13,126.97399139404297,128.3216835251572,126.47950473955741,126.66372409755328,6468600
2020-08-14,126.55709075927734,127.09035350952746,125.79114229572623,126.05291372318983,6507600
2020-08-17,125.43238830566406,126.17895612313096,124.62764906243414,126.1401801040758,7492200
2020-08-18,124.99608612060547,125.6456916900718,124.45313309504319,125.50026312763919,6714600
2020-08-19,123.8810806274414,126.2565147872128,123.55143270653768,125.3160373465948,7624200
2020-08-20,124.22042083740234,124.54037843881524,122.6788190441612,122.94060522610974,4918100
2020-08-21,123.5611343383789,124.40464957291417,123.35752695772625,123.83261084591577,6064700
2020-08-24,126.71221923828125,126.89643861666922,124.03622268727533,124.24952038145365,7613600
2020-08-25,125.83958435058594,127.10001930050572,125.37419821938852,126.84793822826511,5494400
2020-08-26,128.15684509277344,128.56407461900795,125.57781845756197,126.04320460908268,8447800
2020-08-27,129.65969848632812,132.20965474907865,128.7774071098971,128.95192140599482,13667600
2020-08-28,131.4145965576172,132.63625572251556,129.5142608701148,130.406257285892,11020100
2020-08-31,127.8563003540039,131.41459568699705,127.25517587644026,131.13342885553178,11617500
2020-09-01,129.48516845703125,129.54333988199568,126.90612679163296,127.90477570514967,7351200
2020-09-02,131.2691650390625,131.7830323671049,129.20399062620774,129.56273908125758,8187800
2020-09-03,129.18460083007812,133.06285347205076,128.0017325907277,131.12372715106446,12079200
2020-09-04,127.97264862060547,130.7746856007797,125.48086416294316,129.67907448032085,11248300
2020-09-08,130.11538696289062,132.96590532380353,126.87704921444131,127.97266043605565,17257300
2020-09-09,129.3009490966797,131.4242948742883,128.2344236576743,130.1929454664113,8891800
2020-09-10,129.1652069091797,132.58776372151348,128.69982072921417,129.5142502427438,9853400
2020-09-11,127.73994445800781,129.669380444102,127.10002923113925,129.669380444102,7165300
2020-09-14,127.25515747070312,128.88401638503586,126.91580446637101,128.49619706096394,8391900
2020-09-15,127.2454833984375,128.50590375964353,127.02247320400559,127.45878849219622,7289100
2020-09-16,128.06959533691406,129.55302580071154,127.40059438375837,128.14716216569326,6601000
2020-09-17,126.25651550292969,127.75934135532827,124.68582792260017,126.57647312010046,6723500
2020-09-18,124.71492004394531,126.80916532723953,124.22043334001103,125.55843529979492,9916300
2020-09-21,121.59291076660156,123.02785999855011,119.82829884007187,122.1455614324646,10352700
2020-09-22,123.33812713623047,123.59021562585298,120.90452156419497,121.44748195701112,6978800
2020-09-23,119.52774810791016,123.42539624896553,119.1593167610738,123.20239346194612,8323600
2020-09-24,118.76179504394531,120.0319278740185,117.1038428491764,118.21884201562715,8480000
2020-09-25,120.225830078125,120.41004944292287,117.29775263259427,117.66618396501026,6851800
2020-09-28,122.15526580810547,122.99878845724007,121.5541413567688,121.92257271072289,6283700
2020-09-29,121.58322143554688,122.44613205398731,119.91557162102114,122.08739102271102,7405800
2020-09-30,120.30339813232422,121.72865715472528,119.48896123501797,119.48896123501797,13642500
2020-10-01,119.55683135986328,121.6510913442963,118.69392073586445,121.13722405103633,8908300
2020-10-02,118.8199691772461,119.91557289391666,117.98614426113222,118.27700877317525,6490200
2020-10-05,119.6150131225586,119.83800851329575,118.60666651974779,119.5083605801434,5919200
2020-10-06,117.24927520751953,120.41005323351304,116.9390152869863,119.38231123653797,9052000
2020-10-07,119.16901397705078,119.55683333121762,117.2492756263329,118.23822681494634,10187800
2020-10-08,119.34353637695312,119.98345166983891,118.69393077757914,119.81862769337337,7404600
2020-10-09,121.17601013183594,121.72866085147068,119.57622939694164,120.08039899844805,11502200
2020-10-12,121.16631317138672,122.10679065027205,119.96405688567214,121.09844404389914,10958200
2020-10-13,125.03487396240234,127.36181967219339,124.00713196349196,125.8493034813932,22389000
2020-10-14,122.73699188232422,125.55842411382945,121.47656426389082,125.20938079864983,11531500
2020-10-15,123.48356628417969,123.52234969875472,120.64274589188273,121.1953966045121,7744000
2020-10-16,122.95030212402344,124.22042749829775,122.48491594899492,123.91986528537602,6291700
2020-10-19,120.44884490966797,123.52235861406822,119.94466788098308,123.49327290033266,6576900
2020-10-20,121.14691925048828,121.90318476242538,119.8767938217135,120.78818559958987,6161200
2020-10-21,122.7757797241211,123.67747375466838,120.07069763247921,120.57487461578513,6591500
2020-10-22,123.67748260498047,124.20105503128471,122.13588062798824,122.81457192656714,5177700
2020-10-23,124.44344329833984,124.5888718613677,122.50430949086598,124.20105249705314,5439900
2020-10-26,120.28400421142578,123.2411748316269,119.20778850356109,123.2411748316269,8578900
2020-10-27,119.55683135986328,120.8172664316624,119.28535485755083,120.25491802134096,6813800
2020-10-28,114.8641586303711,117.83101978810895,114.71872266442344,117.326850156295,11654700
2020-10-29,117.84071350097656,118.89753384985706,113.66189843049496,114.56359251221714,9583700
2020-10-30,117.55953979492188,118.04432140232362,115.46527970029982,116.96810564211734,8090200
2020-11-02,116.47362518310547,119.18840511666376,116.16336525331427,118.51940413794699,9186000
2020-11-03,120.2452163696289,121.26326061704783,117.67587998770622,117.90857306816382,8144900
2020-11-04,121.26325988769531,122.99877877110815,119.65378894487277,119.81861290098973,7483000
2020-11-05,123.09574127197266,124.70521231504986,121.97105182215174,122.92121960251319,7654800
2020-11-06,123.58051300048828,124.14285398192017,120.81725961893855,122.41704022841876,6259700
2020-11-09,138.25001525878906,143.18508847187087,133.8676001794807,135.99093119280036,35634700
2020-11-10,137.7846221923828,138.03670328972026,133.47975936573488,135.70975760770727,18115400
2020-11-11,133.6251983642578,137.67796516718238,132.46171076679414,137.16409788919165,9600900
2020-11-12,131.3951873779297,134.2747907914773,130.01840963587938,132.19022137799462,13768200
2020-11-13,134.1487579345703,136.89262342252798,132.36476529042952,136.61144182437778,21062300
2020-11-16,140.26669311523438,140.33456963411388,137.26105635584554,137.26105635584554,16382500
2020-11-17,140.1018829345703,140.42184056711437,138.2209279522957,140.0049206964562,9354900
2020-11-18,139.52012634277344,141.05203783992846,138.98687846496475,140.10187012956717,9456200
2020-11-19,137.40650939941406,138.9384211590803,137.3871139913682,138.2306441062039,8892500
2020-11-20,136.77627563476562,138.26939632126061,136.5726608712459,137.3967954361395,8481600
2020-11-23,141.5368194580078,143.2529503148602,137.3870905072242,138.11426284384785,12887000
2020-11-24,146.87913513183594,147.23786878319854,143.3499256602837,143.65048788649133,16711700
2020-11-25,144.5521697998047,145.69626203612447,142.75848680776187,145.69626203612447,9552000
2020-11-27,142.65182495117188,145.7738193454775,142.07008116806986,144.46490323067746,5306400
2020-11-30,143.5050506591797,144.16436135927333,141.83740069315357,142.5839685347069,9710100
2020-12-01,144.8915252685547,146.7918608333306,144.46491509848167,145.01757321726538,8825500
2020-12-02,148.9346160888672,149.32243548326915,143.82501345891467,144.94002010795305,10601900
2020-12-03,148.5758514404297,149.73932417548485,147.499635831773,148.77945140202613,9063200
2020-12-04,149.44847106933594,149.97202868786331,148.15895023789957,149.01217058816974,6033300
2020-12-07,149.00245666503906,149.1963811290617,147.62567877776337,148.51767509370146,6815500
2020-12-08,149.041259765625,150.1659566545178,147.61600064481587,147.780824617339,7900600
2020-12-09,149.72962951660156,152.66741945942178,149.2060719273458,151.53301755970847,10804300
2020-12-10,149.9817352294922,150.61194539785927,147.85838943380415,148.65343836680682,8993200
2020-12-11,170.3716278076172,173.98809400043336,160.29786786772712,164.51545844373368,87410700
2020-12-14,164.1470489501953,171.90355437211255,163.67195766713328,168.51008325002377,30939400
2020-12-15,168.64581298828125,169.15968026298953,162.7120913743007,165.3008231528385,18802600
2020-12-16,167.85076904296875,169.5281239568907,166.39642430714537,168.6942990499109,11105800
2020-12-17,168.26766967773438,169.51839949819285,166.72606798445642,168.52945584270773,9004600
2020-12-18,167.62777709960938,170.48798551322614,167.03634296979493,168.3161734648793,21172100
2020-12-21,165.4947509765625,166.70670502051252,163.07084288866244,164.91300711772212,11424200
2020-12-22,165.26202392578125,166.23158700518667,164.011294062866,164.8257234989205,6419200
2020-12-23,168.26766967773438,170.59461507157442,167.05571586961813,167.69563103094941,9994000
2020-12-24,168.4422149658203,169.26634962495646,167.13331348846148,168.69431087275458,2721000
2020-12-28,173.41607666015625,174.44381129760114,169.72204319017166,170.40073447958238,13145400
2020-12-29,171.90353393554688,174.71526089897876,170.85640405275174,174.53104155001134,6875400
2020-12-30,175.65576171875,177.81788349448215,172.94098182228672,173.06702977144158,11680400
2020-12-31,175.6654510498047,177.81788250764114,174.7831597936978,175.704241862111,7073500
2021-01-04,172.27198791503906,177.03254693355032,169.41177934026547,176.71258929175139,13426600
2021-01-05,173.00885009765625,174.85101415686862,170.83702332517004,170.83702332517004,7771800
2021-01-06,173.6681671142578,176.08238496759864,171.88417425913659,172.89252833854343,7517800
2021-01-07,173.1446075439453,174.47290446672707,172.1750442906772,174.03660396162866,7300800
2021-01-08,173.25125122070312,174.54077205683166,171.22486767579846,173.36759407094135,7894500
2021-01-11,173.63906860351562,175.74301895603054,171.95203811686548,172.3398574761422,6461300
2021-01-12,170.63343811035156,172.89252221073656,169.53782692666266,171.9035635740825,8349800
2021-01-13,170.7594757080078,172.32047314007266,168.45192522165715,169.09182572613625,6839500
2021-01-14,168.15133666992188,172.9216005760855,168.12225095781747,171.62237465986166,8951200
2021-01-15,166.221923828125,168.8882227316354,164.99057437390096,167.68595899099168,12232500
2021-01-19,167.01695251464844,168.42283099862684,166.2219183789146,166.86183364542555,7834700
2021-01-20,168.35496520996094,172.4659187909377,167.73444531041363,169.8868769482349,9809200
2021-01-21,166.0667724609375,169.6735485041166,165.81469137198647,167.9671227137017,8416400
2021-01-22,167.5211181640625,169.91594030367446,166.65820756114204,168.70398637854126,9517200
2021-01-25,166.65821838378906,167.84108667508232,163.6331859244085,166.65821838378906,7833700
2021-01-26,164.3991241455078,168.0737767419956,163.90465226859078,167.73442372423168,7523200
2021-01-27,158.06787109375,161.2771225893641,155.63427303742134,159.98760189035335,18239200
2021-01-28,166.64852905273438,167.61809226147616,160.8990115318281,161.11231662130015,14449100
2021-01-29,163.05142211914062,164.64150498569367,160.74385724420245,163.66225159647334,12848800
2021-02-01,165.7662353515625,166.503098119221,162.9157169380591,165.64018739082505,8140400
2021-02-02,171.5738983154297,174.28866324902313,167.54051213643473,168.48098955784363,12215200
2021-02-03,171.06002807617188,172.9991544739213,170.41042250824904,171.61268620082342,5508600
2021-02-04,174.744384765625,175.85939140756537,171.11822758852952,172.1847383135264,9035400
2021-02-05,175.6460723876953,176.7707692473006,173.87176996116983,176.17933510512543,6640500
2021-02-08,184.2169952392578,184.8375150524999,177.72092520811375,178.25418789004664,16085700
2021-02-09,182.4814910888672,183.489830278103,180.377525986853,182.44270027715046,11270800
2021-02-10,183.85826110839844,184.89568596461388,180.15452284985525,184.1975993273425,11464600
2021-02-11,185.09930419921875,185.42895211900625,182.34574840859457,183.42194930066088,17507900
2021-02-12,181.95791625976562,187.94982427497715,180.88170056158665,187.12568967214864,27233800
2021-02-16,180.67811584472656,182.7044994673957,179.23346128993342,181.59919796463427,11630700
2021-02-17,180.765380859375,181.91916353330515,176.61565119145993,179.7182507383551,11391800
2021-02-18,177.43006896972656,180.72657799458923,177.2749353041338,179.1655806211686,12380900
2021-02-19,178.06024169921875,179.155852639823,177.22641691495554,178.6613808283855,8834500
2021-02-22,185.92344665527344,188.11466910592176,176.0048185815488,176.20843337702973,18799600
2021-02-23,191.09121704101562,192.8849149679669,182.9178059598151,187.69774567224593,23191400
2021-02-24,191.49842834472656,194.49438997091485,189.38478760336815,191.56630487215995,16205900
2021-02-25,185.1671905517578,191.93475287908493,184.5854614620091,191.71174267337113,12712000
2021-02-26,183.28622436523438,185.77800893874561,179.80549596052563,184.28488809137093,15844000
2021-03-01,189.04542541503906,190.90698495241625,185.56469713620922,187.34868984356734,10709900
2021-03-02,188.03707885742188,191.93472684583153,187.600778400698,190.13133880292793,8371400
2021-03-03,186.40821838378906,190.81973397076584,186.35975205852912,188.70609326342856,8750300
2021-03-04,182.3069610595703,186.62151419271495,178.51596552694983,184.12003944718887,12542600
2021-03-05,184.20730590820312,184.76965430354676,177.75970216411102,183.3928616285982,10266400
2021-03-08,195.76449584960938,196.8407115196456,187.89163314486288,191.30449951744717,25093200
2021-03-09,188.5897216796875,195.56088304719978,188.45398343139817,194.09684802676776,23331000
2021-03-10,189.12298583984375,192.74915735003324,188.7545471083215,191.30450292928094,13662100
2021-03-11,190.7615509033203,192.9915491205284,189.45263472524869,191.37238042566835,11933900
2021-03-12,191.15908813476562,192.371042160583,189.23934230593127,190.54825857155828,13249100
2021-03-15,190.77122497558594,192.49704606250265,188.88057994153206,192.49704606250265,10311400
2021-03-16,188.32797241210938,190.60643719000473,187.00936579048965,190.13136066234873,9680700
2021-03-17,189.2975311279297,190.21861324133707,185.94283582884535,187.55231434789624,14418700
2021-03-18,186.42759704589844,189.1423767628442,185.9040394663594,189.01632882202438,9644500
2021-03-19,185.32229614257812,188.0952472871423,183.98429428850554,185.10899107035323,28354600
2021-03-22,186.98995971679688,190.35434521105725,186.1561347713591,187.37777907982638,8838500
2021-03-23,182.98565673828125,186.4857804465678,182.24879403972207,185.75860805394063,10701200
2021-03-24,179.09768676757812,184.70175998136432,179.02011994869343,184.27514987467754,13549100
2021-03-25,181.22105407714844,181.9967075652655,175.50062254734996,176.31506684677075,9609200
2021-03-26,180.26116943359375,183.22803014684965,177.01314193139086,183.08260159986995,10196100
2021-03-29,179.22373962402344,180.28055982095572,177.57547056754308,179.60186863000646,7544700
2021-03-30,179.883056640625,180.64901984208987,177.97301598144625,178.23480218397881,5929700
2021-03-31,178.90379333496094,181.2113435299356,178.80683110397607,180.1739186713223,8478000
2021-04-01,183.21835327148438,183.34440121767844,179.9412250253179,180.7556545368182,7749400
2021-04-05,182.7626495361328,185.83616287502477,182.36512510320642,185.6422532083941,7405300
2021-04-06,183.95523071289062,185.4580567046292,182.15184248167657,182.76267206148876,7926200
2021-04-07,181.85125732421875,184.53695132239187,181.25982322630392,184.02308404978578,6238700
2021-04-08,181.6186065673828,182.3263836421846,179.98004220424767,181.50224890986485,7763000
2021-04-09,182.17123413085938,182.4911917710955,180.48418878989466,182.44271065087293,6089300
2021-04-12,180.81382751464844,182.13243392001388,179.83455931704776,182.0354716924475,6662500
2021-04-13,179.84425354003906,180.76533546878065,178.9813430265758,179.9412009673836,6826500
2021-04-14,181.7543182373047,184.6048215279539,180.05758269092877,180.30966378899222,9089900
2021-04-15,180.2708740234375,183.15047783668805,180.04787863561202,182.36513403204881,7262500
2021-04-16,181.5603790283203,183.70311996816486,180.5326445193334,181.86095601368174,9453500
2021-04-19,181.7252197265625,184.53696182518556,179.99939844970697,181.8027865562859,7625800
2021-04-20,177.2264404296875,182.35543774187383,176.28597779162777,181.58947457393185,10765800
2021-04-21,177.53672790527344,177.79851412608812,173.41608407870814,175.7721156829568,8400200
2021-04-22,177.19737243652344,179.25285656572197,175.74302757635851,178.61294127660278,7378300
2021-04-23,177.44944763183594,178.30265312336374,176.4217130843952,176.79984211212076,6075500
2021-04-26,178.6614227294922,179.9509436165581,177.68215438677032,178.36086049159732,6178300
2021-04-27,179.0201416015625,180.15452872553635,178.54505032631474,179.3594946259337,4870000
2021-04-28,177.8081817626953,179.16556422652235,177.2555384718369,179.16556422652235,5199300
2021-04-29,179.6891326904297,179.90243775786837,177.18765809494272,179.17526542642537,5958300
2021-04-30,180.35813903808594,180.64901093830122,177.95361180437504,178.68078415773357,7866300
2021-05-03,179.86366271972656,183.4607486775203,179.61158161535892,181.97731817485317,7542800
2021-05-04,178.64199829101562,179.98000008160986,176.76104354028422,179.2431226691163,7069300
2021-05-05,175.9853973388672,179.37886827339932,175.83996878798806,179.37886827339932,5901700
2021-05-06,176.2568817138672,177.42036935037856,174.33715078459917,177.21675457568114,6944900
2021-05-07,179.2140350341797,179.4855115113308,175.9853882226769,176.46047945487058,6888400
2021-05-10,178.6905059814453,181.27923802636224,178.42871976731462,180.04788858367715,8260300
2021-05-11,176.1405487060547,176.70289714994846,172.99915854186352,176.26659665906763,10865600
2021-05-12,172.43682861328125,176.90651575341906,172.1750423953595,175.20007497806066,8988100
2021-05-13,172.91189575195312,175.24854659047256,170.4492117589001,172.94098146410397,12332200
2021-05-14,168.4131317138672,169.58630974298308,163.6428823516552,167.66656387715705,33149400
2021-05-17,164.90330505371094,167.72473741750468,163.43926999897513,167.44355581451447,17771600
2021-05-18,164.51544189453125,166.04735320199345,164.29244654809557,165.07779020696856,10401000
2021-05-19,164.1179962158203,164.24402939408643,162.01404547268652,162.60547972172324,9251000
2021-05-20,166.14434814453125,166.66790575545215,163.8367830276588,164.05979321237785,7400700
2021-05-21,167.15267944335938,167.85076608781299,166.29947394019567,166.9781651794257,8105700
2021-05-24,169.0045623779297,169.7802159121906,166.5224829037832,167.2011741983763,7346700
2021-05-25,170.8079376220703,172.04897726515867,170.06136985737575,170.2552943220254,8089700
2021-05-26,171.09881591796875,172.48528416699168,170.8370297163974,171.24424447753057,8086200
2021-05-27,173.59059143066406,174.12385415756066,171.4090741978367,171.8065986664651,13567800
2021-05-28,173.21246337890625,174.65711790304016,172.65982003643452,174.0462883400908,7124800
2021-06-01,173.39666748046875,175.5006177077039,173.29972004360243,174.6958785304806,7475600
2021-06-02,171.6126708984375,173.64875935226425,171.54479437927574,173.59057313825744,7851700
2021-06-03,170.87582397460938,171.5836009693509,170.08077504801065,170.9049096871083,5583900
2021-06-04,171.7871856689453,172.11684837186286,170.26497927097876,170.57523177481056,6343400
2021-06-07,171.6029815673828,172.6501115100641,171.0309280840946,172.55314928052803,5178100
2021-06-08,170.9630584716797,171.7290067899855,169.85775716001248,170.6140151735554,5356200
2021-06-09,170.68191528320312,171.93266021376607,170.52679640031707,170.94370151426355,5082400
2021-06-10,171.1957550048828,172.20409406833764,170.20679655050887,171.06970707406668,5253000
2021-06-11,171.9811248779297,173.05734062000033,171.42846675351166,172.0489866087549,5476300
2021-06-14,172.7567596435547,173.4257606022672,171.515719961499,172.24289234368914,10170000
2021-06-15,170.50738525390625,173.26094119626813,170.27468475951326,172.75676418893022,7895000
2021-06-16,169.3439178466797,170.8952101430487,168.26770206614654,170.6528193347697,8336000
2021-06-17,169.334228515625,170.89522605808787,168.54888459076173,169.27605708331842,8906000
2021-06-18,167.17208862304688,168.56826202699446,166.88121669816437,167.87017532502065,12357500
2021-06-21,168.67489624023438,168.95606303396661,166.09585480460353,166.8909036599137,9196900
2021-06-22,168.21922302246094,169.3826959576922,167.1042312083562,169.06273831149042,8097100
2021-06-23,169.99351501464844,170.10985786266227,167.67625959409187,168.3355554586505,9174200
2021-06-24,172.5143585205078,172.81493551441227,170.42980373411572,170.7691567432303,7549400
2021-06-25,172.92161560058594,173.6390829539793,172.08779059430495,173.3870018290521,7431800
2021-06-28,171.1957550048828,173.222138230691,169.66384360908256,173.06700459189548,9881400
2021-06-29,168.63612365722656,171.6320852490337,168.5100904988636,171.2636464914482,13498300
2021-06-30,170.4201202392578,170.62372021737556,168.06407407480592,168.59733676999954,7481900
2021-07-01,171.86476135253906,172.1944240724496,169.2857345765931,170.0129069505572,5887100
2021-07-02,171.71932983398438,172.93128376968966,169.30511226809,172.44650219540753,11099300
2021-07-06,168.4034423828125,171.61269435650587,166.97818322918414,171.37999385174743,11557900
2021-07-07,167.55990600585938,169.01425069025268,166.75516683850532,167.5986820212585,6757300
2021-07-08,167.54051208496094,168.46159410102996,164.6415129957566,165.0002466202228,6960100
2021-07-09,171.65147399902344,172.11687501836136,168.63613165181764,169.38269950860604,7873300
