Date,Close,High,Low,Open,Volume
2016-07-01,45.77787399291992,45.943735855213106,45.38644242752512,45.784509884688305,2266800
2016-07-05,46.29536437988281,46.6934318558463,45.67172212846172,45.76460943249903,2277200
2016-07-06,45.9238166809082,46.32188399452334,45.43949799051444,46.18256068784307,2586700
2016-07-07,45.97690200805664,45.990168727512156,45.346624007338704,45.824306894960294,2037100
2016-07-08,46.773048400878906,46.78631512363068,46.08306239862474,46.328539794005444,2416300
2016-07-11,46.952171325683594,47.05168945025977,46.34180091877942,46.84602237138386,2312400
2016-07-12,47.1180419921875,47.191021626413054,46.46123034586053,46.726610373798636,1967100
2016-07-13,47.04505920410156,47.45639336695573,46.91900257396127,47.310434123993744,2041700
2016-07-14,46.739864349365234,47.164470253575864,46.54083317897367,46.97870580319642,1287400
2016-07-15,46.156036376953125,46.80621706964513,45.99681041491303,46.80621706964513,1462000
2016-07-18,46.3218879699707,46.43467279052934,46.063143940829846,46.2621801455694,1418300
2016-07-19,46.912353515625,46.93889201250612,46.076408579822186,46.24227038905366,1808500
2016-07-20,46.50102996826172,46.919005106890424,46.41478362081096,46.85929220349958,1626300
2016-07-21,46.40813446044922,46.507652563179256,46.12285193219697,46.44130884859289,1944800
2016-07-22,46.653621673583984,46.826119417478495,46.20247723226898,46.41478020102298,2021300
2016-07-25,46.54746627807617,46.938897766227356,46.3351582770027,46.759769217448294,1665100
2016-07-26,46.3218879699707,46.37496496612804,46.023338724562315,46.24227247573469,1890100
2016-07-27,43.7609977722168,44.66328680353697,43.37619699615613,44.033013684788166,11465800
2016-07-28,44.35145950317383,44.62347537798699,43.39609864980834,43.6150324539262,4188900
2016-07-29,45.1077880859375,45.39307067532104,44.251940317786875,44.351458441841984,3395000
2016-08-01,45.353271484375,45.558938589536886,45.04808624191768,45.107794087273305,2352800
2016-08-02,44.63010025024414,45.26037825907303,44.40453058468748,45.26037825907303,2884400
2016-08-03,43.794166564941406,44.40453698982158,43.53542247044433,44.31829064555663,3708200
2016-08-04,44.026363372802734,44.21876369781811,43.78752193910787,43.81406043859632,2899500
2016-08-05,44.60358428955078,44.60358428955078,43.86052115676354,44.16570644477344,2018100
2016-08-08,45.31345748901367,45.4793193318553,44.504050886074246,44.66327683792572,2210000
2016-08-09,45.539031982421875,45.59874488424573,45.094523411398114,45.313462281915115,2477700
2016-08-10,44.62348175048828,45.64519154185257,44.38464023761336,45.492596384631355,2411900
2016-08-11,44.01311111450195,44.70309722214581,43.74773612531109,44.669927879348684,1486000
2016-08-12,44.026363372802734,44.583656676956615,43.840598938084774,44.05290187229119,1365400
2016-08-15,44.14579391479492,44.45097913428273,43.999834665974156,44.07945018215885,1289000
2016-08-16,43.7808952331543,44.15242924223174,43.66811038294431,43.933490371798975,1399000
2016-08-17,43.960018157958984,44.00645926505701,43.13733988693528,43.86050005369148,1894000
2016-08-18,43.548683166503906,44.19222789874509,43.38282133084181,43.82732983560786,1865900
2016-08-19,43.37619400024414,43.52215325430346,42.85870578072657,43.37619400024414,1599200
2016-08-22,43.34965896606445,43.568597864689735,42.97149407830394,43.455812999956564,1656200
2016-08-23,43.157257080078125,43.60840153216451,43.157257080078125,43.57522713618818,1008000
2016-08-24,42.99802780151367,43.27004368681228,42.63976556955331,42.95158668228005,1727200
2016-08-25,43.528785705566406,43.90031464165701,42.772456050409325,42.971487239728376,1839700
2016-08-26,42.825538635253906,44.02637700412461,42.56679451225638,43.55532988118802,2437700
2016-08-29,43.1307258605957,43.49561896945646,42.845443216801215,42.88524844933435,1441100
2016-08-30,42.911781311035156,43.15725868999151,42.57342169392286,43.12408429277766,1571200
2016-08-31,43.03782653808594,43.17051396836429,42.72600550906069,42.89186732775914,3215300
2016-09-01,42.73265838623047,43.097551495399266,42.62650435044848,43.05774626283253,1900500
2016-09-02,42.85206604003906,43.36292338336502,42.46727038681806,42.9117789393833,1994600
2016-09-06,43.124080657958984,43.137347378704895,42.52034109913063,42.91177769411096,2754900
2016-09-07,43.60177230834961,43.63494164769613,42.73928849809296,43.124089278773795,2250700
2016-09-08,42.73265838623047,43.36956741581336,42.63977107406972,43.36956741581336,4005300
2016-09-09,41.66449737548828,42.52034262190357,41.425655899892924,42.301406289841864,3197700
2016-09-12,42.3345832824707,42.473904110646586,41.39248657436825,41.47209956083356,2617700
2016-09-13,41.61805725097656,42.02939395161453,41.51854165433974,41.97631947291178,2299200
2016-09-14,42.20188903808594,42.752551588620136,41.8502627299647,42.752551588620136,2683700
2016-09-15,42.6994743347168,42.779089843560506,41.91660621371017,42.16871693001339,2069900
2016-09-16,42.739288330078125,42.76582683847278,42.181994838899115,42.47390830783449,4428500
2016-09-19,43.21033477783203,43.24350917822332,42.706118311463754,42.8321698972044,1970200
2016-09-20,43.26340103149414,43.49560659136076,43.210324028752744,43.42262697801674,2001500
2016-09-21,43.794166564941406,43.91358730560946,42.73265168217106,43.329750323809094,4050000
2016-09-22,45.0931510925293,45.121177309288285,44.12626799616147,44.203338755885106,3080900
2016-09-23,45.149208068847656,45.590608999942184,44.658759917126325,44.93200620347479,3699600
2016-09-26,45.18423080444336,45.44346929186209,44.974042203833186,44.974042203833186,3146800
2016-09-27,45.247291564941406,46.144109098659165,44.98805307501037,45.45047762265155,3298000
2016-09-28,45.89888381958008,45.95493090320869,45.29633357057828,45.3383702196632,2383500
2016-09-29,45.14220428466797,45.99698535050168,45.14220428466797,45.65367348397111,2899000
2016-09-30,45.0721321105957,45.772771483014274,44.96703513564208,45.492514664956005,3235300
2016-10-03,44.20334243774414,44.89697666030507,44.189329328197445,44.89697666030507,2410600
2016-10-04,43.79698181152344,44.42055332327468,43.55876423195781,44.42055332327468,3049200
2016-10-05,43.02627182006836,44.042199635091286,42.746014949466314,43.83901353754118,4150300
2016-10-06,42.99122619628906,43.41861658023039,42.213516176032115,42.767021842865205,3834400
2016-10-07,42.59888458251953,43.77595925351982,42.51480858394174,43.20143502990394,2462000
2016-10-10,42.626888275146484,42.81606117650192,42.5147861120536,42.598862066191664,1945700
2016-10-11,42.388671875,42.76000979813663,42.325614239681855,42.60587099059062,2561000
2016-10-12,42.84410095214844,43.446648599116905,42.3956894850599,42.500786465556494,3115200
2016-10-13,42.84410095214844,42.977221477747186,42.388684266966166,42.61989655496779,2279200
2016-10-14,43.01926803588867,43.453663794355776,42.64092204977489,42.92818414899587,2293200
2016-10-17,42.977210998535156,43.58676638769559,42.95619267665167,43.58676638769559,1949900
2016-10-18,42.7950439453125,43.56574600210018,42.68293910664008,43.432625515266366,2222000
2016-10-19,42.907169342041016,43.00525845626029,42.640925551497325,42.78105400297969,2720100
2016-10-20,42.76002502441406,43.17340240920314,42.612891380521525,42.87212723015038,1866100
2016-10-21,42.76002502441406,42.907161341034005,42.339642421084704,42.43773151701306,1867500
2016-10-24,42.53582000732422,43.27849878020786,42.4307256943519,43.012255043102044,1498900
2016-10-25,42.297603607177734,42.549834241340456,41.940278657265495,42.06639397434686,2733400
2016-10-26,42.84410095214844,43.131363003081596,42.066390780109884,43.047284349593426,2433200
2016-10-27,41.93325424194336,42.71797205516781,41.74408401359205,42.71797205516781,2064400
2016-10-28,42.16447830200195,42.696963057325036,41.947279130991056,42.031357781352966,1810700
2016-10-31,43.26449966430664,43.39762023955311,42.26959261485481,42.41672630424221,2013800
2016-11-01,42.612884521484375,43.31352386274222,42.423711578617514,43.187408567497656,2129200
2016-11-02,42.647918701171875,43.425628847700686,42.563842723168726,42.78104189513128,2335500
2016-11-03,42.94919204711914,43.250467184430214,42.563840935336394,42.66193001767451,2035400
2016-11-04,43.15238571166992,43.4046163522908,42.78805286107615,43.089328051514705,1698300
2016-11-07,43.1663932800293,43.824993344973784,42.9351809982355,43.670854496505086,1760500
2016-11-08,43.83900833129883,44.01416818644154,42.96320905558529,43.20142656548846,1570300
2016-11-09,42.93517303466797,43.74090925345563,42.1854892396376,43.026256886910225,2501800
2016-11-10,42.02434539794922,43.04727814677933,41.54090523732517,43.04727814677933,2351300
2016-11-11,42.073394775390625,42.80906559930369,41.94727947155099,42.03836334048565,2325900
2016-11-14,42.738990783691406,43.13835490998319,41.35172550193154,42.1084144407431,3065800
2016-11-15,41.54791259765625,43.08931969022599,41.05746452192129,42.91415985408686,3901700
2016-11-16,41.989322662353516,42.10142486800517,41.274670099051455,41.463843072225,2089100
2016-11-17,41.330718994140625,42.42371473733823,41.23963512463177,41.94727973599105,1417000
2016-11-18,41.323707580566406,41.61096960047202,40.833259512434964,41.442817657112464,1740900
2016-11-21,41.204593658447266,41.80714114501467,41.134528132525574,41.372745575206274,1950700
2016-11-22,42.08041763305664,42.20653298175264,41.12053940434512,41.365764881355375,2187600
2016-11-23,41.48485565185547,41.95428541047132,40.95237091698025,41.87721465362939,1813000
2016-11-25,41.63899612426758,41.85619528150632,41.295681672209824,41.54791226184785,773500
2016-11-28,42.02434539794922,42.493775124404614,41.56893145111618,41.575936668200505,2226400
2016-11-29,42.381675720214844,42.68995607394408,42.07339269375858,42.12243723474443,2596600
2016-11-30,42.04536819458008,42.52881107935808,41.786132371253714,42.06638919352291,3672400
2016-12-01,41.82817840576172,42.19251126406076,41.41480099660777,41.758112852592156,2996900
2016-12-02,42.388671875,42.72497837245464,42.03835227272727,42.143449222499676,2080300
2016-12-05,42.80205154418945,42.83708297186158,42.23453279408518,42.40268738872865,3081400
2016-12-06,43.292503356933594,43.523712938083555,42.81606841506032,42.90014438341242,4399900
2016-12-07,43.88104248046875,43.895055587953806,43.25747389738219,43.29951054711039,3291600
2016-12-08,44.07020950317383,44.210335213749566,43.37657547582687,43.642819136828656,2003200
2016-12-09,44.0491943359375,44.65875248303579,43.95110525646705,44.03518122848073,2807300
2016-12-12,44.154300689697266,44.3785051112023,43.824999276293454,43.97213292676972,1620700
2016-12-13,44.24537658691406,44.5956962663901,43.84601236612955,44.567670050577526,2083700
2016-12-14,43.99313735961914,44.49059056543181,43.71288060192739,44.371483180685054,2452900
2016-12-15,44.140281677246094,44.54665380734248,43.614802133469354,43.95811661140345,2287400
2016-12-16,44.87594985961914,44.995057259187135,44.19632887491962,44.462569887857555,3408800
2016-12-19,44.93901062011719,45.170222904675114,44.69378789958048,45.044107599048466,2121800
2016-12-20,45.1281852722168,45.28232144645699,44.77786290762194,44.896972992675074,2303500
2016-12-21,44.46257019042969,45.63964445085303,44.25938414807315,45.191235717877824,4001200
2016-12-22,44.47245407104492,44.52895253125236,43.85801614125286,44.45832878246223,1577800
2016-12-23,44.45833206176758,44.7055178948891,44.281769982645486,44.63489414088967,1238500
2016-12-27,44.627838134765625,44.91033858956129,44.33827638095586,44.50777719265807,933500
2016-12-28,44.43715286254883,44.776154502207525,44.147591094855294,44.76909050873073,1206600
2016-12-29,44.9738883972168,45.05863743214939,44.36651447626621,44.52895124910502,1301600
2016-12-30,45.45415115356445,45.510652323341276,44.627839057384854,44.910339518020834,1542200
2017-01-03,44.93859100341797,45.81434029363909,44.649029237819484,45.81434029363909,3005100
2017-01-04,45.39765548706055,45.49652985203184,44.71965753229363,45.086907097990135,1934000
2017-01-05,46.01207733154297,46.04738651321795,44.733766952302474,45.17870413090804,1693800
2017-01-06,46.17451858520508,46.4075818510557,45.70839744175153,45.88495954226,1638000
2017-01-09,45.53183364868164,46.11095710129167,45.52476965621454,46.089770512137854,1777900
2017-01-10,45.11514663696289,45.4965187092881,44.84677150196656,45.18577039632437,1958800
2017-01-11,44.712581634521484,45.27051575386589,44.69845634497658,45.086892378029155,2235600
2017-01-12,45.277584075927734,45.48239675273131,44.324147146388874,44.62783416533935,2286700
2017-01-13,44.769073486328125,45.18576003692723,44.52188769110963,45.15750946200994,1534900
2017-01-17,44.83264923095703,45.16458684938573,44.550151480359844,44.87502510590237,2156600
2017-01-18,44.91740798950195,45.29171886960838,44.59253429378224,44.85384551041553,2113700
2017-01-19,44.49365234375,44.860901860993295,44.45834046007976,44.75496351585856,1940900
2017-01-20,44.74790573120117,45.03746751063724,44.380656185114695,44.63490607810719,2100700
2017-01-23,44.50777816772461,44.754964050493115,44.24646699249447,44.6137138200008,2037100
2017-01-24,43.99220657348633,44.599580533156306,43.815644501215914,44.55014336845046,2848900
2017-01-25,43.57551956176758,44.16170423520011,43.462519944351456,43.985142164604724,2656300
2017-01-26,43.448402404785156,43.85802508068184,43.36365335013823,43.773276026034914,2200700
2017-01-27,43.09529495239258,43.70973055213978,42.84104499549721,43.54729367837327,2565100
2017-01-30,42.8692741394043,43.09527338931404,42.64327488949455,42.95402318458955,3167700
2017-01-31,42.91872024536133,43.511969073457635,42.713907540561905,42.91872024536133,2923000
2017-02-01,42.30427551269531,43.10233417579117,42.014713808801346,42.897524210200466,4693200
2017-02-02,42.911659240722656,43.08116007232355,42.205410714946865,42.219536008757295,3153600
2017-02-03,42.64327621459961,43.434273613863304,42.254840160129625,43.19414906660708,3078200
2017-02-06,42.7703971862793,42.946959257846316,42.41727304314526,42.629146990201,1676800
2017-02-07,42.841033935546875,42.96815888117566,42.50203497857819,42.71390898991809,2088500
2017-02-08,43.377777099609375,43.64615225626398,42.8339681815676,42.9822797046699,2895000
2017-02-09,43.37071990966797,43.51197014729572,43.172971193463646,43.377781209193465,1490300
2017-02-10,43.737972259521484,43.74503355950059,43.137662078695655,43.29303492535535,1585000
2017-02-13,43.886268615722656,44.00633222680449,43.03877012298521,43.71677053364923,2307000
2017-02-14,43.787391662597656,43.87214069855784,43.15883114882332,43.57551772563555,1434200
2017-02-15,43.547279357910156,43.65321770315385,42.9964064285406,43.5119674742036,1356700
2017-02-16,43.70263671875,43.96394778254081,43.50488540274463,43.50488540274463,1041400
2017-02-17,43.49079132080078,43.89335281874505,43.17297890291723,43.794475748862084,1365600
2017-02-21,44.08401870727539,44.17583174295102,43.28596004786917,43.391895679073166,1524800
2017-02-22,43.737972259521484,44.394783616677664,43.28597362537624,44.14759501141897,1459100
2017-02-23,44.324153900146484,44.324153900146484,43.850968706593676,43.935717770758146,1310500
2017-02-24,44.3382682800293,44.34533227187675,43.985144123115084,44.2111433680103,1171500
2017-02-27,44.67727279663086,44.91739736146023,44.253524832402,44.43714823180148,1456200
2017-02-28,44.54308319091797,44.8467701967566,44.40183298218219,44.649021521000705,1805800
2017-03-01,44.50777816772461,45.044525810646526,44.08402747624767,44.44421569870927,2442000
2017-03-02,44.67727279663086,44.87502418151166,44.21821295107024,44.415961641827195,1851000
2017-03-03,44.01340103149414,44.486588870749,43.47665342121324,44.486588870749,2087100
2017-03-06,44.08401870727539,44.33826853276264,43.709707960932235,43.89333403228348,1452200
2017-03-07,44.17584228515625,44.18996757817904,43.75915557041848,43.992218864108295,1374300
2017-03-08,44.26059341430664,44.36653176985843,43.80153349320557,43.956909029581716,2444600
2017-03-09,43.879207611083984,44.45126700955463,43.83683174322105,44.31001950492509,2774400
2017-03-10,43.7591552734375,44.62784058251241,43.335407262126274,43.87921891625431,2780200
2017-03-13,44.18996810913086,44.43715400468929,43.787406682579025,43.85096915488322,3129200
2017-03-14,44.02046203613281,44.42302339004754,43.94277428465388,44.147584263679406,2214600
2017-03-15,44.79026794433594,44.96683002742296,43.971019986577105,43.971019986577105,1659000
2017-03-16,44.769073486328125,45.17163474946859,44.60663672173838,44.73376161474307,1518300
2017-03-17,44.797332763671875,45.18576881481212,44.67726914401114,44.91033239116946,2604200
2017-03-20,44.627838134765625,45.016276933640675,44.543089075976525,44.875026706242835,1118900
2017-03-21,44.48659133911133,44.88208874943409,44.47246604672493,44.70552663579027,2103400
2017-03-22,44.75496292114258,44.81852538855397,44.38771340877939,44.69140045373118,1568600
2017-03-23,44.95714569091797,45.19207472560714,44.62966482224765,44.77204745440133,1645000
2017-03-24,44.80763626098633,45.24902263143139,44.73644631257775,45.099519394617445,1738700
2017-03-27,44.28082275390625,44.89306606786323,44.07436810790264,44.736444927347065,1361400
2017-03-28,44.430328369140625,44.50151832351454,43.72553587165908,44.2808278355218,1735700
2017-03-29,44.34489822387695,44.52999372776696,43.9106324575427,44.394731733221285,1610200
2017-03-30,44.273704528808594,44.4160871446544,43.78960526436638,44.33065866143592,1133100
2017-03-31,44.29507827758789,44.51576882490987,44.06726710348064,44.21676767729038,1768100
2017-04-03,44.23811721801758,44.42321546540209,43.84656699339756,44.309309896135844,1313500
2017-04-04,44.37337112426758,44.992732336334875,44.13843941737034,44.27370139921515,1889100
2017-04-05,44.85747528076172,44.9998579107994,44.2096368940269,44.42321219694482,1867500
2017-04-06,44.7791633605957,44.99985383723972,44.48015959301126,44.821876244734526,1201600
2017-04-07,44.878822326660156,45.10663338693988,44.71508329681672,44.84322735768933,1475000
2017-04-10,45.199195861816406,45.2703858208366,44.72221444606796,44.793404405088154,1016600
2017-04-11,45.50531768798828,45.50531768798828,45.135126619195034,45.163600975140106,1550500
2017-04-12,45.163604736328125,45.70465556446524,45.1208918409919,45.52668064102555,1536100
2017-04-13,45.02122116088867,45.27038874930044,44.964267017409966,45.1493625522697,1301600
2017-04-17,45.64057159423828,45.64057159423828,45.02121036885114,45.08528240704446,1247000
2017-04-18,45.839908599853516,45.99652975134414,45.44124052801928,45.50530985465902,1615200
2017-04-19,45.804317474365234,46.04636986085102,45.50531637762918,45.77584583496305,1832100
2017-04-20,45.847023010253906,45.8968565124787,45.53378074972983,45.8968565124787,1663600
2017-04-21,45.76161575317383,45.97519112094036,45.633471618803355,45.704661597576454,1797700
2017-04-24,45.704654693603516,46.20299533263222,45.014103313500954,46.13180536461281,2358700
2017-04-25,46.22433853149414,46.25993622102437,45.45547406177804,45.782952165965675,2800700
2017-04-26,46.4735221862793,46.91490870493181,45.83992219923826,46.10333107138606,3491100
2017-04-27,45.9395751953125,46.52334148003458,45.88262106230423,46.47350797151361,1845700
2017-04-28,45.97517776489258,46.07484479251054,45.633458362026985,45.81855659822275,1920300
2017-05-01,46.15314865112305,46.4592703146165,45.88973986997221,46.110430337335565,1898800
2017-05-02,46.081966400146484,46.37384686397988,45.946701674876074,46.202989874627505,1645700
2017-05-03,45.50531768798828,46.288418148799956,45.44124835031958,46.18163591935213,1846500
2017-05-04,45.85415267944336,45.918222010037965,45.19919368200808,45.38428919596775,2423400
2017-05-05,46.62302017211914,46.65861787202473,45.97518439911961,46.017897293849174,1749900
2017-05-08,46.288414001464844,46.8081110078135,46.046367061141886,46.72267980046363,1500100
2017-05-09,46.1602783203125,46.3453765875877,45.89687488799998,46.22435309536592,1379300
2017-05-10,46.3809700012207,46.60166051739632,45.98229642921326,46.08196889579966,1065400
2017-05-11,46.138916015625,46.23858304732621,45.67617855334616,46.12468019600163,1075000
2017-05-12,46.20299530029297,46.480639977386836,46.15316177956962,46.338254610001265,1249600
2017-05-15,46.1602783203125,46.59454419846977,46.04637545452922,46.146042498882046,1263000
2017-05-16,45.93246841430664,46.2599520620812,45.8755196955798,46.025020266200336,1283500
2017-05-17,45.804317474365234,46.21722685449364,45.73312751296797,45.953823454179165,2535200
2017-05-18,46.566062927246094,46.70132221293106,45.80431356778156,45.88974477303952,2086600
2017-05-19,46.66572952270508,46.701321784318495,46.10331964733743,46.5660624998749,1908800
2017-05-22,46.53046798706055,46.971854426508585,46.501990916956245,46.630135016702724,1435800
2017-05-23,46.22433853149414,46.644363024437574,46.11043027015331,46.46638543967615,1728300
2017-05-24,46.41655349731445,46.452151188044226,46.089075382091686,46.37384061359475,1325100
2017-05-25,46.324012756347656,46.651490911518366,46.0606039345721,46.60877802258827,1242700
2017-05-26,46.395206451416016,46.46639641584792,46.16739530636623,46.41656289760097,799900
2017-05-30,46.494876861572266,46.6087851580854,46.24570925225795,46.38809462289937,1004600
2017-05-31,46.3382568359375,46.75828690059379,46.3097851925391,46.509119285007856,2252800
2017-06-01,46.22433853149414,46.33112616863997,45.847026920831105,46.31688492024994,1762300
2017-06-02,47.49866485595703,47.50578548107637,46.46639147147455,46.480632721713235,2351300
2017-06-05,47.99699783325195,48.0539519687618,47.078632766075515,47.27797224035999,1597400
2017-06-06,47.62681579589844,47.97565043664367,47.505792308703654,47.97565043664367,1546500
2017-06-07,47.76207733154297,47.868865002879176,47.52715097233923,47.6268180172006,1867500
2017-06-08,48.0112419128418,48.053954801269214,47.256613151468464,47.76206891316019,1427900
2017-06-09,48.14649200439453,48.18208969224644,47.64815696313531,47.91868092389823,1703500
2017-06-12,47.66240310668945,48.11802536640428,47.49154611715783,47.99700189179629,1761700
2017-06-13,47.776309967041016,48.08955229807501,47.49866533051382,47.7407122725342,935700
2017-06-14,47.833251953125,48.18208645859507,47.633917949999244,48.096655272350795,999000
2017-06-15,48.24616241455078,48.488214759833134,47.697993830513504,47.72647089651407,1127000
2017-06-16,48.815696716308594,48.965197251002245,48.48821857867792,48.61636267005039,2652700
2017-06-19,48.5024528503418,49.0007933815407,48.36007294511081,48.94383924687021,1507000
2017-06-20,48.52381134033203,48.815691755133116,47.98275796158644,48.53804715728422,1595900
2017-06-21,48.41703414916992,48.54517825516627,47.88310127942616,48.43126996919351,1285200
2017-06-22,48.08280563354492,48.355349395893604,47.745708720746954,48.31949139853037,1908900
2017-06-23,48.20473098754883,48.29080002780403,47.82460230241636,48.06128805912045,2129100
2017-06-26,48.154518127441406,48.44858319981028,48.06844910021234,48.3338244968382,877700
2017-06-27,47.63094711303711,48.34099881144005,47.58790986295474,47.98238606873203,1464400
2017-06-28,47.60226058959961,47.83177254125309,47.37991695343778,47.70984004193986,1349600
2017-06-29,47.55205535888672,47.695498277690156,47.10019976786236,47.4803284274884,1722100
2017-06-30,47.214962005615234,47.90349791687233,47.214962005615234,47.537711333018024,2061900
2017-07-03,47.745697021484375,47.846108144692884,47.0930247206291,47.36556841619564,1044600
2017-07-05,47.896324157714844,48.147352020512685,47.65963839907816,47.81742890483595,2157200
2017-07-06,46.54076385498047,47.494675116007265,46.504900389950755,47.43012197335308,2827500
2017-07-07,46.605323791503906,46.87069377222058,46.32560076188794,46.56228653279521,1446600
2017-07-10,46.4260139465332,46.76310537080758,46.31125522780388,46.72724737520234,1394200
2017-07-11,46.196495056152344,46.64117134457864,45.888085149796034,46.54793400358514,1048600
2017-07-12,46.655517578125,46.87068192931328,46.375800091183095,46.375800091183095,1162600
2017-07-13,46.62684631347656,46.89221633191906,46.33278113715068,46.6053304170621,1098700
2017-07-14,46.949581146240234,47.100197846438505,46.72006920231958,46.84917001277472,1311200
2017-07-17,47.51618576049805,47.63811277294408,46.8133024162872,46.95675078857303,1212200
2017-07-18,47.37275314331055,47.58074375228027,47.100203912803735,47.43730082085348,1722200
2017-07-19,48.16886520385742,48.18320730558275,47.32970724502962,47.37274449419776,1774300
2017-07-20,48.16886520385742,48.57050971611956,48.09713827924254,48.14734384327531,1491300
2017-07-21,48.16886520385742,48.32665021082035,47.89631602311147,48.14734384327531,1187500
2017-07-24,47.803077697753906,48.297959541032434,47.59508165904428,48.18320631360407,1683500
2017-07-25,47.38709259033203,47.810258516706256,47.064343276722006,47.810258516706256,1942900
2017-07-26,48.31230545043945,48.541817369387076,47.229293517907315,47.39425777464895,1929100
2017-07-27,48.4127197265625,48.434235615366035,47.73135771180193,48.21907125533455,1584000
2017-07-28,48.56333541870117,48.68526243407089,48.29796002760588,48.49878775362168,1084200
2017-07-31,48.814369201660156,48.84305888031134,48.26210793561584,48.57768892878213,1315000
2017-08-01,48.65656661987305,48.914768191605475,48.50594994836168,48.914768191605475,1330700
2017-08-02,48.599205017089844,48.814369399852254,48.26210813156568,48.51313598078685,1638800
2017-08-03,48.2692756652832,48.649404283709416,48.1330010767923,48.5131296952185,1276100
2017-08-04,48.28362274169922,48.592029940273804,48.07562668014923,48.276448954198436,1057300
2017-08-07,48.226253509521484,48.48445519378644,48.01108908729917,48.204737614499024,1108200
2017-08-08,48.16170883178711,48.29080968198095,47.89633334194475,48.13301914596647,2096600
2017-08-09,48.30513381958008,48.36968695666253,48.07562189039053,48.290791718003995,1865400
2017-08-10,48.11150360107422,48.32666803830379,48.02543454298354,48.17605129064366,1642100
2017-08-11,48.03976821899414,48.33382783970465,47.84611426233427,47.960872973243305,1260500
2017-08-14,48.756996154785156,48.79285414971823,48.15452383674357,48.21907698281796,1597900
2017-08-15,48.99368667602539,49.015202571883435,48.43425149572438,48.642247609015406,1491600
2017-08-16,48.706787109375,49.28056423534007,48.56333872388643,49.086915754926004,1275400
2017-08-17,48.52031326293945,48.82872049190762,48.43424422043772,48.62789819806734,1441900
2017-08-18,48.17604064941406,48.43424229465587,47.9967342553293,48.43424229465587,2942300
2017-08-21,48.60637283325195,48.80720058256167,48.068453673879105,48.26210763557146,975800
2017-08-22,48.58485794067383,48.81436990117552,48.376861871469686,48.60637383197137,1021500
2017-08-23,48.756996154785156,48.843059720221966,48.563342188558764,48.5920318677033,1251400
2017-08-24,48.74982452392578,49.10843732110399,48.68527137499525,48.86457777358436,1484300
2017-08-25,48.72830581665039,48.95064398701768,48.69244235020554,48.821543168611605,1191200
2017-08-28,48.31947708129883,48.835874771896854,48.00389615482597,48.764153326424534,915500
2017-08-29,48.16170883178711,48.57770106818928,48.0612976674139,48.34818905362223,1039400
2017-08-30,48.276451110839844,48.276451110839844,47.717016044712246,48.10431850710754,1323700
2017-08-31,48.16170883178711,48.362531160533514,47.925023027765384,48.29080968198095,2363000
2017-09-01,48.04695510864258,48.45577359830506,47.982407412800484,48.16171386391559,1399500
2017-09-05,48.154518127441406,48.20472369199266,47.65963079686751,48.12582845169838,1641600
2017-09-06,48.21189880371094,48.43423695683368,48.01824485512328,48.34099961210395,1904600
2017-09-07,48.570518493652344,48.66375585170678,48.233421586229056,48.326658944283494,3078200
2017-09-08,48.83588409423828,49.194496862051444,48.47010301090639,48.47010301090639,1463800
2017-09-11,49.20883560180664,49.323588821465094,48.814359439240356,48.91477055843985,1257700
2017-09-12,48.491607666015625,49.151453692627236,48.0325838673297,49.043868792811246,1257200
2017-09-13,48.276451110839844,48.47727339386034,48.15452407786266,48.44858918656896,1050000
2017-09-14,48.333839416503906,48.484456156649976,48.039779725360965,48.326665627354714,1631100
2017-09-15,48.68527603149414,48.68527603149414,48.11149878432835,48.226252044962486,3190200
2017-09-18,48.29796600341797,48.88609620866697,48.16887065728627,48.64223667575925,1518600
2017-09-19,47.93218994140625,48.5131409479428,47.846120896290834,48.5131409479428,1854000
2017-09-20,47.8532829284668,48.19037976569006,47.630944789870995,47.96803615509833,1278400
2017-09-21,47.67397689819336,47.98955784962288,47.63094512190605,47.86045704876498,1611900
2017-09-22,47.61183547973633,47.89369017845029,47.3083004986298,47.770831569022214,1822600
2017-09-25,47.75638198852539,48.002099218202794,47.61906617558476,47.69856422372876,1637700
2017-09-26,47.720237731933594,47.92259436618644,47.691328853639654,47.80696436681542,1520700
2017-09-27,47.423927307128906,47.59014645079286,47.293840122876816,47.58291785338877,1284100
2017-09-28,47.58291244506836,47.64073019012084,47.31551502335702,47.460053872184574,1281400
2017-09-29,47.647953033447266,47.77081159149648,47.32996098785825,47.517865879688394,1729200
2017-10-02,47.409461975097656,47.87922147725783,47.38778170041083,47.76358599385697,1410200
2017-10-03,47.37334442138672,47.58292414959836,47.098712821734914,47.44561386357746,1595900
2017-10-04,48.07435989379883,48.09604568699409,47.30829394836863,47.43838113851758,1254100
2017-10-05,48.110496520996094,48.5657989215932,47.95872905413039,48.2044462346355,1377100
2017-10-06,48.00209045410156,48.03822792895295,47.44560973250001,48.03822792895295,1327100
2017-10-09,48.016544342041016,48.11049405085676,47.77805025758088,48.016544342041016,1251100
2017-10-10,47.98763656616211,48.377898118635436,47.900909938788836,48.08881487452879,1356200
2017-10-11,48.0382194519043,48.29839378627006,47.958721432303456,47.987630304322266,1017200
2017-10-12,48.58749008178711,48.61639344778874,47.94427715524765,48.04546099147349,1343600
2017-10-13,48.7753791809082,48.94160382607655,48.59470285580532,48.86210580192698,1250600
2017-10-16,48.616390228271484,48.8115237755929,48.348992756926485,48.71757405779664,1654000
2017-10-17,48.334537506103516,48.59471190379862,48.067140023998206,48.46462470495107,1293600
2017-10-18,48.218894958496094,48.3706623986985,48.01653837155956,48.247803830030385,1757200
2017-10-19,47.74191665649414,48.35622065363795,47.640738342240844,48.35622065363795,1728600
2017-10-20,47.79974365234375,47.828652535405595,47.55402641702652,47.828652535405595,1067700
2017-10-23,48.18276596069336,48.211674837309545,47.669645806816,48.00208961719551,1143200
2017-10-24,47.54678726196289,48.103267974393816,47.17097737939795,47.96595770259132,2009700
2017-10-25,48.334537506103516,48.956064621285705,47.93705282515066,48.956064621285705,2108200
2017-10-26,48.52967834472656,48.91271140054061,48.11050780621826,48.91271140054061,1886800
2017-10-27,48.89101791381836,48.898246511166334,48.21167312201898,48.34898890260929,1561700
2017-10-30,48.43571090698242,48.984968525648036,48.39235034970504,48.85488134001156,1934300
2017-10-31,48.609169006347656,48.630849287146226,48.1755468489616,48.3417660109539,1347300
2017-11-01,49.006656646728516,49.17288133256632,48.428495573225526,48.65253250674998,880700
2017-11-02,48.31285858154297,49.25960647732439,48.06714137338011,49.143970957855956,1241600
2017-11-03,49.29574203491211,49.33910260097075,47.9587379479847,47.98764682995895,1754500
2017-11-06,50.01844024658203,50.321975192326285,49.40414175720306,49.635407265456486,1544300
2017-11-07,50.27138900756836,50.42315648941546,50.01844320448986,50.14853040518809,1213700
2017-11-08,50.856773376464844,50.878453653013445,50.32919608729907,50.32919608729907,1684300
2017-11-09,50.502655029296875,50.92182551500669,50.502655029296875,50.661651111035425,1431900
2017-11-10,50.047340393066406,50.61104962647647,50.03288871361134,50.278605860973194,1411000
2017-11-13,50.69778823852539,50.77005768050533,49.7221369872838,49.975082791116066,1377500
2017-11-14,50.57493209838867,50.84232959811513,50.278620203896345,50.65442462877378,1520100
2017-11-15,49.88835144042969,50.65441737790994,49.79440172610996,50.567696261246944,1072900
2017-11-16,50.025665283203125,50.17020414789522,49.52699682654817,49.91725837778193,1025500
2017-11-17,49.375221252441406,50.08347480620126,49.26681436483078,49.852209352406824,1630400
2017-11-20,49.08615493774414,49.41137571242122,48.94161604709116,49.339100753289486,1771100
2017-11-21,49.21623611450195,49.56313712889147,49.165646957591456,49.30296274655047,2298000
2017-11-22,49.245147705078125,49.50532210175378,49.04279106628704,49.136740787495796,1318300
2017-11-24,49.29574203491211,49.49087560978689,49.25238146885347,49.36801148294499,655800
2017-11-27,48.87655258178711,49.42581009889963,48.85487230715692,49.23790519576579,1281000
2017-11-28,48.349002838134766,48.99943894182024,48.16832644898913,48.8187625526746,2552700
2017-11-29,48.23335647583008,48.37067226517625,47.70578462567665,48.26226535326109,2073300
2017-11-30,48.29117202758789,48.515208925201684,48.12494736839408,48.43571089434434,2518300
2017-12-01,48.08158874511719,48.70311582201744,47.908140995271985,48.43571284257747,1130200
2017-12-04,47.91535949707031,48.298392391098886,47.7346831875245,48.21889437379446,1696000
2017-12-05,47.34443664550781,47.97318687241102,47.31552776519655,47.915374625593635,1134000
2017-12-06,47.26492691040039,47.561233211129654,47.084250588505746,47.373333806297936,1064600
2017-12-07,47.08426284790039,47.33720866165199,46.94694704309015,47.33720866165199,2219200
2017-12-08,47.561241149902344,47.56846974784976,46.96139985157936,47.236025921729585,1356200
2017-12-11,47.6407356262207,47.7635942131234,47.24325098968768,47.6551928210353,1083200
2017-12-12,47.91535949707031,47.99485751437474,47.387782247123056,47.67686544515703,1687400
2017-12-13,47.431156158447266,48.146638515739916,47.36611531531427,48.02377440014712,1335600
2017-12-14,47.26492691040039,47.45283182903588,47.2071091640812,47.373333806297936,2811000
2017-12-15,47.45283126831055,47.77081784170108,47.36610464985657,47.510643500142834,3601100
2017-12-18,47.409461975097656,47.647956024259436,47.308283684023564,47.53232054085857,1595700
2017-12-19,46.469966888427734,47.431161034300466,46.065250806946985,47.36612018448136,2474500
2017-12-20,46.115821838378906,46.73734602199333,46.065232692699844,46.39767368080391,2072000
2017-12-21,45.81228256225586,46.29649372691047,45.674969565615356,46.29649372691047,1653000
2017-12-22,46.10860061645508,46.188098645779824,45.776156818280796,45.978513433360426,1068600
2017-12-26,46.32540512084961,46.46272088187336,46.02187024113722,46.23145542393009,879000
2017-12-27,46.31095886230469,46.49163519477579,46.10859949524367,46.44826912559594,1623200
2017-12-28,46.433815002441406,46.527764705414725,46.06523651662618,46.32540810590063,1765600
2017-12-29,46.45130157470703,46.742667643045024,46.37117500283682,46.516859426355445,1752300
2018-01-02,46.26191711425781,46.633409803640866,46.225496698231964,46.59699216631465,1238500
2018-01-03,46.502296447753906,46.531433891795075,46.17450714903979,46.26191670246369,1408200
2018-01-04,45.701026916503906,46.458580856997884,45.62090035099516,46.444012137932745,1917000
2018-01-05,45.66459655761719,45.78842926087275,45.54076663306023,45.66459655761719,2226800
2018-01-08,45.97054672241211,46.12351412268227,45.54077918448686,45.64275745133364,1814100
2018-01-09,45.41693878173828,45.91954983879556,45.22755100080146,45.890412402128696,1614200
2018-01-10,44.7686653137207,45.16929551439681,44.47001340644942,45.16201254145365,1781800
2018-01-11,44.40444564819336,45.19842289981769,44.35345651284405,45.001749329742,1677600
2018-01-12,44.01109313964844,44.42629470051791,43.79985365269624,44.331599412691595,1459500
2018-01-16,44.193199157714844,44.98717633389865,44.03294879557169,44.17863321645573,2277800
2018-01-17,44.324310302734375,44.484563427104995,44.08393339487736,44.44814302030229,1745400
2018-01-18,44.03294372558594,44.273320630473094,43.61774498002722,44.13492197485315,2043400
2018-01-19,44.04751968383789,44.207770053869616,43.83627740209227,44.02566521347498,1929200
2018-01-22,44.564697265625,44.593834707304175,43.996531046377996,44.091223563786244,1692100
2018-01-23,45.00902557373047,45.05272894982848,44.63753020470409,44.66666764123535,1845100
2018-01-24,44.75408172607422,45.06001928338533,44.64482049601246,44.96532399437247,1136600
2018-01-25,44.5865478515625,44.84877926277164,44.16406607249168,44.71766355716707,1574200
2018-01-26,44.82691192626953,44.83419489461714,44.375290085164465,44.71764795016707,1568500
2018-01-29,44.5865478515625,44.92890583605214,44.25875858755107,44.88519967461751,2031000
2018-01-30,44.120357513427734,44.71037815658486,44.120357513427734,44.47728419899914,2620900
2018-01-31,44.87792205810547,44.92162544605503,43.34823956977907,43.66874590114061,5601000
2018-02-01,43.9455451965332,44.97261647352525,43.734302896623596,44.76865714522995,2124200
2018-02-02,43.66874313354492,43.967394973304366,42.9476067123846,43.464783814141285,2488600
2018-02-05,42.28474044799805,43.99652749607514,42.19004515953186,43.51577086196097,3428800
2018-02-06,42.03707504272461,42.37943298585938,40.842467894806234,41.46162315749352,3580000
2018-02-07,41.417930603027344,42.663527202599575,41.41064485241481,42.00066561054362,2799100
2018-02-08,40.252445220947266,42.08806200458672,40.24516225131207,41.44705508613395,3417000
2018-02-09,41.264949798583984,41.51989541332665,40.216024346616926,40.470972740058386,3152200
2018-02-12,41.235816955566406,41.60730957538001,40.04120974995515,41.39607009050908,2982800
2018-02-13,41.512630462646484,41.76029321533873,40.94446133664663,41.192124089338876,2242300
2018-02-14,41.27953338623047,41.432503599175355,40.674946621914906,41.0828625586013,2759100
2018-02-15,42.18276596069336,42.248323815693276,41.46162955569431,41.483484026493876,2179800
2018-02-16,42.226470947265625,42.67809016985101,41.97152250550181,42.17548181465273,2186800
2018-02-20,41.98609924316406,42.49599344535492,41.92054137747238,42.07350880451968,3020600
2018-02-21,40.696781158447266,42.08806176143359,40.68221244056221,42.029789668592194,2923300
2018-02-22,40.91529846191406,41.25037335111512,40.704059040152565,40.83517469707944,2015000
2018-02-23,41.512630462646484,41.512630462646484,40.86433474331973,41.06100835093122,1894500
2018-02-26,41.61459732055664,41.78941640460768,41.30865975541846,41.61459732055664,2000100
2018-02-27,40.66764831542969,41.694719353200455,40.50739519024452,41.60730704199095,2340500
2018-02-28,40.959014892578125,41.49076062200097,40.806047513983664,40.85703664018182,4556600
2018-03-01,41.024574279785156,41.5417513099229,40.65308166370428,40.849755205876185,2380400
2018-03-02,40.76234817504883,41.10470617566421,40.42727592436538,40.929884300390555,2085300
2018-03-05,41.13383865356445,41.22853116165565,40.50011186354372,40.65308202795855,2832900
2018-03-06,41.43977355957031,41.50533140776125,40.79148082673724,41.10470134823847,2268100
2018-03-07,42.12449645996094,42.277463871518464,41.26496132068592,41.26496132068592,3176300
2018-03-08,42.44499206542969,42.45956078457187,41.96423544853388,42.17547770804694,2162100
2018-03-09,43.348228454589844,43.35551420317968,42.277454043894906,42.474127575336574,2828600
2018-03-12,43.34095001220703,43.515771873539386,42.86747633756878,43.21712006023349,2951200
2018-03-13,43.24625778198242,43.7415831823281,43.10785910021208,43.53762664525615,1577200
2018-03-14,43.37009048461914,43.58133277137838,43.129710755817364,43.39922792666167,2082300
2018-03-15,43.501190185546875,43.64687178474611,43.21710717693062,43.45748403856807,1924500
2018-03-16,43.8726921081543,44.04751395482275,43.479345037174504,43.530334163557185,2819100
2018-03-19,43.938255310058594,44.273327546766296,43.559476911680584,44.22233841416727,2762300
2018-03-20,43.901824951171875,44.200476708171735,43.64687656724111,43.92367663770642,3513400
2018-03-21,43.79984664916992,44.09121265779394,43.442920023634535,43.85811873941525,2940600
2018-03-22,43.52305603027344,44.156780084812326,43.32638247292703,43.61775132352155,4788200
2018-03-23,42.89825439453125,43.5598090615118,42.60422822873456,43.50835490310358,4554400
2018-03-26,43.3539924621582,43.40544662060711,42.67773620594898,43.17757900577377,2320000
2018-03-27,43.6259651184082,44.16991268778233,42.99381362432659,43.376043716918694,2560400
2018-03-28,45.243106842041016,45.41952311687022,43.64802219181227,43.81708626966774,3856200
2018-03-29,45.294551849365234,45.73559104527081,45.00787791424916,45.41951393628616,5297500
2018-04-02,44.868221282958984,45.36071187359671,44.47128681035942,45.191647813943106,3466300
2018-04-03,45.83115768432617,46.00022457089431,44.70651266384736,44.934383107622196,4343300
2018-04-04,46.41920471191406,46.463306673707955,45.49302425766399,45.58123098529308,4093600
2018-04-05,46.52210235595703,46.55885491703465,46.08841540554351,46.4632960150003,2901300
2018-04-06,46.34569549560547,46.83083669029922,46.17663143727717,46.580915298848424,2491800
2018-04-09,45.794410705566406,46.37511097565424,45.72825494310017,46.360409383545964,4295800
2018-04-10,46.088436126708984,46.21339545136221,45.83116247541516,45.94877240616487,2922900
2018-04-11,45.963462829589844,46.47800720310909,45.867906711853216,46.05902175136772,3249900
2018-04-12,45.16959762573242,46.11047686258246,45.05933711339598,46.03697172371904,2712500
2018-04-13,45.31661605834961,45.456276960297366,45.118148795134395,45.29456227085349,2171100
2018-04-16,45.33866500854492,45.80175526861266,45.206353505668424,45.493027493887,1736800
2018-04-17,45.88995361328125,46.161925962122446,45.33865672009338,45.448917220347354,1824200
2018-04-18,45.559173583984375,46.044314723638,45.55182419273488,45.97080959497933,1282400
2018-04-19,44.61829376220703,45.47831553069305,44.427175944294,45.44156296695313,2685700
2018-04-20,44.18461227416992,44.757960191115764,44.11110433350942,44.63300089805473,2443100
2018-04-23,44.40513610839844,44.485993451338445,44.0229031807085,44.26547520952852,1307900
2018-04-24,44.625648498535156,44.809414143286865,44.22871403290158,44.50803859805571,1998800
2018-04-25,44.331626892089844,44.802066512501206,44.00819755002604,44.31692530344682,1821600
2018-04-26,44.93437576293945,45.25045289288122,44.31692309096497,44.47128555794829,1528900
2018-04-27,45.537132263183594,45.77970148243122,44.71386287064515,44.91967951776938,1712200
2018-04-30,45.360713958740234,45.82380419806041,45.346012369741345,45.5959337746397,2946600
2018-05-01,45.735595703125,45.867907194967586,45.206349735754664,45.41216636571367,4162900
2018-05-02,45.21369934082031,45.73559591845266,45.074038456125066,45.57388124898563,2034400
2018-05-03,45.279842376708984,45.68412893689072,45.01522227009981,45.19163567450593,1654000
2018-05-04,45.64738845825195,45.81645533165977,45.088742090086534,45.2210535885544,1531900
2018-05-07,45.94140625,46.00756198716164,45.54447182703018,45.801745384454726,1781500
2018-05-08,45.676780700683594,45.92670204861562,45.41215776710372,45.48566569534299,1707300
2018-05-09,45.98551940917969,46.02962137264918,45.65474066295139,45.684143841292,1890800
2018-05-10,46.242794036865234,46.82349423896782,45.956120034421126,46.65443015557877,3002200
2018-05-11,45.9781608581543,46.4706542131494,45.897303530913234,46.360393711631396,1440500
2018-05-14,45.78704833984375,46.117827058463725,45.42686644533729,45.99286496296676,1274500
2018-05-15,44.83881759643555,45.58122957204101,44.721207695229495,45.44156869062171,2389800
2018-05-16,44.28751754760742,45.00787849239479,44.25811437336115,44.875567012327615,1585700
2018-05-17,43.912635803222656,44.5153868401472,43.75827054427099,44.294865842799375,1645000
2018-05-18,43.831783294677734,44.03025053167548,43.58186190038887,43.89793904034365,1892200
2018-05-21,44.316925048828125,44.5888974270581,43.58921183740689,44.03025108203959,1239300
2018-05-22,44.4124755859375,44.48598351949063,44.111100068472034,44.2875163049586,1948600
2018-05-23,45.39011764526367,45.6547406421256,44.53009570950382,44.53009570950382,2209700
2018-05-24,44.985836029052734,45.573885605084214,44.71386362589596,45.36806895448359,2883400
2018-05-25,45.3974609375,45.617981941279844,45.05198345272426,45.09608541024739,1131700
2018-05-29,45.470970153808594,45.787047277149334,44.963775195682636,45.27250292724293,1454400
2018-05-30,46.91169738769531,46.97785313735434,45.30191121804774,45.30191121804774,2321600
2018-05-31,47.03666687011719,47.22778195241077,46.45596662138986,46.691186478385916,4653000
2018-06-01,46.919044494628906,47.191014052331,46.78673300966385,47.1248611138896,1981400
2018-06-04,47.49238967895508,47.499741874389095,46.845533878769096,47.13955720318747,2124600
2018-06-05,47.058712005615234,47.7276217604535,47.03666382575385,47.7276217604535,2019700
2018-06-06,47.28657531738281,47.40418240950325,46.904342453847505,46.93374282485706,1705400
2018-06-07,47.12487030029297,47.4041921082996,46.95580621522317,47.38214112452057,2031300
2018-06-08,47.48503875732422,47.64675341271901,47.227767991051635,47.32332410192942,1670100
2018-06-11,47.07341003417969,47.661456755041655,47.07341003417969,47.48504329959133,1216400
2018-06-12,47.19837188720703,47.440943906637955,46.9705042612414,47.073412583166714,2533600
2018-06-13,46.45595169067383,47.59529803257595,46.264833865762704,47.367430446620105,2127900
2018-06-14,46.8602409362793,47.36008373058958,46.51476061561273,46.62502112766755,1725400
2018-06-15,46.66177749633789,47.220423886267014,46.522116599865996,46.92640050358278,3552300
2018-06-18,45.882606506347656,46.764682194082305,45.74294562070585,46.573567150359764,2124000
2018-06-19,45.581241607666016,46.17664346700936,45.52978743755458,45.66945115989301,2462500
2018-06-20,46.05903244018555,46.1104866090742,45.331319073837314,45.80911098956555,1518200
2018-06-21,46.2060432434082,46.228094227817714,45.62534301892909,46.1398874861379,1555700
2018-06-22,46.79917907714844,46.99936602245289,46.09481823144866,46.34690518164633,4756400
2018-06-25,47.199546813964844,47.39231783152961,46.732444002487824,46.895559898507244,1804500
2018-06-26,46.732444763183594,47.18471860708102,46.71020271457809,47.18471860708102,1884000
2018-06-27,46.4803581237793,47.01418992025315,46.45811607503883,46.85107402058884,1699100
2018-06-28,46.9326286315918,47.08832861837409,46.41362584731319,46.48035481712526,1834000
2018-06-29,47.221797943115234,47.407155923023055,46.42105294064936,46.68796888425076,3031500
2018-07-02,47.05868148803711,47.407152542142256,46.44329168102779,47.21438150125461,1859100
2018-07-03,47.155067443847656,47.70372546289705,46.851080479688335,47.066096408282014,992300
2018-07-05,47.71114730834961,47.71856321210106,46.969715320164916,47.18473127553973,1719300
2018-07-06,48.037376403808594,48.1189343703071,47.65924452792251,47.85943432084678,1959100
2018-07-09,47.85941696166992,48.18564305266105,47.548011358591204,48.03735898009006,2413300
2018-07-10,48.09667205810547,48.163398189856466,47.651808553067724,47.86682440538945,2185600
2018-07-11,48.09667205810547,48.348756098064044,47.95579823773189,48.06701411399133,1411700
2018-07-12,48.28945541381836,48.422913376014165,48.037371294490846,48.27462926543048,1518100
2018-07-13,47.822357177734375,48.54896292301588,47.792699223164064,48.35618904664708,1229800
2018-07-16,47.770450592041016,47.903908540888196,47.31817674631866,47.681476740584344,1233300
2018-07-17,47.347843170166016,47.88908530752998,47.26628520590405,47.88908530752998,1534400
2018-07-18,47.48872375488281,47.703734065574025,47.21439186754811,47.266291883349005,2125300
2018-07-19,47.666648864746094,48.11150679254255,47.266275032726654,47.333004004729894,1631300
2018-07-20,46.873313903808594,47.57767177003454,46.79916903534334,47.459045637165204,1511600
2018-07-23,46.880741119384766,46.917812150632145,46.49519617206753,46.917812150632145,1445800
2018-07-24,47.08091735839844,47.1847173535837,46.47294353373811,46.83624351688653,2486100
2018-07-25,47.90391159057617,48.64534342988963,47.08092179640416,47.53319567091945,1901600
2018-07-26,47.822357177734375,48.38584700121739,47.67407306155926,48.38584700121739,1700700
2018-07-27,47.473873138427734,48.022531039053234,47.362660075059786,47.948388996807935,1514000
2018-07-30,47.28111267089844,47.518367824636854,46.99195468201364,47.45905757162506,1524100
2018-07-31,48.51189041137695,48.89002227179242,47.44422947227233,47.62958462263306,3097400
2018-08-01,48.867774963378906,48.94191701554875,47.94839541510965,48.17824313051496,2065600
2018-08-02,48.91226577758789,49.245907886489626,48.69724983710666,48.71207598690544,1386700
2018-08-03,49.60921096801758,49.63145301987034,48.734321102857685,48.927089323366005,1314500
2018-08-06,49.675933837890625,49.979923610909104,49.42384972466406,49.5647179293064,1042100
2018-08-07,49.60921096801758,49.675937123575885,49.186589356109096,49.675937123575885,942900
2018-08-08,49.34228515625,49.70558512937345,49.29779540477291,49.70558512937345,948700
2018-08-09,49.59437561035156,49.638859710871124,49.20141763795928,49.36453354876575,699500
2018-08-10,48.904842376708984,49.713006005422805,48.89001622918322,49.50540034333078,958200
2018-08-13,49.194007873535156,49.28298174235152,48.793633948876675,48.86778166789536,1062300
2018-08-14,49.37936019897461,49.72783407439182,48.66017039765418,48.66758630004155,1178400
2018-08-15,49.79457092285156,49.94285504555208,49.29039698632244,49.35712314453467,1440900
2018-08-16,49.9650993347168,50.03924139938564,49.616625408428604,49.794573151646155,802000
2018-08-17,50.30615997314453,50.32840202803394,49.86871780918021,50.009586042372206,1341500
2018-08-20,50.23201370239258,50.55824556461848,50.098555727543506,50.41737168653425,1112600
2018-08-21,49.661109924316406,50.19493612752274,49.60179401617914,50.14303612207172,1133900
2018-08-22,49.6017951965332,49.824221372326406,49.379363364063515,49.66111110608198,1095200
2018-08-23,49.57212448120117,49.86128239497259,49.52764038882866,49.69075061308623,1023000
2018-08-24,49.9947509765625,50.068893031865684,49.50540322954425,49.50540322954425,1905000
2018-08-27,50.03181838989258,50.105960435648406,49.51281275625082,50.06888658443275,1802800
2018-08-28,50.365478515625,50.37289441986705,49.7278465110689,50.00217840124967,1379000
2018-08-29,50.35805130004883,50.52116721667009,50.23942514220918,50.35064105414878,1218300
2018-08-30,50.165283203125,50.55082528784571,50.08372524462472,50.55082528784571,982300
2018-08-31,50.23201370239258,50.45444554603329,49.91319774340184,50.29873986147874,1261200
2018-09-04,49.69075393676758,50.32097545646554,49.56471189549815,50.00956981900375,1475100
2018-09-05,49.9947509765625,50.328393053764955,49.49799298368729,49.71300890373989,1611700
2018-09-06,50.409950256347656,50.61755027075676,50.03923432870964,50.17269228892637,1531600
2018-09-07,49.85388946533203,50.16529522545201,49.58697347475927,50.07632134303522,1228500
2018-09-10,50.269081115722656,50.48409137187998,49.84646519234015,50.143033403595496,1125400
2018-09-11,50.41736602783203,50.647208092234315,50.03182395302728,50.04665010115679,2886000
2018-09-12,50.239418029785156,50.48408621340295,50.135618035116885,50.36546007235727,1463600
2018-09-13,50.52116775512695,50.67686777083136,50.24683592364226,50.506341606492576,1132600
2018-09-14,50.291324615478516,50.387708721247044,49.63145071006613,50.387708721247044,1400200
2018-09-17,50.71393966674805,50.84739762600302,50.128207826499896,50.26908168812351,1640900
2018-09-18,50.246849060058594,50.72878103847764,50.0021807752298,50.647223057975445,1427700
2018-09-19,49.68335723876953,50.29874146668456,49.57955721687172,50.29874146668456,1057000
2018-09-20,50.35805130004883,50.37288310520145,49.586961475724166,49.72041943871644,1027100
2018-09-21,50.58974838256836,51.045646983216386,50.201110705617005,50.34311359165821,3188900
2018-09-24,49.40141296386719,50.6868969663453,49.259415802205254,50.57478974249937,1392500
2018-09-25,49.50604248046875,49.66299030552973,49.0501439734778,49.46120187388275,1466000
2018-09-26,48.571834564208984,49.72279120609901,48.54193892002873,49.58078832174556,2051800
2018-09-27,48.541934967041016,48.89320163003996,48.474674049621115,48.60920158647155,2142800
2018-09-28,49.52099609375,49.53594106283019,48.60172369003388,48.6316193302046,2580900
2018-10-01,49.35657501220703,49.76015761857279,49.16973152974199,49.48362721180072,1268200
2018-10-02,49.50604248046875,49.752677220711725,49.34161932030677,49.431306235488755,964100
2018-10-03,48.848358154296875,49.737734912550664,48.646564009847715,49.53594076810151,1245900
2018-10-04,48.54941177368164,48.758675570230274,48.033721916464806,48.56436244601272,1098500
2018-10-05,48.49709701538086,48.99036657822402,48.444781064959095,48.62414922326072,1559800
2018-10-08,48.80351638793945,49.378991763626104,48.57182660899196,48.57182660899196,2430600
2018-10-09,48.990360260009766,49.17720373056356,48.62414295227697,48.88572837266045,1661200
2018-10-10,48.347625732421875,49.27436789294093,48.317730088274665,48.95299684587231,1567600
2018-10-11,46.987396240234375,48.54193246790912,46.95002811547874,48.54193246790912,1988600
2018-10-12,46.837921142578125,47.712350091798456,46.63613269760938,47.174239969201324,1736500
2018-10-15,47.069610595703125,47.607720747072676,46.65108016119288,46.7108714451252,1440100
2018-10-16,48.115928649902344,48.28035181687725,46.92760691005496,47.263925728410406,2653100
2018-10-17,47.884246826171875,48.250458450407805,47.660035220373615,48.04867000089305,2265500
2018-10-18,48.138362884521484,48.370047003764604,47.74972520487559,47.92162373664419,1453900
2018-10-19,48.48213577270508,48.564347338919724,48.123393874494894,48.13834454217521,1743000
2018-10-22,47.48814010620117,48.601725663222105,47.46571694966019,48.57183002183765,1558100
2018-10-23,47.637603759765625,47.83191967901963,46.92012279781685,47.38349657243065,2075700
2018-10-24,48.90067672729492,49.36405061907595,47.86182741524687,47.86182741524687,3064300
2018-10-25,49.371524810791016,49.68542622556202,48.48215362463804,48.96047253037055,1626500
2018-10-26,48.459720611572266,49.28183645762516,48.28035247334723,49.2668857866004,2238200
2018-10-29,49.49110794067383,49.67047610682293,48.900681787504695,48.900681787504695,1494500
2018-10-30,49.162269592285156,50.036695960050196,49.05016233185094,49.66300889327757,2052400
2018-10-31,48.54941177368164,49.356577019235615,48.50457116071002,49.10246690770456,3099800
2018-11-01,48.44477844238281,48.78109443374314,47.996355219898824,48.78109443374314,2233800
2018-11-02,48.16078567504883,48.586788656073445,47.54793633025308,48.213101630542674,2228400
2018-11-05,49.080039978027344,49.22204283595572,48.25045453793741,48.27287484139767,1512200
2018-11-06,49.71530532836914,50.0067863718209,49.0576184018867,49.23698652692557,2327200
2018-11-07,50.425323486328125,50.62711195261718,49.55089729572394,50.006795880981365,1681800
2018-11-08,50.29828643798828,50.462703973922885,49.81996740142125,50.2534401081764,872500
2018-11-09,50.43278884887695,50.60468163764531,50.07404689951846,50.365522238742926,1105900
2018-11-12,50.84384536743164,50.98584823269164,50.163738085312886,50.4851090895258,1007300
2018-11-13,50.92605972290039,51.14279884934783,50.477636500117356,50.941010394799186,1215400
2018-11-14,51.38942337036133,51.516475546113284,50.798997392325816,51.08299737965539,2222300
2018-11-15,50.6569938659668,51.09047202659139,50.081518564593026,51.09047202659139,2349900
2018-11-16,51.837860107421875,51.91259636559416,50.61216722696125,50.61216722696125,1785700
2018-11-19,51.86775588989258,52.25638785463504,51.26237908245179,51.83786024614147,1792800
2018-11-20,51.979854583740234,52.226483625625505,51.419324185074494,51.905112635643405,1552200
2018-11-21,51.9424934387207,52.517968914696446,51.62859772455212,51.90512245760062,1327800
2018-11-23,51.6510124206543,51.9723834365329,51.374482015639046,51.92006748985548,377800
2018-11-26,51.90511703491211,51.97985898934376,51.33711695490335,51.90511703491211,1558300
2018-11-27,52.20405197143555,52.293738868445345,51.53888983247048,51.92752735083745,1859600
2018-11-28,52.48059844970703,52.62260132151794,52.01722455885763,52.07701584193702,1730300
2018-11-29,52.51795959472656,52.749649372934776,51.807956695533036,52.30869582241732,1975800
2018-11-30,53.250396728515625,53.280292372323835,52.45070678818187,52.77207783160633,2534500
2018-12-03,53.72123336791992,53.72870870341166,53.21301889267705,53.43723334134696,2157900
2018-12-04,52.884185791015625,53.758612001779845,52.757127877596616,53.61660911725859,2057100
2018-12-06,54.29672622680664,54.37146249189147,52.00975774153244,52.65249988488273,2593000
2018-12-07,53.56428909301758,54.27429775963245,53.30270935353238,54.10239924396465,2114200
2018-12-10,53.44470977783203,53.76608078647384,52.6749155646229,53.7361851459013,1795500
2018-12-11,53.377445220947266,53.88565972627234,53.34754957922102,53.691340906057,1262700
2018-12-12,51.9424934387207,53.803453117875776,51.867757178491686,53.653980597417736,1795000
2018-12-13,52.33112335205078,52.757126290790296,52.039647957229576,52.039647957229576,1936300
2018-12-14,52.27133560180664,52.443228416240665,52.002280525117065,52.211544317651025,1732600
2018-12-17,50.627105712890625,52.630067966204805,50.50005352007095,52.42080418932292,2097900
2018-12-18,51.060585021972656,51.56879950605477,50.67942273340847,50.97837343616449,1783000
2018-12-19,50.99331283569336,51.84531844391138,50.73172746484696,51.307208438298076,1539900
2018-12-20,50.91111755371094,51.50901331630926,50.477639276969754,51.08301037592871,1777700
2018-12-21,50.25343322753906,52.361027975722244,50.23848825432314,50.91112608927776,3744100
2018-12-24,47.5927734375,50.402901090398075,47.5927734375,50.25342287896105,731500
2018-12-26,48.8931999206543,48.8931999206543,47.21160861982033,47.712350623035825,1606400
2018-12-27,49.371524810791016,49.371524810791016,47.78709272280068,48.62415080783258,1850100
2018-12-28,49.50604248046875,50.13383948272268,48.885726515325814,49.83488880079271,1398800
2018-12-31,49.7396354675293,49.74716649480712,48.78266610667329,49.56632410925097,1266000
2019-01-02,48.044219970703125,49.30259426125792,47.78049029500134,49.29505748513051,1300000
2019-01-03,48.34563446044922,49.02379489456037,47.97640713650952,47.97640713650952,1744700
2019-01-04,48.647037506103516,49.1292877460273,48.345635417808396,48.47373188022145,1462500
2019-01-07,49.053932189941406,49.40054915501133,48.722388777065156,48.805270318627414,1792200
2019-01-08,49.97322082519531,50.0410403088048,49.12174913435139,49.22724099874354,2047900
2019-01-09,49.97322082519531,50.12392184607683,49.49097065972392,50.101317267832144,1119500
2019-01-10,50.79456329345703,50.90005517110456,49.82252606466806,50.14653847426438,1211900
2019-01-11,50.900047302246094,51.07335289635662,50.568498167251654,50.71166815715839,1606100
2019-01-14,50.9603385925293,51.17132812342523,50.455483721429886,50.68907208739713,1590400
2019-01-15,51.58575439453125,51.77413357611318,51.01308007283678,51.05829498565239,1354900
2019-01-16,52.052940368652344,52.135827674086244,51.088439813287046,51.48780278553579,1911000
2019-01-17,52.67835998535156,52.700964568560565,52.00772477318312,52.00772477318312,2684300
2019-01-18,52.83658981323242,52.987290844382706,52.3694074184652,52.87426219658207,1741900
2019-01-22,53.04758071899414,53.07018530183122,52.4749063753228,52.80645558727094,1858000
2019-01-23,53.00236129760742,53.19827724699757,52.70849024796027,52.85166025892339,2299100
2019-01-24,53.009891510009766,53.18320285702384,52.45229083727497,52.98728693189389,919900
2019-01-25,53.25101089477539,53.40924867353424,52.964676687812904,53.10030989087404,2190700
2019-01-28,54.04221725463867,54.04975403113027,53.03250191317828,53.03250191317828,1647200
2019-01-29,54.53200912475586,54.53954015304507,53.82370154196418,53.82370154196418,1966700
2019-01-30,54.253204345703125,54.76559595003426,53.959333282074006,54.32101809167458,2494600
2019-01-31,54.675167083740234,54.75805437636215,53.499682932194276,53.80109074637618,2403900
2019-02-01,54.26826477050781,54.961504434238286,53.33390576575233,54.848475790780824,1528400
2019-02-04,54.848487854003906,54.86355566030358,53.80863675301968,53.96687458911226,1518800
2019-02-05,54.96904754638672,55.006725685448046,54.125112420630906,54.501870815736716,1334100
2019-02-06,55.0067253112793,55.01426208881567,54.58475775127171,54.871092060008735,1192300
2019-02-07,55.41361999511719,55.481433740109544,54.59982056195103,54.90122839818401,1470000
2019-02-08,55.33827209472656,55.63967419636106,55.12728832403178,55.22524343217533,1695300
2019-02-11,55.35334014892578,55.6472112235532,55.149893154520875,55.36841370340117,1587600
2019-02-12,54.66009521484375,55.308119955033376,54.524461995993,55.308119955033376,2018300
2019-02-13,55.22525405883789,55.28553679031527,54.35117169904902,54.46420038334968,1246800
2019-02-14,55.097137451171875,55.360867119005505,54.878616941002406,55.27797983070413,1037100
2019-02-15,55.16495132446289,55.56431421515494,54.98410894448219,55.54924641218805,1968900
2019-02-19,55.40607452392578,55.44375265337106,55.036853000638835,55.05945757875584,1393500
2019-02-20,54.765586853027344,55.345792106953155,54.15524024516214,55.323187528717476,1888900
2019-02-21,55.654747009277344,55.68488836881454,54.29841457448627,54.464189177502575,1487600
2019-02-22,55.93355178833008,56.08425284122135,55.42869118850333,55.76024040351612,1395400
2019-02-25,55.38346862792969,56.106843854837614,55.308118119707565,56.039030122100286,1292000
2019-02-26,55.549251556396484,55.684884791161394,55.18002998632159,55.55678833301568,1004800
2019-02-27,55.2553825378418,55.48897088174173,54.908765536001916,55.210167625340006,1123100
2019-02-28,55.52663803100586,56.27261782761001,55.05191891135986,55.18755212427654,2830700
2019-03-01,55.38346862792969,55.51910184227963,54.73544390924389,55.49649726470052,1374700
2019-03-04,55.745174407958984,55.85066629818378,55.16496326284573,55.54925843373714,1805200
2019-03-05,55.70749282836914,56.10685578082213,55.632142304130625,55.69995605128234,1278600
2019-03-06,55.421173095703125,55.89588669710059,55.40609953756974,55.76779019735686,1065000
2019-03-07,55.330726623535156,55.9109319017795,55.13481068915527,55.50403797873191,1422000
2019-03-08,55.48897171020508,55.74517038861919,55.09714553888969,55.34580169141848,957100
2019-03-11,56.09178161621094,56.16713213190671,55.353332765090315,55.67734515657041,1271000
2019-03-12,56.55141067504883,56.64182896785544,56.03148249591417,56.13697433677132,1622300
2019-03-13,56.4459342956543,57.00353499990293,56.42332396738515,56.61170312749793,1201500
2019-03-14,56.558963775634766,56.55896377563476,56.16713760650005,56.39318917562055,1321400
2019-03-15,56.332916259765625,56.70213787344207,56.09932214799428,56.55896784515093,2416000
2019-03-18,55.745174407958984,56.61171411353743,55.413625182179985,56.400730333087836,1361700
2019-03-19,55.38346862792969,55.87325555468644,55.19508948293673,55.692413185178275,1441900
2019-03-20,55.473880767822266,55.865706775713484,54.84092398722994,55.35331538147172,1208700
2019-03-21,56.355506896972656,56.453461984844076,55.24783658118458,55.28551471052957,1159500
2019-03-22,56.49066162109375,57.48532059003527,56.49066162109374,56.574183222303965,1484800
2019-03-25,56.54381561279297,56.83234111673321,56.300845242929995,56.619742767211925,803900
2019-03-26,57.05253982543945,57.08291184892515,56.61215417420355,56.74882538345362,1177200
2019-03-27,56.93105697631836,57.36384816929876,56.52863201366018,57.36384816929876,1152600
2019-03-28,57.42458724975586,57.44737061213227,56.801975247504615,57.174028192327214,1015800
2019-03-29,57.189208984375,57.47014584689236,56.976610620468215,57.318285734908265,1995900
2019-04-01,56.93105697631836,57.189210484154934,55.98954163593871,56.96901766065668,1465200
2019-04-02,57.47013854980469,57.61439839678395,56.361585940995006,57.01456406456847,1665400
2019-04-03,57.242347717285156,57.51569007413638,56.86270619864399,57.28790284580374,1282900
2019-04-04,57.15883255004883,57.37902535077649,56.78678544192923,57.37902535077649,762400
2019-04-05,57.40940475463867,57.515703942058984,56.96901909654239,57.136062331880375,761400
2019-04-08,57.37143325805664,57.57644295362831,56.999386134629404,57.325878122538825,831600
2019-04-09,57.242347717285156,57.55365654314844,57.04493250558819,57.470134945617794,877200
2019-04-10,57.971282958984375,58.001654988309824,57.2651492075664,57.51571410484716,1746000
2019-04-11,58.22942352294922,58.40405539413182,57.88015398771362,58.07756342532261,1926900
2019-04-12,58.80646514892578,58.814059600815106,57.64476310324658,58.085148626915796,1659300
2019-04-15,58.92037582397461,58.95074784746067,58.42684057985068,58.874820685181106,1791400
2019-04-16,57.50050354003906,58.91276457589145,57.204377843682984,58.91276457589145,1732800
2019-04-17,56.40715789794922,57.59163800999107,56.21733707010293,57.4853388098269,2010000
2019-04-18,56.9993896484375,57.08291126394947,56.118624147862796,56.38437210955038,1584600
2019-04-22,56.3160285949707,56.81715824342334,55.64786152323776,56.7184477286775,1543500
2019-04-23,56.915870666503906,57.04494742631457,56.331225123738854,56.543823502926145,1009400
2019-04-24,57.30308532714844,57.58401631201514,56.76399512625186,57.12844769928682,1230800
2019-04-25,57.68275451660156,57.849797773193124,56.90828228929015,57.02217594540912,769100
2019-04-26,57.85736846923828,58.145899747525945,57.59921500221267,57.98645099562127,836800
2019-04-29,57.17401885986328,58.06237868278792,57.090497256729826,57.667548232907926,693400
2019-04-30,58.024417877197266,58.22183312141447,57.00698122021399,57.2575460540815,1516700
2019-05-01,58.1003532409668,58.988719068981815,57.902943761738236,57.902943761738236,1244500
2019-05-02,58.00923156738281,58.80647536822137,57.614401100697584,58.1003418344098,907100
2019-05-03,58.153499603271484,58.29017081591196,57.59163163702569,58.12313337190365,1862300
2019-05-06,57.86497116088867,58.19905761789639,57.62959522592651,58.032014389392536,928800
2019-05-07,56.77159881591797,57.85737395670913,56.40714614638947,57.71311409675319,841300
2019-05-08,56.521018981933594,57.34104008309436,56.47545807035289,56.84751084939703,802700
2019-05-09,56.80955505371094,56.84752152167773,56.07304960096482,56.483063124953475,770800
2019-05-10,57.576446533203125,57.796639356680046,56.73364171650119,56.73364171650119,819800
2019-05-13,57.58404541015625,57.705533524470596,56.9462501886223,57.19681507974155,979700
2019-05-14,57.56125259399414,57.940894161384406,57.44736475807353,57.629591088417094,807900
2019-05-15,57.84977722167969,58.15348580627316,57.56124595629799,57.644767554922176,555000
2019-05-16,58.3205451965332,58.51036601104386,57.45496274579436,57.45496274579436,945200
2019-05-17,58.17626953125,58.45720055306084,57.82700002246493,58.085153479574345,1174000
2019-05-20,57.51569747924805,58.350907769217464,57.181611046112046,58.14590387161984,799300
2019-05-21,57.9788703918457,58.31295688108717,57.705527953897516,57.705527953897516,776000
2019-05-22,58.19145202636719,58.31294009397981,57.72069445367314,57.96366479602848,561700
2019-05-23,58.5483283996582,58.55592285371195,57.963677087813565,58.09275963524271,897400
2019-05-24,58.60906982421875,58.95074493402629,58.548325780248696,58.753329687559045,779900
2019-05-28,57.86497116088867,59.095012012977186,57.86497116088867,58.89759676175708,1721900
2019-05-29,57.45496368408203,58.161097357308265,57.16643812674773,58.02442613691378,1793200
2019-05-30,57.568843841552734,57.88774135011341,57.394206181415065,57.553660728565674,1178900
2019-05-31,58.13829803466797,58.67738825984663,57.35623748556555,57.86495569614506,1676500
2019-06-03,57.88774490356445,58.5938784546494,57.43977063206883,58.27498092651314,1524600
2019-06-04,57.31068801879883,57.86496140956974,56.7412257227939,57.81181182699075,1633300
2019-06-05,58.65461349487305,58.74572954301664,57.318273753115776,57.77384240809424,1872700
2019-06-06,59.064632415771484,59.224081169930706,58.50276454975274,58.73054600160723,906900
2019-06-07,59.208900451660156,59.63409714661518,59.06463480464163,59.3000107189388,738900
2019-06-10,59.09501647949219,59.262059720621494,58.41166039890476,59.262059720621494,1159800
2019-06-11,59.072227478027344,59.246859346963426,58.51794826634381,59.18611530869421,726800
2019-06-12,58.95833206176758,59.47464478561596,58.60146808887486,59.09500324728245,998900
2019-06-13,59.17093276977539,59.17093276977538,58.76091919678476,58.87481282142722,1126000
2019-06-14,59.42151641845703,59.61892591800914,59.07224677362766,59.2241011260327,1153500
2019-06-17,59.73280715942383,60.097265639440785,59.45946474762887,59.59613595352635,958000
2019-06-18,59.262054443359375,60.21874707811723,58.76092476459684,60.13522546499014,1450000
2019-06-19,59.55057144165039,59.77076422720513,58.85203240718924,58.99629225140985,1065200
2019-06-20,59.85429763793945,60.34023843543194,59.717626426590236,59.73280954213071,1250600
2019-06-21,59.24686813354492,60.10486187094861,58.8368545037263,60.01374580003185,2764100
2019-06-24,59.42909622192383,59.56576743586356,59.00389946427635,59.48224581662976,794300
2019-06-25,58.3964729309082,59.80114567401272,58.34331754644526,59.49743123939988,956000
2019-06-26,57.43976593017578,58.39646422914199,56.97660278980397,58.34330885259983,1558100
2019-06-27,57.84370803833008,58.50928381480939,57.57594968113533,57.81310624940861,876300
2019-06-28,58.08085632324219,58.64698058250821,57.85899776272339,57.89725145259317,1934500
2019-07-01,58.249168395996094,58.45572900093818,57.24698466864443,58.42512721366179,891700
2019-07-02,59.236061096191406,59.45791970244768,58.409830252898004,58.409830252898004,1266400
2019-07-03,59.932228088378906,60.1081869126477,59.37376150053644,59.45026305325118,530100
2019-07-05,59.61091613769531,59.78687495627523,58.624030380507264,59.58796625629231,639500
2019-07-08,60.30708694458008,60.36063860744704,59.672113058662234,59.71036674786441,802200
2019-07-09,60.68195343017578,60.79670867025218,60.00873163799169,60.24588818724066,1084200
2019-07-10,60.87319564819336,61.10270607341329,60.4906821639552,60.78139031076688,1202800
2019-07-11,60.658992767333984,61.08740602832829,60.15407213542532,61.07210805616118,1554300
2019-07-12,60.32240295410156,60.77377210752995,60.230603411278686,60.77377210752995,939400
2019-07-15,60.536590576171875,60.888502331621005,60.09287930685374,60.43713915724932,794400
2019-07-16,60.32240295410156,60.574863370254974,60.10819623858785,60.406556426152704,732900
2019-07-17,60.16173553466797,60.6666562630494,59.542065401376256,60.42184780475072,1138100
2019-07-18,60.123477935791016,60.32238661920285,59.47320605787217,60.10052805629997,711300
2019-07-19,59.021846771240234,60.498349428758935,58.85353986157064,60.26883894526511,1212600
2019-07-22,58.8152961730957,59.266665310958615,58.723496633438536,59.06010467333989,1318100
2019-07-23,59.64151382446289,59.66446370428796,58.432769568996456,58.82293503610397,984600
2019-07-24,59.236061096191406,59.809831542362694,59.190161328240045,59.756279867521165,1443900
2019-07-25,59.74861526489258,59.85571859181769,59.10599530334193,59.526756705778126,1505500
2019-07-26,60.10052490234375,60.20762822547717,59.71801136638343,59.848070404496895,1289900
2019-07-29,60.90382385253906,61.25573571032404,60.23824799997253,60.24589990725125,1482000
2019-07-30,60.85026168823242,61.676492431091496,60.597801321798684,60.85791359419244,1768000
2019-07-31,60.35298156738281,62.640410739074184,60.307081813600185,61.14861037420873,2469100
2019-08-01,60.88087463378906,61.18688672464145,59.28961643071277,60.29945224483904,2317100
2019-08-02,61.569400787353516,62.04371398645989,60.7278660727547,60.90382492308769,1551500
2019-08-05,59.809814453125,61.61527874147758,59.2742978577209,61.569378986640984,1572800
2019-08-06,60.54425048828125,60.743159189125706,59.46556520080908,59.92458034093967,1296700
2019-08-07,61.03386306762695,61.53113186596312,59.61091214891423,60.46774462968876,1150300
2019-08-08,61.84478759765625,61.91364307133083,60.4524385173354,61.12566609684892,1331800
2019-08-09,62.17375564575195,62.303814700765386,61.24042739955379,61.79124206008752,1939500
2019-08-12,62.13551330566406,62.533324901927834,61.76829766267897,62.11256342235774,833900
2019-08-13,61.883052825927734,62.11256333204654,60.85791912843822,62.05135975218891,1339600
2019-08-14,61.06446075439453,62.089600067647666,61.041510876067576,62.00544662265325,916900
2019-08-15,62.08196258544922,62.25791558462864,61.13333042849199,61.28633354401277,1282500
2019-08-16,62.45681381225586,62.72457213778478,61.13332015891556,62.242607151832715,1098000
2019-08-19,63.321292877197266,63.42840204497836,62.37266087184093,62.732224556217076,1036600
2019-08-20,63.06884765625,63.58141450724217,62.94644049599803,63.4590073469902,1068200
2019-08-21,63.21417236328125,63.390131123206444,62.73985940787737,63.038219440048266,625600
2019-08-22,63.497257232666016,63.55846080911859,62.86993516576287,63.2830505517763,830300
2019-08-23,63.30600357055664,64.10928450038958,63.13769664531968,63.46665858918431,2343300
2019-08-26,63.963924407958984,63.963924407958984,63.09944577656091,63.64261438602635,1728100
2019-08-27,64.09395599365234,64.43822161810014,63.91035116262893,64.25461095038438,1933200
2019-08-28,63.979225158691406,64.30054103125461,63.75736656153604,64.147532083202,1749600
2019-08-29,64.46884155273438,64.57595073377757,63.87212125230757,64.14753151968833,874600
2019-08-30,64.84369659423828,64.97374979634827,64.28522426062867,64.64478792020965,1510100
2019-09-03,65.63170623779297,65.6776060174711,64.73662551389154,64.75192349488549,1565100
2019-09-04,66.01419067382812,66.0677423385889,65.4939720004261,65.9529871036176,1364900
2019-09-05,65.7846908569336,66.0754049441644,65.38687925953175,65.88414813380504,1234900
2019-09-06,66.44259643554688,66.62620128860377,65.86117425805816,65.98358138455812,1614800
2019-09-09,65.11146545410156,66.19780267721427,65.02731199517227,66.19015077094042,2185100
2019-09-10,64.61418914794922,64.88959937507187,63.51254823945864,64.80544592585697,1585800
2019-09-11,64.8513412475586,64.85899315242557,63.772656129045345,64.45352974487473,1486100
2019-09-12,65.30272674560547,65.85354730132107,64.50709770253789,65.48633165194576,1374900
2019-09-13,64.68307495117188,65.36394893283084,64.31585919726655,65.06558868633742,1549800
2019-09-16,65.06556701660156,65.23386810119766,64.37704135527406,64.66009768954049,1507600
2019-09-17,65.69287109375,65.89942581718527,64.91254027923262,65.24915402954936,1659000
2019-09-18,65.23387908935547,65.75409791701938,64.79781373651186,65.68524825763664,1848700
2019-09-19,65.41746520996094,65.6852235122924,65.21855654107476,65.21855654107476,1247500
2019-09-20,65.15736389160156,65.64698082265994,64.97375900162822,65.64698082265994,7515200
2019-09-23,65.2032699584961,65.63933522323904,64.44588883813128,64.62184765994074,1519200
2019-09-24,65.3868637084961,66.0371355417241,65.14970718779598,65.3562619257133,1272500
2019-09-25,65.86119079589844,66.02185164894506,65.40217562965032,65.48632909107683,966600
2019-09-26,66.37377166748047,66.68742983241755,66.02185980200936,66.12131125202448,999400
2019-09-27,66.41842651367188,66.68794938826098,65.87938076449369,66.56474144923082,1108900
2019-09-30,66.42613220214844,66.78036312310054,66.32601950427267,66.32601950427267,1469200
2019-10-01,66.35680389404297,66.65713015106527,65.6714433715914,66.31060166224158,995000
2019-10-02,66.30290985107422,66.69564650916496,65.37882981749814,66.34141563378887,1468600
2019-10-03,67.05758666992188,67.18079461210169,66.08729842143875,66.18740524165725,1429900
2019-10-04,67.35791015625,67.46571930428094,66.99597692707844,67.05758383314125,1567200
2019-10-07,67.58124542236328,67.82766722483119,67.03449723173635,67.04219369029279,1428000
2019-10-08,67.41950225830078,68.02015477262667,67.09606901006968,67.52731138265894,1943600
2019-10-09,67.44263458251953,68.06638850139191,67.25781381939045,67.55814609068536,1275700
2019-10-10,67.88924407958984,68.05865422019664,67.06526511653024,67.21928234684088,1055400
2019-10-11,67.48110961914062,68.14336908825636,67.03447429416727,67.86614392094478,1298700
2019-10-14,67.44263458251953,67.70445518421334,67.11150472586247,67.3271230743537,1310500
2019-10-15,67.42721557617188,67.72754190844255,67.1037881222124,67.44262024073649,1988300
2019-10-16,67.78144836425781,67.80455536174568,66.85736822012443,67.48112202365655,1139000
2019-10-17,67.57351684570312,67.95084879899986,67.43490426844924,67.51190995022209,1902900
2019-10-18,68.05096435546875,68.1202677094528,67.29629454175182,67.473412904973,1640400
2019-10-21,68.32049560546875,68.34359672630872,67.55042690996105,67.85075323119642,1327900
2019-10-22,68.10486602783203,68.62851288903111,67.8969442244029,68.62081055830787,1356600
2019-10-23,67.64283752441406,68.26659721941975,66.17971157045916,67.9970743265943,2968200
2019-10-24,67.44263458251953,67.8584724868209,66.91128517005232,67.65055059709054,1195400
2019-10-25,67.5196304321289,67.61973725782944,67.00368576287781,67.28860744954798,931800
2019-10-28,67.34249877929688,67.49651602910109,67.01907136744406,67.44261146045895,1244500
2019-10-29,67.43490600585938,67.71213116750961,67.00366947669546,67.14997851328631,1571200
2019-10-30,68.42060089111328,68.45910667509094,67.46571737507676,67.72753790561994,1125000
2019-10-31,68.27429962158203,68.95966035338911,68.16648458918372,68.48991793606177,1453100
2019-11-01,67.87385559082031,68.69012654290593,67.38871441885286,68.28199106686313,1270400
2019-11-04,67.01909637451172,67.71986190349591,66.7957756853352,67.66595731474017,1279700
2019-11-05,65.30951690673828,66.58783361887919,64.6087575270131,66.58783361887919,2275400
2019-11-06,65.9024887084961,66.05650011701749,65.4789485223243,65.4789485223243,1237800
2019-11-07,64.73967742919922,65.5867518510586,64.41624997496969,65.54825193993113,2025900
2019-11-08,64.67037200927734,65.02460290624857,64.50865241214285,64.55486052924896,978300
2019-11-11,64.80897521972656,65.1632060653712,64.431637381298,64.77046944024379,856700
2019-11-12,64.23143768310547,65.48664763886417,64.13132498484092,64.88599494991021,1435600
2019-11-13,65.3557357788086,65.4481402670831,64.50865546857096,64.50865546857096,1375600
2019-11-14,66.05652618408203,66.07962731696048,65.37116515793664,65.60988469789531,1309500
2019-11-15,66.58013916015625,66.61094261320443,65.89477848651858,66.07189687275611,1412300
2019-11-18,66.98827362060547,67.46571832291029,66.64174506056926,66.74955420703199,927000
2019-11-19,67.04988861083984,67.26550692976517,66.5878485166915,67.06528740140942,982800
2019-11-20,66.73414611816406,67.43490547251307,66.7110391255784,67.04987118161709,954000
2019-11-21,65.4943618774414,66.5339537107806,65.35574924131888,66.47234678913516,1969300
2019-11-22,65.29411315917969,65.81776000898522,64.93218000010216,65.63294520174703,2695100
2019-11-25,65.08619689941406,66.00258043335147,64.94758431339964,65.47893353898114,1808100
2019-11-26,65.74076843261719,66.0256900975775,65.13241344165617,65.24792492414514,3606600
2019-11-27,65.94097900390625,66.17200195814651,65.39423094570594,65.60215277955373,1316400
2019-11-29,65.53285217285156,66.44153357061352,65.50975104941703,66.04879684675102,762900
2019-12-02,64.30075073242188,65.57136554468121,64.23144735410408,65.34804486705849,2634400
2019-12-03,64.57025909423828,64.96299577490953,64.31613501408876,64.39314658394588,1802400
2019-12-04,64.8782958984375,65.30183608522667,64.19293514174859,64.19293514174859,1985200
2019-12-05,65.10159301757812,65.14009291826642,64.47783939995642,64.73195754500004,1489000
2019-12-06,65.02458953857422,65.48662948854422,64.81666774223585,65.10159521770977,1223800
2019-12-09,65.10929870605469,65.21710783379304,64.57794952280362,65.10159637545713,1066400
2019-12-10,64.79358673095703,65.4481440194483,64.59336720295266,65.34033486017485,1096700
2019-12-11,63.66926956176758,65.0168895584032,63.46135363307,64.8012712989666,1376700
2019-12-12,62.976200103759766,63.915684600564155,62.58346352924265,63.60765602986752,2147400
2019-12-13,62.38328170776367,63.476778108971715,62.02905072744949,63.099446002248236,1762300
2019-12-16,62.760581970214844,62.86839108886282,61.90580547582272,62.52186261823092,1991900
2019-12-17,61.690208435058594,63.05322754638302,61.628601524618595,62.97622184591219,1603800
2019-12-18,61.82881164550781,62.082935706066976,61.00483843791449,61.20505792882391,2775400
2019-12-19,61.882713317871094,62.02132590121753,61.62858926920976,61.882713317871094,2198600
2019-12-20,61.83649444580078,62.20612398517759,60.8508019654329,61.19733626814871,5480000
2019-12-23,61.38217544555664,62.15994647853313,61.2666639653866,62.15994647853313,1087000
2019-12-24,61.89811706542969,61.92892051699277,61.34367256276727,61.48227928206463,409400
2019-12-26,62.0598258972168,62.10603400850482,61.759499612052004,62.0598258972168,833900
2019-12-27,62.337039947509766,62.49875949544198,62.06751715954963,62.329343492965286,1008400
2019-12-30,62.15993881225586,62.49877087892388,61.99052277892185,62.144534150048834,1166000
2019-12-31,62.75553512573242,62.75553512573242,62.08083158678909,62.2669560888985,1265600
2020-01-02,61.86368179321289,63.18983593214668,61.53796242288841,63.065748981475565,1797800
2020-01-03,62.66249084472656,62.755550159679274,61.58451039004481,61.61552621716728,1326500
2020-01-06,62.84086608886719,63.166585564245054,62.1739133058782,62.53841144504583,1764300
2020-01-07,61.910247802734375,62.70903871091618,61.66207969614591,61.933512638227924,1194800
2020-01-08,62.042076110839844,62.391060422245936,61.76288629499759,61.98003261469858,2388900
2020-01-09,62.36003112792969,62.42206869388408,61.863689182749305,61.98777614824244,892800
2020-01-10,63.01923370361328,63.05025544835493,62.16615643199274,62.491875876590846,1291000
2020-01-13,63.81026077270508,63.83352559961558,62.86411836639681,62.86411836639681,1397500
2020-01-14,62.94169235229492,63.593131345529585,62.569437272736714,63.50782301306403,1223500
2020-01-15,63.64739990234375,63.78699477804337,63.00371209124039,63.30616666912422,1228100
2020-01-16,63.98863220214844,64.00414011398125,63.30616574566464,63.74046419527942,1021600
2020-01-17,63.98086929321289,64.20577245286461,63.58534953542597,63.94209064207619,1797400
2020-01-21,64.6012954711914,64.61680338235394,63.88780730508854,64.32210573593197,1577300
2020-01-22,63.895572662353516,64.9735530927438,63.670669461631384,64.85722303488166,1427400
2020-01-23,64.43070220947266,64.45396704304181,63.63191136736423,63.91885220377567,1308500
2020-01-24,64.18251037597656,64.58578114781807,63.80249851230456,64.56251632285687,1117900
2020-01-27,63.85679626464844,64.37640308592094,63.68618554610926,63.9421045823144,1198900
2020-01-28,64.15149688720703,64.42292974131448,63.771490891456615,63.96537234678942,1473500
2020-01-29,63.802494049072266,67.88176071600772,62.98043873505994,66.85031015840916,2311000
2020-01-30,65.12089538574219,65.13640329668969,63.46127082514984,63.56208703828785,1820300
2020-01-31,64.43070220947266,65.33030930264538,64.27559345768847,65.13642780051056,1514200
2020-02-03,64.24454498291016,65.04334140952943,64.10495603956139,64.64006473943931,1560500
2020-02-04,64.864990234375,65.13642313456127,64.33763234967303,64.36865409780766,815100
2020-02-05,64.60905456542969,65.3070289910511,64.39190828119024,64.80293602161383,976500
2020-02-06,65.04335021972656,65.1751881841634,64.73313871997522,64.77191145944899,1141500
2020-02-07,65.2992935180664,65.49317503791434,65.00459573794355,65.23725592847883,1517500
2020-02-10,65.87316131591797,65.89642614251444,65.40784111681997,65.71805261062126,1477800
2020-02-11,65.7568130493164,66.1445758299468,65.53190992653593,65.8033426896191,1265200
2020-02-12,65.7568130493164,66.12906200531891,65.32252062838333,65.64823994408314,1418200
2020-02-13,66.09030151367188,66.24540428792447,65.62498727412253,65.62498727412253,1202500
2020-02-14,67.05195617675781,67.05195617675781,66.26867350622723,66.36173872702429,939200
2020-02-18,66.90460205078125,67.36216530771419,66.26092019234464,67.2225704397947,879800
2020-02-19,66.18336486816406,66.90460405455039,66.17561387073044,66.84256649112176,1068500
2020-02-20,67.00544738769531,67.05973397086504,65.98175330735637,66.22992138995994,1023800
2020-02-21,67.47850036621094,67.5793165884498,66.77276906016225,66.83481254313641,1517400
2020-02-24,66.5323715209961,67.6181090271823,66.48584185767737,66.98217798905506,1059000
2020-02-25,64.76416015625,66.85807741531184,64.67109493172576,66.72623945149664,1270500
2020-02-26,64.6478271484375,65.59396951239407,64.64007023421716,65.08211967610599,1997300
2020-02-27,60.84775161743164,64.65558601405269,60.83999470297718,63.90332506535699,2179500
2020-02-28,58.24199295043945,59.839580301629965,56.846049903433524,59.839580301629965,3257500
2020-03-02,61.32083511352539,61.34409994476316,58.34281837922476,58.59873743963354,2325400
2020-03-03,60.92530822753906,62.87187974681088,60.49101564958236,61.33633597693274,2805400
2020-03-04,62.84086608886719,62.95719616344311,61.13471138439832,61.801664167387315,2379500
2020-03-05,61.553497314453125,62.398817767210744,60.66164128087307,61.98003304056984,1623600
2020-03-06,60.21181106567383,60.64610353682732,58.42034870537454,59.948135184413836,2233500
2020-03-09,57.75340270996094,58.614236753295344,56.690930317854836,56.7297089715081,3436000
2020-03-10,61.98778533935547,61.98778533935547,58.26525865770165,59.05629838802979,4259800
2020-03-11,58.24199295043945,60.51428403680529,57.90851658224266,60.498776122448845,3700900
2020-03-12,54.29456329345703,58.88567464145416,52.96841487622098,54.565996141992066,5119200
2020-03-13,57.08644485473633,57.55951598522743,53.736174208000584,57.38889939170063,4670800
2020-03-16,47.43115234375,53.38718707965861,47.38461973608975,53.177797741177024,4111800
2020-03-17,51.54144287109375,51.867162280194925,47.190742751496686,48.90465698173523,3220800
2020-03-18,47.20624923706055,50.18426808796053,45.45356243052685,48.23769985352552,3663700
2020-03-19,47.00461959838867,48.80383923253211,45.76377653313364,46.91931128634285,3510900
2020-03-20,43.3097038269043,47.94695040146229,42.78487859640138,47.226298428980115,3495100
2020-03-23,40.2547492980957,43.395859097589124,38.86827477910313,43.30969355867239,3682000
2020-03-24,40.8500862121582,42.651719277790946,39.66727287293044,41.58640498141686,3835100
2020-03-25,42.74571228027344,45.338498923873644,39.30694277560205,40.48192112962414,3843900
2020-03-26,46.39597702026367,46.51347604780832,41.78222928358459,42.745711149827684,3252400
2020-03-27,49.09843063354492,50.46923875719467,44.65701075909496,44.86850722817587,2830600
2020-03-30,49.02009963989258,50.04624551671189,46.48214501437759,49.732919740359435,3550300
2020-03-31,48.3386116027832,48.97310102689806,46.24715144424198,48.3386116027832,5240400
2020-04-01,45.1974983215332,46.96779761084921,42.98853939972662,46.27064431123196,2907300
2020-04-02,42.74571228027344,45.47949656540625,41.703899693531916,44.06952015008017,3175700
2020-04-03,42.50288391113281,43.411533752205926,41.35140711367891,42.27572369195797,2757900
2020-04-06,47.08530044555664,47.367295732977546,44.24185194822851,44.727508838717554,2530800
2020-04-07,47.53179168701172,49.93658050111342,47.461292865602815,48.996597211702856,2742400
2020-04-08,51.1115608215332,51.53455376617166,47.51612676835554,48.04095201184206,3264600
2020-04-09,54.37800216674805,55.31015366550986,51.91054618406943,51.91054618406943,3806000
2020-04-13,52.09072494506836,54.00202563740803,51.80872956501001,53.75136374138406,1482700
2020-04-14,53.9863395690918,54.746159892286585,53.15602341034245,53.47718106606185,1580600
2020-04-15,51.69121551513672,53.24218965602453,50.9627286571249,52.37270514884109,2252300
2020-04-16,51.095890045166016,52.52935896589664,50.578896747403704,51.769538742593596,2300400
2020-04-17,54.667823791503906,54.94981905835243,51.95754126123627,52.357029575731175,1790400
2020-04-20,51.3935546875,54.268333682227784,51.33872260229058,53.665180744924186,2056000
2020-04-21,49.98358154296875,51.276055972801316,49.756418338191516,49.77991694967725,2757700
2020-04-22,51.43272018432617,51.80087503540717,50.602398113247816,50.89222824835284,1703500
2020-04-23,49.98358154296875,51.64421682274204,49.568420481932016,51.56588612570657,1989100
2020-04-24,50.12458038330078,50.58673867832866,47.89995446982965,48.58144111228614,2210600
2020-04-27,51.15073776245117,51.47189547413489,50.24991963492327,50.798240594505344,1375600
2020-04-28,50.81389617919922,52.866187750618785,50.41440189055515,52.53719526644064,1962100
2020-04-29,51.558048248291016,52.54503170672194,50.563235903988705,51.456218945724245,2047000
2020-04-30,50.96272659301758,51.08806048776017,49.78775121105101,50.98622520421956,1843100
2020-05-01,48.8086051940918,50.202908990590416,48.61277545521214,49.61542276207611,2073100
2020-05-04,48.95743179321289,48.99659714102256,47.116633553037886,48.221113094767794,2262600
2020-05-05,48.88693618774414,49.787754187245895,48.597109009138016,49.51359075829442,2763300
2020-05-06,47.798118591308594,49.670250243268235,47.64145421710969,49.09059295516962,2807300
2020-05-07,49.38825988769531,50.21074419902496,47.90778752967702,48.4717781377315,5138300
2020-05-08,50.304744720458984,50.97056464323495,49.505759020252995,50.304744720458984,2169300
2020-05-11,49.74858856201172,50.649409598768734,48.77727467171472,50.649409598768734,2387200
2020-05-12,47.08530044555664,50.16374401969402,46.69364098816638,50.01491151348603,3823600
2020-05-13,45.91814422607422,47.147954422857055,45.79281334576908,46.70146297501228,3524500
2020-05-14,45.05649948120117,45.33065987657943,43.70919013677268,45.05649948120117,3291300
2020-05-15,44.751007080078125,44.907671448903415,43.46636463433447,44.711841734902876,5298400
2020-05-18,47.35945129394531,47.993940562342544,46.38813770937612,46.403804443078705,2779600
2020-05-19,45.21316909790039,47.257631960786156,45.197502360897964,46.96780180842814,3056400
2020-05-20,46.160980224609375,46.583973122180076,45.1739967969444,45.824152878928,3141400
2020-05-21,45.377662658691406,46.68580374537913,45.34632918654785,45.988650424868965,2463200
2020-05-22,44.962501525878906,45.636153201992954,44.484676566913464,45.44815835828062,2835300
2020-05-26,47.21062469482422,47.94694329515852,46.16097737751306,46.583970248994596,3796700
2020-05-27,47.10096740722656,48.87126684830486,46.521310092747655,48.80076802611317,4037600
2020-05-28,47.68061828613281,48.0017788999798,46.66230436331,47.9782802903231,4583200
2020-05-29,47.43779754638672,47.77462494003353,46.70147580765893,47.31246663164311,5723700
2020-06-01,47.860774993896484,48.260269234454796,46.84246120451816,47.422118401125225,3035300
2020-06-02,47.35945129394531,48.43260014164329,47.24195527336177,48.32293300572517,3076700
2020-06-03,48.27593994140625,48.80859698057329,47.75111477570159,47.93127774657806,6278700
2020-06-04,48.29945373535156,48.73811349026459,47.0383095545861,47.939127680311465,3720700
2020-06-05,52.01237869262695,52.2630405138053,50.39090872957495,50.39090872957495,4172300
2020-06-08,53.398860931396484,53.665192529648664,52.00455390738619,52.91320692039312,3252400
2020-06-09,51.221221923828125,51.99670595437673,50.915728033725685,51.448385119897694,2145300
2020-06-10,50.61806869506836,51.43272105575526,49.85041355526281,50.97055980417619,2025300
2020-06-11,48.29945373535156,49.17677025705249,47.86862884448839,48.268120255402394,2959500
2020-06-12,49.79557418823242,50.06190269072538,47.6806129023323,49.98357200863145,4423900
2020-06-15,49.61542510986328,50.29691179673735,47.84512550139595,47.986120170986425,2981500
2020-06-16,50.67289733886719,52.03587043815719,50.187237509810544,51.46404505916714,2406800
2020-06-17,48.97310256958008,51.27605927537077,48.9261023554569,50.9392318777998,1665400
2020-06-18,48.51877212524414,49.05142922216719,48.00178176506878,48.401276081823305,3533600
2020-06-19,47.12895584106445,49.45455270566101,47.11313508474058,49.248885890951364,6981700
2020-06-22,46.89955520629883,47.3899865384758,46.583146143119876,47.10521898511483,2840500
2020-06-23,46.48822784423828,47.42163132587864,46.16390988993955,47.42163132587864,2805900
2020-06-24,45.46780776977539,46.15599399994019,44.81126304887113,45.85540871446616,4946900
2020-06-25,46.195556640625,46.25883665431026,44.985294317946135,45.18304926415172,3591200
2020-06-26,45.0881233215332,46.36166553323978,44.91409802030601,46.02943568703338,3305400
2020-06-29,45.618106842041016,45.64183948608157,44.542322533062155,45.214688103361546,2309600
2020-06-30,46.52779006958008,46.65435313231689,45.36498985615336,45.720949413069846,3317000
2020-07-01,48.11772155761719,48.20473117501328,46.314194898631506,46.62269204599085,1901600
2020-07-02,47.92789077758789,49.193521276331296,47.619393532113,48.79010249782594,1509500
2020-07-06,47.13685989379883,49.066946705574885,46.95492574091629,48.90083330739957,3345900
2020-07-07,45.5548210144043,46.73344160120537,45.4994498812157,46.32211102787548,1762800
2020-07-08,45.46780776977539,45.74466644955462,45.198860976061496,45.61810041251241,3393400
2020-07-09,44.85871887207031,45.57063768860385,44.5502217240725,45.3333324222594,2638000
2020-07-10,44.850826263427734,45.483641542254496,44.68471281851719,44.771722467636096,3866600
2020-07-13,45.103939056396484,45.444077734109165,44.6688788692641,45.175130942836354,1679900
2020-07-14,45.103939056396484,45.91868829870806,44.77170924717695,45.00901754697678,1745800
2020-07-15,45.657657623291016,46.21136899412042,45.34124853924508,45.88705104084863,2094600
2020-07-16,45.26214599609375,45.641835071509185,45.009019945816796,45.317517130998056,1733900
2020-07-17,45.072303771972656,45.48363439293056,44.84290732648638,45.309609087044315,2035900
2020-07-20,43.64055633544922,44.929919318969596,43.53772594484692,44.69261400738628,3426100
2020-07-21,43.165950775146484,44.17845516599069,43.078938113276855,43.72757411584906,2954900
2020-07-22,44.05979919433594,44.210091855472974,42.54895164342921,42.85744885273727,2916900
2020-07-23,43.371612548828125,44.23382114390167,42.77043587386766,43.85413204169016,2014500
2020-07-24,42.984012603759766,43.48235588267412,42.58059386582964,43.30042170537224,3184900
2020-07-27,42.185089111328125,42.77835398564269,41.702566530752094,42.77835398564269,2045700
2020-07-28,43.23713302612305,43.55354208637476,41.98732357487969,41.99523244351079,2456400
2020-07-29,42.39073944091797,43.371605048466364,41.66299985773685,42.92072111146815,3319300
2020-07-30,42.67551803588867,42.73088917947964,41.67883141624919,41.76584407546386,2100900
2020-07-31,42.42238998413086,42.70715757657342,41.59181985117397,42.56477378035214,2452200
2020-08-03,41.3940544128418,41.9240360618271,41.25167065274124,41.623447788559254,2292600
2020-08-04,42.28791427612305,42.477760340076266,40.887808984158156,41.40988188815347,4036200
2020-08-05,42.17716598510742,42.96818560675985,42.066423720876145,42.93654409769366,2921000
2020-08-06,42.430294036865234,42.74670310754677,42.04269609365591,42.04269609365591,2047600
2020-08-07,43.6563720703125,43.901589240659575,42.17716621467147,42.17716621467147,3007100
2020-08-10,43.79085159301758,44.27337409852782,43.38742985144313,43.72756856786836,2269200
2020-08-11,43.30833053588867,44.518589766085846,43.09475484511844,44.28128444884142,2467400
2020-08-12,43.36369705200195,43.727565367476494,42.77043231340196,43.47443932040721,2303300
2020-08-13,42.327457427978516,43.42697720563136,42.18507667621443,43.04728514259279,1841300
2020-08-14,43.023555755615234,43.569361213281816,41.947768611953904,42.390740676255724,2100100
2020-08-17,43.814579010009766,43.82249089650494,42.74670366320437,43.047288965008505,2656200
2020-08-18,43.79875183105469,43.94113559208034,43.07101529025702,43.869943711567515,2148200
2020-08-19,42.83372116088867,43.735483203433546,42.66760471818232,43.735483203433546,2642800
2020-08-20,43.703834533691406,43.90949830967918,42.65177697796434,42.74670150611293,1570600
2020-08-21,43.260860443115234,43.956958529666174,42.541032734380835,43.798754007609105,1969300
2020-08-24,44.22590637207031,44.312919012162524,42.68341752566374,43.18966959438172,2327200
2020-08-25,44.74007797241211,44.75589872945072,44.04397975021734,44.19427241583289,1784300
2020-08-26,43.44279861450195,44.463214707987305,43.21340520462974,44.463214707987305,1703500
2020-08-27,44.79544448852539,44.91409562781393,43.53772310006333,43.53772310006333,1802800
2020-08-28,45.111854553222656,45.135587197189935,44.368297088099254,45.056483413133726,1711600
2020-08-31,44.65306091308594,44.99319961211436,44.30501032756817,44.89827507924557,2143500
2020-09-01,44.914093017578125,44.95364641254283,44.107252643804216,44.834992262649465,2320300
2020-09-02,45.63391876220703,45.6892898917447,44.581864283490994,44.93782370016193,2137200
2020-09-03,45.40451431274414,46.74924486529097,45.119746848793206,45.807932875008284,1990800
2020-09-04,45.966148376464844,46.51986268716787,45.285871053386856,45.633918583042934,2128700
2020-09-08,45.39662170410156,45.839593838052394,44.945740700571605,45.72885155893989,2133700
2020-09-09,44.96156311035156,45.9898881909919,44.69261627226093,45.42826488769999,2433000
2020-09-10,44.146812438964844,44.850819519394804,43.64055727452566,44.73216535229952,6098400
2020-09-11,43.245052337646484,44.28128939357781,42.91282545990583,44.11517595470748,2723900
2020-09-14,45.03276062011719,45.19096519473536,43.506092057429115,43.514000928284446,2311300
2020-09-15,44.558135986328125,45.412435594237756,44.2496358043743,44.95364579049933,2556500
2020-09-16,44.98529815673828,45.388719971223985,44.62933861969244,44.72426317457218,3449900
2020-09-17,44.12308120727539,45.34125236077336,43.81458398395468,44.57396222866735,3366100
2020-09-18,42.97608947753906,44.29709055092568,42.92862722279171,43.83829780753403,4987100
2020-09-21,41.15675354003906,42.65969215931521,41.04601126614516,42.382836474580444,4023200
2020-09-22,41.65509033203125,42.098062376431,41.13301753782806,41.13301753782806,4262500
2020-09-23,40.539756774902344,42.16925832864249,40.468564886207375,41.528531330387764,3268200
2020-09-24,40.43008804321289,41.04642515141327,40.02986937971338,40.598182202486505,3578800
2020-09-25,41.278564453125,41.286570538591384,40.10992635604243,40.34205397973645,2776000
2020-09-28,42.05497741699219,42.35113836966789,41.51868282619591,41.942916681029814,2193500
2020-09-29,40.89434814453125,41.99094656126259,40.52614766204138,41.86287669546496,2947700
2020-09-30,41.08646774291992,41.58273825152756,40.574185060810095,41.24655283681259,3102100
2020-10-01,42.7753791809082,42.82340653045637,41.04643429172217,41.23053455151666,3141800
2020-10-02,44.09611129760742,44.37626326032459,41.646770931774554,41.870895555375675,6450200
2020-10-05,44.50432205200195,45.152677501081435,43.68787852069293,44.824498260950826,2751400
2020-10-06,44.176143646240234,44.95256898287853,43.920003895613995,44.672417084826925,2367100
2020-10-07,43.831966400146484,44.504334179417796,43.48778100386199,44.38427035841459,1748400
2020-10-08,44.97658157348633,44.9845876583248,44.0240620572984,44.168141050123694,2096200
2020-10-09,44.552345275878906,45.15267332202537,44.21616303568153,45.08063383435074,1666200
2020-10-12,44.30421829223633,44.66441580953642,43.799944821443205,44.616391509514415,1254300
2020-10-13,42.823402404785156,44.29620739467558,42.69533253842192,43.847961335691025,1864100
2020-10-14,42.27109909057617,42.91144838318715,41.99895025953822,42.799387638658516,1711800
2020-10-15,41.87089157104492,42.59128357237865,41.718806474247025,42.006964496151355,1820800
2020-10-16,41.502681732177734,42.1430341529873,41.31858147989431,42.030970341946976,2609100
2020-10-19,40.590179443359375,41.86287501965002,40.55015818441717,41.71879604471702,1738600
2020-10-20,40.750274658203125,41.13448430739912,40.56617439213589,41.006414424333784,1683500
2020-10-21,40.43008804321289,40.974385669846306,40.24598782441425,40.43008804321289,2626100
2020-10-22,40.6222038269043,40.814310173731435,40.10992430660098,40.510143063516296,3159000
2020-10-23,41.07044982910156,41.17450450716678,40.358057878731294,41.08645894574855,2574000
2020-10-26,40.582183837890625,41.054442108036596,39.86979491673059,40.8783448723604,2212200
2020-10-27,39.77374267578125,40.79029877965012,39.77374267578125,40.46211949048199,2135500
2020-10-28,37.012229919433594,38.7331686461631,36.451923080306486,38.7331686461631,6954800
2020-10-29,37.02823257446289,37.428451272236025,36.36387112394119,36.82012019512845,4435500
2020-10-30,37.604557037353516,37.73262692766008,36.93218934988731,37.012234939720805,2926500
2020-11-02,39.469573974609375,39.50959523867091,37.2363526309109,37.780650371742645,3289300
2020-11-03,42.046974182128906,42.399168580069265,40.02186860767686,40.02186860767686,3740200
2020-11-04,40.63020324707031,41.76682600346165,40.38206959403163,41.72680474201282,2851900
2020-11-05,41.670780181884766,42.03898072409148,40.59018765137337,40.88635174497295,3021600
2020-11-06,41.2385368347168,41.878886169191524,40.93436975580637,41.598734289554606,2433200
2020-11-09,47.44993209838867,53.96549259557674,46.08919084632017,46.10519690865545,10968000
2020-11-10,49.17887496948242,50.25146125587859,47.73008516448958,47.73008516448958,9555200
2020-11-11,47.69806671142578,49.18688082400619,47.22580850424626,48.82668336879698,4562400
2020-11-12,46.84160232543945,47.65004284759504,46.2252650911463,47.39390309482733,2484000
2020-11-13,48.14630126953125,48.37042271992436,46.72952698649098,46.98566665934762,1928000
2020-11-16,50.22745132446289,50.37953334477748,48.602564234807865,49.60311107394059,3103100
2020-11-17,50.02734375,50.37153211927414,48.762651034355166,49.49905512213707,3169600
2020-11-18,47.99423599243164,50.435569971673274,47.978226874611046,50.179430193397714,2116900
2020-11-19,47.9141845703125,48.19433644664686,46.87361653237945,47.69806609995752,3092600
2020-11-20,48.474491119384766,48.594554899994414,47.84214482652413,47.986223805996836,2894900
2020-11-23,48.29039764404297,49.130856439744434,48.05827002755178,48.82668932342587,2688800
2020-11-24,49.050804138183594,49.87525675741074,48.56253682325937,49.12284362814662,3999000
2020-11-25,48.38644790649414,48.95475780361422,48.0982899154398,48.82668792463748,1706700
2020-11-27,47.385894775390625,48.30639595498026,47.06571859344775,48.27438077952707,1470000
2020-11-30,46.36133575439453,47.49795852402123,46.08118386756395,47.297849161020366,5918900
2020-12-01,47.21780776977539,47.59401130491071,46.77756471787241,47.20179865394013,2048700
2020-12-02,48.31441116333008,48.754651206573286,46.977678862710334,47.21781257123112,2927800
2020-12-03,49.58709716796875,49.92327940779722,48.17832564463888,48.39444410742561,3164200
2020-12-04,50.723724365234375,50.87580944696164,49.87526255528984,49.963308116878444,3159500
2020-12-07,50.195430755615234,50.75573757012618,49.97931228201416,50.27547633107479,2013700
2020-12-08,49.93929672241211,50.30749725128292,49.555087076621675,49.89927545682647,2034700
2020-12-09,49.042808532714844,50.275483079412076,48.59456241025397,50.075373694042796,2260600
2020-12-10,47.8581657409668,49.290949804857696,47.83415053618265,48.666606388732056,2850600
2020-12-11,47.177791595458984,48.01825352801115,46.8336031791672,47.47395570938355,2352400
2020-12-14,46.345333099365234,47.946208121057616,46.345333099365234,47.521974163978925,2201500
2020-12-15,47.48195266723633,47.489958752224695,45.937108034573534,46.59346654598784,3224600
2020-12-16,47.26583480834961,48.186339175052936,46.625485404890554,47.385901657372415,4229000
2020-12-17,47.73809051513672,48.18633660032041,46.93765304022584,47.62602975719746,3216400
2020-12-18,46.14522171020508,47.91418779924433,45.74500297222733,47.52197209251841,5468700
2020-12-21,46.31331253051758,46.39335505619492,44.88853481015981,45.34478392405924,3801700
2020-12-22,46.3053092956543,46.425376144986195,45.84105712198638,46.32932449757677,2737400
2020-12-23,45.680965423583984,47.033703626587666,45.64094416142204,46.42537250281707,1332400
2020-12-24,46.58547592163086,46.64150631776501,45.66497132212259,46.00915978604811,638100
2020-12-28,47.56199264526367,47.58600784551378,46.52142455274837,46.72954000330739,1648200
2020-12-29,46.71352767944336,47.88216556380243,46.657497305085485,47.6420349517792,2182000
2020-12-30,47.19379806518555,47.35388618875428,46.705530662343044,46.737548897742194,1357300
2020-12-31,47.940223693847656,47.98066157400972,46.759510398575515,47.42265091153533,1423100
2021-01-04,46.50072479248047,48.58719357700168,46.274287467640214,48.02109717992387,4564500
2021-01-05,46.13680648803711,46.6786426366665,45.92654369385289,46.45220222180206,2481700
2021-01-06,47.39839553833008,47.75422609161267,46.338986519384655,46.5815984004854,2667600
2021-01-07,46.82421112060547,47.17195593132842,46.51690110729691,47.13960685940599,2243700
2021-01-08,47.115352630615234,47.22048559221956,46.57351945345811,46.897004065327785,2095600
2021-01-11,46.945526123046875,47.20431258696033,46.1610810039871,47.026398821131075,2628800
2021-01-12,47.349876403808594,47.53587896640008,46.44412385576119,46.945522202093784,2550500
2021-01-13,48.17475891113281,48.344586933927104,47.204308218771864,47.479269196857835,1679700
2021-01-14,48.837894439697266,49.23416286973699,48.1747538710409,48.46588935678806,3212700
2021-01-15,49.808349609375,49.881133487502765,48.58720130409553,48.89450826954371,3297400
2021-01-19,48.773193359375,50.107560057725436,48.73275548080744,50.107560057725436,2090800
2021-01-20,49.873043060302734,50.487663141242365,48.42545744106933,48.77320228252733,2321300
2021-01-21,49.98626708984375,50.13992057456091,49.015816397211545,49.420170595393486,2282400
2021-01-22,49.784095764160156,50.30975443177012,49.476785674109706,49.73557214415912,1721700
2021-01-25,49.873043060302734,50.277397240139706,48.99963963604321,49.509126766431514,1626200
2021-01-26,50.64940643310547,51.02949727189383,49.873044047862415,49.98626581183988,2258400
2021-01-27,49.16946792602539,50.81114800312483,48.95920510872498,50.228876993712014,2372300
2021-01-28,50.431053161621094,51.26402177430105,49.031988087371914,49.21799063753455,2493700
2021-01-29,49.84878158569336,51.01332356971843,49.40399261567378,50.00243814468416,3771700
2021-02-01,50.27739715576172,50.27739715576172,48.82172272778712,50.02669953906917,2432400
2021-02-02,50.042877197265625,50.71410357233999,49.80835101833336,50.358272983081825,1897100
2021-02-03,51.013328552246094,51.118458425534016,49.403997441016315,49.7921771119461,2651400
2021-02-04,51.8543815612793,52.33960533670901,50.32592019022287,50.843493040008575,4483700
2021-02-05,52.53369140625,52.671170339021955,51.611764420671896,52.15359751097652,3066400
2021-02-08,53.439449310302734,53.66588666137058,52.02420969617367,52.53369373607631,3881000
2021-02-09,53.32623291015625,54.595904828495435,53.14831607816708,54.595904828495435,1925700
2021-02-10,54.02980422973633,54.240070133540996,53.075528106260016,53.37475242436839,2179800
2021-02-11,54.7980842590332,54.84660478984054,52.65500571234534,54.498859922491526,3302600
2021-02-12,54.57164764404297,54.814256471393485,53.91658961929849,54.35329291247625,1974100
2021-02-16,54.329017639160156,54.58780401882159,53.811444879837275,54.57163256944762,1983200
2021-02-17,54.070247650146484,54.23198687273115,53.58502381243664,54.23198687273115,1479800
2021-02-18,53.77101516723633,54.08641092253422,53.49605729644531,53.81954186263556,1202000
2021-02-19,54.15920639038086,54.49886246176912,53.64971611334258,53.86807085206067,2193200
2021-02-22,54.0864143371582,54.66868535907005,53.66588869353037,54.02980499724762,2122200
2021-02-23,55.41269302368164,55.74426640634542,54.08641183293658,54.52311507915093,2543300
2021-02-24,56.08392333984375,56.447845802569894,55.18625656972309,55.54209022128951,2713700
2021-02-25,53.96512222290039,56.205242107212825,53.63354876831476,56.003064977330766,2885300
2021-02-26,52.897605895996094,54.11066818619067,52.86525682786311,53.96510046456917,3725400
2021-03-01,53.98128890991211,54.789997358000676,53.6416328425043,53.84380995452644,2725900
2021-03-02,54.18345642089844,54.51502978744041,53.31813878157183,53.64970597815908,2957800
2021-03-03,55.453128814697266,55.85748297148227,54.19962846068184,54.2481551550653,4312100
2021-03-04,54.76573944091797,55.84132320380214,54.143030454003515,55.477400684578406,2336100
2021-03-05,55.68766403198242,55.857492065085566,54.19155464230216,55.04069480781787,1889000
2021-03-08,57.3616828918457,57.94395388474038,55.50165123898271,56.011141442743046,3717600
2021-03-09,57.28081512451172,58.0005650776598,57.03820014639104,57.345513274671255,2493300
2021-03-10,57.75794982910156,58.17039282199347,56.027314425145946,57.54769009700034,1830900
2021-03-11,57.911598205566406,58.671785934025955,57.32932727908286,57.32932727908286,2377500
2021-03-12,59.391544342041016,59.43197605834654,58.251262585005094,58.251262585005094,2740800
2021-03-15,60.70164489746094,61.06556734566796,58.995269838189145,59.49667122085098,3464500
2021-03-16,59.66649627685547,61.566959512510984,59.30258001660713,61.566959512510984,4730300
2021-03-17,59.74736785888672,60.111290301195694,59.108487552124316,59.67458707239779,2773900
2021-03-18,59.4400634765625,59.812068575613054,59.132756526030754,59.512844266179876,2998100
2021-03-19,57.76603317260742,59.270231079643594,57.72559529028582,59.25405345873312,4741400
2021-03-22,58.251277923583984,58.43728361142452,57.224220743644906,57.539616595671056,1873400
2021-03-23,58.073341369628906,58.55048247764285,57.725596551908474,58.43726380861339,2899500
2021-03-24,57.84691619873047,58.687973752676996,56.690462833298504,57.00585864478395,3121500
2021-03-25,58.31595230102539,58.48578029283945,57.1271501883727,57.62855152369584,2669100
2021-03-26,59.2725715637207,59.34596609255527,58.31024833532134,58.6690826238045,3082000
2021-03-29,58.94636917114258,59.329668367799314,58.391809822742836,58.93821214811133,2530900
2021-03-30,59.39491271972656,59.53355100275781,58.83219634250072,58.96268382440232,1344700
2021-03-31,58.4162712097168,59.25627031658529,58.236860267555,58.84850629697317,2316700
2021-04-01,59.13394546508789,59.22365405565495,58.253173606058084,58.726181406868804,1753800
2021-04-05,58.840354919433594,59.49277368021344,58.122686193994284,59.38675726485798,2412300
2021-04-06,58.391807556152344,58.8240364302477,58.08190913483508,58.64462548442316,3748400
2021-04-07,58.995296478271484,59.174713645786106,58.21239029255927,58.63646836522752,1717700
2021-04-08,58.52228927612305,59.07684854845697,58.37549399162334,58.807722823210064,1482500
2021-04-09,58.465213775634766,58.79142005085455,58.13900127842911,58.538608320963455,1621000
2021-04-12,58.53860092163086,58.742482928865286,57.82093849608031,58.57122278942658,1713000
2021-04-13,58.83218002319336,58.88926672519378,57.91063577033411,58.179755238631,1344200
2021-04-14,58.22054672241211,59.13394037410143,58.179767831306656,58.815884933831576,1089000
2021-04-15,58.90559387207031,59.00345325613747,58.38365019510936,58.48151580116178,1974100
2021-04-16,59.2236442565918,59.38674736409831,58.62830609242204,59.199173190679566,2071200
2021-04-19,59.55799102783203,59.60692070215966,58.970810047968435,59.47643949662498,1429400
2021-04-20,60.42247009277344,60.626352104783585,59.394909232071676,59.427531100631526,2100500
2021-04-21,61.0585823059082,61.286929145551305,60.05548014949348,60.53664489472835,1626800
2021-04-22,60.33277130126953,61.24615878704448,60.259370537170845,61.0667416103428,1688200
2021-04-23,60.82207107543945,61.0911967704066,59.98207835052744,60.39799309149414,2009000
2021-04-26,60.93625259399414,61.51527672202028,60.871008861318984,61.164599436372356,1609200
2021-04-27,60.65895080566406,60.96069830810631,60.26750097642408,60.96069830810631,2088500
2021-04-28,60.04732131958008,60.67528133167644,59.859753373514074,60.536643072065125,1747400
2021-04-29,59.973934173583984,60.838391924628674,59.541705298061636,60.406163049106326,3295500
2021-04-30,60.53664016723633,60.64265655679584,59.62324665800891,59.88421534321899,1872900
2021-05-03,59.85976028442383,60.98518675670582,59.68850014007561,60.94441408728116,1641400
2021-05-04,58.98713684082031,60.300137309677446,58.61199473857319,59.90052414299269,2865100
2021-05-05,58.66093063354492,58.75879623570282,57.88618150457955,58.71801734597411,1971900
2021-05-06,60.00654983520508,60.161495919354266,58.87296644882032,58.95451800184379,1499600
2021-05-07,60.38985824584961,60.67529183622587,59.761898125036204,59.770055148185705,1593000
2021-05-10,60.83839416503906,61.384796491123424,60.48771683806236,60.78130744771661,1089600
2021-05-11,60.504024505615234,60.96887521823079,59.9005293038453,60.48771046125125,1464100
2021-05-12,58.70170593261719,60.76499069818895,58.40811536608682,60.76499069818895,2618700
2021-05-13,60.20226287841797,60.65895646244811,58.644607991753205,58.718002508336575,1951000
2021-05-14,60.40615463256836,60.64265848323808,59.9657687956645,60.308289039261574,1652100
2021-05-17,60.324623107910156,60.626364565633104,59.998410577248734,60.389866858439746,1709300
2021-05-18,60.748695373535156,61.058600079246794,59.71297727167469,59.957632004514544,2147900
2021-05-19,59.94131088256836,60.44694050679856,59.2562703161776,60.398004593495536,1792500
2021-05-20,60.77315139770508,60.91179590369563,59.75374127063552,59.900536577812964,1304700
2021-05-21,61.16459655761719,61.30323481653817,60.69974587265868,60.838384131579666,2522700
2021-05-24,62.126930236816406,62.58362397685539,61.466354473976374,61.59683573313656,2591900
2021-05-25,62.11060333251953,62.371571992656854,61.84962845039856,62.151375991363196,2043500
2021-05-26,62.298179626464844,62.68147875862832,61.90672969462709,61.98012422360249,1902000
2021-05-27,62.54283905029297,62.763028854098536,62.371578931336565,62.53468202882333,8639200
2021-05-28,63.16264724731445,63.42361598378758,62.55100118789442,62.869056641034,2286500
2021-06-01,64.60612487792969,64.63058972079229,63.47254153074332,63.798753953541684,2165200
2021-06-02,65.24223327636719,65.30747700291977,64.53272174957237,64.93233490821876,2736600
2021-06-03,64.8426284790039,65.19330574331336,64.61428165052044,65.03019642155057,2279100
2021-06-04,64.32884216308594,65.07913260237679,64.24729061285429,64.95680216603706,2774400
2021-06-07,64.80184936523438,65.0546610355973,64.33699868831754,64.57350253755374,2459400
2021-06-08,64.97312927246094,65.62555431193438,64.87526987193033,65.03021599676589,1471500
2021-06-09,64.7121353149414,65.29115935667296,64.5734970701572,65.29115935667296,1510000
2021-06-10,65.8946762084961,66.91408638361524,64.59798323031185,64.8507949627059,3180300
2021-06-11,65.85389709472656,65.98438458326316,65.3972033288203,65.89467599039072,1974000
2021-06-14,65.98436737060547,66.00883221282771,65.26669881483677,65.41349409015451,1285100
2021-06-15,65.00572967529297,65.93543100517194,64.9649570125345,65.75601386747876,1640600
2021-06-16,64.5816650390625,65.34010633649179,64.52457832729836,65.02205091066514,3237000
2021-06-17,64.41854858398438,64.57350087963975,63.89661121354803,64.56534385829362,2450900
2021-06-18,63.3094367980957,64.85894125223402,63.23604226418702,64.12496480322271,4093000
2021-06-21,64.7203140258789,65.05467732959099,63.51332963470688,63.70090384555948,1898200
2021-06-22,64.47563934326172,64.88340332842677,64.24729250708684,64.78554395405732,2144700
2021-06-23,64.45932006835938,64.78553244292674,64.29621077008393,64.53271458609568,1571400
2021-06-24,64.01893615722656,64.60611720412234,63.63563707261495,64.41039226248499,1921200
2021-06-25,64.57205200195312,64.59670623059353,63.7995193970886,64.02141999515167,2378700
2021-06-28,63.88991928100586,64.67888590953959,63.314633073788364,64.57204883395616,1358700
2021-06-29,63.74197769165039,64.2433011382834,63.692669244489245,63.807726467964194,1593800
2021-06-30,63.28176498413086,64.33372059363008,63.125613167981754,63.88992564521946,2074900
2021-07-01,64.12003326416016,64.68710557124737,63.19135517398994,63.380381366402126,1867600
2021-07-02,64.47342681884766,64.82681871542253,64.11182102641371,64.26796655967969,1661800
2021-07-06,64.85148620605469,64.97475735872756,63.79131040201667,64.44056564341128,2081300
2021-07-07,65.3938980102539,65.58292422771045,64.37481677175603,64.59671111645267,2264800
2021-07-08,66.04312133789062,66.0595553935695,64.56380552090566,65.08978308468984,1388200
2021-07-09,67.15262603759766,67.19372059484958,66.1417651387512,66.52802513423333,1431400
