Date,Close,High,Low,Open,Volume
2016-07-01,18.27333641052246,18.29843044068569,18.092660198589382,18.29341109782493,6345452
2016-07-05,18.172962188720703,18.23318759899121,18.007342645994413,18.092662089050165,6191092
2016-07-06,18.383750915527344,18.408844948943084,18.062550508774983,18.177981988831018,7587203
2016-07-07,17.9169979095459,18.33355626851824,17.85677252378665,18.29340556398878,5895971
2016-07-08,18.12277603149414,18.137831377979374,17.751386213566445,17.942099795037116,6905271
2016-07-11,18.268321990966797,18.283378681536565,17.952139541425588,18.097684418768484,5853070
2016-07-12,18.28338050842285,18.408849363519437,18.223155082196673,18.268323816348612,8805261
2016-07-13,18.443979263305664,18.45401660985566,18.203078919893805,18.368697151074706,8085194
2016-07-14,18.263301849365234,18.40382871842981,18.203077773856887,18.338583956856553,7905037
2016-07-15,18.313491821289062,18.368697900602026,18.22817370109741,18.3034544743295,4535049
2016-07-18,18.403820037841797,18.494157450565176,18.258275235503064,18.313481283048468,6585054
2016-07-19,18.358665466308594,18.39379820317446,18.26832797742804,18.348628116663097,3945088
2016-07-20,18.193038940429688,18.36869449273954,18.18801959684576,18.34360180103133,4439433
2016-07-21,18.298437118530273,18.323529815780567,18.193042958624265,18.218135655874555,7255911
2016-07-22,18.775217056274414,18.800311091875663,18.363677824969148,18.368695826847055,7566594
2016-07-25,18.820383071899414,18.820383071899414,18.659782877675266,18.735063631562046,6456490
2016-07-26,18.61461639404297,18.8454793687442,18.569446325797884,18.82038533374267,3881717
2016-07-27,18.363679885864258,18.579487542597942,18.203079650477303,18.499187424904463,5653285
2016-07-28,18.499189376831055,18.53933876887876,18.283381697326604,18.348625130439558,4418964
2016-07-29,18.709976196289062,18.77020027948409,18.418886417159307,18.47911184242509,6602719
2016-08-01,18.80031394958496,18.920764801951663,18.609600323682812,18.669825749866163,8658612
2016-08-02,18.459035873413086,18.72001225085391,18.42892249182417,18.689898869264994,7707775
2016-08-03,18.353641510009766,18.529298427014055,18.28337874320805,18.479110352992645,6155060
2016-08-04,18.233190536499023,18.474092216392176,18.19304115123059,18.348622032251725,5801336
2016-08-05,18.137828826904297,18.268316977869546,18.082622766058712,18.21812891778977,7369333
2016-08-08,18.12277603149414,18.22817016724312,18.057531275799743,18.208094135145362,7569959
2016-08-09,17.992292404174805,18.30847489123929,17.982255056627316,18.27334350378768,6208477
2016-08-10,17.831689834594727,18.117760263252958,17.63093886849486,18.06255418374848,11188100
2016-08-11,17.628114700317383,17.937024644795617,17.521768720457224,17.83067866493546,14238011
2016-08-12,17.693950653076172,17.96234729258376,17.683821302664626,17.774975977029904,11773435
2016-08-15,17.536958694458008,17.76484328889724,17.531894020589878,17.673688638607025,5682306
2016-08-16,17.334400177001953,17.52177150161176,17.329336855742696,17.466066842612133,7749415
2016-08-17,17.51163101196289,17.55214432409092,17.106503307443912,17.31413183154078,8761098
2016-08-18,17.577468872070312,17.628110188812133,17.385034305994715,17.450866934406495,8638563
2016-08-19,17.405290603637695,17.547085209709028,17.288816656392065,17.536957217016898,6725534
2016-08-22,17.43567657470703,17.491381213650012,17.349586602383656,17.466060553896618,3178755
2016-08-23,17.516698837280273,17.643300759912854,17.491378181915643,17.491378181915643,5828114
2016-08-24,17.577468872070312,17.617982196301917,17.445803615246753,17.4913802586381,5096130
2016-08-25,17.47618865966797,17.587599292463253,17.450867999751278,17.582534618803585,3795214
2016-08-26,17.167280197143555,17.643305392942697,17.157152203176263,17.501510769018775,5144919
2016-08-29,17.24323844909668,17.319199064497266,17.157148487731423,17.24323844909668,4824983
2016-08-30,17.12169647216797,17.268555709485828,17.060927179284384,17.243235057935134,4443499
2016-08-31,17.21792221069336,17.228050205066243,17.020422934944666,17.111576238491605,5534395
2016-09-01,17.12169647216797,17.228042396166646,17.086247830835074,17.172337775269348,6613795
2016-09-02,17.25337791442871,17.324275258184585,17.076134555039033,17.106518550566605,4626740
2016-09-06,17.4458065032959,17.4458065032959,17.32933253886073,17.354651847232365,4919758
2016-09-07,17.501510620117188,17.552151943713714,17.369843991280767,17.425548634722396,4117394
2016-09-08,17.6433048248291,17.719266808424198,17.45086888307423,17.466061550631427,4749976
2016-09-09,16.914073944091797,17.496445027220332,16.909009270713753,17.481252361276947,7384614
2016-09-12,17.03055191040039,17.10144922928576,16.868501282716995,16.888757272629654,9546358
2016-09-13,16.7368221282959,16.995091921369404,16.64060556325694,16.95964328555816,8344143
2016-09-14,16.77227783203125,16.944456398545366,16.660867215446384,16.777341150763377,7018973
2016-09-15,17.040679931640625,17.086256586109936,16.72164199616438,16.73176999113633,7008037
2016-09-16,17.131832122802734,17.197666117111634,16.898884191073495,17.015358156938117,10161416
2016-09-19,17.2989444732666,17.32426513183496,17.157149868636395,17.157149868636395,4070427
2016-09-20,17.172344207763672,17.430612783619534,17.13689555315226,17.344522806937288,8460369
2016-09-21,17.64836883544922,17.65343215498406,17.222984993362413,17.248304299418294,7303439
2016-09-22,17.83574104309082,17.86106170468173,17.64330509835262,17.70913908932717,6286568
2016-09-23,17.623046875,17.835738780351306,17.607854209134697,17.810418121972713,5533273
2016-09-26,17.633174896240234,17.704072198139507,17.52682894339133,17.612918911180653,4971071
2016-09-27,17.309072494506836,17.709137004682052,17.27868851668896,17.63823834805885,6681511
2016-09-28,17.22298240661621,17.38503298282756,17.05080248447485,17.33945634290503,6176932
2016-09-29,16.858369827270508,17.177409076584688,16.80772985881586,17.177409076584688,7451910
2016-09-30,16.858369827270508,17.040677776279914,16.716575207215712,16.959652472561586,7752920
2016-10-03,16.59503173828125,16.838107558761543,16.49374913077167,16.838107558761543,7018272
2016-10-04,16.134201049804688,16.564648113297846,16.043046422858755,16.55958479491728,8032198
2016-10-05,16.270933151245117,16.377279101852068,16.078497234663764,16.169651873891656,11007803
2016-10-06,16.235485076904297,16.311445699065985,16.088625797632538,16.21522909155328,5440461
2016-10-07,16.2962589263916,16.524142210543204,16.29119425154773,16.372219569711756,6419197
2016-10-10,16.458301544189453,16.498814860628833,16.31144229556098,16.40259691900197,3467847
2016-10-11,16.28105926513672,16.483623150663572,16.255738610172042,16.417789176917303,6661463
2016-10-12,16.463367462158203,16.483624800672033,16.27599757588312,16.311444871353274,6115244
2016-10-13,16.635543823242188,16.838107685596796,16.422851970898407,16.443109305067146,8925973
2016-10-14,16.559579849243164,16.807720293116038,16.54945186131633,16.62541244786265,6338442
2016-10-17,16.584911346435547,16.71657799475522,16.5595920350816,16.610232011980614,4393728
2016-10-18,16.75708770751953,16.848241000421186,16.483626474623737,16.73683036694852,5224273
2016-10-19,16.65073585510254,16.7621464491474,16.579838573671356,16.716568464635632,5273202
2016-10-20,16.630481719970703,16.721636352334187,16.539328441797828,16.68112303192924,5026030
2016-10-21,16.458301544189453,16.635544764504605,16.40259691900197,16.529198832315515,5475371
2016-10-24,16.534271240234375,16.58491121673737,16.357026582805005,16.519078570187922,5226235
2016-10-25,16.660873413085938,16.70138674896652,16.42792545579818,16.458309442065275,6211561
2016-10-26,16.843175888061523,16.959651192191128,16.54439535706745,16.71151062582863,8116879
2016-10-27,16.848241806030273,16.990036425853212,16.58490855373313,16.893818454660376,6948312
2016-10-28,16.827980041503906,16.939389287865183,16.716569440952206,16.858364012095958,7284231
2016-10-31,17.25337791442871,17.283763264147822,16.883698520789796,16.883698520789796,9895316
2016-11-01,16.843175888061523,17.248303730258883,16.767215264018763,17.228047744406254,7624917
2016-11-02,16.559579849243164,16.807720293116038,16.41272063882876,16.792527634130725,7445601
2016-11-03,16.600107192993164,16.701389874553637,16.4633758437248,16.54440253064973,4574305
2016-11-04,16.55452537536621,16.782408629565786,16.539332707022588,16.65580802540243,4756706
2016-11-07,16.924205780029297,16.929269100366444,16.59503985304596,16.701385830418626,6225721
2016-11-08,17.045740127563477,17.126766780869108,16.40260105410731,16.85836886944969,6025796
2016-11-09,16.240554809570312,16.69125807208198,16.210169467887436,16.69125807208198,12776847
2016-11-10,15.441615104675293,16.19349223186664,15.323974661120285,16.188378203050778,23284696
2016-11-11,15.344438552856445,15.656442284481908,15.252372326394354,15.472309831557729,14002755
2016-11-14,15.738273620605469,15.809880964727148,15.262596458619047,15.293284734205594,17696605
2016-11-15,16.403202056884766,16.449235160093497,15.820112435565498,15.820112435565498,17182772
2016-11-16,16.162799835205078,16.459458566747575,15.94286245836607,16.42365490315188,7137161
2016-11-17,16.106538772583008,16.265098272712528,16.075850498890027,16.075850498890027,5753668
2016-11-18,16.22930145263672,16.474811849060185,16.142349255511228,16.275334566481522,8450695
2016-11-21,16.612905502319336,16.612905502319336,16.295787870659765,16.295787870659765,7512337
2016-11-22,16.602680206298828,16.781698599594872,16.45435009424497,16.587335381801076,9816524
2016-11-23,16.52596092224121,16.58733886536911,16.367401349806947,16.392976974509978,5127955
2016-11-25,16.664058685302734,16.812387434487906,16.566877073205536,16.582220530455245,2494298
2016-11-28,17.07836151123047,17.21646086124217,16.73055406913174,16.745898897273143,9577202
2016-11-29,17.216455459594727,17.252260503275416,17.00163340402988,17.006748801056613,9239460
2016-11-30,16.628257751464844,17.011868897171773,16.628257751464844,16.945376918630917,11754508
2016-12-01,16.454345703125,16.71008678290766,16.24975311284946,16.531068437385684,12196699
2016-12-02,16.883996963500977,17.08858964140001,16.710093939551243,16.735666827504275,10951443
2016-12-05,17.04255485534668,17.078358536270713,16.745895980226603,16.878881276194928,9444433
2016-12-06,16.90444564819336,17.206219769074067,16.863527957889158,17.180646896510304,7906439
2016-12-07,17.14996337890625,17.216455333246493,17.006748676247376,17.006748676247376,7724039
2016-12-08,17.49265480041504,17.49265480041504,16.919796006544313,17.016977604469265,8977286
2016-12-09,17.85068702697754,17.896721483617995,17.461962101451977,17.461962101451977,14185857
2016-12-12,17.65121078491211,17.901836457013214,17.564259998088282,17.727933515612666,9109635
2016-12-13,18.137121200561523,18.14735199438549,17.7074770990695,17.727937318964255,13209364
2016-12-14,17.9478759765625,18.587228191466195,17.86603918848956,18.208732533721317,14737544
2016-12-15,18.275222778320312,18.382633809020724,17.779086698884093,17.84557865551867,13993362
2016-12-16,18.270105361938477,18.597453815026785,18.167809739709497,18.29056421283365,15319654
2016-12-19,18.285449981689453,18.372402148661624,17.99390657252278,18.34171250490529,7056687
2016-12-20,18.137121200561523,18.351943251307535,18.096203496278388,18.244532225934528,7893540
2016-12-21,17.97344398498535,18.270102751592596,17.94786974114376,18.162691748109648,11142816
2016-12-22,18.060400009155273,18.254763209782958,17.99902208433847,18.05528461219004,16486959
2016-12-23,18.055286407470703,18.152468017447546,17.947875370299453,18.10643491119606,6839517
2016-12-27,18.106430053710938,18.19338221316637,17.96832940425196,18.024593290357046,7920879
2016-12-28,18.004135131835938,18.167808664819876,17.963216064713443,18.13711902253975,4850920
2016-12-29,18.270105361938477,18.351942133272278,18.045053898832244,18.070628146327763,5712028
2016-12-30,18.1524658203125,18.316140738872118,18.09108789682179,18.285451093250177,4888353
2017-01-03,17.999019622802734,18.254760713272216,17.855804940400546,18.244529920740906,10229413
2017-01-04,18.1524658203125,18.300795916061148,18.034825370185793,18.07574307401082,9325824
2017-01-05,18.15758514404297,18.234306539183738,18.034829270513576,18.15758514404297,7218758
2017-01-06,18.454242706298828,18.520734668494665,18.065516257297425,18.10132130494548,8864706
2017-01-09,18.03993797302246,18.500270276276957,18.029707180897574,18.45935121103629,6562482
2017-01-10,17.932531356811523,18.152467454048384,17.906957105742595,18.11666377610254,7487381
2017-01-11,18.101322174072266,18.137124487932617,17.96322147770284,18.004140557155782,10161976
2017-01-12,18.126890182495117,18.15246442930261,18.014365137845836,18.116660757322734,5035563
2017-01-13,18.126890182495117,18.229187169725083,18.02459456301822,18.10131730344069,7084166
2017-01-17,18.351943969726562,18.438896146361895,18.167811557737902,18.18315501356813,5512243
2017-01-18,18.26499366760254,18.40820837767973,18.20873113657315,18.311026771876882,4228853
2017-01-19,18.280338287353516,18.438897831531808,18.116664713348843,18.213846325337045,7044489
2017-01-20,18.31102180480957,18.357054896596928,18.18315058567479,18.300792380829368,7455976
2017-01-23,18.055286407470703,18.351945267121767,18.02459812588749,18.33660181020683,5098934
2017-01-24,17.968332290649414,18.11154835921588,17.952988835385984,18.03994100880924,7303158
2017-01-25,18.08085823059082,18.132006727445567,17.99390742724153,18.075742833804085,5476072
2017-01-26,18.0501708984375,18.24453273470881,17.978563546191957,18.10643342727236,6339564
2017-01-27,17.94275665283203,18.172922123956152,17.9120670115135,18.126889029731327,4552574
2017-01-30,17.922298431396484,17.978562324160222,17.799543955714533,17.97344692745329,8674595
2017-01-31,18.351943969726562,18.351943969726562,17.896726969113907,17.922299851415367,11347367
2017-02-01,18.132007598876953,18.316141375751688,17.922299572345732,18.239418626782243,9057901
2017-02-02,18.321256637573242,18.36217571332704,18.085975713310496,18.126893421310985,5502429
2017-02-03,18.300798416137695,18.367290377813433,18.239420484262133,18.300798416137695,6006869
2017-02-06,18.31614112854004,18.41332136106853,18.239418380606118,18.357058833235573,5649920
2017-02-07,18.418437957763672,18.449126238284283,18.290566702877914,18.331485777992015,5389148
2017-02-08,18.01947784423828,18.566762308947595,17.88649395900294,18.02970726866,13463827
2017-02-09,17.825119018554688,18.01948085049947,17.630755818856713,18.01948085049947,10667538
2017-02-10,17.912073135375977,17.93764738930054,17.748399551562905,17.77397380548747,10338488
2017-02-13,18.12272834777832,18.184686579863207,17.95234355471609,17.95234355471609,6797036
2017-02-14,18.256967544555664,18.3344142846858,18.024624562796102,18.298272104442514,7767921
2017-02-15,18.184682846069336,18.195008985849118,17.99364580843202,18.096908586914378,5669267
2017-02-16,18.28794288635254,18.29826902458622,18.138210430253338,18.18468012333141,4933778
2017-02-17,18.37055778503418,18.391211447146354,18.117562505150996,18.308599560067016,6958126
2017-02-21,18.546106338500977,18.597738422808067,18.200173030465105,18.272458776905836,6276333
2017-02-22,18.427356719970703,18.546109429118815,18.27246182192165,18.509967240217872,6031825
2017-02-23,18.577083587646484,18.680346369055574,18.448004765713975,18.499636846760815,7325310
2017-02-24,19.196666717529297,19.201829097841575,18.561595910501303,18.664860084963955,11475090
2017-02-27,18.881715774536133,19.155363389021165,18.79394149038624,19.150201008003496,6385689
2017-02-28,18.95399284362793,19.036603334211993,18.819750278672174,18.83007641740963,8479717
2017-03-01,18.623550415039062,18.83007734198207,18.59257199730563,18.752630607306244,6657818
2017-03-02,18.804264068603516,18.912690617640852,18.51512660450396,18.582248590489748,6263996
2017-03-03,18.752634048461914,18.799102373931362,18.540943322708646,18.799102373931362,4467473
2017-03-06,18.623550415039062,18.742303087377284,18.57708209809667,18.690672391154894,5142816
2017-03-07,18.654537200927734,18.77328991774742,18.597742723467235,18.685515630264828,6165716
2017-03-08,18.442840576171875,18.540940975604247,18.334414036907344,18.489310276443444,5544770
2017-03-09,18.47382354736328,18.577086344094393,18.406701555905983,18.43251760025996,4653518
2017-03-10,18.571922302246094,18.66486033665267,18.442843463111956,18.561596160797535,4943312
2017-03-13,18.556432723999023,18.623553329935866,18.484148357289488,18.57192124494771,4064819
2017-03-14,18.40154266357422,18.520295385565,18.36023670864109,18.520295385565,4102252
2017-03-15,18.73198127746582,18.861061499566002,18.43251764742604,18.478985975108184,7297690
2017-03-16,18.577083587646484,18.706163790263588,18.530615266978163,18.618389528620874,5025469
2017-03-17,18.592578887939453,18.70100546121739,18.551272934968576,18.623557317153868,11743012
2017-03-20,18.36539649963379,18.64420783826139,18.29827450996681,18.64420783826139,5173801
2017-03-21,18.566755294799805,18.659691925360647,18.26729174468253,18.324086198838106,7635432
2017-03-22,18.7423038482666,18.804262066933294,18.639041070945137,18.639041070945137,7629263
2017-03-23,18.566755294799805,18.814588150541297,18.54610301704949,18.69067172267055,8808345
2017-03-24,18.649368286132812,18.79393701113098,18.52028946186577,18.525451841653062,5055051
2017-03-27,18.50480079650879,18.752633702013526,18.41186414728687,18.72165389848308,3293719
2017-03-28,18.41702651977539,18.427354041404392,18.26213164424157,18.339579772350834,8290306
2017-03-29,18.55126190185547,18.649362273718058,18.225982375477276,18.432509256132597,6483128
2017-03-30,18.432518005371094,18.540944565629925,18.32409144511226,18.478986333955618,5610944
2017-03-31,18.577083587646484,18.809426571672677,18.406698824739582,18.458330905786422,10023319
2017-04-03,18.49448013305664,18.577090665796682,18.344747593244296,18.561600759443824,6533881
2017-04-04,18.659696578979492,18.783613037754275,18.44284346646601,18.48414941295253,7062996
2017-04-05,18.618392944335938,18.670023654170315,18.463496672778273,18.525454905264368,6478502
2017-04-06,18.726818084716797,18.76296026920022,18.453169130281776,18.58741172703231,8004999
2017-04-07,18.571922302246094,18.830081361199145,18.551270019348976,18.747470848925907,8489390
2017-04-10,18.48931121826172,18.58741024200655,18.42735299542813,18.58741024200655,7284652
2017-04-11,18.659696578979492,18.74747085233536,18.365396715245353,18.45833336898405,7344377
2017-04-12,18.685514450073242,18.721656639026246,18.46349755478268,18.571924121641693,6667491
2017-04-13,18.571922302246094,18.685512619549783,18.49447555103952,18.659696575586,5057435
2017-04-17,18.53577995300293,18.649368880156914,18.50480015055391,18.57708451535541,4416020
2017-04-18,18.47382354736328,18.618392291197715,18.44284374186459,18.540944158135783,6248293
2017-04-19,18.308603286743164,18.52029404686055,18.25697257266511,18.478988094913145,6650667
2017-04-20,18.096908569335938,18.30859788632719,17.983318270499584,18.30859788632719,6115524
2017-04-21,18.086591720581055,18.246649040259854,18.076265575506802,18.096917865655307,6266519
2017-04-24,18.329256057739258,18.39121429229144,18.055608454094934,18.174361161701245,6215767
2017-04-25,18.11240005493164,18.339579291807556,17.988483605477626,18.24664126437471,7488082
2017-04-26,18.019460678100586,18.293109598542898,18.019460678100586,18.09174503808826,5665482
2017-04-27,17.988481521606445,18.15886627469637,17.967829242651458,18.02978607951642,5470043
2017-04-28,17.880056381225586,18.00913520579289,17.828424299124812,17.98848292522643,5765445
2017-05-01,17.725160598754883,17.91619763582459,17.663202379575736,17.89038159610957,5985278
2017-05-02,17.792278289794922,17.828420463352575,17.61673118137961,17.756136116237272,7105056
2017-05-03,17.54444694519043,17.859400371139046,17.389552111918917,17.859400371139046,9309140
2017-05-04,17.580598831176758,17.7096777000971,17.492824537582077,17.52896673133458,9897139
2017-05-05,17.730329513549805,17.833592321746007,17.637391467419775,17.6477176101709,5650200
2017-05-08,17.68901824951172,17.802607166346135,17.6425499307445,17.75097646809619,6717823
2017-05-09,17.343082427978516,17.65803444832665,17.332754909984345,17.65287207001379,7125945
2017-05-10,17.430858612060547,17.44634851132376,17.270800001499317,17.384390294955395,8415505
2017-05-11,17.466318130493164,17.534097260279164,17.362040830230804,17.445461833902293,10621832
2017-05-12,17.794788360595703,17.85735306501791,17.466317388341352,17.54452396598442,8890783
2017-05-15,18.09197235107422,18.159751465859514,17.904275482911647,17.91470293178397,10323487
2017-05-16,17.992910385131836,18.097186273241547,17.872992625825017,18.045049026301907,8428123
2017-05-17,18.170181274414062,18.227532943374346,17.951200653768865,17.99291045147437,9874426
2017-05-18,18.29009437561035,18.420439551586316,17.99812028911694,18.227528300757466,11080146
2017-05-19,18.27967643737793,18.3318136983505,18.133689318193113,18.3318136983505,8710486
2017-05-22,18.524728775024414,18.5820818649747,18.20147211506126,18.20147211506126,7969529
2017-05-23,18.441301345825195,18.556006091682782,18.3995915431356,18.519509317214087,15085240
2017-05-24,18.670711517333984,18.68113896838604,18.425660143572678,18.48301321570498,10798765
2017-05-25,18.78541374206543,18.811483065241266,18.61335732448937,18.733275095713758,6197821
2017-05-26,18.675928115844727,18.811487793896447,18.629003880025078,18.77499101112217,7991260
2017-05-30,18.801055908203125,18.874049456542284,18.59250271377259,18.623785065533404,5379053
2017-05-31,18.931400299072266,19.004393844200358,18.759343886380265,18.811482531251908,8887699
2017-06-01,19.150379180908203,19.15559360261011,18.82190825790899,18.900116218055167,6280259
2017-06-02,19.08260154724121,19.202520716393035,18.9887530962995,19.186878843159214,4643003
2017-06-05,19.09823989868164,19.15559295855265,18.967894697050937,19.061743130686615,6126460
2017-06-06,19.129531860351562,19.218167304782348,19.05132386922482,19.16081422026369,6284886
2017-06-07,19.087814331054688,19.212946517721537,19.05653198150322,19.124311102646644,5537900
2017-06-08,18.97832489013672,19.087815209954076,18.89490389326119,19.087815209954076,5791522
2017-06-09,19.093032836914062,19.12431519315653,18.93661826724015,18.97832807556344,5688755
2017-06-12,19.020038604736328,19.223377398690374,18.973112980687787,19.113887064371927,7629684
2017-06-13,19.056535720825195,19.08260365345129,18.962685865294354,19.02003894207175,5580661
2017-06-14,19.129531860351562,19.23902221139043,19.0773931996004,19.18166912687177,4403402
2017-06-15,19.197303771972656,19.218160064954752,19.03567482107117,19.11909720453869,4526217
2017-06-16,19.332868576049805,19.353723480382516,19.223378236956854,19.22859266015543,7767641
2017-06-19,19.207735061645508,19.369362638899513,19.10867218861399,19.364149610662942,5438919
2017-06-20,19.233797073364258,19.358929231769327,19.12952120418015,19.192087283382687,5567342
2017-06-21,19.119098663330078,19.358934199965034,19.03046324552695,19.265085754191446,4830030
2017-06-22,19.113882064819336,19.332862676178223,19.087812745243703,19.087812745243703,5963407
2017-06-23,19.03046226501465,19.181662376056146,19.004392943813933,19.11388325631866,6133329
2017-06-26,19.4006404876709,19.520559628504497,19.072169592710836,19.1138807800743,6833208
2017-06-27,19.16602325439453,19.353720149547343,19.072173412587563,19.27030054657326,5578278
2017-06-28,18.86883544921875,19.249445072283066,18.837553096769774,19.22337574812694,6896859
2017-06-29,18.68634796142578,18.889688092836312,18.66549306382534,18.764555918772963,6770538
2017-06-30,18.80626678466797,18.915757094649404,18.68113599771092,18.728060217098616,6317132
2017-07-03,18.68634796142578,18.900115541636534,18.5560027600775,18.874046222520807,3244508
2017-07-05,18.519506454467773,18.754127543905508,18.446512916813724,18.686348427896913,5612206
2017-07-06,18.602928161621094,18.628997482397185,18.44129920934759,18.47779597958803,8384661
2017-07-07,18.550785064697266,18.717628398747134,18.509075276857377,18.613351140687204,6145667
2017-07-10,18.644641876220703,18.774988507483517,18.556007840038873,18.556007840038873,6159266
2017-07-11,18.623783111572266,18.69156362462189,18.514292800550983,18.675921753267293,5985138
2017-07-12,18.80626678466797,18.879260324655593,18.738487666492503,18.774984436486314,4881063
2017-07-13,18.623783111572266,18.78019903665734,18.59250076309352,18.754128321579383,4862697
2017-07-14,18.801055908203125,18.910546230711862,18.738489810450908,18.748917261037846,4309468
2017-07-17,19.306793212890625,19.32243508336565,19.004391617678884,19.025246515492007,10318440
2017-07-18,19.37457847595215,19.39021895603442,19.244231847061855,19.317226795778843,6769417
2017-07-19,19.49449348449707,19.504920934478015,19.32243707423522,19.421499940399954,4651836
2017-07-20,19.603984832763672,19.650909057263664,19.452783314503172,19.525776862443294,4738199
2017-07-21,19.54142189025879,19.687409009708222,19.458000878320657,19.583133093343257,6131367
2017-07-24,19.39543342590332,19.546634958090344,19.348509197081338,19.541420535229808,6768716
2017-07-25,19.301586151123047,19.47364259683497,19.254661919425395,19.431931394086615,5474109
2017-07-26,19.645692825317383,19.661333301446362,19.26508327477595,19.30158004279416,6544396
2017-07-27,19.80732536315918,19.833394688915043,19.5727028255871,19.671765705767104,7365687
2017-07-28,20.02108383178711,20.041938725151756,19.749964641126464,19.796888848311948,7972894
2017-07-31,19.98980140686035,20.073222380013146,19.937662775803545,20.015870722388755,11418729
2017-08-01,20.09929656982422,20.219214334952017,20.031517448397377,20.06279979807965,8907887
2017-08-02,20.03152084350586,20.135796754350817,19.666553064202404,19.9116030580534,8459107
2017-08-03,20.04194450378418,20.0575849812022,19.91159929132802,20.0106607604872,5425600
2017-08-04,19.901168823242188,20.005446100081258,19.791678519099378,19.92723953668231,5451957
2017-08-07,19.927242279052734,19.953310207619595,19.838605466157116,19.89074411175193,3587157
2017-08-08,19.922025680541992,20.010659695294237,19.82817584987727,19.880314489776516,4754883
2017-08-09,19.656124114990234,20.062801669955636,19.656124114990234,20.031519317354693,7883306
2017-08-10,19.67697525024414,19.770823684313545,19.583126816174737,19.66133337982245,5507336
2017-08-11,19.72325897216797,19.760075716623533,19.59177100095636,19.72325897216797,5121506
2017-08-14,19.775854110717773,19.79163171038582,19.675922749368706,19.75481637352446,3890971
2017-08-15,19.902084350585938,19.95994024455505,19.670664994071643,19.670664994071643,6339143
2017-08-16,20.054609298706055,20.059869436296264,19.8705255798572,19.90208218603676,5853771
2017-08-17,19.775854110717773,20.086167063361636,19.770595379646387,20.017792307802537,5123188
2017-08-18,19.98097801208496,20.08616952384488,19.71274190742366,19.760077525134,5403028
2017-08-21,19.965200424194336,20.059873072803327,19.90208579393973,20.017796183815538,4338629
2017-08-22,20.107208251953125,20.128245992757563,19.965199985387855,19.980978994218248,2663099
2017-08-23,20.154541015625,20.191357760042045,20.023053044550966,20.091426395702364,3858865
2017-08-24,20.165063858032227,20.254476371079058,20.054613603017035,20.149286254783057,8354097
2017-08-25,20.144023895263672,20.296549617400213,20.13876375712439,20.243955268277638,4476866
2017-08-28,20.12824249267578,20.20713611665487,19.975716788684974,20.180838241995172,5444246
2017-08-29,20.101947784423828,20.21765675531232,20.07038976948769,20.13876312442598,3406580
2017-08-30,19.902084350585938,20.10194850394263,19.881048017298887,20.10194850394263,5611225
2017-08-31,19.917856216430664,20.05986442489663,19.891558347957204,19.98623095575237,9022571
2017-09-01,19.74429702758789,19.96519749787433,19.681182406584057,19.959938766555478,8214598
2017-09-05,19.775854110717773,19.817930991558285,19.691701755490634,19.770595379646387,8657070
2017-09-06,19.74955940246582,19.89156626096962,19.712742653247712,19.860009650120144,7061173
2017-09-07,20.002017974853516,20.038836133224656,19.765339859997713,19.80215661191464,5937049
2017-09-08,20.075645446777344,20.1387600605936,19.933638620531102,19.970455361386104,6262313
2017-09-11,20.233436584472656,20.24921559367834,20.007277349310588,20.059873109026764,4611458
2017-09-12,19.92312240600586,20.22291510349235,19.744297408634853,20.17032075701909,6608047
2017-09-13,19.881046295166016,20.049351011424083,19.870526019752695,19.938900777669613,7527478
2017-09-14,20.03883934020996,20.05987708568528,19.770603162809135,19.823197526497427,5478315
2017-09-15,19.78111457824707,20.19661906623976,19.71800136112682,20.04935208005116,21381481
2017-09-18,19.67066192626953,19.91786025226406,19.50235722168111,19.770594690589565,9550424
2017-09-19,19.607553482055664,19.749560347353565,19.476064081090005,19.67066670677417,7515561
2017-09-20,19.412948608398438,19.660148390207343,19.265681610864018,19.660148390207343,11110149
2017-09-21,19.539173126220703,19.675921220257656,19.38664743374186,19.40768516930023,4832414
2017-09-22,19.523395538330078,19.62858703666426,19.423465583948033,19.591770293538072,4744088
2017-09-25,19.775854110717773,19.807410716507746,19.470801295599184,19.53391591363301,6374614
2017-09-26,19.549697875976562,19.733780213935027,19.544437737655876,19.733780213935027,5568744
2017-09-27,19.539173126220703,19.607547876466068,19.397166301521047,19.460279508196155,8179128
2017-09-28,19.67066192626953,19.78111215236578,19.37086925912477,19.460280342307087,5963267
2017-09-29,19.812673568725586,19.965199293956704,19.69170445360826,19.71274219368412,9662444
2017-10-02,20.059865951538086,20.191353897458626,19.802148789919784,19.886301131567077,12217729
2017-10-03,19.902084350585938,20.05987161800637,19.749558627781862,20.04935274813582,7266846
2017-10-04,20.086166381835938,20.096685250075687,19.823189050026823,19.907341402398668,6970604
2017-10-05,20.170326232910156,20.191363977210838,19.980982314840933,20.091432582101056,7619169
2017-10-06,20.065126419067383,20.117722164570978,19.949417466704006,20.049348820579326,5779044
2017-10-09,20.007274627685547,20.154541609694522,19.975718020021038,20.070389249468533,3483409
2017-10-10,20.144023895263672,20.20187838252553,19.99149817312713,20.075649131723253,3369567
2017-10-11,20.22817611694336,20.24921385644328,19.949421145980264,19.949421145980264,6882698
2017-10-12,20.480634689331055,20.48589342099765,20.11772594617424,20.196619579259558,6636788
2017-10-13,20.6384220123291,20.738351985619968,20.470115864438178,20.512192753024443,8940133
2017-10-16,20.864580154418945,20.901396902587365,20.501672810953405,20.591085315492162,11994951
2017-10-17,20.827762603759766,20.890877227681553,20.627899862416434,20.80672486460384,5942798
2017-10-18,20.83827781677246,20.86983582642277,20.69627099270738,20.817240081308103,3822553
2017-10-19,20.917177200317383,20.975031692018995,20.743612318758395,20.827764690266417,6744882
2017-10-20,20.81723976135254,20.938208848093996,20.691010537598952,20.906652245382475,5938311
2017-10-23,20.90139389038086,20.943470770704028,20.717310176068004,20.822501673648986,5121506
2017-10-24,21.017105102539062,21.038142840320653,20.827761243142977,20.901394731832468,5339657
2017-10-25,21.074966430664062,21.132820931583872,20.675240844243316,20.969776301132192,7212028
2017-10-26,20.97502899169922,21.216968610898466,20.969770260287437,21.169631589468587,5599308
2017-10-27,21.169631958007812,21.211708842304443,20.901395864172024,20.93821261051133,3902607
2017-10-30,21.16437339782715,21.180150998918855,21.00658613527801,21.074960897006772,6849611
2017-10-31,21.148597717285156,21.238010232171515,21.0907432224548,21.15385785611257,5176745
2017-11-01,21.11703109741211,21.227482716172947,21.027620025392242,21.206444982339292,7304420
2017-11-02,21.41683006286621,21.464165675004942,20.759387411112748,21.09073810253777,10927749
2017-11-03,21.53253746032715,21.858629396968464,21.332674751189167,21.432606105758158,8004439
2017-11-06,21.40105628967285,21.637735814693485,21.36423953717872,21.548323299649383,5461631
2017-11-07,21.706100463867188,21.821809407264354,21.385268691482345,21.4220854291912,5865688
2017-11-08,21.732404708862305,21.81129693769031,21.47994620112289,21.71662570051507,5349331
2017-11-09,21.63772964477539,21.84810982207768,21.57987375988612,21.674544980317535,5019721
2017-11-10,21.721885681152344,21.790260450285274,21.490466306722617,21.490466306722617,5442003
2017-11-13,22.137388229370117,22.18472384643299,21.72188373263745,21.763960618056693,7444900
2017-11-14,22.470277786254883,22.50738368801739,22.04620993254043,22.131023219783287,7399756
2017-11-15,22.14162826538086,22.618703583888436,22.09391945777983,22.507385867819973,8099634
2017-11-16,21.860685348510742,22.07802077493837,21.79177498007057,22.051516350922768,9795914
2017-11-17,21.871280670166016,21.924289503256603,21.76526442148493,21.834174770502624,6759463
2017-11-20,21.91899871826172,22.07272241458165,21.844785470123643,21.90309577812494,5327320
2017-11-21,21.940200805664062,22.0886244609331,21.91369637900879,21.977306719481323,4320684
2017-11-22,21.998506546020508,22.025010968883244,21.84478146041682,21.96670208908548,4288578
2017-11-24,22.06741714477539,22.131027476818403,21.98260384121819,21.998506778604053,2008505
2017-11-27,22.078022003173828,22.16813534883944,21.97730575331174,22.10452501116335,6111598
2017-11-28,22.24234390258789,22.32185716736612,22.12572614858025,22.146929118854302,5407935
2017-11-29,22.099227905273438,22.215845691883942,21.993210189263074,22.173439739480393,6291054
2017-11-30,22.109825134277344,22.242345836261602,21.961401494454826,22.131028106394712,10299232
2017-12-01,22.173431396484375,22.311253524940316,21.871282720542474,22.205235848820262,8283997
2017-12-04,22.03030776977539,22.26354465722968,21.95609455092617,22.205234372241016,6925179
2017-12-05,21.86598777770996,22.10982622155213,21.706962644008524,22.040915850031706,8607859
2017-12-06,21.797073364257812,22.078019103554194,21.616845279096317,21.987904352223257,7547527
2017-12-07,21.632747650146484,21.823577215621725,20.964839918482138,21.807675696832344,9553649
2017-12-08,21.759967803955078,21.770569289427716,21.39951021038343,21.53203232254239,11146180
2017-12-11,22.221139907836914,22.237042843559443,21.78116908118231,21.78116908118231,12220533
2017-12-12,21.7387638092041,22.205237653033535,21.71225938802056,22.146928776929936,11136787
2017-12-13,21.80237579345703,21.993205372480464,21.659252191689017,21.73346400964267,12115523
2017-12-14,21.632747650146484,21.871284606990535,21.526729964882165,21.722860981620755,6581128
2017-12-15,21.595640182495117,21.744063797134256,21.563834312215167,21.659249088054548,12642395
2017-12-18,21.457822799682617,21.77587306784967,21.410115401207612,21.67515681884664,6977333
2017-12-19,21.00194549560547,21.59564140527836,20.99664546192554,21.510826691396293,6272688
2017-12-20,20.69449806213379,21.054955657480935,20.657392154046587,20.980743841306534,8520935
2017-12-21,20.710397720336914,20.86412277986086,20.54607117696652,20.604381464372253,5628609
2017-12-22,20.6785945892334,20.789912310610326,20.657391618733136,20.774010791485313,4948780
2017-12-26,20.57257652282715,20.795211946140395,20.556673587590417,20.736903073606044,2861342
2017-12-27,20.667997360229492,20.683900300129828,20.551379580962102,20.65739587279615,7042947
2017-12-28,20.832324981689453,20.848227922370338,20.636193910794532,20.636193910794532,5249088
2017-12-29,20.890628814697266,20.93833762518536,20.805815514107966,20.90653175152663,4371857
2018-01-02,20.986045837402344,21.039054683902602,20.811117777951857,20.959541414152216,7224506
2018-01-03,20.70509910583496,21.139767060822795,20.551374035778085,20.8694242429644,6750350
2018-01-04,20.41355323791504,20.747506402576448,20.402951752648065,20.657391651556598,6630619
2018-01-05,20.24392318725586,20.583176327961297,20.180312868998556,20.524867460183824,10013224
2018-01-08,20.461261749267578,20.60438535194923,20.265130717352392,20.291635140719382,15116925
2018-01-09,20.22801971435547,20.498362496620818,20.005384315136936,20.434752180058368,10745349
2018-01-10,20.11670684814453,20.32343936351861,20.04779506468622,20.153812756929646,6890550
2018-01-11,20.36054229736328,20.535470330005325,20.16971132970826,20.259827488948375,10419524
2018-01-12,20.349943161010742,20.455959432494737,20.14851210344111,20.31813870481566,7143470
2018-01-16,20.39234733581543,20.57787827546374,20.1962177466878,20.39234733581543,10847695
2018-01-17,20.721006393432617,20.77931528356871,20.43476056026348,20.455963535312847,8315262
2018-01-18,20.45595932006836,20.715702089652392,20.233323875425228,20.673294730791632,9881857
2018-01-19,20.127307891845703,20.56727733599239,20.090201983875485,20.540774331014006,11867509
2018-01-22,20.16971206665039,20.47716220646684,20.100801708243427,20.259828229183082,13264042
2018-01-23,20.424152374267578,20.641487758496854,20.312834665516057,20.365843503254936,9026637
2018-01-24,20.25452995300293,20.418856533231562,20.206822556243118,20.392350691419946,7695157
2018-01-25,20.50366973876953,20.55137855609137,20.275734226567945,20.323441626389194,9659359
2018-01-26,20.599082946777344,20.646790339629447,20.376447501800605,20.593782912849544,10535609
2018-01-29,20.318138122558594,20.519569174355812,20.228023373004362,20.519569174355812,6524908
2018-01-30,20.29693603515625,20.47186410279216,20.190919754695354,20.318140425248835,6458874
2018-01-31,20.41355323791504,20.455959178982944,20.196219246191106,20.302235516361236,14126131
2018-02-01,20.058395385742188,20.519569201722604,20.021290896611937,20.42415441824402,6862089
2018-02-02,19.99478530883789,20.22272076913069,19.9523779533763,20.010686826823257,7758107
2018-02-05,19.57071876525879,20.1803162139763,19.523011373033132,19.99478667893187,9817225
2018-02-06,19.332181930541992,19.51771148040323,18.855106552684724,19.353384902668854,17627346
2018-02-07,19.16254997253418,19.97887976418293,19.130744105716648,19.3321765372274,11991867
2018-02-08,19.07244300842285,19.53361692512056,19.056540068536542,19.167857812739392,15882697
2018-02-09,19.538915634155273,19.666134882881124,19.014131449097086,19.162555087194296,15179174
2018-02-12,19.7032413482666,19.7880532320413,19.379888245123375,19.5601177506458,10403821
2018-02-13,19.618427276611328,19.708542032345008,19.30567706612417,19.634330214093847,10386857
2018-02-14,19.58364486694336,19.829779102208484,19.380318451948213,19.567593722889992,10743246
2018-02-15,20.065210342407227,20.070561677563983,19.594347220467064,19.64785341784326,9532478
2018-02-16,20.21503448486328,20.322049762087115,20.027759180560125,20.118721880032673,13245535
2018-02-20,20.16152572631836,20.386256063049984,20.049160557952547,20.188278111401136,13868724
2018-02-21,19.829776763916016,20.204327261633235,19.808374287143067,20.161522308087342,20768948
2018-02-22,19.926090240478516,20.07591044633417,19.760218891737036,19.893986523868673,11335591
2018-02-23,20.46116828918457,20.48257220413257,19.89399244441575,19.990305053746567,7571501
2018-02-26,20.34880256652832,20.546780547271805,20.25784129603488,20.487921571260067,7464528
2018-02-27,19.926090240478516,20.594931262813088,19.926090240478516,20.348797045451512,9441769
2018-02-28,19.81907844543457,20.15082260764297,19.81907844543457,19.958197426631106,10658004
2018-03-01,19.76556968688965,20.09196392591051,19.610399570022224,19.89398742079516,7344237
2018-03-02,19.75486946105957,19.872585961652106,19.530139130614277,19.781623276232345,7486540
2018-03-05,20.16152572631836,20.198979351601924,19.621102364890866,19.717414957536313,7969669
2018-03-06,19.888639450073242,20.188278473586,19.80837800086987,20.16687599280046,9160668
2018-03-07,19.70136260986328,19.904690468546896,19.567594959547506,19.824430450692788,6834890
2018-03-08,20.038454055786133,20.075909104747087,19.658553662518237,19.722762522285315,6401672
2018-03-09,20.065210342407227,20.1026653959897,19.80302496732991,20.059860438088744,10816150
2018-03-12,20.081268310546875,20.145477195482062,19.915395477034192,20.091969552896295,11938030
2018-03-13,20.033105850219727,20.348797410479914,19.91003802391218,20.15617224568905,9135152
2018-03-14,20.241788864135742,20.375556533527515,20.070566132847187,20.070566132847187,7484437
2018-03-15,20.26318359375,20.44510892811072,20.172222357407687,20.241781118238638,7656462
2018-03-16,20.536073684692383,20.621686463089443,20.279239642016083,20.31134336078626,16514859
2018-03-19,20.450464248657227,20.63773809214255,20.28459145401676,20.562829413251414,8576034
2018-03-20,20.498619079589844,20.648437857512118,20.41300630529394,20.487916409674188,13878118
2018-03-21,20.37020492553711,20.7233530312884,20.30599604896065,20.52537506566162,10715065
2018-03-22,20.53072166442871,20.910623500333894,20.386252798594374,20.386252798594374,7869706
2018-03-23,20.17757225036621,20.643085392943394,20.134765868527715,20.55747406010445,6596270
2018-03-26,20.386262893676758,20.4183666250358,20.198986119479688,20.279247594135576,4762734
2018-03-27,20.584228515625,20.787557776741444,20.327394491198408,20.4076559286782,8051966
2018-03-28,20.621688842773438,20.851769097606045,20.57888244863517,20.64309132442334,10774791
2018-03-29,20.8731689453125,21.03904173426424,20.73940130562279,20.766155119728385,8725768
2018-04-02,20.47186279296875,20.953428542793713,20.316692687991754,20.92132339635837,10372977
2018-04-03,20.73404884338379,20.830361417611417,20.429057117212164,20.466512166171583,8502008
2018-04-04,20.750104904174805,20.76080614486601,20.466517017923284,20.68589746002756,6009112
2018-04-05,20.867816925048828,20.93202578622399,20.55212395378685,20.76080167947752,6208056
2018-04-06,20.669837951660156,20.915970697529268,20.573523956062623,20.85711317804708,4872791
2018-04-09,20.648441314697266,20.80896278941143,20.594935110351518,20.712650190750626,5377091
2018-04-10,20.691246032714844,20.78756005441125,20.552127051009673,20.643089737285813,7847835
2018-04-11,20.589580535888672,20.68054321522629,20.541424244132944,20.68054321522629,5279091
2018-04-12,20.204328536987305,20.616334110483198,20.038455754431283,20.39695513261735,13438310
2018-04-13,20.514671325683594,20.717999171600653,20.34879853397029,20.364851108868557,7696840
2018-04-16,20.648441314697266,20.701948949881476,20.47721859911395,20.610987687074473,6684596
2018-04-17,20.905271530151367,20.953427817298863,20.66448866357579,20.707295047061397,6972146
2018-04-18,20.835718154907227,21.156761106139335,20.835718154907227,20.964134476896987,5828675
2018-04-19,20.846410751342773,20.883865794482784,20.643082965486183,20.814305611029692,4481072
2018-04-20,20.653793334960938,20.86782245195165,20.546779491884834,20.862471115920513,6439526
2018-04-23,20.685901641845703,20.89993079145284,20.594938931323956,20.718005370409344,6145387
2018-04-24,20.96413230895996,21.199563877573024,20.7287007403469,20.782208370298427,7343115
2018-04-25,20.953428268432617,20.9694808414401,20.707295492895838,20.873166834233338,5354098
2018-04-26,21.140701293945312,21.21561138565081,20.948076161467167,20.985529776481933,5623422
2018-04-27,21.3226318359375,21.38149080550957,21.087200250164493,21.09255158588502,4628703
2018-04-30,21.23166847229004,21.397541262296226,21.194213418471758,21.360086208477945,9541031
2018-05-01,21.483150482177734,21.632972123432097,21.33868160677857,21.402890472790947,19818672
2018-05-02,21.60622215270996,21.718587330506303,21.36008931491945,21.60622215270996,11318206
2018-05-03,21.857704162597656,22.03962810494606,21.424294640548137,21.563413622738494,11431908
2018-05-04,21.98076820373535,22.050326971925426,21.873752953180528,21.884455622906568,5870314
2018-05-07,22.098485946655273,22.237606361610855,21.99147211393962,22.007524689640398,9726936
2018-05-08,21.798845291137695,22.039626754367614,21.707882610118467,22.028925514983868,13435366
2018-05-09,21.386837005615234,21.825596379348433,21.354733289368593,21.782791424352908,8822646
2018-05-10,21.72393798828125,21.734639229046085,21.488504968101076,21.56341508429337,6784979
2018-05-11,21.745338439941406,21.80954730937514,21.590166886240024,21.697182145575685,4756986
2018-05-14,21.769620895385742,21.88294810218241,21.629310814148603,21.82898235330148,5925974
2018-05-15,21.69947052001953,21.753436282297223,21.515988948600214,21.629316183529863,11630852
2018-05-16,21.47281265258789,21.731845672974373,21.35948543558963,21.645502775934478,6089727
2018-05-17,21.23536491394043,21.58613941975545,21.181399161326148,21.499795081425944,8975183
2018-05-18,21.283935546875,21.408055635271367,21.100452547697643,21.273142683939103,9100943
2018-05-21,21.391864776611328,21.42964196003233,21.105848869265753,21.337900464057718,6875128
2018-05-22,21.515987396240234,21.650900349111446,21.38107300027997,21.386470153354,7474062
2018-05-23,21.748037338256836,21.775020217174102,21.53217719309677,21.559158628924997,9255303
2018-05-24,21.872159957885742,21.882952821371713,21.553762548059474,21.683279796069353,8579118
2018-05-25,21.947704315185547,22.06642866894553,21.812791391935956,21.850567125892944,6155060
2018-05-29,21.969295501708984,22.066432708785104,21.764226781802503,21.85057112621339,8614168
2018-05-30,22.244518280029297,22.336259776201885,21.82898513548038,21.953105219255008,9431394
2018-05-31,22.33626365661621,22.514348083998993,22.077229138442643,22.21753926193845,8659593
2018-06-01,22.120393753051758,22.341650998278748,21.80739503007979,22.336255289640043,9688661
2018-06-04,21.8775577545166,22.30928099366297,21.812799124335722,22.174366579498948,9371949
2018-06-05,21.818193435668945,21.99088213159395,21.71026191839902,21.963899252276466,6906813
2018-06-06,21.429637908935547,21.936911009577575,21.397257884435575,21.936911009577575,8678941
2018-06-07,21.661691665649414,21.872157531085747,21.386468626482316,21.445830090613327,8547994
2018-06-08,21.58614158630371,21.75343457034543,21.445831481277338,21.629314481346075,7592251
2018-06-11,21.54836654663086,21.704866672785094,21.440435027051638,21.58614228986577,6093513
2018-06-12,21.850574493408203,21.88835024010231,21.53757565552694,21.548368519855366,10166323
2018-06-13,21.86676025390625,22.19594904573049,21.78041591300118,21.915328855472296,7640059
2018-06-14,22.163570404052734,22.19055328285467,21.80200300290268,21.866761623409516,7124543
2018-06-15,22.390228271484375,22.43340117277434,21.89914355437117,22.109609463912015,15435459
2018-06-18,22.51434326171875,22.579101877391686,22.357844596674003,22.357844596674003,6791148
2018-06-19,22.454984664916992,22.74100059781626,22.26071023618885,22.53053615233107,9492521
2018-06-20,22.557519912719727,22.633071403081697,22.347055459022567,22.503554150149984,5463173
2018-06-21,22.357845306396484,22.61687833422199,22.228328070939245,22.508948266733608,9666790
2018-06-22,22.395626068115234,22.51974617863871,22.314678860120893,22.444194681529698,6264136
2018-06-25,22.584501266479492,22.724811373817307,22.390225400221958,22.444191159141674,9689502
2018-06-26,22.681638717651367,22.784173083446277,22.55751862529619,22.63846726453083,15287408
2018-06-27,22.773374557495117,22.854321733512897,22.611478762370822,22.68163307779215,6158425
2018-06-28,22.816551208496094,22.99463704544981,22.724809713652583,22.84353264289575,10861154
2018-06-29,22.989240646362305,23.05399926584015,22.681637564614793,22.84893054467514,12582950
2018-07-02,23.151138305664062,23.16193116924967,22.85432806315884,23.02701820979591,6115945
2018-07-03,23.102569580078125,23.25367255568369,22.97844948484343,23.145741034200217,4289559
2018-07-05,23.161928176879883,23.199703916093686,23.010825220024667,23.151135314688645,5807925
2018-07-06,23.25366973876953,23.30763404988499,23.08637676658924,23.156532535672756,5031498
2018-07-09,22.584501266479492,23.31303323953936,22.49275976493379,23.291447513207103,8344424
2018-07-10,22.757192611694336,22.86512414209435,22.374039430806317,22.395625159650624,7445461
2018-07-11,22.908288955688477,22.989237580010943,22.233722858689866,22.816548913162933,7808579
2018-07-12,22.854328155517578,22.989242558605678,22.643863707024924,22.929881087100394,8511963
2018-07-13,22.875911712646484,22.951463189206915,22.687033021245405,22.9190831603445,6689363
2018-07-16,22.746397018432617,22.88131141524722,22.64386265408914,22.816552793394024,7603326
2018-07-17,22.622276306152344,22.843533601905428,22.606086290361695,22.773379271960994,10851901
2018-07-18,22.622276306152344,22.676242063395154,22.449587614682184,22.643862031813857,6860967
2018-07-19,22.794967651367188,22.91908775300425,22.665451839231107,22.665451839231107,8549536
2018-07-20,22.692428588867188,22.800360093615613,22.5413270797794,22.692428588867188,7581035
2018-07-23,22.454984664916992,22.762587767855365,22.37403746730997,22.75719061457331,5937750
2018-07-24,22.476573944091797,22.508952537555096,22.109609336061514,22.395625295799682,7242452
2018-07-25,22.600692749023438,22.794967184795713,22.449589768716482,22.460382632582814,7458079
2018-07-26,22.811153411865234,22.821946273938234,22.633067579938405,22.7140162101193,7991120
2018-07-27,22.773374557495117,22.97844323809396,22.68163307779215,22.827340303566125,4222263
2018-07-30,22.557519912719727,22.805760111597873,22.47657271195428,22.7517957921173,4795261
2018-07-31,22.93527603149414,22.94606889476296,22.519742858654755,22.643862950879768,11907466
2018-08-01,22.665449142456055,22.778776366522,22.514344733945773,22.762586350772857,7656883
2018-08-02,22.821949005126953,23.14034496828429,22.643863151887917,22.75179467171235,7132535
2018-08-03,22.92988395690918,23.016228319838586,22.74100376894638,22.859728169905136,6203710
2018-08-06,22.99463653564453,23.086376585365144,22.865119303806225,22.902895042834984,5557808
2018-08-07,23.08098030090332,23.183514659707892,22.8003615454839,23.021618835365036,8595522
2018-08-08,23.12415313720703,23.16192887756361,22.935274435424144,23.0432059467795,4807178
2018-08-09,23.40477180480957,23.43715039024586,23.070185873190127,23.134944487151596,6420179
2018-08-10,23.27525520324707,23.60444399127482,23.237479464343703,23.458738188257094,6257266
2018-08-13,23.37239646911621,23.404776504142824,23.210500623250688,23.29684497817302,6212963
2018-08-14,23.581829071044922,23.674305776754178,23.39143371417782,23.424072294779315,6097298
2018-08-15,23.734146118164062,23.919102444871147,23.59814839126864,23.63078842759423,8227637
2018-08-16,24.114940643310547,24.174778779765706,23.701509815897186,23.72870936556143,11589633
2018-08-17,24.223730087280273,24.506603572929915,24.065974783316193,24.098613360271223,11614448
2018-08-20,24.076854705810547,24.20197143488181,23.98437655423227,24.09317472189531,8970136
2018-08-21,23.984375,24.131252225891878,23.837499228784566,24.10949172096347,6152116
2018-08-22,23.897342681884766,24.04421848590551,23.734146859191682,24.04421848590551,4234320
2018-08-23,23.881019592285156,24.060535410566136,23.81574098066693,23.891899118442097,4735535
2018-08-24,23.95174217224121,23.978941718921373,23.723266271063203,23.891902587674135,4731049
2018-08-27,23.74502182006836,24.03333579089803,23.619905095222197,24.00069575983073,3817225
2018-08-28,23.60902214050293,23.717820295392425,23.538304503565854,23.67430074250135,6395784
2018-08-29,23.83750343322754,23.902782050173677,23.70694619933526,23.848382960272446,4282409
2018-08-30,23.902786254882812,24.006142507329045,23.799428547759625,23.87558670514756,4021357
2018-08-31,23.777666091918945,23.962622433132214,23.63623077233765,23.897343810037935,9152256
2018-09-04,23.92997932434082,24.006137465734575,23.85382263762372,23.98437841238683,4386017
2018-09-05,24.044218063354492,24.142136718990944,23.929980844009254,23.95718038975956,9857742
2018-09-06,24.131258010864258,24.250934270616433,24.033340806580334,24.18021661300622,8841152
2018-09-07,23.973499298095703,24.17477418171621,23.85926208404001,23.99525835181774,6662584
2018-09-10,24.27269172668457,24.397808469397887,24.0278987321049,24.082297821867805,7126506
2018-09-11,24.044218063354492,24.196535810491557,23.919102771321224,24.09317811851109,7466071
2018-09-12,24.000699996948242,24.185654871834657,23.968061414795372,24.071417652284495,6541171
2018-09-13,24.174776077270508,24.180216568465944,23.85926395485487,23.995260233296122,6302691
2018-09-14,23.978940963745117,24.131257256615648,23.848383725662732,24.120376274544828,7391484
2018-09-17,24.19109535217285,24.234613461690778,24.027899532127147,24.142136751626815,4174455
2018-09-18,24.044218063354492,24.196535810491557,23.951741353415542,24.120376209584652,6237218
2018-09-19,23.521995544433594,24.08774123486498,23.36423873732689,24.082302197706415,13966303
2018-09-20,23.603586196899414,23.69606434973197,23.34791224503542,23.483908501782192,8510701
2018-09-21,23.74502182006836,23.85925901945092,23.462148339308737,23.554626487764093,13290680
2018-09-24,23.50023078918457,23.77222478364057,23.483910771301268,23.712385202960697,6310963
2018-09-25,23.16295623779297,23.549185936796277,23.086798105068205,23.549185936796277,7877277
2018-09-26,22.956241607666016,23.304393705860054,22.950802572116604,23.22279508053009,8775679
2018-09-27,23.288076400756836,23.36423454472621,22.956244279936474,22.978003334020094,8389848
2018-09-28,23.750471115112305,23.783109703603163,23.304401677675063,23.353360287749865,10065519
2018-10-01,23.614469528198242,23.68518864046962,23.500232304999983,23.64166907486594,6513692
2018-10-02,23.940858840942383,24.049657016988625,23.663425819507097,23.690625363518656,6789045
2018-10-03,23.445831298828125,23.973499260842562,23.244556415520385,23.908220645101224,7536030
2018-10-04,23.521995544433594,23.570954152245477,23.15208283057278,23.402317816144684,9000560
2018-10-05,23.832063674926758,23.91366231228682,23.467592961673983,23.521992053247356,4803532
2018-10-08,23.940858840942383,24.049657016988625,23.6525462928378,23.919101242280444,7969248
2018-10-09,23.946300506591797,24.13125683307503,23.73414608943912,23.8592628342901,7742124
2018-10-10,23.696063995361328,24.201971401196,23.690623505115134,23.891898369399765,9947751
2018-10-11,23.244552612304688,23.815738588239547,23.119435892053687,23.766779998113194,10199410
2018-10-12,23.34247589111328,23.451272618074633,23.086801909875867,23.293517291246836,9633002
2018-10-15,23.40775489807129,23.690626974741303,23.29895671462557,23.36967437012389,7822599
2018-10-16,23.64166831970215,23.73414648448302,23.331595243206905,23.39687386218889,8721421
2018-10-17,23.385997772216797,23.696070894288418,23.298960085673084,23.641671794694737,7119356
2018-10-18,23.434953689575195,23.5600704405353,23.282637391940842,23.396874615166606,6244788
2018-10-19,24.00613784790039,24.147576060942303,23.47303084965732,23.51655041172227,9085661
2018-10-22,23.663427352905273,23.924541828595252,23.60902826135707,23.788544099724746,6539769
2018-10-23,23.679738998413086,23.832055237149333,23.500223223520194,23.701498045467915,6401812
2018-10-24,24.218292236328125,24.40868758123613,23.71238335870692,23.86470108930991,8692961
2018-10-25,23.85382080078125,24.065975191276614,23.663424007281552,24.04965517518419,9130385
2018-10-26,23.72870445251465,24.04965703555149,23.521990536285198,23.951739840775613,13135478
2018-10-29,23.978940963745117,24.087737692362605,23.696067432792198,23.696067432792198,9814701
2018-10-30,24.142135620117188,24.36516955763511,23.897341174183445,24.36516955763511,8842274
2018-10-31,23.832063674926758,24.06053811392284,23.6797473822627,24.06053811392284,12666229
2018-11-01,23.74502182006836,24.125812484676896,23.565506013227694,23.90277857598182,9433217
2018-11-02,23.60902214050293,23.93541515049504,23.402308264630356,23.848377499389265,8565379
2018-11-05,24.033336639404297,24.212850997906298,23.696064064742636,23.84293984570151,8939012
2018-11-06,24.10405921936035,24.131258766886212,23.766786575651885,24.055099161007696,7245957
2018-11-07,24.299896240234375,24.376055854281027,24.011583623956952,24.21829904358231,11857555
2018-11-08,24.34341049194336,24.36516954567182,24.038777921038207,24.359730509578043,7819795
2018-11-09,24.50116729736328,24.642605519194284,24.26725381892405,24.386930076355256,8239694
2018-11-12,24.871074676513672,25.132186190940423,24.35972680884221,24.38692489453251,6432937
2018-11-13,24.97443389892578,25.05059203481146,24.745959491268756,24.930912886024615,7580053
2018-11-14,24.785337448120117,25.01554179347682,24.686678861736077,24.878517281890904,10060331
2018-11-15,24.966211318969727,25.064869900685583,24.423587653841672,24.615424599228525,7495092
2018-11-16,25.147092819213867,25.322486224117572,24.982662784596457,25.30604410007056,10946115
2018-11-19,25.26767349243164,25.311521102700357,25.103240556851127,25.1690119722542,6539068
2018-11-20,24.905921936035156,25.388254415186942,24.8237054730091,25.34988555988876,10198709
2018-11-21,24.637346267700195,24.927843235319077,24.538687694534158,24.82370297889239,6227123
2018-11-23,24.58254051208496,24.681199106177576,24.407147130211193,24.664756984289486,3583091
2018-11-26,24.77437973022461,24.818227344233346,24.47840247290136,24.63187058762301,6078511
2018-11-27,24.955249786376953,25.053908363757873,24.70312165942981,24.77985643421292,5647536
2018-11-28,25.11420440673828,25.163533702082074,24.763414723715606,25.026506253137125,7196186
2018-11-29,25.031991958618164,25.13613225026948,24.70312895970227,25.130650565154692,5860220
2018-11-30,25.426626205444336,25.459513384518715,25.01006797315924,25.108726578999985,9631179
2018-12-03,25.4759521484375,25.481433832790668,25.223823982011744,25.40469904599231,7957472
2018-12-04,25.733558654785156,25.96376591664363,25.497875572049185,25.6020129043153,12366481
2018-12-06,25.706153869628906,25.98020874533063,25.262190247479186,25.733559357199077,10213430
2018-12-07,25.739038467407227,25.925395177974714,25.36632797765367,25.68970918098957,6467286
2018-12-10,25.760967254638672,25.843183725040316,25.212863314724984,25.65134529410314,7104775
2018-12-11,25.700672149658203,25.854141689777922,25.574608093944246,25.804812404123826,7281427
2018-12-12,25.700672149658203,25.952800261086118,25.66230329893759,25.76644355340321,9518879
2018-12-13,25.733558654785156,25.908954942999387,25.645863442059667,25.695192732063163,6210720
2018-12-14,25.793855667114258,25.876072141462082,25.634904402984887,25.750008053348264,7477427
2018-12-17,24.99909782409668,25.887027967269116,24.922363047985936,25.810293191158372,10030609
2018-12-18,25.103242874145508,25.47595345859849,24.988142153719647,25.141608803826742,9871622
2018-12-19,25.059391021728516,25.475949150048557,24.92784526964473,25.14708623552993,10494250
2018-12-20,25.108722686767578,25.503357048956246,24.80178354667331,25.114204370993964,11574632
2018-12-21,25.152576446533203,25.77193656235492,25.037475706551664,25.103247139200736,16933636
2018-12-24,24.02347183227539,25.338926518985208,23.92481324376398,25.14708809469379,5799373
2018-12-26,24.379745483398438,24.401669291848556,23.62335796926645,24.03443890469879,7592110
2018-12-27,24.54417610168457,24.55513800551818,23.842599599422336,24.25367905448387,8850265
2018-12-28,24.52225112915039,24.829191768712427,24.450998020512273,24.598987388309247,6978455
2018-12-31,24.719562530517578,24.719562530517578,24.363294160681576,24.54416918720862,6006028
2019-01-02,24.155017852783203,24.664755853139322,24.03443545790915,24.54417345826527,7574585
2019-01-03,24.182424545288086,24.429072497169365,24.050878775525934,24.21531172057414,6607906
2019-01-04,24.45647430419922,24.46195598814673,23.848077739188092,23.891925348004627,7767921
2019-01-07,24.50032615661621,24.648315517378663,24.215312269920453,24.292045594049608,10576968
2019-01-08,24.878517150878906,24.90044095536193,24.407145094657633,24.511285364488337,6458593
2019-01-09,24.67571258544922,24.916877310340944,24.571570874025053,24.768889465787232,8783530
2019-01-10,25.097759246826172,25.125164736498093,24.61542673253505,24.746972496683888,6189129
2019-01-11,25.097759246826172,25.234786695185782,24.93332924017657,25.070353757154248,6705345
2019-01-14,24.686674118041992,24.91139673622181,24.418102433400186,24.851107018006495,9554490
2019-01-15,25.097759246826172,25.21286288972463,24.626390100956588,24.626390100956588,7082483
2019-01-16,25.103242874145508,25.119684996668585,24.823709202960234,24.949773292656253,7811383
2019-01-17,25.223827362060547,25.262196226292243,24.993622970817565,25.119687070923312,5801476
2019-01-18,25.2567081451416,25.426619820155576,25.158049564076606,25.26767151254067,6759603
2019-01-22,25.349885940551758,25.541724357159936,25.09227611136412,25.223821867904803,7380969
2019-01-23,25.68971061706543,25.70067398416284,25.355366028554837,25.377289831368085,6477240
2019-01-24,25.739038467407227,25.79384943706716,25.48691035207667,25.76096226899492,6222497
2019-01-25,25.448549270629883,25.777412219734178,25.344408994752293,25.64038476953157,9430413
2019-01-28,25.29507827758789,25.525282648841365,25.108724451846136,25.470474596870474,4984951
2019-01-29,25.32248878479004,25.49240345311522,25.234793539161444,25.377299778999276,7206420
2019-01-30,25.569128036499023,25.706152535858628,25.273149372374434,25.27863105588039,5308673
2019-01-31,26.177528381347656,26.27070528905119,25.46499150003785,25.541726286200166,11248667
2019-02-01,26.01309585571289,26.183007533144295,25.826739126948905,26.128196558132434,6813440
2019-02-04,25.94732666015625,25.94732666015625,25.65134792265708,25.876073551059473,8991867
2019-02-05,25.91991424560547,26.035017871502042,25.77740806546652,25.903472126783743,7111365
2019-02-06,25.936359405517578,26.056944728954097,25.755484351744638,25.826740381550525,7175716
2019-02-07,26.380321502685547,26.402245303758367,25.854141482793896,25.958281736425786,9999905
2019-02-08,26.155607223510742,26.204936524510508,25.229308011476018,25.300561120544316,12337039
2019-02-11,26.199451446533203,26.34743933036646,26.084350736234637,26.122716662540192,7935180
2019-02-12,26.265228271484375,26.369368554683987,26.029542213117775,26.259746586814465,6463220
2019-02-13,26.254257202148438,26.320028604751037,26.183004116483623,26.199446234288946,6134591
2019-02-14,26.232343673706055,26.352926091387484,26.051468581492678,26.226861988497248,5434432
2019-02-15,26.451576232910156,26.451576232910153,26.270701198591844,26.40772862803951,8591877
2019-02-19,26.591299057006836,26.624435469468494,26.34830362161749,26.530549459760078,6781194
2019-02-20,26.580251693725586,26.69622765658104,26.398005861808148,26.513981824663603,8156275
2019-02-21,26.779067993164062,26.850864053335055,26.4145762784421,26.4311459632191,13338067
2019-02-22,26.917139053344727,27.01102213721945,26.756983124947855,26.839822703801257,5959481
2019-02-25,26.740413665771484,27.044155803684124,26.61339417257896,27.038632574936997,5610664
2019-02-26,26.817726135253906,26.92265565190554,26.66309347425127,26.86190605165528,7564912
2019-02-27,26.67413902282715,26.94474469357817,26.64100260985434,26.701749254440468,6948172
2019-02-28,26.834291458129883,26.944744196938245,26.558162564706656,26.62995566349302,8806242
2019-03-01,26.806678771972656,26.96683465550379,26.690705756945178,26.89504155538223,6623328
2019-03-04,26.75697135925293,26.95578685179678,26.563682047187584,26.87294730936995,5228899
2019-03-05,26.740413665771484,26.817730007436424,26.6520508666123,26.707277246887006,6144125
2019-03-06,26.745935440063477,26.839818509266124,26.596823039991254,26.75697894335891,4967146
2019-03-07,26.812210083007812,27.033115631330897,26.773553384210448,26.845346505976,5800635
2019-03-08,26.939226150512695,26.961316111803406,26.679663936549925,26.83981984790538,4774371
2019-03-11,27.10491180419922,27.138048230897457,26.88952946105912,26.944755854356526,6314888
2019-03-12,27.31476593017578,27.36999231338999,27.138043276049366,27.160133238615366,6786381
2019-03-13,27.40864372253418,27.447303364766302,27.25401106080139,27.298190977411373,6524768
2019-03-14,27.403121948242188,27.6074577654003,27.29266919726007,27.408645176510895,5745256
2019-03-15,27.612987518310547,27.723440295391427,27.298198875789264,27.364471723477273,16841805
2019-03-18,27.430736541748047,27.66268555853853,27.320286738703643,27.61850563732077,7827226
2019-03-19,27.10491180419922,27.425220750285646,26.97236905100523,27.408654013736008,9156041
2019-03-20,27.115951538085938,27.381037007592855,27.005501720456845,27.18774761154303,6696513
2019-03-21,27.425214767456055,27.474917919861152,27.049679509995496,27.115949395336187,11997615
2019-03-22,27.767623901367188,27.872553462767524,27.408655281923657,27.45835844747128,10215813
2019-03-25,27.822837829589844,27.883587428525274,27.6461152142114,27.784181141974763,8260724
2019-03-26,27.9885196685791,28.02717931763655,27.78970705513615,27.922249781964243,5859659
2019-03-27,27.90567970275879,28.08240233280736,27.72895707271022,28.005085997561235,7215253
2019-03-28,27.48044204711914,27.96643008296749,27.39208219710948,27.933296616013074,7575567
2019-03-29,27.68477439880371,27.6958208554602,27.38655551225487,27.45282539139971,7980464
2019-04-01,27.52461814880371,27.806270300383687,27.303715600865726,27.800750025723687,5906626
2019-04-02,27.773136138916016,27.806269600433968,27.557753871059717,27.789702869674993,8945882
2019-04-03,27.579845428466797,27.773137748648384,27.50805231955287,27.75104778849011,6050892
2019-04-04,27.414169311523438,27.66820828430643,27.33132974554687,27.646118324098968,5588933
2019-04-05,27.557758331298828,27.590894751777853,27.34789925759568,27.452828794447257,7053322
2019-04-08,27.403121948242188,27.6074577654003,27.303715653797482,27.541187886969833,8931862
2019-04-09,27.347900390625,27.52462305117078,27.254017307909642,27.358946849108467,7384614
2019-04-10,27.36998748779297,27.75656619493797,27.34789457552375,27.585366800036795,6293858
2019-04-11,27.49148178100586,27.502525282756725,27.270576302816345,27.325802672363725,5014253
2019-04-12,27.447303771972656,27.51909687592846,27.171171905068963,27.419690585282286,9170762
2019-04-15,27.717920303344727,27.773146698335754,27.452834788827403,27.50806118381843,7059911
2019-04-16,27.17117691040039,27.723437792344484,27.115950526846138,27.657164950640006,5162444
2019-04-17,26.99997901916504,27.23745130050886,26.944752632471257,27.22088161234156,7268529
2019-04-18,27.281625747680664,27.403122001839822,26.961313950645227,27.060720245284358,12187165
2019-04-22,27.32581329345703,27.469402500810514,27.231930200894286,27.331336523278093,8559350
2019-04-23,27.469398498535156,27.59641799791878,27.231926233218502,27.34789927456946,9215346
2019-04-24,27.65163230895996,27.800741705713538,27.46386327956817,27.496999685601338,9819328
2019-04-25,27.828357696533203,27.982990335513765,27.502522737082966,27.54670560078985,5867510
2019-04-26,27.87255096435547,28.181816390529754,27.867027734545466,27.96091378051905,6970464
2019-04-29,27.657163619995117,27.861499457155762,27.436261050004635,27.817319533877324,7426815
2019-04-30,28.13763427734375,28.165247470653707,27.596419823506668,27.728962560674734,10656602
2019-05-01,27.773136138916016,28.065834739644075,27.76761291079705,28.0326983245282,7704691
2019-05-02,27.463869094848633,28.01060661897668,27.187740195696204,27.98299343370166,6599915
2019-05-03,27.546709060668945,27.64059211984268,27.38655317440969,27.47491300572667,6444994
2019-05-06,27.27610206604004,27.63507054786954,27.198785732206026,27.574320945000686,7364285
2019-05-07,27.10491180419922,27.342381160339535,26.999982247653936,27.237454557393207,6526590
2019-05-08,26.82876968383789,27.149081462294998,26.745933078841873,27.03310844314187,7786287
2019-05-09,26.928180694580078,27.022063761659354,26.69070845912293,26.88399782160333,6234694
2019-05-10,27.24297332763672,27.29267648813661,26.779075193905197,26.939231134893202,5695345
2019-05-13,27.51357078552246,27.56327392567473,27.13803562063893,27.176692305825103,5779324
2019-05-14,27.242652893066406,27.570879490746712,27.209273261461632,27.470740595932394,6916627
2019-05-15,27.131389617919922,27.376168625850873,27.11470128964526,27.264905169947994,6331993
2019-05-16,27.209270477294922,27.348349782019543,27.05906661335829,27.153641730681674,6427609
2019-05-17,27.24821662902832,27.365040876593106,26.99231306267031,26.99231306267031,5783390
2019-05-20,27.220401763916016,27.4429257068721,27.14808170560106,27.314973918998874,6363117
2019-05-21,27.220401763916016,27.45405324289456,27.142517937589833,27.24821762869515,5427422
2019-05-22,27.4095458984375,27.470738413695482,27.15364235210897,27.270466590529967,6584633
2019-05-23,27.626506805419922,27.66545020281177,27.370603252079523,27.420671209242784,5125852
2019-05-24,27.57087516784668,27.821214927438877,27.54862010008165,27.632067678371193,5883633
2019-05-28,27.136953353881836,27.60425629779249,27.075757858151775,27.582004201693444,6027899
2019-05-29,26.842105865478516,27.237088745585663,26.780913346212472,27.220400417654353,5080147
2019-05-30,26.72528076171875,26.981184316596128,26.680776571812274,26.897736729063915,4585942
2019-05-31,26.747535705566406,26.864362935610195,26.525011757056124,26.72528360824309,7204037
2019-06-03,26.992305755615234,27.042373701771577,26.69745886970201,26.875478564399696,5241237
2019-06-04,27.098012924194336,27.136953348540764,26.53613485287719,26.986749468444103,4770866
2019-06-05,27.659883499145508,27.798962796100383,27.14807644679387,27.209268957232865,6378679
2019-06-06,27.943601608276367,28.01592164927882,27.60425051942884,27.665446002348922,6501635
2019-06-07,27.7878360748291,28.472102070469965,27.7878360748291,28.244011421738662,8104401
2019-06-10,27.57644271850586,27.793405880181126,27.398422959688,27.793405880181126,5242218
2019-06-11,27.376169204711914,27.643200314414347,27.21483778529682,27.504120991594956,5856855
2019-06-12,28.065996170043945,28.088251241971953,27.320537543488573,27.47630519532265,7257313
2019-06-13,27.91023063659668,28.18838930403906,27.715522544664235,28.110505472210637,5301943
2019-06-14,28.26070785522461,28.34415545099202,27.85460038787777,27.91579291121889,5763201
2019-06-17,28.065996170043945,28.294086855090054,27.949171918806883,28.244015918529033,5606738
2019-06-18,27.760021209716797,28.199508246368286,27.548621854696172,28.155004058556564,7639919
2019-06-19,27.815654754638672,27.915790671414403,27.437363182899603,27.626507481130727,9345171
2019-06-20,27.94916534423828,28.077117101340857,27.632066347180302,27.88240906998853,6845405
2019-06-21,28.038177490234375,28.07155414067944,27.7043871835727,27.91022275418157,11489110
2019-06-24,27.904659271240234,28.132746911905716,27.754455432895362,27.949163451058844,7206981
2019-06-25,27.28160285949707,27.871293958317022,27.259347782885552,27.826789755649227,7929712
2019-06-26,26.58620262145996,27.2537773258916,26.5695113199194,27.18145430310231,8680062
2019-06-27,26.458248138427734,26.74196753937385,26.358112229302822,26.691899584811395,8728992
2019-06-28,26.669649124145508,26.736408384500887,26.424873103580527,26.47494106120867,9433217
2019-07-01,26.7308406829834,26.78090863324311,26.42486921466819,26.686336499480618,6164594
2019-07-02,27.16476821899414,27.170331986633556,26.769785345747867,26.792037441028715,10241750
2019-07-03,27.27603530883789,27.37617123859655,27.098015547569467,27.1925877089466,4992242
2019-07-05,27.37060546875,27.403985101321084,26.808730359401206,27.09244979806294,6425927
2019-07-08,27.131389617919922,27.40398448982659,27.025689929867575,27.342788994024623,9466024
2019-07-09,27.24821662902832,27.30384835654561,26.936681335153022,27.13138940618663,7991400
2019-07-10,27.465187072753906,27.704399399283822,27.248223872813426,27.365048151435282,8586549
2019-07-11,27.559749603271484,27.5764379300113,27.25933889501829,27.49299034575893,6140620
2019-07-12,27.2927188873291,27.654322115296146,27.270466792954057,27.60425415913312,5582343
2019-07-15,27.192584991455078,27.376168502758606,27.081321536052474,27.264905047356002,6934152
2019-07-16,26.925548553466797,27.298279270045054,26.741965078539213,27.15363918690275,8050284
2019-07-17,27.036813735961914,27.181453828461667,26.94780238846294,27.06462959610056,5584727
2019-07-18,27.125825881958008,27.18145462859632,26.8754831333409,27.103573788247363,6577343
2019-07-19,26.463817596435547,27.10357955940478,26.44156549798677,27.047947825644215,9571454
2019-07-22,26.302478790283203,26.580637381110574,26.185654562356827,26.53056942981693,7471118
2019-07-23,25.790674209594727,26.291356745680673,25.71835415917524,26.25797711653449,10854424
2019-07-24,25.30112075805664,25.75729615813037,25.095285153721317,25.673848567791943,14517149
2019-07-25,25.6627254486084,25.7406092755756,25.145354524846063,25.312246739617475,12541871
2019-07-26,25.490264892578125,25.857428889313248,25.484701125519297,25.723916331560385,7747312
2019-07-29,25.61821746826172,25.70722584291024,25.289990904734655,25.534769885571283,9639171
2019-07-30,25.61821746826172,25.835177612924937,25.518078583867236,25.623778260219805,5889101
2019-07-31,25.06746482849121,25.634903581350493,24.978453486251407,25.612651489609625,9783717
2019-08-01,24.700300216674805,25.11753515835469,24.30531736884394,24.500026909118667,11062341
2019-08-02,24.89501190185547,25.289993296078855,24.755934071858935,24.79487598326904,11046218
2019-08-05,24.711429595947266,25.20654693286554,24.650235585791258,24.92839274696691,13983408
2019-08-06,25.150915145874023,25.24548728990184,24.600163170321373,24.77818438657029,10601363
2019-08-07,25.039655685424805,25.234363771833742,24.661362586184143,25.10641197855089,7087951
2019-08-08,25.267738342285156,25.28999043553445,24.883883039362658,25.022962341266407,7232217
2019-08-09,25.145353317260742,25.4735769382609,25.106409918008847,25.373441019151596,7937703
2019-08-12,25.145353317260742,25.301120963714528,24.939516223613854,25.15091708505057,8667024
2019-08-13,25.3233699798584,25.46244928130527,24.906135050794326,25.189854445524713,9366622
2019-08-14,24.9437255859375,25.32505965915643,24.81474373061571,25.274589215577002,7940928
2019-08-15,25.039052963256836,25.212896733778415,24.853993707475297,24.910072633371982,7253247
2019-08-16,25.308223724365234,25.33626318134863,25.01100967921169,25.134381490422726,7611598
2019-08-19,25.39234733581543,25.487679709717867,25.201679588816763,25.347485395060612,5586269
2019-08-20,25.353090286254883,25.4540311382123,25.179245041934117,25.44842264661614,8643050
2019-08-21,25.48207664489746,25.566195041224365,25.263369414286327,25.358701797273703,5300261
2019-08-22,25.52693748474121,25.62226986360118,25.35309520588069,25.482075541653455,5146041
2019-08-23,25.16803550720215,25.588624464173048,25.06709313780321,25.42599617429477,9783156
2019-08-26,25.616661071777344,25.622266564546102,25.173638193850888,25.25214808374271,5579119
2019-08-27,25.930706024169922,26.356900515651784,25.913880544783748,26.132587783250496,13647629
2019-08-28,26.037254333496094,26.08772477120506,25.81293861106151,25.891448514074803,7443498
2019-08-29,26.216697692871094,26.233520167615474,25.975559559171163,26.177441252876587,5040611
2019-08-30,26.502704620361328,26.620467972447916,26.22230997407138,26.34007632535196,7675109
2019-09-03,26.872825622558594,26.88964810320365,26.3400787448653,26.401766172554293,7998550
2019-09-04,26.917688369750977,27.052277216490968,26.72141209349013,27.024237748453704,7184549
2019-09-05,26.984975814819336,27.074702694160386,26.72140666829758,26.799919562217088,12926440
2019-09-06,26.984975814819336,27.34948582610368,26.895251934672032,27.237330975919555,6747405
2019-09-09,26.93450355529785,27.057875381728163,26.794309252279536,26.872819141679468,7005233
2019-09-10,27.113954544067383,27.181250449405773,26.833562936340268,26.87842487377015,8463874
2019-09-11,27.327062606811523,27.34388808850665,26.889651069046508,27.06349338553392,5083512
2019-09-12,26.850393295288086,27.528939969694743,26.844784802291,27.478469531109173,10654779
2019-09-13,26.50831413269043,26.85039321496604,26.155018064454193,26.69337040748785,11474108
2019-09-16,26.569997787475586,26.581214773110965,26.340076574696504,26.508313364063063,5920786
2019-09-17,26.51952362060547,26.72140534009601,26.39615179193832,26.51952362060547,7875455
2019-09-18,26.884037017822266,26.92889896134644,26.6260763437673,26.648507315529386,5081549
2019-09-19,26.805522918701172,26.962542695636877,26.704582061984436,26.962542695636877,5117861
2019-09-20,27.17003059387207,27.2485404756735,26.895247507163695,26.928892457083414,14513504
2019-09-23,27.091520309448242,27.153207715373043,26.956931514189815,27.074697834738394,6648845
2019-09-24,27.366315841674805,27.489687696935192,27.1812565591871,27.220510013463215,6900504
2019-09-25,27.484079360961914,27.506513334041486,27.186865207988763,27.36070750499559,6336339
2019-09-26,27.57941246032715,27.657922362007817,27.349488248895604,27.506511051450957,5377792
2019-09-27,27.24293327331543,27.60744624103452,27.07469951817694,27.60744624103452,6509065
2019-09-30,27.091520309448242,27.36630639126612,27.041049886125485,27.248540070717542,5462192
2019-10-01,26.906463623046875,27.113953827165933,26.8111312587306,27.052269414629194,6557434
2019-10-02,26.704586029052734,26.979372179107504,26.654115593196792,26.94572422213889,5987942
2019-10-03,26.760662078857422,26.7943100322064,26.553171865060385,26.771876063844662,6782596
2019-10-04,27.17003059387207,27.1924615602163,26.727010760792098,26.889639015779327,4701467
2019-10-07,27.175640106201172,27.242933007761945,26.906462501571347,27.046659795481332,6570753
2019-10-08,26.7887020111084,27.170034492057994,26.777485026730314,27.01301470592692,6145527
2019-10-09,26.867218017578125,26.979375890104787,26.693372715322926,26.777491119717922,4273436
2019-10-10,26.59242057800293,26.766265806701135,26.40736136631351,26.738226350433457,6922095
2019-10-11,26.642894744873047,26.884032902996733,26.603641300095955,26.665328712395404,6187026
2019-10-14,26.4185848236084,26.727015918955203,26.300818478581387,26.698976455815146,3741097
2019-10-15,26.390544891357422,26.564390159574323,26.31764348816668,26.429798339539445,4764136
2019-10-16,25.184856414794922,26.21670201799504,25.089522543930343,26.21670201799504,16234179
2019-10-17,24.708187103271484,24.887637839053333,24.349284132111112,24.842774405309534,27450599
2019-10-18,25.050270080566406,25.10634901011669,24.629681108133294,24.67454455169292,28476162
2019-10-21,25.07270050048828,25.16803437300335,24.926896195346664,25.11195544804191,10353349
2019-10-22,25.375530242919922,25.386744230891516,25.005411655163165,25.21851041776217,11969014
2019-10-23,25.599836349487305,25.67834624169027,25.325053226373758,25.521326457284342,12215065
2019-10-24,25.897052764892578,25.941914702353234,25.549365251588576,25.549365251588576,9646040
2019-10-25,25.73442840576172,25.93070466058644,25.577408601579556,25.863408744968925,8948125
2019-10-28,25.571796417236328,25.734424690775498,25.482072541624095,25.70077673782411,8927235
2019-10-29,25.717605590820312,25.77929001360497,25.442819437490673,25.560585788687373,7619870
2019-10-30,26.166234970092773,26.17184046386177,25.650310602175868,25.69517554668653,10608093
2019-10-31,25.51011085510254,26.177443396927792,25.30822614566863,26.076502541807567,11574772
2019-11-01,25.42599105834961,25.751244573468238,25.369912142144567,25.48206997455465,7900691
2019-11-04,24.954936981201172,25.53254574006364,24.83156363966283,25.48768079819902,9351200
2019-11-05,25.111955642700195,25.229718986677064,24.848386492854598,24.94372036610866,9763528
2019-11-06,25.134387969970703,25.308230248729082,25.033445598888612,25.134387969970703,8759696
2019-11-07,25.067092895507812,25.117563329920966,24.87081815079169,25.016622461094656,6733385
2019-11-08,25.07270050048828,25.162425880668454,24.87642576272012,24.994190605381018,5820683
2019-11-11,24.685758590698242,25.07270108247829,24.62967966443509,25.05026861221488,5126273
2019-11-12,24.85399055480957,24.971755384496294,24.652108846544735,24.685755298056634,6274090
2019-11-13,24.954936981201172,25.117563772777903,24.85399461099818,24.898858053265837,6312645
2019-11-14,25.233678817749023,25.250641164168243,24.88878634149677,24.94532648827395,6724413
2019-11-15,25.454181671142578,25.46548788479832,25.16582786501665,25.329793665837464,6435460
2019-11-18,25.674686431884766,25.78211210056114,25.425913427268284,25.5446453104124,8846059
2019-11-19,25.652069091796875,25.917805934354767,25.589877357148627,25.731224682689433,13557620
2019-11-20,25.646413803100586,25.691647728043492,25.177134888752082,25.555952000935207,35516305
2019-11-21,25.09798240661621,25.64641543270758,25.024479919791233,25.555953624794135,11819701
2019-11-22,25.1205997467041,25.21106459072225,24.917057627489292,25.199756863202584,8201700
2019-11-25,24.973596572875977,25.21671799458274,24.939671880022303,25.12059853547411,11220767
2019-11-26,24.883129119873047,25.018824853175648,24.77005035007433,24.934016153809157,15425785
2019-11-27,25.03013801574707,25.064061198426963,24.775708853891437,24.934020063591756,5866248
2019-11-29,25.103635787963867,25.228022287134284,24.99055550297598,25.06405799060415,5472707
2019-12-02,24.82659149169922,25.1149438026431,24.792668312971212,25.047095933256852,9941582
2019-12-03,25.02448081970215,25.052750891656828,24.770051684040293,24.979249914118867,8735161
2019-12-04,25.182790756225586,25.256291730095096,24.900091562718632,24.928361633262345,7201093
2019-12-05,25.36371421813965,25.380675048798427,25.01316871352832,25.24498084387823,8189222
2019-12-06,25.36371421813965,25.612490203008324,25.22236539504653,25.352406493723798,6228806
2019-12-09,25.403303146362305,25.46549489824786,25.261952757783977,25.391993905731585,4786007
2019-12-10,25.284557342529297,25.527678696794545,25.261941894853898,25.47113856567613,7968407
2019-12-11,24.99055290222168,25.233674280099944,24.88312724743501,25.154518693618193,7840685
2019-12-12,24.934019088745117,25.182793621129214,24.77005326571019,25.018827798094282,9644498
2019-12-13,24.775699615478516,24.950971595197807,24.634349293859927,24.934010766147455,10092718
2019-12-16,25.273250579833984,25.307173752637183,24.849202604179155,24.871818052714623,10223104
2019-12-17,25.431562423706055,25.493754149179797,25.120591700897954,25.397637740082292,10168426
2019-12-18,25.652069091796875,25.669032948041185,25.14321236974336,25.527682598640084,9037292
2019-12-19,25.431562423706055,25.669029161352693,25.103630871015998,25.589873582137148,12812457
2019-12-20,25.697298049926758,25.855609219734806,25.431564251333302,25.640760938303938,16771705
2019-12-23,25.555953979492188,25.77645993109738,25.35241037307129,25.697301312283845,9336899
2019-12-24,25.623802185058594,25.691651570690937,25.493761057100713,25.6011867311347,2749042
2019-12-26,25.623802185058594,25.73688247853872,25.522031130470744,25.550301203840778,4811664
2019-12-27,25.674686431884766,25.742535814133273,25.52768447678053,25.669034836581154,4897887
2019-12-30,25.657724380493164,25.844305637030317,25.578568787533776,25.669033618284665,5076642
2019-12-31,25.77646255493164,25.80472960527897,25.544647341653196,25.663382258099304,5174922
2020-01-02,25.68600082397461,25.883888343540065,25.584229754042532,25.883888343540065,7026544
2020-01-03,25.76515007019043,25.87823035277858,25.62379971695524,25.62945433585672,7550611
2020-01-06,25.804723739624023,25.872573111844932,25.663376424573922,25.748183604059957,7783203
2020-01-07,25.82734489440918,25.8329964894643,25.510719497605404,25.742534682257833,9501775
2020-01-08,26.01392364501953,26.110040061880174,25.799072337815655,25.8273424058088,8607579
2020-01-09,26.093080520629883,26.115698997851894,25.770806530403927,25.963039395906282,7459902
2020-01-10,26.155277252197266,26.251396716037405,26.076121647549346,26.17789270725941,8045377
2020-01-13,26.115703582763672,26.33620655964478,26.076124264537142,26.138319040095492,9328768
2020-01-14,25.900846481323242,26.064812290588478,25.765150743443755,26.059157671539236,8804139
2020-01-15,26.319246292114258,26.52278843636608,26.013933075736528,26.036548533557706,8239975
2020-01-16,26.42666244506836,26.590628234909445,26.31923679130076,26.375776927374243,8080988
2020-01-17,26.794172286987305,26.839403189646664,26.421009780396794,26.55105089343769,10607953
2020-01-21,26.901599884033203,26.918560717785567,26.70370937890646,26.822444286754614,7146555
2020-01-22,26.946836471557617,27.088186862165486,26.85637464065752,26.895950935711017,12269182
2020-01-23,27.110795974731445,27.139066046236536,26.822443664467887,26.95248478384712,8518552
2020-01-24,26.986404418945312,27.235177372953842,26.88463339013638,27.054250763531304,6731282
2020-01-27,26.72633171081543,27.235187035390624,26.68109777451688,27.003374829321814,7642442
2020-01-28,26.986404418945312,27.088175447754246,26.703703756853937,26.720667610895358,7176137
2020-01-29,27.031635284423828,27.297372092169898,26.901594189554466,26.9468250858934,9148190
2020-01-30,27.172990798950195,27.223876323003626,26.799828273318067,26.92421477390862,7347181
2020-01-31,26.907255172729492,27.229529165206266,26.715019282023935,27.139067351128787,9646741
2020-02-03,27.252140045166016,27.308680175132345,26.912899265368043,26.95813318365697,8584306
2020-02-04,27.189950942993164,27.427417723842094,27.07687065958118,27.20126018087852,8540143
2020-02-05,27.325651168823242,27.387842915831676,27.037298817825175,27.144724499948072,7098326
2020-02-06,27.28607177734375,27.46134684971818,27.252150105928795,27.336957308327065,5835825
2020-02-07,27.246488571166992,27.466991474846143,27.223873121342987,27.348259607305078,6773623
2020-02-10,27.3143310546875,27.342601118931317,27.172983757328115,27.30302484330579,5926815
2020-02-11,27.896697998046875,27.970202000089092,27.31433874408495,27.31433874408495,8674735
2020-02-12,27.851469039916992,28.055011154920013,27.710118669020034,27.9532400974185,7402139
2020-02-13,28.026735305786133,28.100239297823386,27.823193232723288,27.958888956051894,7242031
2020-02-14,28.134164810180664,28.14547404861381,27.891043398612986,28.0437029981577,5107626
2020-02-18,28.48471450805664,28.57517935225035,28.071975649101,28.22463223880836,7238666
2020-02-19,28.258527755737305,28.509206452537573,28.144581231542062,28.38956503975208,5640947
2020-02-20,28.400957107543945,28.446534497198403,28.15597330585867,28.19015787161167,5250911
2020-02-21,28.326887130737305,28.509199698040945,28.28700768493198,28.395253200842294,10307925
2020-02-24,27.81414031982422,28.754193144669447,27.802747494476677,28.514907248074724,8397279
2020-02-25,27.136165618896484,27.848325385159285,27.067796477496604,27.78565418004685,10669500
2020-02-26,26.80571746826172,27.5178801643794,26.794324644586,27.45520896957806,9675482
2020-02-27,25.717538833618164,26.85699497413822,25.70614296199243,26.839904213724118,11601830
2020-02-28,24.56098747253418,25.273148617843766,24.110902396548603,25.261752747580577,20859797
2020-03-02,25.882766723632812,25.888464660773938,24.44135316628919,24.60657353771799,13534628
2020-03-03,25.17629623413086,26.53794590883785,25.090836341953217,25.683353081110134,16336104
2020-03-04,26.6746826171875,26.70316924950488,25.35861025930539,25.415583523940157,11412000
2020-03-05,26.281572341918945,26.429700401335392,25.803000546385437,26.06507514198359,11901438
2020-03-06,25.734636306762695,25.84857980412795,24.81737210906658,25.073748786919563,13209083
2020-03-09,23.8773136138916,25.41558093792703,23.432926460790785,24.492620543505772,17452096
2020-03-10,24.566692352294922,24.8857402455645,23.290499255704116,24.316010558858114,18634262
2020-03-11,22.680889129638672,23.974172933766923,22.430208870503943,23.974172933766923,12817505
2020-03-12,20.094322204589844,21.780717851121015,19.61005246903792,21.36481573311274,18593745
2020-03-13,20.7153263092041,21.649681239435598,19.42774045455029,20.59568335558345,16002989
2020-03-16,17.382413864135742,20.276634889029726,16.966511745033554,18.897891232550013,12094493
2020-03-17,20.510223388671875,20.65265656411233,16.76141085311245,17.82110514671993,19085987
2020-03-18,18.823827743530273,19.78666930860382,17.616003858372498,19.28530727204759,13570939
2020-03-19,18.46489906311035,19.564475878301888,17.382414533886344,18.789644878931284,10488222
2020-03-20,17.661582946777344,19.074508180888095,17.559030754513813,18.61302864799572,12120290
2020-03-23,17.08045768737793,18.197125183097604,16.681647867478045,17.917958309167688,13594493
2020-03-24,19.661327362060547,19.69551193182483,17.866683154805752,17.923654898558997,15638329
2020-03-25,19.684118270874023,20.686839278116125,18.914983706450684,19.387859098955957,12643937
2020-03-26,20.84636116027832,21.074252691348555,19.518894477218648,19.69551068041272,9752592
2020-03-27,20.225358963012695,21.00588632238217,19.75818152520739,19.940494151444277,9277595
2020-03-30,21.210987091064453,21.353418721135597,20.22535698112631,20.333605568444764,10074912
2020-03-31,20.971704483032227,21.626890997369333,20.641262257646463,20.96600654659781,14844096
2020-04-01,19.074506759643555,20.384882750879314,18.766853252801138,20.05444054679296,8181371
2020-04-02,19.7581787109375,20.105713152614978,18.778245056589032,19.01753243927133,6045704
2020-04-03,18.658605575561523,19.627145061841503,18.45350424322921,19.47901547542795,8987381
2020-04-06,20.69253158569336,20.852053953895744,19.410642517197843,19.439129144077118,9670435
2020-04-07,20.39057731628418,21.587008189405168,20.310815359643595,21.398997645393475,8691559
2020-04-08,21.416093826293945,21.609800817599385,20.270938070663036,20.396278963987115,9259509
2020-04-09,22.304866790771484,22.692280720095617,21.63258654147792,21.63258654147792,13123982
2020-04-13,21.507244110107422,22.601122777423022,21.193894227825293,22.601122777423022,7913168
2020-04-14,22.259286880493164,22.299167858804847,21.712347531716915,22.139643945558117,7044069
2020-04-15,21.097042083740234,21.81489974472489,20.966004791840028,21.746532130796023,8279511
2020-04-16,21.13692283630371,21.433181985620564,20.74950737723835,21.165409468758668,6367183
2020-04-17,21.900360107421875,21.96872772280051,21.313539725893612,21.661074215352816,8010467
2020-04-20,21.119829177856445,21.564216317346517,21.091342549310045,21.45596773827502,6933311
2020-04-21,20.327911376953125,20.914731811964693,20.065836763709594,20.703932534050335,11058555
2020-04-22,21.19389533996582,21.42178686790776,20.521616627522487,20.89763620129008,5731656
2020-04-23,20.69253158569336,21.433177790506605,20.48173085148912,21.08564338019861,6435881
2020-04-24,20.85205841064453,21.022978208451182,20.43615783514945,20.85205841064453,7518926
2020-04-27,21.552824020385742,21.626888042840502,20.98879390146662,21.068554336065173,5787596
2020-04-28,21.558523178100586,22.236501431897725,21.40469717794466,21.695258416136348,8890643
2020-04-29,21.831993103027344,22.247895219504503,21.661074821553647,22.076976938030807,6436302
2020-04-30,21.125530242919922,22.13964712970017,20.89194227500476,21.62119433708399,6952378
2020-05-01,20.39627456665039,20.994489221358595,20.219658376161643,20.81787303086985,6808533
2020-05-04,20.19687271118164,20.424764260040565,19.860732562351295,20.40197556220838,8642769
2020-05-05,20.4361572265625,20.800782461261996,20.322210698084717,20.339302982058836,6779091
2020-05-06,19.644237518310547,20.544409463621605,19.621448817977363,20.510224889609304,7051499
2020-05-07,19.963285446166992,20.179782670185848,19.786670733058216,19.872129121188667,9224179
2020-05-08,21.324934005737305,21.353420639012523,20.04304617293872,20.10571585203681,11426580
2020-05-11,21.239473342895508,21.43318029539629,20.646955090987895,20.914727586733203,10123702
2020-05-12,20.98309326171875,21.398995282131043,20.92612000654972,21.051460863219184,10488082
2020-05-13,20.327911376953125,20.90333746228182,19.99746914209988,20.789390918428136,10290400
2020-05-14,20.79036521911621,20.934342354720258,19.966813046577368,20.323878314131203,8849985
2020-05-15,20.323877334594727,20.67518282217358,19.926498365020485,20.50816818248925,16426813
2020-05-18,21.619670867919922,21.79244370072013,20.744288720404622,20.91706155320483,8842975
2020-05-19,21.141672134399414,21.510255412591707,21.12439438416004,21.366276727336444,7440554
2020-05-20,21.291404724121094,21.579360496176687,21.222295277226017,21.239573023960634,6915365
2020-05-21,20.98617935180664,21.395074859594363,20.957382071487995,21.187746453642315,6106832
2020-05-22,21.222301483154297,21.239579234941356,20.89403189941934,20.940105390836887,4691793
2020-05-26,21.654232025146484,21.965223821586815,21.481459147133783,21.769414970517392,7994344
2020-05-27,21.850040435791016,22.189827961725072,21.52753219936669,21.999777337728798,8443966
2020-05-28,22.034330368041992,22.293490438937482,21.798207808811664,22.114959348804724,9833067
2020-05-29,22.063129425048828,22.253180056389578,21.625436688617125,22.097683385272745,9767033
2020-06-01,22.36836051940918,22.437469976982754,21.988259272776325,22.068886716604894,5354939
2020-06-02,22.420190811157227,22.49506002715016,22.097681056217876,22.420190811157227,5697728
2020-06-03,22.98458480834961,23.065212253840816,22.546893621416046,22.616003080414746,6408963
2020-06-04,22.44898796081543,22.973066345644572,22.24741935126576,22.96154835939082,8093466
2020-06-05,23.243745803833008,23.71023274526771,22.754221348468455,22.98458570746097,7827506
2020-06-08,24.107614517211914,24.165204458501826,23.22071248086448,23.422279585445008,7405224
2020-06-09,23.330127716064453,23.808132535853826,23.19766704620098,23.70446913687172,11501587
2020-06-10,23.036418914794922,23.612329079656032,22.86940578320842,23.57201689275913,11643610
2020-06-11,21.913387298583984,22.771494877259297,21.723338239191296,22.70238542836949,15589539
2020-06-12,21.832761764526367,22.368358077189637,21.556323964414066,22.27045289464624,10904896
2020-06-15,22.063129425048828,22.155273318979265,21.066802781336186,21.291408912944537,8544489
2020-06-16,22.224380493164062,22.892437515827353,22.011295450305262,22.616001242343028,7196746
2020-06-17,22.143753051757812,22.328045440770353,21.838521044394728,22.27621219570701,6830544
2020-06-18,21.99977684020996,22.045850324396426,21.77517226240447,21.965222882102807,6274371
2020-06-19,21.613916397094727,22.351081330324476,21.55632492948573,22.178308467541015,18706325
2020-06-22,21.63695526123047,21.792450396514013,21.337482977716558,21.49873633650483,6525889
2020-06-23,21.452661514282227,21.89035420392788,21.418106017708347,21.87883467837424,7668940
2020-06-24,21.003456115722656,21.406594950116563,20.87099693901393,21.199266538717747,9354845
2020-06-25,20.398744583129883,20.94585889263442,20.17414002070903,20.94585889263442,12826477
2020-06-26,19.989849090576172,20.496651258600593,19.863149703602765,20.410264052901237,14001073
2020-06-29,20.727012634277344,20.732770856473778,20.03016148551588,20.220210538778968,6802364
2020-06-30,20.8997859954834,21.055281099266217,20.496648830072296,20.559998516053064,7203055
2020-07-01,21.516010284423828,21.590879497102918,20.755809412876165,20.81915910049427,7950041
2020-07-02,21.585121154785156,21.907630916669465,21.5217714629989,21.613916889245335,6042199
2020-07-06,21.539047241210938,21.965221946644068,21.325960658516138,21.7578935867001,5343162
2020-07-07,21.308679580688477,21.354753055713765,21.03224335066663,21.26260764570648,6823254
2020-07-08,21.39507293701172,21.464182399452156,21.032249414232222,21.32596347457128,6196980
2020-07-09,21.0898380279541,21.325960580879684,20.669423086845836,21.256851127816617,7613140
2020-07-10,21.533294677734375,21.60816237347622,21.026492400246124,21.147433590321057,5419711
2020-07-13,21.579362869262695,21.72909822395117,21.366274742884794,21.51025341476764,7993924
2020-07-14,21.809720993041992,21.92490390587871,21.43537960640911,21.43537960640911,10156368
2020-07-15,21.913387298583984,22.22437904856641,21.832761404929876,21.947942793050604,7136040
2020-07-16,21.919153213500977,22.12072185432316,21.780934276924658,21.93643096558398,5829516
2020-07-17,22.69087028503418,22.759978202534622,22.11496019222513,22.258937330416487,9739273
2020-07-20,22.06888771057129,22.60448410583484,21.95370630279006,22.506580448236086,7623235
2020-07-21,22.305009841918945,22.414431476540557,21.96522233217609,22.14951318422082,9745302
2020-07-22,22.454744338989258,22.477781849647567,21.786688870811723,22.028571182397744,14618654
2020-07-23,22.25318145751953,22.633281204089606,22.126480515300315,22.489304050692514,8751564
2020-07-24,21.76941680908203,22.42019465322405,21.602402140206237,22.16103454429546,7607392
2020-07-27,21.64271354675293,21.884595878482283,21.331721757380386,21.786690685150795,8089680
2020-07-28,21.86731719970703,22.224380918970866,21.54480743777445,21.58512115801602,9613935
2020-07-29,22.207103729248047,22.212861951860422,21.769412588837653,21.896111966831732,7577950
2020-07-30,22.155271530151367,22.166791056006268,21.63119470549595,21.913389207982608,5959341
2020-07-31,22.23590087890625,22.2474188649082,21.855799640623914,22.063128008789803,12909616
2020-08-03,21.878833770751953,22.143752046625377,21.711820677718325,22.103438328990574,6623188
2020-08-04,22.3165340423584,22.42019748299623,21.504499650578076,21.63120060916964,9970744
2020-08-05,21.723339080810547,22.41443051639647,21.60239792557866,22.28197137591062,7412795
2020-08-06,21.82700538635254,21.85580112333273,21.510255359657833,21.683028241495283,6345172
2020-08-07,22.420190811157227,22.49506002715016,21.734857581911108,21.82700300617328,8779044
2020-08-10,22.063129425048828,22.627521555678573,21.85580104357428,22.425952937596524,10884848
2020-08-11,21.82700538635254,22.31652983492838,21.723341965258808,22.1955886636378,9081595
2020-08-12,22.29349136352539,22.42019229278605,21.832764211767596,21.884595920087623,6856481
2020-08-13,22.068384170532227,22.260333938063507,21.946234459869867,22.202166964767233,5741611
2020-08-14,22.062572479248047,22.114922142705314,21.841539184265535,21.957871596900205,4645807
2020-08-17,21.719390869140625,21.94042417855468,21.608874214433595,21.86480833872009,10733151
2020-08-18,21.56233787536621,21.87643581844959,21.457637005571964,21.765919184209235,5781287
2020-08-19,21.53325653076172,21.754288265815987,21.457639141968638,21.620507005038363,6435881
2020-08-20,21.120271682739258,21.661220223001926,21.102821278250193,21.637954053971942,5093606
2020-08-21,21.242422103881836,21.28313867874374,20.92250526971933,21.201705529019932,8883212
2020-08-24,21.9229679107666,21.952051396908022,21.25405239581287,21.41110290988995,8036404
2020-08-25,21.59723663330078,21.986953504148733,21.434370345613008,21.97531886465696,5350032
2020-08-26,21.68448829650879,21.696121381211036,21.259872149994383,21.527437764445544,9256845
2020-08-27,21.4576358795166,21.85316850298677,21.335486167361097,21.60886907867576,7669220
2020-08-28,21.544889450073242,21.55652253546708,21.318040396310202,21.4634562968831,5511262
2020-08-31,21.469270706176758,21.70193706566153,21.376204473469482,21.376204473469482,5585848
2020-09-01,21.13190269470215,21.376202111856323,21.00975298612506,21.347118625704685,6132068
2020-09-02,22.12073516845703,22.237069122118424,21.08537200238271,21.387836859949473,13431861
2020-09-03,21.690305709838867,22.30687168938887,21.42855739555974,22.126554974215132,11790820
2020-09-04,21.573974609375,21.928790740771205,21.312224723758664,21.82990717412799,8397559
2020-09-08,21.184253692626953,21.573970565283126,20.980670832072644,21.387836553181263,8510701
2020-09-09,21.329666137695312,21.57978127612899,21.254048775521238,21.405281944436656,6263996
2020-09-10,20.846893310546875,21.3296765337894,20.777093232762805,21.3296765337894,8555004
2020-09-11,20.8410701751709,20.96903564299754,20.71892047110023,20.939952157918867,6451724
2020-09-14,21.091188430786133,21.22497123736191,20.730556585035472,20.7654558389727,5136788
2020-09-15,21.038837432861328,21.440187382472466,20.934138122281496,21.184253314825884,4641321
2020-09-16,21.091188430786133,21.39365485330808,20.887605560902735,20.99230487814758,7892699
2020-09-17,20.899240493774414,20.939957071351866,20.60840868561164,20.922506665123443,9933450
2020-09-18,20.399005889892578,20.94577173527965,20.26522308845385,20.916688247065473,11884754
2020-09-21,20.212875366210938,20.230325771896066,19.7824434324883,20.148892619276474,7313954
2020-09-22,20.480443954467773,20.585144848276354,20.247777548297062,20.30594453869811,6237358
2020-09-23,20.05582618713379,20.58514327052004,20.009293842726223,20.462993533300143,7070987
2020-09-24,20.247772216796875,20.445539309912412,19.75917335912282,19.95694045223836,6442050
2020-09-25,20.660757064819336,20.730557129961728,20.03255803397103,20.17215816425581,7285633
2020-09-28,20.78872299194336,21.073740578699717,20.730557565962382,20.83525688816138,6535423
2020-09-29,20.544418334960938,20.905051661901815,20.445536358112207,20.846884695214673,4595616
2020-09-30,20.800357818603516,21.00394227059793,20.65494190832659,20.73637506695101,9896998
2020-10-01,20.8410701751709,21.02720261315489,20.67238658388776,20.887602506950426,6627394
2020-10-02,20.90505599975586,21.056289211264012,20.486257174658824,20.678205404777042,7260537
2020-10-05,21.399471282958984,21.457638263428553,20.782906889541156,20.96903936052391,7007336
2020-10-06,21.620506286621094,22.004404316555448,21.341306022559863,21.347121787391757,8006682
2020-10-07,22.016036987304688,22.074203967128263,21.67285553938526,21.742655604086913,8730955
2020-10-08,22.871082305908203,22.894350028297843,21.777552238317508,21.777552238317508,9715159
2020-10-09,22.80128288269043,23.62724894234709,22.63841659860597,23.55163156448899,8432329
2020-10-12,23.25498390197754,23.44111636501777,22.73730153092832,22.807101593426694,8329142
2020-10-13,23.836652755737305,23.91808591552414,23.220088291884625,23.79012041039248,16998128
2020-10-14,23.865734100341797,24.284532947902093,23.836650609403364,24.04023349053915,12743199
2020-10-15,24.080947875976562,24.127481768331236,23.452750439503667,23.52254894488601,8298017
2020-10-16,24.482297897338867,24.528830234375484,23.947165133386004,24.080947935515944,9135993
2020-10-19,24.34851837158203,24.5986336053925,24.31361755867515,24.35433413677763,11562154
2020-10-20,24.662616729736328,24.813848393647458,24.453216528621052,24.552100086544925,8570566
2020-10-21,24.511381149291992,24.877830322623936,24.49974806440683,24.598631619080493,6996541
2020-10-22,24.56372833251953,24.598627581446628,24.185646136361072,24.476477877052375,6792410
2020-10-23,24.54628562927246,24.80803552233874,24.400869713317164,24.76731894143658,5808346
2020-10-26,24.255451202392578,24.296169336983077,23.871553138506293,24.086769120417802,8954153
2020-10-27,23.935535430908203,24.4357674573268,23.92971966567349,24.208918393639685,7283250
2020-10-28,23.016504287719727,23.749402690625132,22.929253811235757,23.481835496000947,8862883
2020-10-29,23.359683990478516,23.598167674853688,22.56861866324846,22.789651942563694,7670062
2020-10-30,23.2026309967041,23.41202959946029,22.95251427070873,23.10374745905094,9914523
2020-11-02,23.82501220703125,23.836645289723794,23.231712546248414,23.563263957866813,7099167
2020-11-03,24.703330993652344,25.00579742307483,24.208916330046215,24.84874844362462,9031404
2020-11-04,24.557910919189453,24.97670968187416,24.226362611637494,24.831293812085857,11246844
2020-11-05,25.052331924438477,25.22101399288207,24.61026535451753,24.697515826612424,10345638
2020-11-06,24.918548583984375,25.110496818749283,24.784765773951314,24.976714008716222,12405176
2020-11-09,25.1977481842041,26.768244260990354,25.075598454777765,25.83176300205511,11395456
2020-11-10,25.005794525146484,25.401327143452924,24.965077954959543,25.168660805894255,14047900
2020-11-11,25.50021743774414,25.5060347587822,24.941818390860927,25.127950888010854,8247545
2020-11-12,24.837112426757812,25.378060921584165,24.656795743338023,25.273361614310165,7596036
2020-11-13,25.173423767089844,25.208640453746458,24.950391552812043,25.061908444706418,5142957
2020-11-16,25.437541961669922,25.5373204785257,25.02082269040915,25.361241758463738,5763482
2020-11-17,25.279071807861328,25.55492904721685,25.126469830589492,25.16755491795072,6555892
2020-11-18,25.061906814575195,25.461017727643394,25.050166873445974,25.349500843002545,8074679
2020-11-19,24.856481552124023,24.991476758930663,24.521932444371885,24.926913356258936,7538133
2020-11-20,24.574756622314453,24.97973754602095,24.521933160049343,24.791920442520343,5706000
2020-11-23,24.398677825927734,24.827137063551916,24.298899303300516,24.821267092422257,6131927
2020-11-24,25.091251373291016,25.12646805683511,24.57475361707128,24.686270499109572,6744461
2020-11-25,24.78017807006836,24.979733514139415,24.521929202060218,24.921041659713072,4723198
2020-11-27,24.498455047607422,24.833004146457398,24.41041490240374,24.791919059264533,2416207
2020-11-30,24.105215072631836,24.369333983913055,24.01717648187888,24.34585723564709,13242871
2020-12-01,24.210861206054688,24.580627017804858,24.122821054418967,24.25194629624915,7997569
2020-12-02,24.398677825927734,24.422154571424375,23.89978835181363,24.134558945802034,7224085
2020-12-03,24.093473434448242,24.44563245828504,23.946741423397643,24.24020544549884,6114683
2020-12-04,24.023042678833008,24.263683234523956,23.788270524530823,24.240204920436085,4971913
2020-12-07,24.18151092529297,24.32824292021806,23.86456862342656,23.888045365931987,4536451
2020-12-08,24.25194549560547,24.293030584443564,23.83522463617149,24.16390534687627,5791241
2020-12-09,24.11695098876953,24.33998478309816,24.046520751149878,24.228467885933846,6158145
2020-12-10,24.18151092529297,24.28715783607817,23.800006796781247,24.216726039051103,6163332
2020-12-11,24.17564582824707,24.234339265852874,23.89392015285923,23.964351964083967,4952425
2020-12-14,24.09934425354004,24.70388223209691,24.08173590935081,24.34585479414511,5643891
2020-12-15,25.073646545410156,25.13820837756648,24.228466478451374,24.32237659551085,11635338
2020-12-16,24.909305572509766,25.302548096017034,24.756703597989254,25.120599406837478,10632067
2020-12-17,25.032560348510742,25.308417577560604,25.00908360504165,25.00908360504165,7331899
2020-12-18,24.98560905456543,25.255597923160217,24.850615405023582,25.056040865089674,12856200
2020-12-21,24.363460540771484,24.774312993954442,24.128689952539737,24.774312993954442,6172585
2020-12-22,24.510194778442383,24.63345004685358,24.345854420560784,24.410416255582554,4375081
2020-12-23,24.48084831237793,24.903437584183997,24.445633193690348,24.609971983743414,4658706
2020-12-24,24.551279067993164,24.6217108718635,24.304768539202474,24.6217108718635,2070333
2020-12-28,24.774314880371094,25.020825429344605,24.645189634451647,24.744968162229807,3568230
2020-12-29,24.551279067993164,24.909306488785973,24.457370519336372,24.78018125343854,3712356
2020-12-30,24.609968185424805,24.797786831303572,24.48671293477504,24.521929617538273,3549163
2020-12-31,24.78017807006836,24.815394752234912,24.480844119206406,24.62170770885112,4554257
2021-01-04,24.163904190063477,24.967997584682553,23.9760870985125,24.897567352484117,7057107
2021-01-05,24.128686904907227,24.339980721530015,23.970214972929377,24.187378759796466,5563557
2021-01-06,24.915180206298828,25.12647566299326,24.25195025323794,24.29890375282918,8847461
2021-01-07,24.668663024902344,24.979735369757556,24.49258430952183,24.915173540337236,7322786
2021-01-08,24.774314880371094,24.891700183425158,24.592366169601764,24.65692800780595,6425086
2021-01-11,24.56888771057129,24.979737027382033,24.422154130091414,24.797789898804538,7070146
2021-01-12,24.698007583618164,24.756701006793026,24.30476510127019,24.516060482993257,7343396
2021-01-13,25.1205997467041,25.208639891872373,24.621710299283297,24.65692541564406,6263155
2021-01-14,24.991474151611328,25.243853056460953,24.844740587675833,25.11472940361067,6068557
2021-01-15,25.44927978515625,25.51971158556499,24.733224978763374,24.844741865284647,7095382
2021-01-19,25.132343292236328,25.61362446573554,25.132343292236328,25.53732425125722,5806383
2021-01-20,25.267335891723633,25.308420983078413,24.909308442844672,25.038432118810515,5904663
2021-01-21,25.249723434448242,25.402325401698253,24.93865109900254,25.120598210002598,5138751
2021-01-22,24.968000411987305,25.208642559203085,24.87409185557788,25.132342347592644,5874100
2021-01-25,25.443410873413086,25.47275601760954,24.69800936768248,24.891696422541955,8490232
2021-01-26,25.149948120117188,25.4023286306325,24.915175953698782,25.4023286306325,6246891
2021-01-27,24.075862884521484,25.138205051916465,24.028907832203647,24.973864723070122,10024861
2021-01-28,24.674531936645508,25.144076203850613,24.06412407537671,24.163902585297727,7455275
2021-01-29,24.39280891418457,24.645187846772977,24.064126636550313,24.422154060686182,9616178
2021-02-01,24.698007583618164,24.838871171433542,24.193248225042243,24.57475233665739,5117580
2021-02-02,25.149948120117188,25.49623718329766,24.69801213137729,24.92691432659305,5452799
2021-02-03,24.932783126831055,25.191032026909372,24.756704402664518,25.14994693895348,6773623
2021-02-04,25.631229400634766,25.63709937151101,24.87408948070028,24.944521283660574,6345873
2021-02-05,25.637096405029297,25.84839021995033,25.40819267951718,25.807306706614124,5577717
2021-02-08,25.67231559753418,25.80731080792258,25.537321956656776,25.684053970282953,6049209
2021-02-09,25.57253646850586,25.824916969908347,25.41993448736842,25.78383188150638,6179876
2021-02-10,25.425806045532227,25.754486773265423,25.267335653022744,25.725140055501953,5971118
2021-02-11,25.085386276245117,25.502107146166026,25.038431215172373,25.502107146166026,4844050
2021-02-12,24.774314880371094,25.220380915389843,24.65692800780595,25.014955457911913,4825684
2021-02-16,24.639314651489258,24.879955164756172,24.58062123088341,24.739091583106404,4501121
2021-02-17,24.750835418701172,24.82713719623954,24.369331239542337,24.609971805946493,4434526
2021-02-18,25.061906814575195,25.232115557307928,24.686271075232906,24.733224561706415,4895924
2021-02-19,24.287158966064453,24.827135055387743,24.17564207970905,24.656924740527213,7477847
2021-02-22,23.829357147216797,24.187383018364898,23.576976633469847,24.175644645320325,8769931
2021-02-23,23.946741104125977,24.08760471178262,23.670883859761275,23.976087819847024,7161696
2021-02-24,23.58871078491211,24.2167254017356,23.477193906679958,23.494802247851023,10911345
2021-02-25,22.84330940246582,23.47719399181524,22.508760336066953,23.42437053762125,12977333
2021-02-26,22.655498504638672,23.17199795543629,22.637890158602875,22.919617417130883,12291334
2021-03-01,23.07221221923828,23.406762864700056,22.890265109488606,22.913741852131633,7502523
2021-03-02,23.07221221923828,23.301115953295625,23.04873704610606,23.060475417427572,8090101
2021-03-03,23.201339721679688,23.324594986928176,22.802228779503494,22.954829191182707,8686091
2021-03-04,23.34220314025879,23.78827070772133,23.083954239390923,23.324594796935017,11423776
2021-03-05,23.492141723632812,23.575112517015043,23.189896975809837,23.42695208394648,10990839
2021-03-08,24.11441421508789,24.39887941571848,23.37954379915906,23.462513014106296,12526730
2021-03-09,24.612226486206055,24.71890072526282,24.025515001847864,24.309981752363225,10012523
2021-03-10,24.80779457092285,24.9381738315986,24.45813821770547,24.701118757456623,10598279
2021-03-11,24.908546447753906,25.305614524608096,24.707050468349927,24.76631464425768,8443685
2021-03-12,25.240421295166016,25.287832949086216,24.914471523073505,25.10411496920831,6687260
2021-03-15,25.696748733520508,25.71452829962767,25.27597729065156,25.406356549376607,7007336
2021-03-16,25.696748733520508,25.791570444804034,25.394504033562768,25.542662858394976,7854845
2021-03-17,25.465621948242188,25.773793713438867,25.335241098421168,25.773793713438867,7675389
2021-03-18,25.305614471435547,25.65526930510108,25.198938638071116,25.317466989637566,8114355
2021-03-19,25.465621948242188,25.6256348814213,25.003365885220052,25.394505265137347,11841572
2021-03-22,25.358943939208984,25.477470670216018,25.18115305031211,25.33523732518946,7443218
2021-03-23,25.36487579345703,25.566373347129954,25.204864428575338,25.412287448666262,6781194
2021-03-24,25.441917419433594,25.744162140036547,25.264126500536147,25.299684050406473,6212542
2021-03-25,25.70267677307129,25.827130571065858,25.376727028940554,25.661192173739767,5877044
2021-03-26,25.797496795654297,25.86861347338197,25.495252103891264,25.773791764669326,5602532
2021-03-29,25.927879333496094,26.06418564774479,25.631560087688552,25.631560087688552,6158005
2021-03-30,25.77971839904785,25.868614646431762,25.536737858501702,25.797497965479202,6022011
2021-03-31,25.921955108642578,26.010851367506987,25.66119496798922,25.696752520671165,8414524
2021-04-01,26.022701263427734,26.06418586309718,25.785646181777633,25.904172930216244,5773716
2021-04-05,26.360506057739258,26.520517411591992,26.04640723127044,26.081964781646736,6254883
2021-04-06,26.40791893005371,26.502740659235744,26.18271791753629,26.289392164769442,5674315
2021-04-07,26.63904571533203,26.710163989771324,26.43162428223389,26.479034352162714,6451864
2021-04-08,26.609413146972656,26.834615729372093,26.59163516345807,26.70423645465779,8359145
2021-04-09,26.567928314208984,26.739792190258203,26.502738677416037,26.59163493331159,6180296
2021-04-12,26.51458740234375,26.787201597235793,26.443470724753336,26.668673272994184,6505280
2021-04-13,26.769426345825195,26.85831942852441,26.372358320858112,26.431622489021482,7324889
2021-04-14,26.935361862182617,26.941288912970364,26.692381305797785,26.804982592581514,5405411
2021-04-15,27.1250057220459,27.172415784452966,26.828684908137845,26.917581152310262,8309654
2021-04-16,27.356142044067383,27.4805974648148,27.142793516553752,27.27317282008467,6949574
2021-04-19,26.964990615844727,27.427249807456633,26.917580554490602,27.38576362661266,6734787
2021-04-20,27.142786026000977,27.21390112569776,26.911656405281228,26.911656405281228,8702635
2021-04-21,27.07166862487793,27.261312044159816,26.96499123008291,27.130929618147754,6731563
2021-04-22,26.71608543395996,27.107226399052866,26.680529469530256,27.095375467424887,6306617
2021-04-23,26.615337371826172,26.840539930312328,26.59755939019935,26.7516436830869,6089867
2021-04-26,26.46125030517578,26.662746237817593,26.413840243270773,26.609409125788076,4333442
2021-04-27,26.39606285095215,26.520516650858667,26.307168185174863,26.467179534437715,5104542
2021-04-28,26.437551498413086,26.467183586466376,26.212348897026587,26.330875664466614,6548602
2021-04-29,26.603485107421875,26.72794049603748,26.301241966401626,26.301241966401626,6000700
2021-04-30,26.633115768432617,26.656823970365334,26.449399390274042,26.60348368556243,7245676
2021-05-03,26.603485107421875,26.935361917668978,26.544222523286994,26.810909698599254,6877651
2021-05-04,26.538297653198242,26.65089894274248,26.36643219341536,26.591634772503834,9035469
2021-05-05,25.797496795654297,26.57977708111316,25.48339958839878,26.230122327380187,11871996
2021-05-06,26.360506057739258,26.384211091323454,25.566371584939308,25.785647107525467,6996681
2021-05-07,26.479034423828125,26.757574132119426,26.324948526596362,26.425697302627327,6813019
2021-05-10,26.384204864501953,26.775344165421856,26.36049983651228,26.579773722575624,9615337
2021-05-11,26.33680534362793,26.538302928584603,25.9752963689468,26.461259175004713,8099775
2021-05-12,25.54859161376953,26.425695275031362,25.453769896157723,26.159008104716772,9175109
2021-05-13,26.55493927001953,26.62071485298639,25.592240635917072,25.65801621888393,10308485
2021-05-14,26.9615478515625,26.991445556111707,26.578861070881622,26.638654881001294,8367136
2021-05-17,26.9615478515625,27.057221145711463,26.722369413126323,26.901752442464083,10440133
2021-05-18,27.296403884887695,27.34423894052018,26.841961262505098,26.90773686246826,11618094
2021-05-19,27.230619430541992,27.589391825000206,26.943605992115156,27.212682090001863,21836290
2021-05-20,27.350210189819336,27.523616207302936,27.176804172335736,27.230619391836584,7008177
2021-05-21,27.410009384155273,27.589395605968228,27.18876829602706,27.463824611107682,7028927
2021-05-24,27.52362632751465,27.66713469826941,27.332282899161005,27.511669162093987,7096644
2021-05-25,26.853912353515625,27.577430911468486,26.79411855462008,27.577430911468486,7094400
2021-05-26,27.00938606262207,27.152891206723357,26.829999835559235,26.85391735957612,8287643
2021-05-27,26.668556213378906,27.188771195379264,26.63865690757632,27.188771195379264,11264649
2021-05-28,26.9794864654541,27.06917958332498,26.75824695912601,26.841958297235145,6815963
2021-06-01,26.991443634033203,27.063199399024523,26.80607883841531,26.901750526772684,7371015
2021-06-02,27.027320861816406,27.218664233896035,26.907730055032694,27.063198743442957,5738106
2021-06-03,27.368148803710938,27.445881537750633,26.16029014371211,26.23204429766018,10669781
2021-06-04,27.266502380371094,27.439908430349753,27.182789445687348,27.30836044669174,5791662
2021-06-07,27.42197036743164,27.457845054242885,27.25454450245429,27.30835973062862,4829750
2021-06-08,27.35619354248047,27.48774151674618,27.284440974142075,27.44588665137145,5589634
2021-06-09,27.7209415435791,27.774756766571972,27.34423178467185,27.493720291850465,5777922
2021-06-10,27.930221557617188,28.079710061059664,27.732898012255944,27.930221557617188,7587344
2021-06-11,28.049814224243164,28.055794404369653,27.780738098124036,27.900328908824665,6427189
2021-06-14,28.169401168823242,28.18135832947787,27.816612163223795,28.09166843171921,6991634
2021-06-15,28.169401168823242,28.247133905927278,28.055790553841636,28.22321638666118,9044723
2021-06-16,27.62526512145996,28.318889157614777,27.46979965001913,28.1215656297357,8575473
2021-06-17,27.505674362182617,27.864443499418286,27.499694183671462,27.649182656668167,6573838
2021-06-18,26.638652801513672,27.43990578435667,26.60277651824247,27.41598826217587,16531543
2021-06-21,26.73432731628418,26.871853874630624,26.60875792059879,26.650614385827254,7466772
2021-06-22,26.507104873657227,26.7403047127459,26.477207171393285,26.6745307271524,5861482
2021-06-23,26.39947509765625,26.501125369170538,26.202151536867028,26.477207846341138,5865127
2021-06-24,26.45328712463379,26.578856502771597,26.333696326991035,26.435348185191682,4506869
2021-06-25,26.686491012573242,26.74030624013077,26.375556810042283,26.381536990428103,5297597
2021-06-28,26.82999610900879,26.925666191788224,26.67452902653517,26.77020070829312,4368772
2021-06-29,26.644636154174805,27.15289235541823,26.537005692566826,26.800103264819004,5243480
2021-06-30,26.495145797729492,26.74030439501502,26.41741305194977,26.650612888267542,5401906
2021-07-01,26.89577293395996,26.961545319425106,26.465247947659314,26.57885857468488,4346060
2021-07-02,26.985464096069336,27.021341979418697,26.788142133562506,26.93762905024174,3287970
2021-07-06,26.83597755432129,26.919690479679918,26.453289210262447,26.853914896199143,5688194
2021-07-07,26.985464096069336,27.021341979418697,26.668552920014854,26.871853463760797,4326993
2021-07-08,26.865875244140625,27.01536055495636,26.716386735367706,26.841954524371207,4349144
2021-07-09,26.853912353515625,26.973503149263603,26.638649880556333,26.81205589479952,4222964
