Date,Close,High,Low,Open,Volume
2016-07-01,95.90116119384766,96.29143398252432,95.30314814383834,95.542355373227,2780582
2016-07-05,95.47940063476562,95.68083140471714,94.90027586836604,95.17095003532019,2578599
2016-07-06,95.91376495361328,95.93894255075583,94.371541682834,95.58643609690792,2687592
2016-07-07,96.0584945678711,96.7446289683665,95.61156731805579,96.15291553482021,2236766
2016-07-08,97.22933959960938,97.31747120919957,96.3606625329897,96.93978727535156,3180468
2016-07-11,97.77699279785156,98.2239301977363,97.25453267266765,97.31747664952003,2964050
2016-07-12,98.85340881347656,98.90376399427564,97.89660009675298,98.19874122847094,4020615
2016-07-13,99.4703140258789,99.6717548917419,98.86602156906787,99.3003602260316,2872734
2016-07-14,100.89295196533203,101.59797499504207,99.82284369124591,99.96761991369786,4850930
2016-07-15,100.57817077636719,100.7040687709715,99.77243767659203,100.65371359189905,4682733
2016-07-18,100.6285629272461,101.18879960855912,99.91725062136969,100.2760464386476,7039266
2016-07-19,100.4522705078125,102.06374671780681,99.38845206898806,101.8371283232644,7447520
2016-07-20,101.57274627685547,101.79306525661984,100.4648720510076,100.69777982559367,4577610
2016-07-21,100.99992370605469,101.88119964917556,100.64741734757574,101.18877572738309,3680769
2016-07-22,102.01969146728516,102.08263544621221,101.01881689733892,101.2076588810441,2636025
2016-07-25,102.38480377197266,102.52957997119373,101.81826767912905,101.97564272316782,2933612
2016-07-26,102.0511474609375,102.98277853043473,101.57904255243442,102.38477563068983,3027752
2016-07-27,101.8686294555664,102.33444510251721,101.45946842066711,102.05117204225972,2262184
2016-07-28,101.57906341552734,101.8560370437617,101.1636029731758,101.58536283749856,2448058
2016-07-29,101.10694885253906,101.76789579771525,100.73555425831866,101.57275439200345,3710685
2016-08-01,101.62940216064453,101.75530015737479,100.61593885969715,101.12582022064684,2953486
2016-08-02,101.0817642211914,101.62941202021318,100.94328746296952,101.51611285439527,3222621
2016-08-03,101.1384506225586,101.25805929446551,100.59080265137217,100.7985329243959,2993338
2016-08-04,101.6923599243164,101.78678091360754,100.79220579199676,101.25802136419239,2603599
2016-08-05,102.91981506347656,102.92610443603972,101.70492127899945,101.97559537839905,3987770
2016-08-08,102.88175201416016,103.66269517228531,102.58968875816093,103.31984183131095,3179108
2016-08-09,102.71034240722656,103.34525907835926,102.63414713716803,102.99605186912709,2863425
2016-08-10,102.90714263916016,103.27540114051,102.83095751496785,102.97698406985094,2580168
2016-08-11,103.82777404785156,104.72935886672245,102.97064575429158,103.01508201221006,9171956
2016-08-12,102.82463073730469,103.78335967128753,102.55161876991893,103.61192789621367,2660083
2016-08-15,102.78018188476562,103.47223232809431,102.71668413864752,103.110337736749,3107038
2016-08-16,102.03094482421875,102.81188780937825,102.02459099815606,102.29125915260525,2311869
2016-08-17,101.86589050292969,102.32303167323903,101.48493446082381,102.2023900197059,3374291
2016-08-18,102.44999694824219,102.85634799366247,101.86588062092555,102.15159002451614,3819992
2016-08-19,101.61192321777344,102.16430088372019,101.28176738375439,102.11985449059534,2944699
2016-08-22,101.58653259277344,101.94843731386537,101.03415490280058,101.58653259277342,2133108
2016-08-23,101.7515869140625,102.43729349645203,101.73254570180951,101.79603329881053,2968653
2016-08-24,100.98332977294922,101.70078513816009,100.5198450339183,101.51665592749494,3813507
2016-08-25,100.7166976928711,101.29447043393779,100.58336863991634,100.95161705941337,2693450
2016-08-26,100.51985168457031,101.86586974477703,100.2214346590108,100.87540247779161,2613849
2016-08-29,101.40873718261719,101.71984161938482,100.63413780354084,100.84366208154108,2589791
2016-08-30,101.20556640625,101.68174873317983,100.83096423776121,101.43413189643732,1896712
2016-08-31,100.87541961669922,101.370653334333,100.48176606656209,101.370653334333,2430486
2016-09-01,101.29444122314453,101.34524143213734,100.3801691992984,100.5198520400638,2466886
2016-09-02,101.30082702636719,101.94844122562947,101.04685630231644,101.51035135365444,2421908
2016-09-06,101.80876159667969,102.13257377351523,101.02146448738097,101.5103546000196,3131829
2016-09-07,102.62782287597656,102.70400802676399,101.58655487932045,101.70718643491682,2999196
2016-09-08,100.95160675048828,102.35476897836286,100.79922636251622,101.93573051171178,4145507
2016-09-09,98.85003662109375,100.57065708167582,98.82464157966531,100.33573774791914,5424556
2016-09-12,100.50082397460938,100.65320436949625,98.31036466509508,98.57703288957123,4568405
2016-09-13,98.92622375488281,100.27225218119383,98.72940711296654,100.08176909921977,3803988
2016-09-14,97.80874633789062,98.96429139117474,97.38970798396312,98.85635742324938,4038188
2016-09-15,98.83094787597656,99.25633999317576,97.27540590698537,97.96746612566861,3813298
2016-09-16,97.6754379272461,98.66590532459473,97.4405185983599,98.43733982278178,6760926
2016-09-19,98.32940673828125,99.16749376424637,98.12622614180228,98.32940673828125,2562805
2016-09-20,98.06273651123047,99.40875473316902,98.06273651123047,98.96431112139285,2258419
2016-09-21,98.74846649169922,98.84370298335641,97.69451125496731,98.35482300176267,2587699
2016-09-22,99.11671447753906,99.82147261950765,98.85005635560881,99.14211965773512,2814891
2016-09-23,98.39925384521484,99.07227321193595,98.22783222315542,98.80560496976915,2826501
2016-09-26,97.76431274414062,98.06906331267469,97.43415700567623,98.06906331267469,2649832
2016-09-27,99.5357437133789,99.5357437133789,97.6563890350379,97.98020114891779,3124611
2016-09-28,100.50082397460938,100.71669197832554,99.19289816315337,99.67543439134572,3462260
2016-09-29,100.38653564453125,104.76111054771522,99.97384085495695,100.71669147619068,3530041
2016-09-30,100.85637664794922,101.4849394544935,100.35479919502203,100.88812551977767,3762357
2016-10-03,100.06909942626953,100.55163575858298,99.69449711910406,100.35481906189499,2330279
2016-10-04,99.33888244628906,100.65316152604774,98.93254165534913,100.10713792144338,3016769
2016-10-05,99.73258972167969,100.20877217664537,99.504014036338,99.72623589322122,1761987
2016-10-06,99.6055908203125,99.95479799563176,98.97702803843411,99.58019577732497,2039805
2016-10-07,98.83731842041016,100.12619250594732,98.32303347115425,99.77064173295042,2794807
2016-10-10,99.69447326660156,100.62780696350782,99.4659077464856,99.49765661700316,2595440
2016-10-11,98.2785873413086,99.65001049825126,97.70716862618603,99.51032766556966,3034760
2016-10-12,97.96112823486328,98.3928742470894,97.19288279576284,98.3928742470894,3100344
2016-10-13,97.5992660522461,97.91672437400177,96.67862982556683,97.58655839637476,3043755
2016-10-14,98.06273651123047,98.74844314250518,97.83417101203736,98.0754340315359,4558677
2016-10-17,98.26591491699219,98.97702678008375,97.99290300780277,98.06274444197868,6161358
2016-10-18,95.69450378417969,95.87227920539932,93.83420048794665,95.25006016428281,13358048
2016-10-19,96.03739929199219,96.79294769748584,95.76438727996927,96.0437429881997,4846013
2016-10-20,96.20245361328125,97.07863336830394,95.88499527105465,96.05007320366458,4208163
2016-10-21,95.00243377685547,95.96750604299926,94.95798739258822,95.6056014097717,4617253
2016-10-24,95.5992660522461,96.20243373775224,95.49133206225387,95.49133206225387,2789368
2016-10-25,95.79605865478516,95.97383402906553,95.12940353465694,95.59924207157398,2769285
2016-10-26,96.3865737915039,97.10401924078683,95.40244998346327,95.68815942436672,2941038
2016-10-27,97.36434936523438,97.81513674904976,96.51990838210932,97.02783968412753,4423848
2016-10-28,96.89447784423828,98.05636663098707,96.62146600182446,97.80874982502658,3822607
2016-10-31,97.5802230834961,97.98656409537456,96.98975278372718,96.98975278372718,3716647
2016-11-01,97.0087661743164,97.71987794166427,96.34211092619039,97.45956358885576,3338727
2016-11-02,96.47544860839844,97.3643358639432,96.29767318402864,96.81195824284227,3215822
2016-11-03,96.74211883544922,97.61195476119765,96.38021415191022,96.83100148264549,3011225
2016-11-04,96.78019714355469,97.54844265422619,96.42464633974758,96.76114579797077,2584038
2016-11-07,98.86909484863281,99.11671174571343,97.67545676022566,97.7706932488184,3979925
2016-11-08,99.41365051269531,99.90056425618835,98.06182244940322,99.02283722411013,4102307
2016-11-09,99.18301391601562,99.66352647759281,96.7420436432687,97.9977714121351,5652270
2016-11-10,102.64907836914062,103.25131685793636,100.96409902991383,101.0089486438345,8070727
2016-11-11,103.32178497314453,103.36662435842848,102.07886993508801,102.48890745173584,4651144
2016-11-14,101.36129760742188,103.6997554625726,100.9576716379331,103.30895242999452,5435539
2016-11-15,101.6560287475586,101.9635543559932,100.93847581163145,101.49586469871537,3636942
2016-11-16,102.05323028564453,102.2198057667126,101.24597830421801,101.52146694973396,2356429
2016-11-17,102.37999725341797,102.46328501630289,101.77135748243289,102.00840805569234,2365215
2016-11-18,102.75798034667969,102.96940545298791,102.00198936513232,102.37997974309148,3118754
2016-11-21,104.28279876708984,104.43015008640222,102.74517087777673,102.95018452114202,4850407
2016-11-22,104.21873474121094,104.43015987401076,103.75744633118322,104.43015987401076,2898257
2016-11-23,103.77664947509766,104.03291394495643,103.37942471965555,103.7510240506746,2356324
2016-11-25,104.51983642578125,104.5518733218031,103.68055769041898,103.68055769041898,1679144
2016-11-28,105.40396881103516,105.4936577987527,104.2379403913075,104.55827865584146,4654072
2016-11-29,104.76971435546875,105.33351472144358,104.44938625287647,105.07083872388914,3293017
2016-11-30,103.930419921875,104.94268561510464,103.92400845248167,104.65438423061366,4600099
2016-12-01,102.39278411865234,103.91759912204643,101.41895664067712,103.75742488159655,4848942
2016-12-02,102.52091979980469,102.69390674960394,101.48943002105553,101.86743058772095,2866981
2016-12-05,102.40558624267578,103.244875043373,102.24542224441413,103.05267415520817,3605667
2016-12-06,102.73236846923828,103.01426864816128,101.82260435800059,102.59141837977678,2990514
2016-12-07,105.57694244384766,105.8268056693118,102.75797193407568,102.89252075014514,4639115
2016-12-08,105.94213104248047,106.35216851118092,105.21176554204582,105.62820425405424,3416654
2016-12-09,106.68533325195312,106.81346039093441,105.45523091269591,105.82682006700085,3291657
2016-12-12,106.03184509277344,106.85831116351636,105.75634617689609,106.81346155157078,3548346
2016-12-13,107.8193130493164,108.88283976538803,106.1471467002688,106.1471467002688,6205186
2016-12-14,107.96028137207031,108.84440981156062,107.28116659272368,107.87058214384048,4313913
2016-12-15,107.64630889892578,108.81873825971488,107.4925461625824,107.6398974314996,3544476
2016-12-16,106.81987762451172,108.3446826913313,106.39062612168873,108.25499368920494,7448148
2016-12-19,106.7878646850586,107.15946416841923,106.35221184000916,106.8839651788567,3091871
2016-12-20,107.37726593017578,107.79370471620378,106.64048882984702,107.3067908874918,2274632
2016-12-21,107.20426940917969,107.59508273139909,105.8716654124338,106.51234198404305,3740182
2016-12-22,107.0312728881836,107.78086249784198,106.72374737258622,107.22347377902514,2931520
2016-12-23,106.80707550048828,107.3068020959194,106.6404999686779,106.99287521890415,1779455
2016-12-27,107.08255004882812,107.62071472056914,106.89675035501799,106.98003810989324,1461785
2016-12-28,106.47391510009766,107.46696695876412,106.35218919728688,107.1786553131198,1838345
2016-12-29,106.736572265625,106.98643549736177,106.3521704400695,106.36498315254612,1740021
2016-12-30,106.34576416015625,106.8006410393431,106.03183735071835,106.63406554339055,3088629
2017-01-03,107.11454772949219,107.5502105284201,106.35854674251087,106.99282187669466,3069278
2017-01-04,108.44075775146484,108.83157101893586,107.22347857131138,107.48615449728524,3536944
2017-01-05,108.08197021484375,108.52403428301339,107.15940394771287,108.43434531116644,2805686
2017-01-06,108.61375427246094,108.86361750887752,107.3259999522282,108.07558966147798,3080993
2017-01-09,107.40928649902344,108.78674001852875,107.39006231734875,108.57531492262143,3336635
2017-01-10,106.04464721679688,107.6911779496502,105.92932257634773,107.62070291666781,4308160
2017-01-11,107.47335815429688,107.47976962388071,106.09590453107363,106.38420592413078,3765077
2017-01-12,107.60149383544922,107.63993197546422,106.07027744804147,107.48616918977507,3062165
2017-01-13,107.21067810058594,107.94104364694252,106.91596524918178,107.61430412572821,3007668
2017-01-17,107.56305694580078,107.7488464041809,106.42905510995746,106.79424300841796,3468222
2017-01-18,106.86473846435547,108.01154300717994,106.79426341389497,107.2811772963352,4192159
2017-01-19,106.87113189697266,107.28116945382556,106.22405399982681,106.96723237227887,7283716
2017-01-20,109.26725006103516,109.32491238452413,106.35217879509813,107.5117958319167,13273740
2017-01-23,109.57476806640625,109.71571813061367,108.92127882139008,108.96612842829764,5730197
2017-01-24,112.69485473632812,112.75892852607178,109.65805773596409,109.78619508982266,7272210
2017-01-25,114.22603607177734,114.84108700138954,112.84218170577553,112.92546942642612,6194935
2017-01-26,114.46314239501953,114.6040924873231,113.72636525843679,114.0787404891957,3204839
2017-01-27,113.591796875,114.80907607493029,113.59179687499999,114.34138653033921,3642486
2017-01-30,112.63080596923828,113.44446958135187,111.8491792562054,113.38680725325861,4283161
2017-01-31,111.81072235107422,112.48983700847279,111.22770814916225,112.1502847925877,4329394
2017-02-01,111.66339111328125,112.56674373770025,110.7664397333766,112.11826804774793,2924302
2017-02-02,111.84918212890625,112.09904540664105,111.18929152517964,111.62494428084214,2741043
2017-02-03,112.6435775756836,112.97672848252694,112.04775077887734,112.11822579575777,3461528
2017-02-06,112.66923522949219,112.74612173609786,111.72104330263682,112.31687026990642,2772737
2017-02-07,114.33499145507812,114.43749315496844,112.69485177492007,112.75892556297998,4051681
2017-02-08,113.76029968261719,114.61913898429609,113.57303087052664,114.61913898429609,3047103
2017-02-09,114.43189239501953,114.81288195209784,113.5924291200093,113.76032177501135,3232872
2017-02-10,115.38109588623047,115.5037945643125,114.14127753428788,114.53518100153833,3065512
2017-02-13,115.8201904296875,116.16888962363579,115.48440525725718,115.74270630057973,3235696
2017-02-14,116.3174057006836,116.3174057006836,115.16798574525772,115.3100399689731,2904219
2017-02-15,117.31829833984375,117.47327688955507,116.11076014606653,116.36259900103735,3048358
2017-02-16,117.1568832397461,118.03508826519369,116.7952597055199,117.16979726170253,3401069
2017-02-17,116.66612243652344,117.24728435870702,116.23347692383595,117.04064969569612,3715915
2017-02-21,116.40135192871094,116.74358892721393,115.66520123741797,116.62090058082535,4686394
2017-02-22,116.97605895996094,117.09874730325949,116.29156436723333,116.29156436723333,3159443
2017-02-23,117.29894256591797,117.84781424083718,116.82754471280641,117.52494309333564,2387495
2017-02-24,117.105224609375,117.19563307554603,116.16244941164035,116.36908408312496,3451905
2017-02-27,115.84603118896484,117.04065560912083,115.76854705135175,117.00191354031429,3861100
2017-02-28,116.11723327636719,116.64027691287224,115.81372800517364,115.83310419064783,3423976
2017-03-01,117.49267578125,117.88011707716956,116.25284714393517,116.54342811587485,3143858
2017-03-02,116.57572174072266,117.4474749885594,116.5111516250056,117.4474749885594,3052437
2017-03-03,116.2657699584961,117.08586715175137,116.07851146100009,116.57572714126317,1905812
2017-03-06,116.5369873046875,116.87277254137676,115.95581499923412,116.05267533239575,3351802
2017-03-07,116.47886657714844,117.06649072891219,116.36263005722226,116.69196342818532,3117603
2017-03-08,115.8782958984375,116.84690924433698,115.78143559449559,116.71775873692094,3721040
2017-03-09,114.41249084472656,115.74917992833572,113.57302775576358,115.68460980860148,5694529
2017-03-10,114.83218383789062,115.90410920830693,114.56742069342042,115.07756049496358,3242914
2017-03-13,113.94751739501953,114.9807007146737,113.92168935800005,114.84509836708187,3642381
2017-03-14,113.4697036743164,114.18001614289756,113.14037033197188,113.76674680693553,3292285
2017-03-15,113.52782440185547,113.83131939914026,112.84332965707088,113.46324398099812,3991013
2017-03-16,114.45122528076172,115.58773135530159,114.1800102074286,115.23903215043441,4510143
2017-03-17,113.42448425292969,114.16062466811903,113.42448425292969,113.83776384003053,6193366
2017-03-20,113.4568099975586,113.76676720835498,113.09519668712426,113.4245197820427,2590001
2017-03-21,112.28152465820312,113.79900969111357,112.25568631039751,113.65694515734712,4108374
2017-03-22,112.86272430419922,113.0435309605032,111.58415337859977,112.3848744602228,3609223
2017-03-23,112.88854217529297,113.43742426044936,112.07490714204629,112.63670325102535,3912040
2017-03-24,112.24922943115234,113.32761710033385,111.96510037633169,113.08223010576677,3369898
2017-03-27,112.21045684814453,112.46229563101008,111.12560731077419,111.51304842088187,3408914
2017-03-28,112.68836975097656,113.00477879463327,111.71329395937153,112.3202943055006,3685999
2017-03-29,112.3202896118164,112.67544071213375,112.01033243978753,112.55275233759654,3227538
2017-03-30,112.26862335205078,112.74002127557019,112.15884900067108,112.26862335205078,3314042
2017-03-31,112.44938659667969,112.97243005720377,112.15879544474612,112.34606415305016,3047730
2017-04-03,112.68187713623047,112.92080197231982,111.95865077103063,112.24276952508444,4483679
2017-04-04,112.69480895996094,112.97893806538183,111.88117401733372,112.04906661481292,3251909
2017-04-05,111.63581848144531,113.86362690324735,111.59061424127606,112.8110668869399,6525889
2017-04-06,111.35812377929688,112.01678016895767,111.22898355111452,112.01678016895767,3593428
2017-04-07,111.15795135498047,111.66808102288661,110.60260714745284,111.11919898001426,3753362
2017-04-10,110.5509262084961,111.42913109581517,110.4217757027632,111.40976521916748,3964235
2017-04-11,110.15058898925781,110.57032047166236,109.117395080931,110.19578291314593,5116927
2017-04-12,110.2022705078125,110.5509697962393,109.78899078781645,110.44764728961918,3427637
2017-04-13,109.47256469726562,110.65427510124961,109.47256469726562,109.72440360567373,3352953
2017-04-17,110.48636627197266,110.61550648310416,109.53066687071156,109.6146131611877,3891329
2017-04-18,109.8083724975586,110.86738444108197,109.66630790874741,110.2862223666562,6637393
2017-04-19,104.40995788574219,105.02342041490904,103.06036505713625,104.45516212372017,20171378
2017-04-20,104.80387115478516,104.86845158833738,103.64153672217766,104.17104268358507,6785193
2017-04-21,103.56402587890625,104.6811557814145,103.56402587890625,104.64241371515874,5865759
2017-04-24,103.8029556274414,104.33246147727759,103.58985879329292,104.1516548531014,5565348
2017-04-25,103.57048797607422,104.6359618955782,103.56403611763479,104.46806928538928,5083978
2017-04-26,103.35738372802734,104.02895412068257,103.24760938407137,103.66088902150358,4526879
2017-04-27,103.52529907226562,103.62862158094579,103.07973943408584,103.50593318759628,4312240
2017-04-28,103.50591278076172,103.69963342816973,103.12492334406858,103.6415151726508,4345189
2017-05-01,102.5696029663086,103.58987273521956,102.47919448881132,103.3509478235299,5162324
2017-05-02,102.73748016357422,102.98931906187882,102.44043703330874,102.95702885240928,3355777
2017-05-03,102.43397521972656,102.9634913696148,102.36294294253969,102.50500749691344,4176992
2017-05-04,102.7052001953125,102.76331845555994,102.2596406087267,102.60187769859665,4477508
2017-05-05,100.1222152709961,100.59361313975346,98.79845073684075,99.13423591686863,13097280
2017-05-08,99.78313446044922,100.07003911429112,99.24194119981783,99.63316724984774,7836632
2017-05-09,99.18327331542969,99.82879849724331,98.82464243266416,99.50277326031947,7168238
2017-05-10,98.62252044677734,99.35282251040924,98.54427937237003,98.88334484246717,5229895
2017-05-11,98.23127746582031,98.5573027011091,97.6705186402759,98.49210181691704,5886783
2017-05-12,98.04871368408203,98.62903803233357,97.80745477943071,98.00306785732849,3886204
2017-05-15,98.79205322265625,99.00071690216078,98.10088210310839,98.21172882881427,4440793
2017-05-16,100.20697021484375,100.40910853890055,98.88982927724635,98.88982927724635,5767330
2017-05-17,98.41382598876953,100.506903942797,98.38774564154828,99.95918542966541,5430309
2017-05-18,98.31602478027344,98.67465559179269,97.87915292287487,98.36818547752632,3424813
2017-05-19,99.09849548339844,99.41148050716542,98.387759092226,98.4660001445862,5902578
2017-05-22,99.52884674072266,99.65925890791888,98.85071595989868,99.17674117430741,3453997
2017-05-23,99.13107299804688,100.20695492223963,99.05934684262327,99.48318889221433,2682467
2017-05-24,99.4440689086914,99.60708670065127,98.60944570505224,99.24845588406951,3904090
2017-05-25,99.89396667480469,100.23955726751427,99.73095931329628,99.92657230997075,2701504
2017-05-26,99.43104553222656,99.7635960559953,99.1506661224233,99.66578952716077,2555692
2017-05-30,98.93549346923828,99.5484234391957,98.84421222691726,99.07894582862181,3834636
2017-05-31,99.52232360839844,99.63317029882154,98.88331340854215,99.13108713923349,3706396
2017-06-01,99.54840850830078,99.67882067064984,98.87027775268152,99.63317485275319,3052333
2017-06-02,99.1441650390625,99.89401172878858,98.9811471968692,99.80924536485443,3750642
2017-06-05,99.37886810302734,99.71793345450993,98.90287571564987,98.99415693719233,4157955
2017-06-06,99.35279083251953,99.69185619450825,99.11153198593813,99.11153198593813,3971871
2017-06-07,98.44647979736328,100.54607366197045,98.32910777027442,99.79621648021786,5089522
2017-06-08,99.17671966552734,99.64619712131842,98.4073078195454,98.45946851224618,3879614
2017-06-09,100.4808349609375,100.58516676878519,99.03328186196983,99.11153331964631,4562129
2017-06-12,101.1850357055664,102.50217651193547,100.42866399923277,100.53951067971599,6769189
2017-06-13,100.57865905761719,101.38067679779782,100.51345817079284,101.35459644306808,3685581
2017-06-14,100.29176330566406,101.02858022487942,99.72447911451009,100.39609514107323,3189359
2017-06-15,100.55912017822266,100.86558000636299,99.95270500092413,99.95270500092413,4868398
2017-06-16,101.31546783447266,101.34154818712337,99.74402771921072,100.56561086352738,7052132
2017-06-19,100.96339416503906,101.62848499646451,100.76778105117872,101.40026622790506,4842457
2017-06-20,101.03510284423828,101.3220075786475,100.57866538625368,100.72863263896829,4687858
2017-06-21,100.2787094116211,101.58281034362344,100.01789546951915,101.58281034362344,4141846
2017-06-22,100.67644500732422,101.06115617884232,100.21349278761392,100.77425152114576,2485819
2017-06-23,100.48734283447266,100.85900337073626,100.28520454493838,100.63731002554452,3433181
2017-06-26,101.21768951416016,101.55675500743239,100.82646330105119,100.87862402088791,2252561
2017-06-27,100.90467071533203,101.28938191369112,100.7416633166441,101.06768852118327,2496279
2017-06-28,101.2763442993164,101.42631152618846,100.92423873465565,101.16549760025923,2323166
2017-06-29,100.50041198730469,101.55020344184472,100.16786146646271,101.29590438768018,3412261
2017-06-30,100.30479431152344,100.74167667742097,99.85488217545263,100.5982243195389,3735789
2017-07-03,101.44589233398438,101.73931194771102,100.10267075191526,100.14179128564578,2952335
2017-07-05,100.20046997070312,101.64802327748257,100.1743896167878,101.56977180857224,3728362
2017-07-06,99.34628295898438,100.30479322232067,99.26151660362586,99.99833344745977,2884345
2017-07-07,99.72444152832031,100.08307232065344,99.20280336221137,99.51578834330907,2573265
2017-07-10,100.03746032714844,100.34393052862164,99.52234727729383,99.70492017679277,3353685
2017-07-11,99.88748168945312,100.1874265641391,99.14414999817087,99.9331275109157,3606085
2017-07-12,100.22001647949219,100.57213244879149,99.79618474662838,100.07657454519969,3240403
2017-07-13,100.17439270019531,100.53953848057782,99.88748798396703,100.22002811736961,2590001
2017-07-14,100.57215881347656,100.81993262664388,100.02442965575666,100.42218114120027,3406194
2017-07-17,99.77009582519531,100.3373798507883,99.26802308038837,100.14829211369903,4981680
2017-07-18,100.41565704345703,100.60474482901067,99.11155597943832,99.34628959180897,7914873
2017-07-19,96.19689178466797,97.9704600315503,95.66221327505147,97.8204927837386,14951106
2017-07-20,96.2816390991211,97.0445361793672,95.87084756305296,96.19687275687153,7543961
2017-07-21,95.9034423828125,96.41855526219281,95.53177141422296,96.23598242311553,6808937
2017-07-24,95.1927261352539,95.87737182421967,95.06882884818465,95.85129147130951,4055970
2017-07-25,95.32310485839844,96.17076806635642,95.21877307620348,95.570878531266,4402509
2017-07-26,94.78194427490234,95.49919568211172,94.20161993808944,95.37530878950706,4113290
2017-07-27,94.59284210205078,94.80802063730007,93.66041218980179,94.54719627811949,6726617
2017-07-28,94.0842514038086,94.57329451413132,93.7908317819142,94.42331685324177,3195321
2017-07-31,94.3320083618164,94.50154103757119,94.00598318481394,94.14291022071976,4556062
2017-08-01,94.74280548095703,94.9840539271901,94.36460917639253,94.54718203745404,3367597
2017-08-02,94.18856048583984,94.73627906250728,94.0385828611775,94.62543237037775,3703781
2017-08-03,94.50807189941406,94.76889624797772,94.1755317825178,94.1755317825178,3175028
2017-08-04,94.65154266357422,94.80150992851569,94.15598463063056,94.54721082241959,2666672
2017-08-07,93.54955291748047,94.60586957527009,93.08007537829734,94.5471835819768,4830742
2017-08-08,93.6418228149414,94.07013264646726,93.56933880367372,93.56933880367372,3450440
2017-08-09,93.41777038574219,93.58909430705663,93.03558868060742,93.40459243157356,3060387
2017-08-10,93.46389770507812,93.84607940702826,93.06194381347869,93.33210764736776,4733568
2017-08-11,93.46389770507812,93.95809727508932,93.25303992301484,93.86585159667756,3142184
2017-08-14,93.78018188476562,94.07011788433759,93.52977974410221,93.56932412013205,2352036
2017-08-15,93.61546325683594,94.45232130729785,92.63364769032526,93.93175523518975,4896849
2017-08-16,93.89879608154297,94.16895989915051,93.31234035134082,93.43094193072265,3439039
2017-08-17,92.71269989013672,94.15578574347408,92.71269989013672,93.91197782256232,4625517
2017-08-18,92.05377960205078,93.00923918937,91.9747013544608,92.82473730115737,4343724
2017-08-21,92.4688949584961,92.5281904871906,91.67816520949007,91.98127915636914,3337472
2017-08-22,92.9169692993164,93.00922548839415,92.50183748270936,92.67316139060682,2661442
2017-08-23,93.66158294677734,94.26121670104044,92.69952914214319,92.71270709696371,4234522
2017-08-24,94.18872833251953,94.67634418968315,93.73406261944386,93.89880282276133,3757441
2017-08-25,94.71588897705078,95.0124192738002,94.39301328596345,94.42596343385193,3005053
2017-08-28,93.90538787841797,95.2562175997909,93.82632015202778,94.95968733302165,5319956
2017-08-29,94.32051086425781,94.51160696074581,93.50342518279116,93.63521523150283,3147937
2017-08-30,93.93834686279297,94.41278481714707,93.83950693694295,94.39960686150863,2861856
2017-08-31,94.248046875,94.66317878045776,93.98447723873439,94.24146315558329,3824594
2017-09-01,94.9399185180664,95.21666605673596,94.21507849507083,94.21507849507083,3505878
2017-09-05,94.25460815429688,95.12440552894869,94.0305619471193,94.55772206957008,3239985
2017-09-06,94.76860809326172,95.1969179327479,94.55775029162001,94.80814195910894,3423872
2017-09-07,94.1623764038086,95.30893208845593,93.83950073631631,94.95310627548308,4380857
2017-09-08,93.86585998535156,94.32711996999899,93.33211598834173,94.32711996999899,3521045
2017-09-11,95.45388793945312,95.63179556469832,94.23484840042671,94.5840904500553,4825616
2017-09-12,96.04691314697266,96.44886694938835,95.22324387399875,95.61860344228705,5479053
2017-09-13,96.1985092163086,96.39618907002317,95.77019936088585,95.77678308021045,4289646
2017-09-14,95.90196228027344,96.45547839519118,95.88220060860462,96.11283057030006,3929717
2017-09-15,95.42754364013672,95.6581736229058,94.9399277652174,95.42754364013672,7737471
2017-09-18,95.2496337890625,95.86244554558691,95.06513189016933,95.420957732115,3158397
2017-09-19,95.1441650390625,95.53294088784655,95.03214719657484,95.40774509430857,3623762
2017-09-20,96.12601470947266,96.12601470947266,95.16396094032359,95.50002506865799,5698085
2017-09-21,95.71746826171875,96.13260012338071,95.61204462518401,95.97445415145604,2673158
2017-09-22,95.63179779052734,95.93491175284312,95.27597201463372,95.93491175284312,2920746
2017-09-25,96.1194076538086,96.22484179154428,95.48683437875742,95.62520813937472,5452903
2017-09-26,96.57408142089844,97.14077549777792,96.16554382246511,96.44230188406308,4695076
2017-09-27,95.98103332519531,96.79811896572882,95.56590152867912,96.65315097112051,3663824
2017-09-28,95.98103332519531,96.11282336730476,95.02557392486337,95.98103332519531,2902441
2017-09-29,95.59884643554688,96.00080025756185,95.49341230420644,95.84265431911136,2776816
2017-10-02,96.63997650146484,96.77835026625017,95.68451706669876,95.77676273751521,3109967
2017-10-03,96.71906280517578,96.99582090505051,96.42913726691826,96.65975674683668,2408624
2017-10-04,96.5213623046875,96.87718806146981,96.27755440430244,96.86401010878313,2347642
2017-10-05,96.67955017089844,97.21987801668239,96.52140415297075,96.6531942540981,2810079
2017-10-06,96.5213623046875,96.76517020507255,96.4159386831941,96.62679644330194,2743867
2017-10-09,97.12100982666016,97.38458995226394,96.4357141206374,96.53455403845818,2806000
2017-10-10,97.8524169921875,98.14893669522593,97.29231720836773,97.3318510653487,4218100
2017-10-11,97.27257537841797,97.83266475935432,97.0485291089205,97.78654717536396,3872501
2017-10-12,96.88380432128906,97.45048796700529,96.7124803802936,97.23303592255948,3414458
2017-10-13,96.92994689941406,97.4241466041145,96.8245127210863,97.18033861189562,2621904
2017-10-16,96.75201416015625,97.30551984969124,96.5411563523034,97.00900007141786,3192497
2017-10-17,96.56090545654297,96.94309767260494,96.32369176823043,96.62021150790163,6665530
2017-10-18,105.12052154541016,106.24071066359744,103.42046042132326,103.53247828142985,31892749
2017-10-19,106.02326965332031,106.0628035128665,104.83058601193285,105.29842964269966,10370253
2017-10-20,106.79422760009766,107.06439141691922,105.27866832497877,106.13528787029627,8230765
2017-10-23,105.13371276855469,107.0841762824106,105.12711853260014,106.78106228807856,6045252
2017-10-24,102.71539306640625,105.23253988110498,102.24754943562024,105.19958973958775,8571656
2017-10-25,101.14714050292969,103.03828756066433,100.85720444558424,102.80107384282385,7239471
2017-10-26,101.21302032470703,102.21460795417238,101.17348646180974,101.68086399513079,4498323
2017-10-27,101.26571655273438,101.89171661262353,100.75833909752063,101.83241056884617,5120379
2017-10-30,101.71379852294922,101.86535023268169,100.62654909890794,101.31843892043265,4404078
2017-10-31,101.5161361694336,102.08941400188523,100.77153441082962,101.69404381429503,4527402
2017-11-01,101.49635314941406,102.06963092069704,101.36456310094597,101.5424812439461,3389249
2017-11-02,101.04830169677734,101.79948724252972,100.75836563622009,101.59521315285316,3553890
2017-11-03,99.8819580078125,101.12735350769853,99.8226519577529,101.09440336497168,4635663
2017-11-06,99.39436340332031,100.040125339407,99.02535958759196,100.00717518964136,4705326
2017-11-07,99.73041534423828,99.83583898314873,99.17031545259671,99.74359329910209,3871351
2017-11-08,99.87535095214844,100.02030840860702,99.025315295121,99.89511261946946,4847582
2017-11-09,100.0284194946289,101.02670840766262,99.73558553080096,99.78217468363574,4996219
2017-11-10,99.26973724365234,100.42109279393368,99.2564275730662,100.2613661246569,4505436
2017-11-13,98.76395416259766,99.16326559044084,98.44450077142517,99.08340755377014,5342445
2017-11-14,99.09003448486328,99.14327316383778,98.15830449159748,98.46443751794327,3930868
2017-11-15,97.89877319335938,98.97026028392155,97.30645557158198,98.49774034046283,4992872
2017-11-16,99.24309539794922,99.59582818185731,98.16494847609877,98.31802560287625,5697039
2017-11-17,99.1432876586914,99.9286113995925,99.05011995686482,99.38953251831335,5142659
2017-11-20,100.1681900024414,101.12655003909451,99.76222910730709,100.254708174268,5937619
2017-11-21,101.12655639648438,101.45931943383246,100.62741715158423,100.69396551015625,3928985
2017-11-22,101.00675964355469,101.4193913371701,100.7139362409419,101.15983680302263,3361426
2017-11-24,101.05335998535156,101.29295534937444,100.71394738264618,101.12656849966464,1247878
2017-11-27,101.14654541015625,101.48595803665123,100.90695002934004,101.1997841071172,3529204
2017-11-28,101.4726333618164,101.77877706857689,100.96018442370718,101.39277532818032,4156490
2017-11-29,102.19139862060547,102.23133825985049,101.27297811837063,101.69890887753202,5333240
2017-11-30,102.47091674804688,102.7637507660522,101.87859918739639,102.25795138142657,6799837
2017-12-01,102.99665069580078,103.16968698862097,101.76542683448778,102.75705544590193,5824023
2017-12-04,104.1280517578125,104.35433737472367,103.20297134232275,103.79528878917068,4878858
2017-12-05,103.38935852050781,104.31443930455059,102.94345787688408,104.1214437165283,5301128
2017-12-06,102.55745697021484,103.96836743295437,102.55080744414558,102.55745697021484,3567592
2017-12-07,102.20468139648438,102.79034931401098,101.9983762184845,102.21800168755696,3944571
2017-12-08,103.02996826171875,103.17638528982533,102.19140573510481,103.14310579555242,3682234
2017-12-11,103.4292984008789,103.74875182855173,102.87024959132842,103.46256727550387,4291424
2017-12-12,104.31441497802734,105.05314952778353,103.2628872225272,104.68711763737936,6612603
2017-12-13,102.43099212646484,104.30777273645475,102.41768245437049,104.22125455671936,5922034
2017-12-14,102.49089050292969,103.22961447871195,102.29122417792027,102.89020190846001,4850720
2017-12-15,101.49260711669922,102.35778895919273,101.17980325055129,102.23134175657711,11798775
2017-12-18,102.04499053955078,102.61067815999336,101.96512188462434,102.21802689927306,5327069
2017-12-19,101.97840118408203,102.60399807607851,101.88523350703473,102.52412944493967,4305754
2017-12-20,101.79206848144531,102.41766545501972,101.67893097629987,102.25793879415482,3959842
2017-12-21,100.82706451416016,102.13149721228612,100.82040436773156,101.93849105501711,4344979
2017-12-22,101.49260711669922,101.82537018090787,100.82708098828192,101.0400463751469,3128168
2017-12-26,101.71224212646484,102.39772751680181,101.49261657162303,101.49926609751445,2593034
2017-12-27,101.91190338134766,101.94517225709913,101.56583059335823,101.79210568635243,2248168
2017-12-28,102.51749420166016,102.57073288167423,101.9584455725418,101.9584455725418,2811230
2017-12-29,102.10486602783203,102.97004771861766,102.10486602783203,102.6040158477425,3480147
2018-01-02,102.6572494506836,103.0299414494691,102.18472961730349,102.82363625650291,4395815
2018-01-03,105.47911071777344,106.3576022911733,104.04157036128187,104.7137566816852,9875914
2018-01-04,107.61543273925781,108.02805381619265,106.06475503826015,106.25110106870596,7903785
2018-01-05,108.14118957519531,108.41406440264932,107.21610896294331,108.10792070682419,5434807
2018-01-08,108.79341888427734,109.08625294303303,107.61544374593477,108.25435055694886,5478425
2018-01-09,109.03300476074219,109.4988645328395,108.52054520251744,109.07958330238085,4541523
2018-01-10,109.26593780517578,109.3657656559616,108.14785100523292,108.42071521368001,4366109
2018-01-11,109.27926635742188,109.77174554933735,108.68028852697685,109.67857782955454,3969047
2018-01-12,108.57378387451172,109.63863200744787,108.50058598844967,109.15945194096327,5263367
2018-01-16,109.04631042480469,110.00465990045295,108.71354738711244,109.87821270791333,8152733
2018-01-17,112.24082946777344,112.5602722001252,111.31574889324538,111.8148881208984,12248660
2018-01-18,112.55360412597656,113.89130553341873,111.90804799867267,113.13926143138515,14915228
2018-01-19,108.06132507324219,110.0778623855752,107.3492098746349,109.45227598183449,22146435
2018-01-22,108.21439361572266,109.13282466529888,107.22276468540403,107.48897935485199,8870917
2018-01-23,110.64354705810547,110.65020720391328,108.15449017386801,108.36079536027859,7809645
2018-01-24,110.05789947509766,112.28740207041888,109.69185697933906,110.97631985432803,5904670
2018-01-25,110.12444305419922,110.99628485983038,109.93809705232064,110.41727703811237,3454415
2018-01-26,111.36900329589844,111.41559246298621,110.33743458350425,110.55706012356504,3962143
2018-01-29,111.00962829589844,112.06781642528009,110.48385899415176,111.44221925724221,3678782
2018-01-30,108.89321899414062,110.98962479460556,108.58708596227297,110.61693279057683,5127806
2018-01-31,108.94646453857422,109.80498602300261,108.32086758194788,108.97973340126467,4260149
2018-02-01,108.08130645751953,109.23266216683689,107.74854340241546,108.60706507390255,4638173
2018-02-02,105.83844757080078,107.81505541526313,105.73195960506129,107.61539977396244,5493487
2018-02-05,101.5125732421875,105.4857604635242,99.82879860817928,105.07978886015061,9148944
2018-02-06,103.3826904296875,103.48251827990093,99.23646739444517,100.02179114651786,10321614
2018-02-07,102.39107513427734,103.3827042440997,102.01172287942929,102.60404053504034,6432063
2018-02-08,99.19197082519531,102.93544091963346,99.13148223878531,102.47843511445313,7090939
2018-02-09,100.48235321044922,101.17458755578967,97.04803073244747,99.87075242582847,8188402
2018-02-12,101.75257873535156,102.42465742685346,101.01329646543076,101.41653938960062,6151944
2018-02-13,101.31574249267578,101.60474473640924,100.56974512646524,101.41655323748341,5115986
2018-02-14,104.01073455810547,104.17203381950063,100.8116414794556,100.93933359940291,5731034
2018-02-15,104.85087585449219,105.4221438896365,103.29837108518038,104.50812146950335,5882286
2018-02-16,104.965087890625,106.04713496259099,104.6357743467693,104.64921505916185,4479913
2018-02-20,104.27959442138672,104.81725523043455,103.41261998710158,104.70300378345077,4696122
2018-02-21,103.47309875488281,105.37507247968385,103.4327658847387,104.46105026369732,3900116
2018-02-22,102.94886016845703,104.19893233099265,102.68675016655584,103.83601161503918,4209732
2018-02-23,104.52152252197266,104.74329963900088,103.54700115293288,103.70158543508494,3405881
2018-02-26,106.57809448242188,106.77971592131098,104.51481077698222,104.71643221587132,3776374
2018-02-27,105.21379089355469,107.38460072627075,105.2003501768528,106.4974597898017,4432216
2018-02-28,104.7298812866211,106.28238579823328,104.70972557722007,105.8522507310318,3978461
2018-03-01,103.37230682373047,105.49607976027403,102.68678728428753,104.52828368335568,4225108
2018-03-02,103.82929229736328,104.01075802994293,102.07516645640128,102.68675649854997,3411111
2018-03-05,105.48262023925781,105.8455410217024,103.33196624952396,103.5806355835656,3839448
2018-03-06,104.65596771240234,106.11437670981928,104.27960617632624,105.7044187440849,3855242
2018-03-07,106.40336608886719,106.74612042703502,103.990602098775,104.17206784968369,4819654
2018-03-08,104.98529052734375,107.24347043676852,104.2191160226217,106.8603831844075,6752558
2018-03-09,107.06869506835938,107.25015005178818,105.71782300149229,105.83207442195223,5253221
2018-03-12,107.70719146728516,108.21797084491548,106.77300272758197,107.29050782648356,5296421
2018-03-13,107.07543182373047,108.95052405548704,106.73266680019812,107.59292612899026,4378138
2018-03-14,106.2689437866211,107.98946258078239,106.01354874709227,107.6466975300409,3798863
2018-03-15,107.27033233642578,108.37254601977955,106.53776512109117,106.6654679998424,4048648
2018-03-16,107.70719146728516,108.8631681065176,107.29050782648356,107.57277358331335,9688784
2018-03-19,105.75145721435547,107.45853559211903,105.14659275098441,107.33755840871302,5734172
2018-03-20,104.97855377197266,106.1412561238812,104.36696366759166,105.86569463670338,4536188
2018-03-21,105.30790710449219,106.32274041028228,104.79040186698822,105.22725206177616,3642381
2018-03-22,102.2163314819336,104.34009350031029,102.15584289172205,104.17207917357085,4964630
2018-03-23,100.06565856933594,102.54562594276047,99.83042997447438,102.32383806244867,4645181
2018-03-26,103.07658386230469,103.27147960966454,100.99985913421757,101.6248899783567,4292679
2018-03-27,102.09536743164062,104.08472253520151,101.59130293293781,103.46640656332971,4062350
2018-03-28,102.50530242919922,103.40588392613327,102.08189310947245,102.2028702656307,3833381
2018-03-29,103.11690521240234,103.42606313475207,101.5375191739926,102.87495087020324,3577320
2018-04-02,100.85868835449219,103.08326012418897,99.75647495783838,103.0563787020211,5387318
2018-04-03,100.71084594726562,101.48373522917741,99.66912094693834,101.34931736996965,4325942
2018-04-04,103.58063507080078,103.8158636877969,99.09787208571636,99.39358928729187,5026344
2018-04-05,103.5201416015625,104.1182909709826,103.05641011077307,103.7956923530001,3331928
2018-04-06,101.19477081298828,103.46639140526774,100.50252562574664,103.13707775280054,3841853
2018-04-09,102.61954498291016,103.94353568497795,101.98107356169474,102.02139570131519,4616207
2018-04-10,104.43416595458984,105.24737742644255,104.0040309239238,104.1922116477068,3981494
2018-04-11,104.41400909423828,104.69628556920932,103.4193318010171,103.74865614295462,3458599
2018-04-12,106.2353286743164,106.84691870697249,105.29442505747123,105.34818791362615,5898812
2018-04-13,105.32131958007812,107.00823130652611,104.78365877120146,106.63858480743608,4243727
2018-04-16,106.11433410644531,106.95443759354191,105.96648627628299,106.18154839243509,4379393
2018-04-17,108.14404296875,108.87661025555357,106.53106052033853,106.73940770689624,10677045
2018-04-18,99.99845886230469,102.57923705803313,99.64225309589798,102.24991272176511,21319258
2018-04-19,99.265869140625,100.28070189609411,98.54002778394343,100.26726118406854,8458061
2018-04-20,97.38407897949219,99.44735221691982,97.12196893069213,99.4003150749518,8645818
2018-04-23,98.029296875,98.09650046825925,97.00101217373508,97.47146950704139,5560118
2018-04-24,97.82764434814453,98.99705086103054,97.13539928634145,98.46611582556079,5142659
2018-04-25,98.08304595947266,98.39220389865972,96.85313992451997,97.98223522034215,7663414
2018-04-26,98.60726165771484,99.03739675523995,98.25778158396318,98.52661736076993,4462027
2018-04-27,98.4459457397461,98.96345076846166,97.89484428971521,98.6879000434462,3352953
2018-04-30,97.42438507080078,99.0508186856766,97.42438507080078,98.70133867820641,4618613
2018-05-01,97.4512710571289,97.46471177136605,96.42299742043784,97.21604246773815,4637336
2018-05-02,95.73749542236328,97.33032225273844,95.48210035195852,97.08836789900458,5433865
2018-05-03,95.4283447265625,95.58964406568181,94.02369854982143,95.52244047722783,5249456
2018-05-04,96.71873474121094,97.01444124287366,94.27908905981074,94.83019063885178,4604701
2018-05-07,96.25495910644531,96.99425192150478,95.86515699375748,96.77917906976447,3825222
2018-05-08,96.10712432861328,96.44987863112736,95.4753678535854,96.1071243286133,5616079
2018-05-09,96.90898895263672,97.1876094473952,96.00521040120493,96.42651964324993,4389016
2018-05-10,98.01663970947266,98.07779977787455,97.18081074842921,97.27595104281144,3898024
2018-05-11,97.94867706298828,98.43114631650418,97.56813762793614,97.92828676093337,3214567
2018-05-14,98.0573959350586,98.61461510385708,97.94866574650352,98.17291565957728,3364041
2018-05-15,97.6768569946289,97.8467472560254,97.11963776138668,97.51377796179197,4277512
2018-05-16,98.28163146972656,98.55345150839224,97.35746286088992,97.64966235261812,3314460
2018-05-17,98.19331359863281,98.66220381274978,97.69725438964252,98.19331359863281,3292494
2018-05-18,97.90791320800781,98.49231231522303,97.84675314406091,98.1729329211737,2805581
2018-05-21,98.86605834960938,99.2397974098504,98.31562864163085,98.49910882625889,3027856
2018-05-22,98.59426879882812,99.34855838161623,98.5331087183441,98.88646843144386,2389064
2018-05-23,98.30884552001953,98.32922497792659,97.50018559341343,98.09138509903143,3618846
2018-05-24,97.90109252929688,98.17970210492572,97.14001377108185,98.11854205365778,3555040
2018-05-25,97.6089096069336,98.24087883414967,97.4865894836319,97.785589409078,5140358
2018-05-29,95.96442413330078,97.09925283794463,95.27808443551649,96.85461261065329,4746330
2018-05-30,96.91578674316406,97.24196652965581,96.37215738097991,96.42651706342643,5353951
2018-05-31,96.02558135986328,97.04489041821861,95.84890155691791,97.04489041821861,7144494
2018-06-01,96.46049499511719,97.06528440863146,96.23624504149608,96.7866747738559,4034945
2018-06-04,97.20118713378906,97.28952703196207,96.61677722178712,96.6983275832804,3174924
2018-06-05,97.64969635009766,97.90792656132521,97.20120722982922,97.20799676791266,2966456
2018-06-06,98.33602142333984,98.34281096040156,97.54096229505133,98.08459163393961,3368225
2018-06-07,98.7777328491211,99.68831183040383,98.48553326440127,98.53309256728522,4515059
2018-06-08,99.3077392578125,99.50479847932027,98.10495024648723,98.53305975121258,5450183
2018-06-11,99.60675048828125,100.17075922875759,99.3077505852496,99.63393032566506,3409960
2018-06-12,99.80382537841797,100.24552491991192,99.63394594518482,99.96012573673521,2761963
2018-06-13,99.4504623413086,100.21155211084498,99.3485325156762,99.74946228098025,3104737
2018-06-14,98.66899108886719,99.8785698971766,98.59424110548363,99.65431994702591,3479310
2018-06-15,98.79808044433594,98.85245095937898,97.6496619353925,98.46511120200167,9535336
2018-06-18,98.17973327636719,98.20691311980376,97.26915429170607,97.9758736046857,4483574
2018-06-19,97.78558349609375,98.00303304422124,97.14002438820323,97.25554412171144,3647402
2018-06-20,96.92254638671875,98.20686384306836,96.7730464769242,98.00300427367642,3483075
2018-06-21,95.98481750488281,97.26914634665943,95.69940748029701,96.89539641516687,4066534
2018-06-22,96.00519561767578,96.36534473692079,95.66542595380213,96.24982500346664,5869420
2018-06-25,94.3131332397461,95.40719216646994,93.96657405259386,95.40719216646994,9348207
2018-06-26,94.51020812988281,95.0334579741855,94.00055905054064,94.70047784256423,4329917
2018-06-27,93.4229507446289,94.98588906947174,93.4025604428281,94.53059966043207,4290483
2018-06-28,95.1625747680664,95.50234446175527,93.74233593002015,93.84426575353622,4731790
2018-06-29,94.93153381347656,96.05956223770727,94.87037375113113,95.35284302110351,3880765
2018-07-02,95.04023742675781,95.28487763560918,93.91220918941137,93.96656885986549,3562048
2018-07-03,94.84319305419922,95.77415136311451,94.70728301087169,95.57709210389994,2053507
2018-07-05,96.10710906982422,96.10710906982422,95.08780025174259,95.46155007214345,3916956
2018-07-06,96.82062530517578,97.13321510277926,95.93043689297275,96.17506625645585,2980054
2018-07-09,98.1185531616211,98.3428030930229,96.81384502184643,96.89538453549892,4084316
2018-07-10,98.33602142333984,98.9340104423452,98.03022110791669,98.20011137714131,3950742
2018-07-11,98.49232482910156,99.34175460331244,97.8535551139384,97.8535551139384,3688824
2018-07-12,99.51840209960938,99.77662137862065,99.03592206656097,99.11067203593873,3262997
2018-07-13,99.14466094970703,99.87855994442653,99.07670051018182,99.51841082938122,3203480
2018-07-16,98.84566497802734,99.06991491475247,97.99624621741107,98.98836455325915,3628365
2018-07-17,97.50696563720703,98.53306407894986,97.40503583121489,98.36318468426428,5331148
2018-07-18,98.2068862915039,98.39716683539318,96.99730766766056,97.5205574715476,7254324
2018-07-19,101.4143295288086,102.29772857257028,100.06205112272815,100.46977042110862,15329967
2018-07-20,99.4504623413086,101.15611122815724,99.38930227674793,100.96583065134357,6709672
2018-07-23,99.0087661743164,99.68830559886008,98.53988679131696,99.45046571567916,4077203
2018-07-24,99.47085571289062,99.91934479032525,99.15826584322015,99.68830529121972,4070614
2018-07-25,99.63394927978516,99.65432873874757,98.87285945872623,99.21942956606263,3797921
2018-07-26,99.69510650634766,101.43472483930756,99.64073597688191,100.18436535019357,4997788
2018-07-27,98.63499450683594,99.98728352054546,98.30202525128276,99.81739327888471,3921768
2018-07-30,98.86605834960938,99.3757074526224,98.32242902442697,98.39717900565628,3774177
2018-07-31,98.48551940917969,99.07670803332961,97.96226953790412,99.03593827406162,5726013
2018-08-01,97.51377868652344,98.6621973830034,97.40504848458538,98.36998699890214,3544266
2018-08-02,97.14682006835938,97.41864015513764,96.71871048152228,97.07887046961763,4018104
2018-08-03,100.36782836914062,100.51732831924214,97.17400228046941,97.3370813032296,8424066
2018-08-06,99.2330093383789,100.02806845836356,98.92041948915883,99.85818903681906,4093730
2018-08-07,99.89894104003906,100.3270505551604,99.45044122575811,99.65430083373897,3670205
2018-08-08,99.8174057006836,100.18435521941485,99.37570620166397,100.116405621837,3745831
2018-08-09,99.43961334228516,100.2432619605233,99.41213986247743,99.9616423478734,3235801
2018-08-10,99.24043273925781,99.64569404995682,98.82830853886293,99.25416948173213,3141243
2018-08-13,98.02465057373047,99.116792758013,97.90100893997882,99.01375075449893,2989991
2018-08-14,98.47111511230469,98.78708206341055,98.17575875306166,98.22384282535444,2991560
2018-08-15,98.84890747070312,98.9107173230032,97.53696649608479,97.9147433141778,4436609
2018-08-16,99.83113861083984,100.06467415409564,99.16485738647727,99.16485738647727,5492232
2018-08-17,100.3256607055664,100.55233330958528,99.38464489177454,99.4533285764417,2801816
2018-08-20,100.63481903076172,101.08129062986036,100.3875357062861,100.53865085722474,2614686
2018-08-21,100.26387786865234,101.0537897888736,100.20891994304209,100.9713583819988,3249817
2018-08-22,99.762451171875,100.39438511043217,99.72811480090311,100.29135407135372,2498894
2018-08-23,99.85174560546875,99.95477664468704,99.42588470757191,99.62508389703737,2322538
2018-08-24,100.31195831298828,100.34630564862063,99.50830959338113,99.91357087936431,2904324
2018-08-27,100.7584228515625,101.39723062732651,100.64165507419095,100.93014855475919,3652214
2018-08-28,100.6897201538086,100.96447684186015,100.41497442883615,100.9370033656708,2568244
2018-08-29,101.34226989746094,101.61015277804754,100.69661021384042,100.88206168951068,3298875
2018-08-30,100.23638916015625,101.17741615038156,99.76931807236605,100.99196467819446,3494058
2018-08-31,100.61418151855469,100.82024359177369,99.96851085446482,100.09215248362868,3648971
2018-09-04,100.06468200683594,100.41499631229175,99.4670953987089,100.27074408624219,3479205
2018-09-05,100.73783111572266,100.79965193519439,99.63195214381763,99.72812029923632,3270319
2018-09-06,100.55235290527344,101.42469616747894,99.96850310104809,100.88893043343032,4444245
2018-09-07,99.90670776367188,100.62792506874331,99.68003508255953,100.24327437762763,4908983
2018-09-10,100.04405212402344,101.17740430531603,99.98224228258438,100.69659653376718,3784742
2018-09-11,100.62105560302734,100.96449604687996,99.76932286374962,100.28447804798795,3529936
2018-09-12,100.67599487304688,101.64449531587523,100.30508097612116,100.53861651338688,4714008
2018-09-13,102.31076049804688,102.34510782703255,101.05377762151255,101.21175560130305,5592439
2018-09-14,101.88493347167969,102.55120390399334,101.50714561671657,102.2421107297963,3610897
2018-09-17,101.61705017089844,102.39322551185941,101.50028236970668,101.96049068427129,3715287
2018-09-18,102.04289245605469,102.33825979466388,101.29420170227623,101.49338992791614,3796352
2018-09-19,102.3863296508789,103.0045268273034,101.81622751095043,102.09097328474273,4441525
2018-09-20,103.8219223022461,103.97990031528238,102.64735961240011,102.74351680548416,6226001
2018-09-21,103.95930480957031,104.8179005443344,103.54030675822835,104.04859911680443,20865085
2018-09-24,103.05260467529297,103.85625328193953,102.66108018597888,103.78755862033054,4461190
2018-09-25,102.2833023071289,103.31362366297073,101.90552548414391,102.97018321102345,4599785
2018-09-26,104.13788604736328,105.33305929432277,103.95242359328402,104.68051474199635,7742387
2018-09-27,104.06233215332031,104.67365553977413,103.82878561442955,104.41263551703321,3637570
2018-09-28,103.8631362915039,104.15162980737429,103.57465373871602,103.82878895404535,3457867
2018-10-01,105.09263610839844,105.38111860395776,104.20655610455691,104.20655610455691,3930240
2018-10-02,105.60780334472656,105.66962416173355,104.74920768494015,105.0857742893229,3169275
2018-10-03,105.24376678466797,106.02680491247256,104.95527328332841,105.77953259924004,3467804
2018-10-04,103.93182373046875,104.9552712625037,103.27927917960018,104.19283278035078,4432843
2018-10-05,102.36571502685547,104.26149457387552,101.56892937710258,103.65017133880733,4813901
2018-10-08,101.92613220214844,102.39321431894068,101.09500997808703,102.00168976461605,3388308
2018-10-09,101.13618469238281,101.90549678891905,100.92324882173422,101.71316054247623,3809950
2018-10-10,98.01093292236328,101.44532718622912,97.88042837414096,101.3148226380068,5802894
2018-10-11,95.49008178710938,99.04125483061705,95.32522989712625,97.96284917377257,9111183
2018-10-12,96.74706268310547,97.22100769003234,95.53127879242108,96.93251418173318,6865316
2018-10-15,96.93939208984375,97.71556737954835,96.25937399820691,96.42422587226288,5193913
2018-10-16,99.6800308227539,99.90670349417944,97.24847417935928,98.1757644950483,9095493
2018-10-17,92.0762710571289,94.20559754785681,91.64353629192112,93.34012801744124,20359344
2018-10-18,89.67219543457031,91.62980734135529,89.32188657016621,91.16959357246024,10472238
2018-10-19,88.67622375488281,90.59262000528946,87.8931800667431,89.74088712032173,8150014
2018-10-22,89.3081283569336,89.59662180993891,88.19538668919327,89.00590364609475,5982597
2018-10-23,90.12553405761719,90.59947905202162,88.20226963363059,88.6212621799202,6760926
2018-10-24,87.3780288696289,90.45525150498166,87.23378757020967,90.09807422026032,5972974
2018-10-25,86.8559799194336,87.77640189241842,85.95616854013969,87.40548794755416,10778298
2018-10-26,85.71573638916016,86.39574876210354,84.97390869615967,86.0042298089176,9170282
2018-10-29,82.17832946777344,85.13878363807596,81.25790748887411,81.97226738186714,21391118
2018-10-30,79.26596069335938,83.45593004114369,79.09424045839967,82.7553068780136,22445696
2018-10-31,79.28656768798828,80.02152724139845,78.36614567192491,80.01465887036031,22640670
2018-11-01,80.24817657470703,80.36494432991226,79.06674035841822,79.33462319556402,14253528
2018-11-02,79.45140075683594,80.88010929937792,78.67522567930808,80.71525747038618,11079964
2018-11-05,82.46681213378906,82.95449931541062,79.67807837652566,79.74676756121808,9565252
2018-11-06,84.56864929199219,85.04259964491015,82.63851699820512,82.90639983533893,10038880
2018-11-07,85.7500991821289,85.90120880661945,84.02602864766234,85.02887098418502,12952304
2018-11-08,85.82661437988281,86.53615523377671,85.3048925106838,85.32576560448136,10874634
2018-11-09,85.93792724609375,86.6544240158668,84.83883107157155,85.98661818310848,7282043
2018-11-12,84.10147094726562,85.958799072962,83.92756363226708,85.91010258216596,5626539
2018-11-13,84.05973052978516,85.04056623462067,83.40584191034667,84.3032018817054,4272282
2018-11-14,83.61454010009766,84.81797977873529,83.31542191848584,84.2475612620663,4981366
2018-11-15,84.47708892822266,84.47708892822266,83.13452721756614,83.23887047153771,5447463
2018-11-16,84.56753540039062,84.76231024899629,83.85103863857714,84.09450997501183,4263810
2018-11-19,83.69105529785156,84.99188234751414,83.31541724171409,84.60928844228938,4321235
2018-11-20,81.52764129638672,83.12063043311986,81.17982668652498,82.42500121339636,6520555
2018-11-21,82.48065948486328,83.13454811175322,81.65981383776166,81.812853609439,5581247
2018-11-23,81.52069091796875,82.32066346405428,81.32591050434732,82.14675614745501,2442096
2018-11-26,83.1693115234375,83.64929829287222,82.12587336873872,82.34151573667289,5241611
2018-11-27,83.49628448486328,83.50324033428915,82.3415413125388,82.34849716196466,5129375
2018-11-28,85.5622787475586,85.62488692860236,83.6284309451395,84.1779817763371,5339307
2018-11-29,84.50491333007812,85.64574439332846,84.44926655468083,85.17271904568,5439305
2018-11-30,86.44572448730469,86.73788673834702,84.50492089186004,84.6301372504173,7585174
2018-12-03,87.1691665649414,88.05957045748708,86.50832226792019,87.41959370059878,6115334
2018-12-04,84.5884017944336,86.89788765673887,84.40058279644941,86.59876953982983,6276732
2018-12-06,86.1953125,86.1953125,82.98846636731162,83.28063422115765,7257148
2018-12-07,83.01628112792969,86.29268518846577,82.68933408609249,86.18834192336055,7342502
2018-12-10,84.26146697998047,84.644060854318,82.44587393629752,83.29454296999249,6850777
2018-12-11,84.09452056884766,86.1257561416678,83.4754111533445,85.7362008440269,5275083
2018-12-12,84.28231811523438,85.47879599632051,84.17101900913777,85.2214129969159,3724283
2018-12-13,83.98319244384766,84.72056218831453,83.59364280628353,84.35188009175828,4177306
2018-12-14,83.40583038330078,84.24753789889552,83.08583919063803,83.12757982728546,4763693
2018-12-17,80.762451171875,83.32236435699157,80.04595438013934,82.82846581542843,7713727
2018-12-18,81.14503479003906,82.24413085945825,80.70679419339302,81.31894207974341,6579549
2018-12-19,80.99200439453125,83.66321649275643,80.67201319002672,81.49285319335159,7300871
2018-12-20,78.61991882324219,81.00592476279931,77.70169130096845,80.48420281334882,8843302
2018-12-21,77.1729965209961,80.19202287383476,76.82518196456593,78.2581752724081,10864279
2018-12-24,74.8287353515625,77.21474105824967,74.7800444164584,76.44955338148772,3997184
2018-12-26,77.48603820800781,77.48603820800781,73.69486784201946,75.1278613702502,6951507
2018-12-27,79.14859771728516,79.14859771728516,76.15043820424214,76.51216453932007,6323698
2018-12-28,78.62686157226562,79.85812427961895,78.25817945506977,79.45465737410831,5352905
2018-12-31,79.07207489013672,79.54510033733406,78.20253832801585,78.83555939086031,5212009
2019-01-02,80.1433334350586,80.6789670108073,77.6947251822166,77.91732340913185,4434935
2019-01-03,78.54339599609375,79.91378693098298,78.39035623099483,79.67031558675384,4546648
2019-01-04,81.6111068725586,81.72936182671305,79.60769519102931,79.93464221595309,4683779
2019-01-07,82.18848419189453,82.6615151612457,81.15895762903781,81.73632631777585,3923755
2019-01-08,83.35712432861328,83.87189029624939,82.76584404672549,83.23886938250655,4982726
2019-01-09,83.95539855957031,84.44929717844904,83.38498559677399,84.10843835011813,3800850
2019-01-10,84.7205810546875,84.7692719945488,83.4406216508568,83.53105323338336,4089860
2019-01-11,84.49100494384766,84.60230405035362,83.61451268348479,84.57448066156576,3893630
2019-01-14,83.74669647216797,83.92755962702675,83.30845028134013,83.83017220143782,5469220
2019-01-15,84.6788330078125,84.81796106939076,84.0458119854771,84.14319940803985,3668845
2019-01-16,84.6023178100586,84.86665670059887,84.05277248399324,84.57449441674554,4017791
2019-01-17,84.99882507324219,85.15186483224599,83.85799383143738,83.86494967945072,5261275
2019-01-18,86.1326904296875,86.75875553741663,85.36054142799159,85.75009107676367,6284891
2019-01-22,85.22838592529297,86.11879560658241,84.54667390638949,85.77098097288741,10514810
2019-01-23,92.44204711914062,93.90981984556329,90.64732733647848,91.38469162363471,23078630
2019-01-24,92.1916275024414,92.66465295451788,91.42643420961122,92.2611915383997,6613753
2019-01-25,93.19332885742188,93.52027036302194,92.12205611243644,92.42813562567657,5969940
2019-01-28,93.4020004272461,93.77763835933071,92.22638460075284,92.58811083925717,5604154
2019-01-29,93.44376373291016,94.19503982400423,92.93595345571903,93.41594033734545,5268807
2019-01-30,93.4785385131836,93.93069639944405,92.69247771049841,93.21419407821796,4707941
2019-01-31,93.50635528564453,93.71504181795763,93.03332433708103,93.52722837995974,5108664
2019-02-01,93.28377532958984,94.04896313218572,92.76204779390618,93.88897305346423,3981076
2019-02-04,94.04198455810547,94.04894595720606,92.51160923238699,93.22810040967185,4149064
2019-02-05,94.29241180419922,94.48022523377475,93.85416566491065,94.10458727191444,5647249
2019-02-06,94.82804107666016,95.05760069606939,94.02806865947727,94.06285344800547,5104166
2019-02-07,93.730224609375,94.63100853216814,92.97723226183187,93.9835695611573,4580852
2019-02-08,94.09618377685547,94.09618377685547,93.0265086271868,93.13206764031852,3399291
2019-02-11,94.29322052001953,95.10954493899254,94.23691415066001,94.50433851692392,3237475
2019-02-12,95.74290466308594,95.84846365547568,94.90546399969004,95.10953947667763,3469791
2019-02-13,96.77737426757812,97.05887235760981,95.99622886141167,96.35513836459867,4448638
2019-02-14,96.04552459716797,96.83370153960674,95.85551163850587,96.5310982932087,2917712
2019-02-15,97.13629150390625,97.24888176322791,96.68589677041268,96.81960331939165,4020929
2019-02-19,97.6078109741211,97.6078109741211,96.6647999697638,96.9814882181273,3541442
2019-02-20,97.11516571044922,97.98779629514036,96.56625455376626,97.65000308609424,3976892
2019-02-21,97.00259399414062,97.36150360090461,96.65776940480427,96.98852020878432,3072416
2019-02-22,97.99485778808594,98.08634300907752,97.41779889138071,97.62891690411958,3256930
2019-02-25,98.14266204833984,98.85342761389713,98.04413430590829,98.52267676672638,3341133
2019-02-26,98.32561492919922,98.86748371944557,98.14967577262895,98.29042485147102,3201178
2019-02-27,97.93855285644531,98.22005100000557,97.39668409338661,97.99484799232928,2647321
2019-02-28,97.20667266845703,97.86114294549871,96.91814324447394,97.65705622665051,3616859
2019-03-01,97.95966339111328,98.55079597936329,97.56556376687706,98.03707481443918,3169380
2019-03-04,97.41778564453125,98.57894578877196,96.5310811259449,98.51560814714868,3563617
2019-03-05,97.03073120117188,97.63594883513586,96.80553942745206,97.37556698574825,4445814
2019-03-06,96.39739990234375,97.38966367373423,96.2144294371522,97.19965069892483,2895642
2019-03-07,95.25732421875,96.33403035671984,94.74359184509609,96.13698616958855,4559305
2019-03-08,95.06732940673828,95.17288841165356,94.00469123292233,94.44804916243056,3947186
2019-03-11,96.91111755371094,96.92519134034237,95.59513426313006,95.72885208423712,4120508
2019-03-12,97.31224060058594,98.31154676218848,97.0166686413353,97.48113725843325,4136616
2019-03-13,97.50924682617188,98.04408416222911,97.00959955613868,97.15034858816786,3319167
2019-03-14,97.6711196899414,97.77668990830999,97.15739854114645,97.4740755000446,2864576
2019-03-15,98.12154388427734,98.75490922425058,97.98079478294189,98.07932252349848,7482770
2019-03-18,98.67045593261719,98.78305746085552,97.62189702317463,98.40304274715102,3418851
2019-03-19,98.86747741699219,99.71899187999585,98.52265286627774,99.19823941599671,3642486
2019-03-20,98.24115753173828,99.01526059002097,97.80484775796049,98.89562780844015,3817377
2019-03-21,99.53601837158203,100.01456070146887,97.7344617829218,97.88928463176958,3771248
2019-03-22,98.13558197021484,99.53600750046049,97.74852489036896,99.20525677990848,4055551
2019-03-25,97.94560241699219,98.45932364909916,97.36150102789236,97.86114847501497,2970431
2019-03-26,98.677490234375,99.24047536459346,98.11449387208484,98.47340349144123,2671170
2019-03-27,97.98780822753906,98.86747019383547,97.39667565575753,98.81117506282844,3240717
2019-03-28,98.46635437011719,98.83229524178856,97.88929549280017,98.45932309370018,2786439
2019-03-29,99.29676818847656,99.38122213367596,98.62822406396343,98.87453215869384,3244064
2019-04-01,100.84497833251953,100.92238976327899,99.58529037966044,99.58529037966044,4167578
2019-04-02,100.63383483886719,101.30237874527505,100.35233675613347,100.88013162117447,2515421
2019-04-03,101.07721710205078,101.49241061115923,100.64089606715758,101.09129088716948,2804535
2019-04-04,100.47903442382812,101.43610790083228,100.31013778293678,101.07016705091273,2898571
2019-04-05,100.8309097290039,100.98573259847808,100.25383960676258,100.83794100557753,2857463
2019-04-08,100.90830993652344,100.92941499596733,100.54236909741644,100.64792809084577,2215637
2019-04-09,100.00752258300781,100.59865513919522,99.81750967276778,100.3945684465747,3178271
2019-04-10,100.64794921875,100.98574256146102,99.9160673869002,100.07087903957647,2801188
2019-04-11,101.18276977539062,101.41499283135443,100.65496355421556,101.19684355962873,3077332
2019-04-12,101.58386993408203,101.64720756700535,101.12644395415619,101.52053230115872,3032249
2019-04-15,101.2672119140625,101.66130033466446,100.82385963286771,101.61907898218647,3768947
2019-04-16,102.13984680175781,102.31577472686286,101.3516586967718,101.61908307069926,6591578
2019-04-17,97.89631652832031,99.91603338798807,95.89067345047054,96.67181888567663,13101882
2019-04-18,98.75489044189453,98.8674807158911,97.6078040170966,97.81892201291062,5188160
2019-04-22,97.74152374267578,98.91675789419742,97.4529942786085,98.11449592360921,4700724
2019-04-23,98.83230590820312,99.17009924652068,97.77671576605101,97.92449613953788,4667461
2019-04-24,98.48748016357422,99.44455378978653,98.36784736430668,98.94490629728658,2902545
2019-04-25,97.55852508544922,98.34670180995028,96.91108618170287,98.31152297079595,3043965
2019-04-26,98.1285400390625,98.44521694341857,97.6851878801371,98.0581599056052,2426511
2019-04-29,97.85409545898438,98.2622575969945,97.68519884462354,97.92446436827284,3094382
2019-04-30,98.71267700195312,98.83230980731194,97.59374916071377,97.89635242887375,4852185
2019-05-01,98.91676330566406,99.79642553213418,98.64230761272641,98.90972079617063,3194170
2019-05-02,98.23411560058594,99.42342324340899,98.107440324619,98.8745120236445,3704304
2019-05-03,98.69857025146484,99.2263763991584,98.26226053668636,98.31152439069635,2698575
2019-05-06,98.79009246826172,99.00825302342862,97.04484172314575,97.32632870626048,2921792
2019-05-07,96.8618392944336,98.17781100483845,95.84141702510932,97.92447168041431,4944233
2019-05-08,97.11516571044922,97.60778174298045,96.50291692306163,96.95331161247907,3994569
2019-05-09,96.37459564208984,96.54549851979927,94.7296682303133,96.05415700844355,4385564
2019-05-10,96.36035919189453,96.66656824600851,94.29529496888613,96.04704670600782,4160570
2019-05-13,93.58320617675781,95.1142060617765,93.25564703175922,94.90770076571806,5186068
2019-05-14,94.92906951904297,95.64827787046472,93.76835725454708,93.86804967007326,3431298
2019-05-15,95.70526123046875,95.84055606207662,94.25971255816324,94.41636883432814,2668346
2019-05-16,96.75916290283203,96.92293966426442,95.87616634679854,95.94737116361837,3156096
2019-05-17,95.64826965332031,96.4244531508553,95.37768003638574,95.90462967514391,2739579
2019-05-20,96.21797180175781,96.43871241573582,94.65848403039253,95.08574134328349,3414667
2019-05-21,97.16504669189453,97.59942448503266,96.69507217335521,96.93006511537158,2618661
2019-05-22,97.09382629394531,97.37866824440394,96.63808144630984,96.84459242866693,1934891
2019-05-23,94.27393341064453,96.22506426831696,92.88535456945,96.22506426831696,5589196
2019-05-24,94.19561004638672,95.5984356434887,93.70426847301982,95.08572694565257,2715521
2019-05-28,92.89961242675781,94.4519739558004,92.76431191665617,94.08880667875955,5134605
2019-05-29,92.35126495361328,92.77139591580011,91.37569688960039,92.57201115244933,3848234
2019-05-30,92.26583862304688,92.5506748885516,91.81009946169017,92.3868924731313,2868027
2019-05-31,90.42864990234375,91.46118217659897,90.32895180101222,91.46118217659897,3702108
2019-06-03,91.3401107788086,91.54661605746473,90.47847589987194,90.50695781892928,4463177
2019-06-04,94.48755645751953,94.52316453924077,91.92402461438188,92.2587098957371,4093521
2019-06-05,93.6330795288086,95.14271268188286,92.90674488112278,94.97893590824064,3306720
2019-06-06,94.15287017822266,94.45906783592537,93.21290440175497,94.13150305760794,2403917
2019-06-07,94.92906951904297,95.93311983796366,94.14576547391319,94.33090934313981,2670856
2019-06-10,95.9473876953125,96.38176556649039,95.35634783464467,95.6910389450988,3045220
2019-06-11,96.80899047851562,97.17216342009098,96.16811309760712,96.36037176568274,3564036
2019-06-12,96.03993225097656,96.80187484953245,95.71236739964931,96.53127384522134,2358416
2019-06-13,96.67369079589844,97.0368637192086,96.19659018330803,96.2250721056281,3091244
2019-06-14,96.23930358886719,96.75913839923462,95.72659494112385,96.44581455358747,2294192
2019-06-17,96.09690856933594,96.8659774313238,95.91889084156145,96.41023249957196,2295029
2019-06-18,97.11518096923828,97.69196822846833,96.27490755203999,96.27490755203999,3048776
2019-06-19,97.61363983154297,98.52511806839746,97.0154854351514,97.15078023335478,2491990
2019-06-20,98.87405395507812,99.36539549201204,98.4111943383301,98.9310177954499,3212266
2019-06-21,99.12328338623047,99.3653910625088,98.54648474896047,98.58209283035094,5531980
2019-06-24,99.23008728027344,99.79975970348907,99.01646154225375,99.1232744112636,2286556
2019-06-25,98.5251235961914,99.37251187999516,98.36134686975545,99.30843324129663,2930055
2019-06-26,98.63905334472656,99.46508579291756,98.56072238760096,98.8882871750817,2389692
2019-06-27,98.63905334472656,99.19448484134999,98.23315760012022,98.7814742999995,2248691
2019-06-28,98.19757843017578,99.08056350655104,98.15484418011566,98.67467905491617,6436979
2019-07-01,99.60751342773438,100.75398470886826,99.18026185000411,99.40812860042745,3533074
2019-07-02,99.8496322631836,99.99916804192831,99.31555642682324,99.51494125364687,2520546
2019-07-03,100.78958129882812,100.98896610339199,99.99915687779416,100.20566784507031,2019198
2019-07-05,100.67564392089844,100.75397488457672,99.62887083823252,100.31248238833717,2232896
2019-07-08,100.09886169433594,100.61157044111808,99.88523589121658,100.44066752552402,2505484
2019-07-09,99.21586608886719,100.39793404530774,99.07344511331642,100.12734442070375,3519999
2019-07-10,100.02764892578125,101.05306633778572,99.54342214253047,99.69296928521358,2629539
2019-07-11,100.57596588134766,100.81807359062037,99.90659523363306,100.25551583614326,2231013
2019-07-12,101.64408111572266,101.77226111653032,100.87502384185747,101.06016768058392,2914365
2019-07-15,102.05712890625,102.19242373834645,101.20261429341636,101.75093115158681,2477242
2019-07-16,102.20663452148438,102.56980738675963,101.84347302169905,101.9502858960765,3634536
2019-07-17,101.87908935546875,102.39892423406846,101.08155004240086,102.26361805037591,6343258
2019-07-18,106.5504150390625,107.03464180706843,101.25956277253638,101.47319991743035,13276460
2019-07-19,106.5860366821289,107.939007700773,106.49346474157973,106.78542152596616,7626072
2019-07-22,106.62875366210938,108.19536176601777,106.6002717382098,106.92783659403975,4280860
2019-07-23,107.0844955444336,107.32661464748706,105.66031967970463,107.21980174176971,3914341
2019-07-24,106.83527374267578,107.84643895455079,106.24423399228084,106.89935239415217,3088210
2019-07-25,107.09161376953125,107.25539051535813,105.82408859245996,106.68571793860026,3244797
2019-07-26,107.78231811523438,107.81792619569995,106.88508086522639,107.52596948615641,3037898
2019-07-29,107.44054412841797,107.867807123845,107.04177442508085,107.6043322545877,2170973
2019-07-30,106.6501235961914,107.09874232315421,106.2584687185278,106.8139003456729,2753804
2019-07-31,105.56060028076172,106.94206434314864,104.24322622197664,106.60025856759948,3894153
2019-08-01,107.04174041748047,108.82197391910528,105.74573361063479,106.03057551709068,6635824
2019-08-02,104.85565185546875,108.91457628147324,103.67357238835754,106.1231770991096,8474378
2019-08-05,100.23416137695312,103.32464325395809,99.08769009377541,103.23918611896445,7442185
2019-08-06,100.21277618408203,101.45181917690729,99.2016112664934,101.13849534757446,5303952
2019-08-07,99.0592269897461,99.39390669878064,97.13657179028478,98.79575210215691,6204767
2019-08-08,100.93966674804688,101.17021838409562,99.253738504189,99.75086942234068,5503111
2019-08-09,98.079345703125,100.37048770439297,97.51736964609847,100.34165868914916,5485852
2019-08-12,96.30697631835938,97.89203771547685,95.95393868792807,97.7407399807955,4271759
2019-08-13,97.83439636230469,98.39637248276505,95.68735319727429,96.40063279236035,4730117
2019-08-14,94.56340026855469,96.66000701022551,94.36887051671057,96.47988026811656,5349453
2019-08-15,95.0461196899414,95.37033976670784,93.84291356561836,94.54178437572111,3910889
2019-08-16,96.37179565429688,96.9697935518804,95.78820076362118,95.85304591807478,3150552
2019-08-19,97.29402160644531,98.22344978625597,97.17875153722798,97.17875153722798,3310695
2019-08-20,95.82421875,97.46691458311871,95.68732407658017,97.4380970727999,3157456
2019-08-21,96.7248306274414,97.94244527496888,96.40061061346668,97.23637022210175,2934762
2019-08-22,96.77526092529297,97.75512540001527,96.40782037182738,97.04184017952383,2818865
2019-08-23,93.35296630859375,96.73202653879484,92.8198078448617,96.2781277315047,5040046
2019-08-26,93.65559387207031,94.59942514209297,93.05759583829263,94.4193041440241,2964259
2019-08-27,94.50574493408203,94.88759999927254,93.88613387532561,94.52735806991464,4945488
2019-08-28,95.65132141113281,95.74498408819449,93.69160382216118,93.97980198207767,2838426
2019-08-29,97.17874145507812,97.76232486846584,96.57352765684377,96.67440045635188,3108503
2019-08-30,97.6470718383789,98.03613134828187,96.8041076503543,97.68308798784884,3096788
2019-09-03,96.61676025390625,97.19314500755355,96.06198288513421,97.15711736688606,2957983
2019-09-04,98.21623992919922,98.29549385170976,97.37327579837562,97.77674404057024,2351303
2019-09-05,101.56648254394531,102.09243095096262,99.4626774164684,99.64279263826064,5242134
2019-09-06,101.27831268310547,101.96997924678098,101.19907024295304,101.96278061559025,2695333
2019-09-09,102.74085998535156,103.0434668646918,101.19903107503197,101.29269374013651,4421024
2019-09-10,104.50605773925781,104.80145453565406,103.00024474106024,103.02907375727659,5208766
2019-09-11,103.46134948730469,104.55648401639411,102.82011955250111,104.36194854766859,4047706
2019-09-12,103.47575378417969,103.77836066712928,102.22211148262554,103.77115053923228,2620648
2019-09-13,103.51178741455078,104.21785101661189,103.21639064240509,103.98010077275825,2308104
2019-09-16,102.6543960571289,103.49016141554844,102.50309836700211,102.71204258145859,2017211
2019-09-17,102.45266723632812,102.65440133333468,101.3431239530886,102.65440133333468,3068127
2019-09-18,102.46707153320312,102.52471805798653,101.23504811962965,102.34459135457396,2074846
2019-09-19,103.00743865966797,104.49163253698748,102.63278800130395,102.63998662966908,3232035
2019-09-20,102.22211456298828,103.62705459865046,102.17888829252334,103.20917765200893,5432296
2019-09-23,102.35902404785156,102.4670954954093,101.27109944271274,101.7250041222189,1901523
2019-09-24,102.07803344726562,102.94982663503056,101.63853753839648,102.66883857848231,3380254
2019-09-25,103.14434814453125,103.48298272973105,101.48723736398136,102.1212687579496,2642928
2019-09-26,103.42529296875,103.66305464211804,101.88346440406089,103.1515151626199,2416051
2019-09-27,103.20197296142578,104.53486928320768,102.5823618872281,104.04494852664487,2465213
2019-09-30,104.77264404296875,105.60119945408876,103.55502913003863,103.55502913003863,4171866
2019-10-01,103.50455474853516,106.16313661835808,103.41810222403255,104.8950857631538,3096997
2019-10-02,102.08519744873047,102.50307428004112,101.27824979239534,102.44543926866136,3494477
2019-10-03,102.3230209350586,102.35903708922713,100.2768503015059,102.03482270524637,3063525
2019-10-04,103.0218276977539,103.07226408428178,101.60967787139835,102.3517804177252,2524626
2019-10-07,101.7898178100586,102.81289693037286,101.74659154428595,102.4958928153011,2538119
2019-10-08,99.70044708251953,101.20626030734844,99.60678438909218,101.04055381105769,3373768
2019-10-09,100.62982940673828,101.10535278659164,99.99579823360048,100.70187317668366,2741357
2019-10-10,101.6817626953125,102.1500760647667,100.55060048013506,100.70189818429488,2713010
2019-10-11,102.85614776611328,104.10977862926055,102.74806483883843,102.86334639495401,3134653
2019-10-14,102.33739471435547,102.61838271763675,101.81864497766541,102.53191867848504,2415737
2019-10-15,103.0290756225586,103.5478139333139,102.17169123524747,102.69765117444778,3164673
2019-10-16,102.38782501220703,102.99302725258548,101.8690753064229,102.66160287116179,5577900
2019-10-17,96.73204040527344,97.98568283757359,95.75939175064735,97.26519894543345,16484751
2019-10-18,96.60954284667969,96.89774095149147,95.28385686323794,96.70320550583267,7507665
2019-10-21,95.5216293334961,95.89628003485653,94.31121893296974,95.54324821988521,6596181
2019-10-22,96.5158920288086,96.58073718531722,94.82275957867895,95.5000114087901,4353034
2019-10-23,96.81848907470703,96.95537800262609,95.60807310832324,96.19887233591344,3777001
2019-10-24,96.59513854980469,97.31562234568298,96.0403669469309,97.14270577469595,2718031
2019-10-25,97.58222198486328,97.93525382893675,96.61677763629547,96.63118639527345,2697739
2019-10-28,97.96405029296875,98.43957373527095,97.58939964124198,97.98566917649381,3374501
2019-10-29,96.4150161743164,97.67586279844845,96.14123256592157,97.5677913806063,4352092
2019-10-30,97.4453353881836,97.4669427774703,95.96833981214611,96.42224447948249,2356638
2019-10-31,96.35016632080078,97.44530645062846,95.98992444577533,97.34443366588293,3569057
2019-11-01,97.6470718383789,97.66867922817904,96.60957214569824,96.90496896804291,3231931
2019-11-04,99.18887329101562,99.23930968541465,98.15137388940403,98.15858401692071,3488828
2019-11-05,99.3473892211914,99.9742103901311,99.16006388332009,99.28254406586566,3153690
2019-11-06,99.98863983154297,99.98863983154297,99.10244935738135,99.42666370167326,4683256
2019-11-07,100.3749771118164,101.43201412368501,100.29478713420767,100.5061991906718,4261195
2019-11-08,100.316650390625,100.316650390625,99.25961349433118,100.29477616813213,2383206
2019-11-11,98.75662994384766,100.01779561211659,98.41400737545226,100.01779561211659,2686128
2019-11-12,98.8440933227539,99.62411885660931,98.42856450577035,99.04821008797505,3186639
2019-11-13,98.03491973876953,98.83680794216681,97.57565406218546,98.69830220103242,3052646
2019-11-14,97.68499755859375,97.92556749942858,97.19657402520409,97.7797664775384,4425940
2019-11-15,97.97660827636719,98.50148502050399,97.70688043432024,97.96931298877493,3412575
2019-11-18,97.9109878540039,98.03491464938678,97.12367281318383,97.90369256711018,3358078
2019-11-19,98.06407165527344,98.69101254873783,98.02033483997857,98.32651581749496,3132770
2019-11-20,97.1018295288086,98.02036107194671,96.77378587346765,97.7287589548241,4328557
2019-11-21,97.56837463378906,97.80893879252056,96.94143945530004,97.24762048294238,3499184
2019-11-22,97.93286895751953,98.15884833870147,97.38611799978497,97.82350945779092,3449185
2019-11-25,99.12110137939453,99.14297560304277,97.94013764212147,98.02762290148911,2709245
2019-11-26,98.47959899902344,99.25232926511559,98.24632435241989,99.25232926511559,3967687
2019-11-27,97.51732635498047,98.93156474211112,97.40797850588173,98.66913223131924,3431821
2019-11-29,98.01307678222656,98.06409726244695,96.9779020719125,97.39342519617028,1909264
2019-12-02,96.89041137695312,98.0495069620239,96.57694670229212,98.01306542826352,3208187
2019-12-03,96.31451416015625,96.5477888583258,95.27205585388162,96.2270346939391,3810055
2019-12-04,96.2197265625,97.45172250371114,96.19785815459042,96.85394529755698,3692380
2019-12-05,96.16139221191406,97.13095549414201,95.95727546332262,96.94870715055414,3760788
2019-12-06,97.11637878417969,97.6048022911117,96.7373031289354,96.77375629123988,3595625
2019-12-09,97.6266860961914,98.11510965105515,97.14555201098135,97.21115723786446,3105051
2019-12-10,97.619384765625,98.29735775996708,97.36424170831441,97.62668005244049,3640498
2019-12-11,97.51004028320312,98.0567853653567,97.44442924441307,97.76518333411778,4135152
2019-12-12,98.64726257324219,98.89512779320039,97.43714089076775,97.46629876718025,5046009
2019-12-13,97.8381118774414,98.77850595304908,97.69231082871221,98.23176656435025,2651610
2019-12-16,97.77977752685547,98.74204576370674,97.57566072723415,98.37026533286253,3189463
2019-12-17,97.84539031982422,98.18801287614748,97.29135567234079,97.88912714154526,3040931
2019-12-18,97.98390197753906,98.41400983845121,97.79436410343153,98.08596620293325,3244483
2019-12-19,98.09326171875,98.21720018892506,97.82353381642194,98.0203670026735,4044359
2019-12-20,98.8440933227539,99.44915996710179,98.37753240565863,98.95344117429289,7438943
2019-12-23,98.81494903564453,99.25234050194862,98.41399910138088,98.98261266166713,2932147
2019-12-24,98.39939880371094,98.86595968369758,98.12967102197446,98.85866439773655,1257397
2019-12-26,98.34839630126953,98.63999839340909,98.15885843194732,98.3994284126782,2227666
2019-12-27,98.61083221435547,98.96075004139033,98.31923014675064,98.4139990734381,2878801
2019-12-30,96.81752014160156,98.6327089487883,96.5915349061804,98.5598142390489,4308369
2019-12-31,97.71416473388672,97.77249212932875,96.5186218381238,96.61339076608617,3951265
2020-01-02,98.72017669677734,99.08467345117478,98.24633207958337,98.41399569981087,3293436
2020-01-03,97.93286895751953,98.31194465718525,97.36424959040738,97.37153906019992,2482890
2020-01-06,97.75791931152344,97.85997189829007,97.10182042711068,97.2622004129722,2537073
2020-01-07,97.82353973388672,98.38486980493633,97.24764235397065,97.45904867861071,3232977
2020-01-08,98.63999938964844,99.04094936158273,97.6266989803105,98.05680683470757,4545916
2020-01-09,99.68244934082031,99.7189025084629,98.63999113624415,98.95345579933345,3902208
2020-01-10,99.64601135253906,100.50622712039637,99.36899981489438,99.872002409985,3405148
2020-01-13,99.58038330078125,99.6095528154973,98.46503041658534,98.76391613418626,3693426
2020-01-14,99.01176452636719,99.97404431014087,98.8149430325783,99.34710339326772,3850326
2020-01-15,99.594970703125,100.6447125074177,98.93157660736513,99.1429886797651,4232011
2020-01-16,100.5864028930664,100.73948758246841,99.87928357151002,100.10526296176354,4519661
2020-01-17,100.82694244384766,100.84152137962016,99.25960794889829,99.53661936380003,5881972
2020-01-21,101.45390319824219,101.58512529630437,100.30938075453909,100.46247708068755,7577329
2020-01-22,104.89470672607422,106.27979866481905,103.91785988241888,104.47918961615213,17228038
2020-01-23,104.15119171142578,105.27384003511854,103.62631490387551,105.12074369423169,5918059
2020-01-24,102.46717834472656,104.91659097322733,102.39428366107842,104.53023169705487,5836889
2020-01-27,101.05294036865234,102.10998903570662,100.67386469833536,100.96546673791438,4358264
2020-01-28,101.73090362548828,102.40158134787953,101.14771117069114,101.69446209628164,3610374
2020-01-29,100.3749771118164,101.75277403411995,100.30936607238871,101.45388834856958,3194275
2020-01-30,99.7043228149414,99.85011221395501,98.39213677722732,99.69702752737705,5290563
2020-01-31,104.77812194824219,105.01139665283003,102.63487787576,104.17305513879124,19868352
2020-02-03,106.62974548339844,107.36602264210366,104.90203063990698,105.15717953076107,9295488
2020-02-04,108.70008087158203,108.89690236636007,107.07443026816532,107.73051743106102,5879566
2020-02-05,113.96341705322266,114.77260062410997,109.45824511190132,109.50198193419111,15048593
2020-02-06,114.27684783935547,115.72755091447769,113.3000009217975,114.32059628389806,8786923
2020-02-07,113.0025863647461,114.57155694614714,112.64164306770824,113.84231064053284,6718876
2020-02-10,113.75389099121094,113.76125070064225,111.65456326774087,112.67844463301766,5480831
2020-02-11,113.05410766601562,114.33579035390797,112.50164748836674,114.26213448335892,4011515
2020-02-12,114.40208435058594,114.61570400621993,113.08356787401179,113.25298225142983,4641939
2020-02-13,113.66551208496094,114.04854623074348,113.00257379728794,113.70971737618692,3996452
2020-02-14,111.00636291503906,113.84965632434523,110.32132206071375,113.74652633234034,6379763
2020-02-18,111.30098724365234,111.50723545063215,110.2255526836984,110.33604237469744,3496778
2020-02-19,111.12421417236328,111.8829226783572,110.71908917766213,111.62510945078816,2858613
2020-02-20,111.38938903808594,111.68402430307793,110.12979712153387,111.08738230702517,3013003
2020-02-21,110.37287139892578,111.25680073942213,109.63626557463292,111.25680073942213,3699597
2020-02-24,107.86106872558594,109.05437651275956,107.08764068531988,107.18339922646796,5703210
2020-02-25,104.38426971435547,108.33247144472658,104.05280064687662,107.91997503763419,6497229
2020-02-26,102.94051361083984,106.1152873036142,102.83002392910981,105.26082044061609,5656663
2020-02-27,98.04947662353516,102.15973352738088,97.97582074081305,101.09165856592229,8808471
2020-02-28,95.86912536621094,96.56153767678568,93.07739699462664,95.74390448973702,13607832
2020-03-02,98.926025390625,99.02915537362996,94.24858923028658,96.31108307986968,8923844
2020-03-03,94.94837188720703,100.25191853160239,94.13810430584692,99.0586227409993,8259321
2020-03-04,98.86711120605469,98.91130473630439,95.02203306146339,96.92247830781551,5226234
2020-03-05,95.42715454101562,97.44544887834385,94.61688704418889,96.12692647317742,5696725
2020-03-06,94.08653259277344,94.52849723089552,91.7220320659536,93.3278300597083,8570192
2020-03-09,86.77940368652344,90.16778500085968,86.38899822135537,88.51042227514093,11252345
2020-03-10,91.90617370605469,91.9872010375983,85.26936276810557,90.44033378670056,11935592
2020-03-11,86.89728546142578,90.29303339823298,85.72608046526108,89.13656545750587,8835039
2020-03-12,75.73033905029297,80.8792077509503,75.3399394199499,80.76871806591984,13088284
2020-03-13,79.5164794921875,80.4077742437691,74.2571215342883,80.05420257774132,13077197
2020-03-16,72.98280334472656,79.11871939760856,69.9774557468478,72.18726704497902,11054128
2020-03-17,78.55891418457031,79.11136858184463,71.52433642231838,74.10982253129316,9684182
2020-03-18,76.27545166015625,78.76517372107419,73.21853806546616,73.2259036548847,9176035
2020-03-19,73.91092681884766,76.37855132095625,72.36405360434684,75.37676681897821,8782739
2020-03-20,70.26472473144531,74.38971170743012,69.76382959286708,74.33814672496787,11031639
2020-03-23,69.80802917480469,71.99574351408319,66.70692334826313,69.68280832900739,10176952
2020-03-24,77.69706726074219,78.10956361528844,73.11538445023847,73.65310753112712,8340699
2020-03-25,77.96963500976562,82.85332596637042,75.74508615366588,77.69709059424832,9052084
2020-03-26,83.15532684326172,83.34684389158063,77.76338125941673,78.75042885356423,7482561
2020-03-27,79.5754165649414,82.1314340092666,79.29550661952418,79.98054736965844,6718458
2020-03-30,83.18476867675781,83.57516826523462,79.4133533457745,79.61960151949496,5820467
2020-03-31,81.71159362792969,83.83301260144324,81.15177358912632,82.49975868434564,6635092
2020-04-01,77.44664001464844,80.9676146388195,76.98994414317787,78.34530058082645,6394093
2020-04-02,81.0265121459961,81.26222853016638,77.44661401651227,77.61603424914082,6619820
2020-04-03,78.33055114746094,81.07808544593198,77.28456730071504,80.2309900742212,4747585
2020-04-06,84.57697296142578,85.17362086679061,81.1222946483835,81.28434934306125,7357773
2020-04-07,84.66536712646484,88.07584608214314,84.61380800909464,87.50866052089604,5852684
2020-04-08,87.86959838867188,88.36312219259119,84.76112616526048,85.67451789069511,5395896
2020-04-09,89.49751281738281,90.54349116865288,88.51782477036241,88.74616979728253,5832705
2020-04-13,89.23967742919922,89.71847001077765,86.9488327467957,89.59324914432236,5355206
2020-04-14,91.272705078125,92.2081934996237,90.32248548122662,90.94123599654658,5322780
2020-04-15,87.4276351928711,88.53254398811724,86.00598846280062,87.74437900605805,5896616
2020-04-16,85.24726867675781,88.20842271149736,84.2823180114028,87.66333401194852,6754650
2020-04-17,88.48098754882812,88.67987019745674,86.86045224871768,87.87696813599051,5194436
2020-04-20,88.69458770751953,90.49926832263117,87.02249354494221,87.76646490469368,8558058
2020-04-21,86.00597381591797,86.2932493483552,82.54393037408626,83.97294832752249,15009054
2020-04-22,87.88430786132812,88.63564470319952,86.58788823246775,88.29681009273189,7412479
2020-04-23,89.38699340820312,90.62448850992836,87.74436748608903,88.07583655412668,7198154
2020-04-24,91.8693618774414,92.07561009660148,88.95240682233708,90.1678052518274,5215251
2020-04-27,92.7532730102539,93.54144372079787,92.4218039617295,92.48809424441748,5150295
2020-04-28,93.01110076904297,94.4327474516241,92.35552227783302,94.30752657522301,4997893
2020-04-29,94.79367065429688,95.25036644147525,93.93920965447853,94.93362268607846,5499450
2020-04-30,92.48809814453125,93.74769586577968,92.23765642042615,93.19524154991447,6941047
2020-05-01,89.77002716064453,90.94859755916414,89.41646133161429,90.74234935597272,5152073
2020-05-04,89.63007354736328,89.84368733417533,87.94324825787676,88.99659189580986,4202723
2020-05-05,90.29301452636719,91.57470896107283,90.21198719102814,90.88966234337074,4078772
2020-05-06,90.72761535644531,91.37582229533325,90.16779546329165,90.77917446645698,4042372
2020-05-07,90.49620056152344,92.01156271397218,90.21253668098034,91.80254847719256,4615580
2020-05-08,91.81001281738281,91.98916957948056,90.36930030914425,91.57114110605092,5232615
2020-05-11,91.51141357421875,92.15339093239041,90.0781655384012,90.9291571181551,3697924
2020-05-12,89.77212524414062,92.80284989145731,89.77212524414062,91.82495195778533,5004587
2020-05-13,86.39051818847656,89.5705409176205,85.73361222464392,89.54067749390354,6153409
2020-05-14,87.30125427246094,87.40576139095067,83.46432453420474,85.52462134374001,5501332
2020-05-15,87.32365417480469,87.62971118543045,86.03223489470341,86.53984774652957,5006470
2020-05-18,90.74256896972656,91.33975437898877,89.39143444946109,89.48847722739619,4399162
2020-05-19,89.79451751708984,91.19790832799221,89.68254601843452,90.46635246622002,3390191
2020-05-20,90.60820007324219,91.42186411255744,90.02593747583609,90.27227957309248,4017372
2020-05-21,88.92110443115234,90.8619590104838,88.80913296806727,90.31702447198059,4184941
2020-05-22,88.3761978149414,89.18240332682645,87.7790125183439,89.1077536754522,4373117
2020-05-26,90.891845703125,91.5338171777353,90.33198228718507,90.54846090171185,5720888
2020-05-27,93.71354675292969,93.93002536011156,92.16832711339407,92.51917627187329,5990965
2020-05-28,92.95960235595703,94.78102159779756,92.7281950001371,94.70637790701565,4095404
2020-05-29,93.23580932617188,93.40750174307193,91.25016189170702,92.31763824147764,8294675
2020-06-01,93.22832489013672,93.87030224431571,92.58634753595773,93.04170377405669,3003798
2020-06-02,94.05693054199219,94.05693054199219,93.05663961541204,93.81058850536643,3115093
2020-06-03,96.33370971679688,96.74427383669958,94.80341877112546,94.91539026226276,4097914
2020-06-04,96.21426391601562,96.25905608493476,94.81834358326195,95.38567134158677,4042581
2020-06-05,98.58061981201172,100.20049506689136,98.34921246542763,99.94668269957094,6163764
2020-06-08,101.33515167236328,101.43219442472405,98.73738450800103,98.73738450800103,5617543
2020-06-09,98.43879699707031,99.7302103202985,97.80428391072698,99.67049536632612,5641706
2020-06-10,96.94581604003906,98.70752015469358,96.89356546166903,98.64779925078759,4952601
2020-06-11,88.092529296875,94.13158510046524,87.96562906621641,94.07932856007761,12304726
2020-06-12,91.0038070678711,91.9070492275125,89.04055314606934,90.51112898468512,6506434
2020-06-15,90.80972290039062,91.34718720021681,88.30153432481156,88.9733691674923,5385959
2020-06-16,93.42242431640625,95.17665830359823,91.93692549133853,93.31045282148732,5864608
2020-06-17,92.6759262084961,94.24354478005753,92.11606285845252,93.93001749142692,3302013
2020-06-18,92.68339538574219,92.862552143628,91.31733255335983,91.81747502742581,2997208
2020-06-19,91.4218521118164,94.66905538674804,91.25762406853666,94.1838415836018,8471554
2020-06-22,90.37677001953125,91.44424032935879,89.97367025958488,91.16057643213765,4993081
2020-06-23,89.13762664794922,91.74285287191177,89.00326201787752,91.07848217786983,6937700
2020-06-24,86.9056167602539,88.32393612933116,86.50251107637062,88.32393612933116,7061546
2020-06-25,88.85396575927734,88.98833635119114,86.66676804858692,87.15944631880532,6412608
2020-06-26,87.48040008544922,88.82406967750795,86.78616622903458,88.27913509007624,11244605
2020-06-29,89.39141082763672,89.41380393419678,87.6147778537805,88.07013413982403,4350837
2020-06-30,90.15283966064453,90.47382544830579,88.83156274489664,88.97339173477526,4099797
2020-07-01,88.4881591796875,90.49619942422318,88.36125895692275,89.77957834181372,4869967
2020-07-02,89.35408782958984,90.63804274215748,89.02563771079238,89.34662346033522,3919362
2020-07-06,89.7198486328125,90.95901113621521,89.17491403801336,90.5111252376049,4231488
2020-07-07,87.77153778076172,89.2122502661456,87.58491665297016,88.83154364202663,4474893
2020-07-08,87.86857604980469,88.56280398863392,86.9503991947229,88.12984680683404,5431669
2020-07-09,86.3756103515625,88.08505795297089,85.99490373253441,88.08505795297089,4982098
2020-07-10,88.3463363647461,88.51056439894522,86.06209645291419,86.21885416083337,4482842
2020-07-13,88.9808578491211,90.3170635313434,88.57775802480798,89.41382111178258,4864632
2020-07-14,90.02591705322266,90.2424016194709,88.02534111870659,88.54788267657754,4742982
2020-07-15,91.81748962402344,92.53411676949176,91.18298245927168,91.36959765810573,4679176
2020-07-16,92.5714340209961,92.9222832066427,91.19044230069026,91.5786133328107,4530121
2020-07-17,93.39256286621094,93.78073387592043,91.96677905525557,92.85509256482956,4167892
2020-07-20,94.33314514160156,94.85568081578364,93.41496808036906,94.1091961750676,10384374
2020-07-21,94.1017074584961,98.66272219087439,93.90762197870114,97.9087733753947,16063004
2020-07-22,96.05005645751953,96.64724178115186,93.90764532212073,93.9822949768744,8572388
2020-07-23,95.04975128173828,96.57257780114874,94.91538668887168,96.37102793325002,4414225
2020-07-24,93.90016174316406,95.28862359162936,93.68368315014222,94.41523889411614,3693531
2020-07-27,94.21370697021484,94.29582099874766,93.09398592283694,93.20595743185484,3905136
2020-07-28,92.91481018066406,94.31073050950435,92.67593251389283,93.92255951354902,4370397
2020-07-29,93.54932403564453,94.04947251123784,92.61622427831539,92.98199623778785,2963109
2020-07-30,91.74282836914062,92.48931289887646,90.80226429544699,92.34748393596946,4171553
2020-07-31,91.7726821899414,91.81000402964042,90.39168476312138,91.60098981293174,5519847
2020-08-03,92.79536437988281,92.87001401986487,91.18296551657563,92.19071480614262,3688301
2020-08-04,93.93749237060547,93.95242706565674,92.42960048944542,92.42960048944542,3625541
2020-08-05,93.64636993408203,94.61680348407316,93.01932716206119,94.60187474529145,3786102
2020-08-06,94.14651489257812,94.2510220173255,93.31045193740121,93.31045193740121,3574287
2020-08-07,94.50194549560547,94.58513465668504,93.17849309107996,93.39780612970958,3818946
2020-08-10,96.1279067993164,96.22622017812603,94.66833032388148,94.84983287479129,4150842
2020-08-11,95.85564422607422,98.66892126093907,95.74976876023712,97.37571729393366,5231255
2020-08-12,95.81784057617188,96.64216414244696,95.19771190206254,96.50603421433645,3692066
2020-08-13,94.55487823486328,95.58339052052555,94.35825150740403,95.25819598536023,3317180
2020-08-14,94.73639678955078,94.95570986070732,93.7078843298401,93.92720343619494,3099716
2020-08-17,94.10869598388672,94.9783921077664,94.08600364067773,94.72126251137841,3514665
2020-08-18,94.4717025756836,94.9103347416494,93.95744937696348,94.5322054370852,3014990
2020-08-19,93.65495300292969,94.91034068281162,93.39782336987484,94.40364955564927,3916119
2020-08-20,93.13313293457031,93.80620242400923,92.87600933312079,93.17094948904132,2679015
2020-08-21,93.14068603515625,93.38268538982366,92.49786506492492,93.02724242525841,3540815
2020-08-24,95.04647064208984,95.33384870845235,93.29195382699213,93.61714241450802,4258057
2020-08-25,94.25994110107422,95.90858202961941,94.1465035293959,95.288453419006,3114674
2020-08-26,93.90450286865234,94.62295091740984,93.7381305715824,94.49438913440176,3544162
2020-08-27,94.26751708984375,94.60783589020775,93.76082597626912,94.22970657211368,3580144
2020-08-28,94.58514404296875,94.75907844954403,93.94232303279709,94.50195487363378,3242182
2020-08-31,93.2541275024414,94.72126600254663,93.04237051427128,94.72126600254663,5049983
2020-09-01,93.32218170166016,93.73812751878323,92.37686456412018,92.90624191973465,3300444
2020-09-02,96.9371109008789,97.33036443528908,93.45832592097446,93.56420140830039,6895650
2020-09-03,94.11624908447266,98.27566466887255,93.51123868232212,96.94465023341729,5979773
2020-09-04,92.49031066894531,94.79689700910119,91.68867340621958,94.04063840115525,6295037
2020-09-08,91.6659927368164,92.92138041339766,91.2878634095764,92.38444087265184,5449974
2020-09-09,92.46004486083984,93.54906001937822,91.72647868801047,92.3617314952938,3944152
2020-09-10,91.17440795898438,93.45830768250656,90.93240861666533,92.66423866492607,4161406
2020-09-11,91.85504150390625,92.79280255598744,91.30297181604583,91.80210678696474,3711313
2020-09-14,92.33148193359375,93.30705347454384,92.08192048927478,92.53567076447192,3809009
2020-09-15,92.59619140625,93.32219560715652,92.4449372619953,92.88356945217515,3049299
2020-09-16,93.94232940673828,95.15233840775049,92.80037933827408,92.80037933827408,3962666
2020-09-17,94.4717025756836,94.94814525802656,92.24074329987374,92.73231018876757,3317180
2020-09-18,92.83816528320312,94.47168183035602,92.75497613024298,93.97255294779201,5639614
2020-09-21,90.93999481201172,91.28030760890779,89.6770449444927,91.11392924498584,5555724
2020-09-22,91.13661193847656,91.8474919091657,90.39547751878908,91.00048200597978,3093859
2020-09-23,89.86608123779297,91.95334809102877,89.56357302249788,91.3559058326953,4120612
2020-09-24,89.30646514892578,90.38791229209053,88.08888807796806,89.3140272521145,3709325
2020-09-25,89.95684051513672,90.30472139596128,88.43676727528516,88.93589625219148,3089570
2020-09-28,92.05924987792969,92.51300629543329,91.06099179462053,91.1819914942219,3670623
2020-09-29,91.46178436279297,92.40710747931607,90.90971469711192,91.81722730305299,2203504
2020-09-30,92.01385498046875,92.95161600457772,91.35590984315355,91.79454194642945,3411111
2020-10-01,91.57522583007812,93.24655910253894,91.02316217608099,92.5356731917411,3359438
2020-10-02,91.1819839477539,92.07436646565603,89.85853136010022,90.0249097052814,3059759
2020-10-05,92.27098846435547,92.83062029822315,91.54498432908767,92.1424266780013,3190823
2020-10-06,92.2407455444336,94.40364594339594,91.95336750737975,92.70206403145127,4050426
2020-10-07,93.82888793945312,94.07088731557464,92.50543536849418,92.7701270897256,2944908
2020-10-08,99.4403305053711,102.4729213834666,98.13956408901569,98.96388776434775,26452189
2020-10-09,96.64215850830078,99.82600293409645,96.49846648536104,99.82600293409645,8737970
2020-10-12,96.20353698730469,96.9900440432829,95.62121879892095,96.85392014328606,4848315
2020-10-13,94.6078109741211,96.15813835593036,94.12380629865285,95.71950628978878,5654781
2020-10-14,95.24309539794922,95.9993540865329,94.63052875709187,94.63052875709187,3899593
2020-10-15,94.44900512695312,94.69857261120391,93.6624981974802,93.83643862269766,3541024
2020-10-16,95.23551940917969,95.6136486983428,94.275071980337,94.66076337246756,4927078
2020-10-19,94.92546081542969,96.30941023483078,94.59271015917088,95.89347040570769,7822720
2020-10-20,88.761962890625,90.86436047893298,88.3611472565257,90.59966874568305,22490151
2020-10-21,87.01500701904297,89.00396698783152,86.81081815320967,88.22502204217176,10204044
2020-10-22,87.54437255859375,87.77125373943107,85.44198132217777,86.96962259198612,8217167
2020-10-23,87.72588348388672,88.19476406024846,87.37044652639808,88.10401278626883,4072496
2020-10-26,84.86723327636719,86.89400367770395,84.57985524852396,86.55368489214308,7534756
2020-10-27,83.6118392944336,84.86722679009637,83.21102371376982,84.8142860364249,6209161
2020-10-28,80.65487670898438,82.98414935826561,80.10280695970985,82.17495602770559,9860956
2020-10-29,82.364013671875,82.91608337417787,80.57924278526205,81.10862617971078,7071169
2020-10-30,84.44371795654297,84.54959342754758,81.4867548005765,81.60019237413876,8285889
2020-11-02,85.38905334472656,86.08480912595383,84.88992432852437,85.1924265797015,5555829
2020-11-03,86.33438110351562,87.46120702629432,85.93356544915775,86.21338140384506,4397698
2020-11-04,84.62523651123047,86.14531597628957,84.0656046048188,84.95043112357172,6066905
2020-11-05,86.79570007324219,87.18895362560005,85.46468526440073,85.68399835278521,5127701
2020-11-06,86.24361419677734,87.04524536027614,85.7520473479151,87.03012115495694,5490663
2020-11-09,88.63735961914062,91.86737150487924,88.4378816831173,90.4403328006814,9405841
2020-11-10,90.46334075927734,90.66281867917414,89.18974955007997,89.52733133618891,5881449
2020-11-11,89.91860961914062,90.80091668834247,89.16672852831647,90.62445404996001,4486922
2020-11-12,87.84712982177734,89.28183432700618,87.06456150157541,88.71408748240633,6797117
2020-11-13,89.65010070800781,90.04905661518431,88.23841151687742,88.37650928370317,4898000
2020-11-16,90.80860137939453,90.95437089096716,89.85724224602855,90.76256471283226,5536896
2020-11-17,90.30224609375,90.94671052464966,89.81889470921921,90.2255223883442,4324687
2020-11-18,89.5887222290039,91.20756728529953,89.57337871269878,90.31758823519377,4818713
2020-11-19,89.90326690673828,90.110416571827,88.91354911899865,89.41224389101046,3597822
2020-11-20,89.71914672851562,90.56308903518007,89.52734054559889,90.2255133370566,5255418
2020-11-23,92.13590240478516,92.46581248644911,89.97233197000185,90.09509234224099,5910318
2020-11-24,95.4579849243164,95.69582779604377,92.6883087852682,92.72666757617003,8109115
2020-11-25,95.2891845703125,95.38892353309171,93.68568328620552,94.3148102133052,4326151
2020-11-27,95.40425872802734,96.14079018790055,95.06667696177297,95.28917626142626,2187395
2020-11-30,94.76747131347656,95.90296484675393,94.43756738715413,95.21246384272914,6263448
2020-12-01,94.49128723144531,96.53976909691232,94.42990704397747,95.0590279439971,5553319
2020-12-02,95.6114273071289,95.62677082268304,93.9158647522984,94.25344046262441,3860472
2020-12-03,94.83653259277344,95.79556356025466,94.59102409381686,95.25850376938044,4757417
2020-12-04,97.59085845947266,97.72896233807879,94.85954138948352,95.11272775178713,5776849
2020-12-07,95.67280578613281,97.4143988565717,95.57306681409769,97.04613612170385,8701151
2020-12-08,96.44769287109375,96.92337244209428,95.62676584994355,96.14847596521281,5643170
2020-12-09,97.27628326416016,97.96678418418682,96.44000673026794,96.51673041531768,6813121
2020-12-10,95.87227630615234,97.38370428491959,95.85692666934882,96.93871788539579,5024147
2020-12-11,95.3428726196289,96.29423156366875,94.83650612448193,95.19710313706528,4687544
2020-12-14,94.77515411376953,96.85433524798688,94.72912356540301,96.14848452467132,5282300
2020-12-15,96.61650085449219,96.61650085449219,94.70611659818881,95.43497653690628,4556585
2020-12-16,96.32494354248047,97.1075118166476,96.12546559505401,96.6164887058508,4738485
2020-12-17,96.32494354248047,96.73924295287208,95.83392043168368,96.73157119510273,3962248
2020-12-18,96.55511474609375,96.97708591470222,95.87995720269319,96.35563679845575,7900229
2020-12-21,94.66773223876953,95.27383779054739,93.38646919807734,95.11272476751058,6397022
2020-12-22,94.83653259277344,95.30454043962969,93.91586653761854,94.60636760966267,4535561
2020-12-23,95.05900573730469,96.06407316272058,94.9362515137575,95.0436622247001,2817819
2020-12-24,95.66511535644531,95.97968186927807,95.29685266988612,95.90295818022835,1842111
2020-12-28,95.7648696899414,97.13052209795003,95.4886680563051,95.97969114186586,3781499
2020-12-29,94.9822998046875,96.27123461653687,94.55265078559685,96.17149564968372,3647402
2020-12-30,95.39659118652344,95.78787526388088,94.85185973177802,94.98229183937103,3535794
2020-12-31,96.57811737060547,96.6931998449071,95.12806349989867,95.30452615109293,3738822
2021-01-04,95.0896987915039,96.60879837851816,94.39919786600461,96.55509608445506,5417443
2021-01-05,96.77761840820312,97.19191786373203,95.60376586906301,95.9106545814071,6395872
2021-01-06,99.19436645507812,101.1814742081428,97.2225960951227,97.36069998293594,8322708
2021-01-07,98.96419525146484,100.09201713573648,98.40412018828047,99.76977881296641,4714740
2021-01-08,98.61125946044922,99.21736496927055,97.42205758993968,98.64194648690777,4891305
2021-01-11,98.64962768554688,99.49357609833103,97.94378315046613,98.16627635900771,5859587
2021-01-12,99.1329574584961,99.62398043562546,98.15858325991827,99.04089026761496,3921663
2021-01-13,97.37603759765625,99.5472796544176,97.0231122643121,99.08694359412337,8030874
2021-01-14,98.94884490966797,99.86183914153935,97.85938801277901,98.2199851001879,7848347
2021-01-15,98.50385284423828,99.15598891988522,97.95144960873192,98.41945739525445,5131153
2021-01-19,98.98719787597656,99.42451863411877,98.27368162319944,99.1866758013857,5646308
2021-01-20,99.80046844482422,100.55234355175601,98.6342878121984,99.50892328666777,5856240
2021-01-21,101.00501251220703,101.45767684688602,99.77745776205205,99.83116006794761,13116003
2021-01-22,91.00040435791016,92.60389954238603,90.04137350095569,92.60389954238603,39814421
2021-01-25,90.9773941040039,91.71392567931953,90.1104304064143,91.11549186102825,14315974
2021-01-26,93.97722625732422,94.0539499475548,90.85462533252431,91.4377155819393,11186656
2021-01-27,93.96189880371094,95.74185688319277,93.3097565093537,93.66268187110957,12705239
2021-01-28,92.12822723388672,94.52196868590629,92.12055547624496,94.21508001210103,8455969
2021-01-29,91.38401794433594,93.06423684477647,91.22289879890737,92.23563196891533,12369473
2021-02-01,92.48114776611328,92.79570818119934,91.09247398721995,91.99012468902171,6538023
2021-02-02,91.63720703125,92.83408085649242,91.51445278238549,91.57583296817364,6633627
2021-02-03,91.3917007446289,91.9134109069591,90.62447595591797,91.33032055735573,7024308
2021-02-04,92.84941864013672,92.9107926994241,91.19988671069397,91.9977984631214,4771957
2021-02-05,93.440185546875,93.45552906249323,92.4658110780005,92.83407994368478,4775722
2021-02-08,94.83653259277344,95.12040600405635,93.90818865698381,94.07697957671135,6158848
2021-02-09,94.9298095703125,95.31854803231069,94.1134612819273,94.77431790822969,4933982
2021-02-10,95.03868103027344,95.94833324569642,94.23788107332616,95.65288597916108,5090673
2021-02-11,94.00463104248047,95.01534873158568,93.78693895629296,94.8520765646808,5629154
2021-02-12,93.91911315917969,94.35449735629675,93.36710243362948,94.07461106073796,4049275
2021-02-16,93.35155487060547,93.76361624820072,92.79955034375237,93.41375527279168,6945231
2021-02-17,93.27379608154297,93.73250302848903,92.53519047516268,92.72955971847036,4141219
2021-02-18,93.86468505859375,94.02795723134396,93.06388515282322,93.68587054144912,5646413
2021-02-19,92.5118637084961,93.88799689968411,92.03760203051405,93.88022262664568,6881320
2021-02-22,93.96575927734375,94.17568330685701,92.08427312714811,92.1309187751318,6149643
2021-02-23,93.84912872314453,94.34671327004416,93.1416263741419,94.01240088234829,4739740
2021-02-24,95.79281616210938,96.010508226426,93.70140632183927,93.9190983861559,6087720
2021-02-25,95.21749877929688,96.67915549360352,95.1164270034762,95.91722693532674,5953623
2021-02-26,92.46522521972656,95.04644555898633,92.42635384892054,95.04644555898633,9467346
2021-03-01,93.87245178222656,95.10086770721631,93.18827845746979,93.5692364890293,5977367
2021-03-02,93.55369567871094,94.77433743081758,93.49927575735659,93.87245954594401,4732418
2021-03-03,95.13197326660156,95.34189108791269,93.28158424744102,93.68587134100744,7744898
2021-03-04,93.38265228271484,95.80060047279473,92.3330570136459,94.85207697307146,8439651
2021-03-05,95.49738311767578,96.21265976197965,93.49149632219356,93.7947116237309,7268968
2021-03-08,97.03677368164062,98.62282471702943,95.53624585760502,95.62176906895823,7572203
2021-03-09,96.54695892333984,98.29628202628504,96.5314103773714,97.49548227269007,5867014
2021-03-10,99.41586303710938,99.70352980160467,96.88129448615125,97.22338117108887,7581199
2021-03-11,98.84831237792969,100.014528012817,98.56841988101327,99.58691189064105,5383657
2021-03-12,99.21370697021484,99.26813308831501,98.43623620177225,98.88716887519728,4194565
2021-03-15,99.96786499023438,100.10003384712215,99.1592908925152,99.33811159594035,3577948
2021-03-16,99.70352935791016,99.92122765229652,99.00380123792236,99.73463265969596,4867247
2021-03-17,100.31774139404297,100.6753766294152,99.12042247962518,99.87457673136021,4488804
2021-03-18,101.11853790283203,101.84936310238284,99.3536659946995,100.24776335995489,6104142
2021-03-19,100.2166519165039,101.4139644148554,99.92898520143572,101.08742013019405,10297870
2021-03-22,101.49948120117188,101.6316562511677,99.43140049354818,99.90565596444574,4356485
2021-03-23,101.42952728271484,102.28474707113564,100.91639416875668,101.41397873449314,4556794
2021-03-24,101.55392456054688,102.71236588806156,101.51505318896395,101.81049422658005,4189230
2021-03-25,103.45874786376953,103.59092294669699,100.89307581796206,101.32846623688283,5809484
2021-03-26,106.03218078613281,106.10992352109487,103.49760630864371,103.62977516260713,5823710
2021-03-29,105.62791442871094,106.56865754670552,105.35579618947781,105.72120572893233,4835344
2021-03-30,104.74156188964844,105.94665491013282,104.19732553142609,105.62789109121688,5010758
2021-03-31,103.60645294189453,104.73379705970564,103.17883687448813,104.60161579592116,5172575
2021-04-01,103.5831298828125,104.12736008468305,102.8367561481717,103.9951974268703,4261404
2021-04-05,105.68231964111328,106.27320172211992,103.71531033375064,103.90190532822943,5722980
2021-04-06,104.35284423828125,105.45686572172148,104.25177246066634,105.41020766354688,3787566
2021-04-07,104.90483856201172,104.91261904063599,104.01074740476017,104.05739304933535,3112896
2021-04-08,105.05255889892578,105.44906545560212,104.30617901688129,104.62494283961786,4275211
2021-04-09,105.5268325805664,105.53460065031454,104.73380696811452,104.85819535654173,3162999
2021-04-12,104.6405029296875,105.24693354848235,104.065169407899,104.97481533609127,3926684
2021-04-13,101.98930358886719,103.88635051686578,101.36732444778505,103.40431451094223,8403041
2021-04-14,103.11665344238281,103.23327376219373,101.47617607709178,102.09038097808367,6137928
2021-04-15,103.07776641845703,104.08071596777394,102.79788015837534,103.62200280039731,4062664
2021-04-16,103.86302185058594,104.25954084472097,103.36543729508979,103.40431486937236,5535223
2021-04-19,103.49761962890625,104.04184986632332,103.07777778343738,103.87080341833708,8575736
2021-04-20,107.41608428955078,108.66781052514192,106.28096594748659,106.56863266960445,16192708
2021-04-21,111.60668182373047,111.74663116285524,107.06622046210472,107.33833866193334,12456814
2021-04-22,109.84178924560547,112.53184867074498,109.62409722092066,111.72327474790042,7428064
2021-04-23,110.73591613769531,111.65333011501482,109.5852491199506,109.86513539578134,4765576
2021-04-26,110.06727600097656,111.66888809972768,109.99731374067379,110.72813271163366,4927497
2021-04-27,110.40937805175781,110.83699417281852,109.42975741736964,110.1605888581668,4062664
2021-04-28,111.17906188964844,111.4900452089408,110.47932770539492,111.11685529854621,3941433
2021-04-29,112.14313507080078,115.6417816020959,111.16351453840039,112.05761185549241,4554179
2021-04-30,110.3083267211914,111.82440360083774,109.27427976902501,111.72333180886132,9280321
2021-05-03,112.53964233398438,113.31711925998171,111.60666754097657,111.80881104537369,5997241
2021-05-04,113.31713104248047,113.97020726096409,112.21310972187263,112.27531632057789,6642623
2021-05-05,112.90506744384766,113.46485239734484,112.71070438990014,113.46485239734484,5229895
2021-05-06,115.39299774169922,115.46297241281135,112.87397162694641,112.9361658194653,7848661
2021-05-07,114.3552474975586,114.88984244032882,113.65556240898323,114.71688488391186,7325661
2021-05-10,114.91343688964844,116.65086757848741,114.62255596416013,114.62255596416013,7304636
2021-05-11,113.38043212890625,114.14301904979538,112.3426990788315,113.98578372761256,7454214
2021-05-12,111.08480072021484,113.32535618294602,110.95900999921508,113.08165469833183,6233742
2021-05-13,113.34110260009766,113.91499694374649,111.06908981385251,111.20273541050739,4807207
2021-05-14,113.74205017089844,114.53608151100921,113.17601063638196,114.08009789982061,2873780
2021-05-17,114.0801010131836,114.62255087650973,113.4668946376487,113.55337342504765,4471755
2021-05-18,113.13671875,114.22948593097621,112.60212372944066,113.82066911687356,4000009
2021-05-19,112.5706558227539,112.57851068517472,110.78605868569234,111.88669305007619,4498532
2021-05-20,113.11312103271484,113.92287464397425,111.76091757535328,112.51563695134162,4301675
2021-05-21,113.78921508789062,114.54393445459561,113.42759022674083,113.42759022674083,4219041
2021-05-24,113.77349853515625,114.30022612657801,113.34897200696118,114.04080231046851,3449290
2021-05-25,113.04237365722656,113.99362781757165,112.57853514709853,113.9307387137259,4118311
2021-05-26,112.72003173828125,113.19959245442696,112.4527405382149,112.81437792799578,3225655
2021-05-27,113.06596374511719,113.81281577290015,112.91659584910187,113.06596374511719,5889294
2021-05-28,113.0030746459961,113.46691320928977,112.806539900098,113.37257954270854,2651192
2021-06-01,113.3568344116211,114.64613621454765,113.0109192751461,113.99361790193485,2528705
2021-06-02,114.55965423583984,114.58324392092538,113.29392960624723,113.69487896647249,2915097
2021-06-03,114.42601776123047,114.68545412705144,113.23891695540607,113.92287985270417,4320608
2021-06-04,115.8961410522461,115.99834211311689,114.59110439946177,114.77978424627752,3261323
2021-06-07,116.36782836914062,116.93386788027459,115.6995878024285,115.99833610595954,3621984
2021-06-08,117.1933364868164,118.08170168335447,116.44648434394516,116.44648434394516,5313785
2021-06-09,118.45115661621094,118.76562718104762,116.99675221232383,117.16185490533002,5547252
2021-06-10,118.34898376464844,120.15715857404527,117.73577731003772,119.08011357224528,4977391
2021-06-11,118.93074798583984,119.37886426455675,118.21534044149901,118.26250727407249,3596462
2021-06-14,117.9480209350586,118.73417226617421,116.87097617012091,118.48260333830903,3498661
2021-06-15,117.42127990722656,117.85367380142787,116.82379586601402,117.8065069805253,2628912
2021-06-16,116.21843719482422,117.73573045023801,115.7388765612864,117.73573045023801,4057329
2021-06-17,114.46532440185547,116.39927711670346,114.21374291158308,115.99834029083445,4568300
2021-06-18,112.51563262939453,113.74204529441401,112.45274353304629,113.58481000583862,9577699
2021-06-21,115.2907943725586,115.6209872552225,113.25464048129807,113.29393989640366,4482633
2021-06-22,115.06278991699219,115.4165598617426,114.2687587091554,115.18856809412839,2549102
2021-06-23,113.68705749511719,115.17290711100449,113.65561293409998,115.11787285536943,3349920
2021-06-24,114.33952331542969,114.92915247952737,113.74990669903613,114.62253678175779,3775746
2021-06-25,115.44017791748047,115.5109218856559,113.95432872708275,114.2923764827788,3759533
2021-06-28,114.22162628173828,115.80180921553588,113.92289047339538,115.57382992698658,4067789
2021-06-29,114.42601776123047,115.36154961279172,114.0722477429505,114.19802594622915,2540211
2021-06-30,115.2436294555664,115.51092069262005,113.76564769229012,114.09582803271964,3394375
2021-07-01,115.44017791748047,115.95903812110274,115.22790836983523,115.53451157351859,2809661
2021-07-02,110.07853698730469,115.526650387287,109.63828818780635,115.49519328928946,17584515
2021-07-06,109.10369873046875,110.39300064414795,107.78293971719445,110.05495288978373,8466010
2021-07-07,109.92129516601562,110.32224452771172,109.08796444190212,109.08796444190212,4246446
2021-07-08,110.64457702636719,111.09268069157295,108.22319607068229,108.31752972197646,5739820
2021-07-09,111.25777435302734,111.61941174898352,110.72317939606147,111.20274012039614,4083689
