Date,Close,High,Low,Open,Volume
2016-07-01,92.25343322753906,92.44358376041725,91.87313216178266,92.26104087367564,7051400
2016-07-05,92.99882507324219,93.72900826538458,92.29146482073818,92.30668011383042,9334100
2016-07-06,93.28026580810547,93.29548110378177,92.44360443689555,92.74023887029784,9332400
2016-07-07,93.18138885498047,93.40956606189017,92.80108770719598,93.2422326283954,6058700
2016-07-08,93.43998718261719,93.63013774904618,92.76305163036479,93.55407868306153,6129900
2016-07-11,93.5008316040039,93.89634220708939,93.10532100091842,93.33349818629812,6711600
2016-07-12,93.49322509765625,93.7061927944495,93.25744026234008,93.28786504801548,6415900
2016-07-13,93.55408477783203,93.85832686452584,93.02166547831925,93.31069226906402,5230800
2016-07-14,93.69097137451172,94.11690671386891,93.48561135101701,93.53885326843667,5322700
2016-07-15,93.55408477783203,94.5428701088531,93.33350941005241,94.13974600729611,7192800
2016-07-18,93.6605453491211,93.72139491191669,93.12812618199386,93.55406151569564,6599200
2016-07-19,95.26544189453125,95.64574305977888,93.81268865787638,94.90795787072884,11325700
2016-07-20,95.18175506591797,95.88911531595959,95.10569600952367,95.71417426361207,7334600
2016-07-21,95.18936157226562,95.63811406167066,94.99160338566196,95.2349958449688,5492600
2016-07-22,95.09808349609375,95.34147594585963,94.80905677541357,95.16654070539896,5839200
2016-07-25,94.99161529541016,95.17415821204344,94.42116360336328,95.1285239336188,4880600
2016-07-26,95.18936157226562,95.49360359713265,94.8851195473986,95.09808722392533,5589900
2016-07-27,94.90032196044922,95.25020403486211,94.57326282361994,95.15132204746708,4812600
2016-07-28,94.66454315185547,95.07526901033216,94.62651652601167,95.06005952058143,4320400
2016-07-29,95.2502212524414,95.318672668765,94.57327991883427,94.57327991883427,7020900
2016-08-01,95.37950897216797,95.61529377728331,95.1513260102969,95.31105176243314,4615100
2016-08-02,94.96117401123047,95.75980856252335,94.67975493925643,95.56965803154255,7158700
2016-08-03,94.23861694335938,95.07527823120711,94.07889117228308,95.07527823120711,5310600
2016-08-04,94.20819091796875,94.61130916389355,94.04085750201482,94.49721767093094,4728200
2016-08-05,94.49723052978516,94.60371439025772,94.1321446661464,94.60371439025772,5146900
2016-08-08,94.04844665527344,94.42874768841006,93.72899518014265,94.31465621788242,5232500
2016-08-09,93.88113403320312,94.31467707473574,93.80507497034267,94.24622565904168,3941500
2016-08-10,93.82788848876953,94.14734002221887,93.73661413509787,94.00282374630565,4333500
2016-08-11,94.13973999023438,94.42116491795215,93.91156279199961,94.20058956427089,4052000
2016-08-12,93.72138214111328,94.1397097717294,93.51601634539541,93.91153264673866,4234800
2016-08-15,93.02925109863281,93.75942849759058,93.00643396162384,93.64534281254572,6469500
2016-08-16,91.52326202392578,93.03685874246108,91.31789618498298,92.87713298046899,11289100
2016-08-17,92.26866912841797,92.28388442504644,91.15819039489122,91.65258308247923,10442800
2016-08-18,91.81989288330078,92.32949493335457,91.19619934965469,92.16216153114372,8728000
2016-08-19,91.81988525390625,91.87348235234444,91.3604807184867,91.81223269816194,7798300
2016-08-22,91.21500396728516,91.80457791496134,91.07718201706892,91.80457791496134,6544900
2016-08-23,91.4523696899414,91.85051875446915,91.13078123752541,91.62847194941958,5603200
2016-08-24,90.89344787597656,91.58255782805873,90.82453980159212,91.4830219956209,6303900
2016-08-25,90.78623962402344,91.27627199390956,90.6024789457278,91.00828645438537,5566000
2016-08-26,91.14610290527344,91.6820739518726,90.77857572928666,90.99296414792633,6482700
2016-08-29,91.81988525390625,91.9806765492208,91.16140327786816,91.34516976535247,5074900
2016-08-30,91.47533416748047,92.39414324690475,91.3145428706635,92.39414324690475,3820500
2016-08-31,91.37579345703125,91.5901876966187,91.1231247546832,91.52893219959371,5693100
2016-09-01,91.17671966552734,91.41407740874438,90.80919253384542,91.2609445115035,4551800
2016-09-02,91.36050415039062,91.73568393568307,91.03892147728281,91.39113190616,5806400
2016-09-06,91.68974304199219,91.85819277389359,91.3911297324022,91.71271239786111,5280700
2016-09-07,91.58252716064453,91.84285425445354,91.45236361374002,91.75862940842225,4753800
2016-09-08,91.47533416748047,91.74331966217541,91.2226596260628,91.39876771780273,4833000
2016-09-09,90.52590942382812,91.23798860001077,90.48762327305575,91.13844694466114,7957300
2016-09-12,91.23798370361328,91.46002467290838,89.87507508732095,90.16603579762483,7239800
2016-09-13,90.0511703491211,90.98529616479601,89.95928711029157,90.67136614669579,7957900
2016-09-14,90.24259948730469,90.60246824429441,89.93632783188922,90.23494108946666,6124900
2016-09-15,90.83216857910156,91.0695321814592,89.82913459245978,90.20431430750467,5812100
2016-09-16,90.54122924804688,91.22268073869196,90.44169342459375,90.74030673660016,12408800
2016-09-19,90.0894775390625,90.85515384991642,90.0741607415233,90.62544862000158,5457600
2016-09-20,90.31151580810547,90.53356263256198,90.11244417926568,90.47996552608258,5187700
2016-09-21,91.04656982421875,91.11547788585641,90.07415767125777,90.31151545020498,6337300
2016-09-22,91.46768188476562,91.75863674965008,91.22266572442976,91.30689057719954,5340500
2016-09-23,90.96998596191406,91.57487085099909,90.89341951149795,91.42939634770218,4773000
2016-09-26,90.1813735961914,90.83985582695111,90.01292383832526,90.83219742659868,5998900
2016-09-27,91.28392028808594,91.28392028808594,90.13540595299003,90.64840762067116,5349500
2016-09-28,91.41407775878906,91.51361355821221,90.96998417678616,91.15375066415359,5076100
2016-09-29,89.79084777832031,91.32220021881908,89.6147455189847,91.0235869602535,6190200
2016-09-30,90.4493408203125,90.82452641995273,89.88274198392375,90.18135527888855,7941100
2016-10-03,90.96998596191406,91.12312470439201,89.91335492622197,90.3497901194041,6098600
2016-10-04,90.97764587402344,91.48299497014501,90.56418002491829,90.99295682770327,5733900
2016-10-05,91.2532958984375,91.45237335951244,90.80920227051887,91.28392364949873,5778700
2016-10-06,90.92405700683594,91.0006234654598,90.28854430112987,90.73263793945313,4448500
2016-10-07,91.29922485351562,91.55189939155072,90.87810646510272,91.24562775529414,4799300
2016-10-10,91.72801971435547,92.034285549812,91.38346188699734,91.50597289449703,3657000
2016-10-11,90.07418060302734,91.59787516194272,89.63008684281348,91.4294312433959,6394200
2016-10-12,90.32682037353516,90.679030717226,89.96695163234247,90.31916197603331,4685200
2016-10-13,90.54885864257812,91.26859021555371,89.79849348247937,89.99757090726396,7387400
2016-10-14,90.0129165649414,90.962359515896,90.0129165649414,90.73265425706724,5640500
2016-10-17,90.72498321533203,90.7709277656841,89.9669653134584,89.9669653134584,6956400
2016-10-18,88.36670684814453,90.71733291562721,88.17528776824645,89.87508429075824,12598300
2016-10-19,87.73883819580078,88.73421965192628,87.6393023868467,88.48920348695408,7400900
2016-10-20,87.95325469970703,88.58876170477733,87.7388603896841,87.92262694113234,6973000
2016-10-21,86.85832214355469,87.47085968422417,86.51376430038438,87.37132386729762,8422000
2016-10-24,86.98845672607422,87.43255023818311,86.85829319924238,87.23347282902316,6141900
2016-10-25,87.2564697265625,87.40960849028605,86.59032924806978,87.01145354625136,5595000
2016-10-26,87.71588897705078,88.22123821922777,86.98084031341403,87.0114680712715,6429200
2016-10-27,88.58876037597656,89.23959001304344,87.89199786420807,88.03747825484385,7548700
2016-10-28,88.30542755126953,88.74952109899037,87.72351206948517,88.68060721113604,8813300
2016-10-31,88.81078338623047,88.99454988556202,87.66992745069885,88.26715396941142,8552500
2016-11-01,88.3130874633789,88.77249784295883,87.76945807863136,87.8689997203083,7591900
2016-11-02,87.94556427001953,88.63467398285864,87.92259491986582,88.45090749833787,6591300
2016-11-03,88.07574462890625,88.38967471865742,87.86135619768429,87.96089201456688,6227100
2016-11-04,88.13701629638672,88.77252914949949,88.08341917875357,88.08341917875357,7160600
2016-11-07,89.32379913330078,89.36973784154769,88.69593896514496,88.7342251164484,6398200
2016-11-08,89.62239837646484,90.02054741605704,89.17830479417867,89.1859631915686,6675300
2016-11-09,92.11851501464844,93.79534800338277,90.42637107003398,91.88115722780354,16220000
2016-11-10,91.5289306640625,92.72338362778243,91.13077578172545,92.47070908802763,11904500
2016-11-11,90.70964813232422,91.49063518082049,90.44931522172878,91.49063518082049,8134800
2016-11-14,89.27783966064453,91.10780522745736,89.20127321248223,90.79388103749831,10054900
2016-11-15,89.06346893310547,89.34677127330346,88.6806307747201,89.12472444044234,7446700
2016-11-16,89.09410858154297,89.4156912755253,88.87972011888807,89.3161554440491,6594800
2016-11-17,89.25486755371094,89.33909239658183,88.91031562679939,89.33909239658183,5730300
2016-11-18,88.93880462646484,89.37054451196722,88.51477018033589,89.27032086197983,7717800
2016-11-21,88.6612548828125,89.18551297305234,88.50706374886568,89.0004824359132,5843300
2016-11-22,86.91883087158203,88.66121819791316,86.55647538652077,88.34511885749383,11649700
2016-11-23,87.17327117919922,87.45081987395075,86.0091089252144,86.5410782371571,7892600
2016-11-25,87.99046325683594,88.06756466390345,87.41223799589866,87.58185168022878,3433300
2016-11-28,87.21955108642578,87.98281314585499,87.1578781568076,87.7283924593786,9065700
2016-11-29,86.71839141845703,87.435391134643,86.47938759171984,87.08074105393784,7799600
2016-11-30,85.80866241455078,86.74923757496504,85.80866241455078,86.4948228375652,11178500
2016-12-01,85.87032318115234,85.99368075445375,85.57735776758074,85.85490642549608,8143300
2016-12-02,86.31749725341797,86.75694837430729,85.9165968499104,86.13246675041553,6167700
2016-12-05,86.30206298828125,86.6721239192149,86.14016059574622,86.65670716459785,5451600
2016-12-06,86.39459991455078,87.27350222864382,86.23269747585091,86.5333742737241,6530400
2016-12-07,85.65447235107422,86.26353727011761,84.2821513940965,86.26353727011761,11761100
2016-12-08,85.56963348388672,85.73153586280499,84.75241027162923,85.22270065506359,7774900
2016-12-09,86.54878234863281,86.67984536523474,85.73155309014511,85.89346138361,7672100
2016-12-12,88.93880462646484,88.96964403000284,86.7955160776998,86.88032296692559,9544600
2016-12-13,89.34740447998047,89.40908327880719,88.66895533892861,89.06985576727426,7051600
2016-12-14,88.6535415649414,90.43448029659672,88.33744798286475,89.52473850996343,9378700
2016-12-15,89.34740447998047,89.37053255903699,88.57643714068854,88.91566465222148,6738100
2016-12-16,89.33971405029297,89.7868766233275,89.0159091037571,89.7483317765582,11291100
2016-12-19,89.44760131835938,89.94102567913079,89.38592842002366,89.4861520265799,6310800
2016-12-20,89.1700668334961,89.6249346461837,88.591841448682,89.41677609573627,5715200
2016-12-21,88.90021514892578,89.58637540300049,88.4607641335969,89.58637540300049,5907600
2016-12-22,89.00045776367188,89.0698419901092,87.79774490064044,88.66123030461004,4602300
2016-12-23,89.40135192871094,89.67890057923434,88.89251665742648,88.96961219768016,2992500
2016-12-27,89.3628158569336,89.4322000853576,88.95419827772143,89.34739321816386,3232600
2016-12-28,88.73831176757812,89.55554089089652,88.69976694190099,89.33966516265345,3278300
2016-12-29,89.03900909423828,89.33198042372526,88.6689480955364,88.83856183744706,2993600
2016-12-30,88.82315063476562,89.42450424659599,88.64583143231015,89.27802444500543,5506700
2017-01-03,89.30885314941406,89.43221074622383,88.83856848711521,89.26259699161737,5953000
2017-01-04,89.1623764038086,89.60953888450967,88.90024444263362,89.04673012334946,5828900
2017-01-05,90.09522247314453,90.18002933100901,89.00045052145542,89.4321902473018,6217200
2017-01-06,89.66349792480469,90.20317267346442,89.24717488354707,89.94875205680472,5221400
2017-01-09,89.64806365966797,89.90248424333471,89.34738692697557,89.7020311275355,5457500
2017-01-10,89.55558013916016,90.20318996167175,89.33199887700313,89.45535060804664,5312800
2017-01-11,88.45307922363281,89.62494690911113,87.90568727494069,89.49388388230365,8887200
2017-01-12,88.3682632446289,88.45307010782632,87.40455423739736,88.09842001699369,6627300
2017-01-13,88.35287475585938,88.67667969575993,88.2295230139038,88.61500676578977,4935200
2017-01-17,88.56101989746094,88.6997942530548,87.63585556616391,87.84402004056167,6255400
2017-01-18,88.42993927001953,88.73832733961424,88.2063639486269,88.56100816995618,5014600
2017-01-19,88.04444885253906,88.58412940314548,87.82857898510159,88.41451568386955,5540800
2017-01-20,88.00589752197266,88.68434646694584,87.95193005909992,88.2680235182081,7502400
2017-01-23,87.8208999633789,88.48392652050084,87.73609307823254,88.28347923016807,7989800
2017-01-24,86.163330078125,87.35062074266392,85.69303942911883,87.04994388602263,12450300
2017-01-25,86.9651107788086,86.9651107788086,85.39233683547542,86.29436713352999,9385500
2017-01-26,86.2249984741211,86.99596593922739,86.03996792945978,86.34835609190529,10164300
2017-01-27,87.41226196289062,87.53561954241205,86.27123376238322,86.34832930857753,8886100
2017-01-30,87.21955108642578,87.58190675225305,87.00368112772406,87.42771560518474,6969400
2017-01-31,87.31205749511719,87.42770378078512,86.67986446641545,86.95741319921274,8713400
2017-02-01,87.29663848876953,87.36602272917608,86.71070163660798,86.71841295732457,7082300
2017-02-02,87.55874633789062,87.59729705143071,86.94197021332758,86.98052092686767,7826300
2017-02-03,87.61272430419922,87.62814694426821,86.85717963720414,87.50478935177135,7267600
2017-02-06,87.42769622802734,87.57417602067243,86.82634265292147,87.47395238549275,6178400
2017-02-07,87.4893798828125,87.59731484423287,87.15786367787445,87.58189220287896,5507900
2017-02-08,87.42769622802734,87.65127745913331,87.23495439590296,87.35060067158038,5272000
2017-02-09,87.95193481445312,88.39138585932321,87.42767691162454,87.42767691162454,5854600
2017-02-10,88.84626770019531,89.42449316019504,88.06759498244543,88.13697921427888,6438500
2017-02-13,89.33971405029297,89.52475049004094,88.8308785460245,88.8771347149538,5710800
2017-02-14,89.70977020263672,89.74060960553315,88.90796337337316,89.0004815820625,5539100
2017-02-15,90.35736846923828,90.55782162143879,89.11611060086581,89.35511447226355,5979700
2017-02-16,91.03582763671875,91.19001875651647,90.20318147297709,90.20318147297709,7119300
2017-02-17,91.63716888427734,91.66800828048197,91.01268728667046,91.12062223237996,8691400
2017-02-21,92.25395965576172,92.43127885950587,91.22086030632863,91.28253910850674,8595100
2017-02-22,92.1460189819336,92.3387608275871,91.93786037671414,91.96098845707026,5103900
2017-02-23,93.82671356201172,93.98091054383247,92.11517117890223,92.14600469325295,9980900
2017-02-24,95.24693298339844,95.25468940885894,93.82672556064588,94.29236568850078,10835000
2017-02-27,94.99082946777344,95.36333920414205,94.75800644184142,94.78128756024752,5946200
2017-02-28,94.84337615966797,95.1848483581304,94.63384016938869,94.68816475360447,8885500
2017-03-01,96.12388610839844,96.58176387772109,95.00634509441929,95.0606696758802,9393900
2017-03-02,95.94538116455078,96.51191397930792,95.47197873495418,96.03851154971132,6950200
2017-03-03,96.06956481933594,96.17821398598129,95.63496815275458,95.94539095977811,5585200
2017-03-06,96.00748443603516,96.56625500027533,95.14604746965422,95.46423856576607,6670700
2017-03-07,96.10059356689453,96.5895147419227,94.98305268576202,95.13050764117105,6644000
2017-03-08,96.31013488769531,96.76025620333445,95.84449480159117,96.0385119975458,7909900
2017-03-09,97.745849609375,97.94762912761145,96.36444828185037,96.6826392883361,8571100
2017-03-10,97.94766235351562,98.16496071412817,97.4276975733447,97.8157320518489,7395400
2017-03-13,98.3124008178711,98.52193679931,97.62170002443888,97.65274348852897,7162500
2017-03-14,98.59951782226562,99.14276347292193,98.38221364106958,98.45206289383026,7679700
2017-03-15,100.08185577392578,100.11289332112094,98.25032667979657,98.59956125557147,8360600
2017-03-16,99.69379425048828,99.88004316686269,99.15829901123922,99.6782695601674,7610700
2017-03-17,99.38334655761719,100.06629073931556,99.29797853490489,99.68601284871215,13300800
2017-03-20,99.39112854003906,99.66274549207056,99.31351692981914,99.3678355834778,5827500
2017-03-21,98.75476837158203,99.68604869119116,98.66940031817533,99.63173002549877,7578600
2017-03-22,97.98643493652344,99.0651699472249,97.94762913345994,98.59952991513426,10272700
2017-03-23,97.70706176757812,98.56073625171305,97.52080691598786,97.86227315708085,8508100
2017-03-24,97.3811264038086,98.06406489183473,97.10949755700656,97.67603044890122,6490300
2017-03-27,97.62946319580078,97.89332376139348,97.12501726171045,97.13277960803242,5004300
2017-03-28,97.52081298828125,97.61393745940744,96.83786862170066,97.48976952426074,5287600
2017-03-29,96.9465103149414,97.26470135593145,96.51191369401344,97.04740304546746,3971800
2017-03-30,96.74474334716797,97.34231374202817,96.44983340188982,96.8068243537581,4711700
2017-03-31,96.65937805175781,96.87667638334308,96.25581893229761,96.31790586158927,5657600
2017-04-03,96.76802825927734,97.24918716412866,96.44983718393391,96.79907172425736,4956400
2017-04-04,96.76026153564453,96.83010488798838,96.40327058592696,96.62833125614928,5358500
2017-04-05,96.85338592529297,97.4742373955328,96.55071957535239,96.7912990019885,5646300
2017-04-06,97.04740905761719,97.3655941973841,96.62056883495212,96.89219173985931,4324200
2017-04-07,96.9465103149414,97.37335051116344,96.87666696697865,97.10172762308346,3615100
2017-04-10,96.49639129638672,96.96979373583638,96.4110291760482,96.90771273203883,4594200
2017-04-11,96.40326690673828,96.84562588417275,96.19372501583324,96.43431036912921,4161500
2017-04-12,97.31900787353516,97.36557009686952,96.5118957837813,96.65158837471819,5556600
2017-04-13,97.0008316040039,97.51303982210528,96.9775504888056,97.10948075555243,5396500
2017-04-17,97.56736755371094,97.63721090156494,96.95427250960803,97.02411585746204,5367500
2017-04-18,94.54069519042969,95.74360412514952,93.86551324423449,95.59614916747897,13485700
2017-04-19,94.19148254394531,94.8977021492088,93.98970297632616,94.75800951330872,6993100
2017-04-20,94.57948303222656,94.79678129429865,94.17592404186391,94.5717206883144,6330100
2017-04-21,94.49412536621094,94.71142365209354,94.32338930703627,94.50964413480217,6021700
2017-04-24,95.37107849121094,95.61942022905632,94.7967893326186,95.08393095144773,5679000
2017-04-25,95.79017639160156,96.03851818157712,95.46422890243402,95.72032711767405,5090000
2017-04-26,95.85224914550781,96.43430068478183,95.82896803128635,96.06954743948727,5021800
2017-04-27,96.03075408935547,96.47311307973573,95.76689353271314,95.90658615709296,4225200
2017-04-28,95.82121276855469,96.15492257924093,95.55734630569503,96.11611677204735,4381800
2017-05-01,95.72032165527344,96.06179381735403,95.45646110889115,95.76688980887941,4556400
2017-05-02,95.99971771240234,96.03076117799328,95.37110381675875,95.86002507771092,4881600
2017-05-03,95.71257781982422,95.99971952031065,95.48751713075316,95.91435146856178,3736500
2017-05-04,96.1937255859375,96.1937255859375,95.63496102239424,95.99195196060316,3753700
2017-05-05,95.85224914550781,96.07730978453922,95.3478032939501,96.07730978453922,4139800
2017-05-08,95.65047454833984,96.07731473417083,95.47197612855558,95.86777285351388,3608600
2017-05-09,95.61945343017578,95.82123301252925,95.36334925883517,95.63497812470705,3762500
2017-05-10,95.30899047851562,95.50300764400136,94.97528071704279,95.38660208145713,4237400
2017-05-11,95.6116714477539,95.61943379342544,94.94425182244056,95.06842566944533,4095900
2017-05-12,95.95317077636719,96.3101618061898,95.46424943744555,95.54185515333106,4097100
2017-05-15,98.552978515625,98.84012611266441,96.48863851819449,96.5507254452736,9854600
2017-05-16,99.15831756591797,99.62395770678897,98.60730937511144,98.82460771278888,7233800
2017-05-17,98.30463409423828,99.25143898355222,98.13389800981314,99.15830859542893,6480800
2017-05-18,98.53743743896484,99.23590040815954,97.75360644459448,98.14164076959887,6571300
2017-05-19,98.56072998046875,98.86339631539542,98.12613338076576,98.58401109531933,6957200
2017-05-22,98.76251220703125,99.06517855022096,98.27358509808265,98.27358509808265,4858200
2017-05-23,98.96428680419922,99.45320799706613,98.80131307324358,98.80131307324358,3972500
2017-05-24,98.95652770996094,99.33679973859856,98.78579163806067,99.17382601203958,3965200
2017-05-25,99.62836456298828,99.69867702398281,98.69090879118322,99.01120389514054,5294300
2017-05-26,99.1518325805664,99.73774398545342,99.08152607287549,99.3940133475217,4005200
2017-05-30,99.3002700805664,99.51900939511995,98.5815534869764,98.9799689698278,3665400
2017-05-31,100.19085693359375,100.62052770998132,99.48776200868653,99.48776200868653,8813500
2017-06-01,100.60491180419922,100.60491180419922,100.08930681238091,100.24555941867754,5790900
2017-06-02,101.6205062866211,101.667377305951,100.64398698257577,100.81585533371988,6562600
2017-06-05,101.83921813964844,101.96421543768777,101.40173951690923,101.5345446759266,4634700
2017-06-06,102.20639038085938,102.59699799742442,101.5814158102756,101.69859332708573,5619100
2017-06-07,102.14386749267578,102.71415113981895,102.0110623650066,102.33917125461207,5765200
2017-06-08,101.98766326904297,102.65168914439568,101.52674908725699,102.1439039502789,8101700
2017-06-09,102.75325775146484,102.88606293532428,101.80017403633185,101.84704505176452,5992500
2017-06-12,102.97977447509766,102.98758233432059,102.66728130024357,102.75321543327898,8020700
2017-06-13,103.13603210449219,103.69068821065115,102.65167058371941,102.92510066674271,5733800
2017-06-14,103.7219467163086,104.33910148691747,103.5188231327578,103.5188231327578,7329400
2017-06-15,103.93287658691406,104.17506333913458,102.97198512115905,103.12041793302349,5265000
2017-06-16,104.95628356933594,105.15158740037646,103.93288148154774,104.46411410058587,12639600
2017-06-19,104.73753356933594,105.21406342497755,104.2844272970027,104.80002029895554,7488700
2017-06-20,104.85467529296875,105.27652613608367,104.604680778238,104.604680778238,5201200
2017-06-21,105.39373016357422,105.54997079676973,104.69844921351745,104.90936870415308,5841100
2017-06-22,106.28433227539062,107.02648434479681,105.67498536194991,105.815598378714,7311000
2017-06-23,106.58120727539062,106.64370593547862,105.71406965772123,105.81561955001374,9007100
2017-06-26,106.5108871459961,106.94836579032282,106.40151748491441,106.62025680707778,5561800
2017-06-27,105.47187042236328,106.81556165454921,105.45625469948608,106.63588547826828,6120500
2017-06-28,104.542236328125,106.40152062131988,104.34693250469364,106.20621679788853,6557900
2017-06-29,103.62039184570312,104.47191362014776,103.36258937886781,104.21411115331244,5750000
2017-06-30,103.3469467163086,104.05785536210652,103.33913885616911,103.66724778798421,5264400
2017-07-03,103.82349395751953,104.15161482718958,103.62819016006716,103.73755980982459,2931000
2017-07-05,104.40159606933594,104.72970501414551,103.44851259709964,103.88599119017906,4302700
2017-07-06,103.52667236328125,104.65943235534851,103.44073818896433,104.37819432307512,4282200
2017-07-07,103.54227447509766,103.90163877146365,102.87824859759517,103.83133225273984,4994100
2017-07-10,102.76888275146484,103.80008082564228,102.51888811505798,103.6985309349523,4019600
2017-07-11,102.51886749267578,102.95634609798557,101.93295609190774,102.675108148801,3733100
2017-07-12,103.30010223388672,103.81570722498965,102.94074984886363,103.15166941035102,5053200
2017-07-13,103.01103973388672,103.29227769085239,102.33138630471895,103.19853567866326,4424400
2017-07-14,103.58914184570312,103.90162316224234,102.91729628678547,103.12040795049616,4383100
2017-07-17,103.23760986328125,103.84695691882455,102.92512847289017,103.67510049839011,4939400
2017-07-18,105.04220581054688,105.42499364688773,102.4016945000233,102.82354548221892,10256000
2017-07-19,105.62811279296875,105.78435344941573,105.08907239588837,105.33905506212395,5503300
2017-07-20,106.6905746459961,107.08899014048643,105.94841060665289,106.03434476276635,6088600
2017-07-21,105.70621490478516,106.45618665733166,105.54216640667588,105.72184254473729,6773500
2017-07-24,103.90943145751953,105.58905132203613,103.7844460826201,105.45624616593172,8306700
2017-07-25,103.02669525146484,104.56569061009215,102.69076641623273,104.47975643553524,6262900
2017-07-26,102.30010986328125,103.30788396748562,102.14386923514604,102.85477780161644,5382200
2017-07-27,102.20639038085938,102.45637305685382,101.22206347845889,102.22201802323355,5838100
2017-07-28,103.00323486328125,103.11260452080977,101.96421715656105,102.44856679413037,4970900
2017-07-31,103.68292236328125,104.35476817171502,103.19857256664383,103.22981594174195,5440800
2017-08-01,103.51882934570312,104.17505922065502,103.33915317442286,104.03443427588003,3837600
2017-08-02,103.24540710449219,103.51101742037339,102.72980219455926,103.18290845597926,4032100
2017-08-03,104.175048828125,104.21410005073453,102.73760384008635,103.0500970637459,4327300
2017-08-04,104.04222106933594,104.69063103136959,103.74536743785282,104.47971153751494,3192800
2017-08-07,103.79226684570312,104.27661652469254,103.51883671829961,103.9719430297799,3010800
2017-08-08,103.33131408691406,103.74535709409803,102.65164891329142,103.51099020389695,5535800
2017-08-09,104.08130645751953,104.22193140388005,103.40946085255001,103.75319747654358,6332300
2017-08-10,103.97191619873047,104.56564731178244,103.40944036552153,103.93285305912495,5607900
2017-08-11,103.97974395751953,105.06563256765489,103.70631387969655,104.40159490459764,4270600
2017-08-14,104.27660369873047,104.97188476418629,103.80006194013278,104.839079607908,3041100
2017-08-15,104.19849395751953,104.63597259066717,104.05786901377996,104.56566607899674,3931800
2017-08-16,104.8156509399414,105.44062553760331,104.57347611444217,104.74534442680918,4469900
2017-08-17,103.93287658691406,105.26095211176485,103.92506872538408,104.82346153770148,5741400
2017-08-18,103.61261749267578,104.51101056610308,103.41731361406961,103.64386086827557,4792800
2017-08-21,104.2531509399414,104.40939157320801,103.26882422200516,103.33913071891571,4660000
2017-08-22,105.22968292236328,105.2999894280423,103.82349320679452,104.11255093080442,4150300
2017-08-23,103.7453842163086,105.06563985321439,103.62819478037355,105.01875692660138,5129900
2017-08-24,103.81568908691406,103.96412188451646,103.33133946980995,103.76101022065947,5398400
2017-08-25,103.52478790283203,104.21663422660066,103.477618743707,103.70561900777876,4133300
2017-08-28,103.57198333740234,103.87072538512288,103.37543714980033,103.52480217554695,5349200
2017-08-29,103.94149017333984,104.13016683411617,103.22605917795723,103.43833241755775,3277900
2017-08-30,103.04523468017578,103.77638069506592,102.91157272411643,103.77638069506592,5430800
2017-08-31,104.06725311279297,104.16946095100865,103.18673018731988,103.29679555300402,7407100
2017-09-01,103.01376342773438,104.28737859457208,102.9430096954044,104.24807896298289,3820800
2017-09-05,102.12540435791016,103.13171997804402,101.98389684706092,102.77008167505477,5146600
2017-09-06,102.73076629638672,102.99020871973188,102.36912800655627,102.6285584336734,5601900
2017-09-07,103.92577362060547,104.18521605161514,102.40057314533976,102.8801463669828,3800200
2017-09-08,102.9744644165039,104.043676044426,102.88798362320779,103.77637613650198,4854400
2017-09-11,104.72766876220703,104.82986461537962,103.00592235643838,103.2810798026433,5724200
2017-09-12,104.27172088623047,105.25445214091867,103.72138178662017,105.21514049148492,5465200
2017-09-13,104.13015747070312,105.15219994417207,103.6584538649509,104.30311905834677,4679500
2017-09-14,105.49028015136719,105.71828048166995,103.76854536203531,103.88646829410287,6274500
2017-09-15,105.70252990722656,106.4887146027005,105.4902566805052,105.96982982459335,15522000
2017-09-18,106.43370056152344,106.74031214934949,105.43524252066304,105.69468494055091,5260800
2017-09-19,106.30791473388672,106.7560338534228,105.62393776374965,106.15068016556228,4903800
2017-09-20,104.73551940917969,105.57673074163435,104.0436730825062,104.75910398884122,8705500
2017-09-21,103.579833984375,105.2072420677831,103.28894948484323,104.80628019412961,6051800
2017-09-22,103.29680633544922,104.08299102846465,103.20246801107982,103.76852194974903,4334900
2017-09-25,103.12386322021484,103.58770939310794,102.85656325579122,103.35972106962392,6017400
2017-09-26,102.9429931640625,103.7291776091875,102.84865486943873,103.38325453393688,4516200
2017-09-27,102.00747680664062,103.06096154928696,101.75589191490113,102.99020779707068,5796100
2017-09-28,101.787353515625,102.41630379503405,101.64583400454929,102.13327676911142,3992700
2017-09-29,102.2118911743164,102.57354149478293,101.4571604129859,101.8738374366063,5736900
2017-10-02,103.16317749023438,103.24965830401402,102.21975806478389,102.32982346448263,4492900
2017-10-03,103.85499572753906,104.09084152252464,103.2732147753816,103.50120304260953,3900800
2017-10-04,104.47608184814453,104.70407012744755,103.85500122807852,104.09084703555534,3589000
2017-10-05,104.71195983886719,104.80629818004505,104.05942498785373,104.476101989694,3741100
2017-10-06,104.73551940917969,104.75910398884122,104.15373845300192,104.56255782751131,2469500
2017-10-09,104.91632080078125,105.20721722785746,104.69619009696466,105.08142482675551,3750500
2017-10-10,105.27013397216797,105.45096510323248,104.49967627065423,105.00283403436916,4184600
2017-10-11,107.43213653564453,107.7702022012249,105.63963634465237,106.04059822699716,8269400
2017-10-12,107.57362365722656,108.11609286691093,106.93681614889208,107.18838894403342,5172800
2017-10-13,107.25920104980469,108.03752842598541,107.18844728730544,107.39286304060948,4106600
2017-10-16,107.01545715332031,107.91170722835672,106.55946858935773,107.27489954296591,5120100
2017-10-17,110.68692779541016,110.9463701605509,107.7544625105214,108.23403561040726,11717300
2017-10-18,110.60041809082031,111.30799126427233,110.12085711253984,110.68689885659037,6827700
2017-10-19,111.66969299316406,112.40870868597112,110.49041569516872,110.62407767895641,9181300
2017-10-20,111.95269775390625,112.91184405850554,111.50457870785094,111.93698269701072,5634500
2017-10-23,112.91187286376953,113.48579648499079,111.70115338147875,111.74046502619974,6686000
2017-10-24,111.35521697998047,112.72318287995634,110.79702048167053,112.72318287995634,6585800
2017-10-25,111.92127227783203,112.60524923746718,110.82061832023197,110.9778528861422,6563600
2017-10-26,111.48885345458984,113.01405373394336,111.15079978247893,112.03918036048368,5841100
2017-10-27,111.46530151367188,112.18859022982674,110.22312785020037,110.85207821092688,5140100
2017-10-30,110.06588745117188,111.01717647105522,109.53128747031359,110.9149685939142,6034300
2017-10-31,109.60198974609375,110.27023940824704,109.26392415540813,110.08156279597979,4832100
2017-11-01,110.0501480102539,110.52972123146046,109.54699020408871,109.93222508546064,5006800
2017-11-02,110.01080322265625,110.29383015310985,109.36613810098261,110.15232268599543,3494100
2017-11-03,110.12875366210938,110.38032652680735,109.51553055888917,109.85358422000161,2737000
2017-11-06,109.87715911865234,110.45108253347628,109.84571701192073,110.0737052753447,4220700
2017-11-07,109.88504028320312,110.18378231558955,109.20892095270754,110.12875562392362,4201900
2017-11-08,111.10364532470703,111.53603738185383,109.64134106907441,109.83001774965383,4440700
2017-11-09,110.34101104736328,111.1743647861348,109.90860712737106,110.74196086614259,3517100
2017-11-10,109.71992492675781,110.16805592356961,108.97305192829693,110.16805592356961,4240800
2017-11-13,109.87715911865234,110.08157479919663,108.82367459787541,109.28752064857528,4322300
2017-11-14,109.66492462158203,110.28600534968879,109.2167935169685,109.72782084659244,4078200
2017-11-15,109.35832214355469,109.932233749829,109.08315263571161,109.46051802102068,4811500
2017-11-16,109.17747497558594,109.8142827187491,108.99665583775348,109.60987899755708,4193800
2017-11-17,108.49348449707031,109.16960379335038,108.40700370349172,108.72934229739612,4247400
2017-11-20,108.43844604492188,108.9337462270475,108.28908103407983,108.61140763245064,4266300
2017-11-21,108.76078796386719,109.48407644462885,108.64286505795958,108.84726876027491,5660600
2017-11-22,107.935302734375,108.79225325826643,107.39284531518489,108.7293570365717,3917000
2017-11-24,108.5013427734375,108.79223926087684,107.95101589969921,108.10039290747663,2606800
2017-11-27,109.23697662353516,109.4030796695576,108.74654899172076,108.7702779982954,3933100
2017-11-28,110.7557144165039,111.15911967453543,109.35564241439762,109.39519478942587,5052800
2017-11-29,110.58958435058594,111.23820941841616,109.90932462881482,110.91389688450106,5851400
2017-11-30,110.2099380493164,110.96138499855111,109.53758379123215,110.78736418045146,8941900
2017-12-01,110.72408294677734,111.15913499265929,109.63251207765492,110.39978239411256,5990500
2017-12-04,109.95681762695312,111.92641039525216,109.89353622924996,111.23032709020977,5916700
2017-12-05,110.47886657714844,111.38060526203519,110.10709595472494,110.5737826272341,6745300
2017-12-06,111.57833862304688,112.2902451027647,110.89017322203996,111.4043178437618,5591700
2017-12-07,110.74779510498047,111.92638827358581,110.15454569716994,110.74779510498047,4713100
2017-12-08,111.20658111572266,111.34104953920071,110.58169702194928,110.73989445723578,5101300
2017-12-11,111.6416244506836,111.66535346065046,110.60541744983134,111.45178030125894,4358600
2017-12-12,112.79649353027344,113.5637637387752,112.35352382880697,112.79649353027344,8016700
2017-12-13,113.02584075927734,113.45297488643969,112.48796726065169,112.71735164808057,6118400
2017-12-14,112.04502868652344,113.60329803207296,112.01339403008078,113.52420535612151,5337900
2017-12-15,112.68577575683594,113.22364953591894,112.14788990806038,112.70158705408481,12517000
2017-12-18,112.16368103027344,113.74567931823304,111.84727413086807,112.76483603461001,5833200
2017-12-19,112.14786529541016,112.622469641953,111.81564708070613,112.23487568995334,6580100
2017-12-20,111.65744018554688,112.78065750277027,111.59415880672866,112.52753198749738,6289800
2017-12-21,111.57833862304688,112.4563481659164,111.54670396758107,111.99756720868204,6284700
2017-12-22,110.8348159790039,111.80775378996954,110.77153458782549,111.53089921227533,4665600
2017-12-26,110.81108093261719,111.16702817763549,110.48676834662004,111.10375885959317,3271100
2017-12-27,111.19078063964844,111.6495496257095,110.89810268271619,111.07212349937045,3753600
2017-12-28,111.18282318115234,111.53086469005855,111.00089678138319,111.29356256401455,2485000
2017-12-29,110.51840209960938,111.69699517708877,110.40766270150111,111.5150566825837,4452900
2018-01-02,110.13082122802734,110.70034164858664,109.72741595916892,110.47095717877082,6842100
2018-01-03,111.18282318115234,111.27773920369495,109.869761877438,110.23362674666382,5350500
2018-01-04,111.1749267578125,111.64161333360867,110.91389560448026,111.09582201934025,4837600
2018-01-05,112.09248352050781,112.17949390099544,110.96134857416861,111.28566108959414,6158800
2018-01-08,112.23485565185547,112.32186603086407,111.46758560142173,112.08456389995992,5129800
2018-01-09,114.01464080810547,115.23277444282738,112.52755823325467,112.61456864071278,8897000
2018-01-10,113.88011932373047,114.03041105475556,113.36597483624197,113.54790121447368,6558600
2018-01-11,114.52876281738281,114.6157732075817,113.65867098508319,114.00671254587876,4962200
2018-01-12,115.2960433959961,115.8181057844144,114.6157835755484,114.68698267919845,5450600
2018-01-16,116.16609954833984,117.11529581939979,115.50956900952131,115.81805809935794,8804000
2018-01-17,116.26105499267578,117.32100305677285,115.07455623394478,116.94131476380248,10619700
2018-01-18,116.21361541748047,116.62493843196711,115.46216849829494,116.2215210653718,5554800
2018-01-19,116.56160736083984,116.79099174883854,115.81806640644514,116.64071208480425,8738800
2018-01-22,117.17859649658203,117.17859649658203,116.05537931587267,116.28476372523191,7010400
2018-01-23,112.18740844726562,116.62491406481907,112.02129331872356,116.24523786060868,17473600
2018-01-24,112.37725830078125,113.55583934394178,112.16368514455966,113.50838132471243,13034400
2018-01-25,114.22022247314453,114.42588988678838,112.48794523086717,112.56703786945918,7938800
2018-01-26,114.95592498779297,115.16949816951966,114.00672828078355,114.29939414744129,8065600
2018-01-29,113.65074920654297,114.64741583495781,113.53210416491684,114.57622880998214,8013400
2018-01-30,112.6620101928711,113.76151066709343,112.6620101928711,113.42928038197176,8376100
2018-01-31,109.30817413330078,112.77275426194055,109.23698710674523,112.77275426194055,13137400
2018-02-01,110.7557144165039,111.26985908280038,108.36689338714267,108.78612200912355,9393600
2018-02-02,108.9047622680664,111.0246463653747,108.6674721677283,109.96471035156543,9262500
2018-02-05,103.13839721679688,108.36690302050066,96.62056473948121,108.03468476617303,19954100
2018-02-06,104.27741241455078,105.19497426387234,101.24788442442605,102.83778826444055,19193500
2018-02-07,103.95310974121094,105.54301373192429,103.89774607540664,104.32488031764518,10550400
2018-02-08,99.95066833496094,103.81865428614867,99.75291851727305,103.54971743081897,11680200
2018-02-09,102.4581298828125,103.55761833601855,99.22294591031945,100.86821973165493,15030900
2018-02-12,103.04347229003906,103.8740238891775,100.99478116175867,102.82989912004568,9963900
2018-02-13,102.79824829101562,103.30448723195404,101.80158170095456,102.20499896633676,6339000
2018-02-14,102.56886291503906,102.83779974133009,101.55638492337545,102.38693648192334,6259700
2018-02-15,103.80281829833984,103.84237067100588,102.3552883605275,102.90899743847298,5606400
2018-02-16,105.321533203125,106.34983452386197,103.49432707680918,103.58925518328708,7970100
2018-02-20,103.5180892944336,105.55886922789173,103.35198617676801,105.1000881200886,6563500
2018-02-21,102.75872802734375,104.7520376908653,102.71917564607,103.46271696312469,6578000
2018-02-22,102.75872802734375,103.63673778497545,102.4185920320201,102.90901983436869,5732200
2018-02-23,104.42770385742188,104.47516187195176,102.8457056680883,102.90106932847705,5126800
2018-02-26,105.13623809814453,106.20296154948242,104.28444330320936,104.8496544092947,6684400
2018-02-27,104.81778717041016,105.94819704300623,104.76206898464386,105.24766870393306,7158600
2018-02-28,103.39281463623047,105.34316935447592,103.38484622074765,105.04066109352424,7985900
2018-03-01,101.32304382324219,103.5838630891263,100.71803336996143,102.7798426722592,9424000
2018-03-02,102.54900360107422,102.77985689134826,101.02851795220487,101.02851795220487,6910400
2018-03-05,103.32118225097656,103.72718282628863,102.03951821606448,102.39775687592277,5799800
2018-03-06,102.07135772705078,103.64756151959169,101.83253602588366,103.48835110113905,5546500
2018-03-07,102.72410583496094,102.95497122562738,101.31507505419586,101.48225385940171,6391700
2018-03-08,105.12822723388672,105.31928699830583,102.95497555663353,102.95497555663353,6423400
2018-03-09,106.513427734375,106.52935242481259,104.73023896173768,105.48649777329638,7557800
2018-03-12,105.58202362060547,106.85571935265294,105.33524560395159,106.5134174965146,4942000
2018-03-13,106.95123291015625,107.77913435501729,106.23476782333849,106.51339515937474,9152300
2018-03-14,105.33523559570312,108.02592471035204,105.00087789531882,107.65974192913484,6770600
2018-03-15,105.92430877685547,106.86367092260873,105.45463377746717,105.51832037607558,6147200
2018-03-16,106.41785430908203,106.99102149344131,105.16008358743439,106.0039096791368,14233500
2018-03-19,103.67941284179688,106.250696981756,102.97887241105569,106.15517315828276,6017000
2018-03-20,104.45159912109375,104.90534944251777,102.99480003666851,104.10928516558444,6214300
2018-03-21,104.43566131591797,105.70140044197416,104.01374827389924,104.6028279907686,5158700
2018-03-22,101.40267181396484,104.0296804496752,101.17977477410335,103.8625137432679,7560100
2018-03-23,99.58763122558594,101.73700823169919,99.42842081334994,101.60167270046189,8452500
2018-03-26,101.41064453125,101.53005540724446,99.67522387746702,100.6305048119332,8358200
2018-03-27,101.2673568725586,102.7719242545768,100.61458427348002,101.18775164310797,7789900
2018-03-28,101.45838928222656,102.70821602283623,101.26733555706154,101.60168109447243,6868500
2018-03-29,102.01563262939453,102.50123232610305,100.95687175278157,101.87234688953477,6119400
2018-04-02,99.15776824951172,101.80070150882693,98.34578532778052,101.75293959386883,8916900
2018-04-03,102.17486572265625,102.28631424745839,99.25330489823124,99.65133707923577,8035000
2018-04-04,103.81473541259766,104.37993419324577,100.61455392203996,101.0205483653022,7717100
2018-04-05,104.05355834960938,104.44362203887907,103.09031530976763,103.81473665694833,5621700
2018-04-06,101.97583770751953,103.99783560590808,100.63048714952744,103.66349007059864,6399300
2018-04-09,103.07440948486328,104.39587923201003,101.64149728716778,102.4136746112899,6395800
2018-04-10,103.68737030029297,104.21277562937307,102.92314326281493,103.68737030029297,6019300
2018-04-11,103.19380950927734,103.766976723788,102.71616611485976,102.80373366560377,4575400
2018-04-12,103.83065032958984,104.53119072985471,103.37690004085538,103.55999141020605,4559800
2018-04-13,103.98190307617188,104.61875687266675,103.19380728345052,104.35605422610102,4742300
2018-04-16,104.88943481445312,105.78103515006492,104.50732732603552,104.6108195789941,6379600
2018-04-17,103.91822052001953,105.23969007337706,102.54103278630303,105.16804720706855,11008700
2018-04-18,101.6733169555664,103.40873101888533,101.05238787355547,103.24156434517677,9383600
2018-04-19,101.53799438476562,102.11116159884332,101.01258908069839,101.60167490695022,5959500
2018-04-20,100.82951354980469,102.13505859874816,100.43943764514682,101.89623686420208,7743900
2018-04-23,100.96482849121094,101.33897965382121,100.12895861416725,101.00462805891085,7501900
2018-04-24,100.45535278320312,101.46635173989114,99.75481233432788,101.05240098931901,6577500
2018-04-25,100.90911102294922,100.98075389371932,99.73093320232528,100.23245759167014,5859600
2018-04-26,101.90418243408203,102.86742554171141,100.79765966244625,100.79765966244625,8211100
2018-04-27,102.11114501953125,102.52508960372903,101.49817226431166,101.68126967876984,4266800
2018-04-30,100.69416046142578,102.67635864845596,100.69416046142578,102.58083483006142,8219400
2018-05-01,100.31205749511719,100.81357578442176,99.48414994917042,100.55883546824492,5122600
2018-05-02,98.31394958496094,100.44740233711262,98.07512784483258,99.92199693822589,7390800
2018-05-03,97.9397964477539,98.46520183638374,96.54668382900932,98.15473722437122,7282900
2018-05-04,98.86322784423828,99.11796817854514,96.96063464380829,97.59748244283111,6127600
2018-05-07,98.38558197021484,99.69908925385872,98.17064728581313,98.82341975592563,6707900
2018-05-08,97.6054458618164,98.30598027050625,96.87306815180129,97.80446193998283,5951800
2018-05-09,98.32189178466797,98.75176718473102,97.54174619044511,97.9079349963904,6808600
2018-05-10,99.78667449951172,100.34392324133141,98.7119887400239,98.88712388535323,4948000
2018-05-11,101.29120635986328,101.57778995562722,100.11303475371174,100.12099102274176,5716700
2018-05-14,100.35184478759766,101.58574664927272,99.98565600748142,101.37876826973311,6101600
2018-05-15,99.61152648925781,100.16877515910829,99.03040293497901,99.93791577676164,5875700
2018-05-16,99.78667449951172,100.22451236283507,99.50805316534667,99.85832345600535,3818100
2018-05-17,98.59255981445312,99.97770996039007,98.35374417466454,99.8981047471272,6473400
2018-05-18,98.90303802490234,99.06225454685406,98.13881694000196,98.53684913464733,5433900
2018-05-21,98.48905944824219,99.50005826527989,98.17063256760065,99.20551841131373,5558700
2018-05-22,97.84426879882812,98.9030297319566,97.72485793574917,98.5527655600108,7172700
2018-05-23,98.27412414550781,98.68808093523091,97.70891928608674,97.81241152026148,4940800
2018-05-24,97.31884765625,98.22636035096914,96.76160515019012,98.09103089570999,6923600
2018-05-25,97.41507720947266,98.48169637271384,97.14240484270096,97.4872514098191,4594800
2018-05-29,95.75501251220703,96.87776931216057,95.12947824154884,96.63717638412326,9821900
2018-05-30,97.01411437988281,97.503315573462,95.86729936980039,96.33244249132375,6423700
2018-05-31,95.93144226074219,97.23864827822327,95.8672833336367,96.97399729281216,10337500
2018-06-01,97.24667358398438,97.2947897219822,96.21213378730523,96.54093759451081,5741000
2018-06-04,97.80001831054688,98.1368496003878,97.05418764920125,97.7198227152635,4853000
2018-06-05,97.42311096191406,98.28923206859047,96.9579678833538,97.88023264435223,5125400
2018-06-06,98.47369384765625,98.47369384765625,97.40707448002385,97.81608004929134,6799300
2018-06-07,98.90675354003906,99.03506528852009,98.056662967405,98.64210252822282,7414100
2018-06-08,99.49217224121094,100.1257278490227,98.90673888566567,98.93079695253304,6208100
2018-06-11,98.36943817138672,99.71673909030636,98.28122116571468,99.66060155201804,5571400
2018-06-12,98.273193359375,98.7864525669717,97.8000288944932,98.77041589359223,5227300
2018-06-13,98.34539031982422,99.51626354044681,98.2090571496943,98.76241734655949,5836900
2018-06-14,98.1689682006836,98.7624231846201,97.91233240380924,98.40955508245204,5239200
2018-06-15,98.32935333251953,98.42559175035493,97.23065434006709,97.92034770488631,13173500
2018-06-18,97.2947998046875,97.68776258230127,96.43669391645084,97.52737135999894,6787400
2018-06-19,98.2972640991211,98.77844390345001,96.6933273390026,96.76550767484517,8572400
2018-06-20,97.87222290039062,98.36944550410342,97.56747711532788,98.17696868545336,6277200
2018-06-21,97.39903259277344,98.03258818645995,97.12636634964669,97.70378441571701,4417200
2018-06-22,98.51378631591797,98.94684994656423,97.5594481677377,97.58350623857369,9501400
2018-06-25,98.31330108642578,98.9869577094497,97.4471798832996,98.49775650657912,8170500
2018-06-26,98.12081146240234,98.55387503970341,97.51933529146174,98.23308652482869,5496400
2018-06-27,97.5273666381836,98.61804402892625,97.39904877172792,97.94438746709925,5666000
2018-06-28,97.84011840820312,98.16892830040459,97.09428775264523,97.66368442882982,5296800
2018-06-29,97.3108139038086,98.78643850448978,97.19052357425515,98.03258647378681,7308700
2018-07-02,97.50330352783203,97.62359999178284,96.32440919447225,97.3108267380978,5481400
2018-07-03,98.40953826904297,99.01101454850226,97.24668657616824,97.55945375200443,4248100
2018-07-05,100.24604797363281,100.34228638235946,98.82656662648078,99.1232910126215,7319100
2018-07-06,100.84750366210938,100.9838367910578,99.93326038081814,100.37434534921827,7297900
2018-07-09,101.0881118774414,101.64948726898913,100.72722245270396,101.22444502702687,6706100
2018-07-10,102.15471649169922,102.26699156052415,101.13621947634952,101.34473294068113,5075600
2018-07-11,101.240478515625,102.20284416610596,101.09612397397949,102.17878609558716,4827400
2018-07-12,102.4594955444336,102.8203850344649,101.98633095577938,102.41939467269657,6199000
2018-07-13,100.99186706542969,102.25095703674874,100.50266591875166,100.50266591875166,8250200
2018-07-16,99.9974365234375,101.12820872665368,99.57239427263521,101.04801311455509,7314400
2018-07-17,103.54212188720703,104.68893061800712,102.29906864460808,103.07697883088322,12858700
2018-07-18,102.49153900146484,103.49399925727522,101.98629511667605,103.30152248281671,7152000
2018-07-19,100.99989318847656,102.41135304044408,100.94375565025663,102.27501989312894,5984600
2018-07-20,100.92771911621094,101.1602906799826,100.34228562683154,100.48664017956798,5835500
2018-07-23,101.5532455444336,101.59334640760403,100.60692268781845,100.84751562977571,4631100
2018-07-24,103.74263000488281,103.95113737809494,101.97028062138081,102.04245483860042,7158800
2018-07-25,103.14915466308594,103.63835579580564,102.37125058307932,103.56618158861698,6523000
2018-07-26,104.48045349121094,105.23430582680504,104.13561291564699,104.17570155033638,7640600
2018-07-27,105.49893951416016,106.07635770854206,104.20776997353755,104.23984332341834,6620400
2018-07-30,105.99616241455078,106.2527981774444,105.25835295183167,105.68339522669086,11013100
2018-07-31,106.27684020996094,106.37307248798813,105.6753639981613,106.0843634168417,7598900
2018-08-01,106.3730697631836,106.6297054807687,105.9239694944742,106.17257769771943,5770400
2018-08-02,105.25833892822266,106.66178344726562,105.13002106387168,106.57356644515747,6563300
2018-08-03,105.8197021484375,106.42117830188114,104.97763308620368,105.20218320452422,6498700
2018-08-06,105.8758544921875,106.28485390477758,105.06585870730396,105.57110263355293,5840000
2018-08-07,105.4267578125,105.99614845117833,105.2984399479571,105.76358302912628,4664600
2018-08-08,105.1941909790039,105.69943497447096,104.96964081147775,105.4508267345003,3721500
2018-08-09,105.21823120117188,105.6352581145717,104.79318901067246,105.49089746732919,4057800
2018-08-10,104.85733795166016,105.56307385526384,104.46436914405118,105.210205903462,4324000
2018-08-13,104.43229675292969,104.97762923827231,104.13557244396756,104.83328084052746,3778000
2018-08-14,103.85488891601562,104.63279910153318,103.73459857271475,103.99122205077812,4542800
2018-08-15,104.60072326660156,104.84934372770032,103.39777077322896,104.0553906767308,5377300
2018-08-16,106.24475860595703,106.56555327317308,104.71300842936218,105.07389172254807,7861500
2018-08-17,107.84068298339844,108.2657252219713,106.01219615861484,106.22070352036538,6700900
2018-08-20,109.77342987060547,109.9658944397392,107.46375714447512,108.20958182399973,7935000
2018-08-21,108.5464096069336,110.21449283019842,108.50630874625429,109.86965234989852,5832100
2018-08-22,107.95296478271484,108.81106459129796,107.80058883165061,108.71483230096958,4688400
2018-08-23,108.35395050048828,108.65870240690678,107.54396682566708,107.95296630238671,5057600
2018-08-24,109.02758026123047,109.1879714625247,108.12937974433133,108.35392987355611,4809400
2018-08-27,108.9226303100586,109.83489762231443,108.34944517935664,109.39087316419813,4325900
2018-08-28,108.43826293945312,108.90649353054357,108.09111202423293,108.80961993495464,6037500
2018-08-29,108.87419128417969,108.93877777845458,108.13146507793971,108.43824784609191,4648700
2018-08-30,108.94684600830078,109.47160665257645,108.66429395548847,108.74501783402879,4821900
2018-08-31,108.7369613647461,108.98722635799709,108.1556951720142,108.66430617030849,6139500
2018-09-04,107.95388793945312,108.7854192869175,107.72784130045027,108.73698248121944,4406800
2018-09-05,109.68152618408203,109.74611269142913,107.74398023813544,107.76011762600969,6174800
2018-09-06,110.49693298339844,110.85215269564415,109.13257196073631,109.39091804914028,6562000
2018-09-07,110.86019897460938,111.15890076694322,109.59271197292621,110.42424316667905,6375200
2018-09-10,110.77140045166016,111.78861019770056,110.65029613421149,111.02973415537451,4892200
2018-09-11,111.82088470458984,112.14381719615386,110.77945667600643,111.11852655318744,7856800
2018-09-12,112.50707244873047,113.01568327452846,111.8612199737798,112.13570327208514,6767700
2018-09-13,112.93498992919922,113.41130153666694,112.23263171755644,112.93498992919922,6456100
2018-09-14,112.61207580566406,113.30636536127365,112.29722428152813,113.02380093149822,4534800
2018-09-17,112.99149322509766,113.34670047273273,112.36177797308248,112.48288227172998,5295500
2018-09-18,113.45973205566406,113.70192835205225,112.88654688344786,113.2417664756685,4581200
2018-09-19,113.39515686035156,113.82303164207924,113.06415566886706,113.6373408359595,5049900
2018-09-20,114.62226867675781,114.75144168210683,113.43551786717236,113.685795184517,5019300
2018-09-21,115.3488540649414,115.5506822601454,114.38814988479194,114.78372526347789,13283400
2018-09-24,113.40321350097656,115.04205726103055,113.2094540224675,114.7191371154627,6708000
2018-09-25,111.92583465576172,113.79880607320138,111.73207516887037,113.45165519901452,7982800
2018-09-26,111.538330078125,113.02378254945025,111.37686999534871,112.17610171660642,7133300
2018-09-27,111.58678436279297,112.68473034383986,111.06203593185988,111.77246287116084,6450500
2018-09-28,111.54643249511719,111.86128406323665,110.9328790676229,111.48992699243853,6638500
2018-10-01,112.77354431152344,112.90271733581675,111.40918349914207,111.61908042465551,4871800
2018-10-02,113.41130065917969,113.61312886267555,112.74122954533954,112.85425284655258,6439100
2018-10-03,112.24072265625,114.04910816667369,112.11963063666249,113.45976082169858,5411800
2018-10-04,112.49903869628906,112.64434908100998,110.86019476932222,111.85318602076069,4738700
2018-10-05,112.29720306396484,113.22560775447019,111.86124730145943,112.86231949812525,4309300
2018-10-08,112.53134155273438,112.76545686712353,111.90970718756627,112.13575380787887,5174100
2018-10-09,112.37791442871094,112.71698425144592,111.25575037777382,112.00655752131152,4475300
2018-10-10,111.19117736816406,113.39514996102135,111.19117736816406,112.49903234994898,7265600
2018-10-11,108.05074310302734,111.9419967446447,107.27572970694297,111.33651213955936,11603200
2018-10-12,108.0749282836914,108.51088396378181,106.75093618026004,108.50280295428367,6998000
2018-10-15,108.1395492553711,109.22942648457767,107.78432964530033,108.08304376392309,6398700
2018-10-16,110.24665069580078,111.40111458034465,108.78541627744984,108.78541627744984,9592800
2018-10-17,112.58786010742188,113.02380364414353,109.9640932371114,109.98023062537062,8261100
2018-10-18,112.62016296386719,112.87042802169678,111.17507812093884,112.37796660129641,7583900
2018-10-19,112.2568359375,113.02378055612222,111.33649993143044,111.68363848734644,5924800
2018-10-22,111.95813751220703,112.42638043251324,111.52219400357225,111.90163201970631,4864300
2018-10-23,112.15995788574219,112.61206338724979,110.96513842829614,111.23962181524996,8282700
2018-10-24,110.98130798339844,113.11261359725503,110.73911164392479,111.82898901224746,8279200
2018-10-25,111.78861999511719,112.28915005898014,109.02761131221222,110.97323838807957,9720700
2018-10-26,110.57763671875,112.45867704679407,109.25364420132783,111.36073113098428,11371400
2018-10-29,111.0458755493164,112.29721282425484,109.97214807178166,110.5937823626945,6783000
2018-10-30,113.62930297851562,113.91186745155795,110.60187927571326,111.35267444107133,9646200
2018-10-31,113.0157241821289,114.17824427549667,112.70894137379553,113.83110568174325,9968900
2018-11-01,113.685791015625,114.29934429060991,112.90269663750966,113.0803064336976,6913500
2018-11-02,113.57274627685547,114.63840496836957,112.74929618099206,114.61418657252737,7673200
2018-11-05,114.7999038696289,115.23585977944776,112.21650478436015,113.83113075248043,5601400
2018-11-06,115.09859466552734,115.30849156403504,113.8795444233581,114.2589824342645,5798900
2018-11-07,116.85855102539062,116.95542463868702,115.42153494127597,115.52648956809252,7173600
2018-11-08,117.30259704589844,117.69817258486688,116.25308754186584,116.50335263434475,5497100
2018-11-09,117.33485412597656,117.65778667768758,116.55984063910468,117.09265779184763,5343100
2018-11-12,117.56090545654297,118.0614478520677,116.84239743833682,117.05230668500187,7013600
2018-11-13,116.80200958251953,118.47315298560983,115.78479989277913,118.02105979016964,7432300
2018-11-14,116.4548568725586,117.31060636282756,115.89780913907035,117.07649110022373,6433100
2018-11-15,116.65670013427734,116.66476882761265,115.02592482159613,115.77673213471495,6657900
2018-11-16,117.85958099365234,118.46506549546214,116.69704877919932,116.82622176271937,8494300
2018-11-19,119.26429748535156,119.83749490218104,118.16635175960758,118.21478854890877,8714600
2018-11-20,118.2309799194336,120.08780218159532,118.15025601502018,119.078660986792,8937700
2018-11-21,114.63034057617188,118.05333871549828,113.65348673897184,118.05333871549828,10275400
2018-11-23,114.82408905029297,115.22774542552852,114.31549039415435,114.51731858177213,3404900
2018-11-26,114.8565902709961,115.40906530402715,114.32850025737427,115.36844013442673,7590900
2018-11-27,116.35964965820312,116.46527263326935,113.46731573018089,114.20665176151881,5962100
2018-11-28,118.97574615478516,119.0732366516733,116.47338675913807,116.85524106803285,8411400
2018-11-29,118.49636840820312,119.5931733844805,117.67578229730205,118.30949514503351,6900000
2018-11-30,119.34944152832031,119.43069185575344,117.88703481099944,118.08201576154387,12517600
2018-12-03,118.78890228271484,119.13013146785127,117.75708225335646,118.26893222959306,8827200
2018-12-04,118.64263153076172,121.04750031674787,118.4720231692079,118.8782500832753,9803500
2018-12-06,118.54512786865234,118.98384743239842,116.01026377648105,117.39956512295399,11572500
2018-12-07,118.15516662597656,119.70695657521955,117.09085398339576,118.20392427429309,9444500
2018-12-10,118.0169906616211,118.52072026040123,115.6771330172788,118.12261358342374,6848100
2018-12-11,119.02450561523438,120.41380734708947,118.44765784662319,118.85388482824514,9857400
2018-12-12,119.511962890625,120.6412732140845,119.4307125491139,119.4307125491139,8869200
2018-12-13,120.11317443847656,120.72251482714219,119.26822788756745,119.398223479111,6008300
2018-12-14,108.05636596679688,118.11454896144289,105.78149262492552,117.26958998446038,58140200
2018-12-17,104.92030334472656,106.95955831062007,103.0435366905627,104.25409754751601,36933100
2018-12-18,105.9602279663086,107.8938720660199,104.96903329310042,107.28453168808348,24640100
2018-12-19,103.67723846435547,106.71582038989553,103.2547589823356,105.51337974084376,21232100
2018-12-20,104.21345520019531,105.41588338535978,102.98664819360945,103.76660311876415,16609600
2018-12-21,104.06721496582031,106.10648214759581,103.27913990556426,103.83160879430463,19732900
2018-12-24,99.80184173583984,103.99410715585554,98.30692942076969,103.42539186175969,7531900
2018-12-26,102.94602966308594,102.98665483621117,99.12749893349772,100.27305567296173,9253000
2018-12-27,103.51476287841797,103.51476287841797,99.98870943950327,102.26358302580513,9918700
2018-12-28,103.40098571777344,104.60341999143603,102.97851249642343,103.92096181882523,6537200
2018-12-31,104.84716796875,105.25339487882104,103.5228642748587,104.14032471522458,7409900
2019-01-02,103.79096221923828,104.30281202737862,102.59665426495076,104.09969859837815,7631700
2019-01-03,102.14169311523438,104.21345279250572,101.8492092502424,104.10782983104548,8654500
2019-01-04,103.8559799194336,104.52218564783462,102.96228190016333,103.2791384142816,8831700
2019-01-07,103.18976593017578,104.27845731986136,103.01915136433205,103.6934833535627,8404700
2019-01-08,105.58653259277344,106.02525232007903,103.774757354509,104.14035299490872,9351600
2019-01-09,104.74966430664062,105.8139892166972,104.26219945639271,105.48088017760456,7403500
2019-01-10,105.3833999633789,105.52963571359498,103.74223962759946,103.74223962759946,6224400
2019-01-11,105.41587829589844,105.48899616104028,104.24594286538532,104.80653795892792,5300400
2019-01-14,104.22156524658203,104.77404023875089,103.66097017991815,104.59529942337805,7374400
2019-01-15,105.09903717041016,105.2046601446416,103.70974174297972,104.41657886859788,5194400
2019-01-16,104.02660369873047,105.13967409796408,103.91286683424566,105.13967409796408,6264200
2019-01-17,104.87966918945312,105.22903080697559,103.5553715864791,103.75848505801979,7632000
2019-01-18,106.17960357666016,106.57769805879698,105.17215626441399,105.53775804482932,10593000
2019-01-22,104.64407348632812,105.21278878412689,103.18978014077776,104.15659614703564,10568100
2019-01-23,104.64407348632812,105.05030047005063,103.93723630317952,104.40033481668189,9267800
2019-01-24,103.20602416992188,104.56282077737005,101.55674364489388,104.39221239040215,9917000
2019-01-25,104.18095397949219,104.35969481871209,103.20601183642307,104.09971603252257,7585100
2019-01-28,104.79842376708984,104.92840695784078,103.41724853997036,103.83972180329947,6927700
2019-01-29,105.88712310791016,106.0008661632195,104.40033091539738,104.76593270767289,6669300
2019-01-30,106.95142364501953,107.39827573911965,105.86273846816601,105.91960379083594,7299300
2019-01-31,108.12134552001953,109.83562341226732,106.3258172947123,106.94329007301936,17298100
2019-02-01,109.03128814697266,109.42939493783477,108.43820039492101,108.8850524260805,9575200
2019-02-04,107.95885467529297,108.9906619775815,107.41451216855037,108.83630618374761,7759000
2019-02-05,107.95885467529297,108.77130839826283,107.8532317242477,108.47882456211128,6449800
2019-02-06,108.05636596679688,108.51947062867309,107.48765073059462,108.12136376480032,5066100
2019-02-07,107.28453826904297,107.76388308712838,106.86205877658105,107.60951486505215,6085300
2019-02-08,107.56889343261719,107.61765108107063,106.87018256953951,107.20329165012532,4436700
2019-02-11,107.24388122558594,107.78822368052329,106.64266106486497,107.49573987220752,4962200
2019-02-12,108.99881744384766,109.11256049317682,107.3089118559125,107.3089118559125,6262300
2019-02-13,109.23443603515625,109.66503565635298,108.22700102574382,108.925711950206,7902200
2019-02-14,109.12067413330078,109.53503352911038,108.34072538306249,109.11255405777855,3910400
2019-02-15,110.80245208740234,110.82682470939028,109.6893819626885,109.83563009167719,6665000
2019-02-19,110.24186706542969,110.80246221652182,110.19312181699772,110.60746882573171,5935500
2019-02-20,110.7780990600586,111.08682312553393,110.27436919006466,110.46936259752005,6089800
2019-02-21,110.02250671386719,110.32311069271286,109.08818967866083,109.66502501088162,6665500
2019-02-22,110.98121643066406,111.01370913451296,109.53504936664677,109.91689132439188,5223900
2019-02-25,111.39012908935547,112.44515274254853,111.11206567660857,111.51281293329743,6846600
2019-02-26,111.3165054321289,112.01167631314458,111.26743689545147,111.5863948631368,5106900
2019-02-27,111.1202392578125,111.43102335301205,110.7276784128602,110.83400191475147,4378100
2019-02-28,111.74998474121094,112.82135628569124,110.97303695912316,111.1856714900182,10133200
2019-03-01,113.14849853515625,113.3611330619221,112.05258025908071,112.22433265017635,5641600
2019-03-04,113.25481414794922,114.01541408321432,112.46150600696572,113.55742432744754,8377700
2019-03-05,113.49198913574219,113.79458681915563,113.15667076914207,113.52469733964463,6568900
2019-03-06,113.753662109375,114.21165171854572,113.35292744099107,114.0644461210041,6236900
2019-03-07,113.05854797363281,113.77824086404488,112.61690604975978,113.29571679994554,6100400
2019-03-08,112.91129302978516,113.92542185836035,111.5700323103311,112.93582729763698,7046700
2019-03-11,113.32023620605469,113.7046231163149,112.46968563652653,112.95220963730966,6150400
2019-03-12,113.82727813720703,114.49791477092081,113.27115139837524,113.39382274391686,5552900
2019-03-13,114.015380859375,114.3670470053337,113.6964229096036,114.16258646113968,6446900
2019-03-14,112.87857818603516,113.51649407118515,112.81314931585554,113.14028118747262,8493600
2019-03-15,112.53511810302734,113.07488459735733,111.90537596714371,112.86225006803245,11922500
2019-03-18,112.18342590332031,112.68231020153303,111.8153993670972,112.57598671000609,7369600
2019-03-19,113.22207641601562,113.53286044607562,112.4287684819121,112.543265890995,5882500
2019-03-20,112.28156280517578,113.27933140000174,111.75814423733947,113.1321257774617,5475700
2019-03-21,112.94403076171875,113.50015755604788,112.00350459467353,112.04439920702916,5765100
2019-03-22,111.97077178955078,113.18117467776318,111.92987718618072,112.65775620075667,6528800
2019-03-25,111.72543334960938,112.05256526690862,111.01391456587801,111.97078852722517,4500300
2019-03-26,113.32844543457031,113.90093271002826,111.98717170451646,111.98717170451646,4758600
2019-03-27,113.43473052978516,114.07264655927231,112.91949833937403,113.34476737284294,6764900
2019-03-28,113.5819320678711,114.0562820553274,113.44290038729834,113.7291376781427,4602100
2019-03-29,114.32615661621094,114.39977189908898,113.58192969215648,113.90906158321678,7168400
2019-04-01,113.66370391845703,114.73507518922472,113.46742977986231,114.48973251598132,5885200
2019-04-02,112.62506103515625,113.68824597009184,111.97078474338505,113.68824597009184,5517800
2019-04-03,112.18342590332031,113.0585231474324,111.93807071941056,113.02580246729347,5947000
2019-04-04,110.8748779296875,112.05256026698478,110.51502534914576,111.9380628531108,5844600
2019-04-05,111.3737564086914,111.70090081034176,110.98119560599388,111.2592589879345,4759700
2019-04-08,111.3410415649414,111.64363919904078,110.98118898423826,111.26743875869272,4329600
2019-04-09,110.8748779296875,111.4391785899565,110.04884928454882,111.22654410112827,5210300
2019-04-10,110.88306427001953,111.33288004604204,110.67860368812599,111.13659339488214,4194100
2019-04-11,110.5804443359375,111.37373975300723,109.93434203885293,111.19382595810886,4485200
2019-04-12,111.21018981933594,111.5127999490636,110.20424730841933,110.58863417863547,5756800
2019-04-15,111.65181732177734,111.87262572413586,111.0629699569255,111.22653589621073,5380900
2019-04-16,112.87857818603516,115.07038918028779,112.50236530232262,113.12393332938845,10745700
2019-04-17,113.28751373291016,114.62058813531087,112.59234281784379,113.68007452483998,9543700
2019-04-18,112.46969604492188,114.6942284840585,111.02211142932308,113.96634921032312,10485300
2019-04-22,112.72323608398438,113.26301514247588,111.60279582441065,112.02806494993138,4666500
2019-04-23,114.41613006591797,115.19309021592574,112.24885301400907,112.38788470419918,5790500
2019-04-24,113.84362030029297,114.61239388769894,113.56555697527219,114.21164675744168,5676300
2019-04-25,114.211669921875,114.30981948182698,112.82952694508155,113.28751662724777,5218100
2019-04-26,114.81685638427734,114.92317985478117,113.93358538441932,114.39976138960019,4613600
2019-04-29,114.36705780029297,114.84958173510813,114.15442330680216,114.784165336559,4275200
2019-04-30,115.47930908203125,115.68376961952751,113.6473506528045,114.65329300308746,6003700
2019-05-01,116.09270477294922,116.41984916018417,114.29345432064527,115.27486252378539,6656300
2019-05-02,115.54472351074219,116.25624209893357,114.59602374030081,116.05996799420728,8835600
2019-05-03,116.14176177978516,116.20719065073588,115.38117455363516,115.55291442050982,5281600
2019-05-06,116.20719146728516,116.32987528091024,114.44064937704621,114.70236486268809,5818900
2019-05-07,114.47335815429688,115.62651849439726,113.72911885854869,115.16852892140759,6606700
2019-05-08,114.32615661621094,115.25032230341482,114.25255381261464,114.66147491608089,4667300
2019-05-09,113.45923614501953,113.94177248998888,112.56779121092738,113.63916241345949,5604200
2019-05-10,113.72095489501953,113.88452083123691,111.56185209081939,113.2138842696803,4771600
2019-05-13,112.20796203613281,112.91130691939678,111.6600091879002,112.73956702330766,5560000
2019-05-14,111.89718627929688,112.73137641638127,111.82357099014477,112.07710009921647,7179400
2019-05-15,111.97077178955078,112.44512173422557,110.67857969459827,111.96258538130826,6429400
2019-05-16,113.03396606445312,113.8354478561391,112.01983733262969,112.36332952906655,6857200
2019-05-17,113.36112976074219,113.70462205364625,111.9299056339999,112.04440306496792,6915300
2019-05-20,113.20570373535156,113.64734546457895,112.60049607945045,113.36109573343971,4771100
2019-05-21,112.96039581298828,114.1462773553453,112.92768760569656,113.77823826742181,4859000
2019-05-22,113.4837646484375,113.6391566432254,112.4451141725142,113.14845887362574,5456800
2019-05-23,114.32615661621094,114.37523763122354,112.59233513088418,113.27114566015197,6951800
2019-05-24,114.33440399169922,114.86963381874999,114.09559986725847,114.86963381874999,5473300
2019-05-28,112.86869812011719,115.68485570584629,112.85222583538048,114.45792806873412,11919600
2019-05-29,108.14214324951172,111.89701953309876,105.82828385504419,111.89701953309876,23247400
2019-05-30,108.78443145751953,109.36907816361463,108.01039746550812,108.23272931877483,7360600
2019-05-31,107.9939193725586,108.69384689738717,106.72583002054402,108.29860006314073,7811000
2019-06-03,108.23271942138672,109.0232130601153,107.90333660135828,108.28212370322353,8434600
2019-06-04,110.11839294433594,110.58775877485128,109.1714439888102,109.18791627181173,6648900
2019-06-05,110.65364074707031,111.27121946075376,110.22544932080854,110.91713446461294,6860600
2019-06-06,112.54754638671875,113.3545250072466,110.82656327001057,111.08182714530474,9115800
2019-06-07,114.08737182617188,114.94374207603346,112.92632088043322,113.29686557927073,6533900
2019-06-10,114.47441101074219,114.58144945981623,113.30512997901553,114.12856838710526,4994700
2019-06-11,115.1001968383789,115.8248265144056,114.86963513503778,115.01784798804115,8230500
2019-06-12,116.66471099853516,117.67754896905493,115.52837489611812,115.52837489611812,9216500
2019-06-13,115.86599731445312,116.88705266454062,115.45427820498685,116.69766539229376,7500800
2019-06-14,115.35548400878906,116.50830532326592,115.31430957529471,116.29420329496448,6548100
2019-06-17,114.82022094726562,115.47897399913765,114.63083368542834,115.28134431417521,5562800
2019-06-18,115.47077941894531,116.04718386640359,115.1084644620645,115.7425156366059,7122700
2019-06-19,115.65190887451172,116.08010031658893,115.2072577126915,115.28959400542111,6393400
2019-06-20,117.10114288330078,117.25758557486478,116.10477720999477,116.31063674405505,7335800
2019-06-21,117.0023422241211,117.28230822388247,116.11302737369878,116.48358465154467,11272200
2019-06-24,117.80104064941406,118.32804047747359,117.00230476810503,117.27404082135453,5894700
2019-06-25,118.77274322509766,119.3820795170369,117.90813050946717,117.97400708029029,7517000
2019-06-26,116.8046875,118.45156353065397,115.90713051414667,118.45156353065397,7674100
2019-06-27,115.84951782226562,117.33993889543245,115.77541140269442,117.1176070720495,5233500
2019-06-28,114.68848419189453,116.18714791290414,114.05443318956961,115.89070962548855,12792400
2019-07-01,114.75433349609375,115.49542275620635,114.22733361753923,115.44601848082127,5872300
2019-07-02,115.30608367919922,115.30608367919922,114.20267918577949,114.6391005535451,4501200
2019-07-03,117.04351806640625,117.07645006955893,115.93187134876811,116.10479891816537,3436300
2019-07-05,115.750732421875,116.81296234226463,115.58603470364991,116.71415376306703,4652400
2019-07-08,116.0801010131836,116.17067973099981,114.98492653946816,115.38017341508817,4078100
2019-07-09,116.44239807128906,117.31524054689845,116.03067897413976,116.48357249393794,4217400
2019-07-10,116.27774047851562,116.92002141697928,115.83307671208837,116.74709382677474,4874400
2019-07-11,115.37195587158203,116.27774314644054,114.47441102219594,116.05541125812564,5817400
2019-07-12,110.58775329589844,115.3801571089332,108.95734917029588,115.3801571089332,17780100
2019-07-15,110.92536926269531,112.28403731352158,110.71126728194848,111.48530122689735,10038200
2019-07-16,109.10556030273438,110.2007346044769,108.48798165951135,109.45963269380748,10214500
2019-07-17,108.57858276367188,109.99489774949988,108.20803801422586,109.09735295169965,8862100
2019-07-18,108.7514877319336,109.11378998103649,108.01038582248894,108.80089201296263,6203100
2019-07-19,107.30223846435547,109.01499156591063,107.20342989310045,108.89971071122282,8340200
2019-07-22,105.9271011352539,107.17048843001596,105.26834799024356,107.04697771237016,12624800
2019-07-23,106.09178161621094,106.59407945367325,105.53184963460477,105.90239433592305,5803600
2019-07-24,106.8658218383789,106.87405169811798,105.8694685290817,106.12473239237815,6838600
2019-07-25,107.96922302246094,108.3068357320614,106.77524003194353,107.09638045787126,8897800
2019-07-26,107.64807891845703,108.11744475206022,107.45046177982037,108.11744475206022,4894600
2019-07-29,109.53375244140625,109.77254398999078,107.21989311906306,107.87040376599107,7832000
2019-07-30,108.75971984863281,109.09733252890038,108.09273691155339,109.08086024665883,5509600
2019-07-31,107.2281265258789,108.69384555930807,107.19518196070624,108.39740729610497,8559200
2019-08-01,107.2857437133789,107.65630090732563,106.23998638080785,107.26104157573822,7870700
2019-08-02,107.92808532714844,108.25745568632844,106.8576128128027,107.75515772154095,6574900
2019-08-05,107.1787338256836,108.24920614541884,106.2317722270183,107.79631256037645,9480000
2019-08-06,107.68104553222656,108.0515903077094,106.70938166452405,107.32696047855316,7880600
2019-08-07,107.21991729736328,107.7963216520905,105.55656824685964,106.51998964647642,6771700
2019-08-08,108.43034362792969,108.65267547538075,107.23636066846476,107.85393936108497,5260500
2019-08-09,108.72677612304688,109.31965264161855,108.05979318082125,108.52915899330299,4677300
2019-08-12,108.63619232177734,109.27024323419745,108.10919239272762,108.28211993781288,6852100
2019-08-13,109.8631362915039,110.42308086818124,108.6938554152519,108.94088941776629,5013200
2019-08-14,107.26106262207031,109.13850083915524,107.1540241928474,109.13027097988291,7736200
2019-08-15,107.49160766601562,107.92804143321014,106.42937800969226,107.18693957944781,7251200
2019-08-16,108.16686248779297,108.42212636672232,107.54105386317026,108.25744120915552,5858900
2019-08-19,108.89969635009766,109.16320259158898,108.54562397334647,109.10555588951183,4958000
2019-08-20,107.54104614257812,109.23732701661375,107.4257652840904,108.66092272417512,7302000
2019-08-21,108.30684661865234,109.03147639703748,107.7469145642073,108.44682963226361,6912800
2019-08-22,108.09273529052734,108.80089264025575,107.70571833400892,108.36447140242345,7213500
2019-08-23,105.1777572631836,108.08448663410599,104.68368934919751,107.92804394052375,15714000
2019-08-26,106.02397155761719,106.2562609308836,105.05332477731005,105.70871626868929,8889500
2019-08-27,107.5504379272461,109.84015267026159,107.102454938394,107.74954851052492,20183800
2019-08-28,106.7540283203125,106.91165597935283,105.36858981004585,106.0737558525026,9878800
2019-08-29,106.38899993896484,107.18541702006952,105.21924890109476,106.88675744994995,6749900
2019-08-30,106.48856353759766,107.10247847684873,105.87465492775807,106.41390179951689,7371100
2019-09-03,106.80381774902344,107.00291571515716,105.78339636670806,106.18160495779837,5710200
2019-09-04,106.90336608886719,107.5089768302515,106.25627238518032,107.42602356446919,4807200
2019-09-05,106.67108917236328,107.76616608411562,106.44709127677729,107.76616608411562,4754100
2019-09-06,106.3641128540039,107.21030442157915,106.24796816871978,106.91994903777947,6758300
2019-09-09,105.31880187988281,106.32263378562963,105.02014229839648,106.18989338078643,7684700
2019-09-10,107.47578430175781,107.47578430175781,104.81273543213369,105.64234393672646,8239500
2019-09-11,108.81975555419922,108.91101300404574,107.08587666593776,107.73297034345947,6203600
2019-09-12,108.20582580566406,109.3175107673302,107.89887472502683,108.97736825921729,5250000
2019-09-13,108.4962158203125,109.15161372817136,107.81594332503636,108.95250309942503,5369800
2019-09-16,107.46748352050781,108.47131541275593,107.29327281796279,107.94036645934463,5101700
2019-09-17,107.57533264160156,108.26390921544028,107.11075390716124,107.51726662920707,4976400
2019-09-18,108.18924713134766,108.3136833423686,106.83698123042166,107.76613869623428,4373600
2019-09-19,107.94037628173828,108.83635509568145,107.3181698269574,107.54216769514888,4730100
2019-09-20,109.21796417236328,109.5083322380385,108.08969600052757,108.67872366047762,12053100
2019-09-23,109.29264068603516,109.54981732465836,108.25562994395929,108.69532148589366,5183700
2019-09-24,109.13499450683594,110.15540935939654,108.96077116185224,109.59128168767862,7102600
2019-09-25,108.67044830322266,109.15162286887066,108.03993758880326,109.09354418356396,4522900
2019-09-26,106.89507293701172,108.93590299955548,106.21478781028206,108.7533880952535,7545800
2019-09-27,106.68767547607422,107.35135225671425,105.11141147499622,106.6959670052441,6006500
2019-09-30,107.33477783203125,108.08142059972036,107.0195224746929,107.0776011600233,6552100
2019-10-01,107.84082794189453,108.5128088916473,107.6583130346996,107.86571518752812,7673000
2019-10-02,109.50833892822266,111.74827969271715,108.8612452108981,110.13883692851188,12051800
2019-10-03,108.83634948730469,109.81528151614695,107.85740479964035,109.20967080917129,6997600
2019-10-04,110.88546752929688,110.93524201046554,108.88610814355363,108.96076986530663,7233300
2019-10-07,110.47069549560547,111.01824026563926,109.62449109271905,110.4126168114395,5427200
2019-10-08,109.37556457519531,110.55360694274884,109.0852092406881,109.88162618776865,7870400
2019-10-09,107.20201110839844,108.88611534638348,106.6212876916486,108.79485790526415,7787700
2019-10-10,107.06929016113281,107.94867330322252,106.71256451847594,106.97803270343539,5119700
2019-10-11,108.95247650146484,110.02266580501208,108.52938075984292,108.79484887454099,7161400
2019-10-14,108.4464340209961,108.97738300305588,108.1975489165382,108.97738300305588,5700000
2019-10-15,110.20519256591797,111.37494361518904,109.59129036383747,110.33793296700293,10008800
2019-10-16,112.13817596435547,113.31621847893202,111.0016164052626,111.91417813180013,12434200
2019-10-17,112.96781158447266,114.06290111004832,112.53641152965585,112.79360085192802,8434000
2019-10-18,105.94098663330078,111.49106867056997,105.94098663330078,110.59509010923861,25868700
2019-10-21,106.20648956298828,107.57533859983884,105.41005978924966,106.74573005415444,13823600
2019-10-22,107.1854476928711,108.29712037689717,106.26458147638384,106.82041781839688,7613700
2019-10-23,107.76615142822266,108.24732593238694,107.0775874341285,107.56705346706677,6693400
2019-10-24,105.77508544921875,108.3302811893251,104.61363226467853,108.19754078907563,12111600
2019-10-25,106.48026275634766,107.10246917060253,105.61746277297395,106.0488627646608,6947300
2019-10-28,107.1688461303711,107.84913134276879,106.61300981866341,106.70426728230642,7876300
2019-10-29,107.11905670166016,107.82422906413284,106.6544779183559,107.60023120117455,4506300
2019-10-30,110.20519256591797,110.77762446912813,109.28432660397584,110.58681805433187,9627600
2019-10-31,109.5414810180664,110.20517023015701,108.58743647862408,109.82355747790761,7686700
2019-11-01,108.84463500976562,110.33793287365455,108.79486052410623,109.54980731346416,5541800
2019-11-04,108.03992462158203,109.46685242877153,107.92377992373278,109.34241620208398,6140300
2019-11-05,108.19755554199219,109.06864713152481,107.58364060124607,108.28881299725414,6257300
2019-11-06,108.64554595947266,109.0769333097096,107.60023103978352,108.19755023422805,5450000
2019-11-07,109.03546142578125,109.82359978936852,108.68702730342758,109.28434655855493,5873700
2019-11-08,110.33794403076172,110.37112280494914,108.65383958194538,108.92761193957666,5003000
2019-11-11,109.49174499511719,109.93974075060903,108.95250444150199,109.73233859016884,4371400
2019-11-12,108.96910095214844,109.583003249874,108.69532857931542,109.50834150968954,5228700
2019-11-13,108.90271759033203,109.0852324835138,108.44643035737757,108.71189851002808,5885400
2019-11-14,108.64554595947266,108.97738433024298,107.96526084292434,108.70361197788738,4217500
2019-11-15,111.94738006591797,111.9722673097797,108.49620545044407,108.88612248270694,10495100
2019-11-18,111.85612487792969,112.5695887536264,110.05587580224868,111.35006314448408,9291800
2019-11-19,111.84782409667969,112.15477519099538,111.3417624050986,111.9971475505129,5192200
2019-11-20,112.7769775390625,113.10881586383393,111.22561374958404,112.08840098928215,7594400
2019-11-21,113.19180297851562,113.53194555335826,111.99716453143529,112.77699866543622,6424900
2019-11-22,114.54405975341797,115.00863852078709,113.24156824028056,113.36600446053228,9235800
2019-11-25,114.59416198730469,114.98678043675146,113.8089378349357,114.4939233181777,6111900
2019-11-26,114.58580780029297,114.72781682393659,112.89838471645727,114.00106101278277,10636500
2019-11-27,115.07032012939453,115.48799824238688,114.36026223869774,114.57746301522941,5523000
2019-11-29,114.85315704345703,115.50473402151412,114.39370847007646,114.94504675813315,3278900
2019-12-02,114.7445297241211,115.15385885651416,114.31850264499509,115.04525847012893,4717100
2019-12-03,114.57746124267578,114.81970893599294,113.74210502961432,114.36862218941042,5741400
2019-12-04,116.43199157714844,116.73272042320826,115.31260419393612,115.69687378755141,7257300
2019-12-05,116.5822982788086,116.74101798133958,115.23737441331292,116.40688063134381,5472900
2019-12-06,117.26730346679688,118.26972832357202,116.49877731838515,116.49877731838515,6640400
2019-12-09,117.36756134033203,117.62651975651427,117.00000252516018,117.27567163653906,4241000
2019-12-10,116.94154357910156,117.78524892949227,116.87471353948743,117.61818020372033,5310300
2019-12-11,117.76852416992188,118.60388044555636,117.47615712136492,117.7267538068351,6631500
2019-12-12,118.06925964355469,118.6707172158872,117.55969177662091,118.05256169459194,5012400
2019-12-13,118.10269165039062,118.45353980803351,117.20885418602914,117.8687928786287,4257200
2019-12-16,118.44517517089844,119.33066363823292,118.19457845484098,118.39505582768695,5353100
2019-12-17,119.92376708984375,120.33309632942503,119.05500201083704,119.45596952833802,10722400
2019-12-18,119.61468505859375,120.19108301453514,119.23877722757501,120.05742293125337,7849200
2019-12-19,121.4190444946289,121.86178231824975,119.96551992962185,120.19941867619416,9414700
2019-12-20,122.01214599609375,123.49907927394291,120.95960158768604,122.6971443189255,14532800
2019-12-23,122.32958221435547,122.59688961003503,121.41068515868143,121.74483533643833,6558700
2019-12-24,121.90352630615234,121.97035633291856,121.34383917182514,121.96200735951939,4238900
2019-12-26,121.81999969482422,122.11236672535594,121.26031255423838,121.93694905634179,3019300
2019-12-27,121.753173828125,122.42146137957405,121.57774340659125,122.12908159252608,3432700
2019-12-30,121.37728118896484,122.12909681145332,121.15173140360771,121.77824867119027,2923300
2019-12-31,121.85340881347656,121.97035817545304,120.94287358476502,121.21019369586811,4435000
2020-01-02,121.93693542480469,121.97870578064662,121.19346897830113,121.85339471312084,5777000
2020-01-03,120.52523803710938,121.43577358739589,119.45598270811568,119.87366096933287,5752400
2020-01-06,120.3748550415039,120.45838302852418,119.33065960480288,120.2913143079573,7731300
2020-01-07,121.10997009277344,121.50258862953967,118.10269463141628,120.29967334638586,7382900
2020-01-08,121.09325408935547,121.94530833245936,120.04069700024696,121.01806233547237,6605800
2020-01-09,121.45243835449219,121.98706581679701,121.11830097049821,121.76151607201281,6112700
2020-01-10,121.17679595947266,122.11239103788988,121.04313587783392,121.7531939083286,5042600
2020-01-13,121.71139526367188,121.78657426218058,120.89274976024343,121.52761588074574,4593200
2020-01-14,122.39639282226562,122.47157182038075,120.90109810051514,121.16841820028968,7037500
2020-01-15,122.80574035644531,123.13152884412607,122.16252510290072,122.29617244017263,4960300
2020-01-16,123.7998275756836,124.33445521211121,122.12911461853125,123.14825054211644,6476000
2020-01-17,124.61009979248047,124.81058989652972,123.57425337468139,123.97523358277988,9083600
2020-01-21,124.693603515625,125.44541887626413,124.05037577590893,124.11720579075806,9543900
2020-01-22,123.84158325195312,124.61845856649929,121.96203139821353,122.54677831451605,10305300
2020-01-23,124.07550048828125,124.27599063794129,122.59691590754402,123.66617121267358,8671900
2020-01-24,123.90005493164062,124.42632074318581,123.57425373167223,124.11724298509372,9051900
2020-01-27,124.25928497314453,124.85239372333793,122.797411032284,123.23180000088216,7587100
2020-01-28,124.8857650756836,125.77960242231666,123.75802898809569,124.01700014449784,7336600
2020-01-29,125.75452423095703,126.29751344121831,124.57668160614905,124.84398897788054,6288600
2020-01-30,125.60420989990234,125.72950828232621,124.5098948716365,125.32854071204062,6470600
2020-01-31,124.35950469970703,125.30346152206197,124.16737629440084,125.0946224195252,8651700
2020-02-03,125.4454574584961,125.71277760011006,124.66858219666663,124.81894021643005,5765200
2020-02-04,126.64002227783203,127.60067694014589,126.30587210437771,126.54813257344782,6541400
2020-02-05,128.63648986816406,128.66154953133324,126.39772890171123,126.74022796038672,5979900
2020-02-06,128.2522430419922,129.06253961789122,127.59231721811267,128.85370055702083,6201200
2020-02-07,126.88227844238281,128.19379406071573,126.59826033594408,128.0935426287464,5700300
2020-02-10,126.85718536376953,126.89895572054617,126.04688887909118,126.70681462867829,4835600
2020-02-11,126.96582794189453,127.29161643859786,126.58990735248281,127.21642467279901,3715300
2020-02-12,126.2139892578125,127.09946495915851,126.07198020632555,126.86556619829452,5166800
2020-02-13,125.37860870361328,126.17219454243987,125.2031910400798,125.43708975580712,5480200
2020-02-14,125.41204833984375,125.83807547408843,124.593389969141,125.77124543893764,5716300
2020-02-18,124.58507537841797,125.92165095725801,124.51824532482303,125.69610111969125,7230700
2020-02-19,124.41797637939453,125.1029619558387,124.11724758457052,124.6435261621441,6115200
2020-02-20,123.94178009033203,124.78549790646667,123.13148365614542,124.14227014245286,7464700
2020-02-21,125.24495697021484,125.5039281158834,123.24845603419024,123.70790452292496,7776800
2020-02-24,122.66409301757812,125.26180111641919,122.10923900778448,123.16009304399604,10588900
2020-02-25,121.6048355102539,123.37027559019818,120.91548186736576,122.73136089339826,10529000
2020-02-26,120.78934478759766,122.92468710062471,120.71368638530625,122.19329688952818,10093800
2020-02-27,116.955810546875,121.7056770185899,116.812895981476,119.84776201279473,12566700
2020-02-28,113.05506134033203,115.41737883323735,109.97817089871857,113.79486658398869,19820300
2020-03-02,117.71244049072266,117.80491613637938,112.65992731190443,113.3072568315014,11508200
2020-03-03,113.98822021484375,118.52791672180109,111.89492747323585,117.69563582190735,13662500
2020-03-04,120.62120056152344,120.75571292835207,115.29127309704103,115.74523630033099,10560500
2020-03-05,119.38536834716797,119.94862432410989,117.56108808005095,118.36814926999608,11339200
2020-03-06,119.40225982666016,120.22612594997447,115.51830670322514,116.41783125231302,12239100
2020-03-09,114.70281219482422,117.42661741848785,113.40815294720029,114.61033653427965,13848600
2020-03-10,119.0743637084961,119.33497343879687,112.84489833892914,117.67042435366403,12698100
2020-03-11,110.80203247070312,116.64477730909293,110.54982498123042,116.08992339781413,17763400
2020-03-12,105.43008422851562,112.44978132093216,104.66505943031098,107.02737719311615,21539200
2020-03-13,112.89531707763672,113.42495148497511,104.79113969428695,108.7171342710729,20084200
2020-03-16,106.87604522705078,112.4497721335262,102.92483703653988,103.88321530256003,18877900
2020-03-17,114.82888793945312,114.98021754997492,107.44769222258394,108.06980226085432,18911800
2020-03-18,113.45858764648438,114.05546541565212,108.2043186963209,110.14629444785251,17521100
2020-03-19,106.80879211425781,113.48381808655452,106.05217602947933,113.48381808655452,18482300
2020-03-20,100.78948974609375,107.13664930103678,99.30988579108681,106.6238321305043,19785100
2020-03-23,93.43351745605469,99.67138440089307,91.76896854128148,98.35992084211382,20815200
2020-03-24,100.19258880615234,100.58771079745723,95.72015601115737,99.83950352562942,17604800
2020-03-25,100.37755584716797,104.21106844139928,98.10770780013425,99.96562295514988,13986100
2020-03-26,106.40525817871094,106.85081918907247,101.20142781217253,101.36115965132213,15066800
2020-03-27,103.53854370117188,107.28798992059357,101.3695795537963,102.26911030134922,12133200
2020-03-30,111.81925201416016,112.64313066976929,107.1870928546854,107.99415425688466,21754000
2020-03-31,110.23876953125,114.0890993375941,109.33083032196403,113.48380653140346,15746100
2020-04-01,108.28839874267578,109.48216732312056,105.50573945957753,107.35523989649471,12606100
2020-04-02,111.93694305419922,112.65152877831815,106.95169872157992,108.54899138656826,11594500
2020-04-03,112.7944564819336,113.31567592904545,110.6170902062427,111.2896392905267,10071200
2020-04-06,117.49385070800781,118.51108277571403,113.94616744454967,115.18197247284363,14994400
2020-04-07,115.5771255493164,119.4022367677149,115.39217421460296,117.5779557187758,11567100
2020-04-08,120.43626403808594,121.16766710506,115.42579962323303,115.8041044770158,10758200
2020-04-09,118.72966766357422,122.25213181727612,117.93102130403028,121.06676559713097,11125400
2020-04-13,117.50228881835938,118.94826487921016,115.87976364974358,117.69564235329669,8153200
2020-04-14,122.76494598388672,123.93349492187397,121.10039712014928,122.2521288051841,13838000
2020-04-15,124.13528442382812,124.34545522388426,120.67166091599388,122.36144235824206,11962300
2020-04-16,125.82502746582031,126.67411270746982,123.10962487275467,124.68169803277083,12181700
2020-04-17,127.80067443847656,128.0360647281121,125.76622246216441,127.77545496657336,10920000
2020-04-20,127.50643920898438,128.6245495779864,126.17815800733861,126.88432892634737,12226200
2020-04-21,125.83345031738281,127.48119496943777,124.90030431642458,126.20335296342417,9951100
2020-04-22,128.61611938476562,130.30588789363392,127.55685040886618,128.46478974771992,11515600
2020-04-23,130.73458862304688,131.98721071857605,129.212954679313,129.67533282382394,10665000
2020-04-24,130.18817138671875,131.39875697305612,129.16253708872762,130.7850619678007,8653400
2020-04-27,129.70901489257812,131.1886256439842,129.46522239075338,130.14617378074888,8924000
2020-04-28,127.27102661132812,128.70860049905895,126.69095316238074,127.15333147877412,8558700
2020-04-29,126.3042221069336,127.4727709968406,125.3962829019418,127.26260024090189,9285200
2020-04-30,126.1361083984375,126.46397435077866,123.71494937645978,124.80784016019976,14829600
2020-05-01,124.66488647460938,125.82503321302259,123.40386187296215,125.78299649407323,7309000
2020-05-04,124.64811706542969,125.32906848916319,123.65610409633196,125.06845871739449,7198400
2020-05-05,125.68212890625,126.75820229474118,124.95914089575061,125.26178733800167,6562300
2020-05-06,124.48835754394531,126.37149234462932,124.45472303568314,126.10246758975744,6191600
2020-05-07,124.07642364501953,125.70735101655507,123.68971657767402,125.57283863321449,5570500
2020-05-08,125.00956726074219,125.413091533897,124.32861604110425,125.19451855839759,4712100
2020-05-11,125.3542709350586,126.18655191091064,124.52198995920654,124.79941695115721,5887500
2020-05-12,123.6981201171875,126.38830367380197,123.60564445612542,126.18654792443529,7039200
2020-05-13,123.6897201538086,125.21975686817186,122.74814627100852,122.80700025084921,6970500
2020-05-14,124.11845397949219,124.21933184790164,121.27694095976756,122.22691697997742,6871400
2020-05-15,126.47240447998047,126.50602616954568,122.45393911692317,124.31184212588386,10340400
2020-05-18,126.5396499633789,129.14576041545752,126.48921101940063,128.19579703897935,7388400
2020-05-19,125.27861785888672,127.02724050730683,124.75738553615442,126.18655728178608,6107300
2020-05-20,124.15208435058594,126.43034138482989,123.80741400012394,125.8923046693054,5713400
2020-05-21,123.33665466308594,124.84147215117714,122.58844702660541,124.84147215117714,6487300
2020-05-22,122.21076202392578,123.83606123600156,121.94834573839118,122.38007452002675,6140900
2020-05-26,122.37159729003906,123.9630417027964,122.15150913546329,123.75141400606717,7072300
2020-05-27,122.65096282958984,122.9557072678869,121.05951821662399,122.16845833704602,7950000
2020-05-28,124.41167449951172,125.37669614894071,123.42971901995864,123.60749194444219,6189600
2020-05-29,125.91851043701172,126.42642220042552,123.02344438571154,125.24977243469183,8504000
2020-06-01,124.59789276123047,125.5713747492294,123.59900357276454,124.68253606812425,6141800
2020-06-02,125.4952621459961,125.5799184170038,123.69218949074613,124.4879119379782,6078300
2020-06-03,125.83381652832031,126.24861144158223,123.97149548079474,125.72377891532626,6339500
2020-06-04,124.20854949951172,125.59682695674391,123.23506706255418,124.2678114667219,8170500
2020-06-05,124.6910400390625,126.67187215728491,124.0984850784912,125.0211787254329,9725400
2020-06-08,124.24238586425781,124.95345179120997,123.37048082881503,123.4889918166404,7555600
2020-06-09,123.55671691894531,126.4094540630921,123.29428773179336,125.49522088706081,8247200
2020-06-10,125.11426544189453,127.0019804055533,124.09845533626645,124.09845533626645,10137100
2020-06-11,119.24798583984375,126.27402886315267,119.14640866563201,125.77459053430333,11913300
2020-06-12,120.33151245117188,121.65208023041207,118.74854129120587,120.91560700575819,8687400
2020-06-15,119.56964874267578,120.54313098167655,117.9951381611473,119.35802104578609,8649600
2020-06-16,122.2869644165039,123.09960760805386,120.85635899762562,121.97374661518948,7579100
2020-06-17,121.91448974609375,123.09959970633678,121.44890622002333,122.65941047107658,5100100
2020-06-18,121.39810180664062,121.99911716640936,120.09446810365287,120.64470780515273,4797400
2020-06-19,121.75364685058594,123.48899653026906,121.26266904893177,123.4128007434716,12206900
2020-06-22,121.38118743896484,121.60974897982827,120.22993219309791,121.44890985539587,5285600
2020-06-23,120.93251037597656,121.96525438865363,120.78013174429394,121.67744387147538,5921600
2020-06-24,118.35914611816406,120.36537257847367,117.4279790725568,119.77281760250983,8211200
2020-06-25,118.23214721679688,118.99401459230897,116.42907530315252,118.99401459230897,7421200
2020-06-26,116.65766906738281,118.17293086377389,115.98893111678564,118.11366889870831,12849700
2020-06-29,117.69886016845703,118.25756041650307,116.8015607549632,117.44491725273629,5309800
2020-06-30,119.04483032226562,119.37496905194264,116.68305771118831,118.00361262989641,7738300
2020-07-01,118.8331527709961,119.68812375941353,118.56226320037335,119.09556896958334,6174800
2020-07-02,119.33263397216797,120.06909426852826,118.79086755203608,119.56965597368001,5152200
2020-07-06,121.03409576416016,121.7028464477368,120.1029417480834,120.34842416669842,6156400
2020-07-07,120.92405700683594,121.87214484450826,119.55270090822788,119.68814571838907,5622600
2020-07-08,121.27960205078125,121.38117921017647,119.95057393729036,120.94098999158166,6257400
2020-07-09,120.61933898925781,122.2615592334429,119.00250012120297,120.84788762500774,5738600
2020-07-10,120.51775360107422,120.94100905424003,119.72203128244551,120.83943187883426,4282400
2020-07-13,122.92181396484375,124.13231796275237,121.28804173624383,121.56739179346746,6951900
2020-07-14,125.21585083007812,125.61371185948606,122.96412945443471,123.01493094228165,7447100
2020-07-15,125.503662109375,127.15436818119481,125.47826782366027,126.74803377630492,8512800
2020-07-16,126.34172821044922,126.41791107719436,124.16618940404848,125.8592108876056,9304700
2020-07-17,126.42638397216797,127.46758856392539,125.86768378469665,126.97661078554715,7441100
2020-07-20,126.63801574707031,127.247504531865,125.64758678423199,127.17130874621876,6191500
2020-07-21,126.75653076171875,128.3902903917645,126.55336352142757,126.63801976739796,5575900
2020-07-22,126.98504638671875,127.32365836590387,125.15659336602415,126.91732399088173,5910200
2020-07-23,126.64646911621094,127.69614705721261,126.36711902908802,127.1543807140214,6566300
2020-07-24,125.38516235351562,127.48451821639718,124.46246877873509,127.39986197862368,5405900
2020-07-27,124.58941650390625,126.06234951039481,124.31853984470172,124.75025557502423,5675200
2020-07-28,124.29317474365234,125.27513031185927,124.22545233376957,124.77567915356487,4842200
2020-07-29,124.04768371582031,124.83494545600287,123.64983553358003,123.92071226582122,4489100
2020-07-30,124.3016357421875,124.86033593860572,123.70908079904501,124.8095473601548,5922500
2020-07-31,123.38739776611328,124.81800294807022,121.8636888051146,124.14926516334111,8259600
2020-08-03,124.7333984375,125.10585241974299,123.71757492511861,123.9207422109414,4078700
2020-08-04,124.62328338623047,124.62328338623047,123.43817379070066,124.42858957769182,4162200
2020-08-05,125.62216186523438,126.39248957440667,125.11426327956143,126.21472959027525,5467500
2020-08-06,124.90265655517578,126.3417221639827,124.01381773550061,125.62218290121513,4837900
2020-08-07,125.79149627685547,125.83381147883962,124.56404541783527,124.86878978914545,3635100
2020-08-10,125.30897521972656,126.13855207138027,125.04655897499015,126.01158063577489,4096600
2020-08-11,124.41167449951172,126.3247839682456,123.90376292961108,126.24860110777884,6388400
2020-08-12,126.6888427734375,127.17982071667402,124.85191540395246,124.89423062170634,5257300
2020-08-13,125.2835693359375,126.29091902092301,124.8857083188974,125.74067937853319,5155500
2020-08-14,125.48677062988281,126.41792479685658,124.92807037966041,124.9534646713314,4240200
2020-08-17,126.12165069580078,127.17131583735434,125.47829421112738,125.55449000102234,4306900
2020-08-18,127.05277252197266,127.06124589465558,125.76608571337823,126.35016717580149,4322600
2020-08-19,127.30674743652344,128.3140972661118,126.40098767732687,126.62107581583992,7816300
2020-08-20,128.17864990234375,128.3140947156882,126.59567901115649,126.76497856947289,4874700
2020-08-21,129.31298828125,130.0663823947774,127.47606135089062,128.48341129389772,6722800
2020-08-24,129.65383911132812,130.2929477753722,128.1199887197816,130.15661447576073,5387900
2020-08-25,129.5771484375,130.43782308845996,129.13402945892156,130.1906937916243,3863500
2020-08-26,129.78167724609375,130.07992017412542,128.36711352195516,129.40673139124257,8008300
2020-08-27,130.36114501953125,130.59974459132246,129.4323100434368,129.88394587594883,5575400
2020-08-28,130.9235382080078,130.97466482012797,129.44080144302865,130.1566130208076,5395700
2020-08-31,130.7275390625,131.5711541068018,129.74756472458546,130.3781565680427,6362700
2020-09-01,129.11700439453125,131.2984933511219,127.88139683738264,131.1195371933032,6307700
2020-09-02,131.0854949951172,131.51156758640235,127.18266849862067,128.49496635858938,6881900
2020-09-03,127.43827819824219,132.48297467562062,126.37309702474083,131.93760243489592,8672800
2020-09-04,126.62019348144531,128.63125574178432,125.37606934738939,127.96658383395766,7200100
2020-09-08,125.48684692382812,128.58013691468912,125.18007425529069,128.03476472647796,8756800
2020-09-09,127.56607055664062,128.75908104643577,126.21968024823181,126.24524355133408,6960700
2020-09-10,125.1885757446289,127.63422677014452,124.85623984568184,127.18259113831124,6191800
2020-09-11,125.92998504638672,126.56909378616851,124.9500235131349,125.30792284708862,3934700
2020-09-14,126.41571044921875,127.3701086468172,126.12597127977617,126.2197077458046,4375800
2020-09-15,126.87584686279297,128.3244905148621,126.56055742750047,127.35304590086763,3658800
2020-09-16,126.45826721191406,127.8728305226256,126.41567037943045,127.30189513876648,4323000
2020-09-17,125.41015625,126.65429345452685,124.45575817706886,126.15151811003055,5461400
2020-09-18,127.12297821044922,127.52348737971953,124.58358988400991,124.84775273976264,12174000
2020-09-21,123.64623260498047,126.0577912766851,121.82264300348716,125.75954835748217,7574500
2020-09-22,122.88782501220703,123.85926970388576,122.4702693191514,123.2968509343087,5295900
2020-09-23,123.08383178710938,125.73400338439664,123.03270516508799,125.67434699023741,8784400
2020-09-24,123.27979278564453,123.77403835454415,122.14643858496586,123.18605633287568,5614800
2020-09-25,124.12340545654297,124.62616773050084,122.61510563197258,122.70884207310853,5531200
2020-09-28,125.35904693603516,126.36457175837025,124.77106482686958,125.03522768688302,5843200
2020-09-29,125.31641387939453,126.0492589372792,124.4642690680262,125.77657935904426,6768600
2020-09-30,126.86734008789062,127.5916554696264,125.12895716632555,125.64876608860634,8487700
2020-10-01,125.5379638671875,127.52344958248742,124.8051189026168,127.23372350416082,6457800
2020-10-02,124.61767578125,126.4668286676411,124.26829324901084,124.59211247427635,5485600
2020-10-05,126.3134536743164,126.44128322994955,124.77107325633207,125.2653189321709,4992800
2020-10-06,124.63472747802734,126.63727350075185,124.30239143624554,126.35606408036705,5118200
2020-10-07,126.01519012451172,126.31343303351763,124.25124396608909,124.8307092509933,5603100
2020-10-08,126.87584686279297,127.69391164427711,126.15151853540911,126.54351088965535,4413500
2020-10-09,128.64834594726562,129.08293526445533,127.3530817629658,127.52350818131262,5054100
2020-10-12,129.3896484375,130.49743915069462,128.69089654322713,129.1851420307354,7273200
2020-10-13,126.42422485351562,127.92399527922197,125.9214624554476,126.96959709947248,11057600
2020-10-14,126.20269012451172,126.99517879866917,125.59766140335235,126.8162356154022,7706400
2020-10-15,125.42717742919922,126.03219287000505,124.69433248487817,125.67429366501514,5978600
2020-10-16,126.20269012451172,126.76509598890976,125.27384211574295,125.77661758932119,6097000
2020-10-19,122.98155212402344,126.88436413053233,122.81964252060303,126.569074693997,7250800
2020-10-20,123.17754364013672,124.20011488427019,122.81111458439209,123.2712800960064,5325400
2020-10-21,122.6491928100586,123.85072007898926,122.63215927628049,122.81110239983333,5221300
2020-10-22,123.62918090820312,124.14898980577323,122.57251657468552,122.84520917792838,5279700
2020-10-23,123.7655258178711,125.6658052405641,123.00711740234259,124.3108980155242,4154400
2020-10-26,122.6833267211914,123.36504537747102,121.64370869597289,123.07530617172843,6929500
2020-10-27,121.98455047607422,122.9559952474224,121.78856076855416,122.48732590370496,4890100
2020-10-28,117.90274810791016,120.98750794146635,117.7493552915366,120.51882572851518,8426100
2020-10-29,116.90577697753906,118.19251127240042,115.93433217814348,117.59601236096472,7205400
2020-10-30,116.83759307861328,117.2040091610002,113.88916586918648,116.47116399352647,7364100
2020-11-02,118.18400573730469,118.45668540729469,117.16143422011318,118.43112209456757,7088000
2020-11-03,118.02204895019531,120.11833077547936,117.40850368439008,119.31731262275048,6363000
2020-11-04,118.78899383544922,121.46472830081255,118.19249500610694,118.86569675848551,10263500
2020-11-05,119.09575653076172,120.85970256676411,118.66968411658122,119.7689582266779,8016200
2020-11-06,121.21765899658203,122.0186775934069,119.00207619696876,119.64118511962208,5942500
2020-11-09,124.4813461303711,126.96109126018445,123.49285478613811,126.48387912652979,12351600
2020-11-10,126.35602569580078,126.75653477867861,124.63468961637037,125.47831762124656,7386500
2020-11-11,125.94699096679688,127.13998836188043,125.14597285751374,127.11442506074981,6382400
2020-11-12,126.37310791015625,126.67135086280649,125.05228054070233,125.78512577130444,4710300
2020-11-13,127.7365493774414,128.17115171408142,126.46686145953142,127.0463139047811,5893500
2020-11-16,128.54603576660156,128.92949828873037,127.65128121317,128.6056791353922,6266400
2020-11-17,127.2678451538086,128.35858957820258,127.07184246619308,127.82173413397615,7297700
2020-11-18,125.58058166503906,127.61720732477714,125.58058166503906,126.85879893272484,6661000
2020-11-19,125.38460540771484,125.65729802862816,124.06377815590312,125.5209517181715,7987700
2020-11-20,124.71993255615234,126.06632310675337,124.5239428628806,125.30791463866733,6354900
2020-11-23,123.44998168945312,125.28624285879808,122.7377851625647,125.28624285879808,7318300
2020-11-24,123.44998168945312,124.21366009415613,123.22688918790607,123.56153448675231,11034800
2020-11-25,123.2869644165039,123.70742163309028,122.58335683197008,123.61303381275674,7594600
2020-11-27,123.56153106689453,124.12785789328336,122.89224048772627,123.9905641608768,3059000
2020-11-30,124.14501953125,124.29947826558993,122.75495638745059,123.75889233497816,15663200
2020-12-01,126.5218734741211,127.96343166830563,125.15755119775287,125.52651342254755,9738200
2020-12-02,127.1139144897461,128.46108458277476,126.736363302068,126.86508107589458,7745500
2020-12-03,127.85186767578125,128.34954765803437,126.72780301459383,127.0281183378671,7310500
2020-12-04,128.94163513183594,128.9759520251722,128.08356877484,128.52975385347932,6747100
2020-12-07,127.82611846923828,128.6327027644116,127.43140226985852,128.15218780381065,6634700
2020-12-08,130.03993225097656,130.54618815505214,128.32379989027228,128.70992705282057,8339800
2020-12-09,131.3699493408203,131.71317060680943,130.2201306043475,131.13826778509903,8440100
2020-12-10,130.6405792236328,131.2669638848905,130.15147520394382,131.12968324332184,7392900
2020-12-11,131.24122619628906,131.63594241983293,129.76535124520566,130.0227737307298,5977400
2020-12-14,127.91194915771484,131.69601157615128,127.84330228279966,131.49865999392802,8547300
2020-12-15,129.1990203857422,129.35346600078074,128.3066242997981,128.7099164186873,7612600
2020-12-16,128.42674255371094,129.49932510302673,128.3237788187522,128.88151650717694,8486100
2020-12-17,131.81614685058594,132.04782842824676,128.67563399953758,128.78717372036792,9920300
2020-12-18,132.57981872558594,133.0860877911144,130.1429135864675,131.84188118705822,17137200
2020-12-21,131.30128479003906,131.63593006188856,128.75282729939653,130.4346296065709,7893400
2020-12-22,131.0438690185547,132.0563808337194,130.30593157461817,130.76928155427555,4699500
2020-12-23,130.37457275390625,131.79896570335939,130.34024277584334,131.11251016565484,4607300
2020-12-24,130.82936096191406,131.3184519114549,130.27162314184872,130.29736408166394,2114900
2020-12-28,131.44715881347656,132.0306375250172,130.6834804451068,131.55871160546846,3855500
2020-12-29,132.26234436035156,132.94021100409492,131.9706049487685,132.23660341774442,5212000
2020-12-30,133.90122985839844,134.184393268649,132.65703651739506,132.77716525873916,5412800
2020-12-31,135.04244995117188,135.28270741696457,133.09463619566327,134.31308851305482,5099900
2021-01-04,134.28736877441406,135.04247126784233,132.2537559418561,134.92234251598347,11765900
2021-01-05,135.8661651611328,136.22655130429985,133.06029881225052,134.07281039166537,9602300
2021-01-06,137.14471435546875,137.48793557832317,134.47612810466683,134.9223261688179,8230100
2021-01-07,137.60809326171875,138.17442018230173,135.87480870073907,136.4325465784612,7747200
2021-01-08,137.32489013671875,138.23445118269026,137.18760951418193,137.72818224309734,8228900
2021-01-11,136.75003051757812,138.42327038073486,136.23519856149824,137.7711315727588,7066200
2021-01-12,135.68600463867188,136.99884480217332,134.99954909930597,136.56122268563925,6903200
2021-01-13,135.48007202148438,135.96917604096916,134.50187707556594,135.77181138764135,6643100
2021-01-14,137.8483428955078,138.96383168014722,136.95595972362773,137.67673225780615,10030800
2021-01-15,137.54798889160156,138.50044272014586,136.526888208661,137.54798889160156,7630800
2021-01-19,139.676025390625,139.89911790574092,138.2344803519336,139.00673475222513,9057600
2021-01-20,139.33282470703125,140.8430168411138,138.83514462927525,140.03643233899385,6839900
2021-01-21,138.77500915527344,139.41855864897278,137.34204052046866,138.42321204943426,6818000
2021-01-22,140.33676147460938,141.71824889382623,138.89520312309634,139.31566037000724,8137000
2021-01-25,142.42184448242188,142.51623230157918,140.43113742344912,141.5895191025037,9924400
2021-01-26,146.2831268310547,149.00319520167542,145.34783778520165,145.61383622089824,14205700
2021-01-27,144.05215454101562,146.66066996823008,143.68317927509383,145.11614822505337,14207300
2021-01-28,145.1504669189453,146.6091766934557,143.983496480727,144.32671768894716,8944400
2021-01-29,139.9763641357422,142.43901030485026,137.76255144056069,140.94597018213165,22505900
2021-02-01,139.61598205566406,141.84694671760147,139.5215942331132,141.84694671760147,9971400
2021-02-02,138.36322021484375,140.43116357868263,138.30314927644045,140.19090601118035,11443300
2021-02-03,137.71963500976562,138.59486626279815,136.92163967100956,138.09718625982092,8601900
2021-02-04,138.99815368652344,139.08395245392416,137.08465656145944,138.14866340303107,7758100
2021-02-05,141.10902404785156,141.9585145406143,140.60276798840172,141.4608344321017,9495300
2021-02-08,141.51229858398438,142.37036492011796,140.61991535534887,141.6066864046812,6035300
2021-02-09,142.67068481445312,142.94525921715316,141.55519602580043,141.75254760521474,5544200
2021-02-10,143.13401794433594,144.1036369212612,142.18156395713126,144.06073099348515,5921300
2021-02-11,142.490478515625,143.62313224341813,142.09577537512874,143.2970628806198,4871300
2021-02-12,142.9366912841797,143.1683728600828,140.72287857446383,141.066099870351,4413100
2021-02-16,141.64102172851562,143.33998947203727,141.27204638168428,142.93669723141062,5656100
2021-02-17,142.14727783203125,142.51624008603847,141.03178893371143,141.55520994252782,6676700
2021-02-18,142.21591186523438,142.57629813649433,140.98029431059877,141.54662120531552,5189100
2021-02-19,139.84759521484375,142.40464136208072,139.78753740228356,142.0957370734973,8190900
2021-02-22,139.76129150390625,140.3397792547044,138.39709120028067,139.76129150390625,6447100
2021-02-23,138.52659606933594,140.90099231337612,138.49205201886613,139.4245437611253,7042800
2021-02-24,140.38291931152344,141.93707201997347,138.94101499095112,140.21886802914628,10286100
2021-02-25,140.5297088623047,141.34132273474881,139.86488743461695,140.84918202626966,9719700
2021-02-26,136.8170623779297,140.2275568621066,136.39398330886962,139.8735527333848,14417500
2021-03-01,137.5595703125,139.4677140545235,137.36097496356768,139.39863912985504,10551400
2021-03-02,137.3005828857422,138.82019214980838,136.93794930595476,137.9567751004006,7610900
2021-03-03,134.88294982910156,137.1969001223106,134.7448000034702,136.6356845708854,8499600
2021-03-04,132.1632080078125,134.7793597016151,130.7817359404283,134.68438333229875,11033200
2021-03-05,134.7793731689453,135.28878593950049,132.21502411586508,132.94892052055593,8331600
2021-03-08,135.9017791748047,137.56818020593875,134.675729079075,135.5564177751909,6546700
2021-03-09,136.1608428955078,138.79426708319195,135.4614773124024,135.4614773124024,7461300
2021-03-10,137.4127960205078,138.06035870330888,135.86728554775573,137.12788003380828,6635600
2021-03-11,137.40415954589844,138.69065541929416,137.21420678137838,137.74952102246445,6305600
2021-03-12,137.8013153076172,138.41433380777613,137.44731128657116,137.52501563030506,5474800
2021-03-15,138.50933837890625,138.71656317908636,136.85157950155445,137.93085063327018,5524100
2021-03-16,139.32957458496094,139.59723170380684,138.35392249123515,138.54387525455078,6369100
2021-03-17,138.81150817871094,139.64038084262052,137.74086671524316,138.8633110733686,6001400
2021-03-18,138.55250549316406,139.43319438509488,138.11216763454658,138.32802185097208,4801800
2021-03-19,138.1812286376953,139.44182305162255,137.68908787776667,138.74245750216326,14891500
2021-03-22,138.5784149169922,138.70792218441915,136.4198726285655,136.68752976437895,7544100
2021-03-23,138.44891357421875,139.18281007887154,137.17968960033417,138.328035727882,7178300
2021-03-24,139.79583740234375,140.28797819844752,137.9912991921354,138.23305487701035,6370100
2021-03-25,139.84764099121094,140.2620774280591,138.69929489511165,140.25344800166317,6269800
2021-03-26,142.40335083007812,142.5501433048894,139.33823120615145,139.95124986105793,7619200
2021-03-29,143.36175537109375,144.21654295881933,141.2809303777526,141.45361114580982,8535100
2021-03-30,142.47242736816406,143.03365629517612,141.79896319550738,142.4810699695425,7236300
2021-03-31,141.90260314941406,142.80055112069195,141.3413741395036,142.42928809810277,8281500
2021-04-01,140.5901641845703,141.46221044106366,140.09801026700498,140.39158200233823,7229700
2021-04-05,141.1082305908203,142.2479473272516,140.44340900259962,141.2895539533244,7387100
2021-04-06,141.07366943359375,142.04933462663945,140.73693741094797,141.66942912935812,5074200
2021-04-07,141.26364135742188,141.84212910691727,141.01325625005984,141.21183845070536,4608000
2021-04-08,140.7110595703125,141.69535435355732,140.60745375355944,141.60037796330138,5039400
2021-04-09,139.22601318359375,140.67654764825522,137.956788939665,139.97718187602916,8418300
2021-04-12,139.56271362304688,139.94261918451247,138.44026896636134,139.08783167121487,5022800
2021-04-13,137.69773864746094,138.08627366019738,135.15066114763556,135.43559033689505,18424100
2021-04-14,138.07763671875,138.2416880467925,136.02270016697076,136.2730984596768,7718300
2021-04-15,138.48345947265625,140.2102935645528,138.34530958337686,138.768388678783,7524600
2021-04-16,140.08078002929688,140.31389313552202,138.63023260596157,139.30369681778575,9049400
2021-04-19,140.4693145751953,140.83194813613483,138.87198784693268,140.30526323638264,8353500
2021-04-20,143.7416229248047,144.8726968071465,139.01010262379137,139.01010262379137,14050700
2021-04-21,143.83660888671875,144.11290860066543,142.7141643545275,143.64665612705429,6333200
2021-04-22,142.61920166015625,143.56896554961608,142.13569028904826,143.18905999383216,7233000
2021-04-23,142.9127655029297,143.37900482072973,141.60036815791702,142.05797804981754,6015300
2021-04-26,141.7039794921875,142.8177946873673,141.39314887663693,142.64511393977176,6027800
2021-04-27,140.89236450195312,141.52266832958307,140.27934587606748,141.39314788876894,6217700
2021-04-28,139.8562774658203,140.90964722586338,139.57134828403514,140.61608861724744,7448000
2021-04-29,141.7730255126953,141.82482840893954,139.70946003923942,139.78716438360576,6394300
2021-04-30,140.50384521484375,141.88531768957768,140.3225350220374,141.7298957781886,9079100
2021-05-03,142.64512634277344,142.74010273841367,140.84057482560914,141.25502446551067,6594100
2021-05-04,144.85543823242188,144.92451315643513,142.17884091936065,142.31699076738715,10179500
2021-05-05,144.25106811523438,145.3994010009565,144.00929926199686,144.6223310591738,7792300
2021-05-06,144.82952880859375,144.95903604980393,143.53440369771647,144.009272365283,5529900
2021-05-07,145.48573303222656,146.07285014138134,144.90724534831406,145.31305230451605,5316200
2021-05-10,147.0139923095703,148.10189280930643,146.11603139814417,146.69451911286308,8357500
2021-05-11,145.81381225585938,147.53200300690477,145.29575698110315,147.3420502844737,8217900
2021-05-12,145.2266845703125,146.60815654368798,145.0108303978909,145.52024308287952,6758300
2021-05-13,146.746337890625,147.38525794640125,144.16471669115444,144.16471669115444,8018600
2021-05-14,146.9708251953125,148.17097415461566,146.92765171554262,148.05872574215326,5797700
2021-05-17,147.1175994873047,148.41272478821108,147.0485245569595,147.1262289130869,5722600
2021-05-18,147.16941833496094,147.96376035794157,146.37507631198028,146.7636113094049,5846000
2021-05-19,146.84994506835938,146.9190199999755,145.08856724888864,146.70316577918615,5533800
2021-05-20,147.70474243164062,148.153709755212,146.51322283706955,146.72907707233549,4853200
2021-05-21,147.60977172851562,149.14665288884922,147.53205418805572,147.92923179311495,6501800
2021-05-24,148.1744842529297,148.86952991387292,147.49681837915568,148.4785576154782,5195100
2021-05-25,147.76612854003906,148.59148936821003,147.47073847638072,148.2787195193683,7444700
2021-05-26,146.88864135742188,147.76612828272314,146.2022790412377,147.69662239900248,5726400
2021-05-27,146.6627655029297,147.84433918626914,146.2891862369612,147.05372455660878,8114700
2021-05-28,147.04502868652344,148.57411845163904,146.97552279853284,147.27960940138018,6400800
2021-06-01,143.81307983398438,147.87039164723797,143.6827645777239,147.82694880952022,10448400
2021-06-02,144.39515686035156,144.85562171160063,143.4481641101896,143.61323891665455,6806000
2021-06-03,144.25619506835938,145.22056793662932,143.96950144475355,144.12587978490217,5808800
2021-06-04,144.19534301757812,145.58543416194016,144.10845734972114,145.09889298158927,6510300
2021-06-07,143.21360778808594,144.49944689040902,143.03116642340183,144.22142332550894,5362800
2021-06-08,141.95382690429688,143.92601488868186,140.80701298746592,143.59586526166026,7746800
2021-06-09,143.8651885986328,144.03026340793068,142.1884039713255,142.47511075743896,5552600
2021-06-10,145.15972900390625,145.59413086951875,144.17797654541624,144.22141938335605,6463100
2021-06-11,143.31785583496094,145.15971532944383,142.67493636193782,145.151032065431,7389900
2021-06-14,143.67410278320312,143.75230521275435,142.39695993558396,142.91824760041072,4931300
2021-06-15,142.90956115722656,144.0998182819547,142.82267546272124,143.55246757174157,5062900
2021-06-16,142.8573760986328,144.00420326623288,142.0320152923766,143.17884245997666,6988500
2021-06-17,143.5437774658203,143.96079961440614,142.04943373841806,142.64891053401368,5874700
2021-06-18,140.7288360595703,142.64889829398047,140.56376121617697,141.849600387402,12993000
2021-06-21,142.3447723388672,142.70966824388154,140.96337785769353,141.41515942161666,6592300
2021-06-22,142.1536407470703,142.51853666813372,141.8582507048129,142.23184314628386,5627800
2021-06-23,141.2935791015625,142.2145090923139,141.1632505655592,142.2145090923139,4493400
2021-06-24,141.93643188476562,142.65754042292295,141.44122075427813,141.84955948379962,4549200
2021-06-25,142.66624450683594,143.16145566357895,141.51941739540447,141.56286022663582,10963800
2021-06-28,142.50120544433594,143.41345210143982,142.0668035368478,142.86610145579866,5604000
2021-06-29,142.5098876953125,143.03985854895032,141.97123357606864,142.48382464160034,3749500
2021-06-30,143.12672424316406,143.32654537934798,142.1970979342832,142.4838047419691,6151700
2021-07-01,144.18666076660156,144.23009034394354,143.0311503118215,143.126719244379,6320200
2021-07-02,146.81040954589844,147.08843302509175,143.90860908048626,144.238758647806,9059900
2021-07-06,145.93296813964844,146.70620295318645,145.08154416962634,145.8808420353257,6098500
2021-07-07,147.1840362548828,147.26222540530227,145.50723824016472,145.50723824016472,6293500
2021-07-08,146.8973388671875,147.22748853265458,145.59413324905088,146.56718920172042,5755500
2021-07-09,147.47943115234375,148.01808521537788,147.0363460285795,147.14928149724918,6120900
