Date,Close,High,Low,Open,Volume
2016-07-01,33.02104187011719,33.23327885151555,32.984449960996294,33.17473235527887,11799700
2016-07-05,33.247920989990234,33.42356329592847,33.04300403580092,33.05032130197163,12339100
2016-07-06,33.13080596923828,33.335722804553164,32.874657133312176,33.29913091135872,10902600
2016-07-07,32.99909210205078,33.31378759165794,32.91127094897887,33.24060097094458,9741100
2016-07-08,33.21133041381836,33.313788895041576,32.98445606840678,33.15278111495696,11127100
2016-07-11,33.35037612915039,33.49674656397191,33.01372608330959,33.18936837166834,10937800
2016-07-12,33.357704162597656,33.45284259496411,33.06496322295677,33.401613349294635,9739000
2016-07-13,33.474796295166016,33.489430827931024,33.247921952329605,33.379655081488266,8028400
2016-07-14,33.438194274902344,33.621156604076916,33.35769319516375,33.46746891759833,7621200
2016-07-15,33.39429473876953,33.5918944463107,33.25524154173071,33.57725712073901,10621000
2016-07-18,33.39429473876953,33.44552398237823,33.28451619287409,33.43820392370019,7958300
2016-07-19,33.39429473876953,33.45284124927188,33.24792427483707,33.269878867302396,7761100
2016-07-20,33.30645751953125,33.49673988439019,33.218636392864276,33.48210256464848,8478200
2016-07-21,33.2625617980957,33.30647098328733,33.12350860023046,33.182057902865175,8045100
2016-07-22,33.54066848754883,33.5479857551591,33.26988212562944,33.29915677963985,8836100
2016-07-25,33.35037612915039,33.54065853195351,33.27719230763155,33.52602120929298,9134300
2016-07-26,32.84540939331055,33.40893389568076,32.80881747326771,33.321109937436496,15819900
2016-07-27,31.76226806640625,32.245288604200255,31.54271099231284,32.12819280084972,37461100
2016-07-28,31.945234298706055,31.974506159247188,31.630538765666692,31.667130685181487,13077800
2016-07-29,31.930601119995117,32.01842229659458,31.82082255540713,31.996467700390934,16530500
2016-08-01,31.798860549926758,32.076964134774705,31.784223225273266,31.97450286220025,12349700
2016-08-02,31.85739517211914,31.893989865993063,31.696390244563226,31.725662091165916,12825200
2016-08-03,31.937915802001953,31.981827782638405,31.74031607681489,31.95255312888077,12119100
2016-08-04,31.84276580810547,32.055002801750746,31.762264720107762,31.87936051112173,11244100
2016-08-05,31.82080841064453,32.018408063996375,31.76957918108483,31.94522424799212,10398200
2016-08-08,31.791542053222656,31.850091354712415,31.63053705769453,31.784224786428613,8680300
2016-08-09,31.813478469848633,31.937891465840906,31.747611944975514,31.8354330475455,7281300
2016-08-10,31.915956497192383,31.974503004282298,31.83545260713255,31.937911088378073,8412100
2016-08-11,32.01842498779297,32.10624617177394,31.92328374327227,31.996470389744,11303300
2016-08-12,32.223331451416016,32.34042725560124,32.04768914103027,32.13551029622314,10928900
2016-08-15,32.37702941894531,32.442895998454645,32.2087015443666,32.27456812387592,10390600
2016-08-16,32.07696533203125,32.384340785874606,32.07696533203125,32.384340785874606,9706100
2016-08-17,32.245296478271484,32.252613746362144,32.04037667852996,32.20870176246363,11208500
2016-08-18,32.27456283569336,32.391658647658836,32.201379000134075,32.208696266976254,9144300
2016-08-19,32.1428337097168,32.245295000785184,32.011103347626886,32.237974941245085,9385900
2016-08-22,32.0110969543457,32.16478467257657,32.00377689626757,32.15746461449844,8687500
2016-08-23,32.09159469604492,32.18673589862602,32.0110936080897,32.09159469604492,8421100
2016-08-24,32.09159469604492,32.15746125294201,31.952544316721685,32.06964010767385,11508900
2016-08-25,31.959867477416992,32.15746718455655,31.930595618117504,32.09160061551003,9815700
2016-08-26,31.703723907470703,32.14283254326119,31.69640663998086,31.996464859187444,11824900
2016-08-29,31.864728927612305,31.91595817092162,31.711041197684363,31.718358464535246,9544600
2016-08-30,31.645172119140625,31.857406342396672,31.557348173188995,31.8061771031503,9720100
2016-08-31,31.78422737121582,31.806181965167717,31.528081135828444,31.78422737121582,10217900
2016-09-01,31.72566795349121,31.76957991918414,31.615892226934417,31.623209491991393,8457800
2016-09-02,31.95254135131836,32.076957188036864,31.8134909848999,31.850082892717012,9026000
2016-09-06,32.04769515991211,32.05501242764236,31.76227425809219,32.01110323769143,8600400
2016-09-07,31.937915802001953,32.05501162524784,31.857411900060782,31.99646510951722,8656600
2016-09-08,31.930601119995117,32.003784968530525,31.79886795920348,31.959872984338357,10020400
2016-09-09,30.935274124145508,31.784219306900283,30.935274124145508,31.784219306900283,23624200
2016-09-12,31.608579635620117,31.637854286329688,30.986508662855666,31.001145988210453,15932300
2016-09-13,31.195390701293945,31.556927935101683,31.143742927120353,31.556927935101683,12962700
2016-09-14,31.069961547851562,31.29130955603859,30.981422907495276,31.188014006524153,9823900
2016-09-15,31.25442886352539,31.276562827170746,30.900271372231966,30.996187091090874,10158500
2016-09-16,31.092092514038086,31.18063114587925,30.966663020145802,31.11422646835029,16354000
2016-09-19,31.06258201599121,31.26179606985382,31.047827921268937,31.10685274393601,7659900
2016-09-20,31.239667892456055,31.37985433499315,31.16588614682457,31.217533931685246,8407200
2016-09-21,31.379840850830078,31.438868473645183,31.06257441467883,31.19538375142084,13654700
2016-09-22,31.697113037109375,31.734003900765146,31.497898995857227,31.51265590423803,9288300
2016-09-23,31.534805297851562,31.682368811546027,31.46840059085161,31.586453090563346,8852700
2016-09-26,31.02569007873535,31.520036672642345,30.99617626112455,31.512656810943362,15036000
2016-09-27,31.42411994934082,31.453633768620257,30.98880096604364,31.128987385731886,11920400
2016-09-28,31.09946632385254,31.549539256648554,31.01092489464746,31.453623596897433,15523800
2016-09-29,31.01093864440918,31.276557420611983,30.87812925630778,31.003561596000463,12671700
2016-09-30,31.22490882873535,31.357718213394815,31.033074614556675,31.14374722537757,14375700
2016-10-03,31.01093864440918,31.21753258956306,30.90764307912877,31.21753258956306,11152800
2016-10-04,30.870744705200195,31.239658957024005,30.826473981728082,31.239658957024005,13682700
2016-10-05,30.848613739013672,31.040447930124067,30.745315374239073,30.937152379942113,9607300
2016-10-06,30.774829864501953,30.944530102732628,30.678914174149423,30.752695907434862,9722900
2016-10-07,30.78958511352539,30.944528433823994,30.6715326578799,30.863369657424172,8122800
2016-10-10,30.78958511352539,30.981422113069662,30.693666613753255,30.929771525044238,8983600
2016-10-11,30.649396896362305,30.767449345052988,30.54610135558201,30.737935529232217,12249100
2016-10-12,30.82647705078125,30.870747778660913,30.619885949861473,30.71580445297108,12216300
2016-10-13,30.811723709106445,30.907642223322235,30.627266543472302,30.730564920485527,17655600
2016-10-14,30.745304107666016,30.922384139224814,30.708413255347153,30.87811342768721,9893800
2016-10-17,30.693679809570312,30.885516891589123,30.67154584418113,30.789598350579716,10792500
2016-10-18,30.96666145324707,30.9887954064393,30.789581383932553,30.848609011901466,11297300
2016-10-19,31.02569007873535,31.07733785225798,30.848612802255655,30.937151440495505,16367400
2016-10-20,30.937150955200195,31.069960317772935,30.90763713805236,30.966664772348032,10620500
2016-10-21,31.084712982177734,31.114223980703752,30.752689621078883,30.87811910494282,14401500
2016-10-24,31.40198516845703,31.556928493720605,31.173257296930345,31.224905072018203,13439200
2016-10-25,31.387226104736328,31.638087915626084,31.306064516714283,31.461007831342304,16484700
2016-10-26,31.313446044921875,31.748765049219145,31.291312086690898,31.72663109098817,16886200
2016-10-27,31.07734489440918,31.468396029883422,30.915024489952952,31.45363911773409,14537000
2016-10-28,31.158493041992188,31.335573096683994,31.06257456175946,31.18062699335667,13398400
2016-10-31,31.28392791748047,31.291304963680567,31.077334034178985,31.077334034178985,13327500
2016-11-01,31.07734489440918,31.306072810833992,30.922401538731016,31.283938849906598,12223400
2016-11-02,31.02569007873535,31.239661034524836,30.99617626112455,31.062580943452577,12034300
2016-11-03,31.01093864440918,31.15112789551236,30.959290861768977,31.15112789551236,11258000
2016-11-04,30.760074615478516,31.018316325103893,30.760074615478516,30.878127083863788,14464200
2016-11-07,31.32821273803711,31.357726567956508,31.01832596766465,31.01832596766465,14038500
2016-11-08,31.638086318969727,31.711868041852213,31.26179221432903,31.26179221432903,12036600
2016-11-09,31.18802833557129,31.224919218119524,30.767466082414757,30.81173401563507,21351000
2016-11-10,30.20669937133789,31.18063281758379,30.14029469024874,30.885503090759507,33245500
2016-11-11,30.27310562133789,30.346890167812244,29.97797587921844,30.214080798751063,13421000
2016-11-14,30.37640380859375,30.56086096890222,30.140298868566344,30.346892802035,19514200
2016-11-15,30.57560920715332,30.6346368327143,30.376395192773174,30.383775053264348,16554000
2016-11-16,30.442808151245117,30.73056368229832,30.369026413801446,30.546106524096274,12681400
2016-11-17,30.339508056640625,30.472317415855947,30.250969422027893,30.457560507655085,12398800
2016-11-18,30.184574127197266,30.398545140747487,30.177197078099436,30.27311278933782,16345300
2016-11-21,30.516586303710938,30.51658630371094,30.051753574434894,30.18456292565662,12307000
2016-11-22,30.523971557617188,30.767456371858053,30.42805585618263,30.58299920273971,12743500
2016-11-23,30.339508056640625,30.479697277252605,30.273103377032964,30.413292597644944,9281300
2016-11-25,30.642011642456055,30.678905313035333,30.42804355189248,30.538716119854627,7402300
2016-11-28,30.80434226989746,30.83385608769419,30.45018490011442,30.62726217770965,19424400
2016-11-29,30.618324279785156,30.893627970174993,30.610882028527826,30.893627970174993,11421900
2016-11-30,30.023067474365234,30.655525393463442,30.023067474365234,30.50671159847639,22410400
2016-12-01,29.889137268066406,30.052832736935542,29.673360231742006,29.993308918138645,20409900
2016-12-02,30.030517578125,30.127246995919116,29.904024825873027,29.985872576438222,11176300
2016-12-05,30.223970413208008,30.27605482386613,29.993311691261322,30.015632770575518,15977800
2016-12-06,30.186763763427734,30.335577562510135,30.07515270451915,30.32069589876318,11303500
2016-12-07,30.722503662109375,30.722503662109375,30.142129914977097,30.16445383804369,13726500
2016-12-08,30.491838455200195,30.66297337381853,30.395109035672316,30.558804539736748,13077100
2016-12-09,31.25078582763672,31.41448132835129,30.722499415096884,30.878752663022,28125800
2016-12-12,31.176372528076172,31.258217419563707,31.04244039526082,31.25077800702378,17561900
2016-12-13,31.07221031188965,31.221024153325764,30.90851764085907,31.042449814312782,18986000
2016-12-14,30.6629638671875,31.24333736603008,30.551355653154406,31.168929051621046,17937900
2016-12-15,30.915956497192383,31.109415339081085,30.581126069606466,30.581126069606466,14265300
2016-12-16,31.057329177856445,31.07220800634691,30.863870346827664,30.960599762342056,19675200
2016-12-19,31.005226135253906,31.101955501509106,30.938262925984482,31.02010779455365,8687300
2016-12-20,30.997798919677734,31.042443915140808,30.834103441367194,31.02756224998645,10603500
2016-12-21,30.93083381652832,31.124292631219827,30.893631071668413,30.953154895766765,9693600
2016-12-22,30.915956497192383,30.96804091499598,30.566247240280774,30.930838164905968,11894100
2016-12-23,30.953157424926758,31.02012350650134,30.767140847040448,30.96803909176419,6436600
2016-12-27,30.960601806640625,31.072210058014864,30.90851738832173,30.923399056182546,6999200
2016-12-28,30.796916961669922,31.005254707080265,30.796916961669922,30.871325326737118,8988000
2016-12-29,30.953157424926758,31.02012350650134,30.789464766490457,30.789464766490457,6875300
2016-12-30,30.848983764648438,31.13172971350752,30.767136029053393,31.020118648898407,11470200
2017-01-03,31.10197639465332,31.109418648495765,30.715061508103865,30.8787570319793,14711000
2017-01-04,30.9903621673584,31.228463153498456,30.94571716806177,31.161497073747338,9959400
2017-01-05,31.06477165222168,31.14661940892051,30.901076138824013,30.997805563866997,8968300
2017-01-06,31.057329177856445,31.109413592736257,30.908515347462245,31.02756584410006,10246600
2017-01-09,30.74481964111328,30.938278470826468,30.66297189303368,30.67785355981067,14822500
2017-01-10,30.536483764648438,30.834108602389936,30.402551594229006,30.834108602389936,19706800
2017-01-11,30.543916702270508,30.59600110879018,30.380224069660372,30.395102895762612,9266200
2017-01-12,30.469520568847656,30.536486660407732,30.357909470118148,30.51416273762894,8541200
2017-01-13,30.417436599731445,30.536487115569628,30.276062160781727,30.506723777013036,8123500
2017-01-17,30.67041778564453,30.729941621429198,30.35790842301386,30.387671760100222,12469400
2017-01-18,30.722503662109375,30.789469754532785,30.610892561940965,30.69274032361271,10390500
2017-01-19,30.610891342163086,30.722502437884035,30.5290435837528,30.610891342163086,10987100
2017-01-20,30.74481964111328,30.834106803387524,30.603448064313422,30.70761689336466,14695400
2017-01-23,30.82666015625,30.878744558554914,30.662964698499106,30.737373014925442,11628900
2017-01-24,31.176372528076172,31.228456931016915,30.856423859504726,30.856423859504726,17040100
2017-01-25,31.340068817138672,31.436798221800377,31.17637617661972,31.206136668649357,12538200
2017-01-26,31.10941505432129,31.332634391206035,31.094533386743926,31.273107720896576,8976800
2017-01-27,30.841554641723633,31.21358786336472,30.819230718321172,31.183824524420256,12967400
2017-01-30,30.789459228515625,30.86386471093205,30.66296650234305,30.729932571872716,11626200
2017-01-31,30.93083381652832,31.020120971869595,30.774580585084212,30.796901664322657,12678000
2017-02-01,30.70017433166504,30.997801987432673,30.692734917545305,30.89363315943031,11136100
2017-02-02,30.804346084594727,30.871312165411194,30.692735003771393,30.81178549873536,9459700
2017-02-03,30.90850830078125,31.09452483676806,30.848981646839672,30.93827162775204,11882400
2017-02-06,30.92339515686035,31.005240062192627,30.80434466737356,30.90107123869013,15742800
2017-02-07,31.176372528076172,31.235896343556842,31.005234817399934,31.02755873179388,13315200
2017-02-08,31.265661239624023,31.362390637820145,31.131729100087004,31.18381350564171,14219700
2017-02-09,30.692739486694336,31.26567096438587,30.298385196725242,31.26567096438587,27240300
2017-02-10,30.194211959838867,30.655532273281437,30.171888040629213,30.521600111574287,28847300
2017-02-13,30.223970413208008,30.380226483569878,30.134683257563726,30.335581486553984,23617100
2017-02-14,30.157005310058594,30.209089722397504,29.926346580668444,30.045397071498467,32177800
2017-02-15,30.090030670166016,30.23140503919343,30.060270184716842,30.075149008248037,26600800
2017-02-16,30.655527114868164,30.715050933173202,30.134680222359812,30.17188296359886,22214800
2017-02-17,30.677845001220703,30.774574389091466,30.54391287598024,30.6034395264813,15065100
2017-02-21,30.848983764648438,30.878747093662504,30.655527802831557,30.655527802831557,17072600
2017-02-22,30.953157424926758,31.012684092276483,30.80434643332789,30.886191343352177,11186800
2017-02-23,30.997798919677734,31.25078155052702,30.968035589369016,31.00523833306121,12856800
2017-02-24,31.087085723876953,31.183815127102697,30.953153577375875,31.027561902313902,13215300
2017-02-27,31.005226135253906,31.064752772452884,30.94570233644121,31.064752772452884,12186400
2017-02-28,31.221017837524414,31.302865575676428,30.982916874748025,31.012680204691915,15946800
2017-03-01,31.369821548461914,31.511193062595815,31.161483982709544,31.258210516302317,14662000
2017-03-02,31.600500106811523,31.667466194631658,31.302872419080277,31.31031467238695,15507600
2017-03-03,31.607940673828125,31.615382927406067,31.436805740580645,31.600501258638275,11740000
2017-03-06,31.38471794128418,31.57073452327928,31.340072939785752,31.50376844022553,16307800
2017-03-07,31.243349075317383,31.429365673474248,31.213585738399157,31.250788490352924,11273700
2017-03-08,31.243349075317383,31.273109573847577,31.05733247716052,31.250788490352924,14636000
2017-03-09,31.27310562133789,31.332632287650956,31.191257874351265,31.317750621072687,14496400
2017-03-10,31.466571807861328,31.548419573990486,31.362402955838157,31.421926797684964,16369700
2017-03-13,31.54913330078125,31.61669044790362,31.40651392949638,31.46656313613832,12831500
2017-03-14,31.504091262817383,31.60167156342445,31.399003023123754,31.511596338464166,9844500
2017-03-15,31.616687774658203,31.736789041227613,31.504094447934413,31.511599524339974,22757800
2017-03-16,31.714277267456055,31.819365538712507,31.45155658931492,31.549136919229834,16004200
2017-03-17,31.54913330078125,31.78933585422961,31.534120283260688,31.7367917246278,37526500
2017-03-20,31.66172981262207,31.781831090530343,31.57915964716507,31.601677741947768,11484200
2017-03-21,31.901933670043945,31.999516857150937,31.684249200128527,31.759314291534075,17187300
2017-03-22,31.811853408813477,32.052055936563576,31.71427023709,31.946967688602907,11605500
2017-03-23,31.654224395751953,31.81936473983204,31.571657087152477,31.684250433482983,11503300
2017-03-24,31.616687774658203,31.71427094857087,31.459055399180862,31.699257932319686,13804400
2017-03-27,31.766826629638672,31.781839651351188,31.564155131681392,31.609194196818933,12387400
2017-03-28,31.849384307861328,31.946967478944394,31.706764952770676,31.706764952770676,14123800
2017-03-29,31.841876983642578,31.924447140505627,31.744296674113553,31.909434124399613,9580100
2017-03-30,31.976999282836914,31.99201230270718,31.72178367192387,31.7893408296197,11999900
2017-03-31,31.856887817382812,32.01452304397707,31.849382741563964,31.93945796858937,11551800
2017-04-03,31.834369659423828,31.999509961489053,31.72928141754226,31.961978855594186,11240000
2017-04-04,32.037044525146484,32.04454960175955,31.80434706197949,31.909435315203247,10946200
2017-04-05,31.954479217529297,32.17216369708568,31.924453179637265,32.01453129331337,10142800
2017-04-06,32.029541015625,32.09709816824809,31.879416555076393,31.96198672644245,14597800
2017-04-07,31.984498977661133,32.08208214993681,31.909433897664453,32.007017069940126,11028800
2017-04-10,32.04454803466797,32.127118190574414,31.946967726269442,32.07457406653213,9426900
2017-04-11,32.022037506103516,32.0895946620349,31.91694923319707,32.03705052558168,8909400
2017-04-12,32.23219680786133,32.2697307681966,31.909424220364194,31.931945169253186,13417200
2017-04-13,32.1196174621582,32.337301927479956,32.11210952145586,32.17966667057501,9891900
2017-04-17,32.32979202270508,32.32979202270508,32.11210757060791,32.11961551085414,11318100
2017-04-18,32.63754653930664,32.720116688283156,32.34479991180064,32.35981292647271,13181600
2017-04-19,32.44989013671875,32.870245982939636,32.41986410553727,32.832714875682754,13893100
2017-04-20,32.344810485839844,32.50244289626953,32.31478444667971,32.42738066180988,10838300
2017-04-21,32.32979202270508,32.35231011656333,32.194677732675125,32.262234877690105,13833800
2017-04-24,32.48741149902344,32.600007650459574,32.389831222113806,32.45738834028767,16703800
2017-04-25,32.359832763671875,32.60003541879434,32.142148212641665,32.16466631673392,18745100
2017-04-26,32.4573974609375,32.600016811185974,32.262231125397605,32.32228318662215,13626600
2017-04-27,32.28474426269531,32.48741564306937,32.21718713590396,32.40484550327555,10386200
2017-04-28,32.38984680175781,32.427377915809444,32.16465439056711,32.247224559544975,10337800
2017-05-01,32.44239044189453,32.65256696814719,32.352312333408754,32.389846310331365,13208200
2017-05-02,32.56999588012695,32.60752699254868,32.39735047223475,32.44238952520502,11823900
2017-05-03,32.517459869384766,32.645069119609985,32.38985348260059,32.52496781180798,10389000
2017-05-04,32.77265548706055,32.88525164710048,32.57749205488919,32.59250220368451,10193100
2017-05-05,32.79518508911133,32.90778128868732,32.69760477048179,32.87025017664209,8133000
2017-05-08,32.945316314697266,32.96032933398699,32.682595635728646,32.720126752232645,14284300
2017-05-09,32.66006851196289,32.94531009775998,32.5624882001545,32.94531009775998,8694400
2017-05-10,32.70511245727539,32.74264357231548,32.547480056042694,32.63755530482702,7597700
2017-05-11,32.78017807006836,32.78768601191547,32.600027553909285,32.64506661466947,6860100
2017-05-12,32.72011947631836,32.78767661637925,32.622536304354846,32.75765058447663,7275800
2017-05-15,32.82521438598633,32.84773248276304,32.62254292467413,32.62254292467413,8493000
2017-05-16,32.915283203125,33.110449548512534,32.85523400231039,32.930296219188655,10454100
2017-05-17,32.97533416748047,33.155484627355364,32.810193859728535,32.91528210522888,14538800
2017-05-18,32.877750396728516,32.997851655595184,32.757649137861854,32.93029451851769,13832200
2017-05-19,32.952823638916016,33.02788587051823,32.847732505856094,32.91528965967432,11796800
2017-05-22,33.16299057006836,33.19301659938624,32.88525695747732,32.945306152673325,12857900
2017-05-23,33.32062530517578,33.478257675177005,33.185511027049024,33.215537058508296,11996100
2017-05-24,33.80103302001953,33.846072070759824,33.410703170590885,33.410703170590885,12738300
2017-05-25,34.08626937866211,34.13881349806797,33.7559916476196,33.77850973781076,16704200
2017-05-26,34.071258544921875,34.19886774553263,34.02622236165685,34.04123251378523,11341400
2017-05-30,34.10127639770508,34.12379448393718,33.861073933098474,33.898605031298395,13093500
2017-05-31,34.131309509277344,34.303954887599566,34.056244433850395,34.10128347910656,14148000
2017-06-01,34.371517181396484,34.371517181396484,33.95116128624841,34.11630161352806,11049300
2017-06-02,34.44656753540039,34.44656753540039,34.236391091966944,34.401531362344244,9923700
2017-06-05,34.52164840698242,34.52164840698242,34.29645598480745,34.364013138771824,10015200
2017-06-06,34.51412582397461,34.57417787466316,34.36399856069262,34.45407663672544,9836700
2017-06-07,34.16132736206055,34.30394955146631,34.041226123499555,34.15382228740522,12776300
2017-06-08,33.876102447509766,34.16134121511206,33.801037353319245,34.16134121511206,12879000
2017-06-09,34.01872253417969,34.041240631181815,33.75600185768614,33.82355901213314,9358800
2017-06-12,34.0262336730957,34.13882703212794,33.92865047118172,34.018725731095685,11228500
2017-06-13,34.079200744628906,34.13974701454584,33.90513454912529,34.05649733691258,10023400
2017-06-14,34.283538818359375,34.41219819371407,34.17758573689371,34.19272230381808,11497500
2017-06-15,34.24570083618164,34.31381394780011,34.08677120474026,34.19272429236785,9908700
2017-06-16,34.291107177734375,34.32137742337095,34.064061569928704,34.291107177734375,27025300
2017-06-19,34.344078063964844,34.344078063964844,34.132169057356116,34.32137177471841,7624700
2017-06-20,34.51815414428711,34.71492375664932,34.29867823614855,34.32138164491971,14920900
2017-06-21,34.2230110168457,34.57114355357017,34.18516813880527,34.5257338321254,9515800
2017-06-22,34.109466552734375,34.26839614662003,34.0791934242787,34.18514648686914,7446300
2017-06-23,34.24570083618164,34.344087083409455,34.07920147733537,34.094338045140034,9544800
2017-06-26,34.381927490234375,34.44247087520658,34.28354124177376,34.298677809768094,7747100
2017-06-27,34.094337463378906,34.359223064933175,34.05649748801546,34.313813362294,11432200
2017-06-28,34.29867935180664,34.43490558287514,34.230566236272395,34.24570280494726,9218800
2017-06-29,33.927833557128906,34.23812590629875,33.791607366078296,34.15487624654511,9283500
2017-06-30,33.942970275878906,34.14730958076504,33.942970275878906,33.973243407048265,9352800
2017-07-03,33.87485885620117,34.260834080263166,33.87485885620117,34.13974443657809,6434500
2017-07-05,33.92027282714844,34.04893221370748,33.85215971355957,33.89756941828721,6853600
2017-07-06,33.602420806884766,33.94298356132148,33.519171107087054,33.84460017702039,13113000
2017-07-07,33.5948371887207,33.69322341935241,33.48131727984224,33.65538344972625,9566000
2017-07-10,33.5872688293457,33.738631588003855,33.473746038600964,33.640245361825386,9672000
2017-07-11,33.54943084716797,33.66295075762727,33.41320464501308,33.54186112093455,10300700
2017-07-12,33.68566131591797,33.88243382170882,33.63268476905242,33.74620759062447,7737400
2017-07-13,33.62512969970703,33.700809682578935,33.57971997778011,33.67053942163395,6371900
2017-07-14,33.81431579589844,33.84458892885565,33.67808958459587,33.69322615107447,8558700
2017-07-17,33.85215759277344,33.89756729465623,33.76134107601287,33.79918105074602,7189200
2017-07-18,33.80674743652344,33.9429736533359,33.76890746229886,33.889997112020495,9037200
2017-07-19,33.927833557128906,33.93540039574086,33.71592454493661,33.8067410433022,6986900
2017-07-20,33.92027282714844,34.04136248608361,33.86729628180212,33.98081910011862,7430300
2017-07-21,34.079200744628906,34.10947387958737,33.80674830401279,33.889997981646054,8545600
2017-07-24,33.935401916503906,34.09433151751699,33.92783507755286,34.08676467856594,9103600
2017-07-25,34.238136291503906,34.27597627005026,34.011090646215166,34.07163692149358,14096300
2017-07-26,34.61653518676758,34.65437515802916,33.53429526405875,33.715928280916245,13608900
2017-07-27,34.90412139892578,35.13873384076829,34.58626217482119,34.661942117606635,15195200
2017-07-28,34.82086944580078,34.904119109607386,34.60896331029638,34.81330260682044,11945300
2017-07-31,34.69221496582031,34.873850868826686,34.65437499473703,34.81330460548965,13622900
2017-08-01,34.58626174926758,34.85871415915052,34.54842177834044,34.79060105667979,10306800
2017-08-02,34.503021240234375,34.81331370341503,34.34409158794793,34.510588081626615,10187900
2017-08-03,34.563568115234375,34.775477226641776,34.5332978596097,34.54843443092493,14261400
2017-08-04,34.43489456176758,34.63166411755291,34.41219115952429,34.56355102381869,9523600
2017-08-07,34.540863037109375,34.631679573618165,34.43490993001485,34.450046500600585,6226300
2017-08-08,34.510581970214844,34.67708132141397,34.47274199594367,34.540855104433774,5747900
2017-08-09,34.503021240234375,34.55599779099652,34.30625160697575,34.48031782905217,9635300
2017-08-10,34.61653518676758,34.692215129290744,34.40462615109416,34.48030898062208,8901600
2017-08-11,34.503021240234375,34.737633741470674,34.48788467044441,34.707360601890734,8357600
2017-08-14,34.66194534301758,34.7678984275784,34.525719123723654,34.56355909863751,8421200
2017-08-15,34.95709991455078,35.00250961499471,34.66194407917756,34.66194407917756,9638100
2017-08-16,34.964664459228516,35.07061752422243,34.904118200943714,34.92682449130276,8087300
2017-08-17,34.707359313964844,35.063061473315955,34.69978958584801,34.90412893992171,8477000
2017-08-18,34.563568115234375,34.737637241856596,34.5332978596097,34.66195438528046,10879800
2017-08-21,34.571128845214844,34.66194536246006,34.48031232796963,34.563559118024806,9429700
2017-08-22,34.510581970214844,34.624104780033335,34.46517515589143,34.58626480576217,10536700
2017-08-23,34.465179443359375,34.55599597030876,34.38949659839711,34.53329256032274,6528400
2017-08-24,34.366783142089844,34.518145900761695,34.29110320625617,34.46516936827722,7534400
2017-08-25,34.48787307739258,34.631666111553216,34.48030623854392,34.510576480943065,8807100
2017-08-28,34.37435531616211,34.578694639034225,34.34408506933305,34.53328782528816,8024000
2017-08-29,34.397064208984375,34.48788073034328,34.245701415382754,34.35922423233526,7762200
2017-08-30,34.351654052734375,34.46517686819292,34.275974100432094,34.32895064444472,7134900
2017-08-31,34.47272872924805,34.54841153566914,34.31379916626956,34.359208850122215,14264600
2017-09-01,34.64680099487305,34.661937558840314,34.465168001274584,34.54084793410655,7391200
2017-09-05,34.75276184082031,34.760331568001874,34.54842539899847,34.624105348783964,9916700
2017-09-06,34.78302764892578,34.843573905604885,34.65437118398931,34.79816421309556,9238900
2017-09-07,35.02521896362305,35.055492102388065,34.783039627513716,34.82087960746728,9418400
2017-09-08,35.040348052978516,35.09332459100575,34.82844190086959,34.95709838264864,10534900
2017-09-11,35.206851959228516,35.25982850412569,34.979809211525584,35.07819257376025,10430300
2017-09-12,35.35820388793945,35.38090728963154,35.153864611697855,35.19170457685276,8567600
2017-09-13,35.471736907958984,35.55498659430475,35.30524042227282,35.32794383236517,10218000
2017-09-14,35.17422866821289,35.44884900266501,35.04454555028747,35.39545092763008,13768800
2017-09-15,35.227630615234375,35.364940797552656,35.090320432916094,35.31916976678751,16141400
2017-09-18,35.17422866821289,35.27339776898212,35.02166149240873,35.20474268536909,8535300
2017-09-19,35.0750617980957,35.23525603338829,35.00640671011645,35.19711496450582,7297900
2017-09-20,34.9224853515625,35.204735588392836,34.74703415324909,34.90722834606009,11026600
2017-09-21,34.63261032104492,34.930114647767034,34.60209631061799,34.869086626913166,7555300
2017-09-22,34.701263427734375,34.80805954821489,34.60972140162876,34.670749419032504,8024800
2017-09-25,34.85383987426758,34.90723795323414,34.59447652929699,34.70890264706936,9215300
2017-09-26,34.762290954589844,34.99114021582954,34.754663906871556,34.85383007709048,6480100
2017-09-27,34.052860260009766,34.708897020947,33.854524985994054,34.68601296509272,14816200
2017-09-28,34.258827209472656,34.327482290452636,34.06049192551758,34.07574602353382,8789500
2017-09-29,34.335121154785156,34.41140622100102,34.16729982906571,34.22069792042795,10082200
2017-10-02,34.174922943115234,34.533455438075904,34.136781869390724,34.365631221715184,10707800
2017-10-03,34.472412109375,34.52581017091167,34.14439378280627,34.22067880641301,12038100
2017-10-04,34.708892822265625,34.754663838413904,34.28170540147707,34.4113884922424,14060300
2017-10-05,34.72415542602539,34.89960665124977,34.70889841818283,34.71652546711576,10215300
2017-10-06,34.701263427734375,34.72414747927276,34.54106633703756,34.6249784059797,5437900
2017-10-09,34.64024353027344,34.82332471542429,34.586845457516254,34.7470396757878,5268300
2017-10-10,34.991146087646484,35.01403305459445,34.731782772057755,34.78518084497514,6310400
2017-10-11,35.166603088378906,35.166603088378906,34.99115183284634,34.998781793074,6638200
2017-10-12,35.17422866821289,35.197112726091625,35.04454555028747,35.07505956744366,7710200
2017-10-13,35.227630615234375,35.380197807807704,35.20474655484038,35.28102869613846,7126000
2017-10-16,35.563270568847656,35.6624396650627,35.16659709396419,35.18185410184164,12708600
2017-10-17,35.486995697021484,35.570907802520274,35.32680144651141,35.49462274753169,7699400
2017-10-18,35.39544677734375,35.50224291489125,35.27339363300711,35.40307382575008,6272200
2017-10-19,35.5403938293457,35.69296102955514,35.334428545559554,35.37256961811759,7515500
2017-10-20,35.38020324707031,35.540397514410444,35.30391818406719,35.532770463098934,9646800
2017-10-23,35.33441925048828,35.58615550110872,35.2657641739533,35.38019027150378,7153600
2017-10-24,35.227630615234375,35.31154271664856,35.052179362267054,35.288655746277406,9539500
2017-10-25,35.12845230102539,35.67006292829761,35.036913173452604,35.372558581203755,11994200
2017-10-26,35.26576614379883,35.6624396181606,35.258139094858485,35.334421224168686,10569100
2017-10-27,35.14371871948242,35.34205694398158,35.02166554670493,35.18948975051542,9988000
2017-10-30,34.983524322509766,35.14371856545741,34.95301030195483,35.09032048447486,7201900
2017-10-31,35.0750617980957,35.2199990238399,34.96826564123398,35.029290769450526,6560500
2017-11-01,34.93775177001953,35.15897404444206,34.80807155327483,34.89961070097562,7067600
2017-11-02,34.998779296875,35.05217737475133,34.89961019082881,34.94538121899866,8317800
2017-11-03,35.067440032958984,35.21237728054516,35.029296048351206,35.067440032958984,4730400
2017-11-06,34.68601608276367,35.02928859133832,34.64787210627596,35.021661542026884,7451300
2017-11-07,35.044551849365234,35.05218181001415,34.56396908766859,34.64025123429357,9868000
2017-11-08,35.227630615234375,35.23525766537332,34.99115132124686,35.075063422661046,7586900
2017-11-09,35.26576614379883,35.387819296681165,35.10557192626139,35.18185405557159,6532400
2017-11-10,35.502254486083984,35.578536634915714,35.197120070802164,35.24289110608767,8022900
2017-11-13,35.63954544067383,35.715827548321926,35.50223531892656,35.54800341952506,7653600
2017-11-14,36.181175231933594,36.21931630606201,35.56327935513447,35.6319344525566,17200700
2017-11-15,35.70821762084961,36.204057378230424,35.685330649601966,36.09726121233232,12419100
2017-11-16,35.50986862182617,35.8378869804598,35.47935460940062,35.815002926128834,12506400
2017-11-17,34.86908721923828,35.38018671765485,34.51818482329631,35.34967270670957,19720700
2017-11-20,34.67839050292969,34.998781904031524,34.64787648187671,34.823330647942726,19160900
2017-11-21,34.9224853515625,35.05216844334492,34.73940710548601,34.75466411098842,10280800
2017-11-22,34.96826171875,35.03691679902803,34.7394124211488,35.00640278335408,8434400
2017-11-24,34.998779296875,35.12845951172409,34.983522287485044,35.00640634658148,2996300
2017-11-27,35.014034271240234,35.08268935451627,34.9453791879642,34.99877726273702,5649200
2017-11-28,34.960636138916016,35.20474245461188,34.92249216273237,35.082689296763945,8432800
2017-11-29,34.708892822265625,34.95299908843731,34.487670609179965,34.91485802996853,16502100
2017-11-30,35.201114654541016,35.25495051337095,34.63198894626622,34.71658899123734,17147600
2017-12-01,35.35493087768555,35.393384641515695,34.77042310566442,35.22418456006209,12468800
2017-12-04,35.554893493652344,35.67025772314228,35.201114159506766,35.37031424706953,17523600
2017-12-05,35.577964782714844,35.71640068307762,35.42414972349771,35.570275203287665,13670800
2017-12-06,35.72410202026367,35.74717369807816,35.5779735705455,35.65488405298531,8154000
2017-12-07,35.20880889892578,35.62411666535249,35.162665547434806,35.601044989607004,9106500
2017-12-08,34.84733200073242,35.17034712298674,34.64736774366966,35.14727545249257,13238600
2017-12-11,34.86271286010742,34.924238290528564,34.547384394051214,34.847330769043666,9698700
2017-12-12,34.83195495605469,35.00884463441948,34.65506527768989,34.80119076838227,13999300
2017-12-13,35.301109313964844,35.4164706521618,34.91656565230438,34.95501943170336,12418700
2017-12-14,35.40107345581055,35.50874516574207,35.22418379894675,35.23187631184703,9029000
2017-12-15,35.524131774902344,35.70102145425917,35.40877047123543,35.60104224451472,21181600
2017-12-18,35.32417297363281,35.67026277730627,35.308790878599034,35.53182685583688,10156800
2017-12-19,35.47799301147461,35.67026480959948,35.30879289029759,35.408775046796265,8253200
2017-12-20,35.439544677734375,35.608741891044296,35.34725208810868,35.539523915742656,7311000
2017-12-21,35.070369720458984,35.54720582304508,35.03960846693277,35.485677448323884,9657100
2017-12-22,35.06268310546875,35.170354836501275,35.03191891550671,35.13959064653923,5406300
2017-12-26,35.23188018798828,35.270333955218135,35.078062185234465,35.14728013978196,6100400
2017-12-27,35.32417297363281,35.33186255423238,35.16266537653008,35.301101297999466,5660600
2017-12-28,35.162662506103516,35.370316371356225,35.10113413099113,35.30878799624384,6538900
2017-12-29,35.28571701049805,35.516442553999404,35.1395885836741,35.14728109763034,8371500
2018-01-02,35.024227142333984,35.33186022119198,35.00115253438966,35.3087885470821,10872200
2018-01-03,34.94731521606445,35.139586982527064,34.870407683013134,34.98577191642443,12635600
2018-01-04,35.439544677734375,35.54721643179576,34.9550188506229,35.03961892419549,12709400
2018-01-05,35.43184280395508,35.531824949392835,35.2164993527056,35.39338903535117,13113100
2018-01-08,35.37800216674805,35.45490969357691,35.285712547786595,35.339548403333616,7068600
2018-01-09,35.554893493652344,35.654875630288004,35.331857548016735,35.37800382657956,9962400
2018-01-10,35.43184280395508,35.577968298183734,35.32417107833034,35.55489662378828,10700700
2018-01-11,35.40876770019531,35.554893180271606,35.27033179956126,35.554893180271606,7583200
2018-01-12,35.49336624145508,35.67794547860119,35.40107368904794,35.593345439145025,14570100
2018-01-16,35.785621643066406,35.854839599069486,35.4856781449979,35.493370658906265,16459300
2018-01-17,36.0086555480957,36.14709145219383,35.80100169194852,35.82407629852106,12143100
2018-01-18,36.054805755615234,36.20093125526854,35.84715187684394,35.95482360646581,11952900
2018-01-19,36.270145416259766,36.33936336860095,36.0471094660677,36.1394020250788,16187400
2018-01-22,36.43934631347656,36.531635940695224,36.216310358349965,36.25476412520488,9577400
2018-01-23,36.4931755065918,36.685447239572966,36.24706792308261,36.308593352043,11463700
2018-01-24,36.78543472290039,36.877724346707154,36.51625249719882,36.554706262632116,15964500
2018-01-25,36.793121337890625,36.91617513766281,36.68544962981922,36.68544962981922,11755000
2018-01-26,37.32379150390625,37.39300945187668,36.716214998203746,36.74697624876408,16671200
2018-01-29,36.68545150756836,37.26995635294567,36.593161886473865,37.07768459759556,11662600
2018-01-30,36.4624137878418,37.039229025743005,36.45472420889008,36.70852138797292,12404800
2018-01-31,36.60084915161133,36.83926716935113,36.43164907877444,36.49317744483657,10960100
2018-02-01,36.4931755065918,36.70851890870388,36.23168583238406,36.462411325194694,10279400
2018-02-02,35.93943786621094,36.46241730032757,35.86253033394908,36.41627102066988,12912300
2018-02-05,34.52431869506836,36.085564535120795,34.155157247196406,35.87791360443327,23261500
2018-02-06,34.35512161254883,34.408960412224175,33.40914476927496,33.7398524787733,25184300
2018-02-07,34.27052307128906,34.99346390680976,34.05517668300891,34.28590516572583,18041600
2018-02-08,33.14765548706055,34.31666832459875,33.12458381104268,34.31666832459875,23295300
2018-02-09,33.17072296142578,33.42452014453099,32.4477793074781,33.34761261845888,22853100
2018-02-12,33.81675338745117,34.01671469917158,33.355299467287914,33.5014278622315,14689000
2018-02-13,33.9859504699707,34.15515053384286,33.601407003958585,33.7782966462641,13163200
2018-02-14,33.916744232177734,33.98596219729789,33.555275244403454,33.85521878197917,13457900
2018-02-15,34.43971252441406,34.478169218805014,33.93211525709258,34.03209738160808,13467300
2018-02-16,34.59354019165039,35.101137601172255,34.39357882043528,35.04730173454378,17202300
2018-02-20,33.8321533203125,34.47818680217414,33.79369660630919,34.41665840683714,14137300
2018-02-21,33.33224105834961,34.039799910046895,33.32455147684637,33.92443858448842,12792900
2018-02-22,33.470672607421875,33.701398162121144,33.239947052722606,33.40145464762863,12377800
2018-02-23,33.870601654052734,33.88598375041352,33.39376546837285,33.51682223925919,8277200
2018-02-26,33.8629035949707,34.13977541646614,33.69370643037249,34.01672159956088,12713300
2018-02-27,33.54757308959961,34.078244980977345,33.54757308959961,33.955191182104855,12774400
2018-02-28,33.23993682861328,33.770605734579206,33.23993682861328,33.70908030803986,11929400
2018-03-01,33.401451110839844,33.56295868864427,32.93230753678806,33.14765097386063,17746800
2018-03-02,33.62448501586914,33.68601045107511,33.25532360313097,33.26301318234392,14050100
2018-03-05,33.755226135253906,33.79367989640768,33.45528269088697,33.50911854326904,11992700
2018-03-06,33.7859992980957,33.87828893616232,33.524509545378045,33.80138139341259,10010500
2018-03-07,33.70140075683594,33.77830830304537,33.432221411268095,33.52451105348638,10881700
2018-03-08,34.1859245300293,34.19361411067034,33.686016707156384,33.762927182740114,12361100
2018-03-09,34.47047805786133,34.47047805786133,34.1397704232036,34.27820631370376,9778600
2018-03-12,34.2474479675293,34.67813780402769,34.09363289305475,34.57046607836171,11857700
2018-03-13,34.27821350097656,34.478177799774905,34.14747009577616,34.355121041231556,11342100
2018-03-14,33.96786117553711,34.47218192041075,33.9290679551006,34.43338869997424,15321200
2018-03-15,33.88251495361328,34.13855554084146,33.789410630863514,34.04545121809169,12456700
2018-03-16,33.71958541870117,34.15407723966448,33.71182795749352,33.90579704475213,26603300
2018-03-19,33.56439971923828,33.913544565916276,33.50233116856915,33.71957553550989,12380300
2018-03-20,33.486812591552734,33.735092708508645,33.3704299918467,33.61095265003069,13559800
2018-03-21,33.362667083740234,33.71181186609787,33.199733838550664,33.463531789695104,13054000
2018-03-22,33.17646789550781,33.64975289223283,33.1299172136877,33.2695751786142,12274100
2018-03-23,32.842838287353516,33.48681394175692,32.81180253154953,33.223015936888245,13475200
2018-03-26,33.122154235839844,33.2152615117564,32.780769770011005,33.06008567829498,11276100
2018-03-27,33.27733612060547,33.60320572610535,32.99802016152939,33.12992067986349,11627000
2018-03-28,33.6109619140625,33.90579574411098,33.36268172867428,33.36268172867428,16277400
2018-03-29,33.69630432128906,34.07648200994526,33.58768212453015,33.78165117866617,10450500
2018-04-02,33.10663604736328,33.75061471430804,32.95146317508375,33.70406107678449,14207900
2018-04-03,33.65751266479492,33.78165274681526,33.23853877807639,33.34716097987756,15484600
2018-04-04,34.32476806640625,34.448908153312125,33.448027037783596,33.47130237916185,13563300
2018-04-05,34.448909759521484,34.61184307623239,34.09200440325958,34.35580247020102,11707800
2018-04-06,34.07648849487305,34.54201608923149,33.91355516872764,34.355804459541424,11495100
2018-04-09,34.006656646728516,34.37907688267412,33.967860467367835,34.16182952523948,11913400
2018-04-10,34.13080596923828,34.27822142764233,33.921318974832275,34.192874545506506,10379500
2018-04-11,34.13080596923828,34.24718565964135,33.95235178309951,33.99114797296761,8424300
2018-04-12,34.161827087402344,34.456660863052704,34.09975853237385,34.20062326399447,8476400
2018-04-13,34.53425598144531,34.67391396504652,34.24718255281325,34.28597577942837,10774200
2018-04-16,34.66614532470703,34.82907859978898,34.44890095793111,34.642869988190334,8962100
2018-04-17,34.82131576538086,34.93769538973098,34.64286464025836,34.875626848690665,8406400
2018-04-18,34.53425598144531,34.89116136161145,34.39460095757757,34.83685025240359,7429000
2018-04-19,34.37907409667969,34.50321416526822,34.1540692974465,34.40234943462357,10370400
2018-04-20,33.936832427978516,34.45666815532242,33.81269233191629,34.37908170518354,14690700
2018-04-23,34.12302780151367,34.13078821934494,33.797161286173164,33.93681920981401,11878500
2018-04-24,33.4169807434082,34.21613211599653,33.153182771913194,34.123027820096,18523900
2018-04-25,32.920433044433594,33.27733544726095,32.516976996124406,33.160955773156374,20774700
2018-04-26,33.168704986572266,33.440260451692104,32.788524375671905,32.897149521452434,13561000
2018-04-27,33.603187561035156,33.62646289179828,33.137660227650045,33.15317810140272,9777900
2018-04-30,33.52560806274414,33.89802826325959,33.33939944235274,33.75061285880535,16037700
2018-05-01,33.04456329345703,33.35491491806443,32.72645421011405,33.331636622392786,11514200
2018-05-02,32.633358001708984,33.0445714905475,32.540250715390954,32.897156060143715,13736400
2018-05-03,32.50143814086914,32.897136472784176,32.21436491164842,32.75747858619433,18352200
2018-05-04,32.866111755371094,32.97473393477552,32.408344742357855,32.4238626193774,10946200
2018-05-07,32.695430755615234,32.96698926923919,32.55577276797629,32.85060662629556,9336000
2018-05-08,32.439388275146484,32.6566326860491,32.34628099070269,32.56352836133843,15062200
2018-05-09,32.416107177734375,32.765252064946196,32.33076032089006,32.56352555218651,9295200
2018-05-10,32.7264518737793,32.86610979890923,32.540240320361974,32.57903649046758,7924200
2018-05-11,32.695430755615234,32.9514713861978,32.61784430014185,32.77302017082218,6331900
2018-05-14,32.61783218383789,32.83507654625206,32.5092100026308,32.78076545564852,10715500
2018-05-15,32.36955642700195,32.524729301209376,32.1600694951425,32.41610710537103,16449700
2018-05-16,32.23766326904297,32.540254586238575,32.22990580746026,32.38508167671618,11590500
2018-05-17,32.81955337524414,32.85834658231334,32.485926466931495,32.594548630618036,14857400
2018-05-18,32.7264518737793,32.88162767500503,32.64886545303255,32.81955617062184,11950200
2018-05-21,32.904903411865234,32.99025025157019,32.79628123759793,32.82731699016924,9110200
2018-05-22,32.780765533447266,33.05232098710947,32.74972977881946,32.974734560272395,8222900
2018-05-23,32.897151947021484,32.9359451649371,32.5324891872025,32.780769333541826,8971400
2018-05-24,32.8350830078125,32.951465630427094,32.734218265528725,32.89715452913576,9269600
2018-05-25,32.897151947021484,33.03680989930396,32.74197611562621,32.85059830968306,8806500
2018-05-29,33.11439514160156,33.24629266970727,32.66438554274811,32.67990342130161,14826900
2018-05-30,33.463539123535156,33.57991877000538,33.1299121428018,33.18422323643443,10114200
2018-05-31,33.362667083740234,33.525600328929805,33.11438700733747,33.51784287142496,15571300
2018-06-01,33.45578384399414,33.6109596895248,33.39371528162172,33.440265963467766,10664700
2018-06-04,33.74284744262695,33.820433856205646,33.58767165573761,33.64198273718909,11727600
2018-06-05,33.448028564453125,33.781655618190385,33.44026814381741,33.75061985511407,9975900
2018-06-06,33.71958541870117,33.71958541870117,33.393718772778726,33.409236654927426,9202900
2018-06-07,33.70406723022461,33.929072079735604,33.618723318782536,33.618723318782536,11948100
2018-06-08,34.099761962890625,34.13855518365271,33.79717069732008,33.80492815757928,12078800
2018-06-11,34.23941421508789,34.3325185213359,34.05320264285935,34.099756275849614,7526100
2018-06-12,34.456668853759766,34.46442631503756,34.200631195324874,34.23942442118065,8243300
2018-06-13,34.27821731567383,34.54201539256983,34.25494197233204,34.410114874255136,16745000
2018-06-14,34.113834381103516,34.3251840914759,34.06686611985783,34.2469066421597,12696200
2018-06-15,34.53652572631836,34.56001134246569,34.012060414474405,34.09816737279919,21562500
2018-06-18,34.09033966064453,34.4112818949488,33.97292351800199,34.3486605494246,12161900
2018-06-19,34.129478454589844,34.246897583599186,33.816365754052434,33.894643182663664,12936400
2018-06-20,33.863338470458984,34.270387758236694,33.83985583392534,34.14514205323533,10893700
2018-06-21,33.73025131225586,33.894635667547654,33.628488288750155,33.87115304138935,10465200
2018-06-22,33.855506896972656,33.980752583390576,33.72243466156917,33.77722946274622,14924400
2018-06-25,34.113834381103516,34.2469066421597,33.78506252457028,33.78506252457028,12092400
2018-06-26,33.918128967285156,34.31734863291795,33.87898726669414,34.098169442852296,13974700
2018-06-27,33.714595794677734,34.13730098912305,33.65197446184799,33.91812184508113,15332600
2018-06-28,34.027706146240234,34.19209047880869,33.792867972752255,33.84766573636649,12668900
2018-06-29,34.33300018310547,34.52086718233208,33.90246840827802,34.10599148845554,11485600
2018-07-02,34.24690628051758,34.567848597074125,34.11383402086661,34.27038891784581,9232500
2018-07-03,34.434776306152344,34.700923811305834,34.434776306152344,34.48957111726396,8214300
2018-07-05,34.95923614501953,34.96706269416256,34.544360360305774,34.567842993827604,11653000
2018-07-06,34.94356918334961,35.17840440374633,34.896603930925366,34.96705180956173,8733900
2018-07-09,34.75571060180664,35.01402851085004,34.7087423519385,34.86530019873975,7373100
2018-07-10,35.201900482177734,35.22538311537164,34.833989969645295,34.84181651867902,10606100
2018-07-11,35.06099319458008,35.22537757325981,34.943574074898976,35.21755102545746,7715600
2018-07-12,34.96705627441406,35.19406497709017,34.82615751305851,35.092304926449614,6331600
2018-07-13,35.02184295654297,35.05315212353976,34.81049040233542,34.9905308034549,5585900
2018-07-16,35.01402282714844,35.068817616720345,34.85746500576065,35.01402282714844,5831400
2018-07-17,35.42107009887695,35.530659672236894,34.974882272430385,35.029677059110355,11592200
2018-07-18,35.31931686401367,35.45239208719458,35.10013765653069,35.37411166588442,7351600
2018-07-19,35.31148910522461,35.5619804726503,35.16275780287692,35.21755558896314,10097500
2018-07-20,35.4445686340332,35.4445686340332,35.147111940291516,35.241045475889244,8588400
2018-07-23,35.186241149902344,35.5071833803274,35.045339391560375,35.44455904946766,9055700
2018-07-24,35.42890548706055,35.43673502202121,34.920096200045975,35.053168433450615,13786100
2018-07-25,36.07862091064453,36.462187513908916,35.81247344754692,36.00817002376302,21330600
2018-07-26,36.196041107177734,36.470015127438984,36.164728937407055,36.2899746303969,12673100
2018-07-27,36.172542572021484,36.39955124267006,36.05512645644214,36.25864951510141,10516900
2018-07-30,36.188209533691406,36.35259393659058,36.047307763751334,36.08644648071409,8967900
2018-07-31,36.50132751464844,36.53263669851275,36.250836127176576,36.321287016533844,12438800
2018-08-01,36.31344985961914,36.391730268082846,36.141235947091246,36.36041810469736,9904100
2018-08-02,36.149078369140625,36.501332867585226,36.149078369140625,36.38391370607258,12009700
2018-08-03,36.493492126464844,36.603081717646724,36.117755105515926,36.18820598357462,11462800
2018-08-06,36.516990661621094,36.6892016575037,36.43871022158949,36.47784894855856,10056100
2018-08-07,36.39955520629883,36.48566215875513,36.10992517302117,36.41521128729926,8632900
2018-08-08,36.125579833984375,36.44652201664718,36.10209422036085,36.39172722834563,6810000
2018-08-09,36.28214645385742,36.33694125996202,36.07079676522141,36.20386901259171,8924100
2018-08-10,36.07079315185547,36.33693761993524,35.984686183433105,36.17255321808856,7535400
2018-08-13,35.87510299682617,36.1099383251814,35.77333992630473,36.0473139783703,8143400
2018-08-14,35.922054290771484,36.08643865803606,35.90639821016171,35.937710371381264,6846100
2018-08-15,36.07079315185547,36.12558795247103,35.73419481316405,35.82812833049178,9686400
2018-08-16,36.18037796020508,36.30562362874808,35.98468141647587,36.09427100318946,10600700
2018-08-17,36.47783279418945,36.5795958281176,36.196032293152655,36.235171002788974,8885700
2018-08-20,36.579593658447266,36.68918323336566,36.47000408352887,36.5404549511324,6392000
2018-08-21,36.18037796020508,36.59525367736146,36.172548426244234,36.57959759553206,13986300
2018-08-22,35.953372955322266,36.305627367528714,35.945543420555126,36.27431520064534,7159100
2018-08-23,35.7733154296875,36.07077490116148,35.76548589865096,35.922043672378905,13144900
2018-08-24,35.718528747558594,35.85160094441086,35.67939004178392,35.73418482708683,10952900
2018-08-27,35.7655029296875,36.0473064593705,35.663742866485094,36.0473064593705,9581200
2018-08-28,35.51500701904297,35.79681051263993,35.44455614564373,35.73418917300294,8476800
2018-08-29,35.48371124267578,35.55415915658743,35.39760425532598,35.42108689329653,12410900
2018-08-30,35.186241149902344,35.47587121489752,35.139272901757536,35.44455904946766,9716500
2018-08-31,34.8887825012207,35.28017562148218,34.74788073903917,35.22538082353297,19834100
2018-09-04,35.03750991821289,35.14710249740842,34.841813363073854,34.912264242367606,11138500
2018-09-05,35.522850036621094,35.55415922527788,34.95924283549232,34.95924283549232,10554900
2018-09-06,35.82811737060547,36.00815780128086,35.46020697665171,35.5384873722226,11439400
2018-09-07,35.78898620605469,35.86726363202566,35.444558365160674,35.695049711578655,10208100
2018-09-10,36.05514907836914,36.2508457132116,35.85162290592052,35.937729903026195,8568900
2018-09-11,36.02382278442383,36.12558583077293,35.91423318962903,36.086444130266926,9278300
2018-09-12,36.196041107177734,36.24300637574088,36.02382715953188,36.13341676763638,13216400
2018-09-13,36.18025588989258,36.409192588477865,36.085520347554336,36.32235318041423,8294800
2018-09-14,36.306556701660156,36.33813219538033,36.006566925128425,36.25129281179283,7612900
2018-09-17,36.56708526611328,36.57498140106131,36.243412997585885,36.31446315465254,8527300
2018-09-18,36.25918960571289,36.73285514657385,36.25918960571289,36.62233338780576,9847400
2018-09-19,36.282875061035156,36.401292962054384,36.21182492272208,36.31445356950593,7119000
2018-09-20,36.819698333740234,36.85127684278964,36.432872138108344,36.488133023198614,9736700
2018-09-21,36.77233123779297,36.859167614905324,36.61444171410219,36.81969598685568,19240300
2018-09-24,36.36970520019531,36.73284892073911,36.18813333992341,36.70127343179428,10778900
2018-09-25,36.06183624267578,36.45655861572478,36.00657535136834,36.36182608941098,7919100
2018-09-26,36.196041107177734,36.369719918371025,35.97499753765374,36.132887092239216,10162600
2018-09-27,36.32233810424805,36.45654522777599,36.06182299968096,36.10129462019214,10826900
2018-09-28,36.46445083618164,36.46445083618164,36.29077504415099,36.31445742227048,9071900
2018-10-01,36.49602508544922,36.59075759835553,36.353924810343614,36.448657323249925,9364700
2018-10-02,36.71707534790039,36.75654999604645,36.36182760652853,36.535503410101285,7462700
2018-10-03,36.21182632446289,36.748648943276834,36.15656543824608,36.677598802213446,10542300
2018-10-04,36.196041107177734,36.23551575444368,35.86447575289175,36.04604768664257,9582300
2018-10-05,36.219722747802734,36.440766294440834,36.06972633130477,36.26708750122949,8734100
2018-10-08,36.69338607788086,36.77233234785553,36.29077064123302,36.30655989522795,9808100
2018-10-09,36.62233352661133,36.748644538752465,36.48812939373916,36.614440405880295,10824500
2018-10-10,36.06183624267578,36.86707024507486,36.05394010877888,36.55129114203858,13917000
2018-10-11,35.24079895019531,36.29076148990042,35.13027721159299,36.156554370532234,17677900
2018-10-12,35.272377014160156,35.430266500850756,34.93291567179738,35.11448752746956,12420100
2018-10-15,35.453956604003906,35.738157139746164,35.20133457478682,35.24080620219721,11608500
2018-10-16,35.91183090209961,35.99866726568629,35.41448003396355,35.54079103094347,10442500
2018-10-17,36.20392608642578,36.30655471700931,35.80920382732649,35.848675450938046,11055800
2018-10-18,36.006568908691406,36.37760883664473,35.88815101336821,36.23550856685377,12716900
2018-10-19,36.57496643066406,36.70127743469443,36.180244166632676,36.180244166632676,13989200
2018-10-22,36.290767669677734,36.677593820656604,36.16445665955312,36.60654368924325,14283600
2018-10-23,36.59865188598633,36.67759514084622,35.88025742538962,36.01446156094987,17483900
2018-10-24,36.89073944091797,37.41177266669233,36.50391333999772,36.57496346221657,21626000
2018-10-25,36.71707534790039,36.89865029719233,36.40919236591526,36.82760014661939,14220200
2018-10-26,36.25129699707031,36.69338708660496,35.86447080378331,36.6065476929917,21458000
2018-10-29,36.677589416503906,36.75653567053464,36.353917303707064,36.4328635577378,20932200
2018-10-30,37.60124588012695,37.68808526505323,36.346028887765414,36.80390517443299,20895400
2018-10-31,37.79861068725586,37.95650021956284,37.277577338687465,37.49862087702183,25309400
2018-11-01,37.68808364868164,38.011755789484766,37.34072612387404,37.74334452553886,16494500
2018-11-02,37.893341064453125,37.893341064453125,37.45125100123065,37.75124079454205,17584900
2018-11-05,38.43804931640625,38.50909943760629,37.83017672647071,37.893333728200346,16543500
2018-11-06,38.769622802734375,38.78541205530498,38.36700439091386,38.40647902808639,14373400
2018-11-07,38.974884033203125,39.116984320258965,38.70647271448571,38.990673288597385,12239700
2018-11-08,38.94329833984375,38.97487383087432,38.76172345608626,38.77751270734743,9762800
2018-11-09,39.2196044921875,39.385387120733114,38.96698248350126,38.99066485572438,12398100
2018-11-12,39.36960220336914,39.66169887990978,39.10908704575629,39.164347928022416,13918300
2018-11-13,39.36171340942383,39.47223518610612,39.140669856059255,39.32224177653624,13872900
2018-11-14,39.28276824951172,39.424868541143,39.148564091578095,39.35381839532736,12106800
2018-11-15,39.2669792175293,39.274872339173974,38.895939258888674,39.2038221984022,12080100
2018-11-16,39.6064338684082,39.66959088149696,39.18013607602763,39.20381845018985,13405800
2018-11-19,39.87484359741211,40.07220473838652,39.66958933585522,39.7169570938262,13575800
2018-11-20,38.982784271240234,40.135372932947575,38.848577092004255,40.11958367589082,16255300
2018-11-21,38.469635009765625,39.030139953199026,38.359113247566604,38.8643573099005,13559200
2018-11-23,38.69858169555664,38.86436436896684,38.32754170235912,38.485431253389514,4792500
2018-11-26,38.580162048339844,38.86436262514409,38.42227250439387,38.69068382565426,9341900
2018-11-27,38.974884033203125,39.00646254399165,38.46963990655683,38.58805781626754,9180700
2018-11-28,39.243289947509766,39.25118607986575,38.84856765149017,38.84856765149017,11368700
2018-11-29,38.97275161743164,39.330811399497804,38.964796082410274,39.211457127040674,11564300
2018-11-30,40.10262680053711,40.17423875335363,38.98070822994842,38.98866376457021,25538200
2018-12-03,39.53770065307617,39.752536587273916,38.90115142321591,39.680924609208,14877200
2018-12-04,39.45016860961914,40.19015483391878,39.386512183487085,39.760486098749254,19059900
2018-12-06,39.29104232788086,39.48996416606431,38.718146462614484,39.39447949831567,17674900
2018-12-07,39.06029510498047,39.52975079861325,38.89320147723997,39.44222469780444,15565700
2018-12-10,39.17964553833008,39.346739149470444,38.566965928842464,39.346739149470444,12331100
2018-12-11,39.4183349609375,39.79230578932527,39.131887153454066,39.458118704131294,18083600
2018-12-12,39.16372299194336,39.800272112970745,39.139850313132214,39.74457425458745,12316900
2018-12-13,39.36265182495117,39.47404756164929,38.646532038597286,38.76588634809166,13766200
2018-12-14,39.259212493896484,39.40243645433443,39.00459279429709,39.171686403039274,13835900
2018-12-17,38.455562591552734,39.410384772485244,38.20889847480528,39.25920530207559,18482700
2018-12-18,38.447593688964844,38.853395738595104,38.073619846228105,38.678343635985584,14765700
2018-12-19,38.11341857910156,38.79770703015202,37.89062409625865,38.38395235195623,17903800
2018-12-20,37.82696533203125,38.2964208408246,37.47686106664308,38.04180121252706,21130000
2018-12-21,37.85084533691406,38.78975661156726,37.580311528364724,37.60418117652001,32477700
2018-12-24,36.56978225708008,38.08954465747827,36.46634510855499,37.89062286142979,10733700
2018-12-26,37.34954833984375,37.365462444784484,36.331069906078156,36.50612202512105,14342600
2018-12-27,37.81901931762695,37.83493342909239,36.625488275477,37.190428608927505,16966500
2018-12-28,37.556434631347656,38.200939289592554,37.42116623552837,38.105457680094354,13218200
2018-12-31,37.675785064697266,37.82696756469464,37.365467564100335,37.787183814544754,10576300
2019-01-02,37.34159469604492,37.57234467641323,37.047191327995364,37.34955023126558,11603700
2019-01-03,37.1108512878418,37.6917025915864,37.023325208387455,37.25407522962056,14714400
2019-01-04,37.85084533691406,37.85084533691406,37.11085589103813,37.19838198134912,13013700
2019-01-07,37.35750961303711,37.99405868019927,37.31772586545923,37.85083476067461,13135500
2019-01-08,37.77921676635742,37.85082871468102,37.42911559416699,37.59620912848709,15420700
2019-01-09,37.05514907836914,37.620086207272834,36.943753366788755,37.460951210903985,18032500
2019-01-10,37.45299530029297,37.46890940812138,36.87214402343181,37.1267636780749,15976600
2019-01-11,37.66783142089844,37.683745528818896,37.37342801263428,37.628047668750156,11088600
2019-01-14,37.51664733886719,37.715569110472416,37.38933752645206,37.59621483338714,11514300
2019-01-15,37.85084533691406,37.87471498506934,37.246124312965904,37.30977771981539,11342900
2019-01-16,37.333641052246094,37.77127142976722,37.28590176401158,37.715573569956476,16907800
2019-01-17,37.44503402709961,37.508687413355226,37.301810113892905,37.3336352893681,12044600
2019-01-18,37.88267135620117,37.946324759351036,37.492783258923794,37.59622345376164,12760700
2019-01-22,37.97018814086914,38.02588599322221,37.56438603337643,37.95427403515322,11700400
2019-01-23,38.40781784057617,38.42373194729319,37.91449267357067,38.049758027707064,12058300
2019-01-24,37.94631576538086,38.280505917453155,37.69965471309247,38.280505917453155,10272000
2019-01-25,37.69169616699219,38.21684951889936,37.58825903190972,38.09749827796452,12066500
2019-01-28,37.532562255859375,37.636002437580125,37.34955457146461,37.57234904250205,9966900
2019-01-29,37.715576171875,37.89858387177928,37.50074025408147,37.55643811773469,11998600
2019-01-30,38.08159637451172,38.10546602328612,37.548484281201794,37.596226614056896,12952500
2019-01-31,38.296417236328125,38.81361197968251,37.77126392297922,38.07362280605836,32181500
2019-02-01,38.749961853027344,38.81361524180772,38.511256333316545,38.574909722096926,19130100
2019-02-04,39.18759536743164,39.346733417609286,38.62265817284156,38.749968005922504,15105700
2019-02-05,39.1955451965332,39.362641794305915,39.068235381990675,39.251246085994374,12651900
2019-02-06,39.1955451965332,39.27511572768816,39.00458199237211,39.15576144860842,8689100
2019-02-07,39.32286071777344,39.354688934854465,38.98867354434019,39.123938913975785,10047800
2019-02-08,39.386512756347656,39.386512756347656,39.0761952627041,39.2830725800313,9813300
2019-02-11,39.47404479980469,39.68888072067962,39.37060460783395,39.44221658145893,9369300
2019-02-12,39.513824462890625,39.62522018025828,39.354686422948696,39.53769410652494,10983300
2019-02-13,39.61726379394531,39.736615044861196,39.434256114296495,39.474039864601785,12748800
2019-02-14,36.27538299560547,37.365473712678416,36.20377101942952,37.15859635667349,58905400
2019-02-15,35.99688720703125,36.80848541104918,35.965058993260406,36.52204059302814,35701600
2019-02-19,35.670658111572266,36.27537903919891,35.622915787560004,36.06054313410233,25511300
2019-02-20,35.885498046875,35.99689682483697,35.64679245042631,35.73431854402897,27464000
2019-02-21,36.490203857421875,36.52998759769167,35.774084391346264,35.80591259768403,23121200
2019-02-22,36.02870559692383,36.561817453566604,35.96505221668131,36.41063498429382,24728400
2019-02-25,35.7581787109375,36.25946245526671,35.678611211655955,36.156022277956275,23774400
2019-02-26,35.559268951416016,35.91732888986817,35.53539930062139,35.88550066527097,20463200
2019-02-27,35.7581787109375,35.821835138607156,35.34442103700131,35.48764496395251,17827500
2019-02-28,36.076454162597656,36.29129004935571,35.8934464891309,35.90140202480099,22533900
2019-03-01,36.108272552490234,36.31514981199094,35.96504866694949,36.17988449526061,16291600
2019-03-04,36.3231201171875,36.33903118934004,36.04462778962794,36.227635472438465,15973800
2019-03-05,36.283329010009766,36.362899537824795,36.12419402499025,36.32311579156992,13062300
2019-03-06,36.163970947265625,36.43450462017769,36.15601237833323,36.33902000481717,14232100
2019-03-07,36.02870559692383,36.22762734255226,35.909354370729744,36.195802170083475,12084000
2019-03-08,35.678619384765625,36.00485106304059,35.495611666251,35.925283545532054,15579100
2019-03-11,36.74483108520508,36.79257340464832,35.885487547059434,35.917315760021594,22126900
2019-03-12,36.641395568847656,36.80053361858378,36.52204430802494,36.56182806163251,19348500
2019-03-13,36.77666091918945,36.872142526979076,36.52999681081855,36.70504895452084,16222500
2019-03-14,36.68035125732422,37.00943086711541,36.624167157735755,36.792719456501146,18504100
2019-03-15,36.35928726196289,36.84086907089004,36.230866058609585,36.696394834392194,47254500
2019-03-18,36.44758987426758,36.66430130310489,36.4074588085875,36.463642912900426,24006400
2019-03-19,36.56797409057617,36.672314214622375,36.39139378557023,36.55994604300152,14987000
2019-03-20,36.54389190673828,36.84086842197681,36.26297148616448,36.439551785841125,13376100
2019-03-21,36.52783966064453,36.72849798303432,36.47165557531963,36.54389269385208,20043000
2019-03-22,36.86494064331055,37.00941485454488,36.48770208488729,36.48770208488729,19055900
2019-03-25,36.94521713256836,37.08166641271623,36.75258681704669,36.808770914224155,11668200
2019-03-26,37.434810638427734,37.55520683890449,37.057572067949614,37.057572067949614,11434900
2019-03-27,37.410736083984375,37.65152544541116,37.18599975489308,37.44284214865537,11543600
2019-03-28,37.38666915893555,37.65956160419715,37.30640397344352,37.46693128262381,11121100
2019-03-29,37.61140441894531,37.651535479577596,37.30640284689335,37.4589021020175,16045600
2019-04-01,37.4990348815918,37.86021747615188,37.394691678241514,37.71574627540998,11522700
2019-04-02,37.378623962402344,37.66757237401382,37.378623962402344,37.52309816820808,8495000
2019-04-03,37.065608978271484,37.394688534895586,36.9532407972491,37.25823927093748,12854500
2019-04-04,37.306392669677734,37.35455176638083,37.00941922784903,37.19402450584,7814900
2019-04-05,37.298370361328125,37.38666051405222,37.08165900331527,37.3144233947146,7677600
2019-04-08,37.362579345703125,37.378632379052064,37.13784300242408,37.35455435993018,9421300
2019-04-09,37.45889663696289,37.49903075354349,37.13784513694066,37.28231938358179,8641800
2019-04-10,37.434810638427734,37.7237590701299,37.370601576828676,37.595337885129226,8059900
2019-04-11,37.49099349975586,37.523099560415545,37.3545473346559,37.49902154582202,7352400
2019-04-12,37.51508331298828,37.66758254393342,37.37863405430837,37.458896162847246,10690000
2019-04-15,37.72376251220703,37.75586857683734,37.482973151085424,37.62744738011896,10261300
2019-04-16,37.68363571166992,37.80402887490529,37.482977377807785,37.763897820493504,10804600
2019-04-17,37.9484977722168,38.16520910966354,37.844157657811245,37.88428870656744,11849300
2019-04-18,38.109039306640625,38.18930449602722,37.940487001634644,37.9886461152666,12167000
2019-04-22,38.04482650756836,38.21337879614051,37.73982494124474,38.04482650756836,9834700
2019-04-23,38.69495391845703,39.10429865055657,38.16521601829545,38.59863877164674,25327800
2019-04-24,38.510353088378906,38.71101145361335,38.462193978473316,38.55048414906506,15997300
2019-04-25,38.397987365722656,38.43811842899237,38.10101382336213,38.317725239183225,11444400
2019-04-26,38.73508071899414,38.88758300164327,38.510344380525495,38.51837242792965,10154300
2019-04-29,38.86351776123047,38.887598851454925,38.6147033027435,38.662859359583955,9731500
2019-04-30,39.377197265625,39.47351242013421,38.83943127419115,38.95179946475249,17912900
2019-05-01,38.99995040893555,39.39324205537491,38.967844343552144,39.28889887378032,10551200
2019-05-02,38.83943176269531,39.144433327914804,38.743116606974695,38.95179995466997,8724600
2019-05-03,39.104305267333984,39.29693559354924,38.94377795428539,39.00798704242253,7076900
2019-05-06,38.90363311767578,39.0160012784848,38.735077814659505,38.79126495686676,8657800
2019-05-07,38.526397705078125,38.75916209271236,38.34179241682432,38.71100299333193,12487500
2019-05-08,38.40599822998047,38.710999709914006,38.381920213234025,38.56652548582984,9281400
2019-05-09,38.04482650756836,38.510352313406244,37.77995600112331,38.36587804840051,11450500
2019-05-10,38.678897857666016,38.76718801108616,38.04481987381807,38.05284485967305,9653800
2019-05-13,38.56653594970703,38.630748094189926,38.309693495382604,38.45416775866554,11911500
2019-05-14,39.0802116394043,39.58587144161034,38.80731621333469,38.951790442536414,16844200
2019-05-15,39.4734992980957,39.63402654344991,39.00797059274875,39.06415466935234,11422500
2019-05-16,39.79456329345703,39.85877236985308,39.49758674699008,39.54574585063958,17771300
2019-05-17,39.48955535888672,39.77047576346,39.46547428006417,39.54573943980137,11257000
2019-05-20,39.20865249633789,39.44141698918747,39.136415345515765,39.36115484907594,13850500
2019-05-21,39.007991790771484,39.35312448420681,38.88759858768273,39.3290464559499,10587400
2019-05-22,39.850746154785156,39.898902195146604,39.10429691115088,39.15245295151234,16050400
2019-05-23,40.01127624511719,40.05141036704739,39.69824968960482,39.730355762427536,12199400
2019-05-24,39.81864547729492,40.04338186088149,39.754433332382426,39.98719776498485,6887600
2019-05-28,39.40929412841797,39.86679486822503,39.35311004190153,39.81061078170859,18614000
2019-05-29,39.016014099121094,39.3531186923205,38.85548679015787,39.12035730921776,12534600
2019-05-30,39.529693603515625,39.57785270812444,39.0641647777071,39.104298895782776,9087200
2019-05-31,39.43337631225586,39.57785055642444,39.152452810015546,39.32903312217785,11368600
2019-06-03,40.1156120300293,40.1156120300293,39.34508479564339,39.45745296793262,14167200
2019-06-04,40.13166809082031,40.35640445235185,39.82666655602515,40.13166809082031,12010600
2019-06-05,40.757728576660156,41.04667712957196,39.88285793003446,40.13970040777743,15837600
2019-06-06,41.25535202026367,41.36772019012959,40.60521795800702,40.86206036392997,15190400
2019-06-07,41.32758331298828,41.88942408312395,41.29547725132265,41.311530282155466,15293600
2019-06-10,41.23931121826172,41.367732459311426,41.00654676204542,41.367732459311426,9737400
2019-06-11,41.19917297363281,41.40785630578925,41.078776741594204,41.29548812218168,9915600
2019-06-12,41.4479866027832,41.84930328648452,41.31154039999035,41.33561842123537,11088100
2019-06-13,41.35901641845703,41.820088709563464,41.07589985074072,41.62595154639498,10353600
2019-06-14,41.50461196899414,41.68256766429863,41.2942964849456,41.2942964849456,8694300
2019-06-17,41.1486930847168,41.64212199023842,40.9383806931314,41.45607558230001,12322400
2019-06-18,40.962646484375,41.49651972203563,40.87366709714741,41.45607538757898,9221100
2019-06-19,41.350914001464844,41.44798409844323,40.825131528502844,40.88175420888791,9414100
2019-06-20,41.7877197265625,41.8928774542938,41.536959940650824,41.658296017702675,10656600
2019-06-21,41.69874572753906,41.97377153005924,41.585500353390465,41.6825673761314,21264400
2019-06-24,41.998043060302734,42.224536924214235,41.820087342728854,41.85244404981699,10780000
2019-06-25,41.86860656738281,42.14363232246732,41.77153956138371,42.062743665085485,11519900
2019-06-26,41.350914001464844,41.77154183125723,41.326648020072575,41.674474819983494,12405100
2019-06-27,41.31856155395508,41.577408981791365,41.22958217206671,41.488429599903,12374900
2019-06-28,41.18912887573242,41.57740304777628,40.86557117996827,41.47224533094339,16339900
2019-07-01,41.73918533325195,41.76345440046574,41.07588842922891,41.310469869499286,14976400
2019-07-02,42.04656982421875,42.10319250759736,41.6987430059188,41.88478940640636,8569200
2019-07-03,42.14363479614258,42.32968427330928,42.06274613401288,42.06274613401288,7253700
2019-07-05,42.151729583740234,42.15981721645224,41.64212232314493,41.97377080702648,8916300
2019-07-08,42.062744140625,42.32968226727098,41.97376476507634,42.224524542922154,9495100
2019-07-09,41.731101989746094,42.03848449183616,41.60167826555632,41.83625972993308,10584900
2019-07-10,41.91714859008789,42.038484682060776,41.78772486531248,41.90097023877784,7620900
2019-07-11,42.0951042175293,42.11128256762823,41.78772173705916,42.054659885134356,10376500
2019-07-12,42.159820556640625,42.29733500927925,41.98995248488574,42.264978304457784,7347400
2019-07-15,42.167911529541016,42.297335263900784,41.95759603264064,42.28924454479411,5876100
2019-07-16,42.17599868774414,42.44293687256274,41.90906358863073,42.03039660251675,7132500
2019-07-17,42.2083625793457,42.2730729139623,42.07084810401362,42.24071928950686,8264200
2019-07-18,42.087013244628906,42.20025860893052,41.795809116022056,42.09510396248174,11911800
2019-07-19,41.5693244934082,42.18408954092466,41.55314614103091,42.17599882188341,10355500
2019-07-22,41.43180847167969,41.6744775586636,41.35900743701403,41.6744775586636,12090700
2019-07-23,43.947479248046875,44.198235935219614,42.67750512088575,43.073866944374934,33417900
2019-07-24,43.50259017944336,44.343845936999244,43.37316645410438,43.77761598150182,15633400
2019-07-25,42.92827606201172,43.51877204947108,42.64516260422479,43.38126068017607,19135000
2019-07-26,43.818058013916016,43.9313064676269,43.025337352168975,43.14667343829249,11451900
2019-07-29,43.67245864868164,43.92321536544384,43.59965761478508,43.81805763076995,12283900
2019-07-30,43.45404815673828,43.92320789539992,43.332712092311425,43.6481821569761,8127100
2019-07-31,42.572357177734375,43.284186108527074,42.09510662251623,43.284186108527074,16865500
2019-08-01,42.087013244628906,43.03342666260117,42.070834894628,42.693687483991596,19527200
2019-08-02,42.329681396484375,42.65323910871808,41.989942250078855,41.989942250078855,13102300
2019-08-05,41.77963638305664,42.59662305052096,41.577411624350084,42.37821994083328,19986500
2019-08-06,42.281150817871094,42.677509597228955,41.747277604865246,41.95758998575037,19903100
2019-08-07,43.01725769042969,43.18712577391361,41.87670999521484,42.28115957629394,17937000
2019-08-08,43.42978286743164,43.5025838952749,42.75030763612937,43.041511747502426,10799000
2019-08-09,43.21138381958008,43.59965806147629,42.93636111726961,43.51067867627945,9260900
2019-08-12,43.03342056274414,43.22755456382763,42.86355254037,43.09813086787053,6588600
2019-08-13,43.27610778808594,43.36508719500798,42.766500421163244,42.79076949577282,8581200
2019-08-14,42.86356735229492,43.65628814967763,42.84738899899666,43.14668082075111,17088900
2019-08-15,43.57538986206055,43.68054759990956,43.05769497681144,43.219475399878014,12393200
2019-08-16,44.012184143066406,44.07689752902553,43.64009143091369,43.664357407796324,14288700
2019-08-19,44.23868179321289,44.31148282103614,43.93130241858547,44.03645705878216,10936200
2019-08-20,43.58348083496094,44.23059944530271,43.551124133017616,44.18206439238772,8176700
2019-08-21,43.761444091796875,44.0122039466635,43.55921929823828,43.882780202214214,10886500
2019-08-22,44.07691192626953,44.198244936018874,43.761438695229025,43.77761704700329,7467900
2019-08-23,43.47023010253906,44.25485997081159,43.187113624010074,44.020278539211596,14160400
2019-08-26,44.11735534667969,44.11735534667969,43.462145999101466,43.68054911496087,9226900
2019-08-27,44.26295852661133,44.449004944228996,44.012198701628336,44.246780174769995,13537000
2019-08-28,44.57841873168945,44.61077542815615,44.020276517604294,44.21441361070009,10046400
2019-08-29,44.5298957824707,44.764477267016126,44.165890562608034,44.699763856504866,9262800
2019-08-30,44.52180480957031,44.66740688659423,44.335758396863085,44.61887183235125,8746700
2019-09-03,44.73211669921875,44.756385768917504,44.38428986201814,44.473269250935274,12991400
2019-09-04,45.112300872802734,45.23363388018154,44.73211732779807,44.77256166359101,10718100
2019-09-05,44.586509704589844,45.11229526161447,44.513708674935735,45.0961169121686,13677000
2019-09-06,44.67548370361328,44.845351723781505,44.29530025168072,44.845351723781505,9093500
2019-09-09,44.101173400878906,44.55415794711657,43.971749685625966,44.5137105289649,10814900
2019-09-10,44.004112243652344,44.036465862493884,43.55921527039787,43.866597792181366,12038200
2019-09-11,44.303401947021484,44.327667931429026,43.65628331527826,43.91513076797555,9740400
2019-09-12,44.57841873168945,44.740199128318544,44.473261011024874,44.570328014720566,12357900
2019-09-13,44.21175765991211,44.64361071869657,44.05694428911184,44.3910175374553,11486100
2019-09-16,43.967315673828125,44.276945533014356,43.69842895768474,44.081389014511096,11172000
2019-09-17,44.195457458496094,44.57027068378457,43.96730771018867,44.081381030209954,11347400
2019-09-18,44.187313079833984,44.236202983747134,43.85323984042388,44.162869682010026,9700400
2019-09-19,44.423606872558594,44.48879029881332,44.105830287437286,44.18731034732197,7560300
2019-09-20,43.926578521728516,44.56213180910775,43.91843175754457,44.56213180910775,19211500
2019-09-23,44.11399459838867,44.293254531361484,43.902144493456845,43.926587899492674,6485300
2019-09-24,44.244354248046875,44.496947448230706,44.03250419273488,44.203614211440595,10093000
2019-09-25,44.138431549072266,44.391024771476474,43.99991479077262,44.35843149601803,10248400
2019-09-26,44.317684173583984,44.47250065243937,44.105834134446766,44.38287071378948,10031200
2019-09-27,44.25250244140625,44.5213891594187,43.99990925080569,44.456205724974794,7939900
2019-09-30,44.358428955078125,44.55398548836109,44.12213549220433,44.12213549220433,9808700
2019-10-01,44.52954864501953,44.63547213739223,44.008065515556396,44.43176880984551,14261500
2019-10-02,43.250274658203125,44.358417704873325,43.10360807250497,44.171011091651195,14343600
2019-10-03,43.869544982910156,43.983618339231775,43.03843510479658,43.5925083568723,13817500
2019-10-04,44.43991470336914,44.43991470336914,43.91028485587688,43.99991480929241,9295400
2019-10-07,43.893978118896484,44.293237880903156,43.81249805722905,44.26879448405595,5964900
2019-10-08,43.65769958496094,44.05695637485758,43.55177298205796,43.90214296158874,13301900
2019-10-09,43.86140060424805,44.05695405193317,43.62510400571802,44.04880728672379,7135000
2019-10-10,43.722877502441406,43.902137406476875,43.47843415674399,43.63324755042367,8942900
2019-10-11,43.42953872680664,43.75546521850649,43.348058658014374,43.71472518411036,8981700
2019-10-14,43.42953872680664,43.73916858309496,43.3643552934259,43.58435520908349,7306300
2019-10-15,43.600650787353516,43.73917064073528,43.40509736974641,43.53546735090632,9564300
2019-10-16,43.5843620300293,43.649545473611234,43.2910287632459,43.55991551895343,10454800
2019-10-17,43.828800201416016,44.097686925335324,43.65769018544322,43.747317021239326,13190300
2019-10-18,44.63546371459961,45.132500237344495,44.36657698927572,44.81472360365921,18122400
2019-10-21,44.187313079833984,44.45620288895845,43.739166506225104,44.366572952583624,12778900
2019-10-22,43.87769317626953,44.34213648970962,43.78806632786003,44.18732308798491,9533400
2019-10-23,44.52138900756836,44.537685643190116,44.00805586441214,44.048799007599236,8556600
2019-10-24,44.496952056884766,44.66806209331275,44.39917533724961,44.464358780917756,11051400
2019-10-25,43.79620361328125,44.45620333554526,43.731017074075545,44.44805346401191,9782400
2019-10-28,43.649539947509766,43.95916981305548,43.48657669678752,43.78805979851659,8866100
2019-10-29,43.5191650390625,43.72286830232496,43.39694183779897,43.502868405009686,7999700
2019-10-30,43.951019287109375,44.04064922908645,43.31546603783985,43.60879926312284,8620900
2019-10-31,44.35028839111328,44.38288166926136,43.877695182764484,43.96732514353864,13982000
2019-11-01,43.91843032836914,44.60287350337607,43.877687183978374,44.513243558941205,9889500
2019-11-04,43.299163818359375,43.99990351988739,43.160647095541755,43.96731025277794,17515100
2019-11-05,42.71249771118164,43.095460831455604,42.4680544228586,43.095460831455604,19284000
2019-11-06,43.022132873535156,43.022132873535156,42.70435624844998,42.80213295426109,13288900
2019-11-07,42.6065788269043,43.185095396611054,42.337689005108956,43.087318692442466,11725500
2019-11-08,42.54140090942383,42.859177593591575,42.4436241854336,42.745104230891975,7141800
2019-11-11,42.239906311035156,42.6717562091171,42.19101641175109,42.63916605119267,8198300
2019-11-12,42.13397979736328,42.296943020228206,42.028056344526284,42.296943020228206,12656900
2019-11-13,42.70435333251953,42.736946601652846,42.33768682543274,42.516946697400776,12257900
2019-11-14,42.88361740112305,42.91620756518045,42.65546760312805,42.80213422031572,8660300
2019-11-15,42.91619873046875,42.92434860100452,42.67990532543458,42.891755335391224,8982400
2019-11-18,43.20954132080078,43.543614595477,42.91620808288692,42.92435795519873,13782000
2019-11-19,43.250274658203125,43.437681271425255,43.0791615693787,43.30731131838965,12679500
2019-11-20,43.364356994628906,43.5110236108211,43.19324387022768,43.26657717832378,11970300
2019-11-21,43.15250778198242,43.46213767874373,43.00584115237263,43.27473100941251,7856100
2019-11-22,43.20954132080078,43.33991130339966,42.98139462831914,43.152504647680374,9113300
2019-11-25,43.364356994628906,43.50287373866291,42.99769045414843,43.413243794515964,10963500
2019-11-26,43.91843032836914,43.95102049231003,43.36435713392232,43.43769044225397,13219800
2019-11-27,43.95915603637695,44.081376104916096,43.67396965992329,43.9428594055855,9595200
2019-11-29,43.83604049682617,44.10693574018877,43.68827831627075,44.08230975392404,7222300
2019-12-02,44.12335205078125,44.12335205078125,43.384541182453894,43.77036498385633,13173800
2019-12-03,44.16439437866211,44.1972311116344,43.83603644338877,44.09051329521604,14498300
2019-12-04,44.56663131713867,44.583049681704814,44.09871888719345,44.16438921397519,13624000
2019-12-05,44.484554290771484,44.56664614090763,44.18903302473303,44.500972660798716,14068100
2019-12-06,44.67335510253906,44.73902857420042,44.46813020082255,44.583058776229926,7843500
2019-12-09,44.38603973388672,44.74723441926102,44.34499538146654,44.57484626020624,13887200
2019-12-10,44.1397705078125,44.386039753928145,44.10693377326819,44.361413768761594,8993900
2019-12-11,44.287532806396484,44.45171334809668,44.049471177505374,44.279322056995625,8879100
2019-12-12,44.44350051879883,44.697980503098975,44.27931998478206,44.33678270196545,11233300
2019-12-13,44.67335510253906,44.78007292824703,44.197234958928156,44.27932366702137,13072200
2019-12-16,44.67335510253906,45.00992694757829,44.63231074849246,44.89499837217092,9538100
2019-12-17,44.67335510253906,44.80470204586178,44.56664040831458,44.65693986610721,9230000
2019-12-18,44.254695892333984,44.94425165949238,44.23827752508219,44.763652751206045,15132100
2019-12-19,44.59125900268555,44.60767736787926,44.262897961777156,44.361408152939454,13385900
2019-12-20,45.124847412109375,45.313653925076316,44.714397653968255,45.10021829721237,23832800
2019-12-23,45.07558822631836,45.34648654523819,45.018125515908004,45.14946930134351,9300800
2019-12-24,44.911415100097656,45.149476728951775,44.85395238023402,44.98529618727709,3359300
2019-12-26,45.1658935546875,45.1658935546875,44.97708703422504,45.08380172091039,6228500
2019-12-27,45.43678665161133,45.51887848154764,45.14947307554204,45.15768069279411,6895500
2019-12-30,45.3711051940918,45.469612234378204,45.19871709072001,45.29722413100641,6431700
2019-12-31,45.43678665161133,45.461415766333786,45.13305470955478,45.31365360393154,7982600
2020-01-02,45.141258239746094,45.502452839257835,44.9524486268267,45.41215340650924,11867700
2020-01-03,44.894989013671875,45.14126134958225,44.402450604816785,44.59125709926066,11354500
2020-01-06,44.878578186035156,45.075595461553746,44.75544512888398,44.862162950268356,14698300
2020-01-07,44.533790588378906,44.82110411377542,44.45170190440349,44.6979710878123,9973900
2020-01-08,44.61589050292969,44.853952130458126,44.45171309365263,44.55022016551553,10676000
2020-01-09,45.42858123779297,45.47783633814379,45.018131462652626,45.149475265438205,15398000
2020-01-10,45.58454513549805,45.912906165779454,45.51887480833148,45.54350078958359,13040100
2020-01-13,46.07708740234375,46.159176095457916,45.494246407894636,45.584545849209974,14302900
2020-01-14,45.970375061035156,46.20843668344294,45.83082363985471,46.16739233200653,16345300
2020-01-15,46.545005798339844,46.774856673657986,45.97037547856117,45.97037547856117,17735400
2020-01-16,46.64350128173828,46.75021907511786,46.47111316807455,46.66812726040951,10234100
2020-01-17,46.74202346801758,46.91441476900275,46.62709802168317,46.68456074485037,14264300
2020-01-21,46.930816650390625,46.99649010474037,46.4382782686982,46.66812909595698,11968900
2020-01-22,47.29202651977539,47.31665250573335,46.939039440788434,46.99650216234599,12869600
2020-01-23,47.472618103027344,47.48903333680872,46.98828728791933,47.10321271328682,12858900
2020-01-24,47.3494873046875,47.50545709518103,47.1688883977599,47.48903872805276,8594300
2020-01-27,47.185306549072266,47.48903851084766,46.89799295435005,46.96366329107942,14359900
2020-01-28,46.79948425292969,47.40695132744577,46.76665064925366,47.16068207671676,15240200
2020-01-29,46.79948425292969,47.0047091504511,46.51217064899308,46.791276634881534,13163600
2020-01-30,48.31814193725586,48.4166489940517,47.41515066693153,47.554705201251615,20225600
2020-01-31,47.940528869628906,48.49874074308562,47.73530400825461,48.40844130304367,17685200
2020-02-03,48.08830261230469,48.40845297218546,48.039047506367794,48.227854048567124,12333600
2020-02-04,48.301727294921875,48.80247649707226,48.121128400642554,48.22784621376062,15417900
2020-02-05,48.3099365234375,48.498746172744895,48.05545967099255,48.35098400549411,11414900
2020-02-06,48.424869537353516,48.712183149242655,48.30173334283902,48.41665878759468,9347000
2020-02-07,48.58903884887695,48.695756657554114,48.3099329018249,48.334562015509164,8757800
2020-02-10,49.048736572265625,49.122617639642144,48.67112361966675,48.69574959829808,7984900
2020-02-11,48.91740417480469,49.08979232827311,48.695760921138174,49.02412199282559,7431200
2020-02-12,48.76963806152344,49.06516237584538,48.69575698294295,48.82710077469904,9179100
2020-02-13,48.93382263183594,49.122629152385464,48.60546155954259,48.745016111286404,8173200
2020-02-14,49.212921142578125,49.311428196737985,48.94202282928502,48.9502335771633,9965500
2020-02-18,48.8681526184082,49.19651371390758,48.80248227819842,49.098006637851164,10075700
2020-02-19,49.065162658691406,49.2539691647115,48.818893439164455,48.851727038680494,6265700
2020-02-20,49.02411651611328,49.139041938920045,48.52336734689846,48.99127978631623,7597200
2020-02-21,49.360687255859375,49.360687255859375,48.78605698603489,48.85172731692404,10842400
2020-02-24,48.14575958251953,49.089792180686956,48.08008611578619,48.5233726217865,14415500
2020-02-25,47.46440505981445,48.59724715641968,47.3002245465918,48.18679743910445,15915100
2020-02-26,47.2838020324707,47.997986732589624,47.185294985775265,47.59574466706922,15837800
2020-02-27,45.09202194213867,47.52188436566345,45.050977582369896,46.91442032552422,23754000
2020-02-28,43.909912109375,44.23827000413662,42.34199431544926,44.18901804223793,40890600
2020-03-02,45.904701232910156,45.93753796639462,44.08230636528785,44.27111288559865,25698600
2020-03-03,46.019630432128906,47.1935170527128,45.67485098877339,46.59425761858258,27099200
2020-03-04,48.367393493652344,48.4330669519532,46.306937277447126,46.306937277447126,20526100
2020-03-05,46.57783889770508,47.751722298964644,46.12634166858632,47.44799036149817,17948500
2020-03-06,45.3629035949707,45.8964895061295,44.312153269408384,45.10021601358012,22353900
2020-03-09,42.57184982299805,43.983798006595464,42.259907127009114,42.72781960525093,27898300
2020-03-10,44.049468994140625,44.16439442818933,42.005427770829456,43.688274325489935,27457400
2020-03-11,42.85916519165039,43.22036300148847,41.98080291469863,42.97409062878676,22653900
2020-03-12,38.713626861572266,40.98751923806115,38.327803029051985,39.84646924054687,31913100
2020-03-13,40.13794708251953,41.040574838712445,38.59768291516777,40.999167374407236,33697200
2020-03-16,37.4797477722168,39.64936875644231,34.09282378211159,34.97889234462791,28682300
2020-03-17,39.06970977783203,39.33470119633368,37.5708495002877,37.993181745300696,32106700
2020-03-18,37.14023208618164,37.388664267852214,34.44063123040528,37.049143866375026,35408300
2020-03-19,34.63938522338867,36.98290392238268,33.98518620732586,36.73447483597638,41956900
2020-03-20,31.716188430786133,34.83812178024902,31.0619895170401,34.73875079301758,51513500
2020-03-23,31.103389739990234,32.20475941900189,30.035141609703345,32.09710569854494,44978500
2020-03-24,32.66849899291992,34.28329231936583,32.155078610405845,34.13423427945105,49096200
2020-03-25,34.45719528198242,35.980897364332925,33.04942653867817,33.645658749712105,42511700
2020-03-26,36.67649459838867,37.488030998801186,35.152792763608055,35.47575077246195,37821700
2020-03-27,35.450904846191406,36.461183065427754,35.11138452123697,36.154787445089774,23297900
2020-03-30,37.264442443847656,37.72817886481385,35.64136970888487,35.64136970888487,23446000
2020-03-31,36.64337921142578,37.686782517678914,36.48604154525296,37.3224201101986,25373900
2020-04-01,34.8795166015625,36.14650976943874,34.6145252684391,35.177632641062786,21936400
2020-04-02,36.39494705200195,36.59368901770975,34.664220235809175,34.96233634331746,17621900
2020-04-03,36.29558181762695,36.717910930854266,35.86496994513115,36.088557061173994,14207100
2020-04-06,38.64736557006836,38.928919259943726,37.007730491010356,37.58740022415916,22850000
2020-04-07,38.51487350463867,40.24560010981101,38.49003155169072,40.162791494020375,21279600
2020-04-08,39.59968185424805,39.82326889515512,38.36581648943565,38.62252507944501,18937100
2020-04-09,40.57685089111328,41.18136278041745,40.0385852789789,40.113114315136784,19165300
2020-04-13,38.86267852783203,40.27872677566081,38.50659577653759,40.03857735568151,19586000
2020-04-14,40.510589599609375,40.78386370519719,38.86267484530257,39.69905319835614,21801900
2020-04-15,39.42578887939453,40.07998776430985,39.260168468676575,39.508597505280214,12893200
2020-04-16,39.003456115722656,39.62453027781344,38.72190236921697,39.25188830771621,17606800
2020-04-17,39.798431396484375,39.99717334911866,39.22704117503143,39.99717334911866,19844600
2020-04-20,38.531436920166016,39.7487431912612,38.349257328622876,39.57484319794654,18957900
2020-04-21,37.57912826538086,38.837838948970344,36.65165524024342,37.993177707655825,26863700
2020-04-22,37.827552795410156,38.216760235674556,37.67849476122149,38.133948461710766,15811600
2020-04-23,37.32240676879883,38.17534738722752,37.23959816545563,38.051134482212724,17668200
2020-04-24,37.62053298950195,37.88552438274202,37.36382119526151,37.67849965933906,15175000
2020-04-27,38.738460540771484,38.90408093122526,37.85239508463193,38.09254449284259,19175500
2020-04-28,38.705345153808594,39.748748409624696,38.56456669387222,39.665939780683324,17246700
2020-04-29,39.020015716552734,39.63281023647177,38.82127376773046,39.1442318037764,15780000
2020-04-30,38.001461029052734,38.92065138637522,37.84412336279677,38.92065138637522,20801100
2020-05-01,37.76129913330078,38.41549785884985,37.438341148495645,37.77786148623256,14290400
2020-05-04,37.3803825378418,37.66193628038736,36.933208389278875,37.52944058736277,22544200
2020-05-05,37.595699310302734,38.175366136288226,37.38867454132298,37.562574589118626,13370500
2020-05-06,37.05742263793945,37.78615049275475,37.032580683905344,37.59568814095175,11892900
2020-05-07,36.93321228027344,37.463198267153466,36.85040364801394,37.38866923454118,16466000
2020-05-08,38.183631896972656,38.27472326020207,37.16507086612216,37.33069123936239,13985100
2020-05-11,37.711612701416016,38.18362867196922,37.695050349596265,37.835825601645716,10874600
2020-05-12,37.115394592285156,37.968335497762006,37.098832234253486,37.76131076078632,13424400
2020-05-13,36.38666915893555,37.08227244980802,36.03886909297281,37.02430577214757,15854800
2020-05-14,36.18792724609375,36.4860433941145,35.79871970185031,35.922935816507966,18000800
2020-05-15,35.82355880737305,37.007740546037766,35.77387489262559,36.403228698018545,31579400
2020-05-18,37.23960876464844,37.5874087884161,36.544005558166496,37.115392665333346,26118500
2020-05-19,36.883522033691406,37.537720856671925,36.6433726188333,37.27272632924299,17839900
2020-05-20,38.001461029052734,38.233327728576654,37.28101581342708,37.43007387996299,22295900
2020-05-21,37.40523147583008,38.16708422215214,37.28929811765972,38.158804621831585,13193500
2020-05-22,37.28928756713867,37.52115737682192,36.97461230083731,37.446628359235554,13008400
2020-05-26,38.16707992553711,38.86268315519961,38.03458422269409,38.854400396864385,22223100
2020-05-27,38.69705581665039,38.99517188447126,38.23331936015724,38.920642867516044,18447600
2020-05-28,38.995174407958984,39.30157009351542,38.77158734262438,39.169074405792664,16230600
2020-05-29,38.6556510925293,39.077980078092246,38.20847699561831,38.6556510925293,51125000
2020-06-01,38.9123649597168,39.1111069075987,38.581124167985216,38.6390908326963,17010700
2020-06-02,38.83782958984375,39.15250481570088,38.55627591058762,39.053133858006305,15255100
2020-06-03,39.66593933105469,39.848118944449965,39.020020028636274,39.14423612958699,15508300
2020-06-04,39.682498931884766,39.972335450726554,39.235327913610455,39.69906128944259,13604700
2020-06-05,40.651371002197266,40.98261179216274,40.12966786363285,40.19591728520446,20504800
2020-06-08,41.28072738647461,41.380101525269275,40.96605209046433,41.0240187586213,19896700
2020-06-09,40.57685089111328,41.06542942616007,40.311859464540134,41.06542942616007,16713700
2020-06-10,40.26217269897461,40.80043831527373,40.22076838055475,40.709346919381844,15716600
2020-06-11,37.711612701416016,39.68248518378195,37.64536329413702,39.59139698719174,26070400
2020-06-12,38.10435485839844,38.64751033272694,37.61133784232382,38.614084693891016,21822700
2020-06-15,38.689292907714844,38.814637466396555,37.160106505078424,37.24366741910321,15622300
2020-06-16,39.08205032348633,39.85082121047201,38.59738792179437,39.742192620558185,18803500
2020-06-17,38.923274993896484,39.324373178631916,38.80628523415926,39.090396846802484,12602800
2020-06-18,39.26587677001953,39.3076572299235,38.497102919678575,38.689295585352625,9380800
2020-06-19,38.455322265625,39.93437348980036,38.455322265625,39.91766066839419,30464600
2020-06-22,38.22135543823242,38.56396036439133,37.92053097864992,38.46368341943364,20876200
2020-06-23,38.13779067993164,38.68094629928137,38.087655395936125,38.43861513448564,14675300
2020-06-24,37.310523986816406,37.970662951491526,37.18517941037512,37.91216966585759,17631800
2020-06-25,37.54449462890625,37.58627508905579,36.792433595635444,37.16010929529885,13829700
2020-06-26,36.40805435180664,37.611349018663745,36.357915878653934,37.53614290275735,21955100
2020-06-29,37.068199157714844,37.24367904452877,36.391344067316865,36.76737467309352,17603900
2020-06-30,37.33558654785156,37.46093110724076,36.80078904472747,36.97626887775671,23679800
2020-07-01,37.45258712768555,38.04587813064956,37.36066817473281,37.54450608063829,14316500
2020-07-02,37.502716064453125,37.96230752461914,37.43586477471883,37.84532095522906,15111900
2020-07-06,37.7951774597168,37.82860310013705,37.277092783780915,37.71997136259348,15146000
2020-07-07,37.778480529785156,38.020811743293905,37.43587554048329,37.60300062523573,13043600
2020-07-08,37.66147994995117,37.75339887183467,37.160108069407144,37.719973229759816,13851200
2020-07-09,36.69216537475586,37.644774035139775,36.625317265987036,37.644774035139775,16087100
2020-07-10,37.72834014892578,37.811901086212835,36.650386844637524,36.667099669624015,15627800
2020-07-13,37.81190490722656,38.171222711632865,37.56957370190217,38.045878105390386,16705300
2020-07-14,38.32998275756836,38.388476046387304,37.32723565437264,37.52778635006985,17080100
2020-07-15,38.772865295410156,39.433004307629055,38.60574024400029,38.68930117588261,23738000
2020-07-16,38.56395721435547,39.01519067922567,38.38847416883622,38.65587295825745,13306100
2020-07-17,39.12382125854492,39.19902736503876,38.54724323385544,38.831354837538285,13899800
2020-07-20,38.53888702392578,39.13218108618675,38.31326869393556,39.04026215311906,16633200
2020-07-21,39.44136428833008,40.101506521249135,39.21574593577627,39.7087631089171,25681500
2020-07-22,40.51096725463867,40.54439291046344,39.29931432598166,40.051375643809045,29831200
2020-07-23,40.343833923339844,40.58616509710674,40.13492839857086,40.502604162257285,15935000
2020-07-24,40.519317626953125,40.77835844166644,40.16835468222052,40.444111509342235,16196800
2020-07-27,40.51096725463867,40.53603490268426,40.26028121124487,40.26028121124487,17346500
2020-07-28,40.26027297973633,41.179456013461866,40.19342168175503,40.3939723880536,13872700
2020-07-29,40.1265754699707,40.52767371390009,39.95945040475542,40.22684923404168,13758100
2020-07-30,39.85081100463867,40.302047638035425,39.44135802028023,39.834098182552324,17276500
2020-07-31,39.47477340698242,39.917651920432135,39.0486045236322,39.64189520912976,14849200
2020-08-03,38.689292907714844,39.575053259542436,38.630799630368585,39.39121542351446,14137500
2020-08-04,39.01519775390625,39.15725517959607,38.622457503777994,38.68095080034275,11717200
2020-08-05,39.458072662353516,39.49985312567406,39.115467762893076,39.190673871928055,10498700
2020-08-06,39.67533874511719,39.7171192145043,38.93999037085113,38.99012884670296,10745000
2020-08-07,39.94273376464844,40.17671010866159,39.44971662255508,39.66698014287835,11669700
2020-08-10,39.87588119506836,40.34382745543695,39.82574272960966,40.15999279071136,11888000
2020-08-11,40.05136489868164,40.653013791530974,39.85917221072035,40.49424356278177,16531600
2020-08-12,40.469181060791016,40.68644141766333,40.21013704621835,40.360549288532084,9562200
2020-08-13,40.427398681640625,40.71986514585872,40.15999986074254,40.3271217330698,9882900
2020-08-14,40.48588943481445,40.686436944085024,40.134926512123165,40.39397049821328,10075800
2020-08-17,40.285335540771484,40.736572182286984,40.27698072340043,40.37725447007778,9102400
2020-08-18,40.460811614990234,40.52766289829396,40.07642629892773,40.276976961194265,9829000
2020-08-19,39.58341598510742,40.42739604855952,39.4580745890256,40.21013252845207,17371000
2020-08-20,39.56670379638672,39.77560931418738,39.34944346043793,39.499855688266024,11308700
2020-08-21,39.508209228515625,39.69204709828042,39.249168434914466,39.558347698718336,14734100
2020-08-24,40.08479309082031,40.09314790924256,39.42465086787608,39.63355639253094,9257700
2020-08-25,40.03464889526367,40.15163546232644,39.817388583239236,40.10985500089615,7827800
2020-08-26,40.243560791015625,40.26027361577498,39.66698268122204,39.90931067111925,10124200
2020-08-27,40.30205154418945,40.79506868676383,40.27698390245276,40.31876436789564,10931600
2020-08-28,41.63905715942383,41.65576679885876,40.55274571269549,40.73658362293798,16420300
2020-08-31,41.38835906982422,41.83959574135068,41.237946845982066,41.61397740558745,18510800
2020-09-01,41.04574966430664,41.23794233203509,40.80342171921543,41.204519876341514,12588400
2020-09-02,42.77549362182617,42.91755103464288,41.246306855335256,41.246306855335256,26332600
2020-09-03,42.18220138549805,43.56933388348562,41.864664108808306,42.95097534153976,22289400
2020-09-04,42.6501579284668,43.009475730113955,42.01508327026199,42.56659379573157,21019500
2020-09-08,41.622344970703125,42.65015994458946,41.246314324733525,42.55824098805846,17776700
2020-09-09,41.93986511230469,42.416169375486334,41.40506756681265,41.446848027370805,15252300
2020-09-10,41.781097412109375,42.34932059192564,41.73931695222622,42.073563818936236,15439500
2020-09-11,42.66686248779297,42.78384906330899,41.86466290719931,42.11535206918521,18272300
2020-09-14,42.71739959716797,43.155440767470466,42.599466053903456,42.93642178904324,10911700
2020-09-15,43.00381851196289,43.281807523978166,42.826918166197856,42.96169984108292,12838400
2020-09-16,42.7848014831543,43.340776319567546,42.74268281031744,42.919583164301486,15353900
2020-09-17,42.58262634277344,42.65001878846989,42.06877019140834,42.30464053789726,13287100
2020-09-18,42.498382568359375,43.09647597289445,42.29620847531113,42.75109777458353,23816600
2020-09-21,41.35273361206055,42.13615293900145,40.94838867129233,41.908708307297836,17514800
2020-09-22,41.83289337158203,42.15300098761901,41.335885446727744,41.36958166177331,13034600
2020-09-23,40.6114387512207,42.05191841109424,40.57774253131236,41.8918661867022,17121200
2020-09-24,41.024208068847656,41.36116061655821,40.06388832702772,40.61143742210048,16788100
2020-09-25,41.04105758666992,41.074750593183424,40.41769037116824,40.60301636751033,12603400
2020-09-28,41.51279067993164,41.87501700102011,41.394857126730436,41.538064450937846,11215700
2020-09-29,41.209529876708984,41.74865972458,41.201107428929724,41.60545240474682,12426600
2020-09-30,41.58860778808594,41.79920434818241,41.184262778314526,41.504370449426744,15755900
2020-10-01,41.428550720214844,41.83289568275696,40.931542767901966,41.647569703215446,17577300
2020-10-02,41.58018112182617,41.76550710421565,40.89784717948612,41.07474750079527,13610100
2020-10-05,41.597023010253906,41.74022709272374,41.378000843191266,41.639141669012815,10628700
2020-10-06,41.226383209228516,41.89186913879691,41.13372341812349,41.740239351972505,10077400
2020-10-07,41.748661041259766,41.91713570974412,41.23480494741685,41.29377172407604,10135600
2020-10-08,42.506805419921875,42.57419785606097,41.731811685011635,41.87501579163487,12143900
2020-10-09,42.8016471862793,43.15544787433695,42.624743628801895,42.68371041014484,11407800
2020-10-12,43.037506103515625,43.40815483175931,42.818487130791624,42.82690957789917,11386500
2020-10-13,42.304630279541016,42.953267951563625,42.03506698901836,42.953267951563625,14365300
2020-10-14,42.22039031982422,42.53207548967689,41.824471039022946,42.16142355005705,10582100
2020-10-15,42.110877990722656,42.22881151779434,41.52962958808706,41.613870117029414,9961700
2020-10-16,42.14458084106445,42.414144169801055,42.009799176696156,42.11088783505865,13569800
2020-10-19,41.79920196533203,42.52365460491673,41.66442030309174,42.1445801756633,9930400
2020-10-20,42.32990646362305,42.6415884572215,41.94240958364136,42.02664691809014,10970700
2020-10-21,42.110877990722656,42.48152667772617,41.92555204049709,42.085604225316146,12517400
2020-10-22,42.692134857177734,43.130176087149344,42.43941962812255,43.10490231482989,20189200
2020-10-23,42.557350158691406,43.11332490842409,42.515231492421165,42.961695139092605,13491300
2020-10-26,41.950836181640625,42.54892967035822,41.44540569805225,42.40572554493935,14696400
2020-10-27,42.035072326660156,42.363602427861125,41.74023523096696,41.95925744073314,13892100
2020-10-28,40.40083694458008,41.403278469114454,40.24920718815384,41.27691926760993,19886200
2020-10-29,40.45138931274414,40.83888622803209,39.844870166416136,40.207096521756625,15369900
2020-10-30,40.48508071899414,40.53562183287685,39.90383220175711,40.27448417528756,15804000
2020-11-02,40.956817626953125,41.23480662547208,40.636713173047504,41.066328736683175,15156100
2020-11-03,41.57175827026367,42.085614373654366,41.27692438148953,41.46225037640378,15285100
2020-11-04,41.42013168334961,42.296214182355136,41.34432000335644,41.6391539148253,12930800
2020-11-05,41.64756393432617,42.296201559426116,41.56332661717456,41.91712720534853,12452400
2020-11-06,41.65599822998047,42.110887549178486,41.48752034730176,41.82447611265918,9294900
2020-11-09,44.284236907958984,44.86548215864814,43.863043859023904,44.22527013818391,33442000
2020-11-10,45.47201156616211,45.724726810570054,44.183161570267515,44.28424702534096,29706700
2020-11-11,45.13505935668945,45.74157530566618,44.92446278234159,45.42989327539698,17399900
2020-11-12,44.65488052368164,44.82335836666393,44.31792805116465,44.68857673496762,15024400
2020-11-13,45.025543212890625,45.06766188036953,44.55380578216124,44.85706532952668,12447900
2020-11-16,45.362491607666016,46.01112931041339,44.88233177283776,45.91004387504114,14908200
2020-11-17,45.21929168701172,45.27825846421482,44.67173936904187,45.202443577318206,14248400
2020-11-18,44.31794738769531,45.50571203945951,44.27582871193468,45.278267334213304,15278200
2020-11-19,44.755977630615234,44.84021496133016,43.76196170362779,44.21685100176405,17189500
2020-11-20,44.36848449707031,44.8570700893249,44.301095264643045,44.80652575491794,15645600
2020-11-23,44.37689971923828,44.78966710604874,43.97255477945647,44.60434435038703,13191900
2020-11-24,44.83179473876953,45.14347673402227,44.663316855529445,44.76440230009416,13827600
2020-11-25,44.58749771118164,44.8823315686125,44.4695641682093,44.705431254153986,10194800
2020-11-27,44.393760681152344,44.80652818748145,44.31794578215022,44.739138951395596,8499300
2020-11-30,43.80794906616211,44.308854054493864,43.36647644740897,44.22395622134397,43203600
2020-12-01,44.18151092529297,44.427719195706224,43.96926308638051,44.26640876539995,18968800
2020-12-02,44.24094009399414,44.25792030975716,43.8419131201756,44.0626526864499,14913100
2020-12-03,44.809757232666016,44.94559570340528,44.06264726292233,44.06264726292233,17318900
2020-12-04,45.718177795410156,45.7351580091509,44.79277719772981,44.80975741147055,18122400
2020-12-07,44.98805618286133,45.65875693452565,44.74184789700413,45.64177671771013,16210900
2020-12-08,45.149349212646484,45.40404590764172,44.81824318528825,44.94558991346378,12485800
2020-12-09,45.276702880859375,45.5059276580434,44.99653422640975,45.31066006796235,11508400
2020-12-10,45.03898620605469,45.429521412809,44.97955707627228,45.33613509361141,12097300
2020-12-11,45.29368209838867,45.4549925093561,44.8097573427756,44.82673755649031,10638100
2020-12-14,45.22576904296875,45.709693847383235,45.14935969286936,45.54838665879338,22292000
2020-12-15,45.70969009399414,46.032307683327474,45.50593076424554,45.66724117823455,16193700
2020-12-16,45.04747772216797,45.67572944512005,44.94559643846385,45.50593054425785,15679600
2020-12-17,45.22576904296875,45.59932406642968,45.12389098905121,45.2512377467869,12677300
2020-12-18,45.624794006347656,45.70969184111181,44.673921416036144,45.06445987642774,35480100
2020-12-21,44.83523178100586,44.99653896231714,44.13056744648045,44.72486200503246,14926600
2020-12-22,44.792781829833984,45.149359877974696,44.47865593975749,44.8352339878982,9689500
2020-12-23,45.06446838378906,45.32765366442948,44.945606858577605,44.95409858684399,7040300
2020-12-24,45.37009048461914,45.46348003875957,45.013515720058805,45.013515720058805,3265500
2020-12-28,45.98135757446289,46.21907404469065,45.61629114453083,45.71816916910787,9020500
2020-12-29,45.95589828491211,46.261535659849606,45.86250872716513,46.2275752318244,8320600
2020-12-30,46.21908950805664,46.38039994280372,45.871003172203345,45.8879833884212,8142700
2020-12-31,46.55868148803711,46.6350908320662,46.07475672206778,46.22757541012596,8495000
2021-01-04,44.792781829833984,46.380397973003056,44.17301853810687,46.074760571352435,25611100
2021-01-05,44.30036544799805,44.67392044695982,44.17301545996951,44.427715436026574,20323800
2021-01-06,42.89103698730469,44.164523822181984,42.61086832908232,44.1220749087483,38724500
2021-01-07,42.41560363769531,42.670300374363705,42.04204863982465,42.52597341108801,53225700
2021-01-08,43.366485595703125,43.40893452123281,42.313734753881796,42.47504196635275,29674000
2021-01-11,42.61935806274414,43.17969211435196,42.407110266852634,42.975932805292594,19304400
2021-01-12,42.5429573059082,42.76369363314564,42.2458083885503,42.48352817016562,18538700
2021-01-13,42.58540725708008,42.75520617987539,42.40711984553529,42.43258855042881,18864100
2021-01-14,41.79584503173828,42.60238748627934,41.7873565429862,42.5854072701301,34303600
2021-01-15,41.34587478637695,41.75339020033818,41.20154458886142,41.736409986592555,24366800
2021-01-19,41.18456268310547,41.63453023226679,40.95533790356841,41.37983351383546,29114500
2021-01-20,41.328895568847656,41.447753829287464,41.014769703593196,41.21003730840784,23115800
2021-01-21,41.55812072753906,41.676978979757855,41.14211360612881,41.41379053652733,19702500
2021-01-22,41.16758728027344,41.54963075318269,41.16758728027344,41.439264222124045,15400300
2021-01-25,41.41380310058594,41.46474375498163,40.955350165606454,41.108165651502645,16604200
2021-01-26,41.84678649902344,41.94017607034913,41.26947209323292,41.52416886316517,12922600
2021-01-27,41.2015495300293,41.87225347951619,40.94685277058915,41.50718693681548,21242400
2021-01-28,41.727928161621094,42.02507385300245,41.2694720332226,41.33738966040471,17498900
2021-01-29,40.87893295288086,41.702452322932594,40.84497252313887,41.626042975335544,18670300
2021-02-01,41.15910339355469,41.33739081335616,40.90440661688898,40.98081597375322,12183600
2021-02-02,41.56661605834961,41.89772216937175,41.286450594655875,41.43077757078552,13319800
2021-02-03,41.40530014038086,41.6769770582538,41.320399079392864,41.55811881151493,12274100
2021-02-04,41.60905456542969,41.659995200009746,41.30342047388192,41.56660565593507,20597400
2021-02-05,42.15241622924805,42.2627827582778,41.82979865223945,42.02506624818965,12742000
2021-02-08,42.38165283203125,42.59390070055379,42.0165894777263,42.415613268269766,17833200
2021-02-09,42.19486618041992,42.46654312395332,42.13543705143728,42.3222129259636,14592900
2021-02-10,42.10997009277344,42.941984474242076,42.05054095676068,42.79765425917894,22965400
2021-02-11,42.704261779785156,42.95047003427619,42.27976612941225,42.288257856060795,21928600
2021-02-12,43.03536605834961,43.171204531208275,42.780669326570184,42.93348801336677,13137100
2021-02-16,42.678794860839844,43.060841609871616,42.58540529567153,42.97594053306182,15093400
2021-02-17,42.55992889404297,42.86556623798709,42.35616958519878,42.44955913347552,12794300
2021-02-18,43.10329055786133,43.17120818070978,42.47503554362719,42.58540532423149,12747100
2021-02-19,42.5429573059082,43.15423211771188,42.424099034423044,43.12027168624612,15968800
2021-02-22,42.984432220458984,43.196680054320524,42.16939807706054,42.32221677653244,14370900
2021-02-23,42.90802001953125,43.73153935791349,42.80613873422327,43.29855523061105,16222300
2021-02-24,43.052345275878906,43.21365568523339,42.55993203765445,42.78066833644929,14442000
2021-02-25,42.593894958496094,43.08631150163583,42.43258776607705,42.84859495730355,14211100
2021-02-26,41.59208679199219,42.627854015060166,41.57510657670978,42.61936552674142,23638400
2021-03-01,42.36466598510742,42.82311881296412,41.94017034693458,41.97412753661843,13901200
2021-03-02,42.534461975097656,42.925000426576545,42.194867405146326,42.31372566656153,11755100
2021-03-03,42.432586669921875,42.92500320034108,42.20335862010379,42.21185034712202,15410700
2021-03-04,42.39862060546875,43.37496180955867,42.126943672593114,42.712749690504864,22036400
2021-03-05,43.12027359008789,43.25611208330346,42.364671769160985,42.492018534812686,21310800
2021-03-08,43.84191131591797,44.563555882245595,43.43439587031119,43.69758434583937,25084900
2021-03-09,43.17969512939453,44.04566658573608,43.145734702405946,43.909828116426304,23082700
2021-03-10,43.6721076965332,43.833418102933365,43.06083621333402,43.451371401781046,21331600
2021-03-11,43.19668197631836,43.66362658386104,43.13725283928448,43.6466463677592,17417700
2021-03-12,43.111080169677734,43.38501846059594,42.97411102421864,43.30797311217506,17598600
2021-03-15,43.68462371826172,43.761669042471745,43.205233492600215,43.23091417880323,13411900
2021-03-16,43.84727478027344,44.104091427438014,43.69318413885453,43.830153235049025,14214200
2021-03-17,43.86439895629883,44.189698538270314,43.78735363096852,43.872958096623954,17502700
2021-03-18,43.29084777832031,43.82160276240016,43.22236484437536,43.710317586539404,18007300
2021-03-19,43.49629592895508,43.72743191585579,42.94841621985644,43.19667375381659,67845700
2021-03-22,43.6589469909668,43.72743318118634,43.0768274365058,43.0768274365058,17911400
2021-03-23,43.9928092956543,44.215386149740695,43.51341902334756,43.65038813909253,16936700
2021-03-24,44.10408401489258,44.420824384307835,43.78734364547732,43.80446192222384,14997400
2021-03-25,44.53212356567383,44.56636665866361,43.80447253484583,44.25818535295774,17091900
2021-03-26,45.405303955078125,45.46522773647697,44.309547811782544,44.63485067194851,17126700
2021-03-29,46.09871292114258,46.175758256603494,45.122807515705354,45.13992906420794,17514100
2021-03-30,45.49946975708008,46.04734618300417,45.31113601106826,46.013103089983645,14871800
2021-03-31,45.122802734375,45.51658851140354,44.943031392549074,45.396740950186256,15826500
2021-04-01,44.951595306396484,45.49947506179818,44.908793067931114,45.33682198378773,15834700
2021-04-05,45.208412170410156,45.55939572673679,44.76326173655178,44.81462311295001,16368700
2021-04-06,45.533714294433594,45.927503373700404,45.28546000835846,45.40530758072607,15614300
2021-04-07,45.61076354980469,45.79909733148747,45.47379441738132,45.61076354980469,10062700
2021-04-08,45.473785400390625,45.69636223744494,45.34537870110642,45.51658763348536,9695600
2021-04-09,45.525150299072266,45.61075476574989,45.208409853643744,45.516587893043855,10828200
2021-04-12,45.67068099975586,45.84189320791265,45.45666655596019,45.65356271798131,8565300
2021-04-13,45.4481086730957,45.61932088599171,45.208413534402084,45.405306436272035,11071700
2021-04-14,45.43955612182617,45.53371975025375,45.0714509536759,45.353948370162264,9787600
2021-04-15,45.653560638427734,45.93605799325741,45.47378603197129,45.48234843806979,13078100
2021-04-16,45.95318603515625,46.055912063650496,45.69636933111985,46.004550682204155,17974100
2021-04-19,46.22711944580078,46.53530076460232,45.62787835542016,46.22711944580078,19352900
2021-04-20,46.37264633178711,46.73219228165705,46.064468287671474,46.09014897494749,14419200
2021-04-21,46.74932098388672,46.86060942178531,46.43258048513094,46.43258048513094,13866500
2021-04-22,46.60379409790039,46.97189928140447,46.50106805722077,46.62947805727176,12558900
2021-04-23,46.62946701049805,46.73219302684131,46.372647071238106,46.569543228831044,9020500
2021-04-26,45.93605422973633,46.663701939640355,45.867571314564586,46.6294621148549,11684600
2021-04-27,45.86758041381836,45.97030643975528,45.64500354775331,45.850458865228624,9852400
2021-04-28,45.87613296508789,46.26991872927896,45.74772300191206,46.209994950623845,10868100
2021-04-29,46.4496955871582,46.5353033279861,45.73916929909439,45.83333618120437,15391000
2021-04-30,46.21000289916992,46.45826046235858,45.96174533598126,46.44113891328334,14912600
2021-05-03,46.63802719116211,46.91196541792008,46.36408896440413,46.45825584215242,10417900
2021-05-04,46.34697341918945,46.75788081254091,46.17576118889259,46.715078571367116,14151000
2021-05-05,46.22711944580078,46.43257474686888,45.97886190947719,46.346967010756664,9665900
2021-05-06,46.68939208984375,46.749315873176265,46.26992234091486,46.329846124247375,11572700
2021-05-07,46.6637077331543,46.88628458269827,46.3640888190773,46.6037839503389,10637500
2021-05-10,47.00613784790039,47.511212125443585,46.937654915922515,46.98045715660889,15545800
2021-05-11,46.501060485839844,47.203027636458664,46.26992448274319,47.108860753833945,12986700
2021-05-12,46.2613639831543,46.70651442801856,46.12439486670386,46.53530221605518,15836500
2021-05-13,46.6637077331543,46.89484372355709,46.08159145231917,46.201439017949966,15475800
2021-05-14,46.8520393371582,47.16877978401301,46.81779624409252,46.9975708498868,11725300
2021-05-17,46.77499008178711,47.100292907385715,46.655142531724685,46.946202267133785,12119800
2021-05-18,46.518184661865234,46.706518437753466,46.31272933675066,46.5609869021303,13232500
2021-05-19,46.37264633178711,46.38120873794654,45.89325608609536,46.32984409779336,15126100
2021-05-20,46.7835578918457,46.91196459648939,46.32984505842132,46.32984505842132,10948400
2021-05-21,46.757869720458984,47.18589856186165,46.41544860669739,46.911960364612014,16033200
2021-05-24,46.91196823120117,47.02325666299589,46.64659239501567,46.76643996820931,10326100
2021-05-25,46.90340805053711,46.92908873976631,46.52674052530147,46.92908873976631,11916500
2021-05-26,47.10886001586914,47.125981563860094,46.732195756872166,47.066057778692425,16064300
2021-05-27,47.50265121459961,47.571134144027255,46.89484766332109,47.262952797599056,59109600
2021-05-28,47.331443786621094,47.69098655013615,47.25439844221046,47.38280517249362,17011600
2021-06-01,47.32286834716797,47.63961204563472,47.168777700778996,47.374232984497944,13304000
2021-06-02,47.51121520996094,47.562579861480266,47.30575986948548,47.51121520996094,11328500
2021-06-03,47.63105010986328,47.716657839591164,47.16877816613569,47.23726434991799,17364300
2021-06-04,48.14469528198242,48.350147338786584,47.75090618617156,47.853635480175214,18935100
2021-06-07,47.97347640991211,48.23029307813111,47.77658352209083,48.204612390989546,14010800
2021-06-08,47.639617919921875,48.15325129415229,47.55401018048257,48.15325129415229,10968300
2021-06-09,47.49407958984375,47.8707437925972,47.49407958984375,47.7252155548064,9838800
2021-06-10,47.862186431884766,48.04195776722704,47.733776469154,47.862186431884766,12444400
2021-06-11,48.076202392578125,48.11900462631973,47.648173523959876,47.93067414473646,11825800
2021-06-14,47.912322998046875,48.05032415869734,47.610446487313716,48.03307360234014,9710800
2021-06-15,47.79158020019531,48.119334244104365,47.60182733947833,48.11070731941301,11154200
2021-06-16,47.1533203125,47.834702559887546,47.12744612013588,47.81745200157561,15211700
2021-06-17,47.39482498168945,47.56732727512186,47.13607318664463,47.15332045480105,10658400
2021-06-18,46.377071380615234,47.11020211470724,46.33394662394065,47.01532567589834,31445600
2021-06-21,46.88594436645508,46.9463196747764,46.57544090068398,46.76519374981243,14404300
2021-06-22,47.05844497680664,47.30856983511587,46.7996899044336,46.86869213445505,13072800
2021-06-23,46.67894744873047,47.09295103057947,46.67032381357461,47.05845319974805,12339200
2021-06-24,46.91182327270508,46.93769746738359,46.57544558105295,46.799696278751746,11488400
2021-06-25,46.851444244384766,46.98082178793725,46.58406552313984,46.78244530064235,18880300
2021-06-28,46.7996940612793,46.89457049088221,46.575443374205996,46.79107042686436,10556900
2021-06-29,46.45469284057617,46.868696387652264,46.33394221728828,46.68757045272042,12300900
2021-06-30,46.670326232910156,46.73070155275492,46.35982270787527,46.402947466306074,14614200
2021-07-01,46.54094696044922,46.989451670138,46.454697446750934,46.86870103487718,13214700
2021-07-02,46.73068618774414,46.96356375495036,46.57543447627333,46.57543447627333,10604600
2021-07-06,46.471946716308594,46.65307266416723,46.1873174066382,46.566823152865396,15278200
2021-07-07,46.851444244384766,46.90319591984728,46.33394065059003,46.33394065059003,14377700
2021-07-08,46.68757247924805,46.72207030867935,46.351194788285845,46.584069120330554,11943900
2021-07-09,46.97219467163086,47.023946346881885,46.73069343420793,46.79106874356366,10847000
