Date,Close,High,Low,Open,Volume
2016-07-01,94.62142181396484,94.98293150544579,94.03986326644174,94.08701487962745,3798100
2016-07-05,94.90438842773438,94.93582485003908,94.3856964535334,94.40141766262799,5191100
2016-07-06,94.80218505859375,95.06153095405621,93.52118278070344,93.74909226496902,5102800
2016-07-07,95.03012084960938,95.28160621291956,94.62931998663265,95.00654503365591,3621300
2016-07-08,95.33658599853516,95.63522888798553,95.15583414049286,95.26585857474869,3809600
2016-07-11,95.87886810302734,95.9731773449252,95.45448550831128,95.6352433896448,4266300
2016-07-12,96.07534790039062,96.3425484439301,95.84743838013932,95.87887479629984,3742000
2016-07-13,96.5232925415039,96.68046860395754,96.00460673870096,96.16178280115459,3464200
2016-07-14,97.39564514160156,97.61569405374007,96.67262557432267,97.21488725184025,6011900
2016-07-15,97.14413452148438,97.79642648112298,96.97123727956748,97.78070527955875,3688400
2016-07-18,97.29348754882812,97.450663640217,96.97126876683234,97.450663640217,5254700
2016-07-19,99.41535186767578,99.49393987946218,97.25414856620456,97.51349440139255,6277700
2016-07-20,99.06958770751953,99.70616458812475,98.67664153257823,99.68258278108672,3353300
2016-07-21,99.94979858398438,99.98909560348261,98.96743305536206,99.35251866373467,3572100
2016-07-22,100.7985610961914,101.0657736423412,100.03625045792592,100.03625045792592,4304200
2016-07-25,100.1227035522461,100.55494082044726,99.69832089184005,100.55494082044726,6210100
2016-07-26,95.65094757080078,97.72570268628597,95.06938896918746,97.05769545520393,14563700
2016-07-27,93.89839172363281,95.71380057484862,93.70977330063513,95.63521256320674,9939200
2016-07-28,93.85126495361328,94.44854483090629,93.01822096393722,93.98486521688531,6239400
2016-07-29,92.46022033691406,94.03986536864538,92.28732309019259,93.63119805896159,7460900
2016-08-01,92.74317169189453,93.04180867077966,92.53097736814999,92.64100183383839,4208800
2016-08-02,92.49951934814453,93.29327223314249,92.03584577901057,92.87675028232525,4504200
2016-08-03,92.35806274414062,92.75100890386803,92.05942582126552,92.55453582400433,4120000
2016-08-04,92.97105407714844,93.16752713648654,92.40521070691355,92.61739897281066,4313200
2016-08-05,93.68623352050781,93.87484602014892,93.20683867051245,93.34829954421409,3883800
2016-08-08,92.96319580078125,93.81196087735977,92.89246237979201,93.65477882842924,3589300
2016-08-09,92.97891998291016,93.62335145602647,92.42093714607992,92.71958006993461,3491700
2016-08-10,93.36400604248047,93.47403048292922,92.46022871375227,92.73528981487416,2941700
2016-08-11,93.81983184814453,94.11061419247638,93.40330983861726,93.41903104419364,3490200
2016-08-12,93.92984771728516,94.32279387841079,93.74123523879197,93.96914473175076,3015700
2016-08-15,93.14396667480469,93.71767077771224,93.14396667480469,93.53691288351627,3391600
2016-08-16,92.68812561035156,93.15179911844075,92.6724044090609,92.9789018795324,3333900
2016-08-17,92.02801513671875,92.71960440854741,91.57219602499245,92.71960440854741,5184900
2016-08-18,92.05157470703125,92.24019320017686,91.7922347717516,92.13802335075219,3710500
2016-08-19,90.38548278808594,91.79223084421946,90.3776221855704,91.79223084421946,7065700
2016-08-22,90.70769500732422,90.95132571680983,90.1025605266106,90.3776216542077,4484700
2016-08-23,90.5269546508789,91.25783488065211,90.41693018582777,91.0927981830754,4305400
2016-08-24,90.27544403076172,90.69196595983611,90.1654195965112,90.49549289926276,4135400
2016-08-25,90.71556091308594,90.9906220567633,90.28331769024778,90.45621497938305,6694100
2016-08-26,89.93753051757812,90.94347185644185,89.56029951756257,90.87273842073996,5294500
2016-08-29,90.69983673095703,90.88844921140894,89.98467183225777,90.06325986612252,4983000
2016-08-30,91.3651351928711,91.76905694979564,90.76321340406923,91.40473761623915,5085300
2016-08-31,91.60272216796875,91.87199926542509,91.23839685349895,91.48392096042255,5394700
2016-09-01,91.39678955078125,91.72150636727359,90.96910888023451,91.48391002306742,3966600
2016-09-02,91.73736572265625,91.9591247661873,91.63440185067344,91.81656451784866,3410100
2016-09-06,92.86197662353516,94.4380545348891,92.5926995917118,92.73525375504491,6337900
2016-09-07,92.60065460205078,93.05209443860828,92.22049791993999,92.87785344160687,2647700
2016-09-08,92.00662231445312,92.75110411667673,91.90366450791389,92.52142343210818,3085600
2016-09-09,90.74736785888672,91.68192816658575,90.74736785888672,91.55520525724579,4961100
2016-09-12,91.83241271972656,92.0145754084438,90.3909727238335,90.66025591030925,5014000
2016-09-13,90.86614990234375,91.56310762920758,90.6681499301402,91.56310762920758,4162200
2016-09-14,91.22254180908203,91.602704390957,90.93742138329563,91.07998159618883,4530700
2016-09-15,91.98286437988281,92.06206315835375,90.89782238314457,90.98494285220644,3671200
2016-09-16,91.3017578125,92.07792046081411,90.94536023425721,91.61855901676046,9500500
2016-09-19,91.24633026123047,92.19673400115018,91.04833023739069,91.73737249564638,3741500
2016-09-20,92.22838592529297,92.37094614897251,91.47598843738858,91.65022938216131,3841800
2016-09-21,92.60855865478516,92.70360082844951,91.84031770115264,92.2600767271629,4528900
2016-09-22,92.94910430908203,93.41638132737931,92.8857428699124,93.02830308680436,3808800
2016-09-23,92.79863739013672,93.07583617817659,92.14919763995172,92.26007715516768,2776000
2016-09-26,92.2917709350586,92.61649387732517,92.09377090952471,92.5056143464247,3022400
2016-09-27,92.56895446777344,92.82239421688345,92.16503883300703,92.62439422406375,3745400
2016-09-28,91.22254180908203,92.29174038454144,90.65230095750921,92.17293920005056,5638900
2016-09-29,90.9136734008789,91.84823356728776,90.86615533830081,91.2383902326291,4924400
2016-09-30,91.3651351928711,91.64233402900307,90.83449655763542,90.83449655763542,4188700
2016-10-03,90.79486083984375,91.19878244865048,90.61270426110293,91.08790295485713,3085800
2016-10-04,89.89197540283203,91.48389665912867,89.82861396997433,91.07205338803242,4742900
2016-10-05,89.82073211669922,90.94537078190062,89.79696703857714,90.21673215733192,3720300
2016-10-06,90.22463989257812,90.46224231310644,89.02080253335335,89.69400133487618,3900000
2016-10-07,89.85238647460938,90.55726590406711,89.67022988091836,90.2642298074825,4153100
2016-10-10,90.85031127929688,91.07207029298331,90.41471494312137,90.45431131414827,3290300
2016-10-11,90.0345458984375,91.26214811986232,89.93950373828555,90.80278674284715,3943300
2016-10-12,90.85031127929688,91.2621546268402,89.92367281104431,89.97119087326857,3340200
2016-10-13,91.40471649169922,91.66607188108956,90.3434334240195,90.3988731784332,4464700
2016-10-14,90.35926818847656,91.167111492597,90.34343084872984,91.00079223409688,5312500
2016-10-17,89.02869415283203,90.60477195201855,88.78317012322555,90.21669376922438,5655700
2016-10-18,88.10997009277344,89.56724669773843,88.09413275684052,89.4088491684956,6198400
2016-10-19,88.117919921875,88.52183556317563,88.00704040750067,88.47431749772387,6433400
2016-10-20,87.5714340209961,88.14959664180876,87.38135572534374,88.14959664180876,7250700
2016-10-21,90.23253631591797,90.68397595451641,89.2979763220238,89.7098135541309,10108000
2016-10-24,89.94744110107422,90.68400135376912,89.21088084837932,90.4860013508133,6173500
2016-10-25,89.27423095703125,89.9236706425144,89.23462854447943,89.8919899209689,4879000
2016-10-26,88.79113006591797,89.25840721595685,88.22881073032897,88.91784693750367,3763100
2016-10-27,88.76737213134766,89.09208902833016,88.52976968576537,88.83864923953362,2960700
2016-10-28,88.783203125,88.98120313466436,88.33176334466451,88.90992603157595,3304700
2016-10-31,89.15543365478516,89.28215654650042,88.53767466387336,89.06831317735092,4181600
2016-11-01,88.90200805664062,89.3138454352715,88.66440561811599,89.21880929384646,3935600
2016-11-02,89.0128402709961,89.3137979630114,88.56140071173422,88.78315964716423,3512500
2016-11-03,88.48224639892578,89.37720427857634,88.32384276371275,89.29008378982938,3890700
2016-11-04,87.94367218017578,88.7039913812028,87.77735292143362,88.69606969007796,3457400
2016-11-07,89.35340881347656,89.71772796220809,88.6089271377113,88.70396928008932,3842400
2016-11-08,90.37511444091797,90.48599395010613,89.49599401629753,89.50391570766242,3300200
2016-11-09,91.0641860961914,91.41266207699314,88.54562520628158,88.77529994801095,5099500
2016-11-10,90.69190979003906,91.11166876815557,90.1137472072222,91.10374707730062,4437700
2016-11-11,90.4622573852539,91.04833579972974,90.42265496107407,90.81865503294615,4331200
2016-11-14,93.34510040283203,94.04997976779867,90.85822142121236,91.07205871651989,7093200
2016-11-15,93.70944213867188,93.83616504228146,92.67983969552613,93.12336381567907,4447900
2016-11-16,94.4143295288086,94.72320907895615,93.82825115705184,94.13713070719939,5371100
2016-11-17,94.60437774658203,94.64398015527048,93.67773939107272,94.1608597731716,2836600
2016-11-18,95.04000854492188,95.23008687011705,94.17673136769639,94.45393018412288,3655400
2016-11-21,94.64401245117188,95.43601255536578,94.2163316698094,94.88161489942254,3603300
2016-11-22,94.7944564819336,95.26965514584992,94.15293254529163,94.64397458874319,3699100
2016-11-23,95.15087127685547,95.64191340962584,94.82615444706471,94.82615444706471,2860200
2016-11-25,95.56272888183594,95.8240843059095,94.9766444945659,95.10336740288835,1709100
2016-11-28,96.48143768310547,96.52104009924585,95.22216061058157,95.34095577404206,5931700
2016-11-29,96.32180786132812,96.40960581979779,94.99686128039957,96.08235777650751,6370900
2016-11-30,95.1964111328125,96.17016598363348,95.1964111328125,95.95466575590439,5696100
2016-12-01,94.5578842163086,94.94898036546995,94.0789901025134,94.94898036546995,4445000
2016-12-02,94.374267578125,94.58179051130172,93.95124451049037,94.1827112264439,3348700
2016-12-05,95.2123794555664,96.05044267807786,95.00485642879099,95.34008171779557,5191900
2016-12-06,95.18045043945312,95.49971522276233,94.66164592775932,95.21237752673098,3368000
2016-12-07,95.71520233154297,95.88281494967713,94.55787450132073,95.3081457258465,4059900
2016-12-08,96.13822174072266,96.69693653532143,95.3799733424071,95.81896310320127,3255100
2016-12-09,96.78471374511719,96.79269094671787,95.9466447775634,96.2339823613266,2623700
2016-12-12,97.16786193847656,97.57492467899858,96.78474907990098,97.03217638812559,4172000
2016-12-13,97.91812896728516,98.10968538820136,97.1838242792157,97.19978477701336,4308000
2016-12-14,98.04580688476562,98.49277987526408,97.6866379235038,98.06975675972141,4967400
2016-12-15,97.66271209716797,98.46087090404939,97.19179523458433,98.1495894565231,4402800
2016-12-16,98.36508178710938,98.84397581503936,97.80637310276907,98.08572744493922,10793800
2016-12-19,98.16555786132812,98.70032893301484,97.98996193535358,98.35712037482885,3545500
2016-12-20,98.4369125366211,98.89186274559113,97.94205195742995,98.31718751542529,2768800
2016-12-21,98.31720733642578,98.78014093066213,98.25335316698585,98.293263545253,2762800
2016-12-22,98.74819946289062,98.9716829339104,98.24535556362825,98.26930544078141,3037100
2016-12-23,98.2852554321289,98.835986847904,98.22938457034499,98.468834600543,2164100
2016-12-27,98.22942352294922,98.69235718385792,98.14960884438868,98.41300276416116,1919300
2016-12-28,97.91812896728516,98.45289394080517,97.86225809079006,98.1176686818346,1980200
2016-12-29,98.00591278076172,98.46086302067933,97.9819689927873,97.9819689927873,1943300
2016-12-30,97.1518783569336,98.30122883851568,96.92839489428543,98.00590792603482,3574600
2017-01-03,95.47576141357422,97.37537723630324,94.94897366295748,97.26363548728791,5123800
2017-01-04,95.3639907836914,95.57150763217729,94.32638218339497,94.98087198204551,3780800
2017-01-05,95.53961944580078,95.93869890228194,95.06072531591725,95.25228174997682,4261100
2017-01-06,96.38568878173828,96.97632477490413,94.59780812163419,94.92505625575451,4089200
2017-01-09,96.12226104736328,96.62509888094885,96.04244638814674,96.38565490329923,3021800
2017-01-10,95.97859191894531,96.45748596218571,95.5635520386618,96.14620452960604,3108400
2017-01-11,96.4814453125,96.9763060210302,96.27392838362175,96.52135569315227,3565200
2017-01-12,97.4552001953125,97.62281283310016,95.93869707172587,96.01851783307448,3480700
2017-01-13,96.97630310058594,97.56693896174396,96.6570383333898,97.56693896174396,2877400
2017-01-17,97.9739990234375,98.01390940180075,96.33777094204471,96.37768132040796,4077600
2017-01-18,97.94206237792969,98.17352915301036,97.21574106047558,98.02187703739622,3395000
2017-01-19,97.51903533935547,98.17352526420478,97.40729360263494,97.56692291524485,3155200
2017-01-20,97.58290100097656,98.13362645701493,97.39133849590624,97.58290100097656,4887100
2017-01-23,96.88053894042969,97.4392539039885,95.63541282704891,97.12797237564331,7022600
2017-01-24,96.61713409423828,97.42327017223316,96.19410477603621,97.35143879654744,3495200
2017-01-25,97.20775604248047,97.31151448899868,96.5372995180306,96.96830597886236,3968300
2017-01-26,97.27960205078125,97.67868149057036,97.18382688249203,97.26364155255605,2497300
2017-01-27,98.06178283691406,98.16554128043302,96.96032597293933,97.59086601593563,3592700
2017-01-30,98.18948364257812,98.34113574891526,97.61481447589236,98.0218710411113,3778000
2017-01-31,97.83032989501953,98.44490952948799,97.45519426161061,98.18949894134322,3733300
2017-02-01,97.7105941772461,97.77444833967495,97.13591889432249,97.29555430039466,3233400
2017-02-02,98.34911346435547,98.95571576583902,97.5828818627556,97.80636531870546,3236600
2017-02-03,99.16324615478516,99.37875243773153,98.3970144487422,98.42095823807661,3183000
2017-02-06,99.33085632324219,99.69003142281751,98.93177693891504,99.04351867936919,2760300
2017-02-07,99.44258117675781,100.10505430371472,99.44258117675781,99.7299187718363,2847200
2017-02-08,99.50645446777344,100.05718597917844,99.36278564260118,99.43462309992145,2835200
2017-02-09,99.35479736328125,99.76983720669536,99.25901612735449,99.50644337499746,2493600
2017-02-10,100.42435455322266,100.65582136956596,99.38674552678289,99.51445387626993,3681400
2017-02-13,100.20085906982422,101.11075963815948,100.16094869300642,100.58397189361352,2993800
2017-02-14,100.4163589477539,100.62388194549295,99.98535245528134,100.16893166279445,2663100
2017-02-15,100.95111846923828,101.19854572597592,100.12900986528416,100.29662855668406,2974900
2017-02-16,101.12672424316406,102.02066435076688,100.81544277763972,101.16663462160311,3006000
2017-02-17,102.00469970703125,102.06854778468227,101.11075963576316,101.19057429992833,3677400
2017-02-21,102.19623565673828,102.41973129969318,101.49386427507777,101.49386427507777,4495200
2017-02-22,102.04461669921875,102.25213972346022,100.8872887010619,101.78122279415874,3670700
2017-02-23,102.37984466552734,102.88267648668649,101.71737132253918,102.10846747525004,3178000
2017-02-24,102.68314361572266,102.75498717691535,101.96480543530784,102.45168287992557,3537200
2017-02-27,102.10421752929688,102.71528473731156,101.93537122200776,102.65900263488186,5184000
2017-02-28,102.6348648071289,102.85999317779695,101.7745493139114,102.17656601418663,4619300
2017-03-01,103.76052856445312,104.52435795734894,102.61076038155073,102.93237501750806,5471600
2017-03-02,103.10122680664062,104.37160138798744,103.03690264534187,103.7605402585183,6738100
2017-03-03,102.83589935302734,103.44696661070574,102.46604463067425,103.10122578073768,4067700
2017-03-06,102.94042205810547,103.18967051411485,102.43388309238941,102.83589989719918,3271500
2017-03-07,102.97257232666016,103.1655325074487,102.38561906055604,102.9645241400759,3332400
2017-03-08,102.98866271972656,103.2057552308077,102.49016580476481,102.97259088081636,3571700
2017-03-09,103.02887725830078,103.49521827395519,102.66706454901495,102.87610889317152,3265700
2017-03-10,102.90021514892578,103.39066996478286,102.69116471092354,103.36654994006896,3178900
2017-03-13,102.60272979736328,103.13339492615245,102.3936793404806,102.92433833498013,3130800
2017-03-14,102.7554931640625,103.10122171180709,102.51428063825675,102.63488690115962,2492700
2017-03-15,102.81980895996094,103.15750771562949,102.49015839174467,103.0851476400293,3529300
2017-03-16,102.90021514892578,103.63991839921191,102.8600110182099,103.15750563635582,3945700
2017-03-17,103.43087768554688,104.50827972209103,103.2539893191198,103.37460171545386,12532700
2017-03-20,103.54344177246094,104.10626281562178,103.29419332967389,103.71229421969849,3415500
2017-03-21,103.33440399169922,104.32336190636076,103.06102323753525,103.89722507042615,4062400
2017-03-22,103.80074310302734,103.84093496833272,103.24595795372655,103.38264219407066,3174200
2017-03-23,103.72034454345703,104.1947214693903,103.5675761815442,103.83290876772222,2774500
2017-03-24,103.99369812011719,104.2670665871471,103.84897796765848,104.02586633304925,3568200
2017-03-27,104.11432647705078,104.37965906581391,103.73642966292576,103.7846697211408,2540400
2017-03-28,104.08216094970703,104.33945762494557,103.67210817569895,104.0902091386712,3487400
2017-03-29,103.5916748046875,104.2590240922831,103.42283463746826,103.72032311114448,3197800
2017-03-30,103.97763061523438,104.14647080013886,103.39872544411809,103.51932557619271,2018000
2017-03-31,104.21077728271484,104.67711816192922,103.96152887298821,104.03388893995846,3041700
2017-04-03,104.21077728271484,104.29118553617755,103.60775218747544,104.12233311133666,3287100
2017-04-04,103.95348358154297,104.14645603408145,103.43890264335096,103.83288346656722,3414000
2017-04-05,104.85401153564453,105.79472925712497,104.24293822459302,104.43591068101627,4052200
2017-04-06,104.64497375488281,105.05503876480522,104.49221766828205,104.77362208225375,3856900
2017-04-07,104.49220275878906,104.84596720571254,104.21882203498826,104.54044280752508,2176600
2017-04-10,104.50828552246094,105.04698657063174,104.13843693109794,104.48416549557115,2709300
2017-04-11,105.48921203613281,105.52138025241857,104.36356983772794,105.02287104862799,3677600
2017-04-12,105.53741455078125,105.7786270128023,105.22384203072652,105.57761867254733,3195500
2017-04-13,105.13540649414062,105.44094312233437,104.98265044862022,105.32837893330138,2429200
2017-04-17,105.60982513427734,106.02791380008489,105.2560483643018,105.52941686161749,3236400
2017-04-18,106.37364196777344,106.77565874598227,105.9716251895646,106.14046536600839,3617400
2017-04-19,106.64701843261719,106.93647102538395,106.40580589388165,106.64701843261719,3132800
2017-04-20,107.1535415649414,107.29022577952884,106.64699656432332,106.65503248215428,2697300
2017-04-21,107.26612091064453,107.64401766789055,107.05706433173822,107.37868511906386,3466100
2017-04-24,107.92543029785156,108.35156713859956,107.14551669831363,107.93347848601103,5041000
2017-04-25,113.93159484863281,114.16477153708927,110.29735838727136,111.06923628657883,10893800
2017-04-26,113.24007415771484,114.17275595362558,112.83805741139926,113.93154345212074,7132200
2017-04-27,113.26421356201172,114.8079566597891,113.24814172278475,114.0762953804167,5183700
2017-04-28,112.50839233398438,113.17574155526671,112.38779222652586,112.87825311115137,4779900
2017-05-01,113.48934936523438,113.7305619236745,112.43606720424553,112.45215131309631,3747200
2017-05-02,113.55362701416016,114.01996783115044,113.1435744207986,113.35261867590101,3774100
2017-05-03,114.6712646484375,114.73558880672746,113.69034270452835,114.33357201884924,4278400
2017-05-04,115.338623046875,115.51551142891996,114.38182105360805,114.6712736543562,4178800
2017-05-05,115.7486801147461,115.76475195304431,114.6391098432266,115.31449510911723,2452700
2017-05-08,115.97380065917969,116.1828449600668,115.50745974005179,115.72453995954217,2813000
2017-05-09,116.07027435302734,116.5687711876438,115.78082180776484,115.85318187693612,3053800
2017-05-10,116.19892120361328,116.29540129463655,115.563727888171,115.66825616583098,2273300
2017-05-11,115.94966125488281,116.11046548011736,115.29838389953255,115.84513298762117,1941900
2017-05-12,116.87431335449219,116.98687755693099,116.15068809146811,116.18284403420294,2747900
2017-05-15,117.61404418945312,117.71052430384458,116.93061066296652,116.93061066296652,3332800
2017-05-16,118.42611694335938,118.73165367187002,117.6140473321785,117.8311398639403,3540900
2017-05-17,117.71854400634766,118.56278160872085,117.58185978784185,118.42608512163785,3875600
2017-05-18,118.20095825195312,118.3858947869395,117.23612052335196,117.71854552194121,2730900
2017-05-19,119.11756896972656,119.66431817919826,118.06428695174014,118.393943661232,4071200
2017-05-22,119.14973449707031,119.70451961307968,118.9406779208474,119.23817867887729,3294500
2017-05-23,118.85224151611328,119.42309844827564,118.71554502055874,119.17385001857845,3262300
2017-05-24,120.2029800415039,120.59696078073485,118.19289676321789,118.94869003882538,3348900
2017-05-25,120.42813110351562,120.56481531999283,120.01807845408403,120.45225112591883,3408100
2017-05-26,120.4924545288086,120.79799116884946,120.00199362859522,120.50049044670237,3258200
2017-05-30,120.54871368408203,120.87033438364642,120.21906933631946,120.56479778620405,3113900
2017-05-31,121.32061004638672,121.52965433232771,120.28341226613334,120.70150083801532,6415700
2017-06-01,123.29473876953125,123.29473876953125,121.64423387870684,122.0002159310725,4349800
2017-06-02,124.38701629638672,124.51645872789437,123.10057951141837,123.39994522640448,4316700
2017-06-05,123.61842346191406,124.32232630764769,123.59415222711195,124.29805507284557,2633700
2017-06-06,122.35626220703125,123.4566033826119,122.34008961516989,123.27860610821725,3661900
2017-06-07,122.93065643310547,122.98728517083173,121.95167185212574,122.35620869054166,2922900
2017-06-08,122.51803588867188,123.10056999462577,122.17822638444643,122.9306714152561,3709900
2017-06-09,122.55848693847656,122.97920874090508,122.08922268682274,122.88212384245449,4143100
2017-06-12,120.1231918334961,122.55849960334612,119.7752836689536,122.55849960334612,5902600
2017-06-13,121.2154769897461,121.56337289649323,120.24457827824071,120.43876048963978,4267700
2017-06-14,121.91124725341797,122.23488421520824,121.28826924976124,121.61999250603837,2675500
2017-06-15,122.30767822265625,122.59085897547277,121.07788265670375,121.28015109571962,2517500
2017-06-16,122.97113037109375,123.69929184736098,122.10541548584462,122.15395793819758,5443900
2017-06-19,123.90157318115234,123.93393070425726,122.84977467067135,123.29476777266188,3263800
2017-06-20,124.65404510498047,125.63301779432778,124.46794918428611,124.8158574462662,3614400
2017-06-21,124.37893676757812,124.93719977684306,124.28185184265863,124.74301758151515,2448500
2017-06-22,125.24462890625,125.33362751963075,124.33845783942235,124.41937015903638,2003800
2017-06-23,125.11518859863281,125.7705364886217,124.94527764599327,125.40645569923765,2214700
2017-06-26,124.56501770019531,125.77862849781984,124.2090232242808,125.55207645774814,2360900
2017-06-27,124.37084197998047,125.2608282159351,124.16048720852214,124.59738168631654,2139000
2017-06-28,124.84004974365234,125.14748929405368,124.3869705363388,124.629682722055,1302800
2017-06-29,123.89353942871094,125.06669458021787,123.10063780327096,125.06669458021787,1975900
2017-06-30,123.9177017211914,124.41123705597796,123.56170740161001,124.03097151874167,2508200
2017-07-03,123.3837661743164,124.49219343463783,123.3675812400488,124.14429759355414,1100700
2017-07-05,123.84492492675781,124.24946180204665,122.97112379467565,123.6426564891134,2497300
2017-07-06,123.86112976074219,124.16049552132723,123.24623799458857,123.5455914096847,2019800
2017-07-07,126.43392944335938,126.66855534516736,123.909611525949,124.0876086978652,4117800
2017-07-10,125.82720184326172,126.6443622032215,125.53593468651034,126.44209368729666,2402200
2017-07-11,125.33356475830078,126.11836695271427,124.60539128287068,125.4791920460985,2008800
2017-07-12,126.68477630615234,126.82231736984788,125.6248916099501,125.73816144743385,2094900
2017-07-13,125.43882751464844,126.65243851451942,124.87247818380655,126.61199469091531,3169700
2017-07-14,125.63300323486328,125.81100049329676,125.18801008877956,125.39837721901307,2440200
2017-07-17,125.61680603027344,125.76244574817149,125.16372663323531,125.75434710826802,2408700
2017-07-18,124.56501770019531,125.62490248817608,124.08765473722588,125.40644908786717,3890300
2017-07-19,124.50839233398438,124.96957042118012,124.176669044474,124.70257453051244,3072200
2017-07-20,124.76728820800781,125.58444838073721,124.23329648539844,124.62164849025633,2240200
2017-07-21,124.53263854980469,125.16371512989176,124.02291810223954,124.645908388654,3522400
2017-07-24,122.85786437988281,124.77536538077125,122.79313699289041,124.59736815291386,5307400
2017-07-25,128.6993865966797,129.43563443678138,126.65241834502818,127.63140316103542,9511400
2017-07-26,126.62813568115234,128.64273388255617,125.95660294735107,128.4485517266602,4679000
2017-07-27,126.98410034179688,127.37245221700942,125.84330359128377,126.55529231707638,4624100
2017-07-28,126.0941162109375,126.7494638033916,125.46303983705707,126.5067392721724,3964500
2017-07-31,125.51969146728516,126.55530480032586,125.28506552976951,126.15076795631045,4272400
2017-08-01,124.62971496582031,126.13459263400985,124.36273149245947,125.3902462657797,4185100
2017-08-02,126.69287109375,126.74141354942805,124.3627468027933,124.40319061886687,3326000
2017-08-03,125.17994689941406,126.838551288879,124.9291359013689,126.66864029428875,3666100
2017-08-04,124.45177459716797,125.26084863611825,123.97441153161483,125.09093765592306,4435400
2017-08-07,125.38217163085938,125.72198115585479,124.59736903307702,124.71063887474216,3252100
2017-08-08,125.34172821044922,125.60872408125925,124.67829402625998,125.1394597336678,4234300
2017-08-09,125.34172821044922,125.95661993548902,124.8805625030414,125.64918024571315,3006500
2017-08-10,126.7171630859375,127.18642747686604,124.79966169952246,124.86438909952874,3874500
2017-08-11,127.26730346679688,128.15727718536348,126.72522553523252,126.92749397292754,2925000
2017-08-14,127.23497772216797,127.7527846083979,126.58772837349805,127.38870376339858,2809100
2017-08-15,127.52621459960938,128.30293091734984,127.29967491224488,127.70421183189393,2160100
2017-08-16,128.56182861328125,128.95019294636617,127.51004249459906,127.74466847687,2921800
2017-08-17,127.74462890625,129.07150910288678,127.6799015374527,128.44043268896704,3071600
2017-08-18,127.63945770263672,128.06017946766627,127.04075108809776,127.82555353543862,2595700
2017-08-21,128.12493896484375,128.35147866154352,127.4614924634462,127.97121295376444,2195100
2017-08-22,129.1605224609375,129.40324703531147,128.1491803556165,128.23817895470413,2122600
2017-08-23,128.4890594482422,128.94213898166686,128.14116350132372,128.88551021273446,2190700
2017-08-24,128.1654052734375,129.1929202842777,128.10067787704395,128.7317545600204,1634800
2017-08-25,128.49710083007812,128.91781029764493,128.2624625255833,128.5537295737758,2019600
2017-08-28,129.18478393554688,129.41942219974698,128.36762402048484,128.67506360237346,2027300
2017-08-29,128.95022583007812,129.2576655736453,128.42432029113832,128.80458608165978,3283400
2017-08-30,129.8373260498047,129.92685269194834,128.85254540495683,128.91764440039543,2236500
2017-08-31,130.19544982910156,130.21986506030163,129.6908518259878,130.032677481523,2717000
2017-09-01,130.06521606445312,130.38262646214136,129.812917084077,130.11404652275394,1878300
2017-09-05,129.48733520507812,130.04076346509086,128.649046128528,129.40594285214473,4000500
2017-09-06,128.77114868164062,129.70709883891942,128.77114868164062,129.59315697265302,4143300
2017-09-07,130.138427734375,130.27679722170222,128.86065220748702,128.97459405331608,2965400
2017-09-08,129.9838104248047,130.52910446598008,129.5524458179991,129.8373066601153,2984200
2017-09-11,131.46510314941406,131.61974123984234,130.15476514464703,130.21987657318184,2333600
2017-09-12,127.23291778564453,130.80582397690648,126.77715035458085,130.39075272763017,10324100
2017-09-13,127.7782211303711,128.41304187242469,126.96434711043243,127.56661835593056,4705600
2017-09-14,127.7782211303711,128.0630820048424,127.00504329517575,127.7782211303711,3109700
2017-09-15,127.7131118774414,128.59209732408175,127.68056238033572,128.42117831276326,7425100
2017-09-18,127.51776885986328,128.42116947182282,127.24920137571678,128.36420475112644,3831900
2017-09-19,128.128173828125,128.5106955895895,127.2329199075285,127.99796343045747,3554600
2017-09-20,130.12216186523438,130.13029613341394,128.39674076895034,128.51068261711467,3641100
2017-09-21,129.43038940429688,130.29309391180803,129.00717142031183,130.1140406269964,2503400
2017-09-22,129.33274841308594,130.00826547006398,129.04788748371814,129.3083331812812,2442700
2017-09-25,127.17593383789062,129.15365391453471,127.04572344936662,128.97460065924247,3661500
2017-09-26,124.80758666992188,127.64799906847054,124.74247525769036,127.16781637433674,6420000
2017-09-27,125.3773193359375,125.89819831199178,124.88085559167214,124.93782032626817,3915900
2017-09-28,128.17703247070312,128.84440275408826,126.54113763288036,127.09457846131146,4210200
2017-09-29,127.51776885986328,128.62463796623956,127.06200141936681,128.1932857515746,3670100
2017-10-02,127.74571990966797,127.92476083648165,126.8016227092636,126.96439509101756,2407000
2017-10-03,127.66427612304688,128.15260549048713,127.25733912309056,127.57474948630723,2188400
2017-10-04,127.94915771484375,128.12006432801795,127.49337776933392,127.63988157078836,1823100
2017-10-05,129.24317932128906,129.34084021644213,128.02236845695458,128.02236845695458,2796000
2017-10-06,129.89425659179688,130.32560868953223,129.06410188236762,129.06410188236762,3548500
2017-10-09,130.31748962402344,130.6186314226902,129.81289176170216,129.90241839070083,2120000
2017-10-10,130.69190979003906,131.5057839231801,129.88616992748527,129.96756230829286,2909600
2017-10-11,132.78355407714844,132.85681218418134,130.69190410372372,130.95233735725603,3572500
2017-10-12,133.402099609375,133.80088994915477,132.4742836815198,132.65333696748596,3023600
2017-10-13,134.59031677246094,134.7042586165505,133.54042495325922,133.8415543086253,2957400
2017-10-16,134.29730224609375,134.89143902166836,133.83340066899433,134.64727441432393,2132300
2017-10-17,134.61480712890625,135.11941765042926,134.085793790097,134.22415093380502,2379700
2017-10-18,134.91590881347656,135.30656489200982,133.38582157934985,134.5252403162105,2798300
2017-10-19,135.5100555419922,135.87629645160195,134.22413280395813,134.95662704191253,2478100
2017-10-20,135.34719848632812,136.64938895213416,134.69609704406156,136.10409506461997,5577700
2017-10-23,132.9381561279297,135.1844559770999,132.7346876586196,135.1844559770999,6214800
2017-10-24,133.37770080566406,135.50191285190485,133.14167034567393,134.5008386974376,7855200
2017-10-25,133.13351440429688,134.38687493765616,132.66146597988745,132.99515731039392,3716200
2017-10-26,133.48345947265625,134.00433829377653,133.27185672051482,133.58926705809233,2934400
2017-10-27,134.6066131591797,134.98100064338462,133.2881413237377,133.54857453205898,2298100
2017-10-30,135.29026794433594,135.55884784744012,134.02062652510264,134.2892064282068,2051000
2017-10-31,135.84371948242188,136.25065650387631,135.2088987224515,135.3065596336062,2873000
2017-11-01,135.4042510986328,136.72273579039836,134.75316165237368,134.8752378188635,2186100
2017-11-02,136.81219482421875,137.11332416519863,135.50999173792428,135.9087943825501,2291000
2017-11-03,137.2598114013672,137.9109129251075,136.4052538463572,136.73079839886304,1959500
2017-11-06,138.41552734375,138.70037573119058,137.21913182780412,137.46328404025917,3087700
2017-11-07,138.98526000976562,139.0259561916241,137.9679175569598,138.43996594530944,2506000
2017-11-08,138.4399871826172,139.1073574762952,137.91096157476463,138.49695191097277,2605000
2017-11-09,135.9169464111328,137.70746657471898,135.18446484108003,137.31681056527287,4219000
2017-11-10,134.76937866210938,135.75417156392277,133.0846661150772,135.42861454654502,4226800
2017-11-13,136.2180633544922,136.69011168139218,134.35429768781225,134.67170799501903,2605600
2017-11-14,136.82034301757812,137.07264194177904,135.5669826649015,135.7867196783299,2180900
2017-11-15,136.17742919921875,137.29243281449214,136.0390596647652,136.47855866174157,2019300
2017-11-16,136.8040771484375,137.4551788296563,136.34830969720383,136.47038582923727,2293400
2017-11-17,135.68910217285156,136.48669537960168,135.2333346261372,136.35647253233066,2221400
2017-11-20,135.85997009277344,136.60874504192057,135.72161301398535,136.18552711821366,2442300
2017-11-21,136.97499084472656,137.75630289693075,136.33202345764545,136.36458537074714,2653100
2017-11-22,137.58541870117188,138.64345751193804,137.27614257004848,137.76447199616615,2719200
2017-11-24,137.6342010498047,138.00044178200636,137.39818310821258,137.44701355000893,963200
2017-11-27,137.5121612548828,137.69120211583498,136.8040824056832,137.46331838146082,2082400
2017-11-28,139.4491729736328,139.481734889242,137.57726022553192,137.7318982778453,2909900
2017-11-29,138.70851135253906,140.00258018482654,137.5853739080965,139.7421345973604,4590300
2017-11-30,140.7963104248047,141.77877912070642,138.6430570592715,139.3799179507733,6023700
2017-12-01,141.53314208984375,141.7623843420249,139.5027053593397,141.45127699564523,4279200
2017-12-04,139.71554565429688,142.03254104937616,139.535424988053,141.86061563608388,3943100
2017-12-05,141.63140869140625,142.66299890633147,141.19748493088295,142.16357556970337,3228700
2017-12-06,142.03253173828125,142.81851391152532,141.63954689804063,142.03253173828125,2618700
2017-12-07,141.56591796875,141.87702535874578,140.75537471812495,141.27117610422886,2284800
2017-12-08,141.76234436035156,142.08164687103326,141.2383604327518,141.67228403719713,2241100
2017-12-11,141.8442840576172,141.8442840576172,141.00099724994283,141.590480988305,2340800
2017-12-12,141.00912475585938,141.80328968959046,140.6980174828579,141.63954704704815,2805900
2017-12-13,142.08985900878906,142.42553957068935,141.14831688341735,141.18107290996377,2554000
2017-12-14,141.75418090820312,142.5237851394783,141.50037791549832,142.1799218113527,2666900
2017-12-15,142.50743103027344,143.35071772486566,142.19631118431147,142.70392974763354,7435200
2017-12-18,142.6220703125,143.9156589243845,142.5483879688986,143.17061524725656,2426300
2017-12-19,141.95889282226562,143.19516451678487,141.70508977508595,142.77761877717637,3122500
2017-12-20,140.9600372314453,142.3600640225022,140.5834303119846,142.31912522879583,2749400
2017-12-21,140.69808959960938,141.43493811511297,140.55071240084712,141.31213419345212,2343300
2017-12-22,140.3459930419922,140.85359910506722,139.63370550280422,140.67349089943244,3234100
2017-12-26,140.23953247070312,140.52609148899285,139.85474284988436,140.07578981429356,1280200
2017-12-27,141.36940002441406,141.42671683409188,139.8793253787466,140.27231031380225,1596800
2017-12-28,141.72145080566406,142.08987494266188,141.32845339961892,141.8524374482473,1800100
2017-12-29,140.9191131591797,141.62321800908154,140.75537046001423,141.62321800908154,2201800
2018-01-02,141.81968688964844,142.85127692072385,141.36120243139268,142.23723255853895,3696900
2018-01-03,141.2220001220703,142.1635296775096,140.82082003272205,141.82784914312202,3789600
2018-01-04,142.21273803710938,142.564796798349,141.4185726259457,141.83613098213155,2756400
2018-01-05,142.49925231933594,143.27703946358497,141.96707296281133,142.45831352379307,3737700
2018-01-08,142.40093994140625,142.63019460649758,141.58221432801045,142.24539256878066,2060800
2018-01-09,142.08172607421875,142.64664909866985,141.6478022278834,142.64664909866985,2674300
2018-01-10,142.05709838867188,142.45827849792866,141.20562911745415,142.04891562868175,2172500
2018-01-11,141.95889282226562,142.90861792822608,140.90274183724807,142.09807473546846,3078000
2018-01-12,142.1062774658203,142.28638569202985,141.54135452837173,141.93433950942702,2901600
2018-01-16,142.1963653564453,142.79404449799105,141.5413943679214,142.1472437815831,3662600
2018-01-17,143.26065063476562,143.84195150496365,142.36005966462304,142.74486182670506,4129600
2018-01-18,142.9250030517578,143.6454734328209,142.3764456410578,143.43260917135615,2154800
2018-01-19,144.19400024414062,144.6197412063766,142.76942518602,143.26884848034516,3746300
2018-01-22,144.2677001953125,144.77530626920708,143.77645964506436,144.07120147666,3217900
2018-01-23,144.75892639160156,145.52853074713784,143.15423060125295,143.74371425686516,3197600
2018-01-24,144.19400024414062,145.16010329389545,143.4817127150803,145.16010329389545,2810800
2018-01-25,143.81739807128906,144.6033679583533,142.99867215148362,144.4232472565748,2815800
2018-01-26,146.02796936035156,146.06071290342194,143.28523227262372,143.82559442904005,3957700
2018-01-29,145.54490661621094,146.30631570603066,145.1109828890042,145.9788303434177,6091900
2018-01-30,141.21389770507812,145.46308886929629,139.8793824353144,144.99642141095845,9613000
2018-01-31,140.11676025390625,142.70393728501725,139.40447266659893,142.1308316117374,7004200
2018-02-01,140.73898315429688,142.08169318726976,138.2746225886577,139.40446837604006,4751300
2018-02-02,138.67579650878906,141.41852076960734,138.35649390849184,139.83838578404473,4604500
2018-02-05,134.1482391357422,138.74129177776436,125.96916317636939,138.04536978939888,7309300
2018-02-06,135.2371063232422,135.9494061836085,129.56334316868472,129.64522073651258,7020000
2018-02-07,135.67103576660156,137.7587762231066,134.69675022409268,134.97511395259173,4974000
2018-02-08,130.15286254882812,135.68744535767866,129.98092460610684,135.65470181718075,5656000
2018-02-09,131.65110778808594,132.61719821097248,127.09079920161707,130.97974665264493,7187100
2018-02-12,134.1891326904297,135.81840127567156,132.22419607405027,132.93648341125441,5255900
2018-02-13,132.96112060546875,134.1319054860173,132.40439282484448,133.45236128830035,5406000
2018-02-14,130.9879913330078,132.65000429243557,130.73417575177018,132.17514166220354,5865600
2018-02-15,131.63475036621094,132.24061203496237,130.02185932953194,131.92949219252705,5012100
2018-02-16,129.18679809570312,130.91431083053797,129.1622373097912,130.5622645706205,7165800
2018-02-20,128.67098999023438,130.308442102629,127.95050706309492,128.53999082297844,5211100
2018-02-21,129.88265991210938,132.07685154389694,129.03119058020468,129.16217721319939,7833400
2018-02-22,131.5364990234375,132.1423481615088,130.09553352150547,130.13647231285856,4398200
2018-02-23,133.5014190673828,133.70610050529865,132.1750873473725,132.1750873473725,4272400
2018-02-26,133.9272003173828,134.88510823637858,132.87923203885236,134.2710637375787,4525200
2018-02-27,131.5364990234375,134.68040331221897,131.52012100834324,134.42660029570098,4907500
2018-02-28,129.9628143310547,132.82176645905062,129.94633270650078,132.17910881940847,6116800
2018-03-01,128.28208923339844,132.17915889227237,127.87838356736376,130.0122958849209,5609000
2018-03-02,122.16046142578125,123.95656922577088,120.98227012547869,122.68776039724418,11754300
2018-03-05,124.4344253540039,124.80518025116443,121.87207918484836,122.1686856169364,6397800
2018-03-06,124.57447052001953,124.99467024088673,123.69289844527172,124.61566829662561,5015400
2018-03-07,125.54671478271484,125.84332124354394,123.322160040597,123.4704695569112,4492000
2018-03-08,127.24394226074219,127.38400465941973,125.76914466727096,125.83505860284824,4291400
2018-03-09,129.55088806152344,129.95459365671,127.57350758225999,128.216152780776,5076500
2018-03-12,129.9628143310547,131.3716852214113,129.7733070781748,129.9628143310547,4461500
2018-03-13,130.35833740234375,131.73425816513657,130.3501028726747,130.63846227270375,4333100
2018-03-14,130.37481689453125,131.42116787638008,129.55091135630653,131.00098057773377,3879000
2018-03-15,133.1513214111328,133.5962246926759,130.66312415832195,130.7620013322838,5925700
2018-03-16,133.76927185058594,134.486065475261,133.12662668947084,133.37380080646844,14293800
2018-03-19,131.0092010498047,133.76928933541672,130.3500867473894,133.47268287061007,4307600
2018-03-20,131.31405639648438,132.3768889095771,131.20694466357904,131.61889739407692,3105100
2018-03-21,130.72084045410156,132.16267497770247,130.41598689171667,131.824870729227,3871900
2018-03-22,129.3861083984375,131.0998332703651,129.2295769207544,130.053482383885,3669400
2018-03-23,127.68889617919922,129.9958345508191,127.63946385088923,129.83929046330235,3447400
2018-03-26,130.18524169921875,130.3417856813581,128.70222256100126,128.70222256100126,3477000
2018-03-27,129.7486114501953,131.63536174847928,128.91647156964177,130.5889984302283,3519100
2018-03-28,130.51486206054688,131.62712684691928,130.02876087453674,130.0452299314258,3913200
2018-03-29,128.8423309326172,131.68480205835377,128.8423309326172,131.00095906530893,5289500
2018-04-02,129.94635009765625,131.9566811212176,127.91130291985421,130.3995005450652,6960100
2018-04-03,132.15444946289062,132.2615612108291,129.60034971841537,130.1605994760598,4719400
2018-04-04,133.25021362304688,133.5962523741239,130.07818545227488,130.58900276503644,4888000
2018-04-05,135.0792999267578,135.581882768691,133.26671039860202,133.8022439278981,4503900
2018-04-06,132.854736328125,134.93921583655268,132.57461152922275,133.8187040691459,4321900
2018-04-09,132.8383026123047,134.76625136150227,132.6982401623369,133.65397372049605,3581500
2018-04-10,134.10707092285156,135.08752025392673,133.51385809349176,134.15650322999866,3902600
2018-04-11,134.57669067382812,135.16990350433966,133.70335305440764,133.88461322883046,2711100
2018-04-12,133.1596221923828,136.27398442815615,133.09370823421065,134.78271726844164,5178900
2018-04-13,133.25021362304688,134.42840485409815,132.8629770885991,133.6044994738771,2452800
2018-04-16,133.16786193847656,133.83522344187762,132.53345112644038,132.89597159046104,3115200
2018-04-17,133.92584228515625,134.69206836995903,133.52212406205996,133.7940143871901,2861900
2018-04-18,133.31613159179688,134.55198969948444,133.25846475077347,133.9587768020505,2503100
2018-04-19,131.4376220703125,133.55506489600904,130.8196930456335,133.15134674070475,3276600
2018-04-20,130.81149291992188,132.42634082223142,130.59726942241036,131.27287803486746,3961200
2018-04-23,130.99270629882812,131.5694374862178,130.3006163021635,130.9762246729607,3051900
2018-04-24,129.61683654785156,131.68483510227622,129.1554388461224,131.61892114488634,2904400
2018-04-25,128.47982788085938,129.63329057188474,127.71358921540647,129.42731419335874,3710200
2018-04-26,130.91856384277344,131.3799614299443,128.24087127617588,128.9082452146235,3680600
2018-04-27,130.42422485351562,131.70128071358405,130.35007638615772,131.39642717255964,4141500
2018-04-30,137.95472717285156,138.37491441618863,134.91451412549753,135.68898724097298,12954700
2018-05-01,134.6591033935547,137.18025195860335,133.55507315178025,137.08138733151875,6560100
2018-05-02,132.38510131835938,134.46134625325675,132.18737208671035,133.59624314939973,4318400
2018-05-03,131.89077758789062,132.5169411643685,131.06687219009405,132.31921191484847,3450100
2018-05-04,135.96913146972656,136.31517029098805,131.74249198895978,131.78368978068633,4283600
2018-05-07,135.9444122314453,137.83939746175892,135.65604026768864,137.402728537305,3379000
2018-05-08,135.7549285888672,136.43052464032914,134.91454136074464,135.48303823353925,2808100
2018-05-09,135.3182373046875,136.11742660679943,134.3377877955935,135.94440092857124,2762500
2018-05-10,136.00204467773438,136.47166412953618,135.37586864627016,135.49121487757205,1675100
2018-05-11,136.26568603515625,136.75178710558123,135.82078274075627,135.9443634970351,2258500
2018-05-14,135.71372985839844,136.75184637646888,135.3841726509543,136.47995602301677,2537300
2018-05-15,134.3460235595703,135.65603023605837,133.74457608821788,135.34295470713778,3471300
2018-05-16,134.189453125,135.0710378366183,133.25844867832137,134.4943066369507,2522000
2018-05-17,132.9041748046875,134.48607162529527,132.4263081757854,133.99173594049194,2975500
2018-05-18,132.63230895996094,134.16477375164476,132.278035615829,133.20904031773426,2318000
2018-05-21,133.0442352294922,133.44795338543182,132.32744158271194,133.2914093541124,2424000
2018-05-22,131.37171936035156,133.54682921024997,131.13279231531317,133.52211305289427,3224000
2018-05-23,133.1596221923828,133.1843383552221,131.13282140874725,131.57772491165684,3835100
2018-05-24,133.79403686523438,133.96706258185915,132.1874233757288,132.73943864792804,3378000
2018-05-25,134.4696044921875,135.07928643600934,133.55506900465616,133.8351938205634,2582100
2018-05-29,132.335693359375,134.0658998854361,131.9979016692239,133.8269602575001,3197100
2018-05-30,133.32435607910156,133.5550485476657,132.50045081371633,132.98655190306243,2396500
2018-05-31,131.83311462402344,133.16785008380813,131.77544777631806,132.7970825511011,4881100
2018-06-01,131.96578979492188,132.70372313036773,131.84971082030094,132.57934466720712,3203800
2018-06-04,132.84466552734375,133.0685366232915,132.28084436933804,132.7285865612335,3174600
2018-06-05,132.23109436035156,133.4831024438264,131.8165248284265,132.637377056235,2952300
2018-06-06,134.63558959960938,134.6438764346885,132.10671321824472,132.4881100583909,3586200
2018-06-07,140.52249145507812,140.95364733055365,135.72178162154967,135.77152794340094,8342500
2018-06-08,140.04989624023438,142.24710991730177,139.6767861547251,140.14110205239524,5056600
2018-06-11,138.04339599609375,140.15769092717562,137.85268486256297,140.15769092717562,3246500
2018-06-12,138.24234008789062,138.66520906932388,137.82777059340748,138.31697221215686,2985300
2018-06-13,138.11798095703125,138.97199314469452,138.09310779829602,138.45793099528956,3140500
2018-06-14,138.5076446533203,139.2455777089989,138.2008546818294,138.49934516792717,2390000
2018-06-15,138.01846313476562,138.1345420715657,136.46796483049727,137.71997263275748,7384400
2018-06-18,137.8692626953125,138.11800698119075,135.82128789584877,137.24740830644683,4297700
2018-06-19,136.78309631347656,137.23082591958186,136.17782823340414,136.4928925296781,3350400
2018-06-20,134.78488159179688,137.24742630680691,134.6273431016904,136.73336399312186,3649500
2018-06-21,133.10171508789062,135.6471785108842,132.2808627232947,135.3901347308639,4655800
2018-06-22,136.4348602294922,136.92404932948085,133.7069851297934,133.7152846189982,8703600
2018-06-25,132.50473022460938,135.1496862309406,131.7916700243184,135.1496862309406,6126800
2018-06-26,133.41676330566406,134.1961560120069,132.49641848352738,132.67053059353145,3375100
2018-06-27,130.5230255126953,133.0684876456139,130.489865528151,131.87452577555788,4962100
2018-06-28,129.6110076904297,130.4484334814949,128.59945715185452,130.38210084680807,4136500
2018-06-29,129.91786193847656,130.9625730868063,129.40379953001235,129.97589512088516,4024500
2018-07-02,130.06704711914062,130.06704711914062,128.88967111035493,129.3374133111794,3024000
2018-07-03,129.74363708496094,130.8546927025235,129.60268500585204,130.47328328425797,1437700
2018-07-05,130.44017028808594,130.73036138432278,129.7602701480603,130.09192072994776,2248300
2018-07-06,132.18138122558594,133.13489897939382,130.54797584759393,130.81330648743443,3298800
2018-07-09,132.61251831054688,133.32557848902917,132.1399029199863,133.0519610500193,2477300
2018-07-10,133.17630004882812,133.47479059022655,132.21450843912825,132.52128581580052,2187500
2018-07-11,131.5180206298828,132.42179173107985,130.75521428839093,131.74189169638638,3203800
2018-07-12,131.93258666992188,132.4798214174442,131.6838551043721,131.95745982647685,2360800
2018-07-13,131.42686462402344,131.63414944702927,128.74874825325324,130.50651950381106,5186500
2018-07-16,131.65072631835938,132.06529593459092,130.97083872660318,131.5180610047667,2818200
2018-07-17,132.45497131347656,132.662256088615,131.4682937595521,131.4682937595521,1877500
2018-07-18,130.94595336914062,132.55448551002357,130.84646070942767,132.53791183451187,3824000
2018-07-19,130.51478576660156,131.53462329368904,130.26604151198896,130.66402472837413,4869700
2018-07-20,130.97911071777344,131.29418763892667,129.57786354947723,130.34067003867946,2695500
2018-07-23,131.6258087158203,131.69214135022233,130.20797554024708,130.83812924123802,2754300
2018-07-24,130.9541778564453,132.31396491758682,130.6059410952369,132.0320607754162,3388400
2018-07-25,131.74188232421875,131.82480127677505,130.51476026665205,130.7469181518226,4193400
2018-07-26,129.46177673339844,131.74190922608787,128.27611390999598,131.19467439144438,7409800
2018-07-27,130.5727996826172,131.012242318626,129.67732808896065,129.8265796803983,4234100
2018-07-30,131.53457641601562,132.678791988451,130.24940876825403,130.49815293421656,3274800
2018-07-31,130.62258911132812,131.8331379574162,130.36555797353847,131.5843936573531,3530000
2018-08-01,130.10848999023438,130.35723421985543,129.06377940781445,129.81829893205736,4252800
2018-08-02,128.8565216064453,130.1168040372186,126.96608530862567,129.88464608146248,6245900
2018-08-03,129.5198516845703,130.14999297882673,127.92789314347601,129.09698255735475,3673100
2018-08-06,129.94271850585938,130.514826675293,128.89800749102127,129.37061033642578,2375200
2018-08-07,129.37892150878906,130.3407263614383,129.2130961397686,130.10028147410833,1929300
2018-08-08,131.7667694091797,131.775056244649,129.48663714105552,129.75196769595996,2988000
2018-08-09,132.0818328857422,132.34715076208343,130.97078976597984,131.70042341466024,2764500
2018-08-10,131.5677947998047,132.25598181538382,130.8961941097596,131.2858905240232,3343200
2018-08-13,131.12005615234375,131.8248294446984,130.38212286287458,131.40196040862216,2879600
2018-08-14,133.15977478027344,133.84794925619659,131.16154605879214,131.29421138133745,3111600
2018-08-15,132.56272888183594,133.04363095297003,131.31072106937566,132.5046830871354,3355500
2018-08-16,134.0966339111328,134.55266284719872,132.78659290009614,132.78659290009614,2822100
2018-08-17,133.61575317382812,134.23760746284995,132.86124625174165,134.23760746284995,2527400
2018-08-20,134.05523681640625,134.45323279217135,133.57434715276483,133.73187299338568,2659500
2018-08-21,133.5245819091797,134.2791016780863,133.50800823304587,133.87283153456826,1920900
2018-08-22,133.1182861328125,133.91425259044593,132.728589740467,133.8313462707576,2361500
2018-08-23,131.8745574951172,133.3172512253987,131.31073640901857,133.1265528021795,2755500
2018-08-24,132.14822387695312,132.5462071930501,131.25275192698882,131.61757523827,2199400
2018-08-27,133.0602569580078,133.09342961135744,131.99895978070518,132.8529721553837,2627100
2018-08-28,134.02206420898438,134.0469373736732,132.7949416949146,133.11830548752962,2138000
2018-08-29,135.24087524414062,135.43157368922923,134.0634992739694,134.254197719058,3168200
2018-08-30,134.98382568359375,135.39009567833392,134.62728935070345,135.1745241025872,3038400
2018-08-31,135.35096740722656,135.918308430543,134.76694924398993,134.76694924398993,3649700
2018-09-04,134.9254150390625,135.14233234352653,133.54880046068854,135.00050032938051,3296300
2018-09-05,136.19357299804688,136.3270537108208,134.48322485494117,134.8252970296894,2749200
2018-09-06,136.6107635498047,137.07797798426807,135.7430686881111,136.02673277608693,3133800
2018-09-07,136.74424743652344,136.99454452663312,136.11017250813262,136.4772732095416,2868300
2018-09-10,137.72035217285156,138.51294869838557,137.02786935098771,137.22809675832798,3080100
2018-09-11,137.34494018554688,138.4378908699409,136.9945293903651,137.5618702473052,2946400
2018-09-12,137.445068359375,138.01239649273788,136.61075329456776,137.09465755983248,2613300
2018-09-13,135.49276733398438,138.04578223722962,134.90874930930926,138.03743093860973,3663600
2018-09-14,134.19126892089844,136.08516820411816,133.69902595246475,135.99339301249145,3939800
2018-09-17,131.9385986328125,133.34025471877882,130.62037915493713,133.11498606144445,5360000
2018-09-18,131.62991333007812,132.72286421066835,131.47139140437915,131.96363431949936,3722800
2018-09-19,132.8062744140625,133.06492279445962,131.5881814705591,132.4141580206672,2822000
2018-09-20,134.14952087402344,134.36645095013264,132.96479494604225,133.66562931340658,3218700
2018-09-21,137.91226196289062,137.91226196289062,135.58451615392357,135.7513893262322,8805500
2018-09-24,136.25198364257812,136.89440977144034,134.42483171505066,136.74422644817005,4375300
2018-09-25,138.83837890625,139.4807923674677,136.8860846267609,137.31991931288863,5282900
2018-09-26,138.29608154296875,139.75613312791384,138.12088248193348,138.83004275623736,3092600
2018-09-27,138.9385528564453,139.5559508813039,137.9123484028539,138.17932273073623,2390700
2018-09-28,139.57261657714844,140.02315401879835,138.92185158866977,139.11375329523747,3390200
2018-10-01,139.05526733398438,140.9575043488004,139.04692876774445,140.47360016353872,3118200
2018-10-02,137.8121337890625,139.36396006541207,137.8121337890625,138.78829345843855,3071200
2018-10-03,137.3783416748047,139.831230360202,137.13638314154335,138.5797575803576,3830300
2018-10-04,138.32945251464844,138.55472116663077,137.24484028842974,137.5702226832315,3230400
2018-10-05,138.9718780517578,139.7394464477515,138.3211005347193,138.69655252972117,2822500
2018-10-08,139.9730682373047,140.3067892335573,138.59644048382268,138.70490553639277,2560500
2018-10-09,141.69174194335938,142.300788431795,140.0064217937268,140.2984371853728,4157900
2018-10-10,140.4736328125,143.50220077474813,140.34849063663788,143.49386220657013,4190500
2018-10-11,135.96832275390625,139.88960088616525,135.00886555251336,138.8383685213719,5430700
2018-10-12,136.67745971679688,137.62857810093587,135.04219707058633,136.76922212544986,3446100
2018-10-15,136.5523681640625,138.05413808017352,136.5273397263473,137.4033732382987,4265900
2018-10-16,136.8861083984375,137.21149083485835,135.90994835853462,136.36048572012677,4094700
2018-10-17,139.1387481689453,139.93968362430593,136.91946670232113,137.21982068074124,3608400
2018-10-18,139.17210388183594,140.15660234868426,138.3044217538313,139.03027183834664,3378600
2018-10-19,139.7394256591797,140.2900638906977,138.74658876001368,138.82167405558837,3510000
2018-10-22,139.0218963623047,141.6750116431706,138.6547957680788,140.14821384298668,5703500
2018-10-23,147.7989501953125,148.39965822932717,142.25075854660182,142.83477671004906,12918300
2018-10-24,147.9658203125,148.50812015338803,145.52960848679504,146.9479546503008,7866400
2018-10-25,146.2637939453125,148.73337250958753,145.6714372894762,148.14100312311172,4646400
2018-10-26,144.6201934814453,145.94675159197106,144.0028083820417,145.67143877937409,4741600
2018-10-29,144.52841186523438,146.97296190841527,143.68575813513098,146.0051532657007,3485200
2018-10-30,148.91690063476562,149.00032450293904,144.70360700756206,144.76200244221965,5582900
2018-10-31,147.59034729003906,149.30904722011013,147.1481612719576,149.18389230723633,5424700
2018-11-01,145.905029296875,147.96578861988337,145.75484595839242,147.39844772987098,3701200
2018-11-02,147.46519470214844,147.66543491023344,145.170828165057,147.21489762470173,4190900
2018-11-05,150.5021514892578,151.09452101290316,147.67382284900262,148.01589521152115,4747300
2018-11-06,152.43771362304688,152.56285579259043,149.75121805131775,150.2017425923123,4864700
2018-11-07,153.72256469726562,153.91445361507687,151.74524188731144,152.67967077123262,4363900
2018-11-08,154.74876403808594,155.21597846580258,153.58072796879432,153.75592701386887,3318600
2018-11-09,155.13258361816406,155.66654488269344,154.40673340577086,155.18264049755106,3237000
2018-11-12,153.82264709472656,156.3673103018291,153.3304043173004,155.14086627628518,3080800
2018-11-13,153.52232360839844,154.28155343759119,152.9466568582347,153.46392816880444,2358100
2018-11-14,153.38882446289062,154.42336695993657,152.98000551221583,153.69751695241084,3407500
2018-11-15,153.1468963623047,153.49730721928506,151.44489895259426,152.65465344873508,3351100
2018-11-16,156.50918579101562,156.65936914740726,153.03009292405855,153.09683966793932,3759500
2018-11-19,155.78335571289062,157.602156978114,155.00743585460114,156.63436089373158,3745900
2018-11-20,153.27203369140625,155.70823227271984,152.70469279951777,154.90728416965322,3708300
2018-11-21,152.44606018066406,154.8238633717171,152.4293703136376,152.85487917366262,3410600
2018-11-23,151.78695678710938,152.67968015335785,151.06945794332177,152.27921242573137,1747700
2018-11-26,153.42218017578125,153.58904062458032,151.90373354188256,152.17904628055112,3843300
2018-11-27,154.0396270751953,154.04796564457783,152.83821109081953,152.95501471537605,2194200
2018-11-28,156.7261199951172,156.89298049386846,154.11470926895169,155.15760329944717,3279500
2018-11-29,157.9025115966797,159.2541110609296,157.36021173534428,159.12061755546074,4617100
2018-11-30,158.24667358398438,158.851086089808,156.77761790077534,158.10396685471338,6635700
2018-12-03,155.61073303222656,158.17108920170546,155.0231134545952,157.902468598708,4401700
2018-12-04,155.33370971679688,157.88567589701216,155.21618580120446,155.96330486657322,4436200
2018-12-06,155.6779022216797,155.92974286080783,152.86571804399853,153.40297209653664,4878000
2018-12-07,153.58766174316406,157.14696520848335,153.3442110836451,155.5771785503033,3088000
2018-12-10,155.00636291503906,155.37572755284324,151.56458284554012,153.58768555132693,3084900
2018-12-11,154.1165313720703,156.83638767248598,153.51211886086685,156.6181325803316,2889100
2018-12-12,154.0242156982422,155.16588254060244,153.07563400192575,154.40197037795414,3024600
2018-12-13,156.5005645751953,156.777587988272,154.30118287089422,154.4606823641032,2737500
2018-12-14,153.86468505859375,155.51842300660786,152.94967633259773,155.51842300660786,4450000
2018-12-17,151.7660369873047,154.1417114079914,151.27075843559322,153.45336055477608,4566700
2018-12-18,150.85943603515625,153.29386610240118,150.31377908273973,152.98326984938595,4269000
2018-12-19,150.39772033691406,153.60445223355575,149.91083179371904,151.90034873694736,3883800
2018-12-20,145.79745483398438,150.10389015607817,144.840470630091,149.6002216751143,5775300
2018-12-21,146.1920623779297,149.13017455855308,145.67160089057663,145.67160089057663,8536900
2018-12-24,142.9433135986328,147.13222553885873,142.8509724437453,146.2675823654343,2400900
2018-12-26,146.09127807617188,146.09966806805627,141.9023664792238,142.7838023747082,4065500
2018-12-27,147.50160217285156,147.50160217285156,143.3210798846817,145.47009659985414,3934500
2018-12-28,147.37564086914062,149.00419581939073,146.77963125898538,147.99684607145522,2896800
2018-12-31,149.06298828125,149.25606058526975,147.4092502806678,147.71145653481352,2482600
2019-01-02,147.79541015625,147.99688528287626,146.20883036037563,147.24976596755235,2571500
2019-01-03,146.82156372070312,148.1227294140858,146.41023647696755,147.28326932921237,3728200
2019-01-04,149.65896606445312,150.4312679249439,147.4847671823941,147.77018058122076,3194300
2019-01-07,151.28750610351562,152.68101299765706,149.54142749082243,149.54142749082243,3283000
2019-01-08,151.60655212402344,153.0252294287381,151.02732240329576,152.74821877105438,2941400
2019-01-09,151.34628295898438,151.85835422426476,150.42288436872505,151.57294081322897,2680700
2019-01-10,152.4040069580078,152.68103037035044,150.5320142360947,150.96852433207715,2498500
2019-01-11,153.09237670898438,153.11755949422255,151.48901720917732,151.59813834216013,2348900
2019-01-14,152.12698364257812,152.57189653897794,151.6820707461783,152.29487312645884,1886200
2019-01-15,151.95913696289062,153.7975574307292,151.72408905741952,152.33689161031563,3860200
2019-01-16,150.55722045898438,152.3872378925892,150.3809281476291,151.8919593551437,3375600
2019-01-17,152.03465270996094,152.03465270996094,150.28857378027865,150.47325606768766,3061000
2019-01-18,153.26023864746094,153.83945536449707,151.89191456730282,153.65477311530478,3498000
2019-01-22,154.93917846679688,155.70307752964456,152.991624614128,152.991624614128,3190300
2019-01-23,156.2151641845703,156.28232254568167,154.55303637679367,155.1154732408103,2530700
2019-01-24,157.28968811035156,157.717821104208,156.08926590917125,156.86156792564404,3214200
2019-01-25,154.46067810058594,159.01055088579912,154.40190973770098,158.46490687486317,4405600
2019-01-28,154.12490844726562,154.22563957926906,152.63906020448016,153.67159273495622,4138700
2019-01-29,152.92446899414062,154.22563491614682,151.91711927712333,153.8562703644396,3666700
2019-01-30,152.58868408203125,157.64222526150763,149.986352339371,153.5540581880025,9489900
2019-01-31,150.07872009277344,152.65586951127733,148.4753477528074,151.31272782990453,10440100
2019-02-01,148.3494110107422,151.51417962473224,148.14793594677496,150.72508496896023,6529200
2019-02-04,149.0461883544922,149.23926064927284,147.45960879843722,148.8279204646851,4533800
2019-02-05,149.06298828125,150.6159823243509,148.76917201974896,149.1805122240206,4495900
2019-02-06,147.8961181640625,149.04618755261274,147.73663145740952,149.04618755261274,3965200
2019-02-07,147.14060974121094,147.96327730110434,146.32633217355936,147.74502222048116,4176300
2019-02-08,146.6956787109375,147.3000911157658,146.4018624997318,146.7124715025013,4051600
2019-02-11,146.28436279296875,147.66107731872393,146.20881443214566,147.10704319687233,3216400
2019-02-12,146.04090881347656,147.14059975247795,145.8982021001628,146.7292595958811,4692800
2019-02-13,146.1920623779297,146.6201954935353,145.8562832523766,146.06614840813543,5283000
2019-02-14,147.63587951660156,148.11437803811378,145.57081434256898,146.0073244779179,4428800
2019-02-15,151.07766723632812,151.08605722781397,148.5928591777533,148.81951703934445,4648600
2019-02-19,150.47325134277344,152.69781590423793,150.39770299370036,152.0346479360183,4765400
2019-02-20,151.51422119140625,151.87518303641806,150.54883398867364,150.65796794607252,3707400
2019-02-21,153.4617462158203,153.90665918146422,151.43864367595356,151.48061925574325,4391000
2019-02-22,153.76393127441406,153.9654063441595,152.78176432655525,153.6044317786756,3073500
2019-02-25,153.29385375976562,155.0567256038649,153.12596425298196,154.4019347518565,3090800
2019-02-26,153.79751586914062,154.30118432654803,153.17631068161012,153.99058813735613,2219100
2019-02-27,153.92347717285156,154.51109695865634,153.48695412804628,153.68003926485767,2261700
2019-02-28,155.30892944335938,155.427201613519,153.7629349322514,153.86432028574518,3297900
2019-03-01,156.3311309814453,156.83800612755584,155.50322588597598,155.94251510113213,2691000
2019-03-04,152.5632781982422,156.06076915251253,151.81140252831221,155.90871049352967,4899800
2019-03-05,153.2053985595703,153.5433154179646,152.36059352288274,152.57179478205464,3362500
2019-03-06,153.77984619140625,154.9879239901505,153.6700174213293,153.754503073804,2083900
2019-03-07,152.50418090820312,154.08396191252103,152.02263593792685,153.85586098498493,3268100
2019-03-08,151.64247131347656,152.0648737405336,150.603364952312,151.85367252700507,2757200
2019-03-11,152.97731018066406,153.01109671300347,151.8959606759625,152.0649191190653,2071500
2019-03-12,153.61090087890625,153.83900184748248,152.62248053601175,153.475728979698,2191800
2019-03-13,153.80516052246094,154.75133777772513,153.50103027745482,154.19377640412918,2612100
2019-03-14,154.379638671875,154.4134251930356,152.6308864930699,153.74603505184973,2375300
2019-03-15,156.56768798828125,156.67751674632385,153.84741527763558,154.8273920198792,6010500
2019-03-18,155.40184020996094,157.35333723329055,154.94565129037278,157.11679292080805,3669200
2019-03-19,154.69216918945312,155.75661833357174,154.20218097973964,155.49473097284616,4102800
2019-03-20,156.2635498046875,156.59302317142772,154.02482217051664,154.92031322418498,3522400
2019-03-21,157.4462890625,157.6659465920928,155.80736545261556,155.81582175187688,2830200
2019-03-22,157.81797790527344,159.37241559701383,157.08300187627944,157.0999015811695,3319600
2019-03-25,156.89718627929688,157.52234662253147,155.45256405142152,157.34493189989013,2651600
2019-03-26,158.38400268554688,159.5667371578202,157.42938201281086,157.682813144078,2609600
2019-03-27,158.40936279296875,159.38089616628076,158.00386004874017,158.51919155543266,1684800
2019-03-28,159.99757385253906,160.0482600759036,158.76415322431166,158.7979526336865,1977100
2019-03-29,160.42845153808594,160.9522393619533,159.59210290489332,160.7241384207643,2952000
2019-04-01,159.15281677246094,161.23104278795844,158.6036986672242,160.93535587547615,3195100
2019-04-02,159.11900329589844,159.62587848626654,157.7250675183125,159.5920919631884,1797700
2019-04-03,159.11900329589844,159.8708791187056,158.50228645610312,159.56674884820498,2512300
2019-04-04,160.403076171875,161.12960878343873,159.5836145207846,159.71034296961062,2324900
2019-04-05,161.1127471923828,161.560492755463,160.57207257522748,160.80861691456423,2438400
2019-04-08,160.38621520996094,161.78013813684447,160.17501398523922,161.11274793863168,2290100
2019-04-09,160.58045959472656,160.74941793625067,159.19498056911667,160.00598576471043,2279500
2019-04-10,159.85398864746094,161.61118443513192,159.46537271076346,160.98602415112296,2406800
2019-04-11,159.56675720214844,160.07363241905344,158.8655675725981,159.90467401341846,1740400
2019-04-12,161.86463928222656,162.43910048094085,160.1496862045282,160.1665730228191,3238800
2019-04-15,162.0758056640625,162.49820806309242,161.23100086600266,162.00821973333393,1973500
2019-04-16,161.9490966796875,163.10648815784754,161.68720922331616,162.62494317752626,1559200
2019-04-17,161.87301635742188,162.49817642692744,161.6702586047103,162.20248964889336,1875000
2019-04-18,164.660888671875,164.7369180018009,161.915273371845,162.00820240532002,2918400
2019-04-22,163.82456970214844,164.5088596296927,163.36838071401897,163.8921556431121,1738400
2019-04-23,164.9566192626953,165.53953677380585,163.99354208063917,164.1540570927654,2192900
2019-04-24,166.9587860107422,167.49100429859118,165.02417569263238,165.21849008871433,3070100
2019-04-25,167.21224975585938,167.28829200383532,165.26075224160587,165.99574136736348,2040800
2019-04-26,166.7814178466797,167.77829454723334,166.0379852490263,167.66846576147933,2302100
2019-04-29,166.5279083251953,167.57547085666556,165.07484312280326,167.25444092639134,3456100
2019-04-30,166.90809631347656,168.96096586115422,165.15934412927825,167.98944546373204,6162300
2019-05-01,164.0357666015625,166.58708102008606,163.8499084914959,165.47193235968643,4059600
2019-05-02,164.4075164794922,164.8637055489658,163.3177236025426,164.05269989418994,2418000
2019-05-03,166.8658447265625,167.24600430163636,164.52573186294188,165.02416359227647,2915200
2019-05-06,168.03167724609375,168.26822156965267,165.53106214255718,166.0294939035778,2371300
2019-05-07,167.30511474609375,168.63990770006905,166.19842266728233,167.23754171486408,3072500
2019-05-08,167.2967071533203,168.19219825182267,166.2153579524081,167.02637629844193,2040900
2019-05-09,167.0432586669922,167.53324702478136,165.9281229729229,166.52792719506726,1923600
2019-05-10,168.95252990722656,169.265103582836,166.4434584222393,166.47724494499465,2668800
2019-05-13,168.14151000976562,168.88494241050708,166.66310150691788,167.2713620364883,2809400
2019-05-14,167.27981567382812,168.631508686798,166.96724198199257,167.97256188791766,2787700
2019-05-15,168.17532348632812,168.73288494281033,166.8489735596093,166.98414544208387,1899000
2019-05-16,168.95252990722656,169.49320450620735,168.023239397713,168.4202987162598,2520500
2019-05-17,168.3020477294922,169.2735682920301,167.9472311877644,167.99791742362538,2239600
2019-05-20,168.10769653320312,169.5354056874208,167.5078795077424,168.3019980101705,2217400
2019-05-21,168.82579040527344,169.9324826456227,168.17529998184122,169.71283803532464,2264600
2019-05-22,168.9272003173828,169.10460213477563,167.69377944152194,168.5554840838165,1760300
2019-05-23,168.09085083007812,168.47945390885522,167.35587460969882,167.95567893715514,3560400
2019-05-24,167.07701110839844,168.8764361596487,166.7052950179782,168.8510930526378,2105800
2019-05-28,166.14779663085938,168.4372238366149,165.90280885449644,167.50793318689097,3675100
2019-05-29,165.59866333007812,166.1731244857217,164.61024312472665,165.45504804116723,2925100
2019-05-30,168.3189239501953,168.47098263655914,165.3958934799991,165.5901949872526,2685000
2019-05-31,168.48040771484375,169.97596723316664,167.61365665824445,167.74962015068988,3669100
2019-06-03,168.91372680664062,169.18565371111367,167.67309596200062,168.5568324691611,3211800
2019-06-04,169.6360321044922,170.20536451002852,168.92223041788625,169.10068408108506,3829900
2019-06-05,170.06089782714844,170.4262850190654,169.31311180400314,170.01840762743547,4294600
2019-06-06,172.54220581054688,172.8226256233808,169.9759502533142,170.05242484785316,4657600
2019-06-07,174.60707092285156,175.38034850351045,172.9245652696795,172.9245652696795,4345000
2019-06-10,171.0551300048828,175.13394338587992,169.72951857345157,175.13394338587992,4647500
2019-06-11,172.7206573486328,173.05206024524844,171.13162460924397,171.9049023567444,2991400
2019-06-12,174.1397247314453,174.6155968895018,173.0945330802975,173.7658446279724,2874000
2019-06-13,173.7658233642578,174.5390879733204,173.06052751755257,174.36914013504912,2277800
2019-06-14,174.44564819335938,174.88752303061133,173.16252685706382,173.3494734048938,2715800
2019-06-17,173.18801879882812,174.8365403793038,172.57619608924557,174.8365403793038,2694400
2019-06-18,173.78282165527344,174.53910061160292,173.28147095790453,174.1992049104487,2470900
2019-06-19,173.8168487548828,174.19923472567638,172.16832709313204,173.87632467797903,2328400
2019-06-20,174.30117797851562,174.53061471734884,173.4344400161508,174.19921185734103,2162200
2019-06-21,173.57040405273438,174.99799469141624,173.33247444065262,174.69208333785522,4267400
2019-06-24,173.281494140625,174.41166629913977,173.0350716692487,173.9867901327594,2486800
2019-06-25,174.80255126953125,175.38037660953276,173.96129182503256,174.02927356494882,3020900
2019-06-26,173.8168487548828,174.7685672539587,173.35797521697688,174.61561805211812,2576000
2019-06-27,175.2783660888672,175.34634781156527,173.51937305029725,173.9187575672811,2253500
2019-06-28,176.45957946777344,176.73999930454787,175.32091440901092,175.81375937113216,3658200
2019-07-01,175.30392456054688,177.9636407835633,175.21045127691417,177.4792886528795,2689500
2019-07-02,178.091064453125,178.091064453125,175.32087699839943,175.68626421410647,3120000
2019-07-03,180.83575439453125,180.88673744934354,178.19302466852048,178.29500374433394,2306000
2019-07-05,179.50164794921875,181.00569991165062,178.66038865703663,180.4023831491896,1876200
2019-07-08,180.28343200683594,180.59783617539247,179.49315570902368,179.5016615294861,1818000
2019-07-09,180.2239532470703,180.73380978823258,179.69711099640895,180.13898580100357,1618800
2019-07-10,180.9972381591797,181.3881299185442,180.10499565952298,180.35992394030933,1842300
2019-07-11,180.7337646484375,182.5267419832532,179.8160308832715,182.24632225227023,1922800
2019-07-12,180.9887237548828,181.33711229874632,179.52714894966553,180.7337955044492,1960100
2019-07-15,182.0254669189453,182.44183729568954,180.73383964318003,181.53260897205868,2408500
2019-07-16,181.60902404785156,182.6117253252624,180.27490699623831,181.44756907052886,2380400
2019-07-17,181.6005401611328,182.6117343418407,181.30312171809643,181.82996390910932,1698400
2019-07-18,183.4700164794922,183.50400086530757,181.27765405796444,181.91496826307633,2259800
2019-07-19,181.73651123046875,183.76741860800743,181.6770353148405,183.18959329646225,2860500
2019-07-22,182.69676208496094,182.9771819268949,180.58937980865431,181.6685559978698,2580000
2019-07-23,182.11044311523438,183.75896492137426,180.69135809814313,183.32559584534303,2503600
2019-07-24,180.81031799316406,182.6542791794716,180.3769489289438,181.71105347930393,2971600
2019-07-25,182.22091674804688,182.35688025140757,180.41093988736313,180.45343010293752,3789000
2019-07-26,183.18959045410156,186.06175719014476,182.26336361933636,185.20349912470283,5029300
2019-07-29,182.67970275878906,184.75309995659967,182.10187755477656,183.54645353099588,4278600
2019-07-30,180.43638610839844,182.8751838349971,179.790579078914,182.09340037010793,2808500
2019-07-31,179.0597686767578,180.75078007200844,177.9125981224328,180.2154320844983,4048800
2019-08-01,179.51016235351562,181.10770072861183,178.54144530964012,179.45067347239635,3231800
2019-08-02,182.25486755371094,182.7732169693298,179.20425994407756,179.55266149491126,3517800
2019-08-05,178.83033752441406,182.36530958326748,177.96358670015346,181.54104895978028,3685600
2019-08-06,181.91493225097656,182.31431677774594,178.3459760021031,178.8728181581869,2970300
2019-08-07,184.2517852783203,184.87210080158178,179.5866406730483,181.21816346681243,3767200
2019-08-08,185.25445556640625,186.72453607405043,183.69091477282387,184.6596316738682,3724300
2019-08-09,187.92271423339844,188.58551998401862,185.31398143876592,185.31398143876592,3784000
2019-08-12,184.53221130371094,187.49783851183915,183.86089973028652,187.3193977911402,2338200
2019-08-13,186.71604919433594,187.1324324444433,185.27996588698707,186.94548592122692,2913300
2019-08-14,183.95436096191406,186.7245615578154,183.86939351777727,186.05325002832674,3233700
2019-08-15,185.47544860839844,185.6538893403917,183.26608731736107,183.5465071481137,2774100
2019-08-16,185.64537048339844,186.79254117887908,184.65116193153725,186.2486873048456,2475900
2019-08-19,185.9088134765625,187.12396604929023,184.4897286432645,186.9370194996398,2721100
2019-08-20,185.64537048339844,186.8775086220543,185.54340436511217,185.97677333401884,2333800
2019-08-21,187.54884338378906,187.6168121602755,185.86632442643858,186.8605331014957,2053200
2019-08-22,186.51214599609375,187.70179408703095,185.14404420842013,187.40437558120078,2550600
2019-08-23,182.40782165527344,186.49512791569506,181.75350879023716,186.24019964667661,3662300
2019-08-26,184.31980895996094,184.54923278818976,182.02547991431808,183.61451286317634,2553100
2019-08-27,183.58895874023438,185.16099247346673,183.58895874023438,184.8890785217539,2070000
2019-08-28,185.30548095703125,185.42444575439526,183.0366310199904,184.07332981110127,2146100
2019-08-29,187.4043426513672,187.81223303903735,185.56038195133104,186.8010258563296,2729800
2019-08-30,186.1998748779297,187.9339920343759,185.32000313982152,187.76314555765842,2733700
2019-09-03,185.4822998046875,186.79783192817203,184.7561860323731,186.1656856671601,3183100
2019-09-04,186.65261840820312,187.30184021450415,184.944127621858,185.79837301503056,2252200
2019-09-05,187.49835205078125,188.21591515225052,186.56721453664034,188.11340986196979,2752100
2019-09-06,187.95960998535156,188.6515466578372,187.46414610060563,187.7716749589048,1976500
2019-09-09,185.59335327148438,188.36111309518918,185.50793655124846,188.36111309518918,2569600
2019-09-10,179.11817932128906,184.03009064842243,177.92224090771356,184.03009064842243,6407600
2019-09-11,179.5623321533203,180.71556834688778,178.1442820425736,179.12667180906544,3393300
2019-09-12,181.2281494140625,182.83413487531004,180.50204867288664,181.01458807229022,3439100
2019-09-13,179.22921752929688,181.76632730024104,178.4945659957112,181.52713964137592,3791800
2019-09-16,177.17051696777344,179.27196669808333,177.1107265589945,178.79359128884266,3437700
2019-09-17,179.26339721679688,180.10909179608592,177.2473776097417,177.68303805862547,3667900
2019-09-18,179.7589111328125,180.14333211436454,177.93082590971036,179.9468462240921,2534800
2019-09-19,179.8357696533203,180.95482919356607,179.2805022471454,179.71617580248684,2552000
2019-09-20,178.8704071044922,180.91205267043145,178.85331855026635,179.68193746112536,5979300
2019-09-23,180.70704650878906,181.50150142237422,178.58852179714353,178.58852179714353,2812100
2019-09-24,181.1171112060547,182.398479290832,180.71561483004444,181.52714534345338,3049800
2019-09-25,181.63819885253906,182.08239706397455,180.24577471560656,181.11710865069162,2414500
2019-09-26,181.6125946044922,184.23512145496846,181.51007628306772,182.9964681135822,3053100
2019-09-27,182.0908966064453,182.4923928637808,181.3476944733209,182.0054668788115,2333200
2019-09-30,183.41502380371094,183.9702780641927,181.79194982697652,182.0909409116972,2488000
2019-10-01,178.55438232421875,180.84375380578174,178.07600697193698,180.35684069176307,4811900
2019-10-02,176.20516967773438,178.09304436267408,175.6242761352351,177.62320687272936,4171400
2019-10-03,179.4171905517578,179.4171905517578,176.25648464611587,176.67506965515932,3499900
2019-10-04,180.83518981933594,180.85227837508234,179.42567725210878,180.10053833922782,2220300
2019-10-07,181.0316619873047,181.84319241345185,180.33118762101674,180.33118762101674,3057000
2019-10-08,180.33973693847656,182.0738539617602,179.36589775774218,180.2286808715004,2555900
2019-10-09,181.80905151367188,182.35576805269477,180.7754088360385,180.84375003276017,1745900
2019-10-10,180.89500427246094,182.06532935389455,180.67290515721288,180.89500427246094,1853100
2019-10-11,178.55438232421875,182.18492537926886,178.25539121166724,181.97990178482635,3945700
2019-10-14,178.00762939453125,179.40859108336494,177.5036147905423,177.68301202836005,3088000
2019-10-15,177.0167236328125,179.15233702184386,176.41875449083363,179.01565463660594,3766800
2019-10-16,177.93930053710938,178.47746621834804,176.6664703337215,176.82877902805103,2891400
2019-10-17,176.70069885253906,178.95590660383934,176.69214805471893,178.11019880906946,3340500
2019-10-18,178.11019897460938,178.5800366388071,176.59818068610133,176.65798413188685,3518800
2019-10-21,179.26339721679688,180.0407506018934,178.05890810930947,179.1352525896546,3684200
2019-10-22,170.22549438476562,175.33387852344055,170.12297606718693,175.1971961231697,10265400
2019-10-23,170.1742401123047,171.82292755748475,169.1576859515041,170.94305579564497,7943700
2019-10-24,167.44920349121094,170.4646890081718,167.2527176447902,170.45613821108728,4955600
2019-10-25,166.24472045898438,167.987375577055,166.06532316525914,167.51755097086215,4773700
2019-10-28,163.82717895507812,166.85121491859294,163.5879912899668,166.56076158117193,7711400
2019-10-29,164.54473876953125,165.04020264761246,163.70758195782503,164.0151108119875,4454600
2019-10-30,168.19235229492188,168.28631979690908,163.7417286604351,165.11706407965764,6332600
2019-10-31,168.03009033203125,169.1406121093969,167.11605440829905,168.62805958607362,4961000
2019-11-01,165.67233276367188,169.11494022162825,165.46730920263215,168.9526315318154,4192400
2019-11-04,161.16195678710938,162.94732672750018,160.2137437746707,162.44332501825616,17662100
2019-11-05,164.16888427734375,164.86937180282385,161.83679784924138,162.00764433224228,10496000
2019-11-06,165.87734985351562,166.8084871580098,164.91206150628645,165.12562283612243,6473500
2019-11-07,164.93771362304688,167.4321087815405,164.28849177130235,167.19292109748983,4820200
2019-11-08,165.39044189453125,166.38990738478296,165.057286731114,166.236149479244,3499400
2019-11-11,164.56178283691406,165.93711803026648,164.4421890390028,165.40749021590904,2746700
2019-11-12,165.10853576660156,165.60399962045193,164.6728753423233,164.8693481178116,2930600
2019-11-13,166.5778350830078,166.6547140323987,165.3050048814024,165.5271170037524,3405000
2019-11-14,165.72360229492188,167.00497035390325,165.0060393102323,166.7743204535566,3173900
2019-11-15,165.697998046875,166.3984725676821,165.13419289748649,166.21055055263759,2991300
2019-11-18,165.96273803710938,167.1928530744653,165.60395665700486,165.89439686450672,3420300
2019-11-19,165.24522399902344,166.06529224255846,164.87789171732047,165.89444577805114,2910500
2019-11-20,165.8346405029297,166.5522034103327,165.33062588093966,165.37334075192166,3131300
2019-11-21,164.31410217285156,166.28740689246536,164.23721018312315,165.96278948066745,3509500
2019-11-22,164.9889678955078,165.22815558192278,164.14326019620057,165.03168277552862,2417700
2019-11-25,163.92112731933594,165.99695014124785,163.67340192182107,165.67233276162617,3999600
2019-11-26,165.732177734375,165.74926629544305,163.97243395219985,164.01514883749354,3877200
2019-11-27,167.6883544921875,168.00442108111648,165.65524651318776,165.94568678597378,4133000
2019-11-29,167.19830322265625,168.9693239137623,167.01776941068772,168.94353336919536,2815500
2019-12-02,167.8001251220703,168.15261343226686,166.59652249979519,167.97207959806795,3197500
2019-12-03,166.0291290283203,167.67978992199173,165.3671540462697,167.04360549153859,3745300
2019-12-04,167.0522003173828,167.18975867336061,165.83139942422528,166.43320083376958,2217200
2019-12-05,166.96621704101562,167.21553005414077,166.04631039895366,167.21553005414077,2819600
2019-12-06,167.9462432861328,168.2815334337084,166.88018616955037,167.25846492441127,3095100
2019-12-09,167.3702850341797,168.80602899312007,167.03499475544353,168.21282008805926,2227500
2019-12-10,167.60240173339844,167.98068061056009,167.02639094073336,167.31869257552722,2470100
2019-12-11,167.40467834472656,168.29018888942002,167.0092013752905,168.22140971567956,2490300
2019-12-12,168.77159118652344,169.51095073639604,167.56798871849037,167.86029030097225,3024700
2019-12-13,169.4679718017578,169.6485187414159,167.93767152573702,168.53947279412435,2077900
2019-12-16,170.12136840820312,170.3620889171541,168.91775274516442,169.8720423050357,3650100
2019-12-17,168.9521484375,170.8435294820787,168.8919617512799,169.88064744882783,3338200
2019-12-18,168.18699645996094,169.1842615042454,167.3960557815294,169.02092575403972,4287700
2019-12-19,169.4163818359375,169.51954401417635,167.86029109551384,168.04083802571492,3345700
2019-12-20,169.4851837158203,171.08426328431466,169.063916234397,170.6973919457709,6415500
2019-12-23,168.67703247070312,169.82905392489627,168.53088166994286,169.82905392489627,2388900
2019-12-24,169.08116149902344,169.48523102178908,168.22144134306058,168.44496386102705,1152500
2019-12-26,169.4163818359375,169.50235906332526,168.64263926258,169.02951054925876,1809600
2019-12-27,170.37069702148438,170.6286156242437,169.51956956786415,169.64853542838634,2263900
2019-12-30,169.2874755859375,170.05262589391853,168.45354610082163,169.86348643636936,2242400
2019-12-31,169.88925170898438,170.18155332959887,168.98654318105403,169.19288068175618,2278700
2020-01-02,172.6231231689453,172.63172876216288,170.06116198204072,170.22451083378618,3554200
2020-01-03,172.01275634765625,172.4168257434981,170.95530456110296,171.41954752745082,2767600
2020-01-06,173.94712829589844,174.32540714942067,171.3851666765223,171.60009665072496,4660400
2020-01-07,174.20501708984375,174.24799258270542,172.3824022999402,173.5516216843325,4047400
2020-01-08,177.0249481201172,177.6955286697896,173.8353811521842,174.19646197752425,5284200
2020-01-09,179.1226043701172,179.99950901713237,177.18823504913658,177.84161729719756,5971600
2020-01-10,178.19412231445312,179.6384452467865,178.19412231445312,179.19999288196016,2336400
2020-01-13,177.54074096679688,178.6325888461316,176.8959510812367,178.28870615447968,2784200
2020-01-14,178.23715209960938,178.52084814820037,176.63807241612207,176.63807241612207,2622700
2020-01-15,180.3434600830078,180.84209923510994,178.2371487999851,178.2371487999851,3369400
2020-01-16,181.27191162109375,181.49543402991927,179.8705642532683,180.63571429373818,2726700
2020-01-17,182.243408203125,182.92259422368332,181.7017936237842,181.76196719114043,3540400
2020-01-21,181.5384521484375,182.48413614098303,180.73031336614372,181.7189859761423,4100500
2020-01-22,181.7791748046875,183.68775400117443,181.75338425756885,183.25789405815095,2757400
2020-01-23,183.48143005371094,183.55020922386728,179.3547716723276,181.00543240122386,3378200
2020-01-24,181.6072540283203,184.13481976032767,181.3149392640472,184.13481976032767,3106300
2020-01-27,179.9738006591797,181.06564884761312,178.2199774459991,178.68422052298328,3389300
2020-01-28,180.87644958496094,182.44114592974123,180.42079913692783,180.44658968166303,3855200
2020-01-29,184.35830688476562,186.0605483313815,181.22892749240842,181.99407755180042,5734800
2020-01-30,185.854248046875,186.3357022267139,182.97419415426367,183.98006489749972,3560700
2020-01-31,183.9542694091797,186.64519691387713,183.24070031272274,185.2868378876647,3920800
2020-02-03,184.9945831298828,186.45611793915904,184.17785157770956,184.83124731407932,3539200
2020-02-04,184.51307678222656,186.29270323382906,184.19498462390092,185.79406412833103,3367900
2020-02-05,184.29812622070312,185.51033426665205,183.128906787686,185.38997402141277,2911400
2020-02-06,183.00857543945312,184.68503978052607,182.81084353068454,184.5990625410867,2903300
2020-02-07,181.9253387451172,182.98279060817742,181.47828069897807,182.74207007216833,2421600
2020-02-10,183.3008575439453,183.3610311062104,181.61580102628432,181.69317265703197,2318800
2020-02-11,185.46737670898438,185.5791444976652,183.67915768151627,183.9800649041408,2694500
2020-02-12,186.9547119140625,186.96330439124702,184.93436472140772,185.69951497597543,2844900
2020-02-13,186.92030334472656,187.75423271619908,185.86285151674124,186.3099095480518,2853400
2020-02-14,186.6365966796875,187.28138662796266,186.0262028748933,186.98908499979967,1720400
2020-02-18,185.8284454345703,186.5935955973563,185.4157835683547,185.63071353675846,2712600
2020-02-19,185.3813934326172,186.4904262549834,185.3641953626852,186.3958565477829,2229500
2020-02-20,184.90855407714844,186.25830747244194,182.93119572187172,185.82844753078544,2869400
2020-02-21,185.58773803710938,186.0175980043002,184.23798456163848,185.04612339888286,2791200
2020-02-24,183.56741333007812,184.99453852330637,180.6357650574378,181.0398344964603,4218800
2020-02-25,182.3466033935547,186.41307501148492,181.52985896097783,184.4787051584484,5053700
2020-02-26,180.6271514892578,184.46149479622696,180.32624428485377,183.02576417516144,4190800
2020-02-27,172.80368041992188,180.54115864767957,172.74349373693008,178.5638004769293,6406200
2020-02-28,167.9764862060547,171.670467359357,163.3395491041355,169.55962098604138,11324000
2020-03-02,175.22601318359375,175.22601318359375,167.120016950892,167.66503419225546,6154200
2020-03-03,172.5960693359375,177.9250876731047,170.56309257315507,174.7501727521966,5115200
2020-03-04,179.09298706054688,179.21410051992925,173.7985666352016,174.68961848645273,4260400
2020-03-05,171.56661987304688,176.4025251845403,169.84506630617557,175.3038446066688,4107200
2020-03-06,172.0337677001953,172.65664068805674,165.41575870463868,166.8777664563149,6360100
2020-03-09,161.65257263183594,168.2359835939197,159.2649015892241,162.35330145953847,7788500
2020-03-10,172.89889526367188,173.02000874177597,162.54364668444626,165.1908507061348,5835200
2020-03-11,162.8550567626953,169.33465978921396,160.7615165811856,166.91237742039726,5625100
2020-03-12,147.17945861816406,155.57957173477618,146.5306336561025,151.20216810279464,9079300
2020-03-13,153.2351837158203,155.259514765595,145.50983302019463,154.21273784477074,8042600
2020-03-16,128.9085235595703,140.07696576198123,127.71469474594515,135.90719136007104,9341300
2020-03-17,127.7060317993164,129.31511800002886,116.7884762441671,128.0520796491542,13708200
2020-03-18,118.7782211303711,122.59331492877628,107.47136549002201,118.95123847352988,12627600
2020-03-19,129.3324737548828,133.95210543529356,110.91449718016439,116.96153884260046,12773400
2020-03-20,128.45872497558594,139.74827128049805,127.835851816647,132.8707277842928,12000000
2020-03-23,118.60517883300781,132.54193607828424,118.08611371236415,123.6660043575988,10660400
2020-03-24,140.10293579101562,140.99398769320723,126.39110935413953,128.89989395636053,11678400
2020-03-25,140.9939727783203,148.24351389565274,137.7412020270576,142.74147820763432,9708700
2020-03-26,144.7744598388672,147.87150557132782,139.28107071379398,141.86772392204253,8259900
2020-03-27,141.88502502441406,146.84205678720366,137.74120245242196,140.82095587968564,6441400
2020-03-30,145.4492645263672,147.33517615520614,141.50441071159582,142.67228776970728,5621700
2020-03-31,143.0443115234375,146.643118025603,142.74152119831922,144.3333022666213,4519900
2020-04-01,136.83282470703125,139.6617045615215,135.25835003964755,138.60628181948843,4668900
2020-04-02,139.71360778808594,140.10290003039273,134.09045948701748,134.09045948701748,4803200
2020-04-03,138.70147705078125,140.34516168135679,135.0853523829863,138.6841713556152,5050400
2020-04-06,153.15725708007812,153.87529147138272,145.54438968389056,146.374878068752,8330900
2020-04-07,151.90292358398438,160.20788983469234,151.53093687669394,159.63692059987542,7848300
2020-04-08,153.5465850830078,155.2162215438216,150.61389696759701,151.4011278395931,5665700
2020-04-09,158.9188232421875,160.44140726774242,155.389214638003,156.34947589943832,4901300
2020-04-13,155.82177734375,158.18350938677415,153.0448142783052,158.03643079916571,3182500
2020-04-14,159.1697540283203,159.60230402907086,157.30978110486592,158.9621252758238,3863800
2020-04-15,153.84939575195312,156.55716323866875,153.3562955683299,154.62799374768724,4961500
2020-04-16,155.28541564941406,155.64010973904323,149.03074772911106,153.1226661278345,7120800
2020-04-17,160.9950714111328,161.6092848515559,155.91692681860243,157.72499535821538,6467600
2020-04-20,157.14535522460938,160.7182212097235,157.0588531748338,159.5676370246804,3856500
2020-04-21,153.6244659423828,155.1902948951301,152.34412158549682,153.4427891266969,4758300
2020-04-22,161.3238067626953,162.4051815110517,156.3667886123347,156.3667886123347,4243600
2020-04-23,157.48280334472656,162.05918988667946,156.8599434686945,161.04702443760647,5050100
2020-04-24,159.1956787109375,159.4811632465906,156.46196000623777,158.5381943741451,3319600
2020-04-27,160.81341552734375,162.95885952512873,159.84450788970727,160.17323686654734,4048200
2020-04-28,160.84803771972656,164.36900107902204,160.53661439004546,164.36900107902204,3805000
2020-04-29,162.48306274414062,164.72366822314123,161.66986676016325,163.09727625518647,3465200
2020-04-30,162.25814819335938,162.90697317058834,156.37546575974116,157.4481944742291,7127200
2020-05-01,158.0191650390625,160.51064399770303,157.57795560234908,159.17839584068105,3764800
2020-05-04,157.33572387695312,157.84614288037136,154.74042402374357,156.85127001641442,4027100
2020-05-05,155.0605010986328,159.05725816172972,154.94803389456914,158.77177362859763,3828400
2020-05-06,153.09671020507812,156.6868690373118,153.0015487005903,156.2370266528013,3916900
2020-05-07,156.6868896484375,157.0675357164603,154.24731479487392,155.28543203469624,3039600
2020-05-08,156.7820587158203,158.6852759472133,155.64013365713552,158.4863066567564,3411600
2020-05-11,156.47930908203125,158.20950926843005,154.43767233406544,155.17299949305703,2631300
2020-05-12,152.72470092773438,157.95855694807543,152.63819887473144,157.42219933818444,3610600
2020-05-13,149.50657653808594,152.7507012820805,147.94073457333423,152.4132996363428,4729100
2020-05-14,151.74717712402344,151.96345209973168,145.20702397066643,147.24000082209778,4868400
2020-05-15,150.36302185058594,151.1416197343727,148.5203547127061,149.7055506334934,6879600
2020-05-18,155.57093811035156,156.71286327203865,154.08296502059358,155.76990741875562,4653000
2020-05-19,155.3460235595703,156.98106213915776,154.0483734741714,155.8218180305798,3365000
2020-05-20,159.26492309570312,159.6974731169295,156.21112100187523,157.4482077264007,4920800
2020-05-21,160.11270141601562,160.45873611821156,157.54335349105872,159.33410353550818,2913600
2020-05-22,159.53305053710938,160.3462464267675,158.46896832385465,159.59360065635263,2475200
2020-05-26,159.9050750732422,164.93996322810224,159.38602301216187,164.01429992525652,3990900
2020-05-27,162.39654541015625,163.28759720243613,160.27705341104755,163.27895095604427,3993400
2020-05-28,163.2703399658203,164.78426515740816,161.53149349790485,163.86726115342148,3567600
2020-05-29,162.2601318359375,164.33278863596763,161.7289018253922,163.22678255728,5717200
2020-06-01,163.2093505859375,163.58381739133546,161.63308186853848,162.59974573506344,2168200
2020-06-02,163.36607360839844,164.21081636608895,162.05977201878056,164.07147434065018,3125500
2020-06-03,168.33004760742188,168.78290262827045,163.8015372641042,164.1324713126154,3881500
2020-06-04,168.28651428222656,169.17478995412452,166.8756992774434,167.48531742548505,3469100
2020-06-05,171.70033264160156,174.30421937471988,170.92526067763797,172.43185854926347,4728300
2020-06-08,176.48135375976562,176.55102477813736,170.3765752861632,170.41140415115504,4443900
2020-06-09,173.7555389404297,175.5408205034818,173.31138787891487,174.49576856230865,3728600
2020-06-10,170.51593017578125,173.79038855574092,170.4027131013448,173.4159217532035,3459900
2020-06-11,163.29644775390625,167.99914275005258,162.26882993098707,166.24868963132425,5796000
2020-06-12,164.7420654296875,166.91923499970775,161.50243604642625,166.91923499970775,4108600
2020-06-15,165.02069091796875,165.56932841870093,160.3615443771273,160.76214928265625,4499000
2020-06-16,165.7435760498047,168.51292944205363,163.2964262222755,167.20662766343307,5434800
2020-06-17,166.1528778076172,167.9730017850777,165.8306609426935,167.13696276921357,3154100
2020-06-18,165.02069091796875,166.10927531644722,163.62729757256278,165.47353246009948,3153300
2020-06-19,162.46910095214844,167.52013704600802,162.44297598020478,167.45916991921376,6267700
2020-06-22,163.2528839111328,163.52285080344754,161.01474728291936,161.9814110740906,3223200
2020-06-23,162.52134704589844,165.22974647646595,162.260097332651,165.0729966485175,2951900
2020-06-24,160.4922332763672,161.72887734062562,157.9231757277744,161.0757264407263,4146600
2020-06-25,159.1597900390625,160.3093418823945,157.04358772073,159.8129408713954,3145200
2020-06-26,156.52976989746094,159.20332690704396,155.7808231213626,158.82014298135826,5107400
2020-06-29,159.19464111328125,159.22076608496766,156.03338665534136,157.2526095837237,2622200
2020-06-30,160.6490020751953,161.28473191946412,158.4021613055938,159.29915417672598,3163100
2020-07-01,160.814453125,162.36459676508989,159.99583525673918,161.0669989432309,2193800
2020-07-02,159.82167053222656,162.85228691012605,159.24689456568342,162.85228691012605,2690200
2020-07-06,164.15858459472656,164.35017657881005,160.36160035585414,161.98141503776733,3171500
2020-07-07,161.82467651367188,163.59253725436,161.3282754415786,163.17451110257954,2399600
2020-07-08,161.85081481933594,163.05260356162967,160.89285475308185,161.54600571960316,2776400
2020-07-09,160.52706909179688,162.495225608599,159.03787925195743,162.17300876299387,2333500
2020-07-10,161.0060272216797,161.4937110153932,159.37749556034535,160.04806742089477,2714100
2020-07-13,161.0408935546875,164.5504901957676,160.8580187336866,161.63309064798096,3221600
2020-07-14,166.09188842773438,166.19638829921203,160.87538613282916,161.1888990356486,4138600
2020-07-15,167.00631713867188,168.9483485585708,165.36037757342544,168.86125646560822,3735400
2020-07-16,166.26609802246094,167.86849177068407,165.59552601811063,166.44026894493916,2111100
2020-07-17,166.75375366210938,167.11951652384715,165.57809016832093,166.63183270819678,1972600
2020-07-20,166.86697387695312,167.877183678977,165.7870930587496,166.24865191360078,2157100
2020-07-21,168.06004333496094,169.7321077075375,167.20659671829284,167.49398465100876,3505400
2020-07-22,172.97177124023438,173.86876407887152,168.12104413804622,168.26038618577738,3484400
2020-07-23,172.0399169921875,173.5378105009955,170.69877329113575,172.8324097893193,2702200
2020-07-24,173.05885314941406,173.22432016030058,170.45495360040624,171.46516345437468,2199900
2020-07-27,175.26217651367188,176.36818254086774,173.05017774767063,173.33755247997155,4541700
2020-07-28,170.8990936279297,174.07775562953864,170.2546467031367,172.95434206851584,6051000
2020-07-29,170.87298583984375,172.83243849253293,170.43755191702394,170.951360756738,3342900
2020-07-30,170.17628479003906,171.0384354318029,168.00781912301952,169.8192257927488,2705700
2020-07-31,169.1921844482422,169.54052623091346,166.89309413280492,169.07896738909977,3194700
2020-08-03,169.29666137695312,170.34171316008312,168.5912607252102,169.23570755302228,3143500
2020-08-04,173.61622619628906,173.91231809498694,169.24446558931874,169.77569554328358,3699900
2020-08-05,173.5290985107422,174.60897927611956,172.3534350522394,174.17354541258808,2259600
2020-08-06,176.94290161132812,177.30867775710067,172.75402989442097,173.11108885819735,3158900
2020-08-07,178.17955017089844,178.66723399353017,177.03870223562865,177.09966935765138,2980000
2020-08-10,177.76153564453125,178.66724562126632,176.38556289062146,177.96184481131,2783600
2020-08-11,178.5279083251953,180.63540691667146,177.87475744107874,178.5279083251953,2478400
2020-08-12,179.4162139892578,180.6180026920641,178.85885904767505,180.14773985851207,2167100
2020-08-13,179.82550048828125,180.48735524601497,178.83271170748645,179.3639416079005,1795000
2020-08-14,180.2957763671875,180.55703938920425,178.70208655011365,179.35523746096084,2060200
2020-08-17,181.7239990234375,182.4468209588358,180.13902639094132,180.21740131097036,2619000
2020-08-18,183.16090393066406,183.25668662232337,180.46991259605642,182.23777299186264,2921500
2020-08-19,182.45553588867188,183.9011798469005,181.69788503912352,183.07385796809402,2711100
2020-08-20,182.77774047851562,183.7444042805444,181.2275968375525,181.2450046261381,2084900
2020-08-21,184.24951171875,184.7894455168084,182.23779588506568,182.84741399196977,3484800
2020-08-24,185.16392517089844,185.9302931608013,183.69215632137556,184.8504122012463,2463900
2020-08-25,185.19003295898438,186.5311768168583,184.81556618218863,186.33088094295334,2302400
2020-08-26,186.1566925048828,186.73146843085928,184.27562819283187,184.70234490192135,2316700
2020-08-27,184.78944396972656,188.1945403188833,184.71106905551395,186.66180445843227,3226800
2020-08-28,187.1582489013672,188.72581399114205,184.42372385691215,185.33813793331342,3212500
2020-08-31,187.0355987548828,188.32326526379586,186.41365922607557,187.0355987548828,2900900
2020-09-01,186.30850219726562,187.1143862487628,184.46022043113882,184.6879659132588,2926700
2020-09-02,189.40945434570312,190.19782897630378,186.30855155718,186.79908864317164,4092000
2020-09-03,187.28082275390625,191.05621974791543,185.61648565025607,191.05621974791543,3126700
2020-09-04,185.4676055908203,190.76718336661455,184.61792057946516,188.58603111589895,3828600
2020-09-08,187.088134765625,189.47075462974553,184.88070478672157,184.98581604462552,4107600
2020-09-09,188.95391845703125,191.10877919756427,187.8414420939992,188.3319790636773,3213200
2020-09-10,190.29417419433594,192.2563224224494,188.9627069208787,188.9627069208787,3325600
2020-09-11,190.9598846435547,191.99351430065298,189.45322760368202,190.68833832232144,3616500
2020-09-14,193.2023162841797,194.98051936069186,192.13364080214103,192.46651087999444,2543800
2020-09-15,194.7877960205078,195.9002722475227,193.93811124258445,194.25345830826868,2640700
2020-09-16,196.92520141601562,198.59829362699787,193.85057669854675,194.6126600824872,3463700
2020-09-17,194.9718017578125,195.9791536320309,193.14979752866302,195.95287581730392,3376600
2020-09-18,192.94833374023438,195.8390137140122,192.82569948031082,194.1308755253263,3861400
2020-09-21,189.56712341308594,191.00370195120323,186.93046668253234,190.20657255051808,2831800
2020-09-22,189.56712341308594,190.0489056533974,187.93783197884406,189.58463304645556,2475600
2020-09-23,188.3057403564453,192.44028619679875,187.6662912000481,190.67083744632674,2777700
2020-09-24,189.31309509277344,191.3190575914908,187.09691005524408,188.1130302132785,1727000
2020-09-25,191.1175537109375,192.05484030513662,187.14944337050272,188.5947899831278,2196800
2020-09-28,192.9395294189453,194.44618625358976,191.85334428196632,192.71178394064023,2111700
2020-09-29,191.55555725097656,193.55276492535734,191.38036734722607,193.07973748248486,1731700
2020-09-30,192.2650604248047,194.63891188874996,191.319019092125,191.72195445452007,3034100
2020-10-01,192.3526611328125,195.33969738135855,190.775925476239,194.10458666986503,2443000
2020-10-02,195.0506134033203,195.64627499153497,190.17150809974285,190.53064264958553,3833100
2020-10-05,198.02894592285156,198.4056035668591,196.22445106021004,196.96902489687025,2913800
2020-10-06,196.2945098876953,200.2976664879483,195.86529664980773,198.69465288452614,2453600
2020-10-07,198.3880615234375,200.07867676578715,197.20551970158985,197.5997003088724,1972500
2020-10-08,197.79241943359375,198.9136508419527,196.4697069407916,198.04644278571283,3195800
2020-10-09,196.94271850585938,199.0362690693576,195.44481623236592,198.79100055392837,3237700
2020-10-12,198.06393432617188,198.41431407333164,195.4448009396151,196.92518009870673,2412400
2020-10-13,199.150146484375,200.22757697805633,197.03030476152932,197.70479985516204,2098900
2020-10-14,199.38662719726562,201.01591836780588,199.15012688986232,200.0786452212002,1862600
2020-10-15,201.15606689453125,201.47141399020458,197.60841540973868,198.0989523660906,2177300
2020-10-16,200.9196014404297,203.14455463991095,200.7268885376043,201.26999461199077,2162800
2020-10-19,197.9675750732422,202.36491167800506,197.24052441040925,201.077245408017,2009500
2020-10-20,199.2377166748047,201.4714242692771,198.3442309637897,198.61579063274553,1883200
2020-10-21,199.88592529296875,201.02467944566666,199.02748561249854,199.04499524241547,1518200
2020-10-22,200.7268829345703,200.94587364838333,198.73845687676334,199.50929510041516,1961300
2020-10-23,200.34146118164062,201.8305952930364,199.54433181258892,201.8305952930364,2278100
2020-10-26,196.45216369628906,199.062528869197,193.56148403618354,198.65082531995708,2537800
2020-10-27,195.3134307861328,197.29310194490463,195.09444008142273,196.6273750143934,1801900
2020-10-28,188.06044006347656,193.22861480811795,187.85897237871316,191.30149948127524,3272900
2020-10-29,188.2881622314453,190.6532586288993,186.64136159712479,188.0604167623714,2477600
2020-10-30,186.580078125,188.5247166282694,183.87335625584694,187.10566115631184,3450900
2020-11-02,186.19468688964844,189.48831621338599,184.64422868918973,189.10289036774572,2983200
2020-11-03,189.9087371826172,191.0474914926618,187.4122378631398,188.84881631648074,2615000
2020-11-04,188.21812438964844,192.24755865529568,186.8428697306597,188.33200383191826,3360800
2020-11-05,189.47950744628906,191.1350765714626,188.0516838328812,189.26928493269963,3622000
2020-11-06,189.698486328125,190.8635183608597,187.67501456405492,189.2079493387905,3916100
2020-11-09,186.77279663085938,199.58813717603473,181.4732188092065,198.65960534396606,7981200
2020-11-10,186.86038208007812,189.1992010416017,185.12596619443784,188.98896516773078,4255600
2020-11-11,190.97740173339844,192.0548321690709,187.71881924714586,188.1655554360513,4126900
2020-11-12,186.6414031982422,190.80222656482064,184.72304249696492,190.574467678852,4253200
2020-11-13,186.82528686523438,187.79760580576524,186.00187995049845,187.2457451360747,3072100
2020-11-16,189.847412109375,189.8649351077264,187.1319354746873,188.7699816180625,3702100
2020-11-17,189.21673583984375,190.42556888465253,187.4735782727077,188.85760121931116,2443100
2020-11-18,188.78750610351562,190.81973284595162,188.69114966102092,189.2955661306575,3095200
2020-11-19,188.4283447265625,188.75244666180834,186.86913212535129,188.19183104526195,2840500
2020-11-20,187.53489685058594,188.52473921951403,187.1319613956099,187.79768839773263,3932600
2020-11-23,190.0839080810547,190.60949105353734,188.0253903659829,188.45461690571472,3010300
2020-11-24,192.457763671875,193.8067402995295,191.1788522954681,191.844579111357,3870900
2020-11-25,192.13368225097656,193.22863577894026,190.8898166471456,192.6942979226487,1889200
2020-11-27,191.2489471435547,193.06218306985343,190.6620537101087,191.85336357436452,1394400
2020-11-30,191.6013946533203,191.71595092897766,188.94906728697347,190.73785277490546,3413600
2020-12-01,190.45590209960938,192.91435814505587,189.91838837307154,192.87031044342396,4224800
2020-12-02,185.80331420898438,188.92264686068285,184.27889545334693,188.57018460413806,6223700
2020-12-03,186.37606811523438,187.8916800153505,185.5389601745544,185.87380872905567,3732500
2020-12-04,185.6975860595703,188.02387200945066,185.13363835795005,186.4553920441451,3151100
2020-12-07,184.06741333007812,184.26127160832317,181.6882594418395,183.75019191527474,3826000
2020-12-08,183.6268310546875,184.25246704142793,181.88211997443074,182.0054831125181,2709400
2020-12-09,183.8911895751953,184.63136842423665,182.69279900959665,184.5961275747664,3010900
2020-12-10,183.31845092773438,183.95289388440108,182.46372909684501,183.72379471221774,2956400
2020-12-11,183.07171630859375,184.1115030026218,182.1641130678003,182.8161831452611,2770800
2020-12-14,186.73736572265625,189.22226919374535,185.23057399705905,185.6887722768665,4745000
2020-12-15,189.32801818847656,190.51760200768393,187.45994375411848,187.88290121281602,3798200
2020-12-16,188.39395141601562,191.6630811632805,188.27058828301645,189.3456156329692,2682000
2020-12-17,188.79046630859375,190.14746071046594,188.15602352586657,189.7949984736497,2558800
2020-12-18,189.52188110351562,191.08155441773457,188.41161270532572,189.58355595840507,7929100
2020-12-21,186.51708984375,187.29252307099213,183.2920072256208,185.59185946044076,4342500
2020-12-22,186.73736572265625,187.6097280265528,185.37155084322904,186.10292285538134,2772800
2020-12-23,186.82546997070312,188.06790814066488,186.62279140380735,187.0721962346369,1658800
2020-12-24,186.27037048339844,187.45995436997194,186.0500781670386,186.9136202824079,1047700
2020-12-28,188.58782958984375,189.3456356141146,186.97528839474737,187.68022642009285,2550100
2020-12-29,187.4335174560547,190.13870006723153,187.2044048454309,189.13416765805817,1665700
2020-12-30,186.42013549804688,188.00624259143845,186.17340922191636,187.65378032427304,1855000
2020-12-31,189.08131408691406,189.38971528122195,185.73286798555577,186.14701864113724,2610900
2021-01-04,185.2393798828125,189.20464105982825,183.4770415819166,189.001975919986,4055400
2021-01-05,186.3496551513672,186.76380574323494,184.71067993232612,185.2041325237665,2576100
2021-01-06,185.9267120361328,186.55234812064896,184.1908075353153,186.1910655006548,3083400
2021-01-07,186.7902374267578,187.88289204109373,185.53897881524347,187.88289204109373,3142000
2021-01-08,190.21795654296875,190.43824880317806,187.0105017721438,187.6008834160361,2639100
2021-01-11,188.77288818359375,190.43829755933274,187.79478976002795,189.53069429055083,2545400
2021-01-12,186.4553985595703,188.8609865877446,185.87382369038446,188.29703886641795,2952000
2021-01-13,186.88717651367188,187.8036000313605,185.8385829913047,185.84740328866675,2069800
2021-01-14,183.7237548828125,187.39822836699994,183.283170338729,186.89596897844285,3666700
2021-01-15,184.9662628173828,185.6623806928416,182.77214627967516,183.25679211478055,3593700
2021-01-19,184.24366760253906,185.9267040270681,183.17746038384905,185.64472342490453,3331600
2021-01-20,188.24417114257812,188.93148200877178,184.7194945177596,185.17769279817253,4077700
2021-01-21,188.15603637695312,190.29728427629806,187.97099839593685,188.62305492313968,2674900
2021-01-22,188.02389526367188,188.6935790404286,186.0765053424448,187.25726888787457,2196400
2021-01-25,187.9886474609375,188.61428355411846,185.53899798388696,187.00174218833467,2615300
2021-01-26,189.7862548828125,189.9007977528921,186.9576954132136,187.25728975892477,2907800
2021-01-27,182.40203857421875,187.82122419710646,182.40203857421875,187.1515403934732,5464000
2021-01-28,182.24342346191406,185.36275656630608,180.75424533758468,183.83833758943717,5401600
2021-01-29,183.14222717285156,184.51684915273555,178.97430007834146,180.7366387080546,5203300
2021-02-01,183.2214813232422,184.77234751744248,182.04953827272473,183.7061270089298,2812500
2021-02-02,184.8340606689453,187.3630256090949,182.97479297711422,183.36250960601942,2786000
2021-02-03,183.9088134765625,185.03670887773828,183.2214891910714,183.59159205463345,3020700
2021-02-04,185.95314025878906,186.90480463414593,183.87358035239635,185.04553703374577,2777500
2021-02-05,187.31895446777344,188.72881715293033,186.81668155831846,187.32776131956948,2600200
2021-02-08,186.43775939941406,187.68021105473898,185.0102697629994,187.27486735353904,2696200
2021-02-09,190.31492614746094,190.49115730399103,186.60521122615228,186.86956468373512,3047300
2021-02-10,188.9226531982422,191.48685855417955,188.40276664644796,191.10796228796218,3161600
2021-02-11,188.80810546875,189.27512401275743,187.16031012056828,189.0460114432323,2583600
2021-02-12,188.48207092285156,189.18700891370017,187.68021723576547,188.57019321379784,2781200
2021-02-16,189.47781372070312,191.1608501349221,188.4204133602175,188.89623881648475,2892900
2021-02-17,188.0855712890625,189.35445714393188,187.36301950511358,188.53497620591446,3280000
2021-02-18,189.83026123046875,190.2091709520761,187.38061209879686,187.9445598101406,2191000
2021-02-19,187.0193328857422,190.09460441098528,186.7814134661935,189.70688785929804,3181600
2021-02-22,186.8607177734375,187.68901888129457,184.77235130255306,186.36726522720096,2910800
2021-02-23,186.2086944580078,190.068206673421,185.4244409089353,189.01080625064446,3243000
2021-02-24,187.92694091796875,188.6583128968765,185.41560356202726,185.78569297685283,2887100
2021-02-25,185.88262939453125,187.61853369466064,184.81642225317717,187.42467540612822,3131400
2021-02-26,182.76187133789062,187.63812192164258,182.76187133789062,186.8490564592222,5334000
2021-03-01,184.63258361816406,186.52102685769816,183.83465709548224,183.83465709548224,2827500
2021-03-02,185.00494384765625,186.09544699857872,182.806201937742,184.41092949623328,3016600
2021-03-03,182.47816467285156,185.28865649726504,182.29197461186737,183.98536665529062,3488600
2021-03-04,181.6092529296875,183.95872662403465,179.73854583450168,182.77955925803585,3926200
2021-03-05,183.8523712158203,184.6148400164336,179.94251518999303,182.4160981258554,3608100
2021-03-08,185.39500427246094,186.70715487945944,183.64841929965726,184.14490798726197,3157100
2021-03-09,184.89852905273438,187.2479894521048,184.65914572938055,186.7426396898057,3646700
2021-03-10,189.11868286132812,189.40239841313016,184.6236745049192,185.04923430432015,3447200
2021-03-11,187.5760498046875,190.82096233131858,187.5051209067961,190.3510702200541,3618000
2021-03-12,188.2587127685547,189.94324363409666,187.44305074528015,187.99273278680553,2818200
2021-03-15,195.45782470703125,195.53761463672373,189.2871464397279,189.42012965588202,5479700
2021-03-16,194.92588806152344,196.2025812022614,192.532095186792,194.67764367619156,3583400
2021-03-17,198.69387817382812,199.39427900076814,195.0588502365418,199.09284135516373,5240600
2021-03-18,197.62107849121094,199.79323671430626,196.30006689353766,198.3126182139893,3254600
2021-03-19,197.2132568359375,199.64250693434144,195.93656393805716,197.4969588530766,7719400
2021-03-22,199.54498291015625,201.17630661323068,197.39942142988323,198.05550344295276,4220700
2021-03-23,198.9243927001953,200.72417111594496,198.37471068010527,198.56090071856016,2794000
2021-03-24,198.64064025878906,201.27381560364083,198.6317656940691,199.76661418593406,2442500
2021-03-25,198.773681640625,199.76667267068268,197.21328649096841,199.6159403093129,3249600
2021-03-26,199.6691436767578,199.7311980053928,197.19554747584314,198.773678204552,3263100
2021-03-29,201.56642150878906,202.03631354520385,198.86231689374983,199.33220893016465,3621300
2021-03-30,199.46519470214844,201.2738475127729,198.79139056330322,200.4847822406942,2419000
2021-03-31,198.72047424316406,200.80396816944503,198.596352064256,198.60521310264127,3564100
2021-04-01,199.6691436767578,200.56459562066001,197.95801619531062,199.1903770121856,2441200
2021-04-05,202.89630126953125,203.47257985343828,200.53796659611518,200.90147205528186,2866300
2021-04-06,205.60931396484375,205.9284872534146,202.7810866216225,203.65881654726843,3230900
2021-04-07,206.2299041748047,206.40721964431594,205.0152790039342,205.40536762553774,2551300
2021-04-08,204.13754272460938,206.39835209236657,203.20661962867374,206.22989766674073,2772200
2021-04-09,205.22802734375,205.34328847273358,202.9140248963899,204.0843312046187,2728900
2021-04-12,204.76702880859375,206.02598619305903,204.35033002654433,205.22804631053128,2292700
2021-04-13,205.086181640625,205.38761925303203,203.64103436893637,204.30597744069965,2570900
2021-04-14,204.19070434570312,205.05955945396246,203.5523579519573,204.9975051389514,2129200
2021-04-15,205.05075073242188,205.12167963074563,203.20663996091682,203.7474609733693,2063000
2021-04-16,206.6466064453125,207.69277720284177,205.96392767149055,207.1519562183367,2694300
2021-04-19,205.5206298828125,206.841655165195,204.65177460768405,206.6820617719573,2254800
2021-04-20,206.58453369140625,206.7618626879997,204.87341980636472,205.01527759231823,1885700
2021-04-21,205.9196014404297,207.33815231845657,205.5561094460973,206.84166356963829,2065500
2021-04-22,206.54019165039062,207.49769777670852,205.63586527742197,206.42493052127946,1839500
2021-04-23,207.97647094726562,208.5616241205384,206.66432035459792,207.27605664123553,2137500
2021-04-26,205.9639129638672,208.65915665521018,205.60928204420216,208.15379338996996,2490100
2021-04-27,208.3311309814453,208.90742319750026,206.05259934752223,206.1944571417792,2623800
2021-04-28,206.05258178710938,208.74781200677685,205.9195850432139,208.52616429525378,2777000
2021-04-29,208.53506469726562,209.05815011447257,206.23878383988992,207.453422648764,3146700
2021-04-30,209.3063507080078,209.4925271939506,207.3469791528908,207.46224028210403,2640400
2021-05-03,208.8453369140625,211.1682005947947,208.6857570558302,210.99975969831706,2458000
2021-05-04,207.338134765625,209.3506997640586,206.78845277286885,208.02081350160782,2529700
2021-05-05,208.38429260253906,208.65914711025422,205.2989604520217,207.56863070197937,2070000
2021-05-06,208.22471618652344,208.92511696727271,206.72637556742342,208.82759143797324,1832600
2021-05-07,208.2069854736328,208.98718972635663,207.4533913916176,208.3488432520012,1406800
2021-05-10,210.2195281982422,210.9376645238758,208.437485703955,208.437485703955,2031500
2021-05-11,207.338134765625,210.83130484619082,205.86639072172017,210.7781115602212,3028500
2021-05-12,202.0895233154297,207.08103419919215,201.7614890254385,205.7866055877921,3198200
2021-05-13,203.7119598388672,204.87339155355184,202.03630386724177,202.14269042788428,2819200
2021-05-14,205.44082641601562,206.25648834909722,204.33258788819245,204.54537455572333,1943100
2021-05-17,205.40536499023438,205.95506052546094,204.13754654760666,204.63403526718963,1630900
2021-05-18,205.62704467773438,206.79735129440166,205.37880027934526,205.59158699009524,2913000
2021-05-19,204.04888916015625,204.46558796324865,202.30230401399533,204.11981805518298,2967000
2021-05-20,205.84861755371094,207.47995468614084,204.41234498141193,204.55420273697976,1890200
2021-05-21,205.0152587890625,206.9302846105836,204.19072232109633,206.06142942583688,2601100
2021-05-24,205.60931396484375,206.26538262090833,204.82024854703036,205.26354402958407,1823300
2021-05-25,205.8131866455078,206.37174317551035,204.54536830202505,205.83978328709824,2681900
2021-05-26,205.9993896484375,207.2760691101482,205.8309352222131,207.2760691101482,1564200
2021-05-27,208.22471618652344,208.4197672451224,206.04369686232712,206.58451779238746,5242900
2021-05-28,208.510009765625,208.97358707210216,207.22626559570034,208.72397166161898,2853600
2021-06-01,207.93051147460938,210.38210165248705,207.48476780590434,210.37317807318192,2574300
2021-06-02,208.41195678710938,208.90227765653475,207.54721278185565,208.5813415968218,3172000
2021-06-03,207.22625732421875,207.50261626029277,205.1758334459333,207.3332450694551,3249400
2021-06-04,208.0552978515625,208.4297208625694,206.88745173563282,208.10878490984695,1615200
2021-06-07,206.54872131347656,208.6704657136868,206.0762340718695,208.60805506520137,1877000
2021-06-08,207.3956298828125,208.59021974382784,206.23669353275986,206.3793347826472,2106200
2021-06-09,206.3526153564453,208.893360205198,206.33478179737136,207.69875660160116,1982200
2021-06-10,209.134033203125,209.41039213029106,206.76267337160533,206.86966111339316,2534000
2021-06-11,211.2201385498047,211.72829298241228,209.24104870491632,209.4995741089132,2654300
2021-06-14,211.2647247314453,211.96900754344392,209.33019829843343,211.44301952838714,1836800
2021-06-15,210.70306396484375,212.00462802239963,210.08793544868942,211.75501262497744,1948300
2021-06-16,210.0166015625,211.53212740918238,208.4119215353583,211.4697303652753,2951700
2021-06-17,208.5010986328125,210.63175319100415,207.9662006973003,209.57088090081734,1895600
2021-06-18,204.703369140625,207.61853727019215,203.9901899751586,206.35262656756248,4408200
2021-06-21,207.62741088867188,207.92160336426662,204.56961562330963,205.6037442763666,2193000
2021-06-22,208.5010986328125,209.37475256466416,207.20843088916126,208.15341905563545,1758300
2021-06-23,207.93051147460938,209.00920353518592,207.4491006947183,207.98399853837122,1701500
2021-06-24,208.01075744628906,209.64218102670546,207.48478314306155,208.6972065556816,1839800
2021-06-25,207.19947814941406,208.0820554799566,207.1281575325303,207.48476061694907,3000100
2021-06-28,206.0138397216797,207.49371221206292,205.05103160515398,207.42239158087366,2901700
2021-06-29,205.37197875976562,206.5665823930693,205.0867098225879,206.40610756345288,1932100
2021-06-30,205.92465209960938,207.04792117747988,205.57697260386257,205.8622414604417,2450700
2021-07-01,207.06578063964844,207.18166475071897,205.71071599305927,206.2991009373304,2210500
2021-07-02,208.27822875976562,208.70613895047182,207.2173564593939,207.78790791467537,1851500
2021-07-06,207.4937286376953,208.51893388578182,205.9336254148555,208.30498557829696,1762700
2021-07-07,209.16970825195312,209.49064428345247,206.5754764642517,206.75377123663597,2069400
2021-07-08,207.57394409179688,208.4565216047702,206.77161079128993,207.67200825990503,1932600
2021-07-09,210.1057586669922,210.5960794920514,207.77006586782545,208.67047691103028,2560500
