Date,Close,High,Low,Open,Volume
2016-07-01,40.68134689331055,40.72347394065269,40.31624113805737,40.400495232741655,8245978
2016-07-05,40.72347640991211,40.84284012724947,40.5690086889763,40.5690086889763,7749017
2016-07-06,41.53794479370117,41.61517864880533,40.772623674524375,40.913050907057574,15015430
2016-07-07,41.27113342285156,41.43964440546929,40.927088412315875,41.34836727234645,9800791
2016-07-08,41.671356201171875,41.82582393814612,41.28518405176301,41.41156802154796,9934411
2016-07-11,41.66433334350586,41.95220809860068,41.56603594743669,41.60816580887197,7688862
2016-07-12,41.84687805175781,41.98028223158729,41.4817723185886,41.61517649841808,8804562
2016-07-13,41.811771392822266,42.092623037393416,41.7626241093802,41.973262141065405,7119274
2016-07-14,41.88199996948242,42.07859759440974,41.762639030508645,42.03647053441589,7698084
2016-07-15,41.867942810058594,42.078583654191846,41.601134442523694,41.98730651646197,8554510
2016-07-18,41.43964385986328,41.769642775453626,41.22900302913507,41.42560057642023,9190122
2016-07-19,41.18688201904297,41.77667194032137,41.116671205487904,41.48177697968217,9307602
2016-07-20,41.27816390991211,41.509865515924716,41.25710038272671,41.425611407183126,6786848
2016-07-21,41.27816390991211,41.502845275854,41.11667593249965,41.425611407183126,6337361
2016-07-22,41.299224853515625,41.48177915366656,41.10965031373315,41.41858857606342,6570436
2016-07-25,41.116676330566406,41.34135489171025,40.70944064911081,41.16582362548373,8422986
2016-07-26,40.976253509521484,41.292212068524506,40.82178575395623,41.21497819074188,7494038
2016-07-27,41.14475631713867,41.229010418953514,40.674330096744455,40.99730883198969,8267462
2016-07-28,41.025394439697266,41.13773511079207,40.80071309750766,41.08858501457324,7639606
2016-07-29,41.18688201904297,41.56603107873742,40.9130533901405,41.432626883918,8898778
2016-08-01,41.18688201904297,41.425606644654366,41.07454134898736,41.30624292836221,9297018
2016-08-02,40.95518112182617,41.23603280164312,40.899010785862785,41.20092599079438,7153962
2016-08-03,40.47772979736328,40.934115508137836,40.147730844773946,40.84283836598292,10099890
2016-08-04,40.611148834228516,40.884977534900194,40.54093519529786,40.54093519529786,5807387
2016-08-05,44.837955474853516,44.93625286308979,40.6111397109635,40.6111397109635,76374048
2016-08-08,44.13581848144531,44.2481591394791,43.49688133974973,43.99539406238939,26248103
2016-08-09,43.876041412353516,44.332424368778305,43.83391155244307,44.13582677678232,12821651
2016-08-10,43.98135757446289,44.30433631447408,43.581144970990756,43.59518545018508,9259499
2016-08-11,44.67646789550781,44.74668152368239,43.86901959241983,43.96029674765214,10862520
2016-08-12,44.4798698425293,44.55008065858091,44.18497487140426,44.332422356966774,6544026
2016-08-15,44.45879364013672,44.760711590721876,44.38155979474484,44.47985996794577,6969305
2016-08-16,44.26220703125,44.45880179978868,44.12177979060274,44.23412326730429,5952745
2016-08-17,44.43773651123047,44.53603669857092,43.95326704138398,44.25518503539707,8668532
2016-08-18,44.67646789550781,44.68348813553598,44.29029855449408,44.29029855449408,7259077
2016-08-19,44.48688507080078,44.543055401498556,44.14284284789168,44.360501124987614,8887040
2016-08-22,44.620304107666016,44.683494698119894,44.29030505933094,44.40966599917947,6756666
2016-08-23,44.641361236572266,44.85199931485486,44.49391373968249,44.732638392121814,6076723
2016-08-24,44.0445556640625,44.781793226430594,43.890087910794335,44.65540924331413,7842079
2016-08-25,43.75667190551758,44.30433194226823,43.721565097050224,44.13582094580858,8329190
2016-08-26,44.1287956237793,44.227092991981515,43.658369497055354,43.86900751662366,8167902
2016-08-29,44.24114227294922,44.43773703600615,43.98135413057391,44.17795170060367,5843438
2016-08-30,44.03049850463867,44.25517980864178,43.8900712861505,44.20602972077643,6474544
2016-08-31,44.08667755126953,44.318379139240136,43.8268893912566,44.29029537417083,9285804
2016-09-01,44.163917541503906,44.22008788640896,43.805831943605845,44.023490275754554,6858846
2016-09-02,44.22007751464844,44.42369251106991,43.94624609484806,43.94624609484806,7978634
2016-09-06,44.40263366699219,44.5641244403508,44.07263468765665,44.22710241445086,8310954
2016-09-07,44.14283752441406,44.57815683308059,43.953260225070345,44.4517729025089,9084169
2016-09-08,44.40263366699219,44.437740478895066,43.763696427095184,43.847953337056694,9627242
2016-09-09,43.876041412353516,44.03050914443906,43.756677686400295,44.01646585780224,13191700
2016-09-12,44.367523193359375,44.578161227092934,43.46879792199202,43.5319884900203,11139716
2016-09-13,43.71682357788086,44.40288197368842,43.40561993657495,44.11289914018911,10714123
2016-09-14,43.3914794921875,44.09168419894215,43.35611524681372,43.79462679984739,10922046
2016-09-15,44.11997604370117,44.282651014818114,43.22880663064685,43.31368138918153,9429694
2016-09-16,44.049251556396484,44.289723918977494,43.89364829950967,44.169487737686985,13029050
2016-09-19,43.37733459472656,44.23313974603505,43.370262876451555,44.23313974603505,11829510
2016-09-20,43.80877685546875,44.1411957011543,43.631958440851186,43.78048432569833,9653757
2016-09-21,44.346309661865234,44.431184429393014,43.75219759939731,44.03510877856219,7565512
2016-09-22,44.57263946533203,44.89091490147898,44.438257006080065,44.50191378984347,8853294
2016-09-23,44.530189514160156,44.73530041206228,44.34629659499883,44.46653557793776,8048430
2016-09-26,43.95730209350586,44.26143121293919,43.76633742909684,44.226066967299566,7319022
2016-09-27,44.254364013671875,44.34631050208713,43.73098044296787,44.070473864398046,7693158
2016-09-28,44.77067947387695,44.89798738846721,44.204857094953375,44.55849678866979,12361160
2016-09-29,43.78757095336914,44.57264787154081,43.54002397358116,44.57264787154081,11454640
2016-09-30,44.14120101928711,44.36752997449281,43.752199894750305,43.773417880856236,14258354
2016-10-03,44.21900177001953,44.254363193317566,43.61781516060336,44.00681626489149,7881065
2016-10-04,44.17655563354492,44.52312353781248,43.80877257535693,44.190701897048044,8276475
2016-10-05,44.41704177856445,44.58678849987874,44.190712816812066,44.34631327112761,8249122
2016-10-06,44.318023681640625,44.3392416684163,43.66732650110692,44.1977874807262,11979164
2016-10-07,44.39582443237305,44.551424888933546,43.87243799388019,44.39582443237305,11292410
2016-10-10,45.19503402709961,45.87402071929604,44.86968694397783,45.41429120678823,21322503
2016-10-11,43.80171585083008,44.947507109631935,43.67440791017445,44.93336084037332,14625259
2016-10-12,43.610748291015625,44.29680978876673,43.55416604519889,44.1341347717097,10607751
2016-10-13,44.2119255065918,44.52312920549508,43.80877815210444,44.028032540310605,15239492
2016-10-14,43.95022964477539,44.45946971668144,43.94315792633255,44.360451520699904,12790002
2016-10-17,43.511722564697266,43.88658023203846,43.002482440158474,43.88658023203846,13681221
2016-10-18,43.914859771728516,44.28971735230493,43.73096966776476,43.780477345635155,10467424
2016-10-19,43.759254455566406,44.06338351642562,43.716818499994346,43.94314736645289,5850670
2016-10-20,43.79463195800781,44.04217887722429,43.63195980319625,43.815849942219906,6626923
2016-10-21,43.28538131713867,43.78047503504925,43.1651451600208,43.53292817609396,7762222
2016-10-24,42.96711730957031,43.483431970269706,42.88931709002527,43.426849735368165,10420264
2016-10-25,43.81584930419922,43.98559600298075,42.11838231638391,42.6276224127285,15917548
2016-10-26,43.051979064941406,43.74511193990236,42.82565019373422,43.667308916313615,10435774
2016-10-27,43.34905242919922,43.89365686569578,43.14394427462966,43.250034211897194,10847534
2016-10-28,41.6162223815918,43.19345057002706,41.34038289851952,43.15808631623136,21335603
2016-10-31,41.531333923339844,41.83546584026686,41.28378705588794,41.79302705316053,14939030
2016-11-01,41.94155502319336,42.14666592759359,41.38280735850187,41.729372401507426,15036075
2016-11-02,41.6162223815918,42.0900982928517,41.5525655937368,41.771822836247345,11239486
2016-11-03,41.32623291015625,41.88498067993661,41.22721188419724,41.8566909779172,11866504
2016-11-04,41.602073669433594,41.92034910733157,41.45354494324409,41.51012718048025,11861893
2016-11-07,42.47202682495117,42.58519130371713,42.06887942968126,42.09716913559435,10981258
2016-11-08,42.797367095947266,42.98833176963835,42.09716234989449,42.309347834045795,8323321
2016-11-09,45.3930778503418,45.973043588340914,44.3887411451547,45.2374745968616,29187953
2016-11-10,45.94475173950195,46.29838854051613,45.63354807464427,45.647694338400576,18719690
2016-11-11,45.230411529541016,45.62648721609399,44.96871831176676,45.322358024506855,14734566
2016-11-14,44.933353424072266,45.32942910503966,44.728242450126686,45.265775145218,10610476
2016-11-15,45.01823043823242,45.07481268118624,44.615083017520355,45.03944842589548,7640339
2016-11-16,44.29680252075195,45.23040800976782,44.169491781663574,45.053589580936006,11297650
2016-11-17,44.346309661865234,44.40996644440023,43.936090572743645,44.2119272052065,8762642
2016-11-18,43.759254455566406,44.28971238288417,43.66023628337971,44.25434814405556,8066351
2016-11-21,44.06340026855469,44.12705705366964,43.65318116280724,43.808781610765124,7164862
2016-11-22,43.639034271240234,44.31094657214058,43.292469128015675,44.204856644396685,10052626
2016-11-23,43.59659194946289,43.639027914378836,42.30934694493306,42.67005830183118,9588152
2016-11-25,43.99974822998047,44.13413069794652,43.674401053454424,43.72390874675109,3669362
2016-11-28,43.70975875854492,43.89364889225667,43.58244802939337,43.69561249362665,7806971
2016-11-29,43.985599517822266,44.17656421576671,43.79463481987782,43.81585280547646,10516575
2016-11-30,43.278316497802734,44.07753942202823,43.13685951153625,44.07046770373742,13132174
2016-12-01,42.97418212890625,43.40561909826226,42.89637909941542,43.35611142115239,8802047
2016-12-02,43.23588943481445,43.51172609073624,42.882249723893395,43.17930719416936,8376769
2016-12-05,42.61348342895508,43.518796422853114,42.32349768767234,43.511724703331794,13608490
2016-12-06,42.63469696044922,42.712497177282046,42.160821113113315,42.56396846239883,11171261
2016-12-07,42.47909927368164,42.47909927368164,41.460621774862986,42.22448060586619,14723981
2016-12-08,42.52153778076172,42.691284500651236,42.083026127936336,42.24569830060744,8998757
2016-12-09,43.306610107421875,43.50464934055892,42.71956978205294,42.783226562641104,11021187
2016-12-12,43.65317916870117,43.92194408063411,43.356121725219175,43.455139930527636,8641808
2016-12-13,44.03803634643555,44.15919516056259,43.653176255205,44.045165179136575,8218626
2016-12-14,44.045166015625,44.72936016344344,43.89549756635875,44.0808016320459,11612574
2016-12-15,44.451412200927734,44.64384227308394,44.073678041045525,44.18771088745321,8917851
2016-12-16,44.50130844116211,44.92180426095208,44.22335227333705,44.65810291309984,18406758
2016-12-19,43.574771881103516,44.380127546991915,43.38234186710375,44.04515794268807,12512072
2016-12-20,43.11863708496094,43.95962829153092,43.025985076723956,43.61040390215945,10875201
2016-12-21,42.35606384277344,43.33959795943441,42.291918579097235,43.18280064209042,12630706
2016-12-22,42.46297073364258,42.76230485032274,42.16363376770804,42.49147752364596,10584800
2016-12-23,42.448707580566406,42.662518436007126,42.22776789208358,42.59837603415105,7955892
2016-12-27,42.61262512207031,42.86207157810314,42.448704711986416,42.66964438553868,6094749
2016-12-28,42.242027282714844,42.66252305533762,42.1992656768474,42.56274502522889,6470981
2016-12-29,42.07809829711914,42.4700872291725,42.03533669704168,42.25627637953146,6833065
2016-12-30,41.95695495605469,42.013971393606056,41.73601804132738,41.89281253227994,11289685
2017-01-03,42.869197845458984,43.03312109498767,42.08522290923103,42.15649413504814,12564158
2017-01-04,42.85495376586914,43.32533998514188,42.79081135611774,43.11865508804849,9863671
2017-01-05,42.84069061279297,43.17566311347571,42.76229339970841,42.91908782587752,10581446
2017-01-06,42.95472717285156,43.09014366094887,42.42732743452809,42.826442367160205,10730053
2017-01-09,43.546268463134766,43.817098567063006,42.8193098956382,42.97610717136095,10201861
2017-01-10,42.70528793334961,43.646060430041466,42.68390712877766,43.6175507911093,16036706
2017-01-11,43.92400360107422,45.014444327350425,43.29682303111766,44.430025356668395,34281862
2017-01-12,44.33736801147461,45.07145249163586,44.27322562025042,44.56543364594283,26079899
2017-01-13,44.430023193359375,44.67234081028564,44.25897395533602,44.4228943609916,10447617
2017-01-17,43.81710433959961,44.23760009284743,43.61754543932299,44.1306932338506,11101150
2017-01-18,43.59614944458008,44.03089986403904,43.53200706108731,43.7458178553162,8522022
2017-01-19,42.99748611450195,43.53201461748549,42.8121820643533,43.51063381927657,11944999
2017-01-20,44.56544494628906,44.84340107724784,44.2946176489984,44.47279290263614,26451834
2017-01-23,44.05228805541992,44.47278373273553,43.92400041764043,44.05228805541992,10691382
2017-01-24,43.62467575073242,43.966774292007166,43.28257720945768,43.89550305026141,10990900
2017-01-25,43.53201675415039,43.7458275959875,43.30395109638984,43.70306599747081,15255736
2017-01-26,43.617530822753906,43.731563627769,43.147147639006434,43.48924320479867,13317460
2017-01-27,44.009525299072266,44.18057452851792,43.688807637704976,43.745824047520195,6972554
2017-01-30,43.781463623046875,43.98101965083788,43.42511031713018,43.84560602142534,8230573
2017-01-31,44.18058395385742,44.358759204071276,43.417989666046196,43.51776769219579,10292513
2017-02-01,44.258975982666016,44.38013479667896,43.87411589179792,44.23046635039611,11547702
2017-02-02,45.74139404296875,45.76277483846037,44.565430346157896,44.64382754604487,19901730
2017-02-03,45.81979751586914,45.848304297343006,45.092836123363,45.51333465644409,12209724
2017-02-06,46.28304672241211,46.29017270422406,45.54183349310116,45.556088305978086,9598422
2017-02-07,45.75565719604492,46.27593379416224,45.64875319244493,46.154772124410485,8840194
2017-02-08,45.84117889404297,45.95521171988766,45.4919544333637,45.541842013887276,6190326
2017-02-09,45.89107131958008,46.197534196208764,45.82692607146935,45.84118088763326,7391439
2017-02-10,45.72002029418945,46.01935719436896,45.58460666059724,45.84118196053788,8940907
2017-02-13,46.161895751953125,46.204657348571025,45.76990685161299,45.79128764992194,7494353
2017-02-14,46.796207427978516,46.83896902931339,45.919580354344625,46.06924880827048,10629550
2017-02-15,46.43984603881836,46.94586773093577,46.21890923744578,46.25454484878888,18662050
2017-02-16,46.51111602783203,46.61802285902572,45.94095195997221,46.425592842279684,12938922
2017-02-17,46.60377502441406,46.724933838509095,46.226040916730675,46.468361394174416,9482618
2017-02-21,46.66792297363281,46.88173669347093,46.25455605030462,46.25455605030462,7740633
2017-02-22,46.53251266479492,46.860356403105406,46.389973023933315,46.68218113971485,9096221
2017-02-23,46.93162536621094,47.11692945464979,46.575272007502534,46.696433688060594,7184669
2017-02-24,47.15256118774414,47.15256118774414,46.77482705755278,46.78908187454679,8849626
2017-02-27,46.93162536621094,46.99576777409174,46.72494047514515,46.881737776499456,7476222
2017-02-28,46.945884704589844,47.1454407811583,46.78909023739258,46.90312309521865,8112044
2017-03-01,47.18819808959961,47.608693832960924,46.96012955925115,47.08841721718031,11193374
2017-03-02,47.09554672241211,47.451897217265945,47.03853030132502,47.30935758917521,9062790
2017-03-03,47.45188903808594,47.480398668342325,46.90310857281203,47.09553860465546,8716111
2017-03-06,47.373497009277344,47.59443669553796,46.96725610310056,47.0955437547762,9104500
2017-03-07,47.01001739501953,47.25946386376137,46.46123402408597,46.63228327544498,8728478
2017-03-08,46.89598083496094,47.12404648532013,46.51824674539683,47.01001366014053,8821645
2017-03-09,46.96013259887695,47.059913477754854,46.69643413113996,47.01715187209524,8106280
2017-03-10,46.753448486328125,47.181070222510755,46.682177247213026,47.088418181511926,9247447
2017-03-13,46.049949645996094,46.868297429244215,45.94945160098382,46.83240465535094,14880133
2017-03-14,46.08584976196289,46.30838384762783,45.97817429294379,46.03560216635907,8271759
2017-03-15,46.44476318359375,46.638581849633276,46.10019602845359,46.22940942908479,9458200
2017-03-16,46.07148361206055,46.509368528040916,45.935089935164704,46.3514426324536,10074634
2017-03-17,45.870487213134766,46.44476583785435,45.863309806506294,46.12173375272274,15142762
2017-03-20,46.02124786376953,46.15763871443058,45.942284890745526,46.04278295915649,13593818
2017-03-21,45.87766647338867,46.38016244268203,45.669492974604736,46.17198607408325,11057134
2017-03-22,45.58334732055664,46.02123512505841,45.40388632879661,45.92791449100249,10007352
2017-03-23,45.42543029785156,45.813067722923684,45.360825016944624,45.48285817081837,9915128
2017-03-24,45.35364532470703,45.6048919134535,45.12393382987422,45.33929050864145,9575052
2017-03-27,45.360816955566406,45.518742860705224,45.088032455091025,45.16699827747517,8400663
2017-03-28,45.4684944152832,45.51156459680482,45.13828490725937,45.36799636846114,10673880
2017-03-29,45.6838493347168,46.02123912797159,45.55463878692193,45.70538729583088,8525794
2017-03-30,45.54746627807617,45.71257249928177,45.45414561998739,45.58335905963458,5577456
2017-03-31,45.612060546875,45.67666581212274,45.40388419910176,45.411061605302216,7979472
2017-04-03,45.56181716918945,45.734100773084734,45.38235615797916,45.533104670114405,6962493
2017-04-04,45.705387115478516,45.7771697962541,45.49003046370699,45.647959248969094,6650189
2017-04-05,45.63361358642578,46.04996357593949,45.590543392651206,45.71975397397494,8083538
2017-04-06,45.39671325683594,45.92074437201947,45.360823348640004,45.56899686940002,7915125
2017-04-07,45.3177490234375,45.46132013145927,45.18853846999598,45.425427354453824,8091713
2017-04-10,44.901390075683594,45.461310970545625,44.887032393811616,45.41823792492971,7595590
2017-04-11,44.92292785644531,45.052138391595,44.635788550866025,44.85832258887047,6858950
2017-04-12,45.260318756103516,45.375174488509344,44.70757805498849,44.772183328286175,9965642
2017-04-13,44.9444694519043,45.22443139155255,44.908576674784136,45.07368287557388,6217260
2017-04-17,45.08086013793945,45.109572637654104,44.786543384242705,45.01625486122018,5590242
2017-04-18,44.70039749145508,44.83678831408559,44.499401395941135,44.83678831408559,7749436
2017-04-19,44.96599578857422,44.96599578857422,44.506572922597606,44.693214179354236,10845857
2017-04-20,44.901390075683594,45.04495828495985,44.68603345704747,44.980353021257706,9392490
2017-04-21,44.42761993408203,44.95882845938429,44.413262248848554,44.765009753085394,11002323
2017-04-24,44.60707473754883,44.87985923970196,44.52093437778503,44.86550155646974,9270922
2017-04-25,44.72193908691406,45.17418467231878,44.68604630682017,44.858332799196994,11205006
2017-04-26,45.00907897949219,45.1382924153647,44.815260260591096,44.95883138263063,9284546
2017-04-27,44.92292785644531,45.15981670736773,44.82960722340521,45.06649607432763,6920258
2017-04-28,44.74346160888672,44.973173041090554,44.6070708047425,44.92292545893003,9915862
2017-05-01,44.779361724853516,44.86550496096882,44.57836562360943,44.686041081484845,10707521
2017-05-02,45.00907897949219,45.39671641729438,44.72911988321965,44.872688135443845,13647580
2017-05-03,45.676673889160156,45.70538925866884,44.779363074147376,44.86550631285835,11978430
2017-05-04,45.497215270996094,45.86331759772109,45.3823595265406,45.705391666548586,9023280
2017-05-05,45.92074203491211,46.006882401902516,45.53310464382528,45.583352234631356,9795237
2017-05-08,45.94947052001953,46.30839553691968,45.82025992458092,45.877684942676304,11684676
2017-05-09,45.432586669921875,46.136078505493316,45.33926893064647,46.07147325449944,10712970
2017-05-10,45.89921569824219,45.90639310692212,45.28904412635088,45.31775663088614,10094126
2017-05-11,46.25094985961914,46.839586201759076,46.164809495792014,46.480661322911324,19404663
2017-05-12,45.63361358642578,46.42324624149431,45.418256877921536,46.22225009066917,10838521
2017-05-15,45.59053421020508,45.65513948785471,45.46849819266896,45.52592606274033,8710347
2017-05-16,45.79153060913086,45.84895847956415,45.32493023804101,45.54028403471209,8248494
2017-05-17,45.224422454833984,45.79152075975012,45.13827923280518,45.79152075975012,8296911
2017-05-18,45.863311767578125,46.301199596377316,45.1598197047623,45.1598197047623,12528316
2017-05-19,45.78435516357422,45.970993598119385,45.58335617353641,45.970993598119385,9739798
2017-05-22,45.97098922729492,46.25812856446601,45.63360229975324,45.72692294306072,6525372
2017-05-23,46.33710479736328,46.365820174213795,45.94228988928722,45.94228988928722,6009861
2017-05-24,46.60988235473633,46.80370107483312,46.32992038692132,46.495026604322284,7289259
2017-05-25,46.68883514404297,46.74626300672801,46.41605351374275,46.63140728135794,7436503
2017-05-26,46.60270309448242,46.81087950538129,46.53092040126746,46.66013097094365,3862614
2017-05-30,46.57398223876953,46.760623521250864,46.32273568303615,46.459126506444846,5120109
2017-05-31,46.73909378051758,47.01187545856103,46.681663037966075,46.71755581715315,8162138
2017-06-01,46.846763610839844,46.846763610839844,46.559624281712146,46.724730472141154,7923404
2017-06-02,46.99751281738281,47.07647577534222,46.78933644193761,46.99033254041336,6600933
2017-06-05,46.71037673950195,46.9400882222356,46.44477247886429,46.91137285198633,6254988
2017-06-06,46.42323303222656,46.68883726795422,46.272484527093845,46.66012190039805,8218206
2017-06-07,45.9853401184082,46.40887021944258,45.94226994164884,46.372977448871595,7971717
2017-06-08,45.36798858642578,46.12172811302352,45.102384396243835,45.98533731505713,19411056
2017-06-09,46.22223663330078,46.258126537786644,45.32492588522757,45.36799606646249,11266419
2017-06-12,46.22223663330078,46.43041013254114,46.08584294303215,46.22223663330078,9851514
2017-06-13,45.752197265625,46.164381202339,45.57864978606059,46.084837643899924,12631544
2017-06-14,45.82452392578125,46.01976778780232,45.571429923497746,45.571429923497746,10834853
2017-06-15,45.69435119628906,45.875131752714914,45.47018087795137,45.77389475675309,8244406
2017-06-16,45.5352668762207,46.07038132177505,45.33279285898839,45.74497396680056,15617296
2017-06-19,46.04868698120117,46.14269380554424,45.57142267719656,45.622042625971,8831391
2017-06-20,46.663352966308594,46.97429711259455,45.97638145833552,46.04869485726259,10755624
2017-06-21,47.335845947265625,47.437085835656525,46.68503419985774,46.68503419985774,11679960
2017-06-22,47.74079895019531,47.99389579150662,47.277997922978045,47.372004742996104,14087111
2017-06-23,47.84203338623047,48.00835067959378,47.61063289901534,47.75525675806675,14769988
2017-06-26,47.66848373413086,48.015584470147566,47.60340053930515,47.834801029982955,7940067
2017-06-27,47.39370346069336,47.92158482488968,47.39370346069336,47.92158482488968,8511437
2017-06-28,47.118900299072266,47.65401459034968,47.10443993837941,47.552777610920806,7056498
2017-06-29,46.525943756103516,47.06105521366038,46.345160318962066,47.01043816399365,8751114
2017-06-30,46.34516906738281,46.80797012836058,46.28008875227655,46.63441973049392,8762223
2017-07-03,46.47532272338867,46.735646819472436,46.171608868860936,46.171608868860936,4895627
2017-07-05,46.395790100097656,46.858591171874195,46.222239698181454,46.61996045333318,6820174
2017-07-06,45.629268646240234,46.215000085739625,45.54972508464769,46.113763088341514,11887150
2017-07-07,45.67265701293945,45.80281762379499,45.41956019080478,45.70881081089964,7591083
2017-07-10,45.43402862548828,45.84620972203187,45.27494148902407,45.83897953979859,7036062
2017-07-11,45.07969284057617,45.54249383602917,45.00737946230758,45.426793587165925,7207620
2017-07-12,45.39788055419922,45.65097456234479,45.31110678725425,45.31110678725425,8610368
2017-07-13,45.4774055480957,45.54971891826892,45.03630092823723,45.405095068838385,7125562
2017-07-14,45.60034942626953,45.846210316386475,45.455722652396915,45.50634260143564,6309903
2017-07-17,45.27493667602539,45.781124542373334,45.21708655155945,45.66542429344145,7741890
2017-07-18,45.130313873291016,45.289403897697476,45.02907686933525,45.19539707583981,6408415
2017-07-19,45.28216552734375,45.43402246097064,45.152004919305966,45.1953917886519,5972657
2017-07-20,45.513580322265625,45.730517628089736,45.45573018131806,45.49188688077492,6974545
2017-07-21,45.289398193359375,45.55695537012006,45.25324150558997,45.40509843785501,7237907
2017-07-24,45.24601364135742,45.48464722991927,45.195396585387066,45.22432020438206,8157318
2017-07-25,45.094154357910156,45.556955335541446,45.01460791032818,45.44848527231557,6241783
2017-07-26,44.689208984375,45.079696634422326,44.63135885507478,45.05800319729931,9816302
2017-07-27,46.055912017822266,46.67780013454642,45.41233046573752,46.04145165485936,22894922
2017-07-28,46.3596305847168,46.54041115828798,45.71604896752354,46.14269331824808,13982521
2017-07-31,46.19331741333008,46.50426444143979,45.92576304877491,46.460874668802205,12277215
2017-08-01,46.22224044799805,46.47533442686694,46.11377036094706,46.30901420490544,6802463
2017-08-02,45.87514114379883,46.251165587596965,45.67989729343407,46.24393540458969,7372575
2017-08-03,45.932987213134766,46.084844170174925,45.687123430740385,45.70881686875804,7355702
2017-08-04,45.629268646240234,46.05591296255455,45.51356839466631,46.012526090943396,5597368
2017-08-07,45.44125747680664,45.6220409365088,45.31109685492081,45.52080393362546,7018246
2017-08-08,45.06522750854492,45.35447811736419,44.97845377135718,45.2243146206665,8048745
2017-08-09,45.188167572021484,45.354484890106015,44.9929208523609,45.159241061361946,6866810
2017-08-10,44.96400451660156,45.253255215471775,44.956771442306696,45.10139823720029,8137825
2017-08-11,45.108619689941406,45.52803384485612,45.02184594253363,45.13754619968828,6341448
2017-08-14,45.318328857421875,45.55696245563158,45.26047872617657,45.49187925115777,5771860
2017-08-15,45.195404052734375,45.57866158142729,45.18817386952014,45.361721393997165,6619168
2017-08-16,45.34002685546875,45.50634708362079,45.072469610184385,45.14478300424326,6352138
2017-08-17,44.71813201904297,45.57142069233843,44.696438582203506,45.37617686986685,9589305
2017-08-18,44.46502685546875,44.703657491444766,44.226396219492734,44.66750369977336,8825942
2017-08-21,44.812137603759766,44.86275754893379,44.42164996958289,44.45780666029057,7542666
2017-08-22,45.13754653930664,45.19539666831923,44.77598251024882,44.81213920224624,5779930
2017-08-23,44.942298889160156,45.2677033076013,44.942298889160156,45.01460937608252,6743775
2017-08-24,45.34725570678711,45.49187959052095,44.97122840542928,45.01461528145777,8122105
2017-08-25,45.513580322265625,45.766674327546596,45.39064985684594,45.46296325575966,5528095
2017-08-28,45.78834915161133,45.889589025293475,45.54248832073834,45.63649512291985,7858114
2017-08-29,45.643733978271484,45.708814288650885,45.35448333616901,45.650964160230394,6879806
2017-08-30,45.643733978271484,45.679890669898846,45.48464684784423,45.65819723310571,5263580
2017-08-31,46.17884063720703,46.22222750351028,45.52079589824932,45.81004649179754,13522344
2017-09-01,46.15715789794922,46.352401732464735,45.99083768403172,46.128231386434614,6481985
2017-09-05,46.00531005859375,46.35964110392247,45.889609771435325,46.09931690327461,7583538
2017-09-06,46.28008270263672,46.518713384416316,46.113762508995144,46.20053914204352,7491838
2017-09-07,46.5114860534668,46.583799436953,46.12822859008962,46.34516584963181,7185507
2017-09-08,46.47532272338867,46.66333633723118,46.23669206106889,46.27284585673151,7719358
2017-09-11,47.09721755981445,47.227381072012214,46.77181022477828,46.95982386562877,10785597
2017-09-12,47.335845947265625,47.45154908984327,47.08998508067247,47.08998508067247,7707202
2017-09-13,47.32861328125,47.40092665747153,47.2201432169177,47.2635329772003,5898878
2017-09-14,48.1589469909668,48.195365205760176,47.27763609317723,47.335904654481325,10437137
2017-09-15,48.188079833984375,48.348317639992224,47.88945165534098,48.19536231177514,15390718
2017-09-18,48.06425476074219,48.37016540083192,47.933152696554785,48.086105104773424,11049274
2017-09-19,48.035118103027344,48.188073410856575,47.83846211062577,48.08610126441975,7345746
2017-09-20,47.9185905456543,48.297334740416005,47.48157487742371,48.12252905548908,9903600
2017-09-21,47.78020095825195,48.020557672439594,47.72193239919194,47.962289113379576,6255198
2017-09-22,47.43788146972656,47.8530468550813,47.39418076973986,47.802060763878806,7824263
2017-09-25,47.47429656982422,47.634534400461,47.372327305948716,47.459728700177195,5840923
2017-09-26,47.168373107910156,47.57625296491258,47.13924028832301,47.416015177618135,7311058
2017-09-27,47.02999496459961,47.16109995823613,46.84790679864589,47.11011387409231,7013111
2017-09-28,46.826053619384766,47.09554606873801,46.73864932497156,46.811485751678156,7359894
2017-09-29,46.636680603027344,47.00085982885968,46.12683143395796,46.82605414987934,11999181
2017-10-02,47.01542282104492,47.1101095905158,46.534709407798495,46.767783636703314,7067083
2017-10-03,46.88432693481445,47.037279369858354,46.45459663257158,47.01542902199494,6819441
2017-10-04,47.05183792114258,47.06640578744216,46.85518191748984,46.92073585992486,6722606
2017-10-05,47.05183792114258,47.19751076048604,46.85518191748984,46.92073585992486,9589200
2017-10-06,47.01542282104492,47.27035030675763,46.88432075115573,47.12467745777894,7847843
2017-10-09,46.855194091796875,47.15382232531258,46.702238735474566,47.1028362359295,5712962
2017-10-10,46.94987106323242,46.957156452665004,46.75321504960011,46.84061934000687,5157208
2017-10-11,46.45459747314453,46.86247743490438,46.45459747314453,46.86247743490438,10586477
2017-10-12,46.49101257324219,46.600264307209876,46.29435362844715,46.46187683629974,6454108
2017-10-13,46.170528411865234,46.731363617459486,46.16324593442844,46.57840829667685,7693787
2017-10-16,46.13411331176758,46.41817362834989,46.07584475286555,46.2433679516438,7806762
2017-10-17,46.046695709228516,46.112246722967825,45.79905369317099,46.03941032204054,7365868
2017-10-18,46.2579345703125,46.6949472943647,46.18509814569501,46.68037942707593,8265471
2017-10-19,46.4327507019043,46.63668924258155,46.316213560995294,46.35262886968072,10554618
2017-10-20,46.527427673339844,46.60754658184154,46.30163881624233,46.5055773266418,10798802
2017-10-23,46.17781448364258,46.993574316762086,46.10498096812677,46.636680481707224,12137936
2017-10-24,45.96659469604492,46.11226464268297,45.4276097786484,46.11226464268297,10711713
2017-10-25,45.485870361328125,45.98115158721572,45.398466079215005,45.959301244643946,11545502
2017-10-26,45.15083694458008,45.660686149298414,45.01973194822126,45.36934333062698,11260026
2017-10-27,42.41949462890625,44.10200040749451,42.11358686974827,44.10200040749451,30980242
2017-10-30,39.8484001159668,40.82439789108613,39.629893716369175,40.60589149148851,40860891
2017-10-31,40.12517166137695,40.63502081723904,40.081468058894124,40.18344021952766,19313802
2017-11-01,40.30725860595703,40.64230207732826,40.26355791660998,40.45292854105596,17206483
2017-11-02,40.3291130065918,40.47478586816759,40.08875627918367,40.40923191572784,12909788
2017-11-03,40.83168029785156,40.99191811839092,40.19800858231865,40.27813040441498,10281718
2017-11-06,40.70058059692383,40.91908700897408,40.49664205549747,40.817117738260905,9136988
2017-11-07,40.48935317993164,40.92636887825148,40.336397831111036,40.70057709440644,15008513
2017-11-08,41.21043014526367,41.31239941667696,40.394670150303234,40.42380589175106,15859279
2017-11-09,40.94092559814453,41.26868657797951,40.51119537688845,41.188567680303926,14818825
2017-11-10,40.40922927856445,40.9991973410604,40.168872566842346,40.9991973410604,17547607
2017-11-13,40.13243865966797,40.43834919992257,40.10330584774268,40.28539392979527,14135738
2017-11-14,40.052337646484375,40.19072511644355,39.87753196151069,40.03776977811326,13315678
2017-11-15,39.9139404296875,40.13244675458952,39.622597692542854,39.8848047000601,12290315
2017-11-16,40.183433532714844,40.32910344793789,39.87752292537276,39.957641815519324,12572122
2017-11-17,40.205291748046875,40.37281203776857,39.87753073482526,40.059618892469935,10358537
2017-11-20,39.404090881347656,39.61531474275772,39.06176496402187,39.36039019604242,18003278
2017-11-21,39.52791213989258,39.9503598495432,39.46236111397822,39.59346316580693,14369442
2017-11-22,39.60075378417969,39.74642372050243,39.4550809360306,39.49878162574479,7730258
2017-11-24,39.58618927001953,39.79013069233718,39.411383584530085,39.695443915385404,4549682
2017-11-27,39.73185348510742,39.76827169497399,39.47692892786763,39.629884244576736,10584905
2017-11-28,40.008636474609375,40.1543064210983,39.629889372450386,40.008636474609375,13446783
2017-11-29,40.32183074951172,40.533054652859754,40.00863758959703,40.08875649917273,10980525
2017-11-30,40.25627517700195,40.707858702734256,40.08146949628102,40.19800661676164,16139619
2017-12-01,40.69328308105469,40.77340197214102,40.219852211244195,40.35095426293495,12672835
2017-12-04,40.94820022583008,41.30509393292307,40.69327573336002,40.73697640936622,14085120
2017-12-05,40.620452880859375,41.15943777079599,40.584034668098646,40.89722780364927,12405386
2017-12-06,39.58618927001953,40.736992638201734,39.4696521463599,39.651740310143104,21217703
2017-12-07,39.892093658447266,40.671435186076664,39.82653971683193,39.95036221109083,17250604
2017-12-08,40.474788665771484,40.474788665771484,39.81198408817266,40.28541509736416,10923723
2017-12-11,41.035621643066406,41.25413095359294,40.4675038417165,41.035621643066406,10239170
2017-12-12,41.56731414794922,41.64014765546047,41.246835649960346,41.42164130927441,14454750
2017-12-13,41.45079040527344,41.785833965685285,41.26141681867353,41.47264075575387,13982940
2017-12-14,41.14227294921875,41.67849521481213,41.10554495428021,41.42874954778226,10623890
2017-12-15,41.311222076416016,41.406714278104936,40.95128947980467,41.30387471530446,23664574
2017-12-18,41.2965202331543,41.64175802346098,41.28182845110448,41.4140486163639,12151560
2017-12-19,41.30386734008789,41.590343894001414,41.142266536821374,41.29652291688292,9921521
2017-12-20,41.215728759765625,41.49485799616987,41.12023656065994,41.34060159273724,13766423
2017-12-21,41.57564926147461,41.72256120826209,41.19368348569715,41.19368348569715,10439966
2017-12-22,41.399356842041016,41.74459756900659,41.230408689922754,41.575649416888325,11890608
2017-12-26,41.38467025756836,41.57565463845432,41.33325341881855,41.494854231909066,4616754
2017-12-27,41.38467025756836,41.597690846003495,41.32590605857228,41.42139824901526,5931994
2017-12-28,41.57564926147461,41.72256120826209,41.355284277887826,41.38466490528866,6061108
2017-12-29,41.3332633972168,41.86214131585965,41.3332633972168,41.744612889494576,8841557
2018-01-02,41.2965202331543,41.68583336961042,41.171644490622555,41.56830498640081,10556504
2018-01-03,41.23775100708008,41.325895815428986,41.10553085796262,41.30385961334176,11090460
2018-01-04,41.90619659423828,42.17798133607191,41.414046877288904,41.45811928499319,15751650
2018-01-05,41.862144470214844,42.15596555826726,41.568323382162426,42.15596555826726,9955057
2018-01-08,41.61973190307617,42.053120490691086,41.50220349138963,42.023736919471865,11642546
2018-01-09,41.72256088256836,41.94292586443493,41.55361273240049,41.729905305212625,11142022
2018-01-10,42.08984375,42.14126352913726,41.472821083327986,41.53892971085158,9497395
2018-01-11,42.310203552246094,42.31755091212676,41.98700194214763,42.0898385511249,7447402
2018-01-12,43.08882522583008,43.199009182775555,42.523219532713156,42.567294877447964,12935569
2018-01-16,45.59365463256836,46.8497389709566,44.99132088176511,45.35859784558121,50399682
2018-01-17,45.56428146362305,45.975630934720115,45.461444829997625,45.755265880781245,22940615
2018-01-18,44.90317153930664,45.630378033843115,44.535894612425324,45.54223027929005,20861278
2018-01-19,45.01335525512695,45.16026720930771,44.54324170029985,45.16026720930771,12745671
2018-01-22,44.99131774902344,45.13088233950484,44.60200460560947,44.77095276071566,12835380
2018-01-23,45.321876525878906,45.63773376280548,44.7121982619747,44.82972667276575,11718212
2018-01-24,44.93990707397461,45.62303833767932,44.77830331958267,45.549582352646155,14129241
2018-01-25,45.0280647277832,45.08682894522295,44.77097164355876,45.0280647277832,9853610
2018-01-26,45.571617126464844,45.60099775570314,45.05742821714565,45.16761218412718,11060278
2018-01-29,45.27044677734375,45.64506813718218,45.21902994431552,45.50550354717135,9198191
2018-01-30,44.55059051513672,44.99132348453156,44.39633705927315,44.65343006783894,13666654
2018-01-31,43.522212982177734,44.66076884909058,43.26512000609365,44.63873264389417,15582712
2018-02-01,43.97029113769531,44.322876300593656,43.38999655913006,43.463449598954625,14009664
2018-02-02,43.01537322998047,44.051089529266065,42.80969709270056,43.639740191300675,12852777
2018-02-05,41.42874526977539,43.301852262054545,41.002704096396286,42.80235804297837,20546774
2018-02-06,40.73826217651367,41.700525523307576,39.90821900546866,40.50320832804131,32494498
2018-02-07,41.04677963256836,41.65645787144581,40.46648496348008,40.52524916646338,14349740
2018-02-08,40.20203399658203,41.472809918575784,40.18734221555579,41.16429719999591,21871760
2018-02-09,40.30488204956055,40.70153969388216,39.195709530320826,40.51055823262051,19472364
2018-02-12,40.71623229980469,41.05412868331455,40.370994428437854,40.65746809440234,13259506
2018-02-13,40.32691955566406,40.672160367767226,40.2314302902606,40.569323741228374,17857291
2018-02-14,40.32691955566406,40.47383153922973,39.8274252720502,39.89353390269764,11996142
2018-02-15,41.12758255004883,41.12758255004883,40.2755030231805,40.71623310410666,10584695
2018-02-16,41.34794616699219,41.86213515916389,41.076164290515194,41.11289228542711,12294402
2018-02-20,40.38567352294922,41.237755763776555,40.36363731832016,41.2230639818257,14113416
2018-02-21,40.069820404052734,40.72357393256714,40.069820404052734,40.422405586871264,11244935
2018-02-22,40.084510803222656,40.45178775679058,39.97432977276852,40.10654700931349,11334958
2018-02-23,40.30488204956055,40.400374248488916,40.08451701789243,40.268154054850015,9499177
2018-02-26,41.17898941040039,41.27448158317531,40.400363183615866,40.400363183615866,12725026
2018-02-27,40.1947021484375,41.10554587149504,40.18001036281524,41.06881787573697,9734453
2018-02-28,39.827423095703125,40.52524910631736,39.82007867156424,40.44444869440961,11807606
2018-03-01,39.44546127319336,40.2608128362653,39.23978507375667,39.85681073547142,13648523
2018-03-02,39.93024826049805,39.98166802450275,39.0194048452302,39.28384221409713,9355706
2018-03-05,39.95964431762695,40.18735377435404,39.72458749997635,39.84211590880165,13743577
2018-03-06,39.88618469238281,40.18735011132361,39.533599498044644,40.02574929806732,9716951
2018-03-07,40.01105880737305,40.0918621532077,39.48218393536657,39.54829256021865,12817564
2018-03-08,40.22407531738281,40.268147729474464,39.930254342447434,40.04778273242158,7705001
2018-03-09,40.50320816040039,40.53993321339476,40.18000361397358,40.42240482134768,9240006
2018-03-12,40.66481018066406,41.23041301477445,40.576662415696944,40.936594962470096,11269039
2018-03-13,40.67216491699219,40.95129419307364,40.400380066272426,40.94394976771195,12272080
2018-03-14,40.60546112060547,41.07227404723424,40.242381108478526,40.95371791312628,11692222
2018-03-15,40.93891525268555,41.29458378215185,40.67216237444825,40.71662020006274,10560277
2018-03-16,41.25011444091797,41.38349085238059,40.81293900104978,40.894445985200676,22010620
2018-03-19,40.47950744628906,41.25753117900454,40.190525679253355,41.24271091760593,12391762
2018-03-20,40.486915588378906,40.70920765747208,40.2794408182237,40.56842258163724,8153440
2018-03-21,40.523963928222656,40.9611394079638,40.32390077391907,40.57583039799036,10489746
2018-03-22,40.10158920288086,40.73882757402775,40.03490249971674,40.190507769373276,13387990
2018-03-23,39.575504302978516,40.538770652089006,39.523634884466425,40.24979193226548,12408634
2018-03-26,40.04233169555664,40.13125030768177,39.24948764786851,40.04974330789422,10448770
2018-03-27,39.827449798583984,40.42763930046157,39.61997501921858,40.0052840542079,16956535
2018-03-28,40.820350646972656,41.00559352363132,40.02750675070723,40.049735658924305,13302788
2018-03-29,40.36094284057617,41.0574594844975,40.36094284057617,41.02041327944036,10218524
2018-04-02,39.471778869628906,40.49432355512772,39.24207519266459,40.30908066105235,14041104
2018-04-03,40.07937240600586,40.123830221541766,39.145743468379415,39.52364082498358,9688341
2018-04-04,40.412811279296875,40.52395877857454,39.568097986700195,39.619967412151325,9330030
2018-04-05,40.4054069519043,41.0352339616752,40.338717260296086,40.79812460328688,13074638
2018-04-06,39.5384635925293,40.44245503123817,39.197615381340185,40.22016001490752,13100838
2018-04-09,41.613189697265625,42.54681854503187,40.42762831525318,40.7536562141695,24352376
2018-04-10,41.85771560668945,42.08000765172313,41.52427605800167,41.9985006672866,13481891
2018-04-11,41.6428337097168,41.894766283039154,41.413133007745394,41.53909781326924,9445834
2018-04-12,42.042945861816406,42.37638531039988,41.598361905220884,41.93921000024728,12511967
2018-04-13,42.36157989501953,42.480136053279836,41.968865212772656,42.294893166851125,10536278
2018-04-16,43.45822525024414,43.90280935654896,42.361579320082825,42.80616638866231,23627998
2018-04-17,43.91763687133789,44.428910751636685,43.68793316902896,44.33999213832269,16070451
2018-04-18,43.65828323364258,44.17696561711178,43.41376230030621,44.021360309616156,11779730
2018-04-19,43.450809478759766,43.95467457742145,43.28779551954103,43.65828421417174,11041204
2018-04-20,43.59159851074219,43.91762942121925,43.46563370571392,43.61383038200567,10109951
2018-04-23,44.6437873840332,44.917945907782524,44.036186332906304,44.49559070519872,20767587
2018-04-24,44.52522659301758,45.19951430209541,44.288114301373746,44.7623388846614,13974975
2018-04-25,44.18437957763672,44.39926298228723,43.66569713180428,44.384445684381774,14057034
2018-04-26,44.021366119384766,44.525231273228215,43.79907406317134,44.32516812640866,14148105
2018-04-27,44.06582260131836,44.19919901590997,43.94726644663129,43.96949535535079,8034073
2018-04-30,43.621238708496094,44.443720184102354,43.621238708496094,44.199199224757855,13730267
2018-05-01,42.96177673339844,43.89540583552598,42.14670380177201,43.7175715797743,13756782
2018-05-02,42.45791244506836,42.976594961649766,42.250440623345824,42.739485577799044,10921837
2018-05-03,42.62833023071289,42.82839336575264,41.76879961490233,42.33934850105852,11864932
2018-05-04,42.79133987426758,42.90989601359103,42.10964355429481,42.32452692710286,9149983
2018-05-07,42.51718521118164,43.050687923204435,42.29489315507415,42.80616695771367,10513955
2018-05-08,42.057777404785156,42.54682225811301,41.68728870000499,42.50977309140755,10749546
2018-05-09,42.939544677734375,43.28039290239985,42.109651544990285,42.2133874460146,8684042
2018-05-10,43.02104949951172,43.51750303181908,42.924722252605115,43.07291596627129,8624097
2018-05-11,44.22883224487305,44.43630400023769,43.0729084460836,43.09513735113881,13344498
2018-05-14,44.22142791748047,44.51781830415023,44.03618503666485,44.2881176059028,9942062
2018-05-15,43.865753173828125,44.31034017132475,43.64346115621691,44.04358738037193,7148932
2018-05-16,44.27329635620117,44.465950843798076,43.799071748131595,43.954677067938746,8941222
2018-05-17,43.76944351196289,44.29553469714954,43.628655459471204,44.11770043125367,8222398
2018-05-18,43.82130432128906,44.05841664515444,42.598693531073884,43.68792789854609,10151242
2018-05-21,43.398948669433594,43.954680302627914,43.265572248030026,43.850944402547256,8882219
2018-05-22,43.310028076171875,43.821301866146186,43.27297890735929,43.55455199788003,9357068
2018-05-23,43.843528747558594,44.080641047174865,43.295208776401836,43.31002607342198,10375619
2018-05-24,43.81389236450195,44.02136415108467,43.57678005853624,43.90280799810181,7261382
2018-05-25,43.78425216674805,44.058413642819154,43.599009287204545,43.82130133511166,6985339
2018-05-29,43.272987365722656,43.63606751369078,42.99882583274017,43.40636380706351,9228269
2018-05-30,44.251075744628906,44.31035383175167,43.36190443778747,43.458231699646355,11572016
2018-05-31,44.11028289794922,44.369624113202626,43.94726596533385,44.1843782721112,12786019
2018-06-01,44.87349319458008,45.058739064199756,44.17697642672518,44.377039596094406,11556925
2018-06-04,45.95530319213867,46.33320048897566,45.332884986252466,45.60704344688007,20410534
2018-06-05,45.488502502441406,46.18501926321804,45.24398151175839,45.940498272535024,13098218
2018-06-06,45.88862609863281,45.896037710265006,45.36253497511472,45.577418391501276,7912190
2018-06-07,45.93307876586914,45.97012793065953,45.57741033861058,45.940487413917495,7910933
2018-06-08,46.37026596069336,46.42213243476784,45.91827018251184,45.947907744515106,10142754
2018-06-11,46.18500900268555,46.577726600311536,45.999766138377254,46.511039880106395,7542666
2018-06-12,46.26652908325195,46.3924939031144,45.94790678415725,46.21465964798654,8308230
2018-06-13,46.377662658691406,46.65182410737432,46.19982844567608,46.362842400371555,9873732
2018-06-14,45.96697998046875,46.5792736650351,45.713100436652134,46.347797803609915,12528211
2018-06-15,46.317935943603516,46.37020623595694,45.71310806216319,45.98938834929066,17246517
2018-06-18,45.54136276245117,45.81764303373199,45.2426817914946,45.81017712889603,9990270
2018-06-19,45.57124328613281,45.780318523382334,45.27256224351308,45.28749405676763,10501589
2018-06-20,45.757904052734375,45.907246021701184,45.392021005033996,45.59363027500504,12757094
2018-06-21,45.6832389831543,45.750441082398524,45.40695871098158,45.750441082398524,9336527
2018-06-22,45.899776458740234,46.23579289881805,45.71310198543817,45.75790338140385,12885998
2018-06-25,45.60857009887695,46.011788683288,45.28001952201639,45.85498079264637,11057238
2018-06-26,45.33974838256836,45.56375833930797,45.25761149793609,45.42188526720063,12571913
2018-06-27,44.712520599365234,45.608563425372985,44.65278441096471,45.32481429159485,10948770
2018-06-28,45.02613830566406,45.36215176810347,44.79465944604182,44.88426223998094,10691591
2018-06-29,45.3248176574707,45.89977888666895,45.06347218695656,45.19787936713086,14956951
2018-07-02,45.145606994628906,45.22027498841417,44.742385499384646,45.212809084585885,9546337
2018-07-03,45.33228302001953,45.77283703476416,45.21281064364243,45.354683717444296,5106590
2018-07-05,46.02671432495117,46.26565608082657,45.61602693184605,45.84750576916906,9517098
2018-07-06,46.44487762451172,46.67635352651978,46.13872774338612,46.14619663388191,8543191
2018-07-09,46.31045913696289,46.810749301097246,46.295524344782095,46.63900665393641,8724600
2018-07-10,46.5195426940918,46.765956361522505,46.377669605652486,46.58674777846739,11266524
2018-07-11,46.22084426879883,46.44485715190373,45.989368468823876,46.400052784182705,6055344
2018-07-12,46.788360595703125,46.9227648042716,46.40007381050148,46.62408679511848,8424453
2018-07-13,46.96010208129883,47.0721085778519,46.48221247227485,46.497147268848906,7705106
2018-07-16,46.736080169677734,47.00489449887079,46.541936819168015,46.989959706100635,4729938
2018-07-17,46.69129180908203,46.90036702555186,46.63902151238043,46.69129180908203,5292086
2018-07-18,46.99742889404297,47.02729848167055,46.5718096591074,46.74354933987917,6645578
2018-07-19,46.676353454589844,46.99743514587608,46.48221006468763,46.848096143375344,7631641
2018-07-20,46.683815002441406,46.6987468107253,46.30299418785034,46.34032967889525,7204686
2018-07-23,46.81075668334961,46.87795878101024,46.67634950286053,46.72115090130095,7266413
2018-07-24,47.3558464050293,47.37078119895992,46.90782646845205,46.96756265900686,9931058
2018-07-25,48.154823303222656,48.214559500876454,47.31105063080076,47.363320923185846,11023598
2018-07-26,47.79640579223633,48.68498284573139,47.781470996632436,48.24442876417684,11677235
2018-07-27,47.408111572265625,47.803864165105445,46.5792708983746,46.63154117890401,8815357
2018-07-30,48.39376449584961,48.46096957894358,47.43798540444926,47.63212877868191,10129130
2018-07-31,49.185272216796875,49.37194671031225,48.44603716264758,48.460971957975836,16184683
2018-08-01,48.90152359008789,49.38687904009822,48.87165400092255,49.06579737499381,7949604
2018-08-02,48.69990921020508,48.8567170835905,48.43856374961859,48.75964540077249,7226379
2018-08-03,49.23007583618164,49.29727794043534,48.51324145013639,48.684984141231105,7333066
2018-08-06,49.44661331176758,49.64075667829443,49.050860674296565,49.34954162850415,8600202
2018-08-07,49.715423583984375,50.021573421040145,49.30473914671585,49.34954054256921,8471298
2018-08-08,49.797550201416016,50.02156310481867,49.39433175155846,49.66314604157484,6821746
2018-08-09,49.2823371887207,49.93196636748737,49.13299522613776,49.93196636748737,7495086
2018-08-10,49.3346061706543,49.655687818961006,49.04339410995027,49.207667886262044,7796806
2018-08-13,49.819969177246094,49.94690747335073,49.33461072267673,49.37941510821478,9973606
2018-08-14,49.62582778930664,49.991710882309754,49.47648580184868,49.737831294732054,6912608
2018-08-15,50.30531311035156,50.45465506642336,49.63328326353075,49.82742661235712,11413873
2018-08-16,51.410438537597656,51.52244799963378,50.305317518365655,50.47706018586372,19378358
2018-08-17,51.567264556884766,51.70166878643998,51.29845012743721,51.358183350460486,8223761
2018-08-20,52.39609146118164,52.43342397135695,51.47018192327369,51.52245221378782,10919426
2018-08-21,51.649383544921875,52.45582062966036,51.58965033917681,52.42595701195553,10285701
2018-08-22,51.55231475830078,51.82112912509693,51.41044167005699,51.6568553371481,6176178
2018-08-23,51.50003433227539,51.664308087890696,51.32829765845114,51.42536932817853,5806654
2018-08-24,51.55231475830078,51.70912562657176,51.350708460955474,51.5224511389179,5194098
2018-08-27,51.514984130859375,51.8435317187596,51.17149876238626,51.776329617189454,5327822
2018-08-28,51.24617004394531,51.42538161948143,51.05949554841652,51.41044383882409,6219251
2018-08-29,51.38056182861328,51.44776988465441,50.97734334403924,51.059483206792535,5753206
2018-08-30,51.17897033691406,51.47764834966956,51.03709723604635,51.26857314370708,4972341
2018-08-31,51.2162971496582,51.33576953553131,50.895218470938,51.03709155601634,6018978
2018-09-04,50.738407135009766,51.08189248008121,50.72347532579013,51.0520228913064,6045178
2018-09-05,51.23869705200195,51.29096733944646,50.708543198832636,50.73840681708477,6664337
2018-09-06,51.80619812011719,51.92567051051173,51.38804176856838,51.50004526883331,10099995
2018-09-07,52.02273941040039,52.10487331607714,51.410439711011676,51.64191558925499,9971930
2018-09-10,51.940589904785156,52.709694353544634,51.91818921008673,52.269137407251634,7616759
2018-09-11,51.582191467285156,52.119814304743294,51.574722576240724,52.119814304743294,6094644
2018-09-12,52.164608001708984,52.28408635941773,51.61205343415234,51.82112861947126,6382320
2018-09-13,52.88890838623047,52.971048260176666,51.95553003667003,52.38861816401827,10750594
2018-09-14,52.61073684692383,53.18210108122338,52.370161799737694,53.18210108122338,7792928
2018-09-17,52.94154739379883,52.97162078959801,52.36266307725903,52.51302404518242,7018770
2018-09-18,52.94154739379883,53.302410110171465,52.55061128162701,52.934027542080905,7126819
2018-09-19,52.61073684692383,53.05429370894634,52.355122102369755,52.73853820813078,8325522
2018-09-20,53.21220016479492,53.24978740422811,52.66338920041787,52.88892465916296,6435454
2018-09-21,53.452754974365234,53.81361758202067,53.309913901193546,53.309913901193546,17850689
2018-09-24,53.21220016479492,53.60313029697742,53.09942642434938,53.317448041851634,6747862
2018-09-25,53.11445617675781,53.66326703830245,53.01672215925667,53.26481712846294,6770499
2018-09-26,52.873878479003906,53.4903499354197,52.76111077626238,53.3249553010416,7260963
2018-09-27,53.16707992553711,53.51290288045319,52.6859297177656,52.87387789060044,6315458
2018-09-28,53.33246994018555,53.5279379465517,53.1144483954749,53.16707532196902,7135622
2018-10-01,53.776039123535156,54.046687656418875,53.08438710489663,53.43021611975207,7994668
2018-10-02,53.94142150878906,54.257177056812914,53.44523765393499,54.10681612707375,10894589
2018-10-03,53.65574645996094,54.44513242910296,53.64071276942299,54.19704347433202,10037325
2018-10-04,53.54297637939453,53.64823024170904,52.971612009279255,53.467795907894384,10837054
2018-10-05,53.40013122558594,53.896315086464426,53.06182213510072,53.550492157150714,7790308
2018-10-08,53.72340393066406,53.90383826188766,53.29488065923124,53.324954049613744,9279830
2018-10-09,54.38498306274414,54.62555813976978,53.35502214130391,53.723398595388225,8249122
2018-10-10,52.96409225463867,54.798478931561,52.91898517387127,54.49023719453123,13259191
2018-10-11,51.40034484863281,53.02422952018011,50.986855334378106,52.9039419893644,13491952
2018-10-12,52.482940673828125,52.67088884247236,51.437945970851914,51.6484476792906,10648938
2018-10-15,52.219810485839844,52.78366098611113,51.821360620581295,52.016822622642245,6896783
2018-10-16,53.54297637939453,53.6106370004232,52.43783486937829,52.51301534087844,10719992
2018-10-17,53.994056701660156,54.084270868886826,53.227224258089656,53.44524583626871,9793036
2018-10-18,54.28725051879883,54.43009159892399,53.69333265991375,54.242143442029935,12812848
2018-10-19,54.392513275146484,54.6255685469568,54.08427151498654,54.35492003097167,15210043
2018-10-22,54.55789566040039,55.24954748042497,54.01659875007115,54.8586114908617,12486186
2018-10-23,54.20455551147461,54.44513061851207,53.54297697265739,54.24966860373177,12116871
2018-10-24,53.03175735473633,54.61053537029305,52.798702080730926,53.994057855238694,15348170
2018-10-25,52.5957145690918,53.05431128036804,49.69377935544848,50.32529056623414,21553692
2018-10-26,52.926513671875,53.21219590412638,51.78377873179698,52.4528772242881,17764229
2018-10-29,53.71590042114258,54.90373645342682,53.03928206831284,53.65575362881111,19743901
2018-10-30,54.7834358215332,54.851102449545074,53.75347484524584,53.896315929144414,19845976
2018-10-31,55.33978271484375,56.00136741165849,54.70827141585535,55.18942173678501,16624529
2018-11-01,54.971378326416016,55.66303614682289,54.633075276526405,55.48260184247789,14507988
2018-11-02,54.332366943359375,55.40743515417097,53.84370285357521,55.30970113399973,13517838
2018-11-05,54.971378326416016,55.30968738737617,52.71598859406201,54.09929822380522,12922364
2018-11-06,55.114234924316406,55.48261142372324,54.693225482188,54.836066576054236,10737913
2018-11-07,56.444915771484375,56.63286395951561,55.5126886713205,55.70815671041602,19566684
2018-11-08,56.74562454223633,56.903499300527876,56.099079799353255,56.30206163144239,13634690
2018-11-09,56.27952194213867,57.12905473720931,56.23441485724247,57.03132071624351,15359802
2018-11-12,56.151695251464844,56.58773827053678,55.655511476867474,56.48249044559977,14679022
2018-11-13,56.091575622558594,56.587759584041244,55.64049874747689,56.55017234906455,16587430
2018-11-14,55.70061492919922,56.35467941533357,55.39237930085626,56.34715956722996,9936193
2018-11-15,56.26448440551758,56.28703794642428,54.97890852954911,55.25707688216062,12549171
2018-11-16,57.18167495727539,57.32451604636066,56.046460083812065,56.18930117289733,14384010
2018-11-19,57.39969253540039,57.59516056128857,56.82832815884821,57.30196453352788,17210675
2018-11-20,56.219383239746094,57.40721921535424,56.12164921517517,57.14409053637226,14240014
2018-11-21,56.22689437866211,56.43739610951952,55.76829767257188,56.324628398537335,9489116
2018-11-23,56.13666915893555,56.61029946289491,55.640485317219586,55.73069946824597,3690846
2018-11-26,56.715553283691406,56.94860851074551,56.22688328076749,56.37724420644729,11407061
2018-11-27,57.39216613769531,57.52748735166697,56.43737975777217,56.43737975777217,15325533
2018-11-28,58.06128692626953,58.15902095577865,57.339561482697256,57.73801144149185,12625675
2018-11-29,58.57249069213867,59.00101390140194,57.971053027101476,58.03119378806991,11429174
2018-11-30,59.647560119628906,59.76032780616129,58.42964506079628,58.5198652210929,22380669
2018-12-03,59.557342529296875,59.827984961337414,58.85065104202683,59.782877889330656,13183106
2018-12-04,58.79802322387695,60.28658062166953,58.71532893014974,59.61748237866088,15482942
2018-12-06,58.9183235168457,58.9183235168457,57.001242515085174,57.85828907797304,17329518
2018-12-07,57.677860260009766,58.86569608145348,57.21174374093054,58.80555531086957,13228799
2018-12-10,58.20410919189453,58.47475764833734,57.031307228736594,58.22666272900888,16163618
2018-12-11,57.9710693359375,58.87322308175836,57.542539995046724,58.58002101049129,13867660
2018-12-12,58.64766311645508,59.21151353781046,58.42964159471183,58.46723482870638,11219678
2018-12-13,59.399471282958984,59.45209821242201,58.640158764073824,58.82810693123777,11272498
2018-12-14,57.900482177734375,59.07393912655445,57.71121649004315,58.92252415511785,13896375
2018-12-17,56.95414352416992,58.21088043140735,56.67403129536944,57.514374034979504,15831822
2018-12-18,56.27277374267578,57.370516788200014,55.68983174402611,57.23424699106388,16163828
2018-12-19,55.84882736206055,56.96928837829391,55.31888105651443,56.53776119119566,19765594
2018-12-20,55.6368522644043,56.12137531197918,54.99334774012277,55.60656806062866,20321454
2018-12-21,55.190181732177734,56.36363867458511,54.67538051724107,55.22803850143453,37919994
2018-12-24,53.86530303955078,55.190168583723555,53.66846483529525,54.91005640271842,11565833
2018-12-26,56.0229606628418,56.04567230418476,53.7290485679468,53.7290485679468,14074011
2018-12-27,57.06769943237305,57.06769943237305,55.0841843222383,55.477854687190735,13577154
2018-12-28,57.06012725830078,57.97617735048633,56.651311764813336,57.446231116217135,13180696
2018-12-31,57.84749221801758,58.067042132975715,57.27969509717424,57.40082587600598,9687502
2019-01-02,57.22669219970703,57.529522136101505,56.47719597630233,56.999575800620114,15120125
2019-01-03,56.053245544433594,57.51438133246739,55.909403129791876,57.203984861567335,13910628
2019-01-04,57.74150466918945,57.91563129300538,56.50748527878541,56.583192769714486,14753115
2019-01-07,57.10554504394531,57.89289780999833,57.09040597275475,57.6506363517062,15795142
2019-01-08,57.52951431274414,57.69606833382808,56.9995680493294,57.43866171225536,11896686
2019-01-09,57.090415954589844,57.7717771818183,57.022281042508645,57.45380820556447,11916284
2019-01-10,56.38636779785156,57.2948457967685,55.62173224964999,57.2948457967685,19134070
2019-01-11,56.70432662963867,56.73461083829985,56.1365234433832,56.55291163954257,9878029
2019-01-14,55.54599380493164,56.3560521966018,55.34158303975443,56.24249402328532,15669486
2019-01-15,56.401493072509766,56.696750468509244,55.34160031547421,55.34160031547421,13102096
2019-01-16,56.48479080200195,57.362990699804215,56.37879907184951,56.583209964797426,15272504
2019-01-17,57.23426055908203,57.36296387791475,56.257641955133586,56.257641955133586,16969321
2019-01-18,57.43867111206055,57.78692433790538,57.13584722049864,57.643081930101886,14980741
2019-01-22,57.40840530395508,57.688517615209086,57.052579437019496,57.211567008172096,10568766
2019-01-23,57.11312484741211,57.31752957383315,56.58317859685807,57.1964048825371,14369233
2019-01-24,55.394588470458984,56.90115339474738,54.79650724974681,56.90115339474738,21986621
2019-01-25,55.228050231933594,55.901839125086084,54.59968462897,55.886700046093225,14054099
2019-01-28,55.20532989501953,55.31888810261257,54.546680184561204,54.88736086054967,13376672
2019-01-29,55.44002151489258,55.780702207102564,54.99335517495236,55.19018739308268,11966693
2019-01-30,55.54599380493164,55.87910181546503,55.281020698388154,55.614128708921534,13941230
2019-01-31,56.348487854003906,56.64374520090596,55.34916367662397,55.37944787832868,16797658
2019-02-01,57.87775802612305,58.665110864827035,57.02984284386139,57.514365805153766,15941757
2019-02-04,58.19575119018555,58.21089632228236,57.29483979920525,57.49925065683004,11824165
2019-02-05,58.40772247314453,59.33891797805499,58.339587545441006,58.58184910163775,12955690
2019-02-06,58.589412689208984,58.839240719173965,58.01404309470833,58.17302456832241,8375721
2019-02-07,58.15789031982422,58.39257929427699,57.62037139479181,58.24873688371443,9661407
2019-02-08,58.68784713745117,58.70298621639403,57.96863495648518,58.1049048266018,9266940
2019-02-11,58.07460403442383,58.93009189446342,57.696072690035486,58.89980769201396,13803942
2019-02-12,59.44490051269531,59.75530303355043,58.37744126148689,58.51371110975792,13676086
2019-02-13,59.823429107666016,59.93698729775924,59.391901932103345,59.47517592043557,10980106
2019-02-14,59.76286697387695,60.22467839964934,59.57360128612954,59.9067093808217,8577042
2019-02-15,60.4215087890625,60.66377029062299,60.012693261830215,60.30795060183361,10886100
2019-02-19,59.9900016784668,60.663790569946514,59.86887088719369,60.40638990844503,9653547
2019-02-20,60.133819580078125,60.217099613379496,59.6644356854504,59.80827806307364,8993517
2019-02-21,60.43666076660156,60.588075750707084,59.92185950577811,59.94457114807298,7740633
2019-02-22,61.14830017089844,61.21643509089869,60.391231380074736,60.391231380074736,8337469
2019-02-25,60.853050231933594,61.31486170596545,60.557798875862474,61.216442569538515,9741265
2019-02-26,61.12558364868164,61.398129360122866,60.565353151411315,60.959029617581024,8927912
2019-02-27,61.034732818603516,61.54196744015637,60.89089043576948,60.97416441887968,7852978
2019-02-28,61.54197311401367,61.89779282226978,60.96660352963139,60.96660352963139,11588365
2019-03-01,61.81451416015625,62.02649753026434,61.4511279330195,61.897794206014254,10624205
2019-03-04,61.60253143310547,62.17033446955766,60.966599538257185,62.10219955795337,8522755
2019-03-05,61.852386474609375,62.10222062177202,61.488994102922916,61.68583239423769,8698190
2019-03-06,61.140743255615234,61.89781224021256,60.79249600207624,61.776681444805405,8167169
2019-03-07,60.9060173034668,61.40567926161939,60.59562096340807,61.34511692724036,10925505
2019-03-08,60.4139518737793,61.01960578455545,59.846154737357196,60.72435442128508,11716326
2019-03-11,61.22401428222656,61.34514505974126,60.61836039465304,60.83791030722404,9126613
2019-03-12,61.496559143066406,61.74638720644505,61.15587845797691,61.45113585881574,9261281
2019-03-13,61.776668548583984,62.08706501204086,61.4662720851271,61.78424111334439,8059749
2019-03-14,62.11203384399414,62.317825664383555,61.68519620752607,61.97483320278273,8530406
2019-03-15,62.17300796508789,62.432155255149034,61.586110016336434,62.11965249805863,17341046
2019-03-18,62.00532531738281,62.371183551001565,61.67757465018282,61.94434589797033,14357914
2019-03-19,62.432151794433594,62.50075515925997,61.70805933713183,62.15013876189023,10224393
2019-03-20,62.56175231933594,63.049563443675,62.02820966387599,62.38644405384774,11894590
2019-03-21,63.22488021850586,63.3925645532799,62.38645245034765,62.57700864804762,9473291
2019-03-22,62.721797943115234,63.605956921837354,62.516006101417624,63.19436714415638,10639191
2019-03-25,62.76753616333008,63.07241500021496,62.43978547175014,62.554114273796245,7878654
2019-03-26,63.20198440551758,63.62119809031492,62.93521316869838,63.08003166599209,9242731
2019-03-27,62.721797943115234,63.308695945099494,62.355945780097265,63.20199109564784,10020766
2019-03-28,62.98094940185547,63.1867412371843,62.63795691535517,63.102902150515895,7161298
2019-03-29,63.392513275146484,63.491600223855464,63.04189698059425,63.26293662815404,10147994
2019-04-01,63.49162292480469,63.910836619669105,63.21722773071167,63.819367492114594,8820282
2019-04-02,63.42302322387695,63.81174719468756,63.1867356045892,63.6135732339943,5875088
2019-04-03,63.40015411376953,63.766012307790504,63.072403482042844,63.46875138247008,6550734
2019-04-04,62.38642883300781,63.41540631504276,61.89861782768331,63.2705878037299,10257719
2019-04-05,61.85288619995117,62.62271636942331,61.822396488600084,62.47789785836277,10324162
2019-04-08,61.70042419433594,61.93671176460741,61.243103046065485,61.7080481433303,10586267
2019-04-09,61.58613586425781,61.7233304705268,61.174545951163076,61.41082758227781,10785282
2019-04-10,61.60136413574219,61.98246420564334,61.47178743049004,61.63184775344849,6894268
2019-04-11,60.854400634765625,61.68520416273992,60.51140812893088,61.68520416273992,10410518
2019-04-12,60.54188537597656,61.3117093205358,60.44279840161333,60.983964785553326,10164762
2019-04-15,59.85591125488281,60.58762776884038,59.81017973454618,60.45043320783049,13822491
2019-04-16,59.11659240722656,60.435201174616495,59.00988143556256,60.389469642271166,12531250
2019-04-17,56.34214401245117,59.162305059495,56.212573410250876,59.15468110844131,34181463
2019-04-18,55.78573226928711,56.441227473251224,55.05401584240367,56.00677198746763,32768445
2019-04-22,55.991539001464844,56.2583102765669,55.442748547703694,55.76287529668336,14548441
2019-04-23,56.86043930053711,57.355874186236626,55.945796843860144,56.174454410886966,19281523
2019-04-24,56.959529876708984,57.24916687610045,56.387879828736935,56.959529876708984,12779102
2019-04-25,58.18668746948242,58.55254573327722,56.753744126524275,56.84520716890151,13994154
2019-04-26,58.40773010253906,58.68211924322141,57.99614029722937,58.41534796025612,8888193
2019-04-29,58.522056579589844,58.826935421852326,58.29339287717853,58.37723806301513,7395317
2019-04-30,59.99311828613281,60.137936814018424,57.92753913425949,59.11658316652419,11269039
2019-05-01,60.0007438659668,60.77057422395185,59.779704069544074,59.97787810042563,15288643
2019-05-02,60.61050033569336,60.8467819153961,59.91689740698044,59.91689740698044,11579142
2019-05-03,60.97635269165039,61.083063636877974,60.40470258466624,60.62574233243348,7942582
2019-05-06,60.57999801635742,60.816279523129815,59.680591312055675,59.855899501780335,9906534
2019-05-07,59.37572479248047,60.435185910903364,59.00986653183287,60.13030707417328,10523387
2019-05-08,59.58914566040039,59.993117618957726,59.37572984709282,59.70347447212118,10567508
2019-05-09,59.70347595214844,59.84067662390087,58.87267844066712,59.20804702621931,8105861
2019-05-10,59.59677505493164,59.703479924186446,58.544931608188065,59.51292985582217,9027158
2019-05-13,58.81931686401367,59.09371208478254,58.552545594853505,58.552545594853505,9641705
2019-05-14,59.00984573364258,59.51289837937349,58.964114228965556,59.16228814542177,8113826
2019-05-15,59.10894775390625,59.36047718800781,58.53729161120774,58.59064707835477,7284543
2019-05-16,60.313232421875,60.892512564884136,59.246147364903344,59.276637076490296,9910831
2019-05-17,60.0007438659668,60.267515193471844,59.337624476698636,59.76446225727903,8259707
2019-05-20,60.122676849365234,60.419937797803556,59.64248983683267,59.72632891811413,8281191
2019-05-21,60.59524154663086,60.77054974134491,59.85590120532083,60.27511486373667,10873734
2019-05-22,61.72330856323242,61.852885263799095,60.45043169430388,60.4809214051935,13491847
2019-05-23,61.753787994384766,61.88336467338169,61.28884283428539,61.43366131904711,9831498
2019-05-24,61.86812210083008,62.45501388834322,61.82238449553334,61.96720907278472,6071588
2019-05-28,61.17451095581055,62.45501149799749,61.151645201179576,62.02818001536327,13779733
2019-05-29,60.48854446411133,61.258374688136044,60.02359918663117,61.06781854940263,11278890
2019-05-30,60.73243713378906,60.839148061358856,60.35896107586447,60.640974106892,7483768
2019-05-31,60.37418746948242,60.915353730945135,60.06168481117225,60.465650473030124,7142749
2019-06-03,61.17451095581055,61.67756365197608,60.610478851106244,60.709565819268526,9218103
2019-06-04,61.799530029296875,61.99008615237043,61.060195673828275,61.54800667278248,9368806
2019-06-05,62.264488220214844,62.70656779175984,61.799542884230405,62.02820662291168,9821961
2019-06-06,62.07392883300781,62.83613508656643,62.06630488124357,62.62271928574153,11393961
2019-06-07,62.851383209228516,63.17150998976559,62.36357213303615,62.36357213303615,8797436
2019-06-10,62.86660385131836,63.01904017580742,62.233968422838785,63.01904017580742,7536273
2019-06-11,63.24771499633789,63.5754656452705,62.8437431245306,63.17911772403619,7789679
2019-06-12,63.80414581298828,64.23097749908774,63.36969017361615,63.36969017361615,11057762
2019-06-13,63.186737060546875,64.16235898534177,62.90472401416061,64.07089595346353,10194001
2019-06-14,63.51667404174805,63.96938091299596,63.27113956733945,63.462962225160986,7989952
2019-06-17,63.91566848754883,63.93868696086864,63.32485078069456,63.45529288616517,6427279
2019-06-18,64.8287582397461,64.96686909518246,63.86196384672676,63.86196384672676,11425086
2019-06-19,65.49629211425781,65.64975269140136,64.61390299816364,64.64459634058984,9825419
2019-06-20,64.91315460205078,66.37101793439616,64.69831345743833,65.97202285512446,12490483
2019-06-21,64.89014434814453,65.04360495730478,64.17655926403704,64.79039556568925,15034294
2019-06-24,65.61141204833984,66.01040722526058,65.02059415481939,65.19707326268737,7891440
2019-06-25,65.40422821044922,66.18686868442308,65.07429466768964,65.64208784685621,9348894
2019-06-26,64.09984588623047,65.37355578163235,63.75456249193571,65.35821217066007,12604401
2019-06-27,64.32233428955078,64.98220743705342,63.992400783293334,64.19956704966685,11721670
2019-06-28,64.33769226074219,64.80574280612223,63.6701441581521,64.42976616868881,46684837
2019-07-01,65.02825164794922,65.16636249459357,64.36837235401414,64.70598687079121,10260863
2019-07-02,65.61141204833984,65.61141204833984,64.5295250555291,64.80575295762726,10381593
2019-07-03,66.67794799804688,66.80839014218809,65.97971258703191,66.03342441903062,6533232
2019-07-05,65.6804428100586,66.60119395775202,65.59603765627622,66.50912006998011,8767358
2019-07-08,64.48348999023438,65.60373910530589,64.06915119239984,65.2277623979234,13693273
2019-07-09,65.1126480102539,65.38120095772665,64.52183029881635,64.63692266630822,8490791
2019-07-10,65.08196258544922,65.3044786129976,64.72133570010737,65.0666189795794,5996132
2019-07-11,62.15089797973633,64.19957303537906,61.21479692146958,64.06913704864513,22146126
2019-07-12,61.17643356323242,62.07416638579916,60.33240642732426,62.03580430461615,18910636
2019-07-15,62.12019729614258,62.358056900317514,61.47566776903701,61.84396947952768,10922570
2019-07-16,62.60360336303711,62.74938910125534,62.06649736591851,62.39643706214273,8448662
2019-07-17,62.8568000793457,63.17906483962862,62.595922004348836,62.88749342198873,9848999
2019-07-18,63.4476318359375,63.654798140937594,62.61127947485191,63.23279065982999,8472661
2019-07-19,62.45014572143555,63.54737613789933,62.265991772769674,63.45530223106063,12053782
2019-07-22,62.31201171875,62.780062130748355,62.18924449814366,62.67264464708455,7261697
2019-07-23,62.94118881225586,63.24810375362864,62.06646865262227,62.519175399755596,7420469
2019-07-24,62.72637939453125,63.15606793330359,62.24298515652829,62.91820825031636,7720197
2019-07-25,62.72637939453125,63.73153609569003,62.18927332230805,62.496194583572525,9670106
2019-07-26,62.480831146240234,62.634291743240105,62.08184218302417,62.595929661484284,7638977
2019-07-29,63.294166564941406,63.53203233686299,62.61894973687761,62.99492636863357,11123682
2019-07-30,63.892662048339844,65.35051941647184,63.54737874852148,64.445111647056,14286965
2019-07-31,63.67781448364258,64.95152390261835,63.562715971936214,63.608752922623516,12443428
2019-08-01,64.21490478515625,64.836409603085,63.40924607433211,63.731504650672484,10550006
2019-08-02,64.81340789794922,65.04359878986286,64.10749775173085,64.36070711933704,10913767
2019-08-05,63.77756118774414,64.7136560463555,63.04095773064845,64.33768558293376,11885578
2019-08-06,64.7213363647461,64.82108514139517,63.762216815806404,63.77756655682221,11025274
2019-08-07,64.64459991455078,64.98220829494171,63.532026006218686,64.61390657042766,11509660
2019-08-08,65.01289367675781,65.25842812969591,64.69830380924095,65.02824341443338,8699762
2019-08-09,65.61905670166016,66.07176354547352,64.99755181878132,65.2967980916423,8968260
2019-08-12,65.23543548583984,65.93367704688355,64.85179005185334,65.39657098530662,8761909
2019-08-13,66.04874420166016,66.59352492686038,65.57301889198098,65.57301889198098,8413658
2019-08-14,63.992408752441406,65.86460479258014,63.95404053426897,65.50397789769492,11411148
2019-08-15,64.0384292602539,64.33767551819633,63.601072176332025,64.08446620224706,9543612
2019-08-16,65.26610565185547,65.49629037647591,64.56786433886967,64.79805519847744,9156271
2019-08-19,66.13314819335938,66.39403240715166,65.56535508860735,65.67277258694449,7655221
2019-08-20,65.71881103515625,66.54749450761597,65.66509921726704,65.99503885930949,6176598
2019-08-21,66.68562316894531,66.9465013234088,66.08713041254215,66.2098976855231,6486072
2019-08-22,66.53982543945312,66.90812719210666,66.17919855716372,66.56284391555721,6588776
2019-08-23,65.17401885986328,66.70860588182603,64.82106083866866,66.15615038212889,10608694
2019-08-26,65.89530181884766,65.91065156096896,65.28146550871678,65.51165642563667,6041825
2019-08-27,65.61905670166016,66.6932745633396,65.56535102331534,66.30962313595865,6527049
2019-08-28,66.35565948486328,66.42472103566327,65.25075442689705,65.41956473442235,6159934
2019-08-29,66.53982543945312,67.02321957262706,66.12548673459143,66.80837841732624,6321012
2019-08-30,66.34800720214844,66.92347527826533,66.11781629070845,66.84674497445201,6795127
2019-09-03,66.48611450195312,66.76234235386754,66.0180639682884,66.171524567684,6695882
2019-09-04,66.02571868896484,66.88508919433302,65.54232469687854,66.86207072494732,7868070
2019-09-05,66.06409454345703,66.49378295328607,65.60371892470204,66.4784332138353,7524954
2019-09-06,66.42472839355469,66.70095008740303,66.22523085800565,66.40170991906733,7047695
2019-09-09,64.04609680175781,66.38634251693455,63.624083368451544,66.37099891635452,12040786
2019-09-10,62.68033981323242,63.21744586301257,60.50122226227,63.21744586301257,18087432
2019-09-11,63.62409591674805,63.769881623462815,62.62660830766025,62.81076222587163,10602197
2019-09-12,63.9233512878418,64.51416906799778,63.52435618747914,64.0537872745078,8416698
2019-09-13,63.8074951171875,64.54898773930317,63.42901984251347,64.08555253457088,7521496
2019-09-16,63.35948181152344,63.683882010579765,63.096863892229514,63.683882010579765,6191270
2019-09-17,63.73025894165039,64.49492923962329,63.43674975412143,63.43674975412143,7375405
2019-09-18,64.12417602539062,64.3249993893536,63.629843491254114,63.853838306769724,6943734
2019-09-19,64.85792541503906,65.11281746538242,64.01601523736701,64.1241527558782,6922774
2019-09-20,65.77709197998047,66.32548705316648,65.12827906078437,65.45268552038242,23631247
2019-09-23,65.15917205810547,65.82343050717392,65.14372030939481,65.58398398398867,8909572
2019-09-24,64.5721435546875,65.56080837911774,64.40994343382374,65.30592247490328,9377085
2019-09-25,64.18595886230469,64.90428614881553,64.07010161472535,64.47174830734635,7290936
2019-09-26,64.78844451904297,64.95064470475378,64.1396314246778,64.58762112432227,8104918
2019-09-27,64.03919982910156,64.87338430508186,63.784307726423506,64.78842438802853,7827093
2019-09-30,65.02014923095703,65.73075688190171,64.27093072836712,64.27093072836712,9806974
2019-10-01,64.57988739013672,65.3445576669746,64.52581860955785,65.02015115926153,7050001
2019-10-02,63.04280471801758,64.27091607561061,62.20862029925301,64.16277854231355,8762433
2019-10-03,63.90789794921875,64.01603550196141,63.05054192996955,63.282262610521094,5790095
2019-10-04,65.65350341796875,65.74618920566726,64.2322945783035,64.43311790215613,7504518
2019-10-07,65.18233489990234,65.73845573761147,64.8424829337602,65.67666727820294,5086154
2019-10-08,64.33270263671875,65.19778435021895,64.17050251733177,64.71890369009465,6416694
2019-10-09,65.02014923095703,65.25959579845362,64.51809699588874,65.012429530932,4660875
2019-10-10,64.69574737548828,65.53765792063506,64.56444453228002,64.98926274302315,8580290
2019-10-11,65.14373016357422,65.99336649538142,65.0819416866616,65.11283901299781,6229626
2019-10-14,65.4140625,65.7384689604818,65.10510778929691,65.1668962611338,5513214
2019-10-15,65.68441009521484,65.73075917578267,65.33683830915797,65.57627870925056,5205102
2019-10-16,65.22869873046875,65.72303126747782,65.20552727878146,65.69985981579052,5686134
2019-10-17,64.72663879394531,65.38317765307023,64.68029589166166,65.20552574380962,7178486
2019-10-18,65.4063491821289,65.58399491584125,64.61850749084839,64.65712451754413,7883056
2019-10-21,65.28275299072266,65.6998452040924,64.94290099105228,65.63033086449056,5352136
2019-10-22,62.7956428527832,63.86154170361248,61.98462372820498,63.336318151996394,18629038
2019-10-23,64.00831604003906,64.00831604003906,62.68752470310614,62.78793639049687,8511961
2019-10-24,63.78432083129883,64.6030599021459,63.367228507614534,64.19369345460251,5232769
2019-10-25,63.537132263183594,63.99284763194447,63.35948658034413,63.54485813661423,7868384
2019-10-28,63.49079895019531,64.47174416927064,62.05414446938432,63.90017149163279,15557665
2019-10-29,65.73075866699219,66.24826266768476,63.87701161023667,64.9197393118565,17371019
2019-10-30,66.59584045410156,66.8043897186806,65.12829442840007,65.65352435243253,10026845
2019-10-31,66.93569946289062,67.19058546307409,66.04744596123365,66.5031553514628,12419429
2019-11-01,65.60716247558594,67.3836689461901,65.4912990617577,67.2523599592056,9281298
2019-11-04,64.80388641357422,66.1941983436819,64.7884408363048,66.10923222929861,8947195
2019-11-05,64.04691314697266,64.6880000394976,63.900158613780576,64.62620540670208,9937974
2019-11-06,64.30181121826172,64.85021244135126,64.20912542724912,64.54125774605626,9735606
2019-11-07,64.01604461669922,64.87340075802057,63.85384444025054,64.28638236128741,9251325
2019-11-08,64.56442260742188,64.65710838897935,63.884712465897515,64.03919288566556,6653123
2019-11-11,64.32498931884766,64.6030466939477,64.07781691471588,64.2322973513886,3725221
2019-11-12,64.97380828857422,65.5144837431245,64.5567159715143,64.5567159715143,8616656
2019-11-13,65.51446533203125,65.73846009176978,64.96607033133475,65.30592231998685,6516883
2019-11-14,65.30592346191406,65.7925300076182,64.649384743154,65.59170669015082,7911247
2019-11-15,65.57624816894531,66.11692337424306,65.37542489113346,65.41404190190157,9675870
2019-11-18,64.98152923583984,65.51447877394848,64.76526030557545,65.39089564583172,10701757
2019-11-19,65.38316345214844,65.61487791323941,64.85793371407796,65.19005983356121,9691380
2019-11-20,65.86204528808594,66.02425158947943,65.22868418221454,65.29047264767968,8160147
2019-11-21,66.00880432128906,66.24825085258415,65.08965374495277,66.19418208178335,7195568
2019-11-22,66.00109100341797,66.7039665645051,65.90067932672557,66.15556528037885,7800159
2019-11-25,66.1941909790039,66.88162099106019,65.91612738876724,66.4568028179297,9021289
2019-11-26,67.46092224121094,67.53815629772346,66.35639371304782,66.42590806936518,19233420
2019-11-27,67.66944885253906,67.87027217245453,67.19056199922073,67.50724872724662,6037318
2019-11-29,67.33734130859375,67.79305688298489,67.22148403364724,67.32962160743793,4880222
2019-12-02,67.22920989990234,67.96298293404874,66.85073456745587,67.61540493350341,5597997
2019-12-03,67.49179077148438,67.5613051045018,66.81208683652554,66.95111550256037,7466162
2019-12-04,68.48818969726562,68.53453259155468,67.33731851130513,67.60765617849715,7293766
2019-12-05,68.54996490478516,68.58086222025433,67.94750121980314,68.53451933492939,8267462
2019-12-06,68.62721252441406,68.92844748734841,68.54997231527,68.743069750251,7245872
2019-12-09,68.52681732177734,68.74308625384681,68.12517060810563,68.66585220191898,8054823
2019-12-10,68.8203125,69.1524447940048,68.36460327771265,68.43411761578103,8663711
2019-12-11,68.72762298583984,69.12154372260657,68.6272113332712,68.85120608317368,6821746
2019-12-12,69.183349609375,69.48458461606612,68.67356539012569,68.77397705902271,6863876
2019-12-13,69.36222076416016,69.67329398416028,68.7789499267633,69.3699933974382,7571800
2019-12-16,69.43997955322266,69.99214116460331,69.3544370663955,69.71994978433352,10355183
2019-12-17,69.23001098632812,69.56441454046846,68.84116790901892,69.47109319681131,11690545
2019-12-18,69.69660186767578,69.9921235078119,69.31553154418755,69.48662891089178,11578199
2019-12-19,69.98438262939453,70.06214628104516,69.59553328060417,69.90661275963646,7602716
2019-12-20,71.22090148925781,72.04525455705715,70.64540949029954,71.12757392486235,17849641
2019-12-23,71.34532165527344,71.56307350433744,71.1120121053511,71.41531265481838,7895946
2019-12-24,71.11201477050781,71.33754547845349,70.82427191111476,71.2675544762854,2343223
2019-12-26,71.03425598144531,71.32977773758759,70.82428294223705,71.23645638682835,3062675
2019-12-27,71.15869140625,71.31423114692987,70.97982754438638,71.29867966010488,3758966
2019-12-30,70.79318237304688,71.30645608283065,70.5598727496318,71.18202552729751,3932934
2019-12-31,70.73094940185547,70.76205858885115,70.33432747650679,70.70761906613534,4710760
2020-01-02,71.57865142822266,71.65642130692494,70.27991248640821,70.83206805441054,8251428
2020-01-03,70.96424102783203,71.60194500035995,70.38874919545331,70.5209585431647,5903698
2020-01-06,71.26753997802734,71.34530981509509,70.76203914613941,70.94868799872297,7522963
2020-01-07,69.37000274658203,70.86316932727583,69.30779058144019,70.61430823049352,11132275
2020-01-08,68.90337371826172,69.60329616742894,68.75561286504696,69.28444412723422,15200506
2020-01-09,69.50997161865234,70.03102400612562,69.04335252871047,69.17556189267124,9714750
2020-01-10,69.62664031982422,70.07770181961332,69.56442193869809,69.77440120236473,5945304
2020-01-13,69.61109161376953,69.70441919752272,69.23002729801584,69.61887046694264,10261492
2020-01-14,69.93769836425781,69.93769836425781,69.1133516293824,69.42442481305325,8625669
2020-01-15,71.18978881835938,71.24422834040007,70.06213521218238,70.06991406336147,9614038
2020-01-16,70.9098129272461,71.59418388762248,70.80871274239624,71.43864418506794,7252474
2020-01-17,70.74652099609375,71.25979470082876,70.66097226958404,70.98760325190914,10131226
2020-01-21,69.96880340576172,70.74649564605674,69.76660305019868,70.55207414050938,10022129
2020-01-22,69.7199478149414,70.34987926262053,69.69661748118337,70.12434855755546,7800474
2020-01-23,68.87226104736328,69.72772315706307,68.63895772152203,69.72772315706307,13198093
2020-01-24,66.86582946777344,69.08224864082901,66.5547500380993,68.92670892599195,14954960
2020-01-27,66.95915222167969,67.27800429114612,65.87816548240767,66.18146606730497,10847534
2020-01-28,67.07581329345703,67.4335472003281,66.80362188292403,67.22357416722905,9496347
2020-01-29,67.84571838378906,68.56119232634589,67.21578692689448,67.34799629886152,8511227
2020-01-30,67.2702407836914,67.76018412230948,67.03693117486462,67.62020208787787,11016471
2020-01-31,66.44588470458984,67.40244100067484,66.10370226784921,67.17691025416235,9621583
2020-02-03,67.9234848022461,68.60784952536326,66.91248298204236,66.91248298204236,9729318
2020-02-04,68.71672821044922,69.36998374700357,68.48341866432611,68.77116150824943,15091305
2020-02-05,66.74917602539062,67.45687113840197,65.32600073029361,65.85483201588981,29290133
2020-02-06,66.63253021240234,67.06026138537776,66.3059054660214,66.89694901218728,16110170
2020-02-07,66.16590118408203,66.83471443767783,65.97147966658763,66.79583262142133,11419427
2020-02-10,66.61695861816406,66.86581963807664,66.05702443241353,66.16589724230931,10590983
2020-02-11,66.2981185913086,66.88138321451893,66.06480901116046,66.77251038493515,10252689
2020-02-12,64.74273681640625,66.28257016752403,64.47054540271674,66.13480307393154,19630926
2020-02-13,63.74728012084961,64.49385691403839,63.34287943520579,64.49385691403839,19388734
2020-02-14,64.27613067626953,64.39278859316877,63.5139958806515,63.94949970154534,8743464
2020-02-18,64.12836456298828,64.6338655801007,63.972824831860294,64.45499551111422,10017308
2020-02-19,63.77063751220703,64.63387254216907,63.436227676071454,64.61054220179754,11740220
2020-02-20,64.15169525146484,64.41611403944901,63.55287287964565,63.94172220959086,10941330
2020-02-21,64.0350341796875,64.2605648925808,63.54509093565654,63.918382506848275,9295970
2020-02-24,63.249568939208984,64.22945542293535,62.6585192905242,62.68962847584575,13734145
2020-02-25,62.425235748291016,63.723974693754755,62.098604744066904,63.40512254285518,13171683
2020-02-26,62.16857147216797,63.48286761061119,62.03636210786349,62.7285118943116,11940283
2020-02-27,60.72207260131836,63.57619588521749,60.659860446566505,62.767400564804845,15734253
2020-02-28,59.53999710083008,60.26325006970883,57.68909031636454,59.63331845988344,29246117
2020-03-02,63.28066635131836,63.42065456392338,59.944379070905015,59.983260885564064,18840525
2020-03-03,61.53864669799805,64.08169676883124,60.58986936696818,63.30400441768743,17394599
2020-03-04,64.52499389648438,64.60276377093335,62.121931513874536,63.381788556489234,20224199
2020-03-05,63.44399642944336,64.36944969848125,62.946274289937946,63.40510838960943,15017840
2020-03-06,63.926143646240234,64.25277448957075,61.77194331188351,62.191895476707,14208574
2020-03-09,61.40644454956055,62.77518037416494,59.87439015729004,60.659861372503606,18942810
2020-03-10,63.78617477416992,63.91060530110351,60.271010833769374,62.58853017517081,17527486
2020-03-11,61.631980895996094,62.33967609946383,60.6831972446595,62.083036165777365,14274179
2020-03-12,57.8990478515625,60.706509948353336,56.97359480683235,57.860159821154106,22664782
2020-03-13,60.18083572387695,60.55721112281198,56.660155553794574,59.76525729711488,25857094
2020-03-16,54.82533645629883,59.66332787206731,52.62980994139458,55.49183188238227,20808354
2020-03-17,58.400909423828125,59.64765130019028,55.97015178595405,56.181865746211685,24745795
2020-03-18,56.16617202758789,58.54204007980575,53.97065171942108,56.02503358588319,18558508
2020-03-19,55.460472106933594,57.13064182650983,54.03338252852791,55.94662611979823,19268738
2020-03-20,55.9544563293457,56.84834553738813,53.71188392652654,54.53520392385114,23075912
2020-03-23,52.06524658203125,56.15048686259321,51.163514214851986,55.09977295315696,18375003
2020-03-24,54.143150329589844,54.69203034560826,52.68469484955225,54.09610418758544,19901939
2020-03-25,53.49233627319336,55.18602250622255,52.33968695641644,53.64131781647879,18311494
2020-03-26,57.65599060058594,58.16566134648837,53.39824555212605,53.42960546886042,18052848
2020-03-27,56.24458694458008,57.57758416550199,55.86821147994835,56.29947620869899,12467218
2020-03-30,60.33765411376953,60.839487926948195,57.14630353255999,57.72654966273213,15803316
2020-03-31,60.32981872558594,60.84733256063365,59.21637245898221,59.788781819375835,15079672
2020-04-01,57.8676872253418,59.177160987980756,57.23255812508977,58.542025618254364,11665288
2020-04-02,60.27494430541992,60.47097203651394,58.048057493575485,59.57708257337635,12843345
2020-04-03,59.78878402709961,60.72187633345442,59.05955625518816,59.81230709913059,10039211
2020-04-06,62.97227478027344,63.395702542011556,61.08256115528755,61.41972721881496,14314108
2020-04-07,61.6000862121582,64.27392348999973,61.4746277370257,64.04652961197985,10657950
2020-04-08,63.99945831298828,65.08153812538937,61.42756346642705,62.086221833884004,11481888
2020-04-09,64.6816635131836,65.30895593424422,62.870361741320266,63.64663572054055,13876568
2020-04-13,63.15262222290039,64.66596675478372,62.59589916830786,64.1562898358646,7706678
2020-04-14,64.95610046386719,65.23838360727777,63.30161717390977,64.55620195631708,12155333
2020-04-15,64.35233306884766,65.05019469939266,63.1683237390122,63.69368074050485,10809072
2020-04-16,65.08155059814453,65.34031063555214,64.50130442698878,64.80711060402051,9145058
2020-04-17,65.44224548339844,65.99112546707964,64.64244857749298,65.82646397976521,15433162
2020-04-20,65.15998840332031,65.9676287448264,63.32515689304238,64.94043757605456,11675768
2020-04-21,61.6000862121582,64.53267728469609,61.32564618964807,63.99947719801405,17876574
2020-04-22,62.713531494140625,63.23888845823818,61.811799110862346,62.10191908691865,11933890
2020-04-23,63.41923141479492,64.20334211028955,62.862508306971755,62.878188263870655,8152497
2020-04-24,63.850486755371094,64.37584992443135,63.52900063315822,63.98378832583971,7686451
2020-04-27,65.85000610351562,66.39104313071907,63.380039192774134,63.69368857104839,12786753
2020-04-28,63.65447998046875,64.47780020349032,62.862525949522976,63.65447998046875,20273560
2020-04-29,63.33298873901367,64.44643517900633,61.96862532123193,64.44643517900633,13687194
2020-04-30,62.21168899536133,63.042852048084455,62.05486435836272,62.58806436247324,11638878
2020-05-01,60.90224075317383,61.835339584682664,60.321994368290376,61.835339584682664,9518565
2020-05-04,60.2671012878418,61.184513733985106,59.76526733828194,61.176670619311935,8850255
2020-05-05,61.1688117980957,61.78826723078865,60.196510337853965,60.572885703380564,7401395
2020-05-06,60.47095489501953,61.66281344416106,60.43959498095727,61.43541958509705,12414922
2020-05-07,59.27912139892578,60.47097405625057,59.145819778759765,60.37688174529903,12602410
2020-05-08,59.906375885009766,60.345477236971846,59.56920362554318,59.98478818417579,8791672
2020-05-11,61.09040832519531,61.21586678566063,59.530017547631395,59.61626671262172,10622528
2020-05-12,60.52585220336914,61.70986779682145,60.47096294224322,61.27860309158673,9544660
2020-05-13,61.07472610473633,61.78827388832533,60.0475352841515,60.1102676532358,10935146
2020-05-14,62.76842498779297,62.83115109381867,60.58074154063433,60.59642149977179,11407585
2020-05-15,62.556705474853516,63.16047475516632,61.81179776647096,62.81546552912338,9367234
2020-05-18,62.509681701660156,63.51334982348175,62.12546303956359,63.51334982348175,12552630
2020-05-19,60.80813980102539,62.5175125183857,60.651315120475054,62.31364168756552,10591822
2020-05-20,60.29063415527344,61.349185220615254,60.12596633724711,61.18452367206609,11027685
2020-05-21,60.023990631103516,60.40036590185551,59.80443995719976,60.18865833863605,9000329
2020-05-22,59.882877349853516,60.110271229732156,59.647640356003876,59.72605268728709,6357482
2020-05-26,60.58073425292969,61.63144812563801,60.30629424944542,61.36485123551691,19146017
2020-05-27,60.80813980102539,60.87870902643015,59.59275793097472,60.376875064250115,12828987
2020-05-28,61.976444244384766,62.95658869813034,61.56086590503247,61.63143510196319,13180906
2020-05-29,63.293766021728516,63.466270606630395,61.40404616118751,62.305778377863966,13517104
2020-06-01,62.384185791015625,63.08989029983042,62.04701349055846,62.87033959715825,6269241
2020-06-02,63.38784408569336,63.40352403736152,61.81177383781038,62.3684967599139,11352984
2020-06-03,64.34449768066406,64.57189157626185,63.40355590969625,63.51333443497657,13675457
2020-06-04,63.9445915222168,64.42290233040364,63.38786838668248,63.72503449785378,9292930
2020-06-05,64.50128936767578,65.18347077190448,63.89752653714521,64.38367404607547,10413347
2020-06-08,65.0031509399414,65.23838795336732,63.63095070198051,63.63095070198051,9956838
2020-06-09,64.50128936767578,65.48143376627422,64.39151715733996,65.2305169005446,8846168
2020-06-10,64.11710357666016,64.90905751668365,63.505491114045256,64.6424605883386,9080920
2020-06-11,60.65128707885742,64.03082164620263,60.651287078857415,63.364326466226636,14303838
2020-06-12,60.30354690551758,61.59181412255568,59.647558271053704,61.56019861359942,17000656
2020-06-15,58.50155258178711,59.56852389693752,58.145895476736975,59.20496765396672,17684162
2020-06-16,60.833099365234375,61.18085111753295,59.14175440344158,59.57644725347092,21437050
2020-06-17,60.2956428527832,61.2124483986965,59.77401537975169,61.14131824137089,13983045
2020-06-18,60.24032974243164,60.28774985214276,59.560624651743005,59.774021464754014,7750903
2020-06-19,61.568115234375,61.631339944441415,59.91628516310078,60.95954659334299,17691393
2020-06-22,60.65920639038086,61.354709698928545,60.40629494739798,61.149224680901604,7474231
2020-06-23,60.95163345336914,62.137155071338064,60.769858485266944,61.25196500678562,11428650
2020-06-24,59.96370315551758,60.76986399537051,59.63176238060953,60.64340826039707,8084901
2020-06-25,60.516944885253906,60.82517556589774,59.521103728319765,59.789819761471676,7583328
2020-06-26,59.426265716552734,60.643402846935686,59.27609993963358,60.34306497378682,12328882
2020-06-29,60.16130828857422,60.4695390742888,59.68709444115759,59.9874260862673,7230990
2020-06-30,61.117610931396484,61.378421519960156,60.22451539785011,60.6592081378704,9940804
2020-07-01,61.74199295043945,62.390076264917326,60.95164297522168,61.19665532231923,9948769
2020-07-02,62.26361846923828,62.68250665959971,61.82102654206503,62.097648076376146,6827825
2020-07-06,62.8958740234375,63.24363191747893,62.35844206950886,62.627158046473184,8058282
2020-07-07,62.216209411621094,62.97494398099757,62.113463710394335,62.437505414527784,6956414
2020-07-08,61.58390808105469,62.40587339025579,61.23615644376659,62.14505650263465,8211394
2020-07-09,60.611785888671875,61.92376320065872,60.09805754868531,61.599721601325044,7966058
2020-07-10,60.64340591430664,61.13341791880235,60.38258899622932,60.659210510825226,5161400
2020-07-13,61.133399963378906,62.10553086755386,60.64338810280404,60.85677853002918,8114245
2020-07-14,61.8447380065918,62.129265005860674,61.14132912673354,61.283589466712236,8397100
2020-07-15,62.785240173339844,63.20412196320097,62.3110328234776,62.627168950282396,7709717
2020-07-16,62.75361251831055,63.07765403933994,62.239884302465846,63.053943992401635,5850774
2020-07-17,63.12509536743164,63.425426942549194,62.6825034628303,63.00654509286181,8191378
2020-07-20,62.76152801513672,63.385901110152574,62.49280568109706,63.12508423279346,5434194
2020-07-21,62.35055160522461,63.322676420956576,62.27151598845355,63.00654027318286,8967526
2020-07-22,62.26361846923828,63.038163820758484,61.66295528836972,62.69040579876654,12362103
2020-07-23,61.694580078125,62.595574984883285,61.25988722476691,62.55606032517449,11558916
2020-07-24,60.935829162597656,61.63923794325724,60.35097064853503,61.528586814893025,9068763
2020-07-27,62.382171630859375,62.548142014573756,60.311459807240425,60.3904891104209,10958307
2020-07-28,62.98283004760742,63.39381272596729,62.4137761361383,62.587658284144794,8494564
2020-07-29,62.71412658691406,63.02235733820301,62.232013652738715,62.63509095450527,6398040
2020-07-30,62.429588317871094,62.65878971473737,61.354711494089116,62.22409697452129,7152600
2020-07-31,63.41753005981445,64.55563169410485,62.55604995556824,63.93125214743294,12291154
2020-08-03,65.23531341552734,66.23114813529507,64.6978750935185,64.92707645205273,10601463
2020-08-04,64.54774475097656,65.24324834511157,64.07353718049241,65.24324834511157,7218729
2020-08-05,64.52400207519531,65.17999067327206,64.13672949006583,64.86384823986599,6492465
2020-08-06,64.05770874023438,65.11677476304284,63.68624698219862,64.38175670543316,7256562
2020-08-07,64.03398132324219,64.03398132324219,63.2515370463095,63.852206382393774,6977584
2020-08-10,63.947059631347656,64.18416017619397,63.464946764412296,64.02609525273338,5782445
2020-08-11,63.947059631347656,64.70579401347764,63.725757363743234,64.61094747622822,7636671
2020-08-12,65.34597778320312,65.5277590970927,64.28691173448654,64.3106217911407,7295652
2020-08-13,66.02567291259766,66.09680939789217,64.81644113294655,64.91128767356886,7455262
2020-08-14,65.97825622558594,66.7290915347571,65.7332502013815,65.89922059728838,7390496
2020-08-17,66.9898910522461,67.32183810834574,66.39713341724061,66.61052389089085,8764319
2020-08-18,66.83182525634766,67.18748239399571,66.20745206063013,67.09264217577247,6551572
2020-08-19,67.20330810546875,67.74074033992943,66.83183997012667,66.83183997012667,6896050
2020-08-20,67.20330810546875,67.4246041031474,66.69748507116765,67.02152676764574,6380434
2020-08-21,67.16377258300781,67.32184382682706,66.48407381775819,67.25861912088592,6890495
2020-08-24,67.51153564453125,67.55105029879296,66.76860579833298,67.33765347170778,7582280
2020-08-25,67.71702575683594,68.19913869915732,67.33765850645084,67.89880708251644,10245982
2020-08-26,67.60635375976562,67.71699854709922,66.91084425387014,67.42457250712764,7844175
2020-08-27,67.82764434814453,68.09636031843168,67.24278599464066,67.53521833104702,6464902
2020-08-28,67.69330596923828,67.87508726879177,67.108447419041,67.87508726879177,6134049
2020-08-31,67.3929672241211,67.91460101248747,67.29022155788591,67.65378411830427,7929273
2020-09-01,66.72909545898438,67.81187162364557,66.3260181544805,67.45621443504663,6797433
2020-09-02,68.70496368408203,68.92626599268247,66.60263598756227,66.76861271901261,11571597
2020-09-03,67.56685638427734,69.39256236531827,67.13216990058227,69.30562127699231,12983672
2020-09-04,67.36927032470703,68.67334241160302,66.58682580870713,67.61427635234301,9359688
2020-09-08,65.85969543457031,67.92250162255401,65.59887853473404,67.92250162255401,9095592
2020-09-09,67.0847396850586,67.8276695057268,66.12052022495554,66.20745498906844,8862307
2020-09-10,66.04936981201172,67.08472553992998,65.82017476259847,66.96617528690417,6907578
2020-09-11,66.76858520507812,67.08472129960103,66.21534230018095,66.26276239839392,7171254
2020-09-14,66.99946594238281,67.74779915064384,66.65714161166977,67.03131139843632,8575994
2020-09-15,67.03926086425781,67.80351353669272,66.59344998797313,67.45323265314457,10826678
2020-09-16,68.12196350097656,68.54389192966825,67.2701373228811,67.2701373228811,10380230
2020-09-17,68.17768859863281,68.28118155392252,67.2303324560855,67.97070268805341,8090455
2020-09-18,68.31301879882812,68.70310810940559,67.62041995092943,68.12195880362067,12308446
2020-09-21,66.17948913574219,67.93886316398924,65.35155178641722,67.60450176888432,10445311
2020-09-22,66.0282211303711,66.5297599641546,65.43910889190451,66.15559657746464,8143170
2020-09-23,65.78143310546875,66.72878918548685,65.74162469783845,66.14763353709314,7085842
2020-09-24,66.19541931152344,66.45812685188636,65.16048960160855,65.3595189525503,7844280
2020-09-25,66.02027130126953,66.26706565520257,65.12068640344904,65.39931985153181,6932101
2020-09-28,65.88492584228516,66.63325261229078,65.72570494281831,66.23520672889508,6123674
2020-09-29,65.20027923583984,66.19540024279546,65.0410583470619,65.8212305176402,6742413
2020-09-30,66.03617858886719,66.33073150094954,65.29580846642642,65.48686843852937,11593605
2020-10-01,64.9932861328125,66.3466508065259,64.6828073437706,66.219275382709,8410305
2020-10-02,64.32457733154297,65.07291049358261,64.04594393014695,64.32457733154297,5255406
2020-10-05,64.67487335205078,64.91370476563257,64.18129734203082,64.66691676062258,8807182
2020-10-06,63.39314651489258,64.59524715095407,63.30557310832274,64.58729056146343,10273230
2020-10-07,63.71955490112305,63.96634288472621,63.29762644219449,63.759356950630945,9845226
2020-10-08,64.06983184814453,65.14456350097035,63.81508092444976,63.99818434434391,9217160
2020-10-09,63.97430419921875,64.54749061600604,63.72751622194792,64.38827605678716,5956098
2020-10-12,63.97430419921875,64.26090059024861,63.61606030174953,64.09371670995101,8276370
2020-10-13,64.25293731689453,64.42807778686043,63.719552951229915,63.92653887899117,9125774
2020-10-14,64.09371185302734,64.42807322301272,63.74343093790817,64.36438867720557,9166122
2020-10-15,62.93939208984375,63.63995409749188,62.71648020988884,63.52849815751443,9151974
2020-10-16,63.5523681640625,63.92653796595097,62.9791817582946,63.13043972407171,7903492
2020-10-19,62.628910064697266,64.07780538685417,62.35823318527102,63.78324600221657,8614455
2020-10-20,62.310447692871094,62.86771445165515,62.15918975449459,62.86771445165515,11144746
2020-10-21,62.15123748779297,62.772188827632576,62.11939203400664,62.30249543668853,9689808
2020-10-22,63.05879211425781,63.24985212743896,62.17512682275042,62.17512682275042,6075990
2020-10-23,63.5523681640625,64.18128889413055,63.09859426673118,63.09859426673118,7309381
2020-10-26,62.76423645019531,63.528482835453936,62.30249961775738,63.154319415487485,9122840
2020-10-27,62.08755874633789,63.87081539400076,62.08755874633789,62.83589204795945,12241374
2020-10-28,60.64662551879883,61.880571831381886,60.519250045967965,61.40291539958434,8989954
2020-10-29,60.415740966796875,60.97300771617938,59.44450244978014,60.63864639349567,9314310
2020-10-30,59.8744010925293,60.415748365323644,58.863360411860555,60.00973950204584,11096748
2020-11-02,61.06855010986328,61.187968984184074,60.21673026986376,60.86156418399774,8145475
2020-11-03,61.235740661621094,62.27862699503014,61.10836518299653,61.67358869760869,7693578
2020-11-04,64.18128204345703,65.98842084950843,63.321499343941746,63.63993478754045,14731422
2020-11-05,64.05391693115234,65.9963880907406,64.03799101897545,65.32767164167217,9277210
2020-11-06,63.97430419921875,64.59525562029894,63.24985344847401,63.24985344847401,6945515
2020-11-09,64.08577728271484,67.80354294489003,63.966358374727676,67.49307033383612,11184046
2020-11-10,64.57137298583984,65.30378669089008,64.49176888902973,65.10475735304757,8593914
2020-11-11,64.53157806396484,65.17641842235538,64.15741457960151,65.17641842235538,5741678
2020-11-12,63.576263427734375,64.48381131370975,62.91549717384295,64.12556738708307,7464799
2020-11-13,64.55545806884766,65.16048998573518,63.464806754123344,63.878778640529696,7694206
2020-11-16,63.83100509643555,65.19232672737539,63.44887872130422,64.66690534854682,9503474
2020-11-17,64.88185119628906,65.24805804496431,64.01410544356615,64.53157025902632,9509133
2020-11-18,63.88673400878906,65.25602511721084,63.87081446164463,64.82612732631097,8678174
2020-11-19,63.99818420410156,64.30070012966715,63.15432097555283,64.30070012966715,7037110
2020-11-20,64.04594421386719,64.33254057137236,63.47275786412851,64.06186375834515,8415440
2020-11-23,63.91059875488281,64.61116684422497,63.19411748809039,64.173312584045,9498548
2020-11-24,63.79914855957031,64.39621733654563,63.4249788394507,63.70361857369761,12790840
2020-11-25,63.73548126220703,64.05392315340704,63.36928072565494,63.79917218655634,6023590
2020-11-27,63.576263427734375,64.22906035989845,63.33743202155893,63.92654439790667,5644528
2020-11-30,63.99818420410156,64.11759671017425,63.218011888973045,63.6877053230404,14501910
2020-12-01,64.92164611816406,65.64609034398903,64.3404968736396,64.44398344995372,10166543
2020-12-02,65.14456939697266,65.86901382133091,64.71467796998883,65.2321364544525,7165805
2020-12-03,64.84204864501953,65.25602049417456,64.34050974486466,65.23213162724119,7085109
2020-12-04,65.23213958740234,65.24806550063467,64.57137968536077,64.59526218993618,8651554
2020-12-07,65.68590545654297,66.45015816539657,65.31969864657374,65.32766160143836,8829190
2020-12-08,66.21929168701172,66.66510259750189,65.48687804577925,65.51076054579579,8664969
2020-12-09,66.45016479492188,66.7765632284034,65.70979451152604,66.72879822499365,7168320
2020-12-10,66.06803894042969,66.82432877603055,65.85309005806293,66.60142330321226,7349205
2020-12-11,66.04415130615234,66.41035816247552,65.69387036157428,65.95658425264406,7979158
2020-12-14,64.4474105834961,66.66199042490567,64.22274482995074,66.30091748520762,13139300
2020-12-15,64.5757827758789,65.02512063480711,64.19063878917096,64.59183445170292,10087838
2020-12-16,64.0542221069336,64.79241945011607,63.90979553919978,64.41529494180509,9487649
2020-12-17,64.04621124267578,64.63997568191768,63.93387517573835,64.50356851714193,11710038
2020-12-18,63.81352996826172,64.3350811980216,62.94695747538287,63.95795657856192,33161759
2020-12-21,63.620941162109375,63.653038096061685,62.37725073071656,63.22777777945913,11140764
2020-12-22,63.72525405883789,64.18261774411492,62.77844258406066,63.38023285487502,9052414
2020-12-23,63.99807357788086,64.53567002171435,63.845621142265614,63.86166640344786,6056078
2020-12-24,64.30296325683594,64.53565477446303,64.08631699660023,64.19062720848605,2957456
2020-12-28,64.55170440673828,65.1053460184723,64.29494177785409,64.7121826536752,4804242
2020-12-29,65.33002471923828,65.46642546890786,64.80044773404359,64.83254466977553,5708037
2020-12-30,64.6640625,65.57877727130526,64.62393971682347,65.52260922418174,5933357
2020-12-31,65.63493347167969,65.74726313011247,64.49554671753347,64.70416718888634,5511118
2021-01-04,64.96092987060547,65.8676250542163,64.09435746293643,65.79541175616693,10502637
2021-01-05,65.07327270507812,65.31398372358362,64.11843522356935,64.72824502450176,10956526
2021-01-06,66.10033416748047,66.38918743633747,64.4393957938532,64.65604216103586,10521396
2021-01-07,67.41620635986328,67.69704007041024,65.85155956809116,66.2367034924587,10447931
2021-01-08,66.62186431884766,67.69705724520897,66.23672029676875,67.69705724520897,9563105
2021-01-11,68.20256042480469,68.68398882903594,66.7983851571177,66.99898620645745,13488179
2021-01-12,66.67000579833984,68.31489210914307,66.23671958013125,68.29884684755699,10128606
2021-01-13,66.0682144165039,66.89467039783614,65.97193002678613,66.89467039783614,10093812
2021-01-14,65.93180847167969,66.43731435810915,65.69911691520588,66.13240309247556,11366398
2021-01-15,66.90270233154297,66.99899315480596,65.44236529075162,65.66703746282636,10203538
2021-01-19,66.7502212524414,67.31991444637262,66.32496102368968,67.055126023157,8467316
2021-01-20,66.16450500488281,67.0391032630112,66.01205256836784,66.7983858506273,11097901
2021-01-21,65.13744354248047,66.03611275173596,64.96092003546173,65.64294938336853,9043716
2021-01-22,64.97696685791016,65.33803971771859,64.80044334664295,64.90475356905594,9436926
2021-01-25,65.11336517333984,65.14546210254078,64.23876715748602,64.76031819873918,9957677
2021-01-26,64.39125061035156,65.11339658024269,64.2949661918433,65.11339658024269,7748283
2021-01-27,61.83967590332031,64.24682489338947,61.65512648820347,64.0783271586113,16230376
2021-01-28,62.52170181274414,62.99511092357514,61.83967858830997,61.84770442882778,12972039
2021-01-29,61.83967590332031,62.88277208820636,61.29405349813913,62.577867148247975,10671470
2021-02-01,62.072364807128906,62.85067238770294,62.05631312749394,62.57786440484207,8224599
2021-02-02,62.40132522583008,63.324065614567004,62.34515719223885,62.41737048591136,9866710
2021-02-03,62.040252685546875,62.70623042344494,61.90384551971809,62.29701534149644,10034810
2021-02-04,61.00517272949219,61.79151232800702,60.61200934577226,61.759415393967394,18867563
2021-02-05,60.82063674926758,61.767448295184465,60.50770604155325,61.3261362521672,13901825
2021-02-08,60.2108154296875,61.13355579704814,59.90591058644183,60.86074788875929,16718534
2021-02-09,60.2108154296875,60.31512565664393,59.665199613109806,60.258957624353904,13484616
2021-02-10,60.09046173095703,60.48363155314795,59.80962797668862,60.43548935704912,11721566
2021-02-11,59.97011184692383,60.258965050519805,59.56089672629106,60.02627988613587,8780982
2021-02-12,60.178733825683594,60.26699239046819,59.809635057842684,59.95406166323854,6738116
2021-02-16,59.576942443847656,60.52375403246901,59.4164641635963,60.475611831501304,9734453
2021-02-17,60.61201858520508,61.02925954471025,59.67322642631844,59.74544614280085,13876463
2021-02-18,60.5077018737793,60.88482001540006,60.210816447600486,60.39536580730011,10004627
2021-02-19,59.62509536743164,60.58795880655676,59.58497899792377,60.53179075681402,12388198
2021-02-22,60.12255859375,60.226868823683226,59.15969542633081,59.777530968077514,8612464
2021-02-23,59.80963897705078,60.94902587940863,59.74545150895941,60.41142937004491,10900458
2021-02-24,59.83370590209961,60.395373474725865,59.68927929732324,60.018255285228484,9838834
2021-02-25,59.87382888793945,60.17873377610526,59.44053624103161,59.544846483355556,10906955
2021-02-26,58.2690544128418,59.9460375844361,58.20486695394143,59.72939127762887,17644862
2021-03-01,58.07649612426758,58.88690063074016,57.916017824685525,58.742474010439885,12594864
2021-03-02,58.453609466552734,58.967134849844136,58.09253653045479,58.44558362758295,16047290
2021-03-03,58.814666748046875,59.159687914371524,58.10856632619341,58.42952281309145,13939972
2021-03-04,57.907981872558594,58.83072231070806,57.54690896932288,58.71839265304821,15975188
2021-03-05,58.67827224731445,58.90293798724622,57.779602872048955,58.18079856714685,12241164
2021-03-08,59.51274871826172,60.62805789290076,58.894913178296434,59.673220566087345,15391347
2021-03-09,59.488670349121094,60.547811360572304,59.480644512272555,59.825665679241084,14189920
2021-03-10,59.98615646362305,60.363274641288555,59.45658584718605,59.98615646362305,12827310
2021-03-11,59.88186264038086,60.46760145599486,59.849765693014845,60.09048317494971,13205324
2021-03-12,60.383697509765625,60.61843356192776,59.88994281190091,59.922321760590386,11493940
2021-03-15,61.70307159423828,61.97018658756783,60.77222376695179,61.11218653885128,17999295
2021-03-16,62.172542572021484,62.463940152989636,61.63022271205907,61.63831906683511,15697887
2021-03-17,62.56916046142578,62.73104223700266,61.4926107347633,62.107784780815706,17533878
2021-03-18,62.54488754272461,63.28956453562464,62.49631588344478,62.53679118752686,14274179
2021-03-19,62.739139556884766,63.33812090426749,61.53308697995457,62.528686126298474,58225203
2021-03-22,62.739139556884766,63.13576382775167,61.14455906315813,61.35501249374441,11352879
2021-03-23,61.73543930053711,62.585342839572704,61.541172121151845,62.399172013634185,11651245
2021-03-24,61.7111701965332,62.06731921933843,61.44405519347597,61.57356451739665,9135416
2021-03-25,61.57355499267578,62.01064808430649,60.95838741718854,61.85685619043468,10700918
2021-03-26,62.64201354980469,62.70676497115199,61.39548558778379,61.63831797962509,10389767
2021-03-29,63.37858963012695,63.580953178227034,62.46393461022351,62.58534756155898,11448562
2021-03-30,62.2939453125,63.20051038194043,62.15634613532335,63.13575897007588,10123366
2021-03-31,62.399173736572266,62.88483199058735,62.034928428084605,62.40727009024257,13598219
2021-04-01,62.399173736572266,62.698667631413784,62.18063043462292,62.455835268453534,9121373
2021-04-05,62.32633590698242,63.06292299507441,62.148261401180356,62.74724281446356,9828144
2021-04-06,61.3469123840332,62.27776005654434,61.22549943993773,62.25347746772524,13394698
2021-04-07,61.61402893066406,61.84066858948774,61.29025244213981,61.58164998743054,8970566
2021-04-08,61.10408401489258,61.84067102496043,60.93410588205695,61.58165241270229,12007984
2021-04-09,61.7678108215332,61.82446587313809,61.05550654523828,61.12026442122166,8177439
2021-04-12,61.69497299194336,62.002556772594716,61.50070580463932,61.81638593906745,9970672
2021-04-13,61.86496353149414,62.13207854067087,61.411677651433834,61.49262178972699,8627346
2021-04-14,61.84067153930664,62.15635168910418,61.53308774368006,61.75972741331452,8415545
2021-04-15,62.051124572753906,62.59344438869212,61.557369937716935,61.557369937716935,14541734
2021-04-16,62.70677185058594,62.93341802993185,62.180644651735356,62.528697332461924,12512806
2021-04-19,62.86055374145508,62.9657804588123,62.302047681563565,62.89293268646634,8536903
2021-04-20,63.597137451171875,64.05851312390958,62.876743175644,62.876743175644,11009345
2021-04-21,64.1313705444336,64.3418239998627,63.678091157283596,63.8885446127127,11817248
2021-04-22,63.10338592529297,63.99376484295076,62.77961589190295,63.94519318963171,13330560
2021-04-23,63.038639068603516,63.29765770281943,62.698676302206835,63.022446359023576,8598840
2021-04-26,62.755313873291016,63.06289757495625,62.56914308757157,63.022422288371764,7834219
2021-04-27,62.617733001708984,63.08720509144911,62.50440992076951,62.66629818728122,9095802
2021-04-28,62.399173736572266,63.16004329632338,62.2130093773987,62.8200805769412,11628398
2021-04-29,59.639015197753906,61.30644353568202,58.96718604992688,61.11218280469879,30602753
2021-04-30,60.302757263183594,60.77222939778617,59.477136085747006,59.558080226737836,18052114
2021-05-03,61.50071716308594,61.533096112267536,60.07611459006941,60.10849353925101,12543302
2021-05-04,61.50880813598633,61.89733607644697,61.136466432746744,61.5816559113403,10418587
2021-05-05,62.8929328918457,62.917215482706986,61.30644224398323,61.59783980622447,16795143
2021-05-06,62.95769500732422,63.02244642999797,62.075412379038504,62.682483663218434,12871641
2021-05-07,63.46762466430664,63.66998172314128,63.0467178399113,63.1438481926471,12237496
2021-05-10,63.27335739135742,64.09088189520378,63.26526103883475,63.79948439533692,10939758
2021-05-11,62.698665618896484,63.66998209574909,62.44773691032031,62.99815303221956,12148102
2021-05-12,63.13576889038086,63.56476566811787,62.56916644194046,62.90103285066626,13379711
2021-05-13,63.69426727294922,63.93709963798497,62.844363703182275,63.046720771426,10830451
2021-05-14,63.3704948425293,64.06660649614358,63.31383331232362,63.99375873098137,8273122
2021-05-17,64.64939880371094,64.89223117344189,63.613324381241185,63.67808226859834,12532508
2021-05-18,64.2527847290039,64.59274100561892,63.856160443745104,64.22040578345286,7943106
2021-05-19,64.23657989501953,64.26895883445874,63.09527890895391,63.888527329738444,9132796
2021-05-20,64.47942352294922,64.74653849425975,63.86425592541549,63.888538516270465,7345222
2021-05-21,64.09088897705078,65.02982651296452,64.00994485859344,64.69796015762304,10863987
2021-05-24,63.969478607177734,64.47132962380101,63.912823540962606,64.37419925668235,8737910
2021-05-25,62.73105239868164,64.14756508575321,62.69867992146569,63.94520150766679,14331714
2021-05-26,62.51252365112305,62.94961691467033,62.302070140543215,62.77154236077389,9686454
2021-05-27,61.4521598815918,62.812004731200346,61.419780928244386,62.73106058378558,17675149
2021-05-28,61.4278678894043,61.840678447746576,61.35502010944505,61.53309461775873,13969735
2021-06-01,60.853172302246094,61.63022827367988,60.73175932918047,61.56547684534718,15798914
2021-06-02,61.41167068481445,61.58975165200174,60.92601238205603,60.95839132808154,11830453
2021-06-03,62.6967887878418,62.773131381656334,61.840018560904646,62.11146968097614,15974400
2021-06-04,62.866451263427734,63.18031928992569,62.6883120500876,62.94279386689949,12728500
2021-06-07,61.75519561767578,62.9427903060919,61.73822628103803,62.89189523998997,16794400
2021-06-08,61.4158821105957,62.069059210864374,61.14443096254944,61.88243533310022,13657700
2021-06-09,62.80707550048828,63.02763159987497,61.882440700075236,61.92485757484798,12258700
2021-06-10,64.58846282958984,64.86839862115316,63.40086173633461,63.81652632571239,17236700
2021-06-11,64.69873809814453,65.19922995387243,64.13887298281921,65.07198582296498,13928400
2021-06-14,64.55329895019531,64.85275620067256,64.06562019353812,64.80141712849966,7841400
2021-06-15,64.76718139648438,64.8270715301059,63.92871952578312,64.59606859400432,14185700
2021-06-16,65.54576110839844,66.35000565839,65.18642029873482,65.21208656692006,17576900
2021-06-17,66.07623291015625,66.28156961940232,65.01531243605626,65.31476316361018,14233200
2021-06-18,65.54576110839844,66.0676636532821,65.16075403054958,65.65698377971286,19351900
2021-06-21,65.6655502319336,66.12756270416618,65.4944374026042,65.78533051797137,10880800
2021-06-22,65.1864242553711,65.65698776491104,65.0324201093769,65.52864988865994,10957500
2021-06-23,64.6645278930664,65.24632066411746,64.63886162085677,64.89553087048931,9539100
2021-06-24,65.3318862915039,65.57144690261663,64.7928749165003,64.7928749165003,8601900
2021-06-25,66.0505599975586,66.70935812459291,65.06665139834593,65.07520247087842,50285200
2021-06-28,65.75965118408203,66.51255662212755,65.69976105295949,66.09332570426974,8796200
2021-06-29,66.05912780761719,66.16179944170248,65.72545315626157,65.87945734362089,7696600
2021-06-30,66.53823852539062,66.81202297879608,66.07623256389213,66.22167912686523,13811900
2021-07-01,66.72647094726562,66.86336644673527,66.31579750393007,66.43557780219767,9212000
2021-07-02,67.24835205078125,67.39379857667383,66.52967049164057,66.76923101135414,7668000
2021-07-06,66.8291244506836,67.0344611166729,66.35855445827589,66.85479071799038,6720500
2021-07-07,67.21415710449219,67.25693858464749,66.84625856878375,67.0858257191011,8275100
2021-07-08,66.83769989013672,66.99170406262118,66.14467785018827,66.538242618196,8400400
2021-07-09,66.72647094726562,67.32537896614029,66.68369599933388,67.09436944266943,6006500
