Date,Close,High,Low,Open,Volume
2016-07-01,31.570171356201172,31.68756287473801,30.889308310702344,31.194522676429738,9937000
2016-07-05,31.60148048400879,32.078868346152255,30.944094458094806,32.071040651637034,8247600
2016-07-06,32.415382385253906,32.446687190418075,31.71104218140331,32.10234328978382,10745100
2016-07-07,32.055397033691406,32.298004878514334,31.491925275180186,31.922356044376336,9383500
2016-07-08,32.19624328613281,32.39189377084231,31.46842324418232,31.8675519048078,10810200
2016-07-11,32.13365173339844,32.157128847234574,31.593654232040194,31.812784907610716,6751700
2016-07-12,31.272768020629883,32.0475451362469,31.233638526695273,31.828414596512832,9419800
2016-07-13,31.992778778076172,32.29799315847253,31.75017102128884,31.80495293646816,8628900
2016-07-14,32.571903228759766,32.61886043622212,31.249306565170443,31.429304715690375,7146400
2016-07-15,32.344940185546875,32.532762982652386,32.117984902437314,32.27450589028493,5246800
2016-07-18,32.579742431640625,32.579742431640625,32.03192009262112,32.41539364016067,4372700
2016-07-19,32.391902923583984,32.524946843182214,32.086688558857304,32.41538003305824,5213200
2016-07-20,30.748443603515625,31.844084979545915,30.56061774698405,31.836260270494506,9371200
2016-07-21,31.711042404174805,31.984951987809172,31.11626304343938,31.531044251302138,9334300
2016-07-22,32.297996520996094,32.470169978279095,31.48408943161015,31.585828564131088,6333100
2016-07-25,31.405818939208984,32.125811342629504,31.037995045719544,32.125811342629504,5869900
2016-07-26,32.18843460083008,32.313650853949994,31.43713409671963,31.609307564281124,5569700
2016-07-27,33.119720458984375,33.3310233831199,31.812776391845148,32.37624787081646,9394800
2016-07-28,33.39363479614258,33.503201613035785,32.689294599886445,33.221464340377125,6207000
2016-07-29,34.434505462646484,34.567546437128016,33.38581813141388,33.68320787813718,9261000
2016-08-01,34.55970764160156,34.62231724082249,33.612759843810046,34.26231801608216,5980300
2016-08-02,35.890140533447266,35.92927004981851,34.88058288995911,35.12319066808602,10251900
2016-08-03,35.23274612426758,35.749263379476005,34.99013840387043,35.749263379476005,6821300
2016-08-04,35.14666748046875,35.56144572416262,35.09188556093902,35.28753612651397,5411700
2016-08-05,34.7710075378418,34.81796473317496,34.11362173012621,34.27014272918035,7108700
2016-08-08,34.94319534301758,35.28753929460379,34.536241771838796,34.536241771838796,5148700
2016-08-09,35.21710205078125,35.584926071969996,34.810148513280886,35.03710388743526,5432500
2016-08-10,35.66319274902344,36.01536444209764,35.1153704470626,35.81188613703638,6344500
2016-08-11,35.553611755371094,35.92926038519252,35.37361364016853,35.75708697700314,4913000
2016-08-12,35.350135803222656,36.054478894934356,35.19361776985572,35.984044585763186,4100300
2016-08-15,35.15449523925781,35.56927650432568,35.05275908581429,35.34232111207603,3575600
2016-08-16,34.66146469116211,35.29537079178903,34.317117687965705,35.22493644889809,7402800
2016-08-17,34.434505462646484,34.708415107397414,33.59712113681797,34.473634985412154,8498600
2016-08-18,34.7710075378418,34.98231043875642,34.30927223259645,34.6927485310096,4809600
2016-08-19,34.567543029785156,34.67710986227668,33.84755032861498,34.16059245066606,5301800
2016-08-22,33.902339935302734,34.22320683969582,33.69886459963047,34.03538391221244,4926400
2016-08-23,33.769283294677734,34.30145298491926,33.714501384099066,34.246668088950365,3992300
2016-08-24,31.186687469482422,33.26058389472086,30.983212269815557,33.26058389472086,11354500
2016-08-25,31.429302215576172,32.06321103163498,30.98321922903525,31.233651678132247,8047900
2016-08-26,31.24930763244629,32.43886339360564,30.897136027926976,31.914518341234515,7098800
2016-08-29,32.016265869140625,32.196264073039046,30.9284489494898,30.967578474617035,5955100
2016-08-30,30.20844078063965,32.016252761125656,29.950183632221748,32.016252761125656,8804200
2016-08-31,29.926715850830078,30.17714836963275,29.551064087234966,29.75454237463158,8366200
2016-09-01,30.858009338378906,30.865834047911033,29.44149808179235,29.76236490964566,7784100
2016-09-02,31.711042404174805,32.078866403961435,31.202349765550338,31.531044251302138,8112400
2016-09-06,32.86929702758789,32.86929702758789,31.507567694301542,32.15712904473912,7722800
2016-09-07,32.93973159790039,32.963208712053905,32.18843409107881,32.681471400648086,5033400
2016-09-08,32.548423767089844,33.409284943995075,32.45451234433789,32.84581342209305,4776800
2016-09-09,30.756261825561523,32.32146602009789,30.631045609414215,32.30581361990571,7819700
2016-09-12,31.58582878112793,31.75800223959378,30.05192901509466,30.3258386213896,7326400
2016-09-13,30.556072235107422,31.370483888788183,30.19585273002453,31.229527910757223,6053500
2016-09-14,30.227170944213867,30.900626552732952,29.819968145205376,30.68136304753742,7504600
2016-09-15,30.697023391723633,30.853641452407942,29.93742773911142,30.05489203143491,7312300
2016-09-16,29.96091651916504,30.49341608189795,29.647683415183817,30.407278994690625,12826600
2016-09-19,30.094043731689453,30.446433597202144,29.92959612353048,30.375955624099607,5123800
2016-09-20,29.874780654907227,30.28198340802793,29.585036213131694,30.054890369198542,5386600
2016-09-21,32.130069732666016,32.224042355880854,30.28981584303469,30.41510968674694,11186200
2016-09-22,31.926475524902344,32.86618105734501,31.519269694602468,32.50595856196027,7111600
2016-09-23,30.978923797607422,32.03609008691194,30.783152041273997,31.64454657424509,7189000
2016-09-26,30.74401092529297,31.362650706656453,30.728351805598976,30.963277435147724,5351500
2016-09-27,30.13319206237793,30.438595561657795,29.686832642316546,30.438595561657795,6278100
2016-09-28,30.704858779907227,30.830152654793874,29.608538121459453,30.06272729770795,4896300
2016-09-29,30.579547882080078,30.82230593645326,30.21149900980841,30.516902473130838,4168400
2016-09-30,30.76749610900879,31.221685121370392,30.65003183676947,30.9162815982368,6140500
2016-10-03,29.83562469482422,30.798824694839208,29.639852871400855,30.571728662730276,5285400
2016-10-04,26.82073402404785,28.872421454569626,26.624962242850422,28.72363597626609,13009200
2016-10-05,27.086984634399414,27.486357766460703,26.632792653584218,27.133970938799735,8820100
2016-10-06,26.66412353515625,26.844233266276124,26.20993442781943,26.327395737380485,10485800
2016-10-07,26.601470947265625,27.290585475651476,26.28823489818816,27.23576961514897,8303000
2016-10-10,26.671955108642578,27.063498767380626,26.45268862842536,26.773754309100916,4365800
2016-10-11,26.50750160217285,26.96952318843562,26.06897466418834,26.562317469420915,7894700
2016-10-12,27.032167434692383,27.24360131316644,26.405698343236068,26.570145919635802,5932200
2016-10-13,27.259267807006836,27.917061205857113,26.859891643111627,27.329745777856534,5922400
2016-10-14,26.805086135864258,27.42372600940539,26.797256574850653,26.899055804236994,4875300
2016-10-17,27.431543350219727,27.666471897358484,27.08698606151842,27.133972368394286,4987500
2016-10-18,28.324264526367188,28.418237147604376,27.60382568699358,27.877905030833364,6027500
2016-10-19,28.95856285095215,29.099518778890165,28.144151486697027,28.880255329760114,7041400
2016-10-20,28.98206329345703,29.091698038489515,28.46522573012646,28.95074206783196,5315200
2016-10-21,28.46521759033203,28.97422544851292,28.191138274228788,28.817607416207995,4813900
2016-10-24,28.065845489501953,28.715806314962457,27.84658202846573,28.637498789518265,5191900
2016-10-25,28.65315818786621,28.94289958935363,28.0266890817149,28.167645004003987,6185700
2016-10-26,28.33209991455078,28.715811034427386,28.00320168170116,28.551363411623125,4607100
2016-10-27,27.243606567382812,28.48871543370221,26.742431197560812,28.23812774879121,8294700
2016-10-28,27.70562744140625,28.128492281524093,27.071325700368348,27.329745923945524,6244900
2016-10-31,29.005552291870117,29.052535614768633,27.61165496347891,27.870075188383847,8033200
2016-11-01,29.71816062927246,30.12536634259111,29.15433687433269,29.522388824056225,10721000
2016-11-02,29.115184783935547,30.438601187845034,28.927242525741356,30.195846047260233,8628600
2016-11-03,29.56155014038086,29.67901444841802,28.982064134501066,29.27180863106168,4604300
2016-11-04,29.600690841674805,29.718155097837215,29.123007247899853,29.45190537281053,5716400
2016-11-07,28.574851989746094,28.833269201052712,28.042352478110104,28.833269201052712,8040400
2016-11-08,28.238122940063477,29.013377524724433,27.909224792601005,28.645328605510176,7005400
2016-11-09,29.005552291870117,30.070551423767842,28.379083092883448,29.95308714204,11900500
2016-11-10,27.157468795776367,28.89592362124627,26.930372753536567,28.88026151620479,11046400
2016-11-11,24.737728118896484,27.063498373903137,24.557618396964532,26.922542419827522,15364100
2016-11-14,25.52863883972168,25.653932659052277,23.64140049935202,24.46364137541159,13662100
2016-11-15,26.554487228393555,26.648456857367115,25.254562576503467,25.340702647746166,9748500
2016-11-16,26.437021255493164,26.5388234229064,25.881030087815528,26.484007560585532,6468600
2016-11-17,25.606952667236328,26.836399362494614,25.191914409705095,26.538825382748584,8020400
2016-11-18,25.5991268157959,26.10813483630526,25.25456942463417,25.45817084049304,8559100
2016-11-21,25.89668846130371,26.162938177348988,25.6461008447011,25.928012660189044,5606400
2016-11-22,25.998497009277344,26.1472825097215,25.15276135477601,26.131620406426208,7886900
2016-11-23,24.667247772216797,25.01180657201067,24.134748216250003,24.80820371275158,9077900
2016-11-25,24.996143341064453,25.17625453118779,24.714231472715138,24.839525304510325,3520300
2016-11-28,26.194271087646484,26.23342485565448,25.105780205922667,25.254565719249463,8924900
2016-11-29,26.2725772857666,26.491843752479365,25.489490016520257,25.6461080678177,7872900
2016-11-30,25.403352737426758,25.998500800471515,24.90217730785719,25.841882731920727,12803100
2016-12-01,25.270231246948242,25.72442039439826,24.682915685548817,25.137104832998833,13594400
2016-12-02,26.29606819152832,26.366543167976094,25.176253316949214,25.48948638770981,8708700
2016-12-05,26.217758178710938,26.60147220764927,25.567797378854394,25.614780697373845,9297200
2016-12-06,25.896215438842773,26.554992683497908,25.80210525866595,26.194234499729514,7289500
2016-12-07,26.366764068603516,26.68046859552211,26.076589325814076,26.233441589273372,8641200
2016-12-08,26.562835693359375,26.711846729425872,26.249134074968254,26.45303997733704,6028300
2016-12-09,25.71583366394043,26.39813763452556,25.558981385538182,26.358925312852094,9196200
2016-12-12,25.56682014465332,25.966793564920327,25.464868716647135,25.93542251397623,7250700
2016-12-13,26.562835693359375,26.61773355137054,25.46487554142713,25.54330019809769,8398100
2016-12-14,24.845306396484375,27.002017000403445,24.82177810593411,26.727527756588007,12015900
2016-12-15,24.241430282592773,24.602189972926222,23.84145826533052,24.170846897437414,11613800
2016-12-16,24.829627990722656,24.93942371973884,24.257119552488806,24.523767605117786,16748500
2016-12-19,24.92373275756836,25.159011177601908,24.54728758468552,24.86883341246259,6990000
2016-12-20,24.829627990722656,24.908054152529054,24.19437892221461,24.44534144331139,5781100
2016-12-21,24.74335289001465,25.064898726930338,24.500233195339085,25.002158112309086,5305600
2016-12-22,24.657085418701172,25.002158050335584,24.523761425979707,24.62571436354118,4499800
2016-12-23,25.45703125,25.535458898284755,24.66493144843169,24.680615482234202,4803500
2016-12-27,25.55898666381836,26.068755925972884,25.22959651197924,25.73152450486309,5522700
2016-12-28,25.707996368408203,25.77857976322355,25.3158670620361,25.574673840262097,6162700
2016-12-29,27.66080093383789,27.69217199556776,25.998173554373103,26.092283747853607,12097000
2016-12-30,26.71968650817871,28.3038890165815,26.71968650817871,27.770593004180217,11056600
2017-01-03,27.158870697021484,27.449045483020743,26.625574716871828,26.758897216054976,8000900
2017-01-04,27.417675018310547,27.4412048064507,26.813795645662296,27.370621425447435,7553000
2017-01-05,28.680339813232422,29.213635957292915,27.911766662488642,27.919607932970656,10485100
2017-01-06,27.778427124023438,28.617586244527054,27.44119881256588,28.23329836706824,7380000
2017-01-09,27.73138427734375,28.358790552275014,27.613744291921407,28.296051420636438,9028800
2017-01-10,27.51178741455078,28.366626239106914,27.331405341281094,27.958814484443362,7583400
2017-01-11,26.9549617767334,27.284351877608128,26.288343298635024,27.276507617842153,10796700
2017-01-12,27.03339385986328,27.723539247295346,26.774587095794494,27.621587787246145,7439000
2017-01-13,27.08045196533203,27.17456516340347,26.468731136415258,26.664795811499815,5209600
2017-01-17,27.5588436126709,28.107825169007565,27.386305782811398,27.950972868381545,6762700
2017-01-18,27.6529598236084,28.19410022912981,27.370629210995276,27.605906217360936,7530300
2017-01-19,27.39415168762207,27.794122236103373,27.198087047997927,27.276511707163994,6274100
2017-01-20,27.480419158935547,27.75490844325441,27.2451422021324,27.378464714027615,6387600
2017-01-23,28.13920021057129,28.225469137712384,27.472578586477784,27.754912169227108,5879500
2017-01-24,28.264680862426758,28.954826281289797,28.099987273269157,28.147040874908953,8576800
2017-01-25,27.409835815429688,27.903919519682276,27.033392085616374,27.72353742775304,9617700
2017-01-26,26.813793182373047,26.87653528937143,26.374610400217666,26.821637441602007,7629300
2017-01-27,26.962804794311523,27.19023745800185,26.868691631706845,26.868691631706845,4465300
2017-01-30,27.42552375793457,27.83333858237591,27.12750465705261,27.221614849859357,5457000
2017-01-31,28.452896118164062,28.50779397131044,28.084296674425314,28.099982202711224,7725600
2017-02-01,28.1313419342041,28.256823131611377,27.58236057365688,28.029390518109757,5211200
2017-02-02,28.766597747802734,28.92345002285359,28.358783029353834,28.837181121990202,6435400
2017-02-03,28.829345703125,29.174421412393713,28.476431715677236,28.60975424574253,4651700
2017-02-06,29.75477409362793,29.75477409362793,28.92346178373368,29.229322199012472,7002000
2017-02-07,29.26852798461914,29.63713044960958,29.111675680897115,29.590073860980315,5431000
2017-02-08,29.684186935424805,29.699872466494423,29.182261908033553,29.48028101493804,6187700
2017-02-09,29.174421310424805,29.809668878977874,29.07246685197819,29.793986339256136,5051100
2017-02-10,29.5273380279541,29.58223589162371,28.82150407833169,28.98619766934052,5166400
2017-02-13,29.31558609008789,29.464594140893883,29.12736271754068,29.34695415908825,5312400
2017-02-14,29.088151931762695,29.550864630809215,28.837189416182465,29.48812250605957,5607100
2017-02-15,29.041093826293945,29.143048277849687,28.55485435163498,28.805816854149867,4339800
2017-02-16,29.464599609375,29.558709817260482,29.221478331318817,29.30774726842616,5791300
2017-02-17,29.025407791137695,29.52733577914738,28.868558473575444,29.51949151824389,5687900
2017-02-21,29.362642288208008,29.40185761342001,28.37447772207661,28.63328151656203,5838600
2017-02-22,28.233306884765625,29.088148796222715,27.566688335558865,28.625436147054035,10081900
2017-02-23,28.123510360717773,29.009723305666448,28.099983563004304,28.62543532333016,6376000
2017-02-24,28.296051025390625,28.939142822175953,28.194096572229324,28.476430139931967,6940500
2017-02-27,26.64126205444336,28.421529198564958,26.492251025577016,28.13919566145898,9436200
2017-02-28,26.853004455566406,27.456880690188115,26.67262242093534,27.0176979740996,9201400
2017-03-01,26.994178771972656,27.2216144772088,26.155022334303204,26.460885692228906,7990400
2017-03-02,26.35108757019043,26.782432190396435,26.23345057607807,26.586367541833386,7459000
2017-03-03,26.71968650817871,26.907909862082754,26.139336901082956,26.272659408328916,7779200
2017-03-06,25.88837432861328,26.523624853445018,25.68446841480195,26.453041461797046,6954500
2017-03-07,25.904077529907227,26.194692482925987,25.57419077181782,25.67629686575216,6985500
2017-03-08,25.833389282226562,26.33607562093106,25.511355659228563,25.550627467643555,6442000
2017-03-09,25.60560417175293,26.021893658471445,25.558479208301087,25.770550532573594,6002600
2017-03-10,25.872661590576172,26.053314309773402,25.582046607193412,25.786264808892525,5165400
2017-03-13,25.935497283935547,26.100440670048947,25.67629796611724,26.076878185246116,5140200
2017-03-14,25.448524475097656,26.131863613020048,25.252162412778222,25.880520412950954,5639500
2017-03-15,26.783782958984375,26.87803890217377,25.330704958323594,25.621319959206318,7677200
2017-03-16,25.770557403564453,27.090110664472945,25.676301459037273,26.893748607745458,9823200
2017-03-17,25.794116973876953,26.312512625149424,25.74698900694423,25.904079233806435,12154000
2017-03-20,26.359638214111328,26.359638214111328,25.70771488013126,25.849095771928223,4462400
2017-03-21,26.728796005249023,26.980139139880638,26.32821882075692,26.32821882075692,7806800
2017-03-22,26.579565048217773,27.145088665067146,26.41462165871899,26.8858893419289,5400300
2017-03-23,26.40676498413086,26.838760851350685,25.935497310117743,26.658108143104098,6515700
2017-03-24,26.296804428100586,26.53243828035343,26.13971419451636,26.30466058771564,3729000
2017-03-27,26.63454818725586,26.917310017010983,26.501023432230987,26.744510455216837,8041100
2017-03-28,25.919784545898438,26.87017592681558,25.63702278054376,26.705232562440816,7314400
2017-03-29,26.069021224975586,26.171130316394418,25.762696946965793,25.841243554305937,3646700
2017-03-30,25.864805221557617,26.045457918364757,25.754842971000798,25.856949062948352,3198500
2017-03-31,25.88837432861328,26.23397348592621,25.6134686318847,25.817683864276308,4907400
2017-04-03,26.618839263916016,26.64240175133409,25.880519027760712,25.95906264998572,4680100
2017-04-04,26.854475021362305,26.854475021362305,26.57956932793366,26.72880341918816,4431600
2017-04-05,26.9487247467041,27.160796088194093,26.46174477902487,26.501019580085224,4764800
2017-04-06,26.838768005371094,26.933023962295596,26.5795716144477,26.925167801094755,3456200
2017-04-07,26.9487247467041,27.467120360486312,26.768072047563734,27.467120360486312,5300200
2017-04-10,27.184362411499023,27.24719670882668,26.5795669439541,26.744510345217147,3640200
2017-04-11,27.592802047729492,27.906979597647,27.129387390072,27.49069292078862,6272200
2017-04-12,27.55352210998535,27.820571600418678,27.082251429595495,27.608503239927135,4701200
2017-04-13,27.09796714782715,27.65563473814678,26.901605067045793,27.64778157326446,4889400
2017-04-17,27.168651580810547,27.404285426148856,27.003708188698422,27.05868931940246,4235000
2017-04-18,26.95658302307129,27.16080124083921,26.705239829085556,27.137235756483083,5122600
2017-04-19,26.328222274780273,26.933017708158292,26.19469453160094,26.870180418133454,7183700
2017-04-20,26.446044921875,26.807353445700844,26.202557847147347,26.37535744566198,6496200
2017-04-21,26.80734634399414,27.05083335421808,26.31251316785841,26.383203621592084,7208200
2017-04-24,26.477455139160156,26.846616710637313,26.312511754722312,26.36749288286826,8432500
2017-04-25,25.833389282226562,26.508875173453326,25.1579033909998,26.508875173453326,16650400
2017-04-26,25.904077529907227,25.935496172462408,25.354263270178215,25.801968439726217,8771500
2017-04-27,25.849098205566406,26.02189775541954,25.464227298051753,25.762698430639837,11899000
2017-04-28,26.55600357055664,26.673818997706007,25.833389699803245,25.896226991280482,9441600
2017-05-01,25.6684513092041,26.595280565489436,25.613470166564085,26.43033713756939,6654100
2017-05-02,25.927648544311523,25.990485850096366,25.52707120679994,25.684161475014392,5627800
2017-05-03,25.676307678222656,26.202559675766967,25.64489201868479,25.85696045461908,5597800
2017-05-04,25.354270935058594,25.534923689994244,25.2285993230926,25.354270935058594,6790300
2017-05-05,25.707721710205078,25.974774243856274,25.409250526419058,25.4642316660313,4002400
2017-05-08,25.6684513092041,25.82554157228167,25.362126944139,25.82554157228167,3308500
2017-05-09,25.73128318786621,25.786267321563734,25.385687038715027,25.45637750061496,3121900
2017-05-10,25.880516052246094,26.04545943770314,25.605607413570894,25.99833147203822,4374500
2017-05-11,26.296804428100586,26.422476015718566,25.76269943166241,25.966917634196,5236100
2017-05-12,26.508874893188477,26.728799414984813,26.35964082429052,26.532437378738972,4576700
2017-05-15,26.60312843322754,26.83090911952289,26.391057069736725,26.83090911952289,3962300
2017-05-16,26.508874893188477,26.673818284535727,26.422475117840804,26.610983990985442,3944400
2017-05-17,26.90945053100586,27.34144938209386,26.50887331919765,26.50887331919765,6451500
2017-05-18,26.16328239440918,26.79949356194347,26.116154420565145,26.720949935117385,5725400
2017-05-19,26.41462516784668,26.453896980623544,26.171135134634536,26.281097408908646,5041900
2017-05-22,26.453899383544922,26.72880509420107,26.42248073197064,26.60313348415147,3866500
2017-05-23,25.959062576293945,26.681676482950614,25.888372117993264,26.51673008275094,4713300
2017-05-24,26.43818473815918,26.46960338341175,25.699864552205327,25.8883704312269,5903300
2017-05-25,26.257532119750977,26.461747322156537,26.021898271976273,26.32036641424233,3689200
2017-05-26,26.79163360595703,26.925158336961704,26.391053420449925,26.48530934424368,4565400
2017-05-30,26.681673049926758,26.783779146142404,26.50887350825915,26.524582829887727,3911400
2017-05-31,26.823060989379883,27.01156690591206,26.626698911847814,26.66597072810472,7332500
2017-06-01,26.720949172973633,26.87803941839253,26.375353030049833,26.375353030049833,3676300
2017-06-02,26.728796005249023,27.223629112412862,26.46174355017212,26.94086733689067,4532900
2017-06-05,26.579565048217773,26.807345726809533,26.35178436962601,26.744508437716554,3103000
2017-06-06,27.846010208129883,27.86173977600994,26.791952120008613,26.972872157435617,8028700
2017-06-07,27.932533264160156,27.971866183691375,27.374040614710225,27.743748453404347,4634100
2017-06-08,27.547100067138672,27.932537531716175,27.405509937099325,27.932537531716175,5668900
2017-06-09,26.980737686157227,27.397643262822314,26.886345272868084,27.161657728578383,4610800
2017-06-12,27.043664932250977,27.24031752163478,26.71328702173239,26.74475215619709,4358300
2017-06-13,27.122329711914062,27.397645187647402,26.933544872072673,26.980739581692557,3930500
2017-06-14,26.524505615234375,27.61789367220947,26.35145035418309,27.58642853371273,6680900
2017-06-15,25.98961067199707,26.587433309427343,25.89521525502323,26.31212084495567,6799900
2017-06-16,25.83228302001953,26.15479313108236,25.73002283826393,26.076133299381272,7180900
2017-06-19,25.86375617980957,26.0525410347538,25.612041039429815,25.77722853767631,4365400
2017-06-20,25.83228302001953,25.95814055114941,25.604165307134053,25.824418237121517,3273600
2017-06-21,26.076141357421875,26.139068642092465,25.70643343268323,25.86375614538145,2643700
2017-06-22,26.351451873779297,26.48517421908058,26.076139397758453,26.25705945352657,3545800
2017-06-23,26.59529685974121,26.697554044159222,26.461571540661783,26.618894209886854,4271400
2017-06-26,26.563840866088867,26.8155560231893,26.29639313658449,26.343590853796332,3288600
2017-06-27,26.013206481933594,26.76048698487857,25.950279208366776,26.76048698487857,5678500
2017-06-28,25.98961067199707,26.29638827546003,25.698562637348942,26.099735657785743,3801700
2017-06-29,25.352453231811523,25.816553495159162,25.328855879657088,25.816553495159162,5850800
2017-06-30,25.47831153869629,25.5884365196134,25.265926360921572,25.352453988979494,4588500
2017-07-03,25.085006713867188,25.147935489711774,24.715300343322774,24.998480584793604,4024600
2017-07-05,25.70643424987793,25.95028461234611,25.171538810108622,25.27379902671544,8030800
2017-07-06,25.391788482666016,25.737899057218137,25.336725982292947,25.612041484839516,3853400
2017-07-07,25.195133209228516,25.446848327719874,25.061410865327883,25.289528629173454,4185500
2017-07-10,25.58843231201172,25.69855727482057,24.935547317924886,25.124333611457242,4399600
2017-07-11,25.918811798095703,25.96600649896156,25.32098624789833,25.588433888632863,3962300
2017-07-12,26.09187126159668,26.335721619429986,26.013211404582687,26.23346140476683,3979500
2017-07-13,25.910947799682617,26.312120819734883,25.879485661402306,26.076138278888095,3917300
2017-07-14,26.194133758544922,26.461581496648805,26.146939040496946,26.28852619532233,4396800
2017-07-17,26.532377243041992,26.73689769534219,26.288526857816848,26.327859791423336,3600000
2017-07-18,26.51663589477539,26.71328849500484,26.34358364703625,26.6503612232853,5626200
2017-07-19,26.650365829467773,26.791955966159506,26.445845409499245,26.477310551137645,4668400
2017-07-20,26.68182945251465,26.996474885014045,26.516641950759016,26.603169594730414,5921200
2017-07-21,27.05153465270996,27.106597147732465,26.768354392205115,26.86274981282735,4465800
2017-07-24,26.666099548339844,27.114467333606832,26.658231762250978,27.051537047620705,4849100
2017-07-25,28.506765365600586,28.82140775995256,27.138061798092842,27.20099207737176,8897500
2017-07-26,29.0731143951416,29.340562002701365,28.176379181758854,28.262906790187014,7671400
2017-07-27,28.664085388183594,29.379900819371233,28.59329032353071,29.316973540058065,7528300
2017-07-28,29.15178108215332,29.2068435674128,28.60115322887812,28.82140316991604,4348100
2017-07-31,29.238306045532227,29.364166585527315,28.955128832584577,29.15964620871573,5294800
2017-08-01,29.088851928710938,29.30123709457881,28.931529250214684,29.18324433553649,5270600
2017-08-02,29.002321243286133,29.21470638672926,28.703411486452275,28.87646371391393,3854000
2017-08-03,28.78207015991211,29.15964273284894,28.75847281181608,28.939392815472473,4405600
2017-08-04,28.435972213745117,28.75061462925318,28.239319578797172,28.54609720920699,4072500
2017-08-07,28.451696395874023,28.664081561478888,28.294376718253098,28.435966828656337,3291800
2017-08-08,28.113462448120117,28.616892721279328,27.924674595344854,28.546097651573742,4745500
2017-08-09,28.396635055541992,28.577558093338652,28.097725255444526,28.5303603877377,4514500
2017-08-10,28.664085388183594,28.837140657486398,28.538227828876344,28.711283098179152,4600100
2017-08-11,28.734882354736328,28.90007285031393,28.53822971776018,28.703420213337786,4370100
2017-08-14,28.333703994750977,28.59328383915686,28.207846463985653,28.55395392342024,5183600
2017-08-15,28.137048721313477,28.270771022150356,27.704413688274247,27.88533368388411,3870400
2017-08-16,28.42023468017578,28.498894520147086,28.011196910827792,28.121321887059835,4766700
2017-08-17,28.357311248779297,28.483168823504514,28.223588888431813,28.483168823504514,5008500
2017-08-18,28.184261322021484,29.340576949045925,28.144928388568513,28.664091302923566,7433100
2017-08-21,28.797807693481445,28.93939780784365,28.255044588199457,28.31011007772306,4879000
2017-08-22,28.711278915405273,29.20684429577951,28.632619077553063,28.719143698918305,3412200
2017-08-23,29.088851928710938,29.104584496628615,28.75847700448126,28.75847700448126,3033800
2017-08-24,28.963010787963867,29.183260862179157,28.821420597201975,29.05740324824439,4823200
2017-08-25,29.096721649169922,29.372034104347886,29.08885386434729,29.104586433311844,4172200
2017-08-28,30.127172470092773,30.607005210589033,29.293367511821913,29.316964859492217,9008700
2017-08-29,29.922657012939453,30.591274578410264,29.71027186844538,30.591274578410264,7078800
2017-08-30,29.93839454650879,29.969856683717424,29.733874150908765,29.875464270730102,3991500
2017-08-31,30.158662796020508,30.229457898855305,29.938412698615597,30.001340011867345,6009400
2017-09-01,30.41036033630371,30.53621789017749,30.064252813321023,30.355297844026484,3958500
2017-09-05,30.481159210205078,30.764339492008872,30.21371149968829,30.66207927898391,6590900
2017-09-06,30.19011878967285,30.638486637976964,29.883341104062836,30.45756654135264,6326900
2017-09-07,31.149765014648438,31.173365362849413,30.3631547566959,30.449682365179477,5894400
2017-09-08,30.92165756225586,31.110442387997345,30.701404597983185,31.055379897099353,5478700
2017-09-11,30.064250946044922,30.898056063416163,29.899060478792357,30.528351209757073,5813700
2017-09-12,30.166501998901367,30.22943225946071,29.859724480374503,30.001314565953052,2828800
2017-09-13,29.85519790649414,30.154693494794614,29.74485711011384,30.06799930232524,3822500
2017-09-14,29.997060775756836,30.138928350617245,29.48476086580972,29.69756222810033,7749900
2017-09-15,29.8315486907959,30.060113467036096,29.595103718316114,30.036469871756402,4936400
2017-09-18,29.776386260986328,29.91037368538109,29.642401843153316,29.658165246409272,4079200
2017-09-19,30.02069664001465,30.067986821645995,29.752724957223613,29.80001513885496,3408400
2017-09-20,29.658159255981445,30.509361813942913,29.27984667393622,30.162576032041745,6197300
2017-09-21,29.500524520874023,29.88671725070176,29.216789368680146,29.271959758655537,4408500
2017-09-22,29.863067626953125,29.926121206513724,29.587215732775896,29.587215732775896,2859900
2017-09-25,30.446304321289062,30.469947912759054,29.68179612711442,29.831543884025134,4058500
2017-09-26,29.926124572753906,30.399014446410792,29.855190791049324,30.16256950958235,5120100
2017-09-27,29.327138900756836,29.555703731186142,29.067050271334463,29.32713890075684,6567700
2017-09-28,29.650278091430664,29.807909096428567,29.25620208221658,29.335019087996205,5976900
2017-09-29,29.563579559326172,29.70544715679051,29.366541563576952,29.70544715679051,2775000
2017-10-02,29.85519790649414,29.934011902034012,29.42171491790244,29.42171491790244,3461600
2017-10-03,30.131046295166016,30.1625730922373,29.85519433719439,29.97341531637044,2658000
2017-10-04,30.012819290161133,30.328078177895282,29.76060797078947,30.18621062611883,2984900
2017-10-05,29.910358428955078,30.186210328825723,29.870951444196447,30.044342778446474,2441000
2017-10-06,29.997060775756836,30.08375495456199,29.46111727218656,29.878836794519582,5167500
2017-10-09,30.170448303222656,30.29655246411101,30.083751128881843,30.154684907291564,2014100
2017-10-10,29.870952606201172,30.399012836941306,29.823662418715056,30.359605850649707,2735300
2017-10-11,30.012819290161133,30.209857222455067,30.012819290161133,30.020699484566382,3375600
2017-10-12,30.25714874267578,30.367489519540154,29.9340066076184,30.02858398685062,2754700
2017-10-13,30.414777755737305,30.61969589865073,30.20197641123462,30.4857115372382,2230600
2017-10-16,29.9418888092041,30.54088286640698,29.8315450294662,30.54088286640698,3928600
2017-10-17,30.225614547729492,30.312311710201218,29.595093829607773,29.689671185686045,3923800
2017-10-18,29.839431762695312,30.23350771728651,29.839431762695312,30.03646973999091,3320100
2017-10-19,29.823667526245117,30.154689875657027,29.744853540164428,30.012825302023955,4402200
2017-10-20,29.784255981445312,29.926123539958414,29.59509823457438,29.847306559362032,3477600
2017-10-23,29.453229904174805,29.697558027779856,29.29559895367349,29.54781027841178,4231400
2017-10-24,29.26407814025879,29.610863861325615,29.240431541018346,29.413825904832066,4038100
2017-10-25,28.964580535888672,29.303486072479707,28.523214416789465,29.224672089972323,8935900
2017-10-26,28.223716735839844,29.31136404338102,27.64048308724606,29.16949648038687,8556300
2017-10-27,28.215835571289062,28.649318486595096,28.113374989160498,28.16854838458411,4602400
2017-10-30,28.55474090576172,28.680845080355706,28.073967800571936,28.215835372810258,4744300
2017-10-31,28.499570846557617,28.609911624782097,28.278889290108662,28.523214440016947,4114400
2017-11-01,28.12913703918457,28.736014294160427,28.05032306074534,28.657200315721195,4001700
2017-11-02,28.751781463623047,28.767544862691288,28.192194326224776,28.231601320614903,5469600
2017-11-03,28.404993057250977,28.75966198683876,28.184308497418208,28.66508160124157,3430000
2017-11-06,28.665084838867188,29.003990409133692,28.468046856459267,28.47593005942975,4346800
2017-11-07,28.404993057250977,28.806949173076685,28.365586066532483,28.672964803321673,4340000
2017-11-08,28.617794036865234,28.759661606825794,28.48380666231998,28.562623649276198,3161200
2017-11-09,28.278892517089844,28.704492280727646,28.168551726274078,28.546864297597157,4218400
2017-11-10,27.995155334472656,28.436521472725996,27.971511740006513,28.247363697314324,4663200
2017-11-13,28.144899368286133,28.389227502674125,27.97938821590738,28.050321996435482,4428500
2017-11-14,28.594148635864258,28.649319025765458,27.971510948899184,28.026681338800383,4108400
2017-11-15,28.4365234375,28.751782409553954,28.326179640392013,28.74390221304105,5011800
2017-11-16,28.444406509399414,28.531103712610633,28.255248701796628,28.42864310821907,2738800
2017-11-17,28.538969039916992,28.625666197955347,28.318287551499207,28.475918474608964,3139100
2017-11-20,28.633560180664062,28.75966436532875,28.420758805312236,28.491692597096176,2971900
2017-11-21,28.665084838867188,28.95670321755484,28.60991444431785,28.75966523514692,4109700
2017-11-22,28.933055877685547,29.098567057114593,28.743901103069767,28.79907149621278,4144300
2017-11-24,28.909406661987305,29.20890517122212,28.893643266073855,28.94881364849075,1705600
2017-11-27,29.24043083190918,29.248314033651692,28.90152531443422,29.137973261740875,4760500
2017-11-28,29.27195167541504,29.626620517718116,29.232544694394683,29.26407148183494,4724100
2017-11-29,28.846351623535156,29.090679738030964,28.625670104997138,28.92516859912745,4232800
2017-11-30,29.153738021850586,29.319249187455863,28.649318316362944,28.649318316362944,9372400
2017-12-01,29.31136131286621,29.64238659786923,28.988219228717664,29.216783948534008,5074400
2017-12-04,29.035511016845703,29.35077292410159,28.893643459236593,29.35077292410159,3777300
2017-12-05,28.531097412109375,29.003987316846377,28.428636830344104,28.846356346413813,5984100
2017-12-06,28.239484786987305,28.688731141661634,28.200074785668416,28.570507150826927,5797400
2017-12-07,28.369792938232422,28.53565427090448,27.998586652887447,28.061769483489353,4047700
2017-12-08,27.9591007232666,28.590944177599813,27.777442905582763,28.298717144883312,5314100
2017-12-11,27.38254165649414,28.235532619569366,27.264072697978616,27.785343948902124,7943900
2017-12-12,27.319353103637695,27.39043566903473,27.011329657872786,27.343046287814452,6460400
2017-12-13,28.23552703857422,28.44877473719278,27.303556954033894,27.36674279638019,7527300
2017-12-14,28.354001998901367,28.496167146417527,27.943303018617694,28.235530038348863,4414400
2017-12-15,28.330293655395508,28.662013195031903,28.306600478587843,28.59882737305704,11602000
2017-12-18,28.94635581970215,29.191193453009138,28.43298134035446,28.472470989642638,4531100
2017-12-19,28.70940589904785,29.049022235119914,28.567240781023898,28.867367476059634,3151700
2017-12-20,28.914766311645508,29.001645358065257,28.519863746368443,28.81209080107058,2814100
2017-12-21,29.009540557861328,29.16750217823716,28.86737540080981,28.891071602229935,3669000
2017-12-22,29.15959358215332,29.214882693426567,28.993735286932775,29.112207219442535,2217800
2017-12-26,29.6729793548584,30.044188740856963,29.15960480030155,29.222790658713034,4347700
2017-12-27,29.696666717529297,29.886221242697207,29.57819777555795,29.712463179032206,4042000
2017-12-28,29.625598907470703,29.862542935199222,29.483436708849442,29.862542935199222,2244900
2017-12-29,29.633487701416016,29.830938976335204,29.51501573131756,29.77565286038722,2725900
2018-01-02,30.138961791992188,30.249534021352474,29.87042794374552,29.909917595250292,5325800
2018-01-03,29.8862247467041,30.217941438556316,29.609794170160587,30.178451786602572,5143600
2018-01-04,30.217933654785156,30.217933654785156,29.515007787324794,29.81513448802543,3876000
2018-01-05,30.328514099121094,30.35220728570205,30.028387346671696,30.154756029881906,2877300
2018-01-08,30.296918869018555,30.423287542610076,29.98099567860634,30.289019132181494,4719800
2018-01-09,30.09947395324707,30.26533230727642,29.973105253100783,30.131066881500505,3902600
2018-01-10,30.28114128112793,30.407510033479593,30.07579318838225,30.38381683393513,3542100
2018-01-11,30.676025390625,30.723414773820583,30.32851228579136,30.336409009890513,4093300
2018-01-12,31.42633628845215,31.46582592911254,30.69181752327635,30.83398263994692,5068400
2018-01-16,31.592205047607422,31.765963139486846,30.905075431424848,31.426346694195672,6917800
2018-01-17,31.15782356262207,31.78966727862983,31.12623062360456,31.34737517099015,5215700
2018-01-18,30.99195671081543,31.592207324315652,30.936667576159618,31.181508267555426,4669400
2018-01-19,31.173603057861328,31.30786845627446,30.984048539838664,31.30786845627446,3960100
2018-01-22,31.32366371154785,31.347356895563674,30.99194708385938,31.236784686334186,2860900
2018-01-23,31.84494400024414,31.93971977640691,30.881380735175277,31.22099719703176,3284000
2018-01-24,32.83220672607422,33.20341618849703,32.51628339470993,32.51628339470993,8014400
2018-01-25,32.200355529785156,33.11652936058661,32.12137320902018,32.974364196077126,5814400
2018-01-26,32.4214973449707,32.61894861139911,32.24774227926342,32.263535729254535,3338400
2018-01-29,31.65540313720703,32.31883680724001,31.623810196862046,32.20826452890118,4742300
2018-01-30,31.67119026184082,32.02660323748536,31.315780299064297,31.686986728854805,4204300
2018-01-31,31.995006561279297,32.07398888711133,31.457941809959813,31.900230783148526,5987600
2018-02-01,31.876543045043945,32.39781443324007,31.72647810672488,31.77386751033114,4339300
2018-02-02,30.778701782226562,31.50532093529754,30.723415673313205,31.49742421096719,5936200
2018-02-05,29.854625701904297,31.18149822313264,29.823032781668694,30.936657610606762,8489700
2018-02-06,29.720367431640625,29.878329057801874,29.23858582763916,29.54660934157651,8980000
2018-02-07,29.246484756469727,29.902024499921044,29.128015787574384,29.71246993167378,8964000
2018-02-08,28.914766311645508,29.40444464898618,28.86737691917997,29.37285172067582,13378900
2018-02-09,29.033235549926758,29.1280143357602,28.417188506346886,29.1280143357602,11000500
2018-02-12,29.151708602905273,29.372853085619326,28.76470274528807,29.14381187689446,6256700
2018-02-13,29.23858070373535,29.404439026348545,29.01743627358443,29.167498135063,5421600
2018-02-14,30.802392959594727,31.04723357800816,29.1043111169319,29.167496958922506,8195500
2018-02-15,31.126211166381836,31.142007626016106,30.39169236415449,30.960352859521883,5359800
2018-02-16,30.8892765045166,31.110420958100146,30.549660086303465,30.912969692295636,5395600
2018-02-20,30.320615768432617,30.87347991295302,30.16265415387433,30.59704934712642,5718400
2018-02-21,30.138961791992188,30.905073685227425,30.083675677312044,30.470681492940326,5736600
2018-02-22,29.720367431640625,30.58915185622636,29.68087777831717,29.98890129225452,4903500
2018-02-23,30.557558059692383,30.60494745005374,29.767752964207123,29.854632006769275,4812800
2018-02-26,31.055139541625977,31.094629198186034,30.525971515412348,30.81819858939797,4770400
2018-02-27,30.360097885131836,31.04723028602145,30.138953487346555,30.881368974816034,5350800
2018-02-28,30.170549392700195,30.841882388380924,30.146853195686305,30.39169381238481,6266300
2018-03-01,30.09947395324707,30.225842653393354,29.33336201387226,30.044187835237285,6502700
2018-03-02,29.957300186157227,30.478571301176032,29.957300186157227,30.233730696823788,5202900
2018-03-05,30.233734130859375,30.304816700656914,29.601890739807335,29.846731371969287,4398500
2018-03-06,30.683917999267578,30.928758593638722,30.34430166408387,30.510162976588955,6411500
2018-03-07,29.883331298828125,30.818671864840802,29.811991661631808,30.588799364567905,5732400
2018-03-08,29.85163688659668,30.0339486987778,29.582131811249777,29.899197672986425,4149600
2018-03-09,29.89126968383789,30.002241829506207,29.518720769632,29.843711920702436,5675400
2018-03-12,30.10527801513672,30.14491047828561,29.550414459762933,29.57419635666276,3691700
2018-03-13,30.295509338378906,30.493674620762313,30.12904820311754,30.18453726404616,3895400
2018-03-14,30.271747589111328,30.54918098329089,30.17662903693526,30.366869165051654,3480000
2018-03-15,29.574201583862305,30.184551300275633,29.542494398233746,29.986385925742617,4156900
2018-03-16,29.637603759765625,29.827843790902048,29.296759179144786,29.64553206560111,10404900
2018-03-19,29.701026916503906,29.80407073281169,29.415668297083798,29.637612546071164,5226600
2018-03-20,29.56627655029297,29.756516661371403,29.479083292038855,29.677248688520397,3516500
2018-03-21,30.295509338378906,30.541232353326496,29.590041416895943,29.73271763835073,5200500
2018-03-22,29.812002182006836,30.47783802288539,29.796148587728307,30.327230389121333,4823100
2018-03-23,30.72355079650879,31.048541810028226,30.247955223862796,30.32722014471616,6879800
2018-03-26,31.6192684173584,31.730240549403828,31.032700569757164,31.032700569757164,7583300
2018-03-27,30.93757438659668,31.42109833865561,30.83453057866797,31.278419040547618,5873700
2018-03-28,30.430269241333008,30.834528229764583,30.295518261031237,30.77904217625643,5371500
2018-03-29,30.96927833557129,31.04854326012666,30.335149867839185,30.335149867839185,4651000
2018-04-02,31.12781524658203,31.405245542279246,31.056475595722258,31.222933773140586,4128400
2018-04-03,30.779041290283203,31.032692677237183,30.596726521132172,31.032692677237183,3488800
2018-04-04,30.905872344970703,31.135741875435887,30.786971913814153,31.072330529579013,4202800
2018-04-05,31.12781524658203,31.21500848916214,30.62843769056361,30.74733811658438,4815300
2018-04-06,31.14366340637207,31.397314782129833,30.95342336267229,31.230856633744345,4107000
2018-04-09,30.58087730407715,31.191223902018752,30.255883237459543,31.191223902018752,5983100
2018-04-10,31.286344528198242,31.47658155935361,30.71562738720597,30.74733456698623,4794700
2018-04-11,32.21376419067383,32.61009495684603,31.587560854418456,31.706461293775625,9140100
2018-04-12,32.02351760864258,32.293022570575936,31.571700911248847,31.95217797096131,5722200
2018-04-13,32.97471237182617,33.27592454446319,32.40399823138519,32.40399823138519,5578000
2018-04-16,32.832027435302734,33.18080031957295,32.594229665694755,33.093607098505395,3876100
2018-04-17,32.800331115722656,33.125322184001654,32.681430690645506,32.87167076601626,4155300
2018-04-18,32.57045364379883,33.21251039926776,32.48326041510716,33.09360999218586,7317000
2018-04-19,33.244224548339844,33.26007814230114,32.68936387851387,32.760703539457765,5464700
2018-04-20,32.776546478271484,33.1411730069573,32.64179549662044,33.06983336262346,3779900
2018-04-23,32.54668045043945,32.66557785450291,32.142421414838644,32.38814755459136,3383700
2018-04-24,32.53874588012695,32.887518788620156,32.38814132112673,32.681425156553644,4052400
2018-04-25,32.118656158447266,32.54669425161432,31.983902081517737,32.14243504459051,5238300
2018-04-26,32.31680679321289,32.65765144926788,31.82535755434238,32.142420311390325,2880000
2018-04-27,32.229618072509766,32.42778345736872,31.975966621791407,32.30095773200954,3454400
2018-04-30,31.14366340637207,31.983882454658566,31.119881511057777,31.95217830051103,5900800
2018-05-01,31.08819007873535,31.13574784129957,30.65222376346901,30.929657148071602,4192400
2018-05-02,31.06440544128418,31.397324868771086,30.79490038999054,31.24671723719401,6061900
2018-05-03,31.555850982666016,31.59548344736088,31.135738390363358,31.325978454167252,4935500
2018-05-04,31.42903709411621,31.508302053298003,31.26257584181145,31.333915514580813,3746800
2018-05-07,31.603418350219727,31.896705330511338,31.41318125227484,31.42903484773094,3164200
2018-05-08,31.690601348876953,31.690601348876953,31.08025172844581,31.421096360943242,3732200
2018-05-09,31.674760818481445,31.93634063098899,31.540009780836527,31.65098193507691,3096200
2018-05-10,32.03936767578125,32.13448920705334,31.801569895126686,31.80949820128078,3093200
2018-05-11,32.01559829711914,32.21376367704562,31.80950763245165,32.039377175105926,3015800
2018-05-14,32.01559829711914,32.37229658573954,31.83328651043843,32.12657042607577,3820800
2018-05-15,31.31805419921875,31.500369003178708,30.89001929186214,31.452808225133026,4709400
2018-05-16,31.460742950439453,31.500378455919957,31.23879863381839,31.302213023575572,3167500
2018-05-17,31.19916534423828,31.476595732830887,31.064411281375833,31.476595732830887,3091000
2018-05-18,31.040626525878906,31.143673375190808,30.913800797404214,31.080258999071518,3623700
2018-05-21,31.20707893371582,31.238786115888782,30.73148329617462,31.056474354039214,2758100
2018-05-22,30.747331619262695,31.302195117170495,30.73147803089244,31.175369433971237,3305900
2018-05-23,31.381473541259766,31.413180731646463,30.731491257152975,30.731491257152975,4101600
2018-05-24,31.682676315307617,31.730234062882815,31.37353886101605,31.405243018145114,3585900
2018-05-25,31.2625732421875,31.666832362186046,31.119893908513205,31.571713814324553,3788600
2018-05-29,30.858314514160156,31.429031800182944,30.810753732403636,30.921725866071654,5239600
2018-05-30,31.06440544128418,31.18330588476462,30.731489037561154,30.929654427519303,2619200
2018-05-31,30.858314514160156,31.19123091516421,30.69978159873562,31.175380345009227,6983900
2018-06-01,30.628440856933594,30.953431961389402,30.46990794710457,30.826606238278934,4140000
2018-06-04,30.319305419921875,30.77905058749994,30.240040471466877,30.747343398612358,3367100
2018-06-05,30.55709457397461,30.794892375282124,30.32722205574667,30.374782825513414,3003800
2018-06-06,30.755990982055664,30.779856532732566,30.390038376012345,30.612791608423898,6265900
2018-06-07,30.692338943481445,30.962823193009957,30.57300515769067,30.86735798524788,3642300
2018-06-08,30.53323745727539,30.70030237998434,30.39799225690256,30.70030237998434,3657100
2018-06-11,30.68438148498535,30.779846691956486,30.374117286241013,30.493451071043086,2947000
2018-06-12,30.859403610229492,31.12989089274073,30.684381534844512,30.938957443704002,4227900
2018-06-13,30.78780746459961,31.066248948364724,30.57300844793028,30.994649276141615,4064700
2018-06-14,31.153764724731445,31.177630274166727,30.875323198703093,31.018522564884822,3762800
2018-06-15,30.549144744873047,30.86736316911636,30.246834662274868,30.86736316911636,11737300
2018-06-18,30.573013305664062,30.676435745260093,30.382079804470234,30.44572531646319,3530500
2018-06-19,30.509368896484375,30.692348232685706,30.278661494133203,30.374126730788348,3981800
2018-06-20,30.19114112854004,30.71620432056751,30.127495633853453,30.62073911332185,3791300
2018-06-21,29.45128059387207,30.230919738749915,29.32399263215292,30.151365900719593,5091600
2018-06-22,29.801321029663086,29.92065481868898,29.56265648639562,29.618344778665218,5713600
2018-06-25,29.42742347717285,29.753599162166022,29.236489962520267,29.562665647513438,4024800
2018-06-26,29.57061195373535,29.72972266782397,29.11714839119268,29.156928345803173,3771100
2018-06-27,29.419464111328125,29.825196662146475,29.395598561792355,29.4433296608639,2770500
2018-06-28,29.435375213623047,29.642217055494452,29.33990998158894,29.642217055494452,4037100
2018-06-29,30.000221252441406,30.34230835419375,29.395603953289356,29.483115030684456,4935900
2018-07-02,29.872926712036133,30.095682960758275,29.618350743312195,29.809284237247613,2813100
2018-07-03,29.944520950317383,30.708248717677094,29.880878487096265,30.2070540774135,3885700
2018-07-05,30.573013305664062,30.708255466471527,30.09568410485706,30.151372410458375,3650300
2018-07-06,30.095680236816406,30.429810027480336,30.024080562419183,30.382075899620638,4052500
2018-07-09,30.063859939575195,30.54914632402536,29.857015070079267,30.43776668325876,4166500
2018-07-10,30.159317016601562,30.199093931588816,29.658119390366753,29.761541797160877,4242800
2018-07-11,29.491058349609375,29.94452191577357,29.403547304422517,29.888833620615475,4640300
2018-07-12,29.538789749145508,29.833142572790802,29.50696700205299,29.650166329185122,2671400
2018-07-13,29.308090209960938,29.491066521149648,29.244444692268175,29.36377852054944,2089100
2018-07-16,29.037599563598633,29.308086913801635,28.93417712637205,29.252398609476163,3121300
2018-07-17,29.38763999938965,29.546750736784702,28.806888387464866,28.846665313117406,4662500
2018-07-18,29.578561782836914,29.713803883478267,29.069410052543386,29.117141130518593,4088500
2018-07-19,29.443326950073242,29.833148087049313,29.117151319046226,29.156931277656767,4391500
2018-07-20,29.45128059387207,29.72972206176259,29.316035427479253,29.61039130471711,3575100
2018-07-23,29.093290328979492,29.729730314240378,29.053513398922917,29.395600460022877,4837000
2018-07-24,29.538789749145508,29.674031872112412,29.196702804861438,29.3478563013746,5220300
2018-07-25,29.809284210205078,29.82519558758401,29.395597502707737,29.71381594593151,4076800
2018-07-26,30.07976531982422,30.732116483187667,29.276257620091773,29.578567658045465,6702200
2018-07-27,29.34786033630371,30.167276460497256,29.24443791142596,30.151368119548017,4662700
2018-07-30,29.220571517944336,29.427416361702214,29.09328355054892,29.260348438733306,3860400
2018-07-31,29.180803298950195,29.331956856936483,28.92622728824411,29.22853743900212,4952300
2018-08-01,28.989864349365234,29.23648614131109,28.814845271492725,29.037598480485844,3800600
2018-08-02,28.822803497314453,29.00577980683998,28.655738567067484,28.775069359478763,4546000
2018-08-03,29.00577163696289,29.292170313738275,28.798929834172025,28.973948887369087,5108400
2018-08-06,28.806888580322266,29.236486663729526,28.735288899754387,28.87053408962034,4999200
2018-08-07,28.695518493652344,29.125116674667233,28.62391879681653,29.037605596891723,5070000
2018-08-08,28.76711082458496,28.95804431218659,28.639822844445487,28.79893357831604,4406700
2018-08-09,28.40911293029785,28.96599899121877,28.385247381973418,28.80688825455781,5400500
2018-08-10,28.321605682373047,28.60800443992362,28.154540752063642,28.28978595858932,3537700
2018-08-13,27.565834045410156,28.417073084869784,27.43058884304034,28.13862850812497,5416900
2018-08-14,27.000993728637695,27.693125126836186,26.94530541404042,27.669256538590542,5081000
2018-08-15,25.29850959777832,26.770280094081933,25.123489004258403,26.62708073693272,11054700
2018-08-16,25.139402389526367,25.7440211027969,25.099623944144565,25.433755298389006,10189800
2018-08-17,25.505352020263672,25.74401658106479,25.020065693590155,25.25077456671227,9395900
2018-08-20,25.370107650756836,25.823571241078604,25.195087068451407,25.680371893104926,6189700
2018-08-21,25.417837142944336,25.481479600001492,25.14734987218722,25.449658371472914,4545800
2018-08-22,25.71219825744629,25.83153207578588,25.537176133157566,25.632644401743267,4961800
2018-08-23,25.187131881713867,25.505353335717516,25.028021154712043,25.465573377878535,7476200
2018-08-24,25.481481552124023,25.871302632555413,25.314416675418137,25.433748946978366,5403900
2018-08-27,25.656503677368164,25.847437133062982,25.48148159587994,25.53716988821086,4579700
2018-08-28,25.33033561706543,25.847444810633668,25.211003309854533,25.799710673835218,4710500
2018-08-29,25.250776290893555,25.378064267664637,25.163265237841294,25.290554732004754,4871800
2018-08-30,24.701845169067383,25.09962046336729,24.495003351336678,25.083710604813465,6160800
2018-08-31,24.685935974121094,25.004155914636947,24.447269880689927,24.463181257063813,5266400
2018-09-04,23.938119888305664,24.375672151797417,23.890387272762972,24.335895225077255,7235800
2018-09-05,23.969940185546875,24.240427525328172,23.86651926969752,24.23247183681785,6077500
2018-09-06,24.057449340820312,24.256336985685618,23.882428759600074,24.09722778022876,5304100
2018-09-07,23.969940185546875,24.129050920968496,23.747186976827518,23.914251883367037,4473100
2018-09-10,23.659679412841797,23.969943723578172,23.588079723072994,23.850611413094388,4148600
2018-09-11,23.57216453552246,23.73127526872428,23.19825628510832,23.476699309515297,4991000
2018-09-12,24.10771369934082,24.331525914971447,23.43627857704492,23.468252404104717,6621300
2018-09-13,24.155670166015625,24.69921296740005,23.779986888397946,24.427441566707838,5274500
2018-09-14,24.283565521240234,24.603297698021223,24.075741740767008,24.075741740767008,5619900
2018-09-17,24.49138832092285,24.61128863724833,24.21961691321792,24.403463353438916,4716200
2018-09-18,24.659252166748047,24.851090572024678,24.427446474166207,24.62727833690388,3992100
2018-09-19,25.194799423217773,25.378644355004532,24.79513573258778,24.947006837318067,5752500
2018-09-20,25.178808212280273,25.53051262689417,24.97098294567187,25.458573052891424,5490800
2018-09-21,25.226778030395508,25.394637615201756,24.851094616166463,24.947013072116004,11595500
2018-09-24,24.851093292236328,25.650420830681767,24.827112917228302,25.33069012022285,8393900
2018-09-25,24.978979110717773,25.362655863955386,24.795134190365903,24.970985654450836,6117900
2018-09-26,23.875911712646484,24.867077572274862,23.843937882692604,24.867077572274862,8672800
2018-09-27,23.963834762573242,24.227612740028267,23.42029189397598,23.652097568652575,7219900
2018-09-28,24.13968276977539,24.427439533632356,24.051756287282483,24.16366161074932,4704400
2018-10-01,24.259584426879883,24.37148976362451,23.99580647269907,24.139685633996944,3437300
2018-10-02,24.915042877197266,25.03494171961297,24.39548021033156,24.47541328014086,7426700
2018-10-03,24.363500595092773,25.25075456284232,24.355507137547733,25.026942325369642,5430300
2018-10-04,24.275577545166016,24.531362108599396,24.067752206227325,24.4194552186501,4330300
2018-10-05,24.443431854248047,24.57931757336104,24.339519962971536,24.37948572317111,5168000
2018-10-08,24.395471572875977,24.427443874721693,23.78798259184781,23.98781443332039,5122300
2018-10-09,24.0677490234375,24.411460056821348,23.931863301508912,24.33952046729468,4048800
2018-10-10,24.427440643310547,24.65125282500714,23.9958047156191,24.435434098863542,6746100
2018-10-11,26.15399169921875,26.297870865227015,24.699214650931992,24.91503339994439,12410800
2018-10-12,25.610450744628906,26.010114446451983,25.07490132320214,25.890214116228236,9036300
2018-10-15,26.106027603149414,26.57763079792231,25.970143435614037,26.026096098621714,6878000
2018-10-16,25.810279846191406,26.329840773701775,25.554493823610674,26.249909261528405,4732600
2018-10-17,25.66640281677246,26.153993009427673,24.779148931670946,25.746334335584926,5330800
2018-10-18,25.87421989440918,26.265891553217642,25.370644443162814,25.546495873443405,6171900
2018-10-19,25.730342864990234,26.138001466634265,25.626432518775555,25.946161586591526,5932400
2018-10-22,25.55449676513672,25.8582405103081,25.122860756251487,25.650416725220126,6233800
2018-10-23,25.906198501586914,26.209943739098673,25.39462950105664,26.15399107024016,9212500
2018-10-24,25.386638641357422,25.994127653918156,25.258746378144217,25.786300820451654,6791000
2018-10-25,23.660093307495117,25.36266013989871,23.228455743885217,24.947009491517953,13657700
2018-10-26,23.979820251464844,24.771154136811674,23.74801459056131,23.859921455126702,9291100
2018-10-29,24.587308883666992,25.098877887618738,23.740022339722945,24.067746423454018,6416300
2018-10-30,24.779146194458008,25.00295838635922,24.355502178407935,24.523361703482806,6532300
2018-10-31,24.71520233154297,24.7231957881913,24.02778030574597,24.523363945770868,8680500
2018-11-01,25.626436233520508,25.72235466285025,24.986973431406447,25.18680527120535,5395100
2018-11-02,25.91419219970703,25.970147921571673,25.35466394838432,25.514530034245656,5260800
2018-11-05,25.890214920043945,26.114025624272077,25.482557748576316,25.946167596100977,4309400
2018-11-06,25.82626724243164,25.994125250656307,25.610448496489163,25.9781383380837,3806800
2018-11-07,25.97814178466797,26.209947473937287,25.674396503873417,25.98613371741868,5072200
2018-11-08,25.91419219970703,26.11402404473571,25.68238957685966,25.91419219970703,3802100
2018-11-09,25.59446144104004,25.79429327329439,25.18680432028966,25.554494159831638,4082800
2018-11-12,25.202795028686523,25.54650455127119,25.10687506393528,25.538512618421695,5148500
2018-11-13,25.10687255859375,25.370650529592886,24.723195787067,25.218777902473395,5414300
2018-11-14,25.898204803466797,26.177968128676795,25.050916798386922,25.19479595112108,6549200
2018-11-15,26.265897750854492,26.329842354594195,25.82626830912133,25.98613134306654,5725000
2018-11-16,26.63358497619629,26.89736444468952,26.489705820507545,26.64957188784966,6020500
2018-11-19,26.209943771362305,26.937331516610133,26.090043452694033,26.609607434667524,5785500
2018-11-20,26.29787254333496,26.497704392298928,25.874226950080768,26.497704392298928,4627100
2018-11-21,26.84940528869629,26.937331783364836,26.3458282141712,26.3458282141712,4663300
2018-11-23,25.946165084838867,26.649574007578934,25.858238588347376,26.649574007578934,2598300
2018-11-26,25.954160690307617,26.481716632756747,25.826268433022737,26.04208718891446,4285100
2018-11-27,25.5465030670166,26.0580721170447,25.298711998983745,25.92218792215251,5086800
2018-11-28,26.130016326904297,26.15399822668559,25.258750706197656,25.586473352814796,4735200
2018-11-29,25.85024642944336,26.337836597201505,25.85024642944336,26.305862771632352,3673600
2018-11-30,25.85024642944336,25.882220255012513,25.38663663086208,25.730346108154958,7679800
2018-12-03,26.55365562438965,26.641582121030705,26.050078538567508,26.2179365507776,4446500
2018-12-04,27.009267807006836,27.281039186907854,26.633583033534176,26.72950144726648,6370900
2018-12-06,26.214641571044922,27.137693559652295,26.022003542666155,26.93703035011831,9165900
2018-12-07,26.80057716369629,27.065454063936187,26.142402096398833,26.439382782404387,6958000
2018-12-10,26.912954330444336,27.68350354377765,26.752426178633197,26.816636826982005,8010700
2018-12-11,26.760446548461914,27.242037041035143,26.656100819049232,27.10558752416121,5322100
2018-12-12,27.35441780090332,27.48284216824603,26.84874551491958,26.88887755561197,4670500
2018-12-13,27.322303771972656,27.482834954484034,27.025320012669432,27.402567832289527,5358900
2018-12-14,26.736370086669922,27.08151109004974,26.656102956885128,26.94505850035455,5086300
2018-12-17,26.97715950012207,27.23400813595948,26.816628337254375,26.920974052399966,6937100
2018-12-18,27.41862678527832,27.771793008511857,26.84874388123844,26.84874388123844,7394100
2018-12-19,25.75713348388672,27.827976518461213,25.68489459536214,27.474810320051077,10052400
2018-12-20,27.362436294555664,27.5952063602923,26.431359093486815,26.487544549095286,10694100
2018-12-21,26.912954330444336,27.82797826803203,26.848743682095527,27.46678686457874,16320500
2018-12-24,27.755739212036133,27.84402846052306,27.21796016794049,27.27414562692211,4266700
2018-12-26,27.715606689453125,28.12496142789058,27.362440477090637,27.988508827785374,5665200
2018-12-27,28.084836959838867,28.08483695983887,27.563111152400854,27.81995993277308,5537300
2018-12-28,27.667449951171875,28.15706877215844,27.51494392123154,27.956405521713336,5419500
2018-12-31,27.81192970275879,27.860086926668295,27.38652149966143,27.66745190727341,4149100
2019-01-02,27.675474166870117,27.916269446614237,27.24204082620384,27.651395557459136,4094800
2019-01-03,27.5952091217041,27.988507350320177,27.330332180006014,27.884164671964562,5763200
2019-01-04,27.5952091217041,27.683501435603464,26.71228904458847,27.217961257544278,8622600
2019-01-07,27.266122817993164,28.036668946982992,27.129670218678097,27.827977456707742,4868600
2019-01-08,27.346385955810547,27.354414200019264,26.80058170098307,26.99321975757784,6457200
2019-01-09,27.58718490600586,27.723637518833403,27.26612551807233,27.306257558829216,5259700
2019-01-10,27.948373794555664,28.036666103650422,27.442701609117044,27.5309939182118,5008400
2019-01-11,27.996538162231445,28.23733345557459,27.8841672294632,28.020616773002278,3821500
2019-01-14,25.508312225341797,26.880849615605328,25.403966480739445,26.36714913703581,28513700
2019-01-15,24.898292541503906,25.660811853932678,24.617363729161152,25.500282197550295,15514100
2019-01-16,25.33173179626465,25.65279273500616,24.88224648202653,24.946458669774835,8730200
2019-01-17,25.3798828125,25.395934705367875,25.05079374821902,25.323695829176778,5386400
2019-01-18,25.500282287597656,25.797262994970154,25.13908788031882,25.283565643230354,8021500
2019-01-22,25.765159606933594,25.837398498095684,25.243437003543498,25.492259000357887,8188700
2019-01-23,25.845428466796875,26.07017033790381,25.468180558685926,25.612658350648488,8544500
2019-01-24,25.829374313354492,25.877534596615885,25.55647216529647,25.684896525448583,6683400
2019-01-25,26.6159725189209,26.648079372760062,26.142407141366654,26.214646031565714,10288800
2019-01-28,26.415311813354492,26.8888772364112,26.222673733688037,26.760452870593028,10985700
2019-01-29,26.920976638793945,26.96110866789718,26.31898701661274,26.736366855417014,8387900
2019-01-30,27.05743408203125,27.442707185745064,26.535711426990616,26.953091388150195,6900700
2019-01-31,27.378490447998047,27.49086136220589,26.912950304133815,27.185852408014764,8441500
2019-02-01,27.161775588989258,27.418624284620712,26.776502545542073,27.39454567624213,6208800
2019-02-04,27.41862678527832,27.458758823528775,26.736372949385874,26.832690453562613,5382900
2019-02-05,27.386518478393555,27.410600149570058,27.049405700703414,27.370465051568583,4709300
2019-02-06,27.274147033691406,27.539023978447847,27.14572268341259,27.14572268341259,4864300
2019-02-07,27.073490142822266,27.522977005126446,26.95309400851349,27.185861092928626,4099300
2019-02-08,27.161775588989258,27.274146510593273,26.89689864931296,27.17782901520097,4209200
2019-02-11,27.009273529052734,27.19388334379644,26.816635469997784,26.90492778615305,3945800
2019-02-12,26.80057716369629,27.13769294019457,26.712284863616322,27.13769294019457,5833400
2019-02-13,26.672161102294922,27.01730216674504,26.583868774847897,26.712293143349445,5427600
2019-02-14,26.57583999633789,26.73637120071856,26.2868844408283,26.567811752085927,7110100
2019-02-15,26.68018913269043,26.872824152951598,26.455444193214475,26.792560071489184,6160000
2019-02-19,27.715606689453125,27.88416614392169,26.48754859789709,26.985192593016546,10131300
2019-02-20,28.405887603759766,28.783135472626018,27.611262892507998,27.900215384495347,11737000
2019-02-21,28.42193603515625,28.975765374811036,27.67546867282121,28.654706086180617,12114500
2019-02-22,29.28078269958496,30.203834925626385,28.759060057721943,29.04801258180013,33898300
2019-02-25,28.975778579711914,29.28881589196001,28.446027603268902,29.1363098281235,14348900
2019-02-26,28.052722930908203,29.056039179782758,27.876138291305256,28.87945454017981,13697700
2019-02-27,27.306255340576172,28.012590835655526,27.129670701336785,27.988509163654943,13571800
2019-02-28,27.386518478393555,27.539024502291742,27.129669772950184,27.225987272021925,9454900
2019-03-01,27.145727157592773,27.675478072541594,27.025327969790457,27.13770197394927,11698200
2019-03-04,27.651391983032227,27.699549195629025,27.017295480900916,27.129666392797056,11457400
2019-03-05,27.691532135009766,27.892195411350418,27.458761999603745,27.54705433109421,8590900
2019-03-06,26.70829963684082,27.73988055301096,26.66800408374423,27.707645955145868,13029900
2019-03-07,26.77277946472168,26.933961704100057,26.547118795754475,26.651889710833743,16102400
2019-03-08,27.167675018310547,27.43363119585523,26.764713348833308,27.199912689713578,8988600
2019-03-11,26.958141326904297,27.24827427489459,26.160275719930986,26.821132735084824,40174200
2019-03-12,27.82047462463379,27.90912668571137,27.014551268442844,27.10320332952043,19818400
2019-03-13,27.731826782226562,28.15896524219252,27.562583589525417,27.989722049491377,17027300
2019-03-14,26.933958053588867,27.433632765871394,26.90978133582975,27.224090964113245,11498800
2019-03-15,26.70829963684082,27.312742156350566,26.5229376331136,27.03872809119867,14393100
2019-03-18,26.595468521118164,26.909778111743933,26.555172971562904,26.85336372749589,8772100
2019-03-19,26.821130752563477,27.23215342328646,26.740539639347237,26.788896151889322,9453900
2019-03-20,27.29662322998047,27.361098574204725,26.32145670624083,26.756656056693664,13382000
2019-03-21,27.667343139648438,27.788229767206676,27.062900778798763,27.288558276389736,15559800
2019-03-22,27.804359436035156,28.04613585973857,27.03873153234599,27.441693263303023,31349200
2019-03-25,28.126724243164062,28.43297288192477,27.804353695217287,28.05419102359371,26182900
2019-03-26,28.65863609313965,28.65863609313965,27.836593888275146,27.836593888275146,23925300
2019-03-27,28.77952003479004,28.88429092362474,28.521624827161073,28.73116660483047,11174200
2019-03-28,28.666696548461914,28.95682947909871,28.25567694629575,28.344325942342376,9611800
2019-03-29,28.827877044677734,29.03741575166858,28.690868483898253,28.860114714785077,9924500
2019-04-01,28.69892692565918,29.037413209087333,28.553860497231923,28.884288901015527,9228300
2019-04-02,28.87623405456543,28.948764202044547,28.513567945402404,28.61833576355234,11167100
2019-04-03,28.972949981689453,29.093836660165238,28.77952699203243,28.90847462701907,8077000
2019-04-04,29.400083541870117,29.408144497036318,28.71504992171645,28.96488419350365,10703000
2019-04-05,29.41619873046875,29.440375444262404,29.10188915373834,29.295309012794025,5761500
2019-04-08,29.54515266418457,29.68216124522221,29.29531529544174,29.58544822060015,6306500
2019-04-09,29.496793746948242,29.641860197699927,29.182484128437476,29.57738792756231,5079800
2019-04-10,29.230836868286133,29.569323160165716,29.174422486306202,29.440375562161126,6562100
2019-04-11,28.989063262939453,29.238897528506804,28.73116804240659,28.95682559178446,10950300
2019-04-12,29.214725494384766,29.351731007220224,28.690874014399014,29.10189670161344,10550700
2019-04-15,29.15024185180664,29.190540472925182,28.835932282942196,28.997117544356904,13278300
2019-04-16,28.73723793029785,29.092426799362297,28.654634035738457,29.051123276574405,11176500
2019-04-17,28.233366012573242,28.877660653551178,28.059902555543253,28.613334485405538,82542900
2019-04-18,27.29170036315918,28.266404172630303,27.151275330769565,28.20858302723931,26298500
2019-04-22,26.88694953918457,27.46516415152517,26.72174491408495,27.45690533822745,12610600
2019-04-23,26.738271713256836,26.961297534715165,26.63089136112334,26.64740899143861,11636200
2019-04-24,26.59784507751465,26.92825119246154,26.498723558132212,26.730008153696662,12384500
2019-04-25,26.12701416015625,27.118240451358034,25.747045683628958,27.118240451358034,11454200
2019-04-26,25.986587524414062,26.383078307773356,25.91224717651151,26.325257161900225,11462100
2019-04-29,25.40837287902832,25.97832706386618,25.267949429880094,25.887464368679687,13552700
2019-04-30,25.656187057495117,25.68096823076186,25.2183973583422,25.391860844683883,9588600
2019-05-01,25.04492950439453,25.664444587420814,24.84668486688712,25.52402110558119,7707000
2019-05-02,24.863203048706055,25.127529204423865,24.73103997084715,24.813642288386006,8289700
2019-05-03,24.962326049804688,25.30925454363689,24.929286066134516,25.135791084474917,7044100
2019-05-06,24.731037139892578,24.887979792192244,24.631914055090906,24.871460590981954,6190800
2019-05-07,25.375333786010742,25.466196490005736,24.664957658666594,24.780599954290686,13692300
2019-05-08,24.945810317993164,25.714007769719835,24.788866041066683,25.490983516255177,8983600
2019-05-09,24.722780227661133,25.160569843694628,24.648438297484084,24.87972447753581,6850800
2019-05-10,24.904502868652344,25.08622827831837,24.590615959559948,24.764079404595925,7544400
2019-05-13,25.532278060913086,25.672701523861658,24.95406343100529,25.168828819956524,9641700
2019-05-14,25.46619987487793,25.515760640231672,25.292736408385675,25.482720655165284,6982100
2019-05-15,25.350547790527344,25.61487387118652,25.30098546877296,25.565313124939856,9298100
2019-05-16,25.234912872314453,25.358817145008395,24.95406591842253,25.193612498421988,6742100
2019-05-17,25.540536880493164,25.59009763628004,25.04492459610037,25.127526906083837,6777900
2019-05-20,25.747047424316406,25.961812846419985,25.44141928407061,25.52402161188096,6864800
2019-05-21,25.887470245361328,25.978332961174445,25.44141863192419,25.548802127977567,7162200
2019-05-22,25.87094497680664,26.052670376905585,25.780082276757167,25.912246920241877,7263000
2019-05-23,26.135278701782227,26.45742607658027,25.87095248907527,26.10223871294811,8810000
2019-05-24,26.366558074951172,26.407858444140057,25.994848450218836,26.052671172794604,6135400
2019-05-28,26.160057067871094,26.33352053553043,25.994852414902677,26.226138613956795,11372900
2019-05-29,26.10223388671875,26.193095020843984,25.68922386185139,26.085713107602082,6370900
2019-05-30,26.506982803344727,26.57306276700334,26.102233179009662,26.20135470000575,6749100
2019-05-31,27.333009719848633,27.589077127230226,26.73827414193893,26.812616089177645,13522400
2019-06-03,27.77906036376953,27.77906036376953,27.143024428087475,27.506472183755644,11862600
2019-06-04,28.382055282592773,28.382055282592773,27.465172333608816,27.67167738874873,12264300
2019-06-05,28.605987548828125,28.821630007121726,28.249345543109396,28.64745688727985,10111000
2019-06-06,29.28609275817871,29.36073882768957,28.6225707341233,28.705512569083975,11645600
2019-06-07,29.584686279296875,29.733978480927526,29.244632523117904,29.435397241575043,11352800
2019-06-10,29.269500732421875,29.31097006276469,28.896270431522353,29.145089577486335,9607000
2019-06-11,28.962623596191406,29.352442300623093,28.887980692524824,29.244619499925673,15816500
2019-06-12,29.418800354003906,29.584677717670665,29.103627668002833,29.103627668002833,9086200
2019-06-13,29.485145568847656,29.725672134049624,29.335853436233148,29.46855720256745,8126100
2019-06-14,29.80031967163086,30.05743461580708,29.601262430348058,29.659320133241476,9563500
2019-06-17,30.040849685668945,30.0657306572106,29.576384845474855,29.78373471207631,7435200
2019-06-18,29.866668701171875,30.38089856757287,29.700791365075943,30.273075767984615,9284700
2019-06-19,30.156963348388672,30.273078760697626,29.534913784812694,29.659321799183274,11639800
2019-06-20,31.168840408325195,31.90700559160987,30.994664077016346,31.18542561710834,19911400
2019-06-21,31.094188690185547,31.417653989408272,30.911719787482262,31.18541997762918,19060400
2019-06-24,31.882118225097656,31.882118225097656,31.036130286859812,31.30154105916721,13605300
2019-06-25,31.4674072265625,32.13092917499067,31.4674072265625,32.05628311398785,13505400
2019-06-26,31.741125106811523,31.782594456688734,30.861960335435185,31.061017644317815,9849000
2019-06-27,31.583520889282227,31.624990213657682,31.260052565777727,31.417640427873756,7232900
2019-06-28,31.90699005126953,31.91528265162218,31.40934860462035,31.55034812187175,9132600
2019-07-01,31.442523956298828,31.508877411841155,30.861943875931097,31.2102931897145,8806600
2019-07-02,31.882118225097656,31.95676431270418,31.351303008299382,31.550360296552867,7180100
2019-07-03,32.14752197265625,32.27193315836172,31.757706374334337,31.998232979280715,5049300
2019-07-05,31.865528106689453,31.956762560306476,30.98636663854307,31.40935900251243,6581900
2019-07-08,31.757701873779297,32.07287134879514,31.542056270971162,31.99822844463936,4820500
2019-07-09,32.14752197265625,32.14752197265625,31.51717976938796,31.53376813840921,5115100
2019-07-10,32.38804626464844,32.454399735994905,32.13093447295002,32.338284325046246,6114200
2019-07-11,32.57881546020508,32.678345690783246,32.13923468216423,32.32999621157646,6613800
2019-07-12,32.69493103027344,32.752991913632,32.47928852430266,32.65346168265311,4164500
2019-07-15,32.487586975097656,32.7364094334174,32.222179305871656,32.66176332870327,4264800
2019-07-16,32.08946990966797,32.54564222825327,31.97335446999478,32.446111996611876,6542500
2019-07-17,32.396339416503906,32.611981853164714,32.03969744656275,32.17240121464034,6436300
2019-07-18,32.927154541015625,33.15938534454273,32.081166831714526,32.213870600002494,9096000
2019-07-19,32.58710479736328,33.04327385714762,32.27193212387812,32.57880903116464,7218600
2019-07-22,33.09304428100586,33.10133688462943,32.50416817866704,32.64516775153406,6543100
2019-07-23,32.86080551147461,33.44968152892017,32.752985860370174,33.04327440397108,6647500
2019-07-24,32.59538269042969,32.97690550179641,32.504148286862346,32.835909179124236,7806900
2019-07-25,31.724531173706055,32.91057272298601,30.787308843987287,31.790884653006657,13468500
2019-07-26,30.920005798339844,31.67475905691818,30.60483633311009,31.54205529158267,10396600
2019-07-29,31.276655197143555,31.326420307441605,30.8453670662847,31.08589368686315,7817300
2019-07-30,31.293245315551758,31.459125861904685,31.002956732365334,31.351303032189044,4468900
2019-07-31,30.289663314819336,31.185412928348835,29.88325625900287,31.085885896602736,10687000
2019-08-01,30.812191009521484,31.01124510687307,29.56809182739665,29.833499399803987,11935000
2019-08-02,30.61313247680664,30.90342100834941,30.40578262173103,30.54678216841445,5882600
2019-08-05,31.0361328125,31.7328286322201,30.8951363932739,31.442540025631942,10606100
2019-08-06,31.508882522583008,31.575232824980453,30.72095251170359,30.92000658280334,7883800
2019-08-07,32.636863708496094,33.12620945982228,32.155813722598275,32.18069469106838,15810900
2019-08-08,32.58710479736328,32.719808581371595,32.1806976791397,32.37145917090741,8680600
2019-08-09,32.371463775634766,32.7612825808192,32.31340605961686,32.537344320218025,6166300
2019-08-12,31.898704528808594,32.72810404228095,31.62500433459491,32.62857698655852,6651400
2019-08-13,31.235179901123047,32.43780961091291,30.911714655601166,32.43780961091291,10083500
2019-08-14,31.492298126220703,32.53734004101068,31.484002359933044,32.01481750166178,11955500
2019-08-15,31.948469161987305,32.089465558498226,31.293242796781485,31.359596275545215,6283300
2019-08-16,31.99822998046875,32.05628768464815,31.600115489084903,31.64158798970526,6727800
2019-08-19,31.625009536743164,31.923593916934063,31.384482878932875,31.542067673407594,5102000
2019-08-20,31.98994255065918,32.19729245216146,31.67476981448136,31.732827533789326,8847000
2019-08-21,31.95674705505371,32.05627722738515,31.683046990908625,31.79086976231441,4826200
2019-08-22,31.923582077026367,32.147517115207314,31.765994177089716,31.873816977482047,4176600
2019-08-23,32.59538269042969,32.92714358269158,31.94845243081599,32.20556728051427,10360100
2019-08-26,32.71980285644531,33.09303317238642,32.52074563330765,32.80274152047346,5598000
2019-08-27,33.79802322387695,33.997080458296345,32.81103914481212,32.8525084791765,9059900
2019-08-28,33.897560119628906,34.1961444761598,33.56580218430105,33.97220620876163,7510800
2019-08-29,33.2672119140625,33.98049593588834,32.99350858126096,33.972200169732545,6952000
2019-08-30,33.084739685058594,33.40820492650452,32.86909724539713,33.1427973866562,7082600
2019-09-03,33.49943923950195,33.947315647829406,33.17597399923461,33.184266600615146,7728300
2019-09-04,34.021949768066406,34.05512648975243,33.391604711657166,33.60725023871002,4671000
2019-09-05,32.62857437133789,33.83949680461266,32.313401695585625,33.806320067394985,10148300
2019-09-06,32.064579010009766,32.82762806356138,32.03140227639721,32.71150949591741,7188000
2019-09-09,31.566944122314453,32.968628050091404,31.309829154489318,32.545635723832305,8940800
2019-09-10,31.64988136291504,31.99823076038963,31.143947216527927,31.318120333311395,6777700
2019-09-11,32.23260498046875,32.86526833045596,31.891299125431203,31.99119267004844,7710000
2019-09-12,32.18266296386719,33.43966677270608,32.14936405057842,33.06506511266452,8816600
2019-09-13,32.149349212646484,32.482331840733906,31.791393998897696,32.265892179809775,9773600
2019-09-16,32.03281021118164,32.63217774571831,31.699830717428664,32.507308450837144,9420200
2019-09-17,32.96516799926758,33.43966639379886,32.066119579572195,32.1410405458434,10407300
2019-09-18,32.507301330566406,33.12331818119454,31.874638208121127,32.906878540883014,7375600
2019-09-19,32.790348052978516,32.948516275399555,32.557262052221525,32.78202491390516,4005200
2019-09-20,33.16495132446289,33.21489968332273,32.7154256213997,32.88191697537405,8300400
2019-09-23,33.17327117919922,33.43133291109076,32.91521262286581,33.13164913871559,6390400
2019-09-24,33.53955078125,33.83923453597322,32.76536880673433,32.840289745415134,7122400
2019-09-25,32.940185546875,33.46463215386245,32.55725768964017,33.381384896490864,5889800
2019-09-26,32.7736930847168,33.18159669296559,32.58222916265979,32.95683386910092,6263800
2019-09-27,31.966215133666992,32.29087148512831,31.891294192902226,32.21595054436354,9737400
2019-09-30,31.56663703918457,31.93291863293214,31.175386030715497,31.325227923510724,8069500
2019-10-01,31.266948699951172,31.816367779197652,31.192027772074038,31.258622388210664,7493200
2019-10-02,31.525005340576172,31.88296051088125,31.20034906415001,31.733118663983436,7175800
2019-10-03,31.73313331604004,32.27422947696076,31.59161771504898,31.766432225293972,5497600
2019-10-04,31.891300201416016,32.099413612132636,31.308582016297752,31.53334488093874,5038200
2019-10-07,31.849666595458984,32.00783477832862,31.45008933312555,31.599931203445312,4426800
2019-10-08,32.39908981323242,32.44071503011462,31.92459155591081,32.24092478597795,5972600
2019-10-09,32.28254318237305,32.55725434009935,32.099405586113356,32.315842081895845,4984800
2019-10-10,32.415748596191406,32.49066956236491,31.816384042362493,32.37412654288593,5189800
2019-10-11,31.31690788269043,32.182660508799074,31.258636376659936,31.966223940051368,9358600
2019-10-14,31.63323402404785,31.716478106519435,31.17538521933774,31.275278753415286,4264300
2019-10-15,31.375171661376953,31.708154335734754,31.33354962097176,31.38349797479287,4892900
2019-10-16,31.491722106933594,31.52501783845507,31.017220619939426,31.50836838491505,5139700
2019-10-17,31.891300201416016,32.29087756892489,31.350204063329347,31.475073379982774,4821800
2019-10-18,31.9995174407959,32.13270989893067,31.69983679166169,31.87465129754632,4616100
2019-10-21,31.599937438964844,32.17433244705349,31.40015035615365,32.17433244705349,4362000
2019-10-22,31.46674156188965,31.99951129205646,31.39182062011256,31.608260307716627,5796800
2019-10-23,31.949560165405273,32.38243628445158,31.666525902011827,31.966209613317535,5186200
2019-10-24,32.54893493652344,32.69045370175624,32.00784199443181,32.13270813081056,4402300
2019-10-25,32.61552429199219,33.114995059103684,32.45735929003701,32.9651531938587,4970600
2019-10-28,32.3408203125,32.42406757583433,32.074435420946955,32.30752458272467,4266500
2019-10-29,32.33249282836914,32.69044807370057,31.866317743027327,31.974537583037705,4550200
2019-10-30,32.498985290527344,32.723748115822445,32.03281018892735,32.25757301422245,4983100
2019-10-31,33.073368072509766,33.098340654459,32.498976458776866,32.623842544080254,5360500
2019-11-01,32.973487854003906,33.18160125558125,32.740401860416,33.03175935240088,6446700
2019-11-04,32.374114990234375,32.95683305524637,32.307520363821624,32.89856156630097,7374600
2019-11-05,31.258630752563477,32.43239015301443,30.50109813490447,31.841348883583873,12383900
2019-11-06,31.341875076293945,31.56663472344003,31.05884076350631,31.400146566377455,5998000
2019-11-07,30.742504119873047,31.108782470335008,30.501091873279677,31.108782470335008,7555700
2019-11-08,30.476131439208984,30.54272608604697,30.026605664706505,30.168124449520523,8739900
2019-11-11,30.559375762939453,30.72586714457848,30.35126232978041,30.392884381300423,4957600
2019-11-12,30.7175350189209,30.90067262714884,30.367902902198384,30.634287764673612,4522000
2019-11-13,31.108789443969727,31.325229153420047,30.82575509930589,30.82575509930589,4728200
2019-11-14,31.250301361083984,31.441765261790064,31.10878263196176,31.217002462989615,3908500
2019-11-15,31.308578491210938,31.358523671801986,30.95894634928221,31.03386729572706,3475500
2019-11-18,31.68317985534668,31.69982930562653,31.15873328598415,31.233654224464512,4946200
2019-11-19,31.924589157104492,32.24092236340243,31.57496022558411,31.658204301977165,5652800
2019-11-20,32.02448654174805,32.25757250106102,31.641555525730706,31.974538189513257,5026500
2019-11-21,31.808046340942383,32.091080647892625,31.716475951111722,31.941238769180263,4116700
2019-11-22,31.70815658569336,31.907946839596455,31.500043193341885,31.857998482231093,3573000
2019-11-25,31.433443069458008,31.799724645389084,31.375171577934086,31.558312365899624,6133500
2019-11-26,31.749778747558594,31.75810506159641,31.308579370305353,31.50004331091635,11105300
2019-11-27,31.783082962036133,31.949574339463215,31.49172543320791,31.49172543320791,3772300
2019-11-29,31.966215133666992,32.10773070202376,31.733125998199917,31.78307435056244,2883900
2019-12-02,32.2492561340332,32.50731473586263,31.841352444040194,31.88297449186184,6762000
2019-12-03,32.782012939453125,32.973476823789184,32.37410941156678,32.490652369375034,9374200
2019-12-04,32.690128326416016,33.04100472981253,32.60658404925853,32.65671061555302,6389700
2019-12-05,33.41694641113281,33.57567575930589,32.648358173383166,32.68177269775915,9989100
2019-12-06,33.24985885620117,33.425297048474945,32.89898247165363,32.89898247165363,6397800
2019-12-09,33.18303680419922,33.57568385208605,33.032660254152646,33.51720443672229,6191700
2019-12-10,33.40858840942383,33.45035894859939,33.074417722243645,33.258211918881535,7025300
2019-12-11,34.1688232421875,34.21059378080925,33.54225560219791,33.692632090746436,7981800
2019-12-12,34.35261535644531,34.48628299647475,33.893133043024605,34.33590650308064,7604500
2019-12-13,34.49463653564453,34.594886461734355,33.968318846619475,34.0685687727093,5542900
2019-12-16,34.24401092529297,34.62830497333594,34.035155048719034,34.57817841567861,6745600
2019-12-17,33.809593200683594,34.42780486336632,33.76781947229884,34.33590775994072,6555500
2019-12-18,34.235660552978516,34.24401657407701,33.70934276486392,33.80959589671603,9230400
2019-12-19,34.15211486816406,34.31084419190715,33.94325898523943,34.25236479963928,5743300
2019-12-20,34.19388961791992,34.42780721579541,34.06022196386418,34.202242452034795,12074100
2019-12-23,34.895633697509766,34.94576024576844,34.127042558645975,34.25235733584907,8136500
2019-12-24,35.238162994384766,35.37183062504841,34.937410028669646,35.04601597448626,5370200
2019-12-26,35.66423797607422,35.69765569021149,35.321714373388716,35.42196751580054,4441100
2019-12-27,35.680931091308594,35.95662233097778,35.54726348062005,35.555619498912144,4971700
2019-12-30,36.5497932434082,36.66675207188486,35.77284881208291,35.77284881208291,5947800
2019-12-31,36.29914855957031,36.82546621118491,36.107001553686004,36.758630807283865,6608700
2020-01-02,36.10700988769531,36.65838934959526,36.08194501200336,36.38269802520119,6287500
2020-01-03,35.781192779541016,36.79205452723285,35.74777507212443,36.54978092879458,9148900
2020-01-06,36.14041519165039,36.633315129352184,35.906497657448654,36.558126895232,10416400
2020-01-07,36.1153678894043,36.35764153880143,35.9065119544527,36.05688848256894,9378300
2020-01-08,35.154624938964844,36.24902776309534,35.05437181719279,36.14042180795294,9455300
2020-01-09,34.803749084472656,35.30500199903968,34.71185197319476,34.87058450608869,6096000
2020-01-10,35.31336212158203,35.38019436407185,34.837170841370636,34.86223253394323,6672600
2020-01-13,35.4637336730957,35.848027777416384,35.38854541904268,35.53056590620493,4808200
2020-01-14,35.781192779541016,35.79789844636132,35.17968679359441,35.31335443637277,6072600
2020-01-15,36.35763168334961,36.46623763241349,35.814605124918025,35.914858241079045,5997900
2020-01-16,36.60826110839844,36.62496996246505,35.99840227596318,36.29915527538617,5895500
2020-01-17,36.32421875,36.766992250439245,36.223968807556595,36.62497176421844,9702500
2020-01-21,36.516357421875,36.55812795606777,35.998395786732175,36.11535455722693,7471400
2020-01-22,36.57483673095703,36.641672135036266,36.274083786375414,36.541422215804886,4257500
2020-01-23,36.50800704956055,36.70015406930341,36.03181591652657,36.13206584272117,5526700
2020-01-24,37.00091552734375,37.059394929953626,36.30751234370037,36.466244882402954,5677500
2020-01-27,37.22647476196289,37.89481296865502,36.96749231260621,37.45203950426298,7131800
2020-01-28,37.0092658996582,37.16799842780022,36.54143070990458,36.9340776460352,6324400
2020-01-29,37.2765998840332,37.35178813499309,36.792055856537964,37.0092645888176,4064400
2020-01-30,37.56899642944336,37.7778523078603,37.1178669672097,37.51051703843764,6521700
2020-01-31,37.64419174194336,37.93658875187802,37.48545920493164,37.5522946282815,7670900
2020-02-03,38.08696365356445,38.18721359745269,37.42697821694969,37.44368707207911,8395300
2020-02-04,36.95079040527344,37.569005354483785,36.36599316940172,37.527231619366226,10062600
2020-02-05,37.0092658996582,37.151289572896424,36.633324631543175,36.81711884859679,7318000
2020-02-06,37.0844612121582,37.25989944170976,36.90066696012009,37.03433782479422,4995000
2020-02-07,36.77534103393555,37.33507322155143,36.70015279517799,37.24317931808116,4691300
2020-02-10,37.10951614379883,37.293310362346226,36.78370143774717,36.83382800286598,4596500
2020-02-11,36.94243240356445,37.31837047193484,36.80876475579345,37.101161739389994,4584700
2020-02-12,36.6667366027832,37.05938666434991,36.44117187721644,36.84217477148367,4985100
2020-02-13,36.76698684692383,37.076095836602,36.57483982427639,37.05103096450869,6076700
2020-02-14,36.817115783691406,37.04268052578289,36.59155104159992,36.6583864556513,6226600
2020-02-18,38.078609466552734,38.20392109523878,36.97584737540903,37.017621105192525,7514400
2020-02-19,38.571495056152344,38.780350896448304,38.09530399522853,38.22061877416099,8137500
2020-02-20,40.183868408203125,40.927397987846426,38.76365103128855,38.922380346374105,12255900
2020-02-21,41.30332946777344,41.42864424560796,40.38436505327754,40.90232664034502,10402900
2020-02-24,41.98839569091797,42.89065485812156,41.754478063963845,42.731925495101066,14746600
2020-02-25,41.05270004272461,42.6650672505972,40.98586783657228,41.353452937627445,11595000
2020-02-26,41.269927978515625,41.63751322292929,40.52639828196787,40.83550731499683,8875600
2020-02-27,38.87226486206055,41.913206707842626,38.780367742508574,41.72105963372877,13346800
2020-02-28,37.28495788574219,37.56900205036225,35.39689867771226,36.49965762579292,20171200
2020-03-02,39.12289047241211,39.18972270622778,37.91987839484726,38.13709032524681,12708700
2020-03-03,41.545616149902344,42.55647796305276,38.88061595517265,39.30668059821608,18278800
2020-03-04,42.72688293457031,42.78552742018227,40.67431635049733,42.05665795908734,10207100
2020-03-05,43.63169860839844,43.76574363286524,42.24935669692758,42.90282579171756,9960700
2020-03-06,43.85789108276367,43.98355967447333,42.02314945828997,43.71546966165211,12278100
2020-03-09,40.029232025146484,42.375024714419155,40.00409958212377,41.88910951007725,12440500
2020-03-10,40.53189468383789,40.97591812804532,38.847951048010344,40.67431609202339,13334700
2020-03-11,38.55472946166992,40.4648714702387,37.58290243325434,39.761134436152595,11533000
2020-03-12,37.23103332519531,40.08787000118945,33.11752356833775,34.633910236431525,14944800
2020-03-13,33.0923957824707,38.705536972092176,33.00023923224116,38.462579375284335,17784400
2020-03-16,34.122859954833984,36.18380287631459,27.646805577344086,28.80294561451709,17769500
2020-03-17,38.37042236328125,38.93173807343086,33.997201652796974,34.0139544836504,13940500
2020-03-18,34.826602935791016,39.26684759165241,33.51966166069499,37.264548809571046,12221100
2020-03-19,34.96901321411133,38.839564177256214,31.106838662651978,34.717676121170946,10520200
2020-03-20,33.98044967651367,36.041393272764104,32.799176815649574,35.48007749570589,11641500
2020-03-23,34.90199661254883,36.812138474361106,33.8380131311001,34.7176835571513,11250200
2020-03-24,39.794647216796875,40.46487221495543,36.53567556659446,37.80072505087592,11861300
2020-03-25,39.82815933227539,41.00943189221915,37.92639369964958,39.50142484486955,11293700
2020-03-26,40.44812774658203,42.13207193118743,39.30874332624691,40.37272721300439,10892400
2020-03-27,38.831199645996094,40.95916697930517,38.295019605199975,39.59358124073153,8734900
2020-03-30,38.839576721191406,40.883763792243876,38.23637261673317,38.873088770524625,8988400
2020-03-31,37.93478012084961,39.96221487386191,37.35671150570951,38.269894306832285,10537400
2020-04-01,38.93172836303711,39.61870930855185,37.51587481766674,37.73369991505504,8534100
2020-04-02,40.40623474121094,41.67966405670081,39.00714001443815,39.434407526216745,9184000
2020-04-03,39.50143051147461,41.55399426698574,39.43440640398941,40.43974564506987,7800400
2020-04-06,41.981258392333984,42.84417286790312,40.573784314271116,40.573784314271116,11003900
2020-04-07,41.8555908203125,43.07037544270848,41.35292286423102,41.94774735796725,7001900
2020-04-08,42.333126068115234,42.542571581131256,41.352922601225,41.71316913928335,5422000
2020-04-09,48.01329040527344,48.34002489322263,42.83579708391803,42.83579708391803,15204400
2020-04-13,50.07423782348633,50.65230633724048,47.19226847386225,47.93789405122034,11329700
2020-04-14,50.174766540527344,51.548728593304396,49.2699635869923,50.33394717563913,11337500
2020-04-15,48.77567672729492,50.01559389862939,47.80384958241735,49.043766753751825,8304200
2020-04-16,50.18313980102539,50.26691671720025,48.46568425648012,48.46568425648012,7570800
2020-04-17,49.621829986572266,49.79776344845938,47.820600512989415,47.820600512989415,10473200
2020-04-20,49.88154602050781,50.451238092980375,49.01025188662212,49.53805549409509,8867500
2020-04-21,49.65534210205078,50.30043465905586,48.28975647628978,49.0018731308,8977800
2020-04-22,51.71627426147461,52.06814430744085,50.685802948668936,51.06280542795984,8479100
2020-04-23,52.311119079589844,54.16262015850346,52.11842955834073,52.47867615768464,7648300
2020-04-24,52.8724250793457,53.517517633939875,51.74141740730987,53.24104802659172,6970900
2020-04-27,52.45354080200195,53.349967444765994,50.98742204287952,52.99809728071627,5424400
2020-04-28,52.50379943847656,52.98133814627205,51.04606046397628,51.590620073782695,6062200
2020-04-29,52.23571014404297,52.61271271008569,51.03768154299884,51.95086411590901,7349200
2020-04-30,49.831275939941406,52.20220067496408,49.73074298881046,51.314150551633574,6981800
2020-05-01,51.096336364746094,51.36442640562778,48.767299740244034,49.13592594337039,6214100
2020-05-04,52.56245040893555,52.889184916896944,51.28064162154495,52.02626717989482,8285100
2020-05-05,54.38043975830078,54.50610196122317,51.38117827432832,52.52055925792134,7367400
2020-05-06,52.302738189697266,54.397193497002505,52.16869317786514,53.63480869709363,7239500
2020-05-07,54.08721160888672,54.7658194723281,52.545695576505466,53.06511959593328,7032400
2020-05-08,54.078834533691406,55.343880842310284,53.67669633248304,54.43908107518873,6370900
2020-05-11,52.73838806152344,54.29666020788625,51.800072929158816,53.67670319388806,5997300
2020-05-12,52.34461975097656,54.01180736183328,52.235707194517396,52.94782382258458,5181700
2020-05-13,53.52589416503906,54.036941722124766,52.42840173511881,53.06511468100412,6876200
2020-05-14,55.829795837402344,56.21517481709498,53.685075814149485,53.76047313132485,8611300
2020-05-15,56.885406494140625,57.362942040723105,56.13140131749191,56.935671375327125,7419300
2020-05-18,55.51144027709961,57.61426861501004,55.19307900820194,57.08646822593148,8210200
2020-05-19,56.44974899291992,57.915867496399066,55.586834553555306,55.81303927348297,7241600
2020-05-20,55.05904006958008,56.7597366924416,54.8831065973982,56.449755017585865,7607900
2020-05-21,53.18239974975586,54.48934079012765,52.193816756888346,54.455828743888326,7481000
2020-05-22,52.822166442871094,54.43908952120536,52.595964868053926,53.9029030391503,4513000
2020-05-26,49.60507583618164,51.733043071225,49.429142367648176,51.716287046238236,11325300
2020-05-27,49.20293426513672,49.21131387445555,46.70634440084863,47.84572838098216,14701700
2020-05-28,49.19456481933594,50.585282945969944,48.541092622949705,50.38421384033918,8497400
2020-05-29,48.985130310058594,50.51827020106096,48.91810619448752,50.2669361594409,23789800
2020-06-01,50.67743682861328,50.694189656976036,49.26996275066324,49.3872517245116,8050300
2020-06-02,48.985130310058594,51.02931789669032,48.54948314650382,51.020941480186806,7525700
2020-06-03,47.13408279418945,48.50553235990457,46.41049586737524,47.86608210427924,11839500
2020-06-04,47.03312301635742,48.51394976601201,46.620845581787385,47.95863933369046,10132800
2020-06-05,46.07394027709961,46.25904479525623,44.02939103298755,45.40083731508658,13454200
2020-06-08,46.730220794677734,46.81435746550561,45.01380574907974,45.76263303211589,9502300
2020-06-09,48.10166931152344,48.33725777774786,46.89008386514452,48.05118859059623,11910600
2020-06-10,49.41422653198242,49.52360678533363,46.92374353462766,49.01036468454181,12081200
2020-06-11,47.15091323852539,50.38181100927165,46.26746530636374,49.76760429053815,15915100
2020-06-12,46.65449523925781,47.95022047628871,46.376838455776266,47.85766821512819,8708300
2020-06-15,47.83242416381836,48.076424993575884,44.72773490763487,45.51021811367925,12170800
2020-06-16,47.0751838684082,48.43821776555186,46.7049748326745,47.87449503875095,10933300
2020-06-17,46.763877868652344,47.90815138355894,46.46939309447399,47.344428614351095,10072300
2020-06-18,46.72180938720703,47.64732889726371,46.47781173610539,46.79753368157886,9728800
2020-06-19,47.891334533691406,48.29519964408671,46.923749732727245,47.54636895950261,19096800
2020-06-22,48.985130310058594,50.39023295877265,48.640164739267014,49.08609498185858,14243300
2020-06-23,49.565670013427734,50.39863719446195,49.36373750573182,50.1209803975811,12777600
2020-06-24,49.144981384277344,50.104153596719016,48.60649896393173,49.414222594450145,8164900
2020-06-25,49.29643249511719,49.39739715170939,48.354088211169916,49.195467838524976,6045600
2020-06-26,49.927467346191406,50.558502068357825,48.53918967358185,49.128156056192225,18586600
2020-06-29,50.095741271972656,50.44070677351246,49.355326338323174,50.04525734140278,7236400
2020-06-30,51.946773529052734,52.14029043555621,49.7928407795045,50.120978282254235,9284100
2020-07-01,51.627052307128906,51.97201781165481,50.14622242701153,51.97201781165481,10870900
2020-07-02,51.29050064086914,52.15712382821774,50.667881522169374,51.23160432449507,8076800
2020-07-06,51.47560119628906,52.4263609877819,50.90346284473659,52.03932395494938,8335700
2020-07-07,52.56098556518555,52.70401855909369,51.1895358943306,51.20636387178011,9097300
2020-07-08,53.36869812011719,54.050213412165746,52.754491514252564,53.67159523196448,10902300
2020-07-09,52.77973937988281,54.30263753796758,51.79532683592455,54.0754614621516,8702200
2020-07-10,52.0645637512207,53.04897621412308,51.845803286392595,52.695598368858036,6189000
2020-07-13,50.095741271972656,52.77974099324048,50.028429364546156,52.64512038799588,8324400
2020-07-14,51.97201156616211,51.99725192382819,49.68345832260146,49.95269950306647,6881600
2020-07-15,52.28333282470703,52.316988782227966,50.827746362818516,51.871058578706226,5705300
2020-07-16,51.786903381347656,52.678766734445226,51.500834246173554,52.005663830979046,6165200
2020-07-17,52.93959426879883,53.1415267521366,51.97200981216019,52.232838601136486,6962700
2020-07-20,54.00815963745117,54.21850454157683,53.18360478882313,53.410777670431855,7338500
2020-07-21,54.092288970947266,55.0682858555827,53.73049552820451,54.68966764724975,7192900
2020-07-22,55.08510971069336,55.15242160252986,53.823040625227826,54.45407516796059,7099400
2020-07-23,55.33753204345703,56.43974365615959,54.386775430842434,55.27863572974138,9992800
2020-07-24,56.16209030151367,56.20416185069979,55.40484735068354,55.74981608020171,6951000
2020-07-27,58.088844299316406,59.14898431869228,57.28952988358374,57.79436274371657,12918300
2020-07-28,57.710227966308594,58.24871685595741,56.56595753105486,57.12126477027966,6533400
2020-07-29,57.121253967285156,57.92056192775867,56.246218513519864,57.87008121170827,7333900
2020-07-30,55.244991302490234,57.09602397828159,54.294228182768194,55.707746261829406,7179200
2020-07-31,58.223445892333984,58.240277073354356,55.32910542065913,56.044276552871345,8988200
2020-08-03,57.34002685546875,58.39175146243179,56.78471318176783,58.22347167378717,6137400
2020-08-04,59.10691452026367,59.27518786580195,56.624847367882325,57.52512324686714,7627100
2020-08-05,59.20787811279297,60.76442891412052,58.711460866556884,60.37739511189751,7661800
2020-08-06,58.98910903930664,60.02400208534907,58.34965891102372,59.89780031330628,6786500
2020-08-07,57.97945022583008,58.46744533770548,57.51668904648362,58.07199604248479,6067700
2020-08-10,57.121253967285156,59.2331183180147,56.80153206693899,58.26553060534622,5607100
2020-08-11,52.89752197265625,54.63918028327626,52.71242068721276,54.344692357940986,11407200
2020-08-12,52.99850082397461,54.378359603373205,52.746084383871285,54.243742209410364,8270200
2020-08-13,53.94084548950195,54.445671954614745,53.292982826521886,53.87353358236244,5629400
2020-08-14,53.72208023071289,54.29421855216279,53.30980606972017,54.033392959177874,3869200
2020-08-17,57.50828552246094,57.52511670663117,55.160836029556805,55.63201289808421,8442100
2020-08-18,56.961395263671875,58.73670669927963,56.17050281985485,58.728297525276524,5309200
2020-08-19,55.514217376708984,57.43256144177058,55.01780017715534,56.52387012067332,6093700
2020-08-20,56.56594467163086,56.81835466145416,55.30387546486656,55.514220332660614,4623200
2020-08-21,55.16925048828125,56.15366290789073,54.874768963511215,56.15366290789073,5430200
2020-08-24,54.85795211791992,55.9601638547385,54.50457419583342,55.90967670928509,4546900
2020-08-25,54.57188034057617,54.77380964338802,53.225671080194076,54.7149133292672,4179400
2020-08-26,55.253395080566406,55.33753175411788,53.823052372541156,53.982916545740665,4141400
2020-08-27,54.48773193359375,56.195731094544506,53.60428099279109,56.195731094544506,4857900
2020-08-28,56.12843322753906,56.44815516964419,54.92526012386709,55.345949930476635,4472500
2020-08-31,56.608001708984375,57.39890035308406,56.10317538222043,56.35559175520991,6040600
2020-09-01,56.38924789428711,57.67656384446589,55.41325107062994,57.626076712417294,6144000
2020-09-02,56.81835174560547,56.835182928926166,54.49614272695164,55.531042247843594,7384200
2020-09-03,55.64042282104492,56.414496822912454,54.48773703926622,56.25463266721981,7148200
2020-09-04,54.984161376953125,55.37961085774752,53.30140199942301,55.24499344553826,6969200
2020-09-08,55.33753204345703,56.31353543556413,53.36870691134802,54.1680149430914,6152200
2020-09-09,57.575679779052734,57.78682720946767,55.87805907798662,55.88650033573331,5519000
2020-09-10,56.15678024291992,58.150012908082715,56.05543357962286,57.9979864694276,4837700
2020-09-11,55.928749084472656,57.119617596555315,55.58246410230535,56.68888134947761,4064900
2020-09-14,56.90845489501953,57.07737671082829,56.19900259974795,56.291907987515664,5007900
2020-09-15,57.05204391479492,57.91352268080741,56.62974901222415,57.432106749625085,4301500
2020-09-16,56.83245849609375,57.803738227119524,56.77333745735531,57.29697910226438,5526400
2020-09-17,56.01320266723633,56.2412391080859,55.219286088519965,55.86962392878625,6656600
2020-09-18,54.65341567993164,56.41016434777281,54.509836932850114,55.920300623213436,12537400
2020-09-21,53.775047302246094,54.29869545653853,52.97268932678081,53.547010822429996,9673400
2020-09-22,53.58922576904297,54.340906986159126,52.80375696336797,53.86793873971709,6165700
2020-09-23,50.86121368408203,53.28518621793668,50.5064841888186,53.20072850194105,9235800
2020-09-24,51.8916015625,52.51659949728002,50.067287533165945,50.4389091458991,6268300
2020-09-25,51.87471389770508,52.07741690611593,51.12302934733842,51.28350350203805,3833800
2020-09-28,52.47437286376953,53.06558645475494,51.78180938405529,52.36457527156463,5400800
2020-09-29,53.01490783691406,53.58922922045818,52.69396277626183,52.786868179754954,4130400
2020-09-30,53.58922576904297,53.96929183982999,52.237880097561835,52.77842029926701,7212700
2020-10-01,53.06558609008789,54.13821245062785,52.92200412867511,54.0537547475767,6503200
2020-10-02,52.60951614379883,53.54701163539642,52.4912740496974,52.90512137905238,4646000
2020-10-05,53.318965911865234,54.011529432162,52.59261801939422,52.617954687597376,4476700
2020-10-06,51.36796188354492,53.825718575308066,51.325733029279554,53.46254462928679,6970400
2020-10-07,51.6635627746582,52.178763130532616,51.42707863301938,51.82403691807437,4121300
2020-10-08,52.128089904785156,52.499708302669674,51.69734724951547,51.91694242878957,3913800
2020-10-09,53.0571403503418,53.14159805651877,52.2378870686343,52.97268264416483,4874700
2020-10-12,53.15004348754883,53.606122813854405,52.78686956717826,52.964232675678815,3875000
2020-10-13,53.00645446777344,53.08246767870123,52.052070312835404,52.795307017624495,4050400
2020-10-14,54.053749084472656,54.332465274679635,53.12470156082509,53.54699647554753,4353300
2020-10-15,53.20916748046875,53.74970453937671,52.76998031464228,53.36119393101849,4091800
2020-10-16,52.93044662475586,53.49632352390737,52.79531237183015,53.3358526053877,3582700
2020-10-19,52.11964797973633,53.496330577972444,52.001405895566684,53.33585963829295,3138200
2020-10-20,51.68046188354492,52.44903866870088,51.42708552329064,52.2716755387084,4656200
2020-10-21,51.92538833618164,52.68552055938234,51.73957752120927,52.08585926247739,5037200
2020-10-22,51.1314697265625,51.46930372971219,50.540256193732354,51.36795385095274,5104400
2020-10-23,51.072349548339844,51.511536659437674,50.69228346932685,50.99633633253724,3243100
2020-10-26,50.94565963745117,51.54531765939161,50.50647252759414,50.65005447786211,3783100
2020-10-27,52.068973541259766,52.19566010511147,50.91188294924593,51.156814816623026,4457700
2020-10-28,49.53520584106445,51.139924942041894,49.231152919108354,51.13148045947877,9871200
2020-10-29,50.962554931640625,51.91694242519394,49.3747250101444,49.72945444515692,7026400
2020-10-30,53.07404327392578,53.18384089165415,51.35107865574241,51.46932075705499,9150000
2020-11-02,54.67030715942383,54.839222562240295,52.87977424850522,53.42031126996941,8314100
2020-11-03,56.30881118774414,56.7986749119135,54.982805205913294,54.982805205913294,7474000
2020-11-04,54.96591567993164,56.477732468832336,54.84767360202522,56.30881061203032,8415300
2020-11-05,57.30543518066406,57.68550457984907,56.334155307694665,56.536861564744356,8509700
2020-11-06,57.550350189208984,57.812170973104976,57.00981321643139,57.76149764556614,4664700
2020-11-09,55.751373291015625,56.17366818184109,53.0993586702741,54.26489347107158,10766800
2020-11-10,54.80544662475586,55.72605310975682,54.26490952013001,55.36287913848846,7129300
2020-11-11,55.430442810058594,55.45578592434339,53.47099736842022,54.31558419882441,8060300
2020-11-12,54.91524124145508,55.928753149699666,54.78855789117128,55.74294231100263,5337300
2020-11-13,55.49800109863281,55.785165012996494,55.18550051847135,55.74293294086052,3452200
2020-11-16,55.46421813964844,55.84428746740558,54.83077570376289,55.2361816979619,3502600
2020-11-17,54.50138854980469,55.52334161807144,54.42537854713582,55.202399756175176,4261300
2020-11-18,51.99295425415039,54.39158964598369,51.93383322020612,54.39158964598369,5933300
2020-11-19,51.86626434326172,51.93383308007555,51.038566648420456,51.48619825332065,7013900
2020-11-20,52.068973541259766,52.68552383986567,51.629786365159305,52.381470931653425,5343100
2020-11-23,49.56053161621094,51.705790563459004,49.476073921724286,51.41862989160805,9078000
2020-11-24,48.031822204589844,48.74127778290372,47.76155371969451,48.403443787711794,11438800
2020-11-25,48.800411224365234,49.10446415266805,48.403456098507924,48.69906132221605,7267100
2020-11-27,49.39160919189453,49.509851243788276,47.938913761533016,48.25985877514052,3749900
2020-11-30,49.67878341674805,49.754796645430226,48.53014050415304,48.88486997862157,10965200
2020-12-01,50.85276412963867,50.97945392087923,49.374731600489916,50.405132451804434,10436500
2020-12-02,50.64160919189453,51.14836506061586,50.329111833721974,50.74296229875165,6802300
2020-12-03,50.26155090332031,51.190601862698465,50.00817454052818,50.84432008178299,5479900
2020-12-04,50.20242691040039,50.557156374956016,49.83925296371835,50.16019805605819,5107600
2020-12-07,51.8916015625,52.46592294412875,50.168640639468485,50.38823259274783,7157400
2020-12-08,51.95073318481445,52.37302821491062,51.51999367173273,52.37302821491062,4363500
2020-12-09,50.65850067138672,51.78180675951006,50.388232167238414,51.64667250743591,5985800
2020-12-10,50.31840133666992,51.39823223227602,50.2503789604969,50.79454823942483,6292000
2020-12-11,50.05482482910156,50.78604923346881,49.80825179790799,50.165359580420876,4973300
2020-12-14,48.940982818603516,50.52246421274772,48.91547280466766,50.046320532419145,5781200
2020-12-15,50.199363708496094,50.590482627685425,49.51915618740915,49.884765094661574,4980700
2020-12-16,51.21967315673828,51.355714651778705,50.17385031197649,50.57347362268246,5409100
2020-12-17,52.41004180908203,52.962712274439006,51.916892545820005,52.01892286865258,7229200
2020-12-18,51.44074249267578,52.444049795813406,51.423736899327736,52.410038609117315,10365900
2020-12-21,51.62779998779297,52.069935677635975,51.02411278535267,51.53427084754932,4843200
2020-12-22,50.513954162597656,51.891374664177555,50.28438353842017,51.75533317320034,5100800
2020-12-23,50.828556060791016,51.279196193131156,50.65000218899787,50.65850660774158,3897900
2020-12-24,51.423736572265625,51.49175894522517,50.64149874414243,50.7520302349738,1857700
2020-12-28,50.862571716308594,52.410045228075695,50.79455257781144,52.103950996124276,3749500
2020-12-29,50.786048889160156,51.48326209708914,50.65851178633553,51.18567228034594,3795200
2020-12-30,51.34720993041992,51.36421552263511,50.63299127480741,50.896573088915204,3539500
2020-12-31,50.92207717895508,51.46624312729861,50.52245389161565,51.457741953380385,3700400
2021-01-04,53.69392395019531,53.90648896465613,52.42703503687559,52.63109887789125,9427500
2021-01-05,53.932003021240234,54.1870804243882,53.01372047772535,54.17857924979351,5602300
2021-01-06,55.470970153808594,55.6070148910249,53.302807428442016,53.3963365635357,9867400
2021-01-07,55.38593673706055,55.93010262651339,54.6292058443224,55.190380566740764,5358100
2021-01-08,53.387840270996094,54.58670381423109,52.49506768403163,54.450665551545534,8805700
2021-01-11,52.673622131347656,53.32832290057625,52.21448082667014,52.40153911601699,5753100
2021-01-12,53.13275909423828,53.30280853231017,52.25698891943943,52.76714696411049,4282100
2021-01-13,52.775638580322266,53.79595124138845,52.758632990897965,53.14975181720324,5343100
2021-01-14,53.84698486328125,54.144574662638064,52.81816746375009,53.7364501191692,6193000
2021-01-15,52.59709167480469,53.93199980709246,52.52906930816036,53.251792358074,5582600
2021-01-19,52.588600158691406,53.226295406744185,52.214486780821986,53.056245935385384,5270200
2021-01-20,54.008522033691406,54.45916209303271,52.70762511637918,53.43034490522266,6529700
2021-01-21,52.97970199584961,54.31460994212059,52.80964934642025,54.05953258971881,5088900
2021-01-22,52.50356674194336,53.022225976894276,51.34721236437774,51.99341192524569,4441400
2021-01-25,52.41004180908203,53.04773700288524,51.55128037522732,52.74164279090202,5594800
2021-01-26,52.27399444580078,53.08174224956072,52.2144764938539,52.26549327130199,4614100
2021-01-27,50.07182312011719,51.75533794240121,49.85925806815983,51.670313219012385,7514000
2021-01-28,50.786048889160156,51.78935633344542,50.52246702041208,51.14315991273773,6402400
2021-01-29,50.675514221191406,52.29101014082249,50.5224671027638,52.03593269127173,6669600
2021-02-01,50.91358947753906,52.04443403002554,50.08033474321066,51.95940929440488,7875800
2021-02-02,50.701026916503906,51.568292885606404,50.012314847176235,50.28439790687671,6238100
2021-02-03,50.088829040527344,51.100637526795865,50.046316678555364,50.77754098102056,9532600
2021-02-04,49.02601623535156,49.298099313313344,48.12473901242433,48.93248706914855,12158500
2021-02-05,50.42042541503906,50.54796573283038,48.83894104315483,49.349099070835074,6198600
2021-02-08,51.37272262573242,51.79785274971956,50.7690386281072,50.990108108932354,6247500
2021-02-09,51.02411651611328,51.670316126780556,50.82005587110238,51.636304938116915,4425000
2021-02-10,50.760536193847656,51.695821146029154,50.63299586242047,51.585286408357945,4549300
2021-02-11,49.6381950378418,51.01561575505227,49.59568267340969,50.68401477160211,5309100
2021-02-12,50.11433029174805,50.36941092246782,48.93246924422159,49.23856340629736,3784100
2021-02-16,49.14504623413086,49.85926503829201,48.84745641718277,49.765735883398115,7242700
2021-02-17,48.456329345703125,49.08552006593224,47.93767011415859,48.464830520415326,8553000
2021-02-18,48.770931243896484,49.40862646781043,47.6655935044761,48.44783142227077,8065700
2021-02-19,48.184242248535156,49.23856628584519,47.62307066640639,49.23856628584519,8699400
2021-02-22,48.881465911865234,49.06001979583595,48.0652135615258,48.58387286176175,10186700
2021-02-23,48.32878112792969,48.872947038226926,47.44450990195435,48.864445864903075,7575700
2021-02-24,48.53285217285156,49.051508153225,47.470026957890575,48.0226941235792,6133100
2021-02-25,47.71659469604492,48.872948921733425,47.42750613962279,48.218248272086704,6738000
2021-02-26,46.23715591430664,47.478535170974,46.06710320600624,47.1554353495518,10486700
2021-03-01,46.46672439575195,47.308480234795766,46.152125764991496,46.755813013203024,6721700
2021-03-02,48.29478073120117,48.79643439992193,46.61126585400747,46.66228263579591,9269700
2021-03-03,47.5048942565918,47.95993736400933,46.85237627499743,47.58216276144435,7281100
2021-03-04,47.58216094970703,48.5094222750244,47.04126178513786,47.45337683799026,8279700
2021-03-05,48.715476989746094,48.938704728120136,47.27307279890137,47.77104388075069,7920900
2021-03-08,48.41497802734375,48.84426494480585,47.76246335388903,48.81850877782189,7020200
2021-03-09,49.15335464477539,49.900313003544085,48.904367433452684,49.41092615381293,6590800
2021-03-10,49.95182418823242,50.50131089886502,49.17910645440586,49.77152447540594,7002800
2021-03-11,50.18364715576172,50.35536259780155,49.54830100277424,50.29526268436756,6393600
2021-03-12,50.64727020263672,50.67302636872533,49.23920641114157,49.34223762589432,5666600
2021-03-15,52.733604431152344,53.18865079996358,50.98211626177849,51.14524411462821,11254400
2021-03-16,53.07703399658203,53.55783652125089,52.3214881078736,52.690675117401625,8254900
2021-03-17,54.064395904541016,54.36489543930435,52.19270466607406,52.75077569852015,7792400
2021-03-18,53.45481491088867,54.63106362949205,53.274515159931894,53.35178694965621,8474200
2021-03-19,53.171485900878906,53.66945709734779,52.84522687720635,53.47198547847222,31287400
2021-03-22,52.278560638427734,52.802291205309025,51.832101848220724,52.56189157796651,6348000
2021-03-23,51.617454528808594,52.20128495887487,51.351298754207136,52.20128495887487,5730500
2021-03-24,51.83210754394531,52.17553842805864,51.48009236156899,51.65180780362565,5604000
2021-03-25,51.41140365600586,51.88361862398574,50.87908550464007,51.56594721282828,5922900
2021-03-26,52.80229187011719,52.90531981524697,51.29120333248284,51.454331185204936,6934600
2021-03-29,53.36894226074219,53.411870291667476,51.90936628289072,52.570468439776356,6180100
2021-03-30,51.41140365600586,52.42452107286418,51.04221663417447,52.338661721740976,6399200
2021-03-31,51.74625015258789,52.338664973749985,51.09373214430543,51.41140685040064,7149800
2021-04-01,53.06844711303711,53.154303181915516,51.72907082221999,52.39875733002901,6514100
2021-04-05,53.652278900146484,54.20176561525364,52.97400480328645,53.23157629159303,6140500
2021-04-06,53.91843795776367,54.45934040867405,53.69521019440349,53.91843795776367,6258500
2021-04-07,53.24016189575195,54.227523112900926,52.96541853145297,53.91843600926475,5630800
2021-04-08,53.059871673583984,53.961373703739085,52.98259988384498,53.51491811324691,6986100
2021-04-09,52.810874938964844,53.05127783894076,52.218460174251234,52.304316247328835,4883700
2021-04-12,52.03815841674805,52.69067306208947,51.883614871104186,52.58764512339327,5368100
2021-04-13,53.44622039794922,53.59217637553474,52.19270340438248,52.26997517933928,6028300
2021-04-14,53.1027946472168,53.79824068846179,52.94825108249569,53.55784104342874,3976100
2021-04-15,55.618412017822266,55.98759902911778,53.6007648143973,53.74672079434242,7805200
2021-04-16,56.15931701660156,56.55426018990719,55.72144253190248,56.288097849985014,6398600
2021-04-19,55.67851638793945,56.056291001987404,55.06034212873337,55.979015944387115,5471500
2021-04-20,56.528507232666016,56.940625621842,55.56690857525466,55.77296449464286,5788900
2021-04-21,57.36989974975586,57.51585572034217,56.33102626142105,56.691625677127725,5169400
2021-04-22,56.40829849243164,57.00071653631698,55.99618671873635,56.8547605560665,4785800
2021-04-23,56.425472259521484,57.215358598480975,56.22799739958242,57.009302716665104,4877800
2021-04-26,56.04771041870117,56.50275359670008,55.94468572958436,56.43407265408883,4052700
2021-04-27,55.12902069091797,56.12496940298441,55.0689207893552,55.96183829142919,4396100
2021-04-28,55.120445251464844,55.59266354653729,54.553789847777345,54.75984576271831,5609200
2021-04-29,53.49774169921875,54.562371517249225,52.24422129706092,54.296215700341385,8363300
2021-04-30,53.583595275878906,54.141669603335316,53.205823950880344,53.26592385996649,5186000
2021-05-03,55.34367370605469,55.69569215495868,54.21035640167947,54.50227166342457,5898800
2021-05-04,54.96589279174805,56.159316421781426,54.467921681810765,55.24922372298759,5960300
2021-05-05,55.669925689697266,55.815888223548704,54.613883514834725,55.403769890412974,5450800
2021-05-06,57.43000030517578,57.54161253976374,56.288095592059946,56.288095592059946,8615700
2021-05-07,57.80777359008789,58.34867270782957,57.163843261653405,58.048173197973085,8077200
2021-05-10,58.68351364135742,59.64511858539103,58.46028263552149,58.8123010120473,9143400
2021-05-11,59.052703857421875,59.13855992580326,57.54161216239655,58.09110541091332,6323200
2021-05-12,58.2628288269043,59.57644592360011,58.17697274190184,59.38755860635507,5649700
2021-05-13,59.172916412353516,59.52493488407902,57.67041196556323,57.953742947625294,5325200
2021-05-14,60.74408721923828,60.890043171203295,59.4304705507586,59.765313758394704,6538700
2021-05-17,63.534454345703125,63.74051020136166,60.709746062393755,61.17337665042362,17584300
2021-05-18,63.8607292175293,64.20416011392635,62.701655673788835,63.43144223463286,8940800
2021-05-19,63.242523193359375,64.65916413931946,62.62434926401178,63.448578986343385,11686800
2021-05-20,63.40566635131836,63.82636562965236,62.7617360771674,63.07082313279165,6743400
2021-05-21,63.13093185424805,63.92940576782321,62.78750101661601,63.74910605190603,5927900
2021-05-24,63.60313415527344,63.97232106700268,63.09657232271622,63.40565934418241,5758600
2021-05-25,62.84761428833008,63.5774074299097,62.61580219010582,63.491544789441654,6916900
2021-05-26,62.839027404785156,63.56881392791148,62.46125278323305,63.07942705471861,5864900
2021-05-27,62.753170013427734,63.31124441903994,62.52135791745945,62.79610133324395,9091100
2021-05-28,63.088016510009766,63.33699719029729,62.66731055967705,62.933472937528215,5352700
2021-06-01,63.491539001464844,63.7319452022999,62.75316490346946,63.19103943842003,5954300
2021-06-02,62.88600158691406,63.82021066136461,62.77355306108322,63.53475678870264,6222400
2021-06-03,61.46741485595703,61.74421692000609,60.91381072785891,61.64906559178781,7614800
2021-06-04,61.804771423339844,62.436229681430945,61.53662126142228,61.83937250866505,5032700
2021-06-07,61.85667037963867,62.03832111044839,61.000308449345084,61.35496459007949,4548500
2021-06-08,60.489967346191406,61.77882651581797,60.455366258482165,61.70097901808418,6739000
2021-06-09,60.541847229003906,61.2079064153429,60.53320190932311,60.56779638700764,4105900
2021-06-10,61.46741485595703,61.58851534651088,60.567806497927144,60.76676107496949,4872400
2021-06-11,60.81865692138672,61.41551402871109,60.48130462580725,61.34631186564825,4827200
2021-06-14,60.4034538269043,60.706205024336725,59.74604651285021,60.02284855042859,5654300
2021-06-15,59.75471496582031,60.654323486727904,59.469260929482886,60.50726720773158,4858700
2021-06-16,59.20974349975586,60.26505339848152,58.72534155259584,59.68550012606056,9296800
2021-06-17,55.075016021728516,57.99874506881391,54.84146694256508,57.79979047587429,20424800
2021-06-18,54.1667594909668,55.24801868161863,54.09756061863049,54.86741663441601,17015300
2021-06-21,54.8674201965332,55.1442223033314,53.88996090079754,54.70306997679096,10795500
2021-06-22,54.42625427246094,55.144211869698864,54.29650516555317,54.84146065383996,8930700
2021-06-23,54.20136260986328,55.25667267543675,54.166761522526805,54.884719235922866,5248000
2021-06-24,53.889949798583984,54.685758166485265,53.86400063758679,54.54735714159905,5388400
2021-06-25,54.21865463256836,54.59060801362633,54.10620276626831,54.44355506542768,6138700
2021-06-28,54.19270706176758,54.50410690877332,53.751551503962894,54.27055784845424,4491900
2021-06-29,54.13215255737305,54.36570159931629,53.31039505139068,53.50069439296446,5556300
2021-06-30,54.82416534423828,55.17016629541484,54.1927103910935,54.357060595421785,5639800
2021-07-01,54.374359130859375,55.42101716662613,54.28785642145244,55.36046691991175,5577300
2021-07-02,54.806861877441406,55.45561733849115,54.51275926977588,55.152862810156726,5303000
2021-07-06,55.26531219482422,55.72376497742768,54.66845838541175,55.68916389579023,5400400
2021-07-07,55.04042053222656,55.628622515066546,54.71171680378613,55.39507342615868,3987100
2021-07-08,54.28786087036133,55.611324384947615,53.838059943547755,55.25667149666764,5535000
2021-07-09,55.343170166015625,55.5507733830608,54.59926331290376,54.63386439903482,4701100
