Date,Close,High,Low,Open,Volume
2016-07-01,169.99166870117188,172.09447494736918,168.59203913064334,171.79981393915014,656700
2016-07-05,173.94277954101562,174.1169029838471,169.90461778857542,169.90461778857542,1009000
2016-07-06,172.86460876464844,174.67273362262813,172.31546591955544,173.66821300029795,946200
2016-07-07,169.95150756835938,172.3690646739519,168.99386940841876,172.3690646739519,703300
2016-07-08,172.33554077148438,172.58331923387152,169.94478720849014,170.56089191125773,912800
2016-07-11,171.8131866455078,173.23960904170747,170.52070849231197,172.8578863424666,652300
2016-07-12,171.3042449951172,172.57664386120348,169.44922746241153,171.7663158784808,625700
2016-07-13,171.73956298828125,172.1279686647043,170.65467368914528,171.80651468499065,672600
2016-07-14,170.14569091796875,172.3690345781713,168.80633022199456,172.3690345781713,636600
2016-07-15,168.50497436523438,170.3800814776055,167.6812703569667,170.1456994751289,662200
2016-07-18,168.25718688964844,169.16125944392263,167.57411007571926,168.94695682837187,716700
2016-07-19,168.8531951904297,168.87997790703963,166.7236166813172,168.53175149855645,714700
2016-07-20,168.7058563232422,169.07418252402664,167.9357280822012,168.93354516790524,379500
2016-07-21,168.5251007080078,168.61885557314508,167.25271179278556,168.55858677809553,659500
2016-07-22,169.9246826171875,170.90911347344672,168.17681662939157,168.60541161168393,636800
2016-07-25,168.73265075683594,170.88231877036802,167.35310077267994,170.39345501871432,417500
2016-07-26,167.7080078125,168.90004797117285,166.93118654549502,168.5317218169629,593600
2016-07-27,166.2012481689453,167.57409479642263,164.54044392390244,167.57409479642263,914700
2016-07-28,159.7991485595703,163.9042930612219,158.2454952014829,163.9042930612219,1647000
2016-07-29,160.00003051757812,163.36182878874737,159.42410499876038,159.72545911730785,1365100
2016-08-01,160.0334930419922,160.25448875469323,158.24544796851282,159.9062521572392,933300
2016-08-02,156.93959045410156,159.3571368700269,156.4574197958525,159.12274466558242,900500
2016-08-03,156.33689880371094,157.12712704730092,154.82342466736094,157.12712704730092,1073400
2016-08-04,154.3948211669922,156.4105555302324,153.31663529397716,156.4105555302324,1145000
2016-08-05,155.87478637695312,157.11369904660043,153.43045731560758,154.55551533946212,964600
2016-08-08,154.36129760742188,156.76544725220577,154.12021230870894,155.70065810726936,816600
2016-08-09,155.25868225097656,155.7877354238071,153.02195244449305,154.17380340728914,731800
2016-08-10,155.54666137695312,155.91498762173032,154.76313657543326,155.01760816576999,847700
2016-08-11,154.5823211669922,156.00874362624933,153.35680486261109,154.89036841509213,833100
2016-08-12,154.14031982421875,156.2966912972256,153.73181441551841,154.5957077607505,525600
2016-08-15,153.4171142578125,154.5622724908069,152.92155719224195,154.30779061269385,686700
2016-08-16,152.3790740966797,153.22287794261405,151.71609703888785,152.82776895807982,544200
2016-08-17,152.62010192871094,153.28978207796987,151.48835106001013,152.76743237902855,645400
2016-08-18,151.8433380126953,152.68713164046514,150.8856897243065,152.61346638751215,544700
2016-08-19,150.02850341796875,151.79645931499797,149.2181958335245,151.3209919399798,1224300
2016-08-22,151.8701171875,152.0576268781829,150.02849612517662,150.5910251972253,786100
2016-08-23,151.6892852783203,152.472810024814,151.4950824820827,152.3656689399126,683200
2016-08-24,149.9615478515625,151.68263162298788,149.3923255637763,151.67593849672454,757900
2016-08-25,151.1736297607422,152.79425480863557,150.24277458228454,150.3030433549125,688900
2016-08-26,150.00836181640625,152.19821888803355,148.34085447290897,151.22718466104874,655600
2016-08-29,151.1736297607422,151.57543179677197,149.94141028212454,150.4034913092924,629500
2016-08-30,149.85438537597656,151.42812817863964,148.54851064484834,151.30759061200254,729700
2016-08-31,149.9682159423828,151.40133145137875,148.910119786244,149.77400292275334,1004200
2016-09-01,151.4214324951172,152.7741897360912,149.62668374691725,150.1758265683516,770300
2016-09-02,151.87681579589844,153.48405491215016,150.390134685671,151.41474489621962,665300
2016-09-06,150.25616455078125,151.78973814901912,148.33418537365094,151.78973814901912,1208700
2016-09-07,151.30091857910156,151.70273098806868,149.64011371116456,150.21603938080995,728400
2016-09-08,149.3386993408203,150.9191451775622,149.02394879827142,150.74503198703917,1401200
2016-09-09,146.37875366210938,149.43249487236488,146.25151274192993,148.50163945767284,1017600
2016-09-12,147.87774658203125,148.77581815155793,145.69672151509945,146.36520336440353,1260900
2016-09-13,145.0080108642578,147.72923138472916,144.98775445767248,146.72987754753225,1183800
2016-09-14,145.2443084716797,146.10185691809227,144.84590854644318,145.1295084621888,812600
2016-09-15,145.041748046875,145.51441461837436,144.15718411234937,144.9809788384019,909400
2016-09-16,145.1497802734375,145.93305184304532,144.44752400686207,144.60282652022943,1266500
2016-09-19,145.89930725097656,146.2909379088191,144.89994329341863,145.1295227282528,1036600
2016-09-20,146.41925048828125,147.2700607105949,145.12953775373506,145.83854283787656,850700
2016-09-21,146.8851776123047,147.2633109333091,143.6170135626406,146.2639571130317,794900
2016-09-22,149.7684326171875,150.34914019919833,147.14174594697357,147.14174594697357,886500
2016-09-23,149.9845428466797,150.6057633933317,147.27682987105055,148.4517530395174,623800
2016-09-26,151.22019958496094,151.7873994759965,149.61313322702685,149.8089485572563,600100
2016-09-27,150.53823852539062,152.08453596754663,150.36266926151714,151.92923341388672,649100
2016-09-28,152.48965454101562,152.67872116981027,150.4166600207449,151.02438301617784,1009000
2016-09-29,151.92245483398438,153.38096735735658,150.36939869274474,151.73338820496653,1171400
2016-09-30,150.6732635498047,153.79963241174372,150.5854789301742,152.85428890989894,1298900
2016-10-03,146.23019409179688,150.30865563500532,146.1896812790101,150.30865563500532,742300
2016-10-04,143.5967254638672,147.81698088893128,142.74591537602515,147.81698088893128,856400
2016-10-05,141.05113220214844,145.07557424044467,140.65949107433656,144.15724580707683,985000
2016-10-06,142.6378936767578,143.91409858576844,139.81538131245787,141.4764784861561,889100
2016-10-07,143.1848907470703,144.9472705955241,142.44888035183595,143.12412151517665,713100
2016-10-10,142.874267578125,143.61027793369146,142.48938549351283,143.12411380138187,425000
2016-10-11,141.61154174804688,142.94851602803593,141.14562381476102,142.18550071292128,526400
2016-10-12,143.6710205078125,144.02213838508348,141.4022104927602,142.06394374200397,686100
2016-10-13,144.65689086914062,145.244357603597,142.55689073906194,142.72570100577772,546300
2016-10-14,144.63662719726562,145.66299645229088,143.98164257103505,145.0012631249406,599100
2016-10-17,145.2510528564453,145.6291860662077,144.23819162885727,144.65008894021068,541600
2016-10-18,145.73731994628906,146.1694739333313,144.28554507953626,145.63602757696373,611400
2016-10-19,145.30514526367188,145.79131971776982,144.01543218951306,145.79131971776982,671200
2016-10-20,144.5825653076172,146.15587770060952,143.7250168595674,145.56167276792326,572900
2016-10-21,142.5095977783203,144.69062305811812,142.41506446195208,143.8735873173695,847000
2016-10-24,142.8134765625,143.8330867994339,141.6250560695821,142.25977397725939,1020400
2016-10-25,143.3873748779297,143.43463637185852,141.63849353544336,141.8208114196968,704900
2016-10-26,144.01539611816406,144.3327602046372,142.40157057994017,143.18485259350618,782600
2016-10-27,136.56753540039062,142.39487036869244,135.48714533768253,141.88168045239263,2070600
2016-10-28,140.2813262939453,141.05110066869463,137.53984931551108,137.53984931551108,1185100
2016-10-31,144.31251525878906,144.41379729299967,140.45013570269606,141.18614596025463,1183300
2016-11-01,138.91058349609375,144.0018962547869,138.42440913729394,144.0018962547869,1332600
2016-11-02,138.5999298095703,140.3353036977097,138.51215550747648,139.2751706432387,758500
2016-11-03,137.58705139160156,138.63367661386613,136.92531834211456,138.63367661386613,811900
2016-11-04,138.72146606445312,138.96455315488632,136.60121044920237,137.7558664012426,933400
2016-11-07,142.96876525878906,143.0565498804694,139.57906306552536,140.6391860126274,610500
2016-11-08,146.108642578125,146.70960662185593,142.41507369365038,143.14433516863164,1059900
2016-11-09,146.837890625,147.69543914945064,139.53852784229628,142.22599404230297,1517700
2016-11-10,145.00125122070312,147.49288177291004,142.65140520053322,146.8851690144907,1786700
2016-11-11,144.62313842773438,147.4456516727764,144.11670758671275,145.37265648458086,1218500
2016-11-14,146.15589904785156,146.77037077456745,140.8552638637228,144.46104800177142,1111600
2016-11-15,143.2321319580078,148.02634765917068,142.70544474956424,146.3720091042717,1097200
2016-11-16,140.5919189453125,143.23210315813068,139.6465754587653,143.0700519286464,811600
2016-11-17,138.16107177734375,141.14563598463445,137.95849740148876,140.84852827382855,578700
2016-11-18,137.72891235351562,139.2144405441763,136.19611234560864,138.12055338345203,860000
2016-11-21,136.35142517089844,139.09291258704025,136.22988672315284,137.72892273218207,771400
2016-11-22,138.49192810058594,138.59321012549702,135.5343693328669,137.26973328095437,1231300
2016-11-23,138.26234436035156,138.72151360111943,136.99289827828528,138.14755462599962,553800
2016-11-25,138.9173583984375,140.67973820565106,138.14758390237654,138.16784031253374,324800
2016-11-28,141.45620727539062,142.05041220828474,139.1198694356028,139.1198694356028,1060000
2016-11-29,141.53726196289062,143.67777462904888,140.19352870601642,141.84787734658283,753900
2016-11-30,141.3279571533203,143.0498239320348,140.0382442446467,140.61895197345422,1655300
2016-12-01,140.35560607910156,142.3205600216035,139.0996573048938,140.55818045623718,1110400
2016-12-02,141.449462890625,145.08901098207238,140.7607245810927,140.7607245810927,1004100
2016-12-05,143.45497131347656,143.74533034762322,139.05239640500295,141.20641718775371,1258500
2016-12-06,144.9810028076172,145.79128996462933,143.17810023131295,144.06942331637842,1084800
2016-12-07,149.23504638671875,149.6469439101085,144.7311890459545,145.62251233067818,1108900
2016-12-08,149.26878356933594,149.73470153833114,147.59418866480652,148.30319382182702,1016500
2016-12-09,147.96554565429688,151.52405787363955,147.4118431559401,149.90348379182817,894700
2016-12-12,148.33352661132812,149.13083426046842,146.74572217562937,148.18360444842003,803700
2016-12-13,148.81736755371094,149.06950464555283,147.0251228675567,148.91958248330536,864400
2016-12-14,146.65032958984375,149.07632783663914,146.18694133967577,149.07632783663914,899800
2016-12-15,147.39306640625,149.5805588812977,146.1323708960929,146.45265811826906,1005900
2016-12-16,149.0558624267578,150.68455271698772,146.90926586455438,148.68787830687768,1353700
2016-12-19,150.17352294921875,151.7204419774828,149.05592758036144,150.44611352593228,804800
2016-12-20,148.4494171142578,150.87541588117708,147.5021870249659,150.10537225350805,810400
2016-12-21,146.6026611328125,149.39664409574,146.6026611328125,148.53119639068763,923400
2016-12-22,148.0541534423828,148.7969535356771,145.81215223127538,146.5208668103845,720200
2016-12-23,149.04908752441406,149.71010524586825,147.52261178857643,148.48347388655813,467300
2016-12-27,150.01673889160156,150.66412439413358,148.2926443730127,149.04906606918018,450200
2016-12-28,148.74923706054688,150.29615572254556,148.08140850268884,150.29615572254556,489300
2016-12-29,150.19390869140625,150.9844054651511,147.73383556498993,148.878694754252,552000
2016-12-30,152.30645751953125,152.52452992191184,149.49884292760018,150.05763526173763,891500
2017-01-03,152.32012939453125,153.67622980702217,151.25023088789084,153.10380519878677,938100
2017-01-04,153.4376983642578,153.94197264267234,152.47002538868173,152.83119873878178,723300
2017-01-05,155.0731658935547,155.33212423801314,149.79184646760595,151.8021530726693,956600
2017-01-06,155.61155700683594,155.90458012043956,153.56717488052726,153.94196995173834,697200
2017-01-09,154.54844665527344,156.1226293937061,154.0782475704708,155.61153393789726,601700
2017-01-10,153.53311157226562,154.9846159227464,153.26734229133822,154.49397374110552,1166900
2017-01-11,149.75779724121094,152.8516345916784,148.94004649422803,152.84481332990023,1468200
2017-01-12,148.08145141601562,149.78510361730832,145.56004823775598,149.2740079569205,1514200
2017-01-13,145.91432189941406,148.07455048054626,145.78484273805944,148.07455048054626,997600
2017-01-17,148.34719848632812,148.46985643524974,146.23466591437025,146.32325914299116,842200
2017-01-18,146.9228973388672,148.59247359080058,145.85981015645956,148.27899716555294,1056000
2017-01-19,146.73895263671875,147.22278397286914,145.85305153321553,146.48681547276055,601100
2017-01-20,148.53797912597656,148.7628623888945,145.6008853800203,146.7866202594329,1040800
2017-01-23,150.09170532226562,150.7390908478621,148.48345780276847,148.55841888878052,733800
2017-01-24,151.55003356933594,151.9384711310842,149.69645976908626,149.9213430314251,798500
2017-01-25,149.1785430908203,151.7135773657141,148.94002772047688,151.44780814648797,792000
2017-01-26,148.7288055419922,150.6845945256836,147.65890719595217,149.3080513265479,516900
2017-01-27,147.5839385986328,149.55335946970217,146.70484853331067,148.94685990451512,573200
2017-01-30,146.50721740722656,148.08138972165918,146.19374095755288,147.19548886642153,508300
2017-01-31,146.5140380859375,148.16317159241544,145.9961317411949,146.71847835826838,540100
2017-02-01,145.34877014160156,147.53626389514565,144.81042068230232,146.56177993772215,675500
2017-02-02,146.5277099609375,147.2296137810197,145.28063539949815,145.28063539949815,658900
2017-02-03,147.5566864013672,148.63339556874752,146.78663247320395,147.63164749524384,747600
2017-02-06,146.98423767089844,148.1018326328332,146.20737300709334,147.55666207617304,545700
2017-02-07,147.52259826660156,148.04051501431852,145.6281384957504,146.99788105403942,666700
2017-02-08,149.71694946289062,150.30982748429068,147.5499089105666,147.6453130154186,688000
2017-02-09,148.87869262695312,149.7168862225478,148.02686690834707,149.7168862225478,391000
2017-02-10,149.77825927734375,149.80552353139382,147.9655815171303,148.74244638529782,442000
2017-02-13,149.96221923828125,150.72545178928024,148.91277448065765,149.97585136191012,464600
2017-02-14,147.808837890625,150.21439359373954,146.51406657784818,149.96225643451587,513400
2017-02-15,147.9314727783203,148.8650705011653,145.79168684541239,146.92291397127337,640900
2017-02-16,150.35751342773438,152.19064467919935,148.53801430404985,148.53801430404985,822600
2017-02-17,153.8465576171875,153.87382186710454,149.9213478885711,150.59599769744494,1151400
2017-02-21,155.1890411376953,155.44118866562792,151.9861779513259,153.1242160640144,833000
2017-02-22,154.1736602783203,156.5383295515546,153.21960913506138,155.44117749567857,817100
2017-02-23,154.73928833007812,157.7513434189137,151.42056760329046,156.05450250852414,1146900
2017-02-24,155.65245056152344,156.66782041212022,153.7239154140485,155.05276178117344,757600
2017-02-27,155.4003143310547,156.02044614695404,154.69159968307432,155.9523063067584,487400
2017-02-28,155.0050811767578,156.3952566607269,154.30316697261574,155.55024150881357,1039700
2017-03-01,156.2793731689453,157.1993388137069,153.38316538686317,155.4002831014735,793100
2017-03-02,154.67112731933594,156.9063174593165,154.50757301704547,156.2793748979331,815600
2017-03-03,154.42581176757812,155.01186839357192,152.83119620322242,154.04419543405012,617800
2017-03-06,155.31854248046875,155.60475476534558,153.3286782154206,154.40538751468088,423900
2017-03-07,155.37985229492188,155.37985229492188,153.96923403639425,154.65750560813075,667600
2017-03-08,152.5245361328125,154.80742319795735,152.34734969909698,154.80742319795735,861300
2017-03-09,151.51596069335938,153.6012286498501,151.0525724355901,152.64718788487542,675900
2017-03-10,149.9690399169922,153.1719026719438,148.96729199856335,151.51594799929597,767100
2017-03-13,149.41201782226562,150.89060207315327,148.29792988412206,150.28541331977547,894000
2017-03-14,150.8493194580078,151.19317474695367,148.49734004722305,149.23319540250992,667900
2017-03-15,153.44883728027344,153.8339534563392,150.4091583264644,150.80114782937818,742700
2017-03-16,151.66769409179688,153.66206116722688,151.11753399587388,153.26318775214088,798000
2017-03-17,153.00875854492188,155.16816973904258,152.0184534506645,152.2385154195925,1477800
2017-03-20,153.7996063232422,154.08844353132915,151.74334774245162,153.16004046825645,722000
2017-03-21,154.23976135253906,155.07876928082175,153.1944381069744,153.88903265870272,955000
2017-03-22,155.26443481445312,155.63579394448988,152.93309615433643,154.3085174403907,758500
2017-03-23,155.36756896972656,156.619207230008,154.3497602757774,154.61109364740332,843000
2017-03-24,153.29757690429688,156.23409369784594,153.23568546693542,155.491375462246,635600
2017-03-27,151.9221649169922,154.66612374346101,151.6402010269964,152.4585783940597,576200
2017-03-28,152.78179931640625,152.89870886674757,150.51235209059502,151.9015305308457,760100
2017-03-29,151.26190185546875,152.57543125074108,149.7214372603773,152.3622427036438,703500
2017-03-30,150.88368225097656,151.84648326469218,149.36384789472444,150.66362034365534,923700
2017-03-31,150.5467071533203,152.25222624467983,149.96903285532218,150.94558050011793,1004500
2017-04-03,150.82186889648438,151.4270578187466,148.58680857378926,150.6086802062243,856400
2017-04-04,151.50953674316406,152.53422942400354,149.8865391345655,150.7874384375326,745100
2017-04-05,152.87115478515625,153.68265859127322,151.18626624311653,151.30317576303622,667100
2017-04-06,153.11190795898438,153.77898816933092,152.23851244243014,152.55486397776625,550400
2017-04-07,153.77210998535156,154.16409961050147,153.09127264445073,153.40074034717583,435000
2017-04-10,155.31256103515625,155.42947057916226,153.46261782252643,153.77896931908413,518900
2017-04-11,155.6770782470703,156.25476324899404,155.17505234060116,155.41575529920547,505400
2017-04-12,154.25352478027344,155.9796750013647,153.64146262673933,155.05127177627818,637700
2017-04-13,155.40194702148438,155.62889275228721,153.68954404922457,153.71017452533118,441100
2017-04-17,158.99183654785156,159.01246702911908,155.26444585678996,156.08282325917594,694600
2017-04-18,158.9849395751953,159.6932911834435,157.011213410548,158.22846417281315,604300
2017-04-19,158.16653442382812,159.32875630091397,157.74014679770173,159.32875630091397,453300
2017-04-20,157.7608184814453,158.44852912956605,156.92181065124745,158.33850340102683,752400
2017-04-21,157.0524444580078,158.33158641533544,157.02494065504172,157.6782635351886,819800
2017-04-24,155.745849609375,157.5063873963314,153.06378196418876,157.43761212599003,976400
2017-04-25,155.10626220703125,155.93839674733536,154.52858775409058,155.74583859635516,526400
2017-04-26,153.99900817871094,155.16124060986624,153.56575769670448,155.16124060986624,731900
2017-04-27,146.48239135742188,153.999064900462,145.120726995697,153.999064900462,2272400
2017-04-28,143.9928741455078,146.46175311584713,143.3601815413158,145.73278143044402,1423400
2017-05-01,142.51426696777344,145.4714246935602,140.98754857198657,144.64617405915328,1152500
2017-05-02,142.54176330566406,144.70117393215705,141.79215085904056,142.36295185342826,1035000
2017-05-03,141.34515380859375,143.41515886410198,140.01787743420573,143.0988178756584,997500
2017-05-04,142.7893524169922,143.09882008215644,138.89690797936598,141.08382260724872,1232400
2017-05-05,143.2157440185547,144.41923766576943,141.87471033895605,142.89939249980307,858200
2017-05-08,143.353271484375,143.57334391180282,142.32858941335314,143.42204674135394,1009100
2017-05-09,143.09193420410156,143.2501046868899,142.197908421436,143.00940180530037,803400
2017-05-10,143.67652893066406,145.574606826918,142.87190861072057,142.9613143663698,683600
2017-05-11,143.36703491210938,143.93783599040916,142.48676615111563,143.0919548594106,912900
2017-05-12,143.4839324951172,143.97908494359297,142.61742095709982,143.1607076886502,766100
2017-05-15,144.23348999023438,144.4604356668939,143.2569425441895,143.29820348655903,834100
2017-05-16,143.14012145996094,144.43989441560063,142.45928400943205,144.1991914449277,999200
2017-05-17,146.4479522705078,147.2938332668966,142.610526332332,142.610526332332,1665300
2017-05-18,148.62806701660156,148.65558132730965,146.05603512804487,146.73686216036404,1651900
2017-05-19,147.5001678466797,148.6761576002172,147.03252967151084,148.2979146681653,2114300
2017-05-22,148.2703857421875,149.0474914596993,147.14254095908774,147.66519715343128,938100
2017-05-23,149.37074279785156,149.81087716969844,147.93343013753,148.42170928915021,839900
2017-05-24,149.62518310546875,150.60173078614818,148.95810306054346,149.2331830715183,773600
2017-05-25,149.29507446289062,150.14783928650866,148.7517877685797,149.75583925265553,1018500
2017-05-26,148.81370544433594,149.90716284695077,148.49048060301484,149.8040104480745,976200
2017-05-30,147.41078186035156,149.10942800344537,147.17007893566765,148.84809459877502,711400
2017-05-31,148.0984649658203,148.4010487805564,147.29383442147025,147.5551677775371,2060000
2017-06-01,145.98036193847656,148.0641246443328,144.6255709391399,148.0022331961113,1251100
2017-06-02,147.11508178710938,147.39017238217926,146.09727281943387,146.48238915889848,1063800
2017-06-05,145.34764099121094,147.04628703004178,145.00378568770074,146.9706384435243,918900
2017-06-06,142.9750213623047,145.34763119146183,142.80309372214145,145.34763119146183,1355000
2017-06-07,144.32981872558594,144.32981872558594,142.83061467050925,142.9406508838078,1303200
2017-06-08,145.0450439453125,145.6020878476494,142.17729202665276,144.32981905089088,1858400
2017-06-09,142.74124145507812,145.03131950963314,142.3217374782323,144.14417726017666,1276000
2017-06-12,143.76895141601562,144.67862672129047,142.48431437727697,142.74123966587848,1489800
2017-06-13,144.71331787109375,144.73414907556244,143.2064673720565,143.6439438573585,1431700
2017-06-14,145.74099731445312,146.47706124501477,144.1230404691023,144.47024123602583,1104400
2017-06-15,147.6853485107422,147.73396171570553,145.12995533998804,145.42160278258092,855100
2017-06-16,148.3659210205078,148.6783997743131,146.74796322906926,147.9076131972026,943800
2017-06-19,147.06039428710938,148.74779596355913,146.35210157133235,148.74779596355913,726600
2017-06-20,147.03952026367188,147.21312064178719,143.81749766968068,146.89369128393548,937300
2017-06-21,147.4214630126953,148.1922492188694,146.85899940738162,147.296465213888,585900
2017-06-22,146.64376831054688,147.3173389100502,145.7341036399702,147.08124483897686,631900
2017-06-23,147.98390197753906,149.26854897250138,146.67842378553203,146.67842378553203,703800
2017-06-26,147.5534210205078,149.726891136015,147.1992693723059,148.74779279194794,573900
2017-06-27,146.0118865966797,147.85204734444855,145.54663860754061,147.20625868057445,777300
2017-06-28,145.43551635742188,146.83821097633427,145.37996294129627,146.36601223713186,627400
2017-06-29,144.13694763183594,145.3868620563599,143.6716892277394,144.87301164494866,669700
2017-06-30,144.80360412597656,145.82437560285499,144.10920233739154,144.9286019577017,620900
2017-07-03,147.7200469970703,148.28251058859988,144.73411804652042,145.77572042956848,562900
2017-07-05,144.47720336914062,147.39368813488744,144.442481168032,147.37285693336787,756100
2017-07-06,142.60231018066406,144.4008077461342,141.58153900118592,143.74806855972207,1028900
2017-07-07,143.76202392578125,144.22727192540486,142.4843269779434,142.8731903450478,509600
2017-07-10,141.22048950195312,143.87310944186297,141.06772025956403,143.7620026118108,700100
2017-07-11,141.14413452148438,141.9565835198629,140.62333306644175,141.63716456104711,669000
2017-07-12,143.3314208984375,143.64389946462703,141.63707948708364,142.06760504069027,648400
2017-07-13,142.2273712158203,144.0814226128551,142.16486700569973,143.32451665422428,740600
2017-07-14,144.21334838867188,144.75499149436166,143.14397437036672,143.17174577786713,566200
2017-07-17,144.15084838867188,145.64381842212,143.71338251661115,144.2688954078457,660500
2017-07-18,143.88699340820312,145.20635251442903,142.59540571026693,143.9633780256623,917900
2017-07-19,144.2758026123047,144.73409954952274,143.7827728852177,144.06053984263502,887500
2017-07-20,144.10919189453125,144.97719406736283,143.1717453095813,144.18557650956961,703600
2017-07-21,145.08828735351562,145.23410577133967,143.88002462718737,143.9355780325537,439500
2017-07-24,145.1299285888672,145.31046918317625,143.8938946380173,145.07437519160428,643600
2017-07-25,144.24111938476562,145.30355311905308,143.06063863508277,145.30355311905308,871800
2017-07-26,145.86602783203125,146.6993078010164,143.8314358194614,144.16474568790952,964400
2017-07-27,137.6859588623047,140.26913385824346,133.42927334023085,137.5192986511792,3807200
2017-07-28,140.85247802734375,141.28301440791776,137.2832527060959,137.80405412804296,1490300
2017-07-31,142.7481231689453,143.1994799111187,140.08161332391487,141.01905959855327,1367700
2017-08-01,140.8455047607422,143.46340226067514,140.53302610007168,143.11620139421245,726900
2017-08-02,140.4219512939453,141.85241749457987,139.58867114360527,140.47750471673223,933800
2017-08-03,139.11643981933594,140.93577955407787,137.6234803405519,139.58863850474856,870000
2017-08-04,139.9149932861328,140.25524331583057,138.62340578395086,139.10948482332506,672200
2017-08-07,139.6303253173828,140.19278912075873,139.01230809450007,139.92891302703418,534700
2017-08-08,139.3524932861328,139.9219076239507,137.75537825137357,139.3872154816116,717400
2017-08-09,139.49143981933594,140.1788908340878,138.72065338178777,139.2206235356423,646000
2017-08-10,139.3317108154297,139.88723435018986,138.32483036877508,139.21366378609932,590500
2017-08-11,137.92898559570312,139.43583571315514,137.13041744228534,139.43583571315514,630300
2017-08-14,139.2553253173828,139.4844791713639,138.49842993636452,138.88729322952145,807300
2017-08-15,139.9774932861328,140.08164930085346,138.3942582880059,139.10949117769792,651200
2017-08-16,138.19293212890625,140.69972366250678,138.04711364892904,140.26919783207265,876500
2017-08-17,137.3040313720703,138.94977044073252,137.3040313720703,138.13037100732137,728700
2017-08-18,136.3041229248047,137.3040631993929,135.0611483807485,136.734659240421,793800
2017-08-21,139.1372833251953,139.67197567050553,136.49161419959432,136.80409288606845,993000
2017-08-22,139.9844207763672,140.25523698577655,138.51229272478074,139.28307895090396,796900
2017-08-23,142.64401245117188,143.41479885120668,139.74141809519506,139.88723653546285,966300
2017-08-24,142.12318420410156,143.58837210706048,141.90098118623973,142.63009444097762,727600
2017-08-25,141.5676727294922,142.63010649439968,140.9635466345489,142.11625601207243,569300
2017-08-28,141.86622619628906,142.1648137503464,140.11633147875455,141.5537476456608,613500
2017-08-29,142.7481231689453,143.51889867137876,141.87317048708917,141.89400168468327,527500
2017-08-30,143.0050811767578,143.0050811767578,140.7552159583921,142.42178631872068,519500
2017-08-31,142.5884246826172,143.74113390327022,141.95651667175858,143.14394809221014,858100
2017-09-01,142.9634246826172,143.67170678420436,142.47733501842765,142.921762276139,408200
2017-09-05,143.5050506591797,143.71337327786503,142.33151014978984,142.75509558934957,656300
2017-09-06,144.3591766357422,145.47022365288493,144.07446938068654,144.08836038222645,964400
2017-09-07,148.79641723632812,149.4283254189172,144.67861963776306,144.76888466689675,1413600
2017-09-08,151.5947723388672,152.71969924888742,148.71995088325173,148.77550426835114,1319800
2017-09-11,148.18531799316406,150.0046576455251,146.06045049434644,150.0046576455251,1583900
2017-09-12,145.50759887695312,147.56845585820307,145.13608500710563,147.55443343972635,1240100
2017-09-13,146.32073974609375,146.36279630892489,144.46315955193097,145.53564468801414,646200
2017-09-14,148.99842834472656,149.99380611032385,145.51460081715047,146.4118430479979,803100
2017-09-15,150.11297607421875,150.2321505889849,148.4867284751711,148.92132719030107,1032100
2017-09-18,151.30465698242188,151.69018263452563,150.01486168194927,150.01486168194927,796500
2017-09-19,151.2135467529297,151.7743259953964,150.6177168023136,151.40281202015677,763100
2017-09-20,150.08493041992188,151.82333584306122,149.05450199389085,151.38173130045558,704900
2017-09-21,150.61769104003906,151.96355457417246,149.57325070926427,150.01485532929436,672000
2017-09-22,149.80458068847656,151.5850430778214,149.39099949402984,150.98220733415855,500200
2017-09-25,150.15505981445312,151.02425734013465,149.00546736438022,149.65035964652134,530000
2017-09-26,150.09896850585938,151.3046398418202,149.98681054531144,150.45645997213765,675400
2017-09-27,148.59188842773438,149.69241846761082,147.07779859708873,149.69241846761082,730200
2017-09-28,149.13160705566406,149.30684983716307,146.97962056479025,148.40960765156575,548400
2017-09-29,150.0007781982422,150.3162129881409,148.0871197939853,149.13157036530606,909700
2017-10-02,150.2041473388672,151.03129913406477,149.59430565737307,150.39341260745914,771200
2017-10-03,149.2507781982422,151.03825679656887,148.93534331523657,150.5125284262358,573800
2017-10-04,149.91671752929688,150.03588135805325,148.34654877770936,149.0334976065289,527200
2017-10-05,149.7834930419922,151.08729965949527,149.57321027785434,150.3653003133695,680700
2017-10-06,149.60128784179688,150.0218748841031,148.33953741085102,149.30688119057166,847100
2017-10-09,149.888671875,150.74385758837593,148.3885939458928,149.45407315691344,635500
2017-10-10,149.3209228515625,151.31868482000542,148.34657308411087,149.95879866342386,807600
2017-10-11,150.4844970703125,150.85602165892206,148.36055511958415,149.30687054934202,783400
2017-10-12,151.97755432128906,152.05466157613583,150.3372843865169,150.4284140593279,541600
2017-10-13,153.20423889160156,153.88418170090685,151.64107636421568,152.46121125156978,1057600
2017-10-16,152.50332641601562,153.84919013527755,151.7602984904207,153.46365375049504,768100
2017-10-17,151.32566833496094,152.65050349487524,150.22513840048575,151.92850400378802,723300
2017-10-18,150.47750854492188,152.1107729667452,150.1690794598087,151.3256885289831,516400
2017-10-19,150.85604858398438,151.47991265617424,150.09899824425275,150.9892241555522,686600
2017-10-20,150.7718963623047,150.8490036239444,149.60127571448098,150.67376081985157,845000
2017-10-23,150.5545654296875,151.80930963365344,150.02183126749387,150.96112993345486,752800
2017-10-24,147.28111267089844,150.53361979057163,147.20400538309684,150.07097606376206,1070800
2017-10-25,147.20396423339844,148.23439283871005,145.94221382934623,147.8558623695081,1062400
2017-10-26,143.1453399658203,144.40007376463478,138.86941117304178,140.94429072559632,2974400
2017-10-27,145.0309600830078,145.54968270411132,142.33923281365784,142.68271260687177,1041400
2017-10-30,146.3277587890625,146.46795090978554,144.40008771519462,144.78562406916282,796600
2017-10-31,145.27627563476562,146.3277323944865,144.9047617686753,146.3277323944865,682100
2017-11-01,144.7646026611328,145.85111036629067,144.32999316148545,145.85111036629067,691400
2017-11-02,146.03335571289062,147.3021120849466,144.86974075996557,145.06601187299228,811700
2017-11-03,146.4819793701172,146.8955498868923,145.20620641819906,145.96325673648448,759600
2017-11-06,146.72732543945312,148.99846572659942,146.5100153402992,146.84648928326246,764300
2017-11-07,148.24838256835938,148.8091508945292,146.36276858809825,146.516983086586,882200
2017-11-08,149.44004821777344,149.9587600477809,148.10119069118656,148.43765386416052,760300
2017-11-09,148.1642608642578,149.70640587100962,147.91892739207117,149.13861028435807,532500
2017-11-10,148.26943969726562,148.7460950064555,146.62915886653207,147.9820389217982,736600
2017-11-13,149.4821014404297,149.93072255970395,148.26942431576143,148.36755985135358,609500
2017-11-14,149.2507781982422,149.51013410489577,148.21334387565682,148.907298479075,640900
2017-11-15,147.23899841308594,149.93773103694318,146.8674845435784,149.14564087726157,795700
2017-11-16,149.77655029296875,150.53360065077126,146.6852640059354,146.76938784300737,938600
2017-11-17,148.50076293945312,149.82559816830252,148.3675766911818,149.13163278329668,681500
2017-11-20,147.98202514648438,148.79515427632185,147.74369751407482,148.47270282967204,358400
2017-11-21,148.1292724609375,148.29049287835502,147.14090027942856,148.29049287835502,683700
2017-11-22,148.10816955566406,148.3745419793659,146.72024986115815,147.65954850814853,512000
2017-11-24,149.15966796875,149.51015359466047,148.23439147825204,148.53580398246828,257000
2017-11-27,150.65972900390625,151.48688054954,149.11759456326735,149.6082722449291,957800
2017-11-28,146.8043975830078,149.90970565189238,144.4000714306323,149.4540786369321,1566800
2017-11-29,147.38623046875,148.43068161852895,145.61277382976496,146.41188073153697,827700
2017-11-30,149.39100646972656,149.66438486066602,147.0427589311374,147.70167369288214,1257700
2017-12-01,148.6549530029297,150.17605907488752,148.3254957154212,149.9867938744959,809800
2017-12-04,147.1829376220703,149.31388556512476,146.6712315926084,148.04512928463788,1133000
2017-12-05,147.93995666503906,149.04749231553413,147.17590071308038,148.73906331210887,676100
2017-12-06,148.46572875976562,149.4751291790233,147.67362773988106,148.04514168641705,821300
2017-12-07,146.0403289794922,148.3184852506173,145.79499549095368,148.2203497160077,815100
2017-12-08,147.79275512695312,148.32550004791727,145.97724241022868,146.29267728944797,691000
2017-12-11,148.3816375732422,148.40267655791467,146.66425958851016,147.5194456487561,721100
2017-12-12,149.82521057128906,150.3134958560158,148.35328203109614,148.381583573141,759700
2017-12-13,150.419677734375,150.73104876466692,149.3440353019111,149.50680430283427,730400
2017-12-14,149.329833984375,150.72391961265876,148.9123080058082,150.087021617112,525800
2017-12-15,149.7119903564453,150.52580280469152,148.73541973774763,150.5116466339583,1158900
2017-12-18,150.08705139160156,152.46478062442327,149.8252216159082,150.02336481881042,823300
2017-12-19,147.34133911132812,150.41256936704704,147.1007274099078,150.09412572451293,713500
2017-12-20,145.1759033203125,147.79424419495558,145.08391520599943,147.19273111878204,801500
2017-12-21,144.1639404296875,145.70662810083084,144.08609769778622,145.70662810083084,645000
2017-12-22,145.75619506835938,146.18079382617807,144.64516777093087,144.8999248660231,500800
2017-12-26,147.2139892578125,147.85796017606677,146.1666591784296,146.18081535190677,331700
2017-12-27,148.0985107421875,148.28249774279982,147.39085348107307,147.58192396501198,379300
2017-12-28,148.07017517089844,148.59383451305155,147.26344651056357,147.98524897644873,666700
2017-12-29,147.90036010742188,148.9972309663816,147.6385303893835,148.4169468585219,620100
2018-01-02,146.00390625,148.72838125194923,145.48023579239563,148.64346580401224,812300
2018-01-03,146.32232666015625,146.95214132731599,145.59344038685884,146.0251118417433,580000
2018-01-04,143.73228454589844,146.4921438870056,143.35015432866598,145.70664379792214,799600
2018-01-05,142.89019775390625,144.39042816337158,142.74159572926857,143.8879973970301,644600
2018-01-08,144.02951049804688,144.46825463294232,142.9043378177856,143.01048210913288,768600
2018-01-09,142.34524536132812,144.5036020400695,142.1754145393893,144.4116139441834,659300
2018-01-10,138.77865600585938,141.58098331101598,138.205455392939,141.29791394797425,1133200
2018-01-11,138.78570556640625,139.67027693229042,138.0002057615815,139.2669180044022,1093600
2018-01-12,136.9670867919922,139.05467388408823,136.86093170717703,138.71500136826788,957400
2018-01-16,137.10862731933594,140.42045891490196,136.9458691335698,137.42707100383336,1034200
2018-01-17,138.48141479492188,139.4226000008418,137.59684345078546,137.85160042981633,737900
2018-01-18,136.75479125976562,138.47439354250417,136.2948182733033,138.0781071299222,1241000
2018-01-19,136.97415161132812,137.63935123185004,136.3655658731904,137.22183599700975,646100
2018-01-22,137.12985229492188,137.72428192888222,136.23112435915158,137.3846093949042,909600
2018-01-23,140.17984008789062,140.5053672158697,136.9741531969837,137.28552415470438,982000
2018-01-24,137.9365234375,140.12318132938964,137.50485216581387,139.98873554797123,687000
2018-01-25,136.2735595703125,137.83747602016973,135.0351594032162,137.28550423810336,855500
2018-01-26,136.47174072265625,137.05908689174436,134.95027075789866,136.76895554973552,1083200
2018-01-29,136.2523193359375,136.52830522578964,134.5610189754605,136.2240177976417,1121900
2018-01-30,137.00245666503906,137.49073112839523,134.63887309268023,136.2523308618393,1535500
2018-01-31,138.53099060058594,138.53099060058594,135.78528759068323,136.9246162874449,2749400
2018-02-01,135.14842224121094,139.11130844061697,134.9573624965439,138.77163587432383,1125600
2018-02-02,134.67430114746094,135.83485905044324,133.3156000023595,134.52569911487,974000
2018-02-05,130.9024658203125,135.67915337948278,129.69237768553336,134.07985150620925,1088800
2018-02-06,131.19967651367188,132.3956192370768,128.03644709900743,129.48714691614353,1566400
2018-02-07,131.164306640625,133.47833862107822,130.03912314042825,130.66893781002486,1021700
2018-02-08,127.72508239746094,131.58888558470002,127.7179989130556,131.1642976421653,1213700
2018-02-09,132.44512939453125,133.53491677462128,127.88074243316673,128.61670119922863,2002100
2018-02-12,132.91220092773438,133.44294390935787,129.45174632147538,132.77774431137746,1405600
2018-02-13,133.88877868652344,134.65304997865607,132.68576325923868,133.00420693146185,1054500
2018-02-14,132.1762237548828,133.14571075743086,130.69722265514335,132.9051098776441,963800
2018-02-15,134.79458618164062,135.41025549723238,132.33194131326042,132.69992620559168,931900
2018-02-16,133.57029724121094,135.13422441300597,132.34605330185508,134.4407125786033,1112600
2018-02-20,131.8436279296875,134.63179937906696,131.56056933297614,132.77774073522295,1377200
2018-02-21,134.9856719970703,137.44124445634824,131.46154056941947,132.3107274341791,2526900
2018-02-22,136.67694091796875,137.5473564399397,134.99979644436743,135.60838220071977,1466500
2018-02-23,138.47439575195312,138.51686426654587,136.4646513143664,136.8114073299058,778200
2018-02-26,138.61593627929688,139.6986512477047,136.79725156104624,138.73623674267606,879900
2018-02-27,136.52125549316406,139.93216912386154,136.23819687064724,139.08297166032247,979400
2018-02-28,137.59693908691406,139.18208512664145,136.66282591521968,137.15819485063204,1152600
2018-03-01,138.77865600585938,140.46288362248336,136.63445552153172,137.4553404773646,1195900
2018-03-02,137.9931640625,139.8401499211024,136.45754912228156,138.82819443635452,950600
2018-03-05,139.65618896484375,140.82381932852053,138.0568763672806,138.0568763672806,1146900
2018-03-06,140.22938537597656,140.88042885293473,138.29040031777905,139.26697093221352,711800
2018-03-07,140.1232147216797,140.7601127551853,138.98388606411268,139.64201295226914,583900
2018-03-08,141.3970184326172,141.87823106278387,139.5005018498291,140.21523191161216,756600
2018-03-09,141.50315856933594,141.81451871126393,139.8826173041973,141.58807399004417,884100
2018-03-12,141.1139373779297,141.82159464078717,140.51242438530366,141.50315103209988,1004300
2018-03-13,141.10678100585938,142.25050804657656,140.6492923710504,141.5356813729757,1022200
2018-03-14,139.1124725341797,141.8788493275546,137.961600713692,141.44995970396891,1903300
2018-03-15,139.5127410888672,139.65570426312783,138.47624444123875,139.23395908147208,675900
2018-03-16,141.54283142089844,141.67865023954192,139.58421323697814,139.76291991258486,1136300
2018-03-19,140.6207275390625,141.59289241347528,139.78438150045164,141.56429323362684,840200
2018-03-20,141.55711364746094,142.0003026582451,140.47772938583987,140.7493560824228,886800
2018-03-21,141.9074249267578,142.67943920976586,140.21327792763253,141.71441862915788,1108300
2018-03-22,139.8843994140625,142.89381286842777,139.82721198522356,141.76439659786567,1045900
2018-03-23,137.99734497070312,141.02820425998573,137.71856289631356,139.89878727674144,850400
2018-03-26,140.54205322265625,140.77794730108403,138.33324172563428,138.87650599549383,703800
2018-03-27,141.60716247558594,142.84380951508012,138.86221987424645,140.82084880458444,921700
2018-03-28,144.4807891845703,145.69600346929693,141.55000585186662,142.0074945671243,1249500
2018-03-29,143.244140625,145.03835194891977,142.43638285847697,144.45934399172376,986800
2018-04-02,142.5435791015625,144.31634606745155,141.5499705347365,143.7158943236262,762700
2018-04-03,143.40858459472656,144.15915510184263,141.02106510999783,142.5507944040485,694600
2018-04-04,145.85325622558594,146.36078805545782,142.74376617397076,143.21555448217987,896200
2018-04-05,143.93753051757812,145.5315912898953,142.522176452255,145.5315912898953,863300
2018-04-06,142.45069885253906,144.9954807836984,142.11472934852046,144.1091024389621,724200
2018-04-09,142.83670043945312,144.10909130674244,142.1004187798904,142.6794376664271,806500
2018-04-10,143.28704833984375,144.53799540101767,142.72948423659764,142.92963489379406,701500
2018-04-11,142.0217742919922,144.08763408277008,141.8931107117809,142.89386380472638,581900
2018-04-12,140.32762145996094,142.15757598498988,139.6699822342405,142.02891242028753,718200
2018-04-13,141.02101135253906,141.05675486923226,139.66998931769976,140.63500973146637,654700
2018-04-16,140.88519287109375,142.10755133763416,140.3562280893708,141.71439446784692,755600
2018-04-17,141.9431915283203,142.65801847243458,140.72083265463172,141.53573493462628,778300
2018-04-18,141.478515625,142.52216752774578,141.2497767262146,142.37204910401857,596400
2018-04-19,138.52627563476562,141.17828776365388,137.432591543922,141.07821245166136,734500
2018-04-20,137.78286743164062,139.24110932271546,137.39686575404158,138.9837712351856,970000
2018-04-23,137.88291931152344,138.2546322430816,137.26102358378142,138.20458913941104,786500
2018-04-24,138.50482177734375,139.05524140754883,137.28247419042728,137.55410092785863,998400
2018-04-25,138.4691619873047,139.46991556179546,137.38262174400336,138.2404120803377,748600
2018-04-26,142.83670043945312,145.1956202200601,139.86301824982323,140.46347016098167,1829300
2018-04-27,144.71665954589844,145.28137873264674,141.80732062287598,142.4292163456643,748000
2018-04-30,144.23777770996094,145.81039478153815,144.08767016212772,145.3600612306451,896500
2018-05-01,146.18209838867188,147.00414494574892,143.45145444483623,144.28065625151442,1253200
2018-05-02,146.3179473876953,147.25436905739167,143.75886529616005,145.30289430793468,858500
2018-05-03,147.19003295898438,148.14789853924387,145.75322368120052,146.66820138583566,1156500
2018-05-04,148.2479248046875,148.73401268475624,146.59667669545726,146.9540900838583,495100
2018-05-07,150.0993194580078,150.28518139565347,147.31864380814295,148.21217725485263,851000
2018-05-08,150.13507080078125,150.71407875923828,149.52031932111512,150.11362686953404,1118000
2018-05-09,151.21446228027344,151.24306146151096,149.54177012180614,150.45674758835534,549800
2018-05-10,151.43606567382812,152.91575151443908,151.18587192470767,151.8220673560857,653900
2018-05-11,151.2573699951172,152.3653429172649,151.0214758192234,152.02937341590643,698200
2018-05-14,149.71336364746094,152.0365513202188,148.6911553996026,151.16446153662278,658700
2018-05-15,147.19003295898438,149.2987704672076,146.7611323879515,148.54105557812488,957300
2018-05-16,146.96836853027344,148.30509092022442,146.3536171543675,147.94053324316218,598800
2018-05-17,145.7103271484375,146.96842959810868,145.33146972640534,146.2678913132167,597700
2018-05-18,145.53160095214844,146.55380905586537,144.28065392013622,145.89616963935177,784100
2018-05-21,146.4679718017578,147.1613545039232,144.66661655144142,145.89611922492713,563200
2018-05-22,145.90328979492188,146.72533620244434,145.3814693164265,146.3607784830666,616100
2018-05-23,147.73326110839844,148.54816326636274,146.3965384134427,146.44657062019382,571700
2018-05-24,148.06924438476562,148.5338775091778,147.23289821638792,147.92628118551517,563900
2018-05-25,149.0342559814453,149.62756358418568,148.14072240636506,148.76976262619482,439700
2018-05-29,150.00640869140625,150.07074048578176,148.29797307173337,149.01994421474956,883200
2018-05-30,151.70767211914062,152.16516078481388,149.44882796778583,149.8419739388782,506800
2018-05-31,151.42889404296875,152.02934588702956,150.0135401512853,150.83558653965017,1553200
2018-06-01,151.2716522216797,151.62192129955002,150.11363623253698,151.50754638750357,559800
2018-06-04,153.00868225097656,153.00868225097656,151.0643524375348,151.90069850394008,582000
2018-06-05,152.17233276367188,153.97368844740726,152.05795785783081,153.19452985272392,810700
2018-06-06,152.68699645996094,153.36607968340866,151.56471323943083,151.943570540114,695700
2018-06-07,153.78782653808594,154.07375287509137,152.3295847675333,153.12304289622256,834300
2018-06-08,154.7957305908203,154.94583809600874,153.20167003670286,153.95938462545672,769700
2018-06-11,154.86009216308594,155.3604687889356,154.00230210343048,154.83864822964898,767700
2018-06-12,155.78359985351562,156.31028271419598,154.23240593124004,154.75908879192042,813300
2018-06-13,153.18621826171875,156.91630699853468,153.02026822432802,156.29582736092166,701600
2018-06-14,154.73023986816406,155.55273531481023,153.3233302015876,153.3233302015876,634700
2018-06-15,154.41275024414062,156.38240793981757,154.21794554618685,155.1558814518985,1313900
2018-06-18,154.88893127441406,155.56713128611537,153.532542260037,154.3406047374553,627300
2018-06-19,156.61331176757812,157.53681497447084,153.97987553732295,154.02316302998562,1145400
2018-06-20,157.66668701171875,158.07794023500162,156.19485712681794,156.6638196711322,757400
2018-06-21,160.05477905273438,160.19186343463474,157.23376037907238,157.47907448780074,1002000
2018-06-22,163.02737426757812,163.23660086781152,159.59308558586227,160.02598263265932,1176300
2018-06-25,162.8036346435547,163.23653150640803,161.19472075255985,162.58719722115256,1137700
2018-06-26,165.2206573486328,165.74012929176115,162.00281786808935,162.9335430199555,1732200
2018-06-27,163.92196655273438,166.0070650987317,163.6550196863658,165.21343541176185,1251500
2018-06-28,165.1701202392578,165.66794835203748,163.6261375030125,163.6261375030125,817700
2018-06-29,163.67666625976562,165.55974920823144,163.02010994619113,164.54244911915794,1237800
2018-07-02,163.30148315429688,164.9969832353027,161.38232370282344,163.67665974841802,710700
2018-07-03,165.53811645507812,166.62034785344133,162.5511582359568,163.4746614818379,578000
2018-07-05,167.8973846435547,168.0561017876313,165.12686388603447,165.53089518156133,717500
2018-07-06,167.53659057617188,169.47738239495257,166.87281249378785,168.2147794707402,933300
2018-07-09,165.68235778808594,167.66644803860078,163.67662379737826,167.66644803860078,1002000
2018-07-10,166.45440673828125,167.60156936425207,165.19180345574023,166.1802379311837,882000
2018-07-11,165.63194274902344,166.96668843837307,165.3072644646947,166.05761786572813,818000
2018-07-12,165.59585571289062,166.3101214716788,165.18460245017036,166.12974955133376,757300
2018-07-13,164.55685424804688,166.4687915326888,164.2682526708206,165.89882130733173,500600
2018-07-16,162.72425842285156,163.58283016428788,161.25963992593913,163.0561474607687,842700
2018-07-17,158.5252227783203,163.38805213566087,158.31598525358,163.1571708682267,1525100
2018-07-18,158.10679626464844,159.21788235307446,157.12557266320852,158.40981974331007,972900
2018-07-19,160.5021514892578,161.1731297362563,157.9985884002323,158.1068071468359,953100
2018-07-20,160.2567596435547,160.50207369867326,158.89314905211037,160.50207369867326,590900
2018-07-23,159.17454528808594,160.42272640578517,158.69837197506362,159.92489834264805,561800
2018-07-24,158.2510223388672,159.62185481946975,157.86863494914152,158.9869424701792,890500
2018-07-25,158.4891815185547,159.0302972245215,157.87592365720863,158.70563000274686,1085000
2018-07-26,158.06349182128906,159.89606533166537,157.67388238405022,159.27558560597396,853200
2018-07-27,155.37954711914062,158.70560490621958,154.75185652236615,158.70560490621958,1127500
2018-07-30,154.75904846191406,156.48340292049937,154.47045790335696,156.0432951628341,1116300
2018-07-31,157.16159057617188,157.3203186736964,154.9754847891119,155.343439373906,2450300
2018-08-01,156.90911865234375,157.21936404204604,151.78656334715856,152.24109304463695,2014200
2018-08-02,151.66395568847656,153.02756719377024,145.05512478059575,145.05512478059575,2055000
2018-08-03,154.38388061523438,155.48054461570035,152.04626833592962,152.08955582124642,1604800
2018-08-06,155.71142578125,156.23088661373762,154.02313679182245,154.38388051459356,790100
2018-08-07,156.4545440673828,156.88021898298342,155.01156929529358,155.72583476170252,680800
2018-08-08,156.7215118408203,157.90475087184575,155.87015088671495,156.50506339424945,857200
2018-08-09,155.68983459472656,157.40697893908174,155.2353048045961,156.930794388441,675000
2018-08-10,154.92501831054688,156.72873718300383,154.56427453605548,155.25690742705052,526700
2018-08-13,155.26412963867188,156.20927663517838,154.54264203718267,154.92502958524977,499300
2018-08-14,155.79078674316406,156.25254930042465,154.7951415038905,155.06208834940963,670500
2018-08-15,158.15731811523438,158.35211186102654,155.59603466661983,156.10107383742437,831900
2018-08-16,159.35491943359375,159.85274750390695,157.83980249027542,158.09953839613345,710000
2018-08-17,161.302978515625,161.49056131732667,159.4126736288251,159.84557056693842,1388100
2018-08-20,160.5165557861328,162.54393415063663,160.19188857275077,161.23083246279484,695100
2018-08-21,159.34771728515625,160.68247345985583,159.26114231478428,160.40830470831168,635800
2018-08-22,152.26268005371094,156.4328869158473,151.4906943415164,155.49495119259186,1547100
2018-08-23,152.71726989746094,152.91928553273632,152.02464800766714,152.23387455526435,657200
2018-08-24,153.89329528808594,154.45605469150496,152.59461550749353,152.71726706885138,451800
2018-08-27,153.66966247558594,154.86011272498823,152.14010113224154,154.34064072295098,769900
2018-08-28,154.87449645996094,154.91057303375362,152.54408410305473,153.69125749912382,712700
2018-08-29,153.44595336914062,154.99715807078007,153.30165807362252,154.9682924062612,673000
2018-08-30,152.7028350830078,153.75621174673114,152.22666166833616,153.53255236836506,886200
2018-08-31,153.3738250732422,154.05202513333646,152.52968595877155,152.9553609721409,973000
2018-09-04,153.7489776611328,154.48488692244678,153.25114956675745,153.611893286273,1090500
2018-09-05,155.6248321533203,155.81242592571766,152.6811621990946,153.41708243990706,805000
2018-09-06,154.93946838378906,156.51952805331496,154.91061372259074,155.84853883340793,715300
2018-09-07,150.87025451660156,154.1818795642156,150.6682388933719,154.04479517508994,972600
2018-09-10,152.74609375,153.30163109041374,151.78651424061707,152.03181730072365,867700
2018-09-11,151.74827575683594,153.41624568228764,151.63173414088766,152.17073077913332,699000
2018-09-12,152.7898406982422,153.62018022054227,150.91064891324316,151.67543794762946,759400
2018-09-13,152.8990936279297,153.8386950904454,152.55675958983727,153.3215486348101,843800
2018-09-14,150.46633911132812,152.585893734027,149.61414945265955,152.44021116890542,1009100
2018-09-17,151.6608428955078,152.0395975098981,150.00744380166705,150.67754128003887,997000
2018-09-18,149.6360321044922,152.3528436008065,149.43208980586397,151.74101670492186,700600
2018-09-19,148.66000366210938,149.88365731162122,148.01903587578198,149.88365731162122,864900
2018-09-20,149.33006286621094,149.4320339774282,147.89517651364233,148.9294581028511,660000
2018-09-21,148.7546844482422,150.00019937967784,148.3905002256496,149.08973882319637,1308200
2018-09-24,147.0793914794922,149.00957395911274,146.4092940409805,148.7910612671157,893800
2018-09-25,147.3926544189453,148.85667114575142,147.21784197278066,147.5747465492754,668500
2018-09-26,146.51126098632812,148.19380088709244,146.37288036221133,147.7494958344608,722600
2018-09-27,145.30215454101562,147.43626771389336,145.05450094331104,146.7588907236811,771800
2018-09-28,146.86093139648438,146.94105236905392,145.24395257845936,145.49887486280218,937400
2018-10-01,145.08367919921875,147.28335451261646,145.05453824422338,147.28335451261646,639600
2018-10-02,145.84844970703125,146.27818426982375,145.10551104466663,145.4478449815397,576500
2018-10-03,143.99114990234375,146.62783993789168,142.4979924685812,146.1034138039456,1166100
2018-10-04,144.04209899902344,144.144070107962,141.8788444392396,143.05880854440545,879200
2018-10-05,144.95254516601562,145.62264254714046,143.75802181461637,144.3261480967443,1307500
2018-10-08,146.5404052734375,147.5018455531657,145.03267770979605,145.0982392968366,986900
2018-10-09,146.35836791992188,146.72983185324395,145.49160762814907,146.72983185324395,849700
2018-10-10,144.71221923828125,147.20324878930305,144.6248185922872,146.07427561779696,675700
2018-10-11,142.527099609375,145.67365591179845,142.27217737994013,145.5862552747371,1177800
2018-10-12,143.3793487548828,143.79451303531357,141.68952844023104,142.90590254468148,1154900
2018-10-15,144.41355895996094,145.84844513188162,142.98595246863303,143.00780262442746,669100
2018-10-16,145.02540588378906,145.51341128831336,144.0129744386379,144.5519709565093,840700
2018-10-17,144.31161499023438,145.30947600581857,143.2773333368075,145.01084233513396,742500
2018-10-18,144.3188934326172,145.44057571601763,143.36473274503237,144.28976359100417,807300
2018-10-19,145.6444854736328,146.14705011066786,143.45209045030006,144.54464256509902,1182600
2018-10-22,143.17539978027344,147.25425666629448,143.07341752195228,146.03060293469454,819100
2018-10-23,143.94015502929688,145.0472780736704,141.36901554898307,143.01513519309543,1376000
2018-10-24,146.19081115722656,148.1428329302437,143.56868074599006,144.318899230368,1066500
2018-10-25,146.93374633789062,148.0772899992753,144.93073334534122,145.57170105944317,776100
2018-10-26,146.27090454101562,147.69122028182284,144.5956554893384,147.1158031906647,1003300
2018-10-29,150.07298278808594,150.56099927461597,146.97741786072922,147.25420134013126,1333400
2018-10-30,151.28939819335938,153.103028311743,149.37378583427636,150.04388339731995,1984500
2018-10-31,149.6578369140625,154.04989691572993,149.1188403658876,151.64627928005672,1885900
2018-11-01,150.12396240234375,152.22166626661803,149.19165204355878,149.92002020598554,883800
2018-11-02,145.11280822753906,150.04386455819704,144.0056964523093,150.04386455819704,1797700
2018-11-05,146.8390350341797,147.8514663977446,145.21476592984294,145.21476592984294,1212200
2018-11-06,147.71310424804688,148.17925954952238,146.97016541587624,147.0721365407609,1051700
2018-11-07,148.19381713867188,148.71095240059998,146.67151896627658,148.22294698009705,1120800
2018-11-08,149.3446807861328,149.38110143599445,147.40722891334468,147.77141318391702,845700
2018-11-09,150.29879760742188,151.4350503352727,149.38833726600066,149.48301758397633,839700
2018-11-12,151.36952209472656,153.05933095735344,150.684854039155,150.684854039155,775100
2018-11-13,151.7773895263672,152.1561330393155,150.19683165304946,151.32579362397766,664200
2018-11-14,152.31639099121094,153.714856937232,151.81381503432442,152.1925697011695,808000
2018-11-15,151.02720642089844,152.41838174937067,150.74314316268442,151.81383458670584,901900
2018-11-16,153.9552001953125,153.99162083221265,150.49545085613929,150.88148515644139,828100
2018-11-19,154.45782470703125,155.21533418253227,152.93553718598642,154.19561159843806,731200
2018-11-20,153.8531951904297,156.5918664402024,153.24136863574174,155.0331591047742,892900
2018-11-21,152.0104522705078,154.16642719086337,151.9958817935141,153.20497576159173,677700
2018-11-23,151.2529296875,152.1560990625631,150.7722040506992,152.1560990625631,336600
2018-11-26,150.52456665039062,151.79192013613545,150.24778319303664,151.62439857121828,802500
2018-11-27,151.94491577148438,152.1197281694366,149.68696953251393,150.81594265199917,671000
2018-11-28,153.226806640625,153.75852340082798,151.47144781734792,151.74094048072743,657600
2018-11-29,154.31211853027344,155.23714944343,152.02504236391596,153.21956600913416,865100
2018-11-30,155.3318328857422,155.3536830474816,153.41623165113302,155.00406934563196,1703900
2018-12-03,154.7200164794922,156.15490313780668,153.62746386335547,155.32456359410358,1355900
2018-12-04,154.27565002441406,157.40035548924948,153.72209425316365,154.81464643532684,1086200
2018-12-06,157.49510192871094,157.83743597867561,152.95009005517147,153.72215880989347,2026100
2018-12-07,155.97280883789062,157.1017820814651,154.80741495148732,157.09449128448748,1486700
2018-12-10,155.82708740234375,156.38793400277234,153.9187663615814,156.0601594364596,774500
2018-12-11,154.94480895996094,157.68725681210242,154.92275261087664,156.62850718047252,1623000
2018-12-12,150.2025146484375,156.0844479622464,150.15105356576836,155.1874634532762,1619400
2018-12-13,146.349853515625,150.87158520149913,145.96752471414104,148.70262456533916,2154500
2018-12-14,149.599609375,150.04075882292864,146.21014514740097,146.40130392475857,1598700
2018-12-17,146.73219299316406,150.20988312935054,146.43074120046657,149.6290358976751,1642900
2018-12-18,150.09222412109375,150.8421737160992,147.52622682399377,147.52622682399377,1515600
2018-12-19,149.43785095214844,151.17302152758114,148.7026093730481,149.8863487641555,1186900
2018-12-20,149.2025604248047,150.84215713768285,147.8276623341512,148.99669369098157,1364100
2018-12-21,149.474609375,153.90811502446945,148.71731147592948,149.9083991970121,2540500
2018-12-24,144.5999755859375,149.99664666511305,144.5705708559215,149.29082095575518,829300
2018-12-26,147.34242248535156,147.5409408725644,143.90884531882736,144.65879494471125,1014400
2018-12-27,148.30560302734375,148.42323316884415,143.88679338566044,147.34242701034472,1036100
2018-12-28,148.4452667236328,150.79068909896174,147.835026100445,149.15110355872235,1208400
2018-12-31,148.8202362060547,149.10697994518623,147.12917849524788,148.65848217691433,1215100
2019-01-02,143.4162139892578,147.93059662732392,142.5559827277758,147.71002192001927,1222700
2019-01-03,146.166015625,147.53356529351976,143.42356791160276,143.4603210122867,1217000
2019-01-04,144.54849243164062,147.30564822914982,144.2029280075078,145.89397458819693,978500
2019-01-07,144.14414978027344,145.89401754615233,143.46772870504896,144.40147766580614,732700
2019-01-08,146.73219299316406,146.74688974971164,143.79122616231587,143.79122616231587,1135600
2019-01-09,145.7101593017578,147.52620675682553,144.37202556685784,147.48945365587787,713100
2019-01-10,147.72474670410156,148.75409171570308,145.79841722679856,146.04104831055682,964500
2019-01-11,147.56297302246094,148.51144087999728,147.12183483521451,147.7761993490245,829100
2019-01-14,147.746826171875,149.33495103100842,146.87188670173487,147.65860075266713,741300
2019-01-15,149.9966583251953,150.1363560461499,147.86446183802005,148.00415955897466,484500
2019-01-16,150.21722412109375,150.59955293159547,148.23942222957777,149.54080312952763,556900
2019-01-17,150.68040466308594,150.9598000414114,149.14375252008733,149.96721946391517,483100
2019-01-18,149.3496551513672,150.72455358672053,148.82762859043447,150.72455358672053,669700
2019-01-22,148.15855407714844,149.6216891300491,146.98217406348454,149.52610411697017,919400
2019-01-23,148.39382934570312,148.50411110993969,145.8866525290133,147.88651079241953,918200
2019-01-24,148.98202514648438,150.4451489089813,147.97473641645288,148.68792174326808,630800
2019-01-25,151.19509887695312,151.22450360788685,149.13641992576262,149.13641992576262,884500
2019-01-28,153.07733154296875,153.29055793505336,150.4819290386208,151.4230375899419,919200
2019-01-29,154.69482421875,154.77570124144927,152.58468447045502,153.3272744287692,845200
2019-01-30,154.58456420898438,155.8491808041868,153.92285118031,154.1360663325591,753800
2019-01-31,156.25355529785156,156.48147840951228,153.78314295729234,154.45221553719102,848300
2019-02-01,154.03314208984375,156.70942153229083,152.5773666089974,156.26092362923987,652900
2019-02-04,153.7978515625,154.26105741795018,152.87879944860543,153.65080546805646,854700
2019-02-05,153.65077209472656,154.01839286043625,152.51114547724748,153.79781815723135,1139300
2019-02-06,153.32723999023438,154.0404250614236,152.74640420777916,154.0404250614236,868700
2019-02-07,154.28311157226562,154.38604495879886,152.57735670701535,153.3272951436584,1286300
2019-02-08,154.81985473632812,156.23886587425605,153.84933027853214,154.20224316368598,1148300
2019-02-11,154.77569580078125,155.2389015707668,154.0257574918185,154.43013137220407,748400
2019-02-12,152.73910522460938,154.63603003799642,152.48176615817766,154.56984976278147,1013900
2019-02-13,152.90086364746094,153.37141787063777,151.60683111955143,152.4156014494949,608600
2019-02-14,153.04055786132812,153.60669712084515,151.97445962273503,153.1581992277807,454900
2019-02-15,152.73910522460938,153.69491039959044,152.32736047453918,153.65079769537866,641800
2019-02-19,152.86410522460938,153.09202835760715,152.17297622848835,152.9302742853704,774600
2019-02-20,151.18035888671875,152.7905396226238,150.217194283315,152.7905396226238,898000
2019-02-21,147.40126037597656,149.63640154030605,146.70278296921055,149.32760135685893,1306300
2019-02-22,147.88650512695312,148.90849057235175,146.90863238555923,147.65858201033072,780200
2019-02-25,148.0850372314453,148.52617553125347,146.74689191856112,148.0482729017367,945500
2019-02-26,149.0334930419922,149.40847349586969,147.61448192039563,148.46735378146022,818700
2019-02-27,154.11398315429688,154.73158336941253,149.01875333235313,149.40108208314197,1908600
2019-02-28,155.4962615966797,156.64323678302776,153.40816677089757,154.04047504271733,1813900
2019-03-01,155.87123107910156,156.42266232112667,153.84931652500944,155.16539415299457,1001500
2019-03-04,156.12855529785156,156.53292919509462,154.0110559398102,156.260893398281,1048100
2019-03-05,156.7167510986328,157.29023868039494,155.56242755751057,155.56242755751057,595000
2019-03-06,156.76089477539062,157.67258734390236,156.09182210605485,156.93734561115497,838400
2019-03-07,157.4666748046875,158.12839890323696,156.91524366534392,157.2240437571089,1025500
2019-03-08,157.5769805908203,158.80483268143968,156.5843999716467,157.73137503982304,1057700
2019-03-11,160.9002685546875,160.92232490510767,157.87842513926154,157.87842513926154,956700
2019-03-12,161.9613800048828,162.33980769767265,160.74446261286653,161.40486269775877,1415900
2019-03-13,162.60693359375,163.43799580125696,161.70908070556072,162.31012889746134,836100
2019-03-14,162.18399047851562,163.34896082970056,161.97621359895768,163.05957228059583,1518100
2019-03-15,161.4790802001953,162.2878940683539,160.26959012056625,162.21368722168333,1677900
2019-03-18,161.58294677734375,161.9984892256742,160.6851051635537,161.25646612293082,833200
2019-03-19,161.3751983642578,161.47166500102597,159.7501657849722,159.9356715803724,970900
2019-03-20,162.39173889160156,163.46766998251132,160.6999273489251,161.63487225754972,1213900
2019-03-21,164.7439422607422,164.81813776399974,161.80552633034304,162.3397837722338,783000
2019-03-22,164.8181610107422,167.74173372389575,164.74396549701976,165.0556138283504,1197600
2019-03-25,166.3912811279297,166.91811124256745,164.83302792876498,165.19662336120345,739800
2019-03-26,163.40830993652344,165.01108237283933,163.00019501213197,163.99450313892373,1109300
2019-03-27,162.65147399902344,163.81645579203752,161.59038631762832,163.33413394582394,1262100
2019-03-28,162.5030975341797,163.50483348628623,162.2433848584849,162.99283561398184,959500
2019-03-29,161.59774780273438,162.82208107050312,161.41224207595903,162.51786028359356,1043700
2019-04-01,161.9910125732422,162.1616746648011,160.35114835451702,161.2786769513794,777900
2019-04-02,162.82212829589844,162.97054197826185,160.6405898270726,162.16915564747154,695900
2019-04-03,162.43624877929688,163.3489338492053,161.01156605576094,162.7033774976081,577200
2019-04-04,161.55325317382812,162.86663709236745,160.98189227691304,162.86663709236745,734300
2019-04-05,162.18399047851562,162.3027055666397,161.16741115689234,161.44196739646512,679100
2019-04-08,161.7610626220703,162.0949708079618,160.7667542205709,162.07271101706075,604900
2019-04-09,162.7998504638672,163.84610566774478,162.5104619311322,163.31184817309975,791200
2019-04-10,162.87405395507812,163.52703784010743,162.1097711452701,163.52703784010743,563000
2019-04-11,162.97792053222656,164.03159176413962,162.20622164489998,162.91855733745194,450700
2019-04-12,164.551025390625,164.5732851760509,161.66455621588022,162.5846688621847,553400
2019-04-15,163.6532440185547,165.08534357853307,162.7553908275841,164.73659171547962,513600
2019-04-16,161.34552001953125,164.1577828541328,160.4179910563233,163.71999190086862,685600
2019-04-17,160.78897094726562,161.82038249814846,160.09146749284344,161.6942399427021,673100
2019-04-18,161.35293579101562,162.0875428041823,160.2770044607311,161.03387126317176,866300
2019-04-22,159.05267333984375,161.0858096089976,157.79122487453273,160.9448233930599,920200
2019-04-23,160.27696228027344,160.50698759048504,158.77065654981803,159.53493930675364,1026700
2019-04-24,161.9242706298828,162.22107532048096,160.03952574522773,160.84091199669055,640200
2019-04-25,160.86322021484375,161.47168473285075,160.16572784970077,161.26391912240362,821100
2019-04-26,162.46595764160156,162.92601966893548,160.38829066949023,161.4419734491951,699500
2019-04-29,161.16000366210938,163.19313976985976,160.82609552171874,162.2656108674556,677800
2019-04-30,164.12066650390625,164.60298832020857,159.7427346713494,161.3232475233242,1018300
2019-05-01,164.73655700683594,166.68808153287415,163.5567429045951,163.9500142720087,859400
2019-05-02,168.3353729248047,169.6932766533371,164.8998021036154,165.15209858061374,1122700
2019-05-03,168.2537384033203,169.48549947019177,167.33362568064993,168.8102557299024,462100
2019-05-06,168.30564880371094,169.27026956849102,166.13151570035123,166.95516161722438,712200
2019-05-07,165.19659423828125,168.49859452619083,164.12807924121094,168.35760833596999,691400
2019-05-08,164.95912170410156,168.23886181426366,164.6994204626612,167.57104568213498,972700
2019-05-09,165.3895263671875,166.2502758704664,164.39521814221388,165.32274700634014,978600
2019-05-10,167.33363342285156,167.6601254144657,165.716028420149,165.82732736166543,731700
2019-05-13,169.70068359375,169.95296873467402,166.77711071841236,166.8587337136965,763500
2019-05-14,168.9586639404297,170.30915146780413,168.27600402151904,169.2703122954297,622500
2019-05-15,169.51515197753906,170.4501082032618,168.43180473875773,168.86217943716827,595200
2019-05-16,170.01231384277344,170.1236240912421,168.8770195071052,169.41870447376562,640600
2019-05-17,170.7543182373047,170.94725145130778,168.97346767992835,169.60419171861716,671700
2019-05-20,171.06597900390625,172.08255822242415,170.51688922519884,171.0363030654785,738100
2019-05-21,171.35537719726562,172.06030815141153,170.50205522023126,170.60593799415173,466900
2019-05-22,171.9712371826172,172.7281037722973,170.97692913330272,171.68927615694957,431600
2019-05-23,173.9524688720703,174.77611496110637,171.85996963004897,171.98611219761992,724200
2019-05-24,175.28807067871094,175.83717171386476,174.59056732449073,174.59056732449073,535700
2019-05-28,173.0917510986328,176.57184163908516,173.0917510986328,176.23050599300097,781500
2019-05-29,171.78575134277344,173.92278133890258,170.96953278541025,173.5146663990344,634200
2019-05-30,173.08428955078125,173.50724811664992,171.90447563921023,171.90447563921023,526400
2019-05-31,176.512451171875,177.00217779211982,173.12140031382302,173.12140031382302,1026900
2019-06-03,178.04100036621094,178.45653143447876,176.2304624352961,176.72761648642887,1073400
2019-06-04,176.37887573242188,177.9519722888229,174.99129625985475,177.38061137325926,1184700
2019-06-05,181.7140350341797,181.74371097609475,176.39373080896024,177.20996074129818,1297000
2019-06-06,181.587890625,182.1147206758594,180.06674103327623,181.45432058180234,759800
2019-06-07,181.95147705078125,183.74717147288368,181.7511276570405,182.4412036587196,641200
2019-06-10,180.8458709716797,182.0924643458631,179.614109907398,182.0924643458631,736500
2019-06-11,180.1950225830078,181.7437137082903,178.74358486292718,181.5192625755665,699100
2019-06-12,181.0029754638672,182.7536846543006,180.4568199529316,181.0628298428274,487800
2019-06-13,181.24984741210938,181.3994890484793,179.9181190440061,180.84584467565105,427700
2019-06-14,182.03543090820312,182.45440011583548,180.38199804122152,181.16755959750486,549900
2019-06-17,182.70132446289062,183.57667342995376,181.6763452428012,182.484362308411,654000
2019-06-18,180.6737823486328,184.11532330594318,179.57398246226003,183.24745198868695,735200
2019-06-19,181.29476928710938,182.05040941406378,178.04025736445493,180.49422981403066,680600
2019-06-20,181.4144744873047,183.1651837482156,181.21247879324477,182.0653837496656,631400
2019-06-21,179.93309020996094,180.89821485995668,178.706104105504,180.89821485995668,1237200
2019-06-24,179.45431518554688,180.9057527270084,179.01290190901588,180.30722025208874,666400
2019-06-25,178.37692260742188,180.62141036823073,178.14499403204044,180.18747469788107,630000
2019-06-26,175.1597900390625,178.24222711178496,173.857994675661,178.10007441898753,772900
2019-06-27,177.34445190429688,177.38186231628936,175.78828379311457,175.78828379311457,555100
2019-06-28,178.1898956298828,179.1999197661492,177.2172819090441,177.2172819090441,1327300
2019-07-01,176.903076171875,179.0877099852378,174.8980055244536,179.0877099852378,686300
2019-07-02,181.43692016601562,182.6639064555377,178.43679204889406,178.43679204889406,1525900
2019-07-03,185.237548828125,185.48444382064295,181.83340720312222,182.25986530366785,941400
2019-07-05,183.4644317626953,184.92334653419576,181.31720877633452,183.29983507913576,833800
2019-07-08,184.5268096923828,185.6116430997172,183.18760375953227,183.72628170536325,919800
2019-07-09,185.17770385742188,185.82112409044396,184.30235506645943,184.9158538213184,646900
2019-07-10,186.71896362304688,186.9583697418559,184.54180750659714,185.72390589886822,706800
2019-07-11,186.01571655273438,187.3324789421824,184.74383068767816,186.26261164126677,944100
2019-07-12,186.05307006835938,186.5767930217105,185.08794533648964,186.45708426574137,421800
2019-07-15,186.76385498046875,187.9983188460859,185.73886433761416,186.8012539819277,568800
2019-07-16,186.2775115966797,187.54190815375077,185.8286209088561,186.8161895549118,603400
2019-07-17,186.08297729492188,187.22018748763793,184.7961368859138,187.22018748763793,516200
2019-07-18,185.20765686035156,186.3299007782094,184.25748714673637,185.47699585727966,767900
2019-07-19,182.61155700683594,186.59926565120037,182.54422510228073,186.2925161979284,922800
2019-07-22,181.51173400878906,183.1502119759919,181.32469335346553,183.1502119759919,701100
2019-07-23,182.7611846923828,183.10534455980107,181.04789712073284,181.7586494073814,759800
2019-07-24,181.2124786376953,183.14272820894666,180.7785429351792,183.14272820894666,695900
2019-07-25,181.13015747070312,181.48179478161248,178.93803526830956,180.3071741013292,722400
2019-07-26,179.132568359375,181.79603684234667,178.2796634400136,181.39202263966968,952000
2019-07-29,181.61642456054688,182.21495677021846,179.54401149368059,179.88068229410447,1138000
2019-07-30,181.87832641601562,183.29235322509012,180.17999417551127,181.60898743257025,952600
2019-07-31,181.62393188476562,185.02059616791598,181.12266435900773,182.54418001729755,1166600
2019-08-01,184.3247833251953,185.4096280350911,181.0553169978343,181.57155092658672,886300
2019-08-02,186.69647216796875,188.06561096379727,184.3397647717722,185.08044978408887,736200
2019-08-05,183.8609161376953,187.60920578112024,181.6837607387961,186.7189020839153,740600
2019-08-06,187.10049438476562,188.52199868242002,182.38706797330178,183.31479365753123,805800
2019-08-07,190.19793701171875,191.5595987092659,186.17281772562623,187.13795407521906,1256400
2019-08-08,191.52964782714844,191.8289083354557,188.5444745969371,189.53205482325302,714400
2019-08-09,192.31521606445312,193.55716890672858,190.74408121825257,192.05337738083855,890400
2019-08-12,193.54217529296875,193.99107739729254,191.52213865562118,191.97102934389022,637500
2019-08-13,193.2354278564453,193.89381457183066,190.9460522165615,192.94365632655527,838800
2019-08-14,191.26031494140625,194.6495025242646,190.95356549010992,193.74420920503127,997400
2019-08-15,194.48484802246094,194.74668662775562,190.9385537171179,191.4398212144969,695200
2019-08-16,193.60951232910156,195.3153221051774,193.5122475401671,194.5222715937103,699500
2019-08-19,195.31529235839844,195.80908232786157,192.7191676773143,193.96112011588403,810200
2019-08-20,194.92628479003906,196.7443143779032,194.67937835290593,196.3253451600936,611100
2019-08-21,195.31529235839844,196.6470206401239,193.908743263341,195.47240008392097,461100
2019-08-22,195.93634033203125,196.39270861931303,194.9337822224384,195.4425502105062,522400
2019-08-23,194.14816284179688,197.93386315002405,193.26533659836832,196.13078884004125,768600
2019-08-26,195.48744201660156,195.6894377299058,193.79658697597105,193.87140781382547,375300
2019-08-27,196.1907196044922,197.9863055781442,195.64455259565824,196.0036789232344,727800
2019-08-28,195.97369384765625,197.63461556832706,195.38263905924458,196.23555529812532,615400
2019-08-29,196.19818115234375,196.81168005233812,195.06847098960387,196.03358444337243,604400
2019-08-30,198.0685577392578,198.48752696513853,196.2954160454214,196.60216544867524,781300
2019-09-03,196.1308135986328,199.5798549267596,195.9587508196974,197.60469477812035,1221900
2019-09-04,197.56729125976562,197.65706711317415,195.04598710406907,196.12334300919002,1153600
2019-09-05,193.22048950195312,196.983746644288,192.89876221636408,196.983746644288,990200
2019-09-06,192.65185546875,194.03596074436476,191.7764952443757,193.41497304561068,831500
2019-09-09,190.63931274414062,192.98106536555403,190.19789954428703,192.75662571549657,1579200
2019-09-10,187.04067993164062,190.58697533292508,185.619175330583,190.40741217041014,1613700
2019-09-11,188.3152618408203,188.3378868074708,185.34372680076197,187.20659244246104,972800
2019-09-12,188.23228454589844,191.48286825007887,187.56105040402446,189.89905166411435,952300
2019-09-13,183.60910034179688,187.7420931453427,183.57893755116797,187.35745714717788,1225700
2019-09-16,186.5504150390625,186.66353985390796,183.87301650923104,185.11743550500927,972600
2019-09-17,189.17503356933594,189.32587050718743,186.13562381455165,187.0406569497813,1091800
2019-09-18,188.9035186767578,189.97447587451003,186.93506618088605,189.7180519345103,1059500
2019-09-19,188.8431854248047,190.64571387643903,188.36050031874714,189.62754440660294,707100
2019-09-20,186.88983154296875,190.00465420480194,186.83703228199664,188.9110719527541,1251300
2019-09-23,185.11746215820312,187.380050845836,184.95153806712705,187.01803987808864,922500
2019-09-24,186.88229370117188,187.31972893050016,185.03451509164722,185.53982522515008,1364600
2019-09-25,185.5322723388672,187.50826277630026,185.44931029335018,187.19150174108648,619800
2019-09-26,185.88673400878906,186.723892231632,184.64231491099684,186.1205329840489,974300
2019-09-27,184.78561401367188,186.482555529742,184.35572814715712,186.05266966322725,847600
2019-09-30,184.98167419433594,186.49760415935074,184.70261382158287,184.97412486840392,893100
2019-10-01,181.17298889160156,183.82021307179096,178.9028627631376,183.26211532043368,1208200
2019-10-02,182.7266387939453,183.52608485630088,181.6179695540764,181.95735551343796,1350500
2019-10-03,185.42669677734375,185.88675696577965,182.7266727297502,182.7266727297502,840100
2019-10-04,186.15069580078125,187.4026526402987,184.62721638387475,185.61521148067916,783900
2019-10-07,185.9998321533203,186.79174033292523,184.7629510518459,185.40402231822102,707000
2019-10-08,186.15069580078125,187.25935353316774,184.69509127416214,186.26382061792688,1065400
2019-10-09,186.53530883789062,187.8174398103411,186.02244954403943,186.15067299859098,505400
2019-10-10,186.0601806640625,187.2140998080157,185.24564747278035,186.3241539095397,555400
2019-10-11,185.50209045410156,186.9803084662361,185.32861705344047,186.27891156936124,481100
2019-10-14,185.02696228027344,185.8942833405565,184.83841322298397,185.8942833405565,523000
2019-10-15,183.18670654296875,186.0828170623104,182.51547241466113,185.3587951865351,1161200
2019-10-16,182.5531768798828,183.29228587032026,181.48221974856168,183.2621230884762,1417700
2019-10-17,181.52749633789062,183.79008507647458,181.48224640441836,182.9076768494014,659800
2019-10-18,182.1760711669922,182.6210441062672,179.99644488742496,181.3992501007598,1609300
2019-10-21,183.86549377441406,183.91829303439107,181.76129135713097,182.5004004399607,931700
2019-10-22,181.41433715820312,185.22303002364174,181.33892444795006,184.12944790595262,774100
2019-10-23,181.32383728027344,182.47775647089458,179.67969519464802,181.76881024750747,822500
2019-10-24,182.04034423828125,182.5004044087264,180.69033802133774,181.45962141463255,523800
2019-10-25,176.48190307617188,181.22579190297984,176.42156600183807,181.0523300068453,1246100
2019-10-28,175.42599487304688,176.97963679768006,175.42599487304688,176.97963679768006,837000
2019-10-29,177.00982666015625,177.50759886017383,175.47880946068474,175.47880946068474,886200
2019-10-30,168.38180541992188,170.8782040039366,164.59574954736223,170.8782040039366,2101700
2019-10-31,168.0801544189453,170.9461020900513,167.80864334466958,168.88713831507707,1204500
2019-11-01,165.3650665283203,169.30197189530725,164.8974685333849,168.76649899945312,1399500
2019-11-04,162.99688720703125,165.22931313416797,162.4463271757913,165.22931313416797,1194400
2019-11-05,162.35581970214844,162.70274351068178,161.10385124429854,162.64995576074008,1607200
2019-11-06,161.76754760742188,163.44186409752086,160.8398779925557,162.98934177279978,919500
2019-11-07,161.75245666503906,162.88375094217147,159.94239042487544,161.3301086428756,1166900
2019-11-08,159.39935302734375,161.5035551182696,159.0297927891863,161.02087006645135,999200
2019-11-11,159.48988342285156,160.8776017740818,159.42954634130393,159.7010574542074,822400
2019-11-12,157.7552032470703,160.89266191212496,157.37810518179316,159.88957967751338,1347300
2019-11-13,159.64820861816406,160.77196483531026,158.33591490339367,159.0976487436698,961700
2019-11-14,160.6060791015625,161.08122639197524,159.63317106342112,160.08568188027633,636900
2019-11-15,160.8021697998047,161.13400644640214,159.6407012582929,160.6136207580897,1159500
2019-11-18,161.0510711669922,162.54438811134213,160.37983692728332,161.2094574519222,758500
2019-11-19,161.20188903808594,161.90328593279276,159.0750503739041,159.27113722973053,763300
2019-11-20,161.01336669921875,161.888225630995,159.45971270776306,161.46587755880194,885600
2019-11-21,159.0146942138672,160.76443459350253,158.57725911895835,160.76443459350253,943800
2019-11-22,157.64208984375,159.02227024356142,156.73705672318593,159.02227024356142,746800
2019-11-25,157.18202209472656,158.81108853768296,157.0688857675624,158.50940317336514,826900
2019-11-26,159.97254943847656,160.00271222158287,156.91051484183654,156.91051484183654,1681000
2019-11-27,159.9800567626953,160.10073088835875,158.57725169918257,159.16552367664423,638100
2019-11-29,158.89407348632812,160.4401782275338,158.7809486427785,160.01783013411853,420000
2019-12-02,157.6496124267578,159.35409149756083,157.52140046864656,158.68285741796697,725000
2019-12-03,159.8443145751953,160.2515753834562,157.00099221068,158.3208353138428,992000
2019-12-04,160.6060791015625,160.69659047143017,158.63008873261688,158.63008873261688,830200
2019-12-05,160.99070739746094,161.1490821366961,159.99516300407646,160.2138748133458,1165600
2019-12-06,161.28488159179688,161.9787407992228,160.27424981469278,161.14158245506678,1068700
2019-12-09,160.91529846191406,161.36782077607788,159.3013190866399,161.26223377052239,1121000
2019-12-10,159.39935302734375,161.14908202464002,158.4038086346515,159.3314666310279,829600
2019-12-11,158.32086181640625,159.8745041166209,157.69487760171504,159.77646643806673,1001400
2019-12-12,155.52633666992188,159.18891341253803,155.22937130211022,158.5645297550855,1602200
2019-12-13,156.4248504638672,156.63806740198248,154.58976265269249,155.52634399237618,1394000
2019-12-16,156.9959259033203,157.47564364225872,154.45268293015073,156.72942508521263,1447500
2019-12-17,156.2801513671875,157.33094546948408,155.70144137871807,157.09489760316248,964800
2019-12-18,158.54165649414062,159.06704772109634,156.04408749095234,156.31821020966717,1078000
2019-12-19,159.9960479736328,160.11027257177363,157.7193173811304,158.3817758988394,693100
2019-12-20,161.04689025878906,161.5418287728127,160.17122623587937,161.40477316664754,1658700
2019-12-23,160.0797882080078,162.18901004258134,159.37925491100205,161.53416193164736,1095000
2019-12-24,159.79808044433594,160.6432913769117,159.25744521299796,160.6432913769117,401200
2019-12-26,160.94024658203125,160.9478569074949,158.80057162617854,159.927515592126,916700
2019-12-27,161.1534423828125,161.64077041655938,160.50620457321608,161.3666476714007,542700
2019-12-30,160.8260955810547,161.49616466341243,159.78289964965956,160.81086330544008,621800
2019-12-31,162.15858459472656,162.1661949207556,160.14073279046934,160.86410880305203,764900
2020-01-02,160.98590087890625,163.07227991849777,160.3615173650001,162.81338947660538,862200
2020-01-03,162.72203063964844,162.8590978229092,160.4833634698636,160.77271848655653,773400
2020-01-06,163.30076599121094,163.65863722679325,161.83115970464138,162.00629015929974,1134300
2020-01-07,162.6535186767578,163.44542245891392,161.25245188281036,162.35655330609703,1164300
2020-01-08,162.9504852294922,163.08754080826,161.51895388422065,162.19664468981486,1262100
2020-01-09,163.01902770996094,163.52919844160286,162.28041937430135,162.75252685428964,1063500
2020-01-10,164.33633422851562,164.7627448616038,162.91241318445964,163.3616664144048,1013200
2020-01-13,165.06732177734375,165.93537532073665,164.27541796991207,164.5266981560019,812500
2020-01-14,164.70941162109375,165.029219545229,163.27788047788363,164.74748648276102,1134900
2020-01-15,166.1866455078125,166.52929606138466,165.09777638575602,165.19675709396805,827700
2020-01-16,167.53440856933594,167.60293635294255,166.27800777579534,166.35415750345857,691700
2020-01-17,168.0902862548828,168.3187238487551,166.75774717924952,167.5191980796114,996100
2020-01-21,169.53701782226562,169.9862826294685,167.8009109088286,168.50144425821395,834600
2020-01-22,168.27305603027344,170.19190413178362,167.51921537829594,170.17668347775407,1199400
2020-01-23,169.955810546875,170.11572032180146,168.09025847308877,168.50905872283263,895000
2020-01-24,170.9228973388672,171.17417754907015,169.75025635792,170.13860378224254,644600
2020-01-27,170.76296997070312,171.95084310195185,170.38986647597363,170.52692205718407,636800
2020-01-28,170.39743041992188,171.34924375975018,169.5674519761072,170.54971823053137,774000
2020-01-29,169.10304260253906,170.56502715532628,167.70958585250273,170.56502715532628,785600
2020-01-30,170.64114379882812,170.7401245106586,168.04459355602378,168.76796955530227,609500
2020-01-31,170.3822479248047,171.10563556944035,169.4532769042586,170.90765090087962,1301500
2020-02-03,170.70204162597656,171.63101256880907,170.34417042490864,170.92286887338724,838900
2020-02-04,169.91773986816406,171.51679118153424,169.01162318399244,170.9228604922978,1268400
2020-02-05,169.14865112304688,169.91771211585495,167.6409820519078,169.78065657248555,960700
2020-02-06,170.5878448486328,171.2122401660491,169.15631343314666,169.20201024712875,482900
2020-02-07,171.50157165527344,172.0498171966607,170.45077738329604,171.46349678901805,426100
2020-02-10,172.40771484375,172.46102198485278,171.3873734057895,171.9356189942976,478300
2020-02-11,172.3620147705078,173.79354608569696,171.76808403735868,172.39246769221023,744800
2020-02-12,173.03970336914062,174.59305797027358,171.49395909363238,172.27064220360774,883700
2020-02-13,174.03720092773438,174.79865176246813,172.80365429348737,172.80365429348737,521500
2020-02-14,177.28097534179688,177.41803090451938,174.1057153795907,174.3646174738723,607600
2020-02-18,176.47381591796875,177.69975205049062,175.62860514810814,177.48654677690558,643100
2020-02-19,166.60546875,176.1616804140256,166.33134594560624,176.1616804140256,2025300
2020-02-20,169.33145141601562,169.49897154011396,166.232340739015,166.59022358424158,1110500
2020-02-21,171.91275024414062,173.138686496001,168.87455737157782,168.92024256053384,1379200
2020-02-24,172.44577026367188,173.38235153056468,170.61829292063948,171.50156705244183,1636000
2020-02-25,168.1892547607422,172.97877513315444,167.01661403378728,172.28585212348264,1644600
2020-02-26,173.7859344482422,175.10325286165386,166.75774594326333,167.4278264486372,1829700
2020-02-27,160.9021759033203,174.39508578151964,160.81080552010934,173.1996139988439,1764900
2020-02-28,159.23460388183594,161.9605994192057,155.6405548083398,158.95287077501106,2460300
2020-03-02,166.94810485839844,167.36690516470313,159.85899904930588,160.1635747527175,1548300
2020-03-03,165.78309631347656,168.37964675613304,162.91242307307894,166.12574690594823,1764300
2020-03-04,172.14878845214844,172.33154081651247,166.88716093535035,167.51916645760747,968000
2020-03-05,174.41795349121094,174.8139112401676,168.7679888123939,170.63354132407943,964300
2020-03-06,174.32652282714844,175.16411161485695,169.36947139921966,171.3187949254195,1084000
2020-03-09,170.2299346923828,173.4508682418176,167.51917177181326,168.0521849945966,1697100
2020-03-10,175.04994201660156,175.10324915513635,166.40746989696422,172.72751451310788,1511500
2020-03-11,167.8542022705078,173.61076798140704,167.56484727251762,172.1259413684872,1575500
2020-03-12,153.43994140625,166.4455220306233,153.1962832001637,160.67372376492068,2334400
2020-03-13,162.5382080078125,164.16097569989486,155.9471643005482,158.60050172515554,2419500
2020-03-16,143.79563903808594,158.43130688585396,143.6648961639393,153.57838863510366,2003900
2020-03-17,152.5554962158203,158.26978445964969,146.50280914874855,147.1719084449751,1744200
2020-03-18,146.09521484375,156.43169486872344,143.86486400349818,146.6566429279808,2085800
2020-03-19,144.2801971435547,148.87931726304376,141.55763256927975,146.1106095155257,1939000
2020-03-20,131.6825408935547,146.1259350040825,130.09053165294014,143.24955711140353,2396600
2020-03-23,123.5226058959961,133.18998756658553,119.49260072218848,130.99041816177345,2143000
2020-03-24,129.70603942871094,131.082706652594,122.34591008928764,125.36071860077668,1876900
2020-03-25,135.77407836914062,143.88022995299278,126.90654116855255,128.60622189913124,1549800
2020-03-26,144.41091918945312,145.61837507766765,133.8206282538288,135.77409662917825,1575500
2020-03-27,147.2949981689453,152.2402035693073,141.1576982660736,142.12675179562845,1750000
2020-03-30,155.0704345703125,156.11638944089677,146.3720950676197,150.6328159206323,1238600
2020-03-31,152.74778747558594,155.10118285003583,147.74105440906592,153.38612866135037,1619000
2020-04-01,151.21728515625,151.59414052308975,146.23362435838183,147.86407860579718,1563900
2020-04-02,148.33328247070312,150.8712629613085,142.0729368527005,149.3100227997081,2148500
2020-04-03,149.2638702392578,151.50959480477863,146.8643311732783,146.9950740854329,991400
2020-04-06,156.6855010986328,157.5699548587115,151.50956836867118,153.65530785361267,1296300
2020-04-07,151.70950317382812,163.27653291944213,151.47878736577346,155.6702927512613,1234500
2020-04-08,153.10153198242188,155.08575804448566,148.66391475653745,152.51702072930638,1363300
2020-04-09,160.42324829101562,161.13850260052004,154.03984796614367,154.24750395732778,1613200
2020-04-13,154.9166259765625,159.8695301406872,153.98604065909745,159.11583090471413,771500
2020-04-14,157.562255859375,161.71531704180668,155.14733225405607,158.41593968004494,988700
2020-04-15,150.20211791992188,157.25461727872818,147.87179417781442,155.98563328520916,1214200
2020-04-16,149.17152404785156,153.8167858159664,149.02539622368008,152.44013074644084,1097200
2020-04-17,151.10963439941406,152.38631676880337,149.2484523630317,151.66337586721446,859600
2020-04-20,148.6793212890625,151.28651552311797,147.97945204776835,149.77910575227597,813500
2020-04-21,146.81813049316406,148.1794124552187,144.38013562825236,146.77968568150456,891500
2020-04-22,148.4408721923828,150.0482663850827,147.64871675221207,148.48702708181116,766700
2020-04-23,144.2032470703125,148.86389413797855,143.94944794723392,147.8102528346777,1055700
2020-04-24,143.99560546875,145.96445878744933,143.71104812144637,144.6185616805722,603000
2020-04-27,148.40248107910156,148.8562379060299,144.26480464332602,145.2723029908523,1131600
2020-04-28,146.90274047851562,152.22480070761006,146.6335681016174,149.66376114271455,1051100
2020-04-29,143.60337829589844,148.95619684412895,143.57260836137658,148.79469576140966,1002900
2020-04-30,142.62660217285156,143.19572846466107,138.7965677638866,142.53431586320787,1572900
2020-05-01,141.7883758544922,143.59572857505253,135.35883091654455,138.6735822278196,1570100
2020-05-04,139.2734375,141.71143270009898,137.3968704096293,141.71143270009898,979800
2020-05-05,138.0044403076172,141.0884630451515,137.6198982923754,139.91945203293503,1227200
2020-05-06,135.42800903320312,139.21959954363513,135.20497981978545,138.28900266940155,720600
2020-05-07,141.13458251953125,141.68063725304592,136.28166497940123,136.8969344475717,1256500
2020-05-08,146.38748168945312,147.39498009920115,142.2344317637744,142.86507469627975,1126700
2020-05-11,143.76490783691406,146.3490312895747,143.288079375061,145.2184882808737,700500
2020-05-12,137.25840759277344,144.46472013908627,134.4512559901058,143.77254930796772,1333900
2020-05-13,135.82025146484375,138.4197476416125,135.4664676290927,136.80467813568367,1081500
2020-05-14,137.66607666015625,137.66607666015625,132.36708680449271,134.58973975154942,1023400
2020-05-15,135.3357391357422,136.02791017826894,133.17461454675643,135.92793721853064,1404400
2020-05-18,141.01927185058594,142.6266549262767,138.18903604337584,138.42746199028983,1083400
2020-05-19,141.18844604492188,141.8652437389898,139.60413483861822,140.1117213738783,725100
2020-05-20,141.44998168945312,142.59592151015516,139.45805618805196,142.10370803229358,949500
2020-05-21,140.5655059814453,141.75758869824782,139.78872352025087,140.84237673028142,561000
2020-05-22,143.4110870361328,143.48030177609996,140.74236475469328,141.5268336801908,622000
2020-05-26,148.03330993652344,148.59474980037893,145.24154252688533,146.37978375248076,1100600
2020-05-27,151.4864959716797,152.07099566241837,148.62550218357865,148.62550218357865,885600
2020-05-28,154.73202514648438,154.82431147912916,151.50956103166675,152.6939453300104,756900
2020-05-29,155.9241485595703,156.9931752215853,152.39404285423646,153.8706949743456,1202900
2020-06-01,157.48533630371094,158.61589073931697,154.33977377819505,155.54724130905905,1236800
2020-06-02,159.76953125,160.79241448621056,156.5855236233073,159.4388189927389,1193400
2020-06-03,159.93875122070312,164.2840721431613,159.58496733440865,160.4771077995919,1189600
2020-06-04,154.3090362548828,159.57726713301795,152.9938972556358,159.10812535378858,901200
2020-06-05,158.7158660888672,159.7079910504104,156.4547571833492,158.42362214009248,1135400
2020-06-08,158.9542999267578,162.23060578108556,157.7391573469817,158.87739855610832,1161500
2020-06-09,162.561279296875,162.7996934562545,155.44725238561725,157.40841890821125,901700
2020-06-10,158.02371215820312,162.84587278747088,157.96218402150382,161.77684634981614,879000
2020-06-11,150.68661499023438,155.80871699187384,149.65604529797608,154.6243328543261,1306500
2020-06-12,152.66024780273438,154.63386210552423,148.868408081352,154.09773132919912,916900
2020-06-15,154.7737579345703,155.7372498067733,148.86843391956208,149.63768372464676,1108300
2020-06-16,154.51730346679688,159.4824320588339,153.37508972839402,158.90743631809477,875600
2020-06-17,153.66259765625,155.61291436054765,153.0176732986348,154.86697418296956,698600
2020-06-18,152.50485229492188,153.13423302220357,149.7697541140305,152.60585625874737,766900
2020-06-19,148.09141540527344,154.47848523473536,147.9904114293066,154.47848523473536,3654200
2020-06-22,147.84278869628906,149.28026070661878,145.37965021447195,148.41000686874048,976700
2020-06-23,146.26539611816406,149.55993411790146,146.12552716849333,149.0082597745787,630900
2020-06-24,147.2056121826172,148.34782613399517,144.80463667515647,145.30192621575983,1174000
2020-06-25,148.4333038330078,148.51877603173295,145.24753481469028,147.0269073546089,827700
2020-06-26,147.0735321044922,150.18936082196618,146.56847663735968,148.13803982929207,1370100
2020-06-29,148.48770141601562,148.9772132328625,146.95697957558565,148.22350707361247,772300
2020-06-30,149.1015167236328,150.43021856039434,146.92587076409453,148.63530264076152,1064900
2020-07-01,154.7504119873047,155.4963402381882,148.58090693410918,148.93056154273054,678500
2020-07-02,154.9058380126953,156.9804683426842,153.48389797288587,156.1879090724276,895900
2020-07-06,152.70689392089844,158.19262284248,152.05420358119994,157.1436587657471,871800
2020-07-07,151.09848022460938,152.39609503790518,150.8032104607068,151.26164688421537,635000
2020-07-08,150.2437286376953,151.57243045749217,149.98731208102166,150.90419660394411,869400
2020-07-09,151.80555725097656,152.53595392396292,149.2258712287751,149.76977986089722,555800
2020-07-10,151.0751495361328,152.9788473939001,150.71772897099834,151.82885567710008,630400
2020-07-13,149.87857055664062,151.78225681115143,149.6532412013908,151.26942356032396,525800
2020-07-14,150.61669921875,153.00990866027578,149.92515581744965,150.01062800665832,588700
2020-07-15,149.80862426757812,152.0075800470094,148.52654129212266,152.0075800470094,982400
2020-07-16,146.37420654296875,151.31602636897483,146.29650023830726,149.49003491628739,621300
2020-07-17,149.4200897216797,149.94845459434157,145.5738651954673,146.62282905371643,837900
2020-07-20,145.91574096679688,149.5910329553297,145.89243144943333,149.42008859045302,479500
2020-07-21,145.1776123046875,147.22893330333423,145.07660832475818,146.99582621924097,581400
2020-07-22,146.31982421875,147.01136771583722,143.1262892251633,144.09755884783178,698900
2020-07-23,145.31747436523438,147.6329777491092,144.07424454692512,146.7782557669818,534200
2020-07-24,144.02757263183594,146.26538074077783,143.79446564443552,145.84578579219428,518700
2020-07-27,144.19078063964844,145.0688001448046,142.36478936304178,143.94989586095343,472500
2020-07-28,150.6399688720703,150.67105612700115,144.49378618849232,144.49378618849232,800500
2020-07-29,152.94772338867188,153.75582612292268,149.7075702778158,150.873093491346,806500
2020-07-30,153.62376403808594,154.0977440423624,150.5467769542668,151.30048305707226,1001800
2020-07-31,155.3098602294922,155.4030982944479,150.3991166323562,153.09536133627012,1761600
2020-08-03,152.1707305908203,154.6261027054276,151.8987822475909,154.501777365274,658400
2020-08-04,156.47537231445312,156.95711809081016,152.33387861731904,152.73015222145324,1018900
2020-08-05,153.04881286621094,156.9416580049908,152.20963432576383,156.78625720631265,905500
2020-08-06,152.35723876953125,152.64473078241622,144.7036294377254,149.94848537454055,1593700
2020-08-07,154.82037353515625,156.84838492497616,151.2150212706229,151.2150212706229,966500
2020-08-10,157.33790588378906,158.3557945054029,155.1389501345362,155.48083892329893,645100
2020-08-11,154.61834716796875,158.868623686409,153.5538276740802,158.65104839841715,653500
2020-08-12,154.14434814453125,155.473038091542,151.720051573447,155.03791128184687,509700
2020-08-13,153.30517578125,155.2321710932946,152.61363239166644,153.4217233753249,554500
2020-08-14,155.589599609375,157.64092020833704,153.5071917485543,153.5071917485543,642000
2020-08-17,155.41867065429688,155.52745236895944,153.42173478103393,154.68050817220674,816600
2020-08-18,156.13352966308594,157.15141828749216,154.06666514812716,155.426442562234,594000
2020-08-19,153.40614318847656,156.77062125940455,152.62912779628942,156.77062125940455,769900
2020-08-20,157.93617248535156,158.06049781576647,153.11867856677677,153.1963848623651,584400
2020-08-21,160.49256896972656,160.61689430691894,157.70308590825402,158.78313708043981,752600
2020-08-24,160.50035095214844,160.50812869670088,158.11491906918184,159.5834781751233,483800
2020-08-25,160.65574645996094,160.69459961249942,158.9618580874049,160.52365522638416,469900
2020-08-26,162.0155487060547,162.15541770542725,158.66661274243867,160.0419339307255,645400
2020-08-27,164.1600799560547,165.06140899087396,162.24861647011625,162.5516520629254,499900
2020-08-28,165.84620666503906,166.0093732966846,162.41956512468136,164.70399281825317,589900
2020-08-31,165.03814697265625,166.7864324781137,164.35438114837487,165.4266548627579,869900
2020-09-01,165.8151092529297,165.9782877309039,161.76686498376785,164.4708757066619,478800
2020-09-02,166.40567016601562,166.50667413561948,163.40638935996836,164.93711109957098,1053800
2020-09-03,165.44996643066406,169.93335085756837,164.54085937935875,166.9962321206374,997200
2020-09-04,164.8361053466797,167.74214824873522,162.76147491056219,165.8695376204883,557600
2020-09-08,166.2425079345703,167.213777567112,162.8080999366612,164.93712723946732,849100
2020-09-09,168.3948211669922,172.53631572266153,167.47793659704774,167.70327775976438,1033000
2020-09-10,169.49819946289062,170.56270714734077,166.10264474529006,168.1928188153592,830600
2020-09-11,171.4019012451172,172.78498832998272,169.2806515698849,170.02659190578694,666500
2020-09-14,176.2242431640625,176.78096517067428,171.58222495922288,172.44475521356708,703000
2020-09-15,173.29946899414062,177.68273701574003,173.1034377361642,176.39677244200672,663700
2020-09-16,176.04388427734375,177.4553115487157,173.7228811775738,174.608934215182,717300
2020-09-17,174.24041748046875,177.29850012374834,172.5859132901822,174.9069165361591,749600
2020-09-18,173.29946899414062,174.24042860426619,171.75474172410262,172.8603608906412,1218700
2020-09-21,169.5983428955078,175.62042740962752,168.17907896231088,172.62506501586606,970200
2020-09-22,172.0135040283203,172.70353788355993,169.51214326787513,169.51214326787513,771600
2020-09-23,166.9480438232422,171.51949365856862,166.68144421523135,171.3861938545632,830100
2020-09-24,168.30458068847656,170.6961642059215,167.42636456330231,167.62239580301423,595200
2020-09-25,171.30775451660156,171.4018456685377,166.61084242412886,166.94802232655925,602100
2020-09-28,173.39356994628906,174.9382971968369,172.34283332354602,173.15833004672572,582800
2020-09-29,173.22105407714844,174.78145514675737,171.30778719088428,173.4092364169136,557300
2020-09-30,174.64031982421875,175.23625051302542,171.88804539940116,174.2012117414351,863500
2020-10-01,177.41607666015625,177.46313419957053,174.0835461902906,174.63244313363404,854000
2020-10-02,180.81138610839844,181.88564552553387,174.67953465273024,176.09096208651522,826500
2020-10-05,182.04241943359375,182.41879599364142,177.68268738825662,181.7601340223592,585600
2020-10-06,179.00790405273438,180.85843966641198,176.9613371747469,179.7685063154408,1007700
2020-10-07,180.38009643554688,181.54844690672832,178.83538130705728,179.63518013343128,585500
2020-10-08,181.93267822265625,182.77953462292774,180.59181926436034,181.0074045397532,596800
2020-10-09,183.4930877685547,183.681282076729,180.86627618561047,182.2698546774167,426600
2020-10-12,184.33209228515625,185.32008540198373,182.52076558857402,183.77535831338395,636600
2020-10-13,184.57516479492188,185.18678127651353,182.01107295145115,184.45755084261455,606600
2020-10-14,183.0932159423828,185.46127716038973,182.29340496799378,184.48112075812855,664900
2020-10-15,183.75184631347656,186.2296841403267,181.91699671812967,182.99124412001436,827600
2020-10-16,182.70108032226562,184.57513813539148,182.05025529564264,183.24212835432536,1677000
2020-10-19,181.28187561035156,183.6028791014224,181.06232154943402,183.08536565200188,817600
2020-10-20,182.79519653320312,184.6222090226992,180.56828464399635,182.0502802561906,501000
2020-10-21,182.70892333984375,184.38695000671754,182.065947197387,182.74029503350238,670900
2020-10-22,184.3556365966797,184.8888358748869,181.7523357495313,182.53646078087021,439000
2020-10-23,184.83392333984375,185.68861661370707,183.41465917788074,185.1397315738314,473100
2020-10-26,185.2338409423828,185.85330637776283,183.00692886752282,183.78321690616946,980800
2020-10-27,183.9635467529297,187.71949983057883,183.94002396266774,186.0257991077356,785500
2020-10-28,181.2269287109375,184.10466543032211,179.64300515299533,181.89343960908624,1037900
2020-10-29,181.02308654785156,183.57149263693194,180.85057810156079,182.01892858511235,908100
2020-10-30,179.61952209472656,182.10519694495352,178.16104909501001,180.22328973881704,1009300
2020-11-02,182.5521240234375,183.98707408885184,180.5055574665085,181.39162247092204,804600
2020-11-03,184.645751953125,185.28874019728408,182.0581370559154,183.55581867992677,719400
2020-11-04,184.4732666015625,188.77811770515746,184.09688990394528,184.5281611016314,892200
2020-11-05,180.8662567138672,185.28087187240456,179.43914361798136,183.86945658984078,945200
2020-11-06,181.39161682128906,186.36296587791043,180.191906666469,181.39945376306034,668000
2020-11-09,174.13848876953125,188.7702647572927,173.22890085967288,188.7702647572927,1464900
2020-11-10,183.51661682128906,183.62639384693577,173.3073175417501,174.25610212809698,1035700
2020-11-11,184.912353515625,185.83761522384776,182.16791615999855,184.54381382782853,776700
2020-11-12,181.7679901123047,185.5631517349906,179.39992957774106,185.5631517349906,580100
2020-11-13,183.52442932128906,184.57515378186346,181.47786291967674,182.46585595449798,561900
2020-11-16,183.24215698242188,185.69647184441897,179.36857791012642,185.69647184441897,581600
2020-11-17,183.90867614746094,185.57886626172336,181.00741597870703,182.48941178163906,616500
2020-11-18,180.31735229492188,185.57098629569975,180.18404054397124,183.50089721019222,920600
2020-11-19,179.39993286132812,180.84273178870765,178.1453401844373,180.1526980392999,931700
2020-11-20,175.36170959472656,179.70575670817206,174.91476457897815,179.5724568976928,1252800
2020-11-23,171.82530212402344,177.76112170479934,171.1823139293983,175.94195806364954,1560700
2020-11-24,174.13063049316406,174.64030691626735,170.335456705046,172.28009516335342,1323700
2020-11-25,175.09507751464844,176.08307049641,173.9345761125292,174.75006067393304,596800
2020-11-27,172.531005859375,175.1499802307784,171.9193893765873,175.1499802307784,377400
2020-11-30,176.00465393066406,176.8985557040522,172.35846651344806,172.56234661435067,1465900
2020-12-01,176.7025604248047,177.16519126892652,174.24040858608527,176.33402074496604,614000
2020-12-02,176.05174255371094,179.2274510921116,175.11863192006555,175.92627968629023,551300
2020-12-03,177.2435760498047,177.6983698991455,175.40872677007494,175.98898346712264,652500
2020-12-04,176.0360107421875,178.23939942998317,174.92255500533963,177.12594369313533,752700
2020-12-07,176.17718505859375,177.62782097760467,175.62046305374741,175.64398584466787,641300
2020-12-08,173.98162841796875,176.4202572203055,173.89537420445347,176.2555857345778,559300
2020-12-09,172.2252197265625,175.2833025330676,170.57855239087618,174.10711499751974,714600
2020-12-10,169.82579040527344,173.29162139744665,169.5278190827326,171.7939398070304,929800
2020-12-11,172.5545196533203,173.236704472063,169.8022456242724,169.8022456242724,1537900
2020-12-14,177.0491943359375,181.7970943088285,176.03630997435013,178.83756564556086,2271500
2020-12-15,178.17286682128906,178.18868446124696,173.73357975716416,177.46067456355078,1347800
2020-12-16,178.80593872070312,180.42021958312498,177.53191826610404,178.17288290375,699300
2020-12-17,184.0286407470703,184.5825601152525,179.69222788318265,180.2619769688948,932900
2020-12-18,181.1561737060547,184.32936223051922,180.19077818818363,184.15527154503317,1421900
2020-12-21,180.98208618164062,182.16114058718233,178.92465749515577,180.08789425700525,707800
2020-12-22,183.73583984375,183.86245342283016,180.55474309793956,181.18779891880496,783100
2020-12-23,179.6289825439453,184.17905589032276,179.44698299096163,183.21364805782378,720800
2020-12-24,181.0928497314453,181.19571270204656,179.68430683057443,179.9770901749974,154600
2020-12-28,181.3223419189453,182.47766982887347,179.80301502097652,181.82878421826825,569900
2020-12-29,180.26199340820312,182.9999431382829,179.1699722152433,182.0741038082013,677400
2020-12-30,181.1561737060547,182.70716015641995,179.91381244094555,179.91381244094555,559200
2020-12-31,182.73880004882812,182.85750482473608,179.24910180861977,181.37774613314085,495700
2021-01-04,174.24794006347656,183.5617412780002,174.0501108826428,182.2560735143113,911800
2021-01-05,172.008544921875,175.36373281221248,171.04313737028113,173.55953130666856,1094800
2021-01-06,169.19937133789062,172.42793339685463,167.93325957295585,171.20140196308637,1506100
2021-01-07,172.0718231201172,172.91853782977074,168.59003428539182,169.4288280999234,1224300
2021-01-08,176.1629180908203,176.96215567735905,172.89478836388454,172.89478836388454,805500
2021-01-11,175.078857421875,176.23418536443833,172.40420253842564,175.6248679938963,738900
2021-01-12,175.8622589111328,176.36078030976887,173.3221265413199,174.22422725615746,690200
2021-01-13,177.880126953125,178.54484234937166,175.8701872685667,175.8701872685667,785400
2021-01-14,175.06300354003906,177.86427163387685,174.7543904864334,177.86427163387685,773100
2021-01-15,177.56358337402344,178.34699138420362,174.1688394789825,175.11049636605148,1864200
2021-01-19,174.580322265625,178.7030884302687,173.4012678687121,178.7030884302687,1145000
2021-01-20,178.0304412841797,178.83758776025078,172.9660188499868,173.725676177848,1326600
2021-01-21,175.64854431152344,178.15701645092668,175.2054089533937,176.62978122919142,1284000
2021-01-22,176.29742431640625,177.13623007554534,175.33993796870854,176.3449134561764,1079100
2021-01-25,178.69515991210938,179.23324952328954,175.62484696150136,176.81182212390726,830000
2021-01-26,180.2936553955078,180.96627964925847,178.30745414930968,178.7268511770944,825900
2021-01-27,180.4597930908203,181.19571189635252,177.95922918203112,179.8900440464244,822000
2021-01-28,180.03250122070312,182.1215773264355,178.40239035992056,180.47564882152665,791600
2021-01-29,180.11949157714844,182.07404466392333,177.90381462208964,179.35983435670937,1052400
2021-02-01,184.1315155029297,184.19482229841103,179.06708053525261,181.31442951396178,763700
2021-02-02,182.24024963378906,184.10775764363353,181.86832979595098,183.46679300913587,949800
2021-02-03,183.03160095214844,184.21065540265658,179.47067491056788,181.32235355430072,703300
2021-02-04,182.67550659179688,186.73495397582218,182.2402798928561,183.69630005427857,1165800
2021-02-05,181.48057556152344,183.19773141290594,181.01370158973776,183.19773141290594,777100
2021-02-08,183.9890899658203,184.1473630070794,180.0720736854131,180.9979130189975,523100
2021-02-09,187.04354858398438,187.33634401134495,184.33724657068055,184.9228253508655,680300
2021-02-10,185.24729919433594,188.08812409127216,183.0711776244836,188.04855582963995,697100
2021-02-11,184.43223571777344,185.286847344361,183.2769077307326,184.32936065689964,853200
2021-02-12,183.47471618652344,184.3372486121785,181.60720803054812,183.96532874523803,617500
2021-02-16,181.96327209472656,183.42721281426782,179.26487925955692,183.26895188974476,566300
2021-02-17,185.22354125976562,185.5954490714637,181.7100925065465,181.96330762031292,879000
2021-02-18,185.95944213867188,186.82197452559672,184.67751282692907,184.67751282692907,622800
2021-02-19,185.7220458984375,187.43920186253092,184.97820619312213,186.47379442472197,761500
2021-02-22,188.1434783935547,188.64201184239298,184.574643965324,185.63500558153407,711500
2021-02-23,191.76771545410156,194.83011976127145,189.52828740230115,189.52828740230115,794300
2021-02-24,191.9813690185547,193.86470686334135,190.86560943448177,191.34831316467768,803200
2021-02-25,192.5748291015625,195.07539272608912,190.12174254624907,192.49569260318424,816500
2021-02-26,185.1206817626953,193.7381225183095,185.04946613795138,192.86766907853516,1110900
2021-03-01,183.561767578125,189.0139401000916,183.42724516482832,186.75077346411283,778500
2021-03-02,185.50839233398438,186.7745040486157,182.18486417624734,182.9999195173853,917000
2021-03-03,182.67550659179688,185.15232021570105,182.57263153353705,184.3610033356405,1025100
2021-03-04,183.0711669921875,185.51633327986897,181.32235135573058,183.2215070583975,1003400
2021-03-05,185.9990234375,186.37885213529745,181.6072126129973,183.4272437381874,667900
2021-03-08,188.84774780273438,190.56491586898238,185.58752647971767,186.93276261279007,628400
2021-03-09,189.9397735595703,191.7439749263084,188.34131021727208,188.86358221146898,584400
2021-03-10,189.78941345214844,190.43829900696096,187.70033763774788,190.43829900696096,625700
2021-03-11,188.81613159179688,191.34043450958742,188.6974388830918,189.05352908374502,615400
2021-03-12,192.3295440673828,192.41658939538283,188.66574354502094,188.66574354502094,599000
2021-03-15,193.47055053710938,194.34822618124986,191.20456709642806,193.34289858636984,887300
2021-03-16,195.7445068359375,196.1992935106825,192.8162796468157,193.94129684575793,512900
2021-03-17,192.81625366210938,195.56894536377746,191.35612748520123,195.56894536377746,751800
2021-03-18,193.0955047607422,193.33487190269426,190.20717452541797,191.82687473553034,570900
2021-03-19,186.27359008789062,193.8853811772326,186.27359008789062,193.54229766345784,1336400
2021-03-22,188.85879516601562,189.6646643248714,185.90663219697365,186.2736635229953,647100
2021-03-23,193.80563354492188,194.11680719948015,188.87472606888798,189.43324132390032,723600
2021-03-24,192.40133666992188,193.72582420527567,191.62738986761983,192.76836788352892,656200
2021-03-25,192.5290069580078,193.48646331058046,189.513012751309,193.39869576806942,594800
2021-03-26,195.154052734375,195.34554889272474,191.35613690416616,193.06360474828045,836500
2021-03-29,197.8668670654297,199.5982704676477,193.05563701406084,194.6354408074919,823200
2021-03-30,197.10086059570312,198.57694769812832,196.22318520917176,198.10618789550648,652900
2021-03-31,196.88543701171875,199.44664461724406,195.130098341669,197.0769331515256,1105400
2021-04-01,201.01846313476562,201.1620761009895,197.4040573881895,198.098211074373,844300
2021-04-05,203.67544555664062,203.930761596168,199.93337511778253,200.78710296289142,1162300
2021-04-06,203.70736694335938,203.74726350091734,201.06637797427157,202.90948449108052,744600
2021-04-07,204.03448486328125,204.52118143134823,202.55042313730414,203.89085970284782,760700
2021-04-08,204.86427307128906,206.71534155531242,203.9387266545593,203.9387266545593,566800
2021-04-09,205.75791931152344,207.00261392029378,205.39090022161392,205.68611281672193,539000
2021-04-12,208.1355743408203,208.4866445163784,205.55044336574394,206.55578290024542,524100
2021-04-13,212.9946746826172,213.24997849501614,208.38291628828722,208.71002658068278,819400
2021-04-14,210.3936309814453,212.42822154518984,209.69149051020213,212.42822154518984,508500
2021-04-15,213.63302612304688,214.03995396462588,211.40692726829124,211.89364822480886,871900
2021-04-16,212.87498474121094,214.4228783281954,212.7233851585058,214.3111874695593,672500
2021-04-19,215.73141479492188,215.84310565243266,211.90955185530237,212.87498259640657,548500
2021-04-20,218.11712646484375,220.44695398605052,215.54794394292148,215.82720767671663,846400
2021-04-21,218.2686767578125,219.9841188071293,217.17558191915967,218.79528198982587,564900
2021-04-22,220.63839721679688,221.00541626655595,217.3750614463621,218.32454335615486,512000
2021-04-23,220.8298797607422,221.60382658098453,219.50539219468638,220.87775075173153,489900
2021-04-26,219.51345825195312,222.43371150632754,218.83525316824588,221.61189339767847,556500
2021-04-27,219.46548461914062,220.11176727861468,218.4122742298372,219.81655474890843,481100
2021-04-28,218.00543212890625,220.55067911045336,217.8458458979959,219.76075892171932,526700
2021-04-29,222.9921417236328,223.34321186430776,218.31653904069864,219.0745369238455,734300
2021-04-30,224.33262634277344,225.07465115683013,221.39642485206537,222.98420309171252,635200
2021-05-03,221.835205078125,225.0506696308533,220.25538942824,224.59587089611503,611500
2021-05-04,222.8884735107422,225.8565972817271,222.0905910384284,223.0560220120847,691100
2021-05-05,219.11441040039062,222.47348771403082,218.18886410731417,221.9149847721378,744500
2021-05-06,219.58517456054688,220.81392008455015,218.6197438235474,219.6490187783686,653500
2021-05-07,221.22886657714844,221.49218143137026,218.7793858678685,219.53735961459233,577800
2021-05-10,221.14109802246094,223.26346821588814,220.73417018986507,221.5320526227577,619200
2021-05-11,218.87510681152344,220.87777508705196,217.25540650610338,220.87777508705196,693100
2021-05-12,215.1968231201172,219.82455495806093,215.06915903326686,218.97880168843298,675100
2021-05-13,218.579833984375,220.00802556173764,215.1569125981481,215.4999960933068,612100
2021-05-14,218.18099975585938,219.6171786503073,217.0160736653881,217.9974779979086,463200
2021-05-17,220.67832946777344,221.71559131959597,218.22884871686867,219.2102286008062,711400
2021-05-18,219.87245178222656,220.74214064848874,218.43624889848093,219.16232478119986,882500
2021-05-19,220.6464080810547,220.65437034752196,215.7713339030443,219.22617836779526,652600
2021-05-20,222.8406219482422,223.3113697260367,219.60122077603788,220.13578844343044,1126800
2021-05-21,220.7980194091797,223.99751147975388,219.63309349923816,222.31399119604168,719800
2021-05-24,222.1703338623047,223.19162222169714,220.57456927891428,221.51606453925018,533900
2021-05-25,222.42562866210938,223.48682570267508,220.3351810386261,222.0187252674764,422700
2021-05-26,223.07191467285156,224.85918751799116,222.21819914822058,222.56128268097922,707200
2021-05-27,223.30332946777344,224.10919843334293,221.093204123386,223.00013027876957,980200
2021-05-28,225.38577270507812,225.84054705367757,223.91767237846753,225.0825735730569,1507500
2021-06-01,227.84329223632812,227.93903422675405,224.7156069183701,226.08794124705918,515700
2021-06-02,229.78216552734375,231.1625109709512,227.56405322715466,229.08801167198627,1002500
2021-06-03,230.46832275390625,230.8911994274224,228.7608428291268,229.67044040014474,800000
2021-06-04,230.35659790039062,232.1837552319134,229.52681781878462,231.80874956735522,828200
2021-06-07,232.35935974121094,233.83544734483831,230.2210403275532,231.13860040025884,783300
2021-06-08,234.09869384765625,234.6891433877251,232.5508000267903,233.06145645609973,592000
2021-06-09,234.4497528076172,235.55882099025627,233.97101851546677,234.5774169088198,476500
2021-06-10,235.7503662109375,236.10942311068607,234.0030014177898,234.0907811630491,483800
2021-06-11,236.02154541015625,236.26090034435398,234.0427886728645,235.3433406306843,575000
2021-06-14,236.68028259277344,236.8088157066326,234.59970337474704,236.17419111794828,528500
2021-06-15,235.52352905273438,236.72849951774776,234.76037128548447,236.24650642870503,451400
2021-06-16,234.7362823486328,237.41133061763597,234.6479296115822,235.9171544327034,744900
2021-06-17,237.49166870117188,237.52378359751478,233.29032931906704,234.70416924417222,625000
2021-06-18,239.6766815185547,240.72904509748113,237.67643810224874,238.23876753997826,2007000
2021-06-21,243.8457794189453,244.60089599676826,239.67658079794558,240.50401715710015,734200
2021-06-22,242.9622039794922,245.4845958925466,242.86578575638188,243.78961599276352,495600
2021-06-23,244.0145721435547,244.95443542396913,241.45199953408826,241.96610754320642,640500
2021-06-24,242.47218322753906,244.74557452978883,241.49213961796718,243.81372777681995,643300
2021-06-25,244.80982971191406,245.05081399579373,241.7813461402888,242.55252036389032,718500
2021-06-28,244.60897827148438,245.13112718084972,243.034490562954,245.01867603068968,475100
2021-06-29,243.78964233398438,245.51676182808438,243.61291234529767,244.5768740438897,624100
2021-06-30,241.5484161376953,245.6935180756625,241.13070180851366,243.49242170583003,716000
2021-07-01,241.26727294921875,243.26751654262273,240.49609853606907,241.42794552142155,689700
2021-07-02,243.17910766601562,243.69321565106853,240.69687144406325,241.9339813219768,945200
2021-07-06,247.37246704101562,247.83837828377244,241.45204793416116,242.82570774291634,735500
2021-07-07,247.58126831054688,248.8183536385125,245.0106549119535,247.50093204524342,1021000
2021-07-08,246.76187133789062,249.01918064366095,246.0951318215128,246.47269020264804,684800
2021-07-09,250.37681579589844,250.65798050254207,246.18351717294226,247.13946246641694,517300
