Date,Close,High,Low,Open,Volume
2016-07-01,46.04303741455078,46.34196484326414,45.92992682346473,46.08343251325013,8330300
2016-07-05,45.86530303955078,46.018805673351,45.687560876872325,45.89762035675577,7274200
2016-07-06,45.8491325378418,46.139982153660526,45.50172917249701,45.66331263483499,8474200
2016-07-07,45.97841262817383,46.0511250541689,45.62293136883632,45.77643400951519,6813300
2016-07-08,45.655235290527344,46.051114649713774,45.534049995881375,45.98648002701051,12655500
2016-07-11,45.501739501953125,45.98648691706251,45.291683110592096,45.88953805043042,10394400
2016-07-12,46.43892288208008,46.53587175452455,45.655244868118785,45.768355481577935,10998500
2016-07-13,45.631004333496094,46.26117657086662,45.525974599951404,45.88953669149163,12183600
2016-07-14,46.52778625488281,46.60049866765276,46.026880234661284,46.05111667826841,11353600
2016-07-15,46.38236618041992,46.64897941520253,46.15615113171872,46.60858122912112,8494000
2016-07-18,45.986488342285156,46.52779261848412,45.929934578167966,46.52779261848412,7614600
2016-07-19,45.857208251953125,46.164216508327826,45.68754701104134,45.92992065262218,8719800
2016-07-20,46.48738479614258,46.58433363925857,45.816814516548966,46.051110379198406,9446400
2016-07-21,46.53585433959961,46.59240808419076,46.08342438287038,46.55201299261822,16151700
2016-07-22,46.77824401855469,47.052935032111805,46.212703333943125,46.53586723804345,23899300
2016-07-25,46.81863784790039,46.93174536535653,46.45507576897088,46.632817914658354,10486000
2016-07-26,47.1094856262207,47.53767923430107,47.02061455693265,47.327622864850866,10106700
2016-07-27,46.73784637451172,47.18220175595687,46.59242153730218,47.1660430982726,6551800
2016-07-28,47.0286979675293,47.109491259246674,46.64898028327893,46.76208780973432,6830100
2016-07-29,46.89942169189453,47.20642997046706,46.79439197623451,47.004451407554555,6914900
2016-08-01,46.560115814208984,46.89943844175391,46.39853228978072,46.85904333113419,7997600
2016-08-02,45.99258804321289,46.48713249948633,45.838550873505234,46.41416687327089,7574600
2016-08-03,45.35211944580078,45.879093839174075,45.17376140361484,45.77369834196309,11484800
2016-08-04,44.930545806884766,45.635881417655746,44.89811903621779,45.441305330243964,11193700
2016-08-05,45.3197021484375,45.498060227891195,45.011624603661446,45.23862748261102,9206200
2016-08-08,44.88191604614258,45.39267570539809,44.72787570059094,45.37646076940935,9129300
2016-08-09,44.75217819213867,45.16564803720195,44.73596326392503,44.906215371146295,7136700
2016-08-10,45.09268569946289,45.16565133541192,44.67921582420608,44.89000372101353,6991100
2016-08-11,44.97108840942383,45.36834344398446,44.96297939657355,45.198091286315616,6191400
2016-08-12,44.97108840942383,45.198091286315616,44.776512305886406,44.808942171923015,5039800
2016-08-15,44.7927131652832,45.15754131186249,44.73596246389101,45.11700553839396,5968700
2016-08-16,44.8900146484375,45.052160889204,44.52518637988343,44.79272814105052,5750900
2016-08-17,45.238616943359375,45.33590342700402,44.938648481390835,45.21429609561861,7410600
2016-08-18,45.01972198486328,45.31969355250123,44.98729521736546,45.22240397196269,5390800
2016-08-19,44.54138946533203,45.04404298727188,44.468423831029895,44.96296834211312,8981200
2016-08-22,45.27915954589844,45.33591026096924,44.54950616955287,44.57382702095978,8837800
2016-08-23,45.72506332397461,45.83856475631154,45.400770866427294,45.53859315064155,7827900
2016-08-24,46.284454345703125,47.006001657102445,46.17095293842881,46.21148871350086,13200500
2016-08-25,46.44660568237305,46.576322032577814,46.13042227204153,46.243923691885485,6686600
2016-08-26,46.44660568237305,46.88439952406979,46.21149383116386,46.600642881778164,6940500
2016-08-29,46.049346923828125,46.60064217703153,45.89530972675253,46.3898542708922,7026700
2016-08-30,45.72506332397461,46.008816904816946,45.40887678615904,45.93585125650291,6377700
2016-08-31,45.58723449707031,45.74127170177272,45.32780178773896,45.65209422074407,6996900
2016-09-01,45.65208435058594,45.85476630422304,45.26293537072444,45.643975340538994,6230100
2016-09-02,45.546695709228516,45.927738828951654,45.392658514695285,45.822343331280685,7441500
2016-09-06,45.416969299316406,45.741258546372556,45.14942765513115,45.54668561667506,6472900
2016-09-07,45.66020584106445,45.88720871690284,45.49805960431608,45.554810323275674,11428600
2016-09-08,44.833255767822266,45.522376392480226,44.75218420853627,45.48183752015548,12673600
2016-09-09,44.063079833984375,44.75220071278452,44.02254403939211,44.70355590366407,10658100
2016-09-12,44.354923248291016,44.419782965628514,43.71444745665022,43.71444745665022,11002500
2016-09-13,43.76310348510742,44.22521826544479,43.57663638889079,44.09550189013399,10050200
2016-09-14,43.6982421875,44.06306732796835,43.61716752864325,43.99010168133828,6688400
2016-09-15,43.86848831176758,43.884703241313666,43.40637364408961,43.74687788651271,8076800
2016-09-16,43.568538665771484,43.85229232368802,43.300996851721955,43.73068184590498,10207800
2016-09-19,42.97669219970703,43.754993471444536,42.88751471282776,43.74688445911239,9231600
2016-09-20,43.211795806884766,43.32529721636266,43.00911383490812,43.2928704512843,8731500
2016-09-21,43.76310348510742,43.803639272514104,43.195593183366796,43.31720363826919,9213600
2016-09-22,44.09548568725586,44.26573778741424,43.75498148693909,43.941448514638445,9096700
2016-09-23,44.12791442871094,44.233309908726845,43.77930122708081,43.77930122708081,6945100
2016-09-26,43.81174087524414,44.05495865122851,43.66580959111716,44.006313858958904,7755600
2016-09-27,43.93333435058594,43.949549276224694,43.63336595797112,43.77929719603905,6463700
2016-09-28,43.76310348510742,43.844178152603135,43.39827521308256,43.68203191029405,8593500
2016-09-29,43.333412170410156,43.77931195137856,42.89561830865272,43.68202545743754,11993500
2016-09-30,43.8928108215332,44.09549280951049,43.42259021762037,43.49555585699946,13767800
2016-10-03,43.649593353271484,43.900920133449034,43.51176799230905,43.86038126143073,5478600
2016-10-04,43.39826202392578,43.88470060301958,43.300975545179575,43.88470060301958,6176400
2016-10-05,43.25233840942383,43.58473677222196,43.1955876957277,43.37394884887663,7451400
2016-10-06,43.08208465576172,43.35773229454617,42.99290408252531,43.21180100973782,6130300
2016-10-07,43.34151840209961,43.46312883991407,42.9685842620687,43.26855275794731,7279700
2016-10-10,43.211795806884766,43.45501355472045,43.187474959905636,43.398262849981506,7224300
2016-10-11,42.90371322631836,43.292865287658266,42.757785069167255,43.07396841290998,9720400
2016-10-12,43.09830093383789,43.349627730571314,42.790223423758526,42.97669049513548,6320500
2016-10-13,42.92805862426758,43.07398994705578,42.7010526262178,42.871307897925796,6958100
2016-10-14,43.0334358215332,43.268544547918,42.93614625266917,43.065862585139904,6430100
2016-10-17,42.77400207519531,43.09018854984892,42.71725137036346,42.91993334267191,5223500
2016-10-18,42.65238571166992,43.22800164884028,42.63617078619854,43.163145039635566,6550400
2016-10-19,43.09019470214844,43.56852434879823,42.88751270090161,42.89561862017144,9095300
2016-10-20,43.4469108581543,43.56852128743012,42.89561560608546,43.26044380123126,9286800
2016-10-21,43.479331970214844,43.53608266774346,43.1712545460016,43.30907678494793,6767200
2016-10-24,43.925254821777344,44.15225773172799,43.69014289779549,43.6982519118267,6919700
2016-10-25,43.51176071166992,43.91712462257133,43.373938466450426,43.86037392245963,6052800
2016-10-26,43.479331970214844,43.64958406280069,43.260435097169726,43.455008033644674,5817800
2016-10-27,43.4469108581543,43.64148692645929,43.073976744308226,43.45501677685456,7900000
2016-10-28,43.39826202392578,43.64958877775832,43.05775780197337,43.495551595353376,6620300
2016-10-31,43.025333404541016,43.53609289496397,43.01722748556748,43.53609289496397,9142500
2016-11-01,42.56321334838867,43.13882939619001,42.23081504404185,43.08207869247334,15425800
2016-11-02,42.952369689941406,43.34151876444642,42.40918340657459,42.43350425726805,10851700
2016-11-03,41.97138595581055,42.968580953998526,41.62277269310886,42.96047503535318,21847300
2016-11-04,42.76590347290039,43.56852558132353,41.21741306327611,41.695742723457535,21956800
2016-11-07,44.17656707763672,44.33060427379972,43.12261827513914,43.373945051419305,14916800
2016-11-08,44.281959533691406,44.41978489267203,43.87659556079098,44.103601488638766,9352000
2016-11-09,44.249534606933594,44.44410759011766,42.806436700356386,43.1307291292389,13727800
2016-11-10,43.430686950683594,44.444096676231894,43.3820421704921,44.29816542833846,13621700
2016-11-11,43.72255325317383,43.771198037600584,43.17125806706256,43.3171893276615,8436400
2016-11-14,43.957664489746094,44.160346449816586,43.37393945508507,43.72255267382082,10489800
2016-11-15,44.462642669677734,44.54408975540646,43.90065032133231,44.05540102701976,9588000
2016-11-16,45.15495681762695,45.220116978451074,44.19386619452349,44.25088288874833,10779200
2016-11-17,45.48889923095703,45.529625888876375,44.845459669735575,44.97577689685726,8744500
2016-11-18,45.423728942871094,45.70879682324408,45.13865795549123,45.38300540381879,8741000
2016-11-21,45.69252014160156,45.74139026695261,45.21197478351022,45.21197478351022,8004000
2016-11-22,46.52328109741211,46.54771770700843,45.51332363496303,45.871695136637385,10268700
2016-11-23,46.90609359741211,46.94681714120699,46.34410123622537,46.35224470218145,8183600
2016-11-25,46.77577590942383,46.995686772051094,46.6373121335442,46.995686772051094,3228800
2016-11-28,46.90609359741211,47.126004462313155,46.23007096378957,46.425548323815136,8750900
2016-11-29,47.378509521484375,47.411089611166965,46.83280700083861,46.94683420771932,10582900
2016-11-30,47.21561050415039,47.443664894809906,47.12601682010328,47.39479476523656,9528000
2016-12-01,47.65541076660156,47.66355733854277,46.588439760809294,46.7024669119315,12381600
2016-12-02,46.59659957885742,47.03642140783335,46.07533064392651,46.14049081429684,16870000
2016-12-05,46.83279037475586,47.10971482473036,46.39296864120685,46.39296864120685,7701200
2016-12-06,46.783931732177734,46.995699184866545,46.53958730038975,46.963119098759336,7035700
2016-12-07,47.85905075073242,47.93235439255195,46.79207931725812,46.86538295907765,9094800
2016-12-08,47.76946258544922,48.25815148425867,47.57398516172049,48.05453059192002,7972500
2016-12-09,47.85090637207031,48.01380369601514,47.59027189656181,47.989367077868195,7091300
2016-12-12,47.867191314697266,47.88348135605677,47.51696319298711,47.67986049957448,7736200
2016-12-13,48.3070182800293,48.49434911519957,47.77760275371607,48.04638380440039,8878100
2016-12-14,47.85090637207031,48.25814812842836,47.728732602359685,48.07896076138825,9022900
2016-12-15,47.00383758544922,47.411079296860855,46.84908685363556,47.215605015307574,11837800
2016-12-16,46.96311569213867,47.29705378299418,46.88166858978671,47.248183657378334,10611500
2016-12-19,46.954978942871094,47.223756904694675,46.7839350322471,46.7839350322471,6433800
2016-12-20,46.995689392089844,47.28890389193975,46.68618485258079,47.08528305671147,4888300
2016-12-21,46.783931732177734,47.13415989031013,46.759498221101346,46.832801861338545,5380500
2016-12-22,46.51514434814453,46.75134526396808,46.197496340592295,46.6780416386093,6777700
2016-12-23,46.433692932128906,46.718763959720846,46.33595580321522,46.661750375603916,4298500
2016-12-27,46.31151580810547,46.74319091507364,46.2707922690153,46.417399495345414,4186200
2016-12-28,45.89613723754883,46.344105582324204,45.81469014232104,46.2626553800889,5548700
2016-12-29,45.871700286865234,45.99387402754304,45.72509304085479,45.89613379219788,3780900
2016-12-30,45.22011947631836,45.97758929919875,45.122382336690855,45.83912550330277,8344500
2017-01-03,45.08165740966797,45.57034934056609,44.82916953036133,45.53776925710466,7809300
2017-01-04,45.60292434692383,45.77396510554222,45.10608900397834,45.252696256224795,7796300
2017-01-05,45.9857292175293,46.042742803496246,45.456316903978035,45.67622778142514,7602300
2017-01-06,46.531429290771484,46.645456449503904,45.67622249327127,46.12418766272309,8587800
2017-01-09,47.40293884277344,47.51696603209534,46.62917892050755,46.63732238817002,12640500
2017-01-10,47.142303466796875,47.451804944105035,47.101579915257155,47.419227967077944,6671800
2017-01-11,47.321475982666016,47.337766020644715,46.906090888733814,47.0771316269996,6028000
2017-01-12,47.26446533203125,47.34591552697189,46.94681733928085,47.24003182705268,4733000
2017-01-13,47.11786651611328,47.32148737937567,46.954972311109614,47.26447378622282,4745600
2017-01-17,47.24003601074219,47.44365685561608,46.75949069255951,46.93053145657177,5734700
2017-01-18,47.60655975341797,47.7124434751708,47.26447507814261,47.50067603166513,7375700
2017-01-19,47.15044021606445,47.60655200654054,47.01197953915642,47.492524835673365,7850500
2017-01-20,46.96311569213867,47.40293750165797,46.75949482925097,47.35406737604212,7651600
2017-01-23,47.0445556640625,47.15858593988287,46.5477234438067,46.76763120822768,6814400
2017-01-24,47.598411560058594,47.64728168543825,47.044562567120224,47.183026368858705,10704100
2017-01-25,47.81017303466797,47.997503831419095,47.60655219815491,47.78573642152138,7117600
2017-01-26,47.61469650268555,48.05451826297764,47.451799209206165,47.81017387626229,12382400
2017-01-27,45.70880889892578,46.09161710256556,45.3260038022937,45.40745090191558,28884900
2017-01-30,45.52962875366211,45.80655326709613,45.26899428301926,45.61107586061001,13322000
2017-01-31,44.975772857666016,45.50518518598642,44.69884838652653,45.44817159842896,14308000
2017-02-01,43.90066146850586,45.203833813107586,43.827357829934016,45.1956903452698,18796900
2017-02-02,43.876220703125,44.29975245183385,43.859930661981466,44.014684499341186,15289700
2017-02-03,44.845458984375,44.878035960401725,43.9902488932631,44.15314620142764,14161700
2017-02-06,45.39115524291992,45.40744528222976,44.715135700101825,44.804726255794975,13029800
2017-02-07,45.194801330566406,45.685692188868394,45.14571099633302,45.64478513751122,9910500
2017-02-08,45.17844009399414,45.40752208959744,45.08025942072863,45.15389336517371,11681900
2017-02-09,45.66114807128906,45.914773659470136,45.170254097472416,45.18661754203376,11106800
2017-02-10,45.9965934753418,46.143861363688245,45.45661225840751,45.59569686350799,11179000
2017-02-13,45.90658950805664,46.356573270858895,45.841135735499684,46.22566884675265,8027900
2017-02-14,46.2911262512207,46.315669857351374,45.832959170398105,45.832959170398105,8865900
2017-02-15,46.520198822021484,46.53656226313492,46.07021511492742,46.274753447334476,6967200
2017-02-16,46.413848876953125,46.62657054020118,46.25021754853339,46.60202381228302,8524500
2017-02-17,46.92110061645508,47.10109537995995,46.397482890994894,46.47111682870072,11008400
2017-02-21,47.07655715942383,47.29745899781,46.962016159003184,46.970196321458296,8289200
2017-02-22,47.101104736328125,47.330186756470845,46.9211099370683,47.06019767858956,7876600
2017-02-23,47.15835952758789,47.28108378091873,46.953821186041445,47.12563264389868,7178600
2017-02-24,47.02747344970703,47.21564842277772,46.757484356521644,47.133834302663026,7806200
2017-02-27,46.45475769042969,46.88019791205103,46.35658013805803,46.83111069636926,7702400
2017-02-28,46.528385162353516,46.683836313075815,46.266576311777484,46.3974807370655,8750700
2017-03-01,46.74929428100586,46.96201595601747,46.58566294353727,46.85565511851166,7198000
2017-03-02,46.7329216003418,46.790192088987446,46.51201980656248,46.69201455431027,6595400
2017-03-03,46.716556549072266,46.84746096447007,46.38929707108146,46.38929707108146,7735900
2017-03-06,46.37294006347656,46.479300891060134,46.086587590376034,46.45475416407446,9160000
2017-03-07,45.9802360534668,46.43021993969385,45.83296814582762,46.29113531637268,10890300
2017-03-08,45.6038703918457,46.10294132781243,45.440239093017006,45.93931314999118,13061600
2017-03-09,45.15388488769531,45.65295895956725,44.84298884374847,45.612051913890824,17844200
2017-03-10,44.613922119140625,45.32571811489234,44.52392470903348,45.31753482978688,13886400
2017-03-13,44.69572448730469,44.90026285273313,44.50754956563146,44.64663415603906,9090200
2017-03-14,44.40119934082031,44.78573255834091,44.335745550174884,44.687551872372765,7892900
2017-03-15,44.622093200683594,44.712090586177624,44.25392349684799,44.49936892573574,8712000
2017-03-16,44.8348274230957,44.99027864187337,44.720286390949454,44.87573448871807,8074300
2017-03-17,45.63660430908203,45.92295992599906,44.95753848120888,45.03117242601519,15822100
2017-03-20,45.66114807128906,45.85750316400938,45.415699523876775,45.710235283965176,7948400
2017-03-21,45.44024658203125,46.18476614944913,45.39933953083404,45.85750349785553,8030600
2017-03-22,45.726600646972656,45.84932492582766,45.41570142927922,45.554789153382096,8452100
2017-03-23,45.693885803222656,46.168416477492116,45.63661529026033,45.9393344256428,7357200
2017-03-24,46.479305267333984,46.945652550868424,45.73478564616425,45.906597146201534,15763000
2017-03-27,46.822933197021484,47.002927999444,46.19295450955118,46.356585864389054,8861800
2017-03-28,46.92110061645508,47.060188330347344,46.659291753724986,46.7165622473842,8331600
2017-03-29,47.07655715942383,47.33018276863862,46.74111432061701,46.77383809144563,7001600
2017-03-30,47.58380889892578,47.69834989308801,46.97837391705799,47.002920645098484,8677900
2017-03-31,47.7719841003418,47.99288592788417,47.501995058462036,47.54290211074588,9156700
2017-04-03,47.81288528442383,47.83743200958788,47.36290152251323,47.68198086057697,8989000
2017-04-04,47.7147216796875,47.78835563466576,47.461092918982715,47.755628738895744,6474800
2017-04-05,47.63290023803711,48.491960833369674,47.297457410487894,47.42017856924507,13656200
2017-04-06,47.387454986572266,47.74744456780986,47.232006926224955,47.55926961443944,9112500
2017-04-07,47.469268798828125,47.657443738639984,47.08473563603411,47.289274021178485,6773800
2017-04-10,47.4119987487793,47.62471729809639,47.232003969428455,47.45290580199319,5266300
2017-04-11,47.3547248840332,47.58380686255398,46.945648138955875,47.24018389477281,5855100
2017-04-12,47.1092643737793,47.371073157100184,47.02744717836222,47.35470971801677,5450300
2017-04-13,47.0520133972168,47.28109853351274,47.00292617737425,47.13383063196834,4871700
2017-04-17,47.518367767333984,47.65745239641534,47.191105043246985,47.191105043246985,5626000
2017-04-18,47.7392578125,47.8456186465865,47.11746249531876,47.11746249531876,5449300
2017-04-19,48.30378341674805,48.6719531161608,47.86197977745273,47.94379387909649,12000600
2017-04-20,49.1546745300293,49.36739311331524,48.72923424244882,48.851955421687734,12445900
2017-04-21,49.58829116821289,49.65374183457263,49.21194125387144,49.25284831047232,8800000
2017-04-24,49.997352600097656,50.21825438301649,49.81735786119918,49.90735523064841,10721300
2017-04-25,49.874637603759766,50.079175982831295,49.023757197780284,49.621012011156175,11031500
2017-04-26,50.365535736083984,50.52098379342386,49.89100515945451,50.0955435553793,8525400
2017-04-27,50.15281295776367,50.67643074049792,50.06281556616719,50.422805132553115,15285300
2017-04-28,49.13829803466797,49.236475576192596,48.26287408030459,48.606497036144674,25046100
2017-05-01,49.236488342285156,49.580111387220214,48.892862176341524,49.089220431310544,10910300
2017-05-02,49.49828338623047,49.5146468296394,49.12193355084809,49.21193092909338,9152100
2017-05-03,49.57191848754883,49.63736914171699,49.30192634645975,49.514647994773775,7706400
2017-05-04,49.768280029296875,49.78464035318013,49.40829048370556,49.6210121462837,6874300
2017-05-05,49.866458892822266,49.89918578346789,49.563742956870406,49.866458892822266,6443300
2017-05-08,49.858280181884766,49.96464102573278,49.66192506202051,49.96464102573278,5588400
2017-05-09,50.09651565551758,50.1786699071572,49.759691058455815,49.7679080505519,5806600
2017-05-10,49.83363723754883,50.09652462212038,49.46395087366234,50.01437348964107,7198400
2017-05-11,49.51322937011719,49.71039328561253,49.31606232075791,49.66110387367066,5516900
2017-05-12,49.23392105102539,49.57074568001971,49.15176992546173,49.52145312436278,5647500
2017-05-15,49.66112518310547,49.6939868944102,49.39823776039821,49.636477332694284,5904100
2017-05-16,49.274993896484375,49.86649199629054,49.19284277545102,49.850061145310995,6303500
2017-05-17,49.06960678100586,49.55430585534202,48.921732274675236,49.266773834068026,7581200
2017-05-18,49.143550872802734,49.24213284612012,48.36310267720109,49.06961360934859,8602400
2017-05-19,50.40869903564453,50.86875034123539,49.2421336524724,49.2421336524724,12531000
2017-05-22,50.30189514160156,50.70444312843346,50.137589776897435,50.137589776897435,6391600
2017-05-23,50.23617935180664,50.52371141525826,49.99793670845275,50.44156029251907,5622500
2017-05-24,50.84410858154297,50.93447670291811,50.06366032787049,50.441563665790575,7249300
2017-05-25,51.673851013183594,51.8463702682027,50.85232716962815,50.94269215997284,8931800
2017-05-26,52.0024528503418,52.10103482305334,51.731351641918934,51.76421021024651,6098000
2017-05-30,51.96959686279297,52.09282669263121,51.764215902305715,51.81350846101397,7094600
2017-05-31,52.25712203979492,52.25712203979492,51.82171549011865,51.97780386188497,7314600
2017-06-01,52.37213134765625,52.429637750975935,52.043520642517535,52.17496429780024,6058300
2017-06-02,53.04579162597656,53.13615974558346,52.3310667959673,52.47894133098502,7840400
2017-06-05,52.79932403564453,53.29224325670542,52.725389913122356,53.27580927321498,6808900
2017-06-06,52.70896911621094,52.865054373489066,52.61860099833614,52.7582585376957,5448400
2017-06-07,52.1667594909668,52.82398101526742,52.035315812879574,52.684317210636486,8365000
2017-06-08,51.13164138793945,52.232483377241856,50.95090515370839,52.11746741572649,11289300
2017-06-09,51.09056091308594,51.32880355284758,50.82767356364702,51.238435438878376,11240500
2017-06-12,50.35118865966797,50.92625588026164,49.80898313942005,50.770164370551456,11071600
2017-06-13,50.047218322753906,50.32653648391251,49.77611715290629,50.21152367647026,9384900
2017-06-14,49.51322937011719,49.96506673814661,49.17640480843737,49.84183694056407,9703300
2017-06-15,49.365360260009766,49.521448637985785,48.88887500008675,49.22569959856657,7516000
2017-06-16,49.406436920166016,49.4228677709293,48.856017521985564,49.20105598642149,11522400
2017-06-19,50.03078842163086,50.11293952796724,49.38178402643643,49.57894793518928,6778000
2017-06-20,49.176414489746094,50.11295110738379,49.04497080891738,50.096520255547134,6985700
2017-06-21,49.25856399536133,49.5460991922514,49.05318305495319,49.291425697954104,6027600
2017-06-22,48.888877868652344,49.3735770152816,48.79851288696253,49.365363156533235,5602000
2017-06-23,49.13533401489258,49.43107991679226,48.946383938457686,49.094255322475405,6469500
2017-06-26,48.995689392089844,49.414668374513965,48.74101896538622,49.30786938022827,5674600
2017-06-27,48.43704605102539,49.036758092978936,48.313819352299625,48.91353139425318,5652400
2017-06-28,48.61777877807617,48.6752851934183,48.30559885631562,48.51919679947032,5419200
2017-06-29,47.94411849975586,48.617767610915095,47.615507801396475,48.609550619830976,7421200
2017-06-30,47.903053283691406,48.428828007440636,47.886622431841175,48.207016208259326,8117100
2017-07-03,47.853759765625,48.4616887363977,47.853759765625,48.38775147149108,4575300
2017-07-05,47.599082946777344,48.05913735563784,47.48407012802829,48.00163094626331,7773600
2017-07-06,47.319766998291016,47.58265434898096,47.15546475450812,47.48407237593833,8886600
2017-07-07,47.68123245239258,47.94411976446921,47.270470635539844,47.47585154396621,7278300
2017-07-10,47.492286682128906,47.935907102660316,47.442994131463536,47.79624957657145,4832100
2017-07-11,47.56623458862305,47.71410913985579,47.2622684922752,47.574448448640446,5422300
2017-07-12,48.09199905395508,48.23165658132494,47.66480634586283,47.8208947236052,7141900
2017-07-13,47.96056365966797,48.36310859472202,47.7469657018368,48.30560217542858,8460200
2017-07-14,48.272743225097656,48.404186924396555,47.878412127200946,47.976997252073865,5441400
2017-07-17,47.91947555541992,48.36309594048646,47.87839686621732,48.248083131992765,6774500
2017-07-18,47.820899963378906,48.12486602777959,47.39370720847881,47.74696269553341,7857500
2017-07-19,47.7387580871582,47.985214649779785,47.56623880670961,47.77161979787181,8203600
2017-07-20,47.673011779785156,48.338446999892746,47.64836707551352,47.98519161396864,10546700
2017-07-21,47.63195037841797,47.86197604359189,47.50872368658822,47.582657821367285,6717200
2017-07-24,47.66481018066406,47.85376027435313,47.59087291497143,47.64837932896964,7442600
2017-07-25,48.10021209716797,48.338454722735904,47.63194383801124,47.829110905276075,7933100
2017-07-26,47.599082946777344,48.33845554425594,47.46763927765496,48.30559384350928,8775900
2017-07-27,48.88066482543945,49.01210850465748,47.590872743779876,47.85376010221594,23286700
2017-07-28,44.36228561401367,45.97247152491333,43.87758644213561,45.37275952138023,53454800
2017-07-31,44.345855712890625,44.920923017363975,44.32121100096874,44.75661762553378,20299400
2017-08-01,44.96199417114258,45.01128672401551,44.33763750407403,44.83055049734581,18120900
2017-08-02,45.537071228027344,45.55350208252424,44.912711292605366,44.978434710592964,14764900
2017-08-03,45.7424430847168,46.10391240995526,45.594568557604596,45.70958138227754,13331500
2017-08-04,45.54527282714844,46.04640278586753,45.25774078552153,45.980682519437465,9179800
2017-08-07,45.701377868652344,45.94783442500624,45.528855458725985,45.67673001931135,7253900
2017-08-08,44.99166488647461,45.86641224828467,44.8596278458251,45.84165313890507,11095300
2017-08-09,44.34799575805664,44.917405047498775,43.984891444778626,44.917405047498775,16717700
2017-08-10,43.79507827758789,44.35623649814958,43.729061329998444,44.16643344531422,13235300
2017-08-11,43.88584518432617,44.06739726136143,43.77856412534982,43.77856412534982,9235000
2017-08-14,43.91886520385742,44.23245121978949,43.8858551554399,44.23245121978949,7426500
2017-08-15,43.86110305786133,44.08391303428337,43.64654087225319,44.07566209545771,6674600
2017-08-16,44.14993667602539,44.496532798697956,43.94362856071686,43.951879500203916,7667100
2017-08-17,43.77032470703125,44.380994884644686,43.729063719032226,44.00138875823508,7451700
2017-08-18,43.489742279052734,43.81158236822264,43.39071528577231,43.67129124206496,10370500
2017-08-21,43.86110305786133,44.166438162598716,43.572269830775255,43.85284897102392,12753200
2017-08-22,44.933902740478516,45.173220880981184,44.059155303474796,44.14168042848173,14547600
2017-08-23,44.628562927246094,44.64506480249031,44.273712797280815,44.529532787713016,11838500
2017-08-24,44.513038635253906,44.93390896102451,44.37275062533842,44.77711277581064,8716700
2017-08-25,44.85962677001953,45.131951782573374,44.71933564693745,45.07418577542525,8601100
2017-08-28,44.892635345458984,45.04117740126175,44.579046211207455,45.00816735596976,6643700
2017-08-29,44.64506530761719,44.80186145631295,44.56254333841724,44.595553385301756,6212400
2017-08-30,44.99166488647461,45.074186856376286,44.595553764526095,44.595553764526095,5596600
2017-08-31,45.272239685058594,45.379520754135285,45.03292158789177,45.12369763495581,8245300
2017-09-01,45.33000564575195,45.519808676703526,45.28874466476441,45.305249686761634,7696300
2017-09-05,45.495059967041016,45.55282597923042,45.057684684449264,45.34651789340783,9160500
2017-09-06,44.81837844848633,45.61885183712816,44.669836345849255,45.486814762341,11372300
2017-09-07,44.12517547607422,45.123705880213656,43.9436233487719,44.90914370285426,13801900
2017-09-08,44.14167785644531,44.38099283499199,43.77857362359533,44.05915273624693,11774500
2017-09-11,44.579044342041016,44.66982038878222,44.24069926201265,44.389241311587156,9314100
2017-09-12,44.182945251464844,44.60381240748511,44.00964719592778,44.546046388972755,10339400
2017-09-13,44.8018684387207,45.15671862800455,44.14168313819674,44.191195068228645,12787900
2017-09-14,44.99992370605469,45.14846579630414,44.645073506904545,44.876140729521424,8260800
2017-09-15,45.11544418334961,45.21447431681586,44.69457713415693,44.92564114955596,10744800
2017-09-18,45.1319580078125,45.36302521628836,45.032931003043835,45.22273407385533,6348400
2017-09-19,45.07417678833008,45.288738898966706,45.0246648766529,45.255728859174816,5187100
2017-09-20,45.511566162109375,45.536322125681046,45.04118396617776,45.04118396617776,7080000
2017-09-21,45.396034240722656,45.52807130258869,45.27225126597993,45.429044293192135,7178500
2017-09-22,45.4620475769043,45.552823633673945,45.27224452548203,45.42903752934962,6950000
2017-09-25,45.34652328491211,45.56933642185341,45.14021517456038,45.371279250790494,10242700
2017-09-26,45.495059967041016,45.56933100385761,45.222731782709644,45.43729395485162,8021900
2017-09-27,45.37953186035156,45.88292098888738,45.354772747267496,45.5940909030052,8671300
2017-09-28,44.97515869140625,45.453794918800575,44.93389770753015,45.23098182825611,7607500
2017-09-29,44.32321548461914,44.95039364561547,44.034385507851525,44.818356635091604,11944400
2017-10-02,44.40574645996094,44.59554949095515,44.35623139395812,44.447007440957755,5956000
2017-10-03,44.55429458618164,44.84312464056048,44.48002355105401,44.562545524301825,6137100
2017-10-04,44.5047721862793,44.727585254978834,44.30671507587605,44.66156516884076,5569100
2017-10-05,45.05768585205078,45.363024093548916,44.49652759223084,44.61206276761513,7994300
2017-10-06,45.52806091308594,45.75912807963087,44.76884876761143,44.983407763676915,10576300
2017-10-09,45.40427780151367,45.792137958080495,45.35476273428882,45.69310782363079,5822900
2017-10-10,45.734371185302734,46.0892213155166,45.453795233796356,45.47029710905213,6573900
2017-10-11,45.91592788696289,46.04796493829805,45.60233870953752,45.76738581070938,8881900
2017-10-12,46.1882438659668,46.435812878272465,45.643590779690015,45.940671705650345,7234300
2017-10-13,45.98195266723633,46.56786694542684,45.89117659495094,46.213016743590465,6231100
2017-10-16,45.31351089477539,46.047967226067456,45.29700586903704,45.940686132774026,7256900
2017-10-17,44.98341369628906,45.57758199146451,44.801864721216674,45.272246905560046,11227300
2017-10-18,45.561073303222656,45.742625411707884,44.74409511106175,44.94214909485354,8299500
2017-10-19,45.717864990234375,45.833396994176155,45.30524889157887,45.45379093893573,5720200
2017-10-20,45.032920837402344,45.71786507346269,44.711080783546905,45.643594049649046,11741100
2017-10-23,44.78536605834961,45.33827029644691,44.71109501090245,45.197982289053385,10111100
2017-10-24,44.793609619140625,45.024676810920006,44.579050599643516,44.86788065435337,7818500
2017-10-25,44.69459533691406,44.88439844800878,44.28197905679188,44.76061545277956,8281200
2017-10-26,45.31351089477539,46.00670623572745,44.97516573716854,44.97516573716854,12211400
2017-10-27,45.28873825073242,45.486792190627625,45.123691202146006,45.24747727558847,9922600
2017-10-30,45.52806091308594,45.57757598049081,44.89263486211804,45.21447493022185,6430900
2017-10-31,45.255741119384766,45.64360132198784,45.14020909682509,45.51981521323875,8857800
2017-11-01,45.495059967041016,45.87466608943181,45.338263807088445,45.47030085609444,7189800
2017-11-02,45.28049850463867,45.70961970763722,45.19797652822079,45.51156570502965,16879000
2017-11-03,46.237770080566406,46.988731434032275,44.603810316366335,44.694586383490524,28773800
2017-11-06,46.68339538574219,46.78242238968887,45.907678083471716,46.204762243323465,10835700
2017-11-07,47.21979522705078,47.2775612386733,46.48533895241174,46.48533895241174,11167400
2017-11-08,47.78919982910156,47.871721795514446,47.0382386019039,47.06299456222552,13533700
2017-11-09,47.335330963134766,47.582900053508624,46.86494874702089,47.203293905067916,14778900
2017-11-10,47.07124328613281,47.360073283690625,46.65862720504401,47.33531732618877,7930300
2017-11-13,46.74114227294922,47.15375829322315,46.6668712633795,46.88143335680777,7648200
2017-11-14,46.98047637939453,47.03824239013799,46.55135519386347,46.600870266505645,7758200
2017-11-15,47.03854751586914,47.33720546274579,46.880920730190844,47.138099109931986,8880500
2017-11-16,47.486534118652344,47.635859926404045,47.080026768191104,47.22105792844641,8310200
2017-11-17,47.22936248779297,47.644164545009005,47.15469799090654,47.48654090255479,6310800
2017-11-20,47.12980270385742,47.32890588455411,46.9389941704031,47.01365548964836,6360100
2017-11-21,47.50312042236328,47.752004137216076,47.1878732023421,47.25423987219838,6284300
2017-11-22,47.40357208251953,47.43675700206489,47.12150659576022,47.34550005565921,7308500
2017-11-24,47.12150192260742,47.44504694436763,47.04683744337908,47.44504694436763,3479000
2017-11-27,46.383174896240234,47.22107382166389,46.25043833880611,47.14641247500329,10580300
2017-11-28,47.00537109375,47.05514848212406,46.38316798017335,46.482719592232776,9734400
2017-11-29,47.71052932739258,47.851563666864244,47.03855204687971,47.04684669523055,10017900
2017-11-30,47.96771240234375,48.23318548105669,47.677352211466705,47.818383399981634,11509200
2017-12-01,47.55290222167969,47.87644728345926,46.83944225740259,47.7022311986069,12756400
2017-12-04,48.74753189086914,49.10426188046069,47.70223219522785,47.735417116280146,13302100
2017-12-05,49.228702545166016,49.51076803781888,48.8719725643201,49.154038056972965,11295600
2017-12-06,49.178932189941406,49.635216996683084,49.13745261606179,49.261894502389275,8458200
2017-12-07,49.06278991699219,49.17893399399112,48.74753944750311,49.046197453893946,6033800
2017-12-08,48.62308883666992,48.822192015805804,48.19998904280222,48.54842435332198,9950500
2017-12-11,49.00470733642578,49.23699544045301,48.357617238242455,48.440576371198446,10286600
2017-12-12,49.17063903808594,49.24530353921793,48.838796107568484,48.938350885536956,6042900
2017-12-13,49.35315704345703,49.684996836699405,49.19553021432959,49.31167430019887,7726300
2017-12-14,49.52735900878906,49.8177191404272,49.311660198410955,49.55224611587574,8945900
2017-12-15,48.357627868652344,49.253598727352106,48.24977844035067,49.15404711298297,22595000
2017-12-18,48.14191818237305,48.77241898248489,48.02577413095457,48.48205568925063,8751600
2017-12-19,48.12533187866211,48.598209121575955,48.058965197086,48.22488664805895,7945700
2017-12-20,47.893043518066406,48.35762294564083,47.85985859509214,48.29955091278008,7188700
2017-12-21,47.76859664916992,48.2414706444174,47.69393216756832,48.06725141088841,5974500
2017-12-22,47.536319732666016,48.04237879788217,47.38699072441572,47.76031324504147,7148700
2017-12-26,47.40357208251953,47.76859986814223,47.328907595886534,47.511421488697884,5546200
2017-12-27,47.51142120361328,47.82667160802634,47.436756717428295,47.44505136492081,4812200
2017-12-28,47.95942306518555,48.11704673416457,47.53632312340063,47.6773574922253,5044500
2017-12-29,47.64414978027344,48.09213662276264,47.63585196947499,47.9013281153367,5365600
2018-01-02,47.810081481933594,48.29125017718719,47.68563961065532,48.07555452028487,7216000
2018-01-03,48.70604705810547,48.91344804523556,47.951107591539454,48.05895699095972,7478400
2018-01-04,48.8885612487793,49.286770766825846,48.722639825087924,48.93833862529309,5775900
2018-01-05,49.45269775390625,49.51906443203624,49.00471080894774,49.15403979060058,6047700
2018-01-08,49.20382308959961,49.502477924131,48.58161997945404,49.34485427551538,6335800
2018-01-09,49.09598159790039,49.336567598892,48.830508481181774,49.11257406328145,5233400
2018-01-10,49.62691879272461,49.88409721225705,48.830499587621595,49.7762477892675,8656500
2018-01-11,49.77623748779297,49.79282994671812,49.319955943759126,49.37802796765318,5806300
2018-01-12,50.10810089111328,50.19935470560173,49.48589766728996,50.10810089111328,6989100
2018-01-16,50.24082565307617,50.68880946385488,50.025126813915584,50.05001708901166,8040700
2018-01-17,50.32378387451172,50.87962025936396,50.20763980848874,50.605849391148276,8433800
2018-01-18,50.680511474609375,50.970871625853185,50.390151323365565,50.96257697782692,9170900
2018-01-19,50.8215446472168,50.9874660964773,50.56436940731702,50.780065076073775,8361900
2018-01-22,50.94597625732422,50.99575363147641,50.41503025845193,50.63902369510513,11945800
2018-01-23,51.17827224731445,51.36078614938174,50.72199065683452,50.87131963767352,10806800
2018-01-24,50.464820861816406,51.385678789874,49.96705648387025,51.02894875998693,11911900
2018-01-25,50.23253631591797,50.771780340121516,50.108097578194176,50.63074597307437,16225600
2018-01-26,48.10873031616211,48.25805610280891,46.914098705486495,48.067247590478814,51851700
2018-01-29,47.30401611328125,48.40738768626126,47.21275917531621,47.743705180180676,18899900
2018-01-30,47.44505310058594,47.73541640845562,47.0717338206921,47.25424455439694,14341200
2018-01-31,47.12980270385742,47.66074873863258,47.03854576075145,47.47823485242062,13118400
2018-02-01,46.45783233642578,46.80626455989841,46.36657537370047,46.69012048540753,14690100
2018-02-02,46.26702880859375,46.72331050730122,46.208956765014015,46.37487824582283,15358900
2018-02-05,45.37104034423828,46.67351833441917,45.27148875315175,46.06790781122006,16060000
2018-02-06,46.134281158447266,46.50760360928536,44.43359350983845,44.54143975643414,17415100
2018-02-07,45.42529296875,46.23437468691418,45.40861051063951,45.942439624614494,13927000
2018-02-08,44.849761962890625,45.70054822555161,44.83307950497333,45.4586573585311,17736700
2018-02-09,45.5253791809082,45.92574855492566,44.74966252442033,45.20841889994953,19382000
2018-02-12,46.19267272949219,46.4846078082043,45.50036499732671,45.75893833979581,10969000
2018-02-13,46.4345588684082,46.4762666055524,45.89239328592339,46.084236785742966,10416400
2018-02-14,46.701473236083984,47.2936861713784,46.117599938787265,46.26773887757366,14190300
2018-02-15,47.193603515625,47.402129505322485,46.62641256909951,47.0100996264979,10294900
2018-02-16,47.11017990112305,47.5856187889487,46.99340588402248,47.2519791946404,10151300
2018-02-20,46.684783935546875,47.16022277806656,46.568009929574046,46.951696858299925,9450900
2018-02-21,46.79322814941406,47.3270573253831,46.593044992547846,46.651432011788316,7851000
2018-02-22,46.209346771240234,46.82658173432827,46.09256957917331,46.66810317501716,10172400
2018-02-23,46.82658767700195,46.83493049699208,45.70888843734142,46.41787858938521,11394400
2018-02-26,47.68571472167969,47.835853666534334,46.97672773464111,47.06013684540319,8713800
2018-02-27,47.18525695800781,48.077747868696115,47.176917319096056,47.78581277897708,8821400
2018-02-28,47.6273193359375,48.31128410589217,47.40211414009528,47.41045377696411,11541100
2018-03-01,46.85159683227539,48.011003487937,46.568004668013785,47.543904334968595,11127600
2018-03-02,47.485530853271484,47.71073926709207,46.44290107550222,46.47626599203569,11555100
2018-03-05,47.535587310791016,47.894249095568576,47.27701393103082,47.40213080101089,7835400
2018-03-06,47.568931579589844,47.75243540633115,47.16022256056985,47.75243540633115,8046800
2018-03-07,47.568931579589844,47.68570558502413,47.22694920002387,47.22694920002387,7044100
2018-03-08,47.935951232910156,48.21120386007328,47.652355785068686,47.78581227923798,7434700
2018-03-09,48.76170349121094,48.903502780453465,48.102760778176226,48.102760778176226,9539600
2018-03-12,49.5457763671875,49.7793244571835,48.77839907142994,48.93687767794807,10550300
2018-03-13,49.25382995605469,50.630102532394794,49.12037347207078,49.79599871203196,10411400
2018-03-14,49.07032775878906,49.81267962681361,48.970233012512395,49.44567192083943,6488500
2018-03-15,49.520748138427734,50.104621510532766,49.061991625293025,49.15374356429075,7377000
2018-03-16,49.21213150024414,49.75430032341214,49.162084119352734,49.52909188218177,13030900
2018-03-19,48.62825393676758,49.08701041901135,48.211202010754384,48.9618967503196,9350600
2018-03-20,48.92852783203125,49.19544078830769,48.75336680107235,48.75336680107235,5888400
2018-03-21,48.77005386352539,49.67088438055302,48.703324027228824,49.00360192685594,6569100
2018-03-22,48.18617630004883,48.97857553642497,48.16949384243682,48.40304188529796,6846500
2018-03-23,46.968379974365234,48.319627062540945,46.968379974365234,48.194510236179845,9476800
2018-03-26,48.21119689941406,48.37801828850371,47.16856719492045,47.51054961072022,8444900
2018-03-27,47.92760467529297,48.7950734106833,47.66069170776572,48.46143061034746,7562900
2018-03-28,48.29460144042969,48.46141962091525,47.727410717590814,47.96095871575288,9301900
2018-03-29,48.2862663269043,48.494792267636726,47.40211837458495,47.760780065339645,12015200
2018-04-02,46.909996032714844,48.15280883129525,46.192666302705774,47.977647808438135,16778300
2018-04-03,48.378021240234375,48.41972579458801,47.085160964150546,47.16857007285781,10908200
2018-04-04,49.07032775878906,49.18710178092504,47.71907732073526,47.75244223616081,7893100
2018-04-05,49.32889175415039,49.437326124849804,49.095343738969866,49.212117746560125,6305100
2018-04-06,48.661624908447266,49.32890743671372,48.45309891949812,49.0286295035303,8264500
2018-04-09,48.96189880371094,49.52074688071613,48.728347551688245,48.82844230906389,8023800
2018-04-10,49.55411148071289,49.620841318533586,49.10369462098461,49.30388095259289,6545000
2018-04-11,49.562442779541016,49.80433362815687,49.21212073549317,49.37059930086912,5508000
2018-04-12,49.5707893371582,50.146319816577375,49.56244651727841,49.762632830297925,6088200
2018-04-13,49.41230392456055,49.67087403170276,49.17875272803631,49.212117639233064,6689800
2018-04-16,49.5707893371582,49.7876549262303,49.07866796541595,49.32055883227393,6119200
2018-04-17,49.90443801879883,50.04623415494799,49.54577308614006,49.837708179302375,6139600
2018-04-18,49.62918472290039,49.90444055201482,49.579137340737574,49.82102824841013,5914200
2018-04-19,49.395633697509766,49.620842131061636,48.98692138879996,49.56245193108551,6280100
2018-04-20,48.378021240234375,49.362263995877086,48.21119984096631,49.23714715096265,12037600
2018-04-23,48.511470794677734,48.98690964648287,48.11944103966705,48.38635396763298,8444400
2018-04-24,48.219539642333984,48.92852656752271,48.086083167644816,48.778387635765725,7793600
2018-04-25,48.13613510131836,48.603234428805834,47.78581299209314,48.603234428805834,8367400
2018-04-26,49.52908706665039,50.196369504388535,48.25290602375669,48.469774804680114,14516600
2018-04-27,48.67829513549805,49.19543856720368,47.960965404696495,48.436404285464356,11975200
2018-04-30,48.01935958862305,48.80341608172754,47.927607653736125,48.70332450814806,7854600
2018-05-01,48.486446380615234,48.58653792834709,47.91091282198799,48.102756280912764,7257500
2018-05-02,47.293678283691406,48.453081865067176,47.15187900655213,48.42805977339381,7299100
2018-05-03,46.818241119384766,47.185245598370265,46.326119813867365,47.143541050143995,7152400
2018-05-04,48.11111068725586,48.3196366513366,47.11852824369889,47.16023280014429,9279200
2018-05-07,47.91925048828125,49.245475285086044,47.76911159189938,49.203770743169436,10630600
2018-05-08,48.102760314941406,48.13612522760107,47.54391234623138,47.91925965901964,7234000
2018-05-09,47.826072692871094,48.31238101767478,47.61645631872474,48.15307372478068,7015300
2018-05-10,48.3375358581543,48.37945849215821,47.80930171392751,47.94345606183521,6565800
2018-05-11,48.01891326904297,48.513607977081854,47.85121955134491,48.396223334240695,5843400
2018-05-14,47.901527404785156,48.22014194194649,47.78414276493714,48.09437405574856,5871800
2018-05-15,47.49068069458008,47.876374018660215,47.247524956076276,47.79252875637905,7415800
2018-05-16,47.918304443359375,48.06922848873153,47.61645635261505,47.64999574014043,4843900
2018-05-17,47.96023178100586,48.08599969881947,47.77576833002174,47.96023178100586,6110100
2018-05-18,47.92667770385742,48.119524344204194,47.67513874681779,48.01890940108661,7786000
2018-05-21,48.0776252746582,48.480088442817156,48.010546480718574,48.127934370112925,5379300
2018-05-22,47.75899887084961,48.31238602804689,47.71707623137104,48.21177105359985,5355600
2018-05-23,48.20338439941406,48.27045997814225,47.59130175200108,47.624841140611245,5339900
2018-05-24,48.362693786621094,48.41300287170946,47.89315192127317,48.161460644759906,5681600
2018-05-25,48.56391906738281,48.94961561904512,48.27884387472889,48.36268914333393,6783800
2018-05-29,47.985389709472656,48.53039367208901,47.800926239326934,48.37946959624118,6475900
2018-05-30,48.19499206542969,48.34591609724613,47.91830013942737,48.1530694340344,5762400
2018-05-31,47.515830993652344,48.186605848601275,47.41521604480663,47.943450123606866,9433000
2018-06-01,47.717071533203125,47.81768649774373,47.46553252260558,47.658379204013436,4967700
2018-06-04,47.85123825073242,47.96023968960567,47.62485212314623,47.87639119874437,7484100
2018-06-05,46.685752868652344,47.540987944731185,46.35036543542831,47.5326014997302,18278800
2018-06-06,47.93507385253906,47.94346029917622,46.63545289260284,46.81991633671367,13709800
2018-06-07,47.9099235534668,48.58069538930525,47.86800091344422,48.035694672026935,7919800
2018-06-08,47.4571418762207,47.842838403392186,47.390066305294205,47.725450556910225,8433500
2018-06-11,47.356529235839844,47.574532048615566,47.180452255246166,47.465530642227705,7181700
2018-06-12,47.356529235839844,47.70868639551911,47.205605195761855,47.45714419639452,8249700
2018-06-13,47.13014221191406,47.54099169005604,47.10498927191275,47.381681207402764,8283200
2018-06-14,47.80929946899414,47.851222101029535,47.21398977801284,47.33975767411903,11049700
2018-06-15,47.8847541809082,47.96859943218783,47.339750452116704,47.8260618653142,12408300
2018-06-18,47.97698974609375,48.06083500413609,47.04629266876257,47.59967968792009,9676900
2018-06-19,48.1530647277832,48.21175704569865,47.23913737932508,47.49906278615881,9965500
2018-06-20,43.78466796875,46.12398420463681,43.24805057846066,45.97306336229839,62091100
2018-06-21,42.443115234375,44.12843238351531,42.225115650131094,43.843354035816986,30723000
2018-06-22,42.962974548339844,43.36543761314845,42.61081736757473,42.761741416689475,24429600
2018-06-25,42.47665786743164,43.130659868714716,42.09934779034843,42.89589057563705,15578600
2018-06-26,42.24189376831055,42.45151014818715,42.01550769422476,42.35089198293205,12930600
2018-06-27,41.78911209106445,42.36765201614359,41.78911209106445,42.35926877019667,14576900
2018-06-28,40.699119567871094,41.487276052841935,39.718113186973326,41.462123109239435,33210100
2018-06-29,40.95903396606445,41.30280465594749,40.31341841555793,40.31341841555793,17413000
2018-07-02,41.13511657714844,41.16865276466043,40.70749740182863,40.78295942109143,9870900
2018-07-03,40.8919677734375,41.336353518763424,40.88358132626582,41.21058559762016,7517500
2018-07-05,40.75780487060547,41.10995881425794,40.58172789877923,41.01772710563703,9630500
2018-07-06,41.06804275512695,41.24411975513231,40.73265845013947,41.00096717352637,10712000
2018-07-09,41.83942413330078,41.965192022383874,41.26088096864703,41.26088096864703,12811700
2018-07-10,42.275421142578125,42.35088315153735,41.889727851671594,41.99034599594487,9038000
2018-07-11,42.0406608581543,42.325739264230606,41.94004589086035,42.10773963534503,9542400
2018-07-12,42.13288116455078,42.47665180830199,42.09095853940868,42.22511285895815,9339200
2018-07-13,43.281593322753906,43.30674946569757,42.141279596409085,42.141279596409085,21718400
2018-07-16,42.7114372253418,43.22290176163627,42.50182082184357,43.22290176163627,16974900
2018-07-17,42.99650573730469,43.013275429532754,42.42634899551741,42.47665807220161,11421300
2018-07-18,42.887508392333984,43.281584972845,42.7617372973568,43.04681567394552,13549500
2018-07-19,43.046817779541016,43.172588880670176,42.76173938900795,42.853971103370405,11415600
2018-07-20,42.686283111572266,42.96297829188965,42.552128744946614,42.81205422962424,11024100
2018-07-23,42.921043395996094,42.98812216439961,42.56050301205649,42.56050301205649,8406800
2018-07-24,42.904266357421875,43.36542481500285,42.812037864396856,43.013267738167485,9921500
2018-07-25,43.281593322753906,43.3654418017454,42.770128795629326,42.770128795629326,11368000
2018-07-26,43.139041900634766,43.46604286782201,43.04681020250679,43.331888542860796,11114800
2018-07-27,43.72597885131836,44.103285782598725,42.099353669297216,43.18097497514778,15770300
2018-07-30,43.516361236572266,44.312900912062155,43.39897337847081,43.7679002498055,14448400
2018-07-31,43.92721176147461,44.17875079885134,43.474439575101066,43.62536363722558,9228200
2018-08-01,43.54151916503906,43.80144465429414,42.97136229721612,43.80144465429414,11952400
2018-08-02,43.33189392089844,43.89366422686778,43.122277562224774,43.68404786819412,13636400
2018-08-03,43.793052673339844,43.97751610682427,43.24805201753265,43.348666981936866,8246100
2018-08-06,43.65889358520508,43.82658730668212,43.43250754098483,43.68404652395454,6505800
2018-08-07,43.65889358520508,43.776278230691496,43.43250754098483,43.66728003044937,5869400
2018-08-08,43.52381134033203,43.84464732563854,43.36339495805867,43.76021832881251,7257200
2018-08-09,43.83620834350586,43.92064057235927,43.329627853426224,43.50693070287808,7175400
2018-08-10,43.49004364013672,43.59136231332346,43.22831178630472,43.55758942226121,10539300
2018-08-13,43.743324279785156,43.869967753005106,43.456261231423696,43.582904704643646,7911300
2018-08-14,44.40188980102539,44.52853652478915,43.72644812272529,43.77710423562281,9385400
2018-08-15,44.53697204589844,44.697388416068996,44.15703514732654,44.16547997882788,9566000
2018-08-16,44.78182601928711,45.05200268618924,44.68050735362887,44.73116668645799,8721200
2018-08-17,45.22085952758789,45.26307402380949,44.705834299709416,44.705834299709416,8166900
2018-08-20,45.52481460571289,45.72744873568869,45.33907014239199,45.34751175495921,9791200
2018-08-21,45.592350006103516,45.96384206890205,45.55013551136088,45.73587993238039,7990000
2018-08-22,44.5960807800293,45.288408929239104,44.46099243922641,45.21242153623997,10369600
2018-08-23,44.46097946166992,44.9084588560738,44.37655048109683,44.545408442243016,8567600
2018-08-24,44.53697204589844,44.680501973825855,44.25835058002587,44.59607298336967,9849800
2018-08-27,44.722721099853516,44.90002391785731,44.587632778408775,44.73960754262907,6443200
2018-08-28,44.79026412963867,45.1448729902017,44.73116318967145,44.76493607558405,7171900
2018-08-29,44.95912551879883,45.11954189638772,44.511646051320554,44.80715075234212,6604900
2018-08-30,44.83248519897461,45.09422027202748,44.72272813480805,44.849371644406425,5576400
2018-08-31,45.127986907958984,45.347504226626214,44.28368407795324,44.29212568911903,10892800
2018-09-04,45.195526123046875,45.33061443704464,44.92534949505135,45.119538745125666,8235200
2018-09-05,45.41505432128906,45.57547071478401,44.992902866108665,45.14487764763441,7966300
2018-09-06,45.769657135009766,45.887859019745726,45.296849596065904,45.305291207507125,7803400
2018-09-07,46.31845474243164,46.402883738901906,45.72744210486049,45.7612149917525,10231700
2018-09-10,46.41132736206055,46.52952924234385,46.07360494345711,46.3859960871715,8621000
2018-09-11,46.53795623779297,46.774363144873476,46.24245162989067,46.293110942999064,7873900
2018-09-12,46.41132736206055,46.60551662549163,45.8709740689028,46.60551662549163,7297300
2018-09-13,46.34378433227539,46.917910545417435,46.217140833375154,46.53797360719698,8566600
2018-09-14,46.22557830810547,46.436654008142476,46.10737643140627,46.436654008142476,6827700
2018-09-17,46.07360076904297,46.318449339308415,45.828752198777515,46.18336102825841,9277200
2018-09-18,46.49575424194336,46.67305705430549,45.67677950756659,45.99761546857391,7569600
2018-09-19,46.79971694946289,47.103666553888814,46.352237376702746,46.62241408713458,7451600
2018-09-20,47.644020080566406,47.897310344563735,46.94324702205467,46.94324702205467,10582600
2018-09-21,48.505191802978516,48.606507227346235,47.71999001742032,47.74531806832243,25800500
2018-09-24,47.863525390625,48.429209951088836,47.770654786475674,48.07460109423277,10616000
2018-09-25,48.04083251953125,48.3701101093095,47.98173157884079,48.10837507142334,9445500
2018-09-26,48.353214263916016,48.834466527822116,47.914176489328874,47.931062929208274,7757300
2018-09-27,48.412330627441406,48.79226759395783,48.20969650504594,48.20969650504594,6606200
2018-09-28,47.99017333984375,48.45453925561541,47.93951401019677,48.45453925561541,8975900
2018-10-01,46.92634963989258,48.08304353636494,46.88413192466145,48.049270652483834,12726900
2018-10-02,46.934791564941406,47.28939718579042,46.68150137565504,46.90101868083402,12680800
2018-10-03,46.8334846496582,47.37383801059708,46.825039816715986,47.112102942309775,7383500
2018-10-04,47.18807601928711,47.34849558892104,46.85879849115719,47.09520220965885,9722000
2018-10-05,47.07832717895508,47.23874678746625,46.69839345950416,47.23874678746625,9734000
2018-10-08,47.736881256103516,47.91418407175679,46.816591071974194,47.12898220728133,9623900
2018-10-09,48.72472381591797,50.404888149911116,47.9648530724079,47.981739518365046,24855700
2018-10-10,47.289398193359375,48.85980190945788,47.23029725529198,48.690940706082635,14190500
2018-10-11,46.31845474243164,47.50892162891706,46.19180802696648,47.02766926336507,15316900
2018-10-12,47.66089630126953,47.9395145656569,46.6730602966458,47.036110778089764,13980500
2018-10-15,47.914188385009766,48.28568049230985,47.54269627770968,47.59335238916521,10175100
2018-10-16,48.809146881103516,48.97800486744903,47.93107118076443,48.074601113310045,11731400
2018-10-17,49.89830017089844,50.1515936178577,48.7838205990136,48.88513926610129,14631000
2018-10-18,49.50992202758789,50.26135110065629,49.096215406144836,49.8138715898987,12184700
2018-10-19,49.52680587768555,49.87296992312504,49.29884371789469,49.29884371789469,10180500
2018-10-22,49.72943878173828,50.11781731685407,49.45926212941776,49.75476683640591,8680200
2018-10-23,49.6534423828125,50.06714889749099,49.14685883610766,49.27350552797366,12834200
2018-10-24,49.020225524902344,50.05027283058006,48.92735169438619,49.45081856912469,12189700
2018-10-25,49.78009796142578,50.2106942418924,48.71627772989404,49.21441656722683,9569600
2018-10-26,49.02865982055664,49.27350838797118,48.454533700089144,49.00333176901698,13367600
2018-10-29,49.28195571899414,50.38799359550134,48.7162743638805,49.54369075807104,14412800
2018-10-30,49.46769332885742,49.70409704469016,48.707819641167816,49.33260503113028,14230100
2018-10-31,49.19752883911133,49.91518499348332,49.146869507213594,49.796983106481804,11560400
2018-11-01,49.50147247314453,49.872964533718644,49.028661760883374,49.222851012144346,18772400
2018-11-02,54.30556106567383,55.45381349952363,52.262349638963364,52.338337027108125,45573000
2018-11-05,54.440650939941406,54.9894426426297,53.883407963555676,53.9762817929533,23242600
2018-11-06,55.73243713378906,55.791538080083896,54.246462202136065,54.288679924426674,16065400
2018-11-07,57.54767990112305,57.58989117471608,55.7577557095898,55.96883140211178,16465000
2018-11-08,58.020477294921875,58.2399977805712,57.10018408607673,57.22683076785587,14081700
2018-11-09,57.919185638427734,58.22313523966228,57.48015090415607,57.826311791299354,8637200
2018-11-12,57.336612701416016,58.206243652775065,57.243738867628174,57.78409220520117,12789600
2018-11-13,56.914459228515625,57.64899859858256,56.65272096010036,57.36193871637701,16637000
2018-11-14,56.905975341796875,57.67841285807994,56.64283821195732,57.12667455049451,13350500
2018-11-15,57.39829635620117,57.51713288578316,56.32876111385813,56.625852437813094,15246500
2018-11-16,57.856658935546875,58.17072407863364,56.948398291625054,57.1266595323172,9287900
2018-11-19,57.64445495605469,58.119801036176746,57.067246226147354,57.805729389750596,10855400
2018-11-20,57.024803161621094,57.61898577558233,56.66829359324435,57.20305794580946,11208900
2018-11-21,56.67676544189453,57.70386249375712,56.65979157480332,57.2709544077418,10978100
2018-11-23,55.768524169921875,56.22689639987937,55.39504072322329,56.22689639987937,7779800
2018-11-26,55.76002883911133,56.125028512217064,55.35258478323142,56.00619201177366,13066800
2018-11-27,56.09107971191406,56.49003363450258,55.43747242032311,55.564799104824324,13169100
2018-11-28,56.719207763671875,56.863508295068016,55.58177090287427,56.17595337103673,12867600
2018-11-29,56.770145416259766,57.109681087961825,56.125034763740565,56.60038081846088,9605500
2018-11-30,56.634342193603516,57.19457061805377,56.57492392925114,56.75317872230827,27308900
2018-12-03,57.29643630981445,57.7717824498088,56.58341709982294,57.18608994906018,13834300
2018-12-04,56.574913024902344,57.848166852277025,56.405141962256735,57.270958191489676,13555100
2018-12-06,56.49003219604492,56.59188836016889,55.67514402642907,56.13351619329897,17222200
2018-12-07,55.57329559326172,56.56643218825252,55.34410623989158,56.16747822032333,11057500
2018-12-10,55.59028244018555,55.85342607311159,54.70749199098627,55.57330856520956,12148300
2018-12-11,55.95527648925781,56.80411262462679,55.61574073988906,56.20992992031081,10903100
2018-12-12,56.133522033691406,56.81259342032369,56.02317568570815,56.02317568570815,11115800
2018-12-13,56.795623779296875,57.05876088506214,56.13352621377896,56.26934309166115,10016200
2018-12-14,55.46293640136719,55.88735436517111,53.96898983157237,54.69898924740346,16834000
2018-12-17,54.72445297241211,55.70909927516575,54.393407480648854,55.17433497526453,15143100
2018-12-18,55.1064338684082,55.51387801491972,54.79236867999173,54.97910716786679,10523500
2018-12-19,54.37643051147461,55.93829207377647,54.053875172222,55.31015526529317,14390100
2018-12-20,52.755149841308594,54.155727063417885,52.16096409342049,53.99444941618401,20264600
2018-12-21,52.11003875732422,53.654919936319644,52.10155182251752,52.89096951968083,23524900
2018-12-24,51.405513763427734,52.47504579101512,51.28667399320456,52.186441396578424,6323300
2018-12-26,53.54457473754883,53.67189819068279,51.49887693384247,51.736553208186606,16646200
2018-12-27,53.646427154541016,53.68038136617152,52.305264937602864,53.1541008000543,11308100
2018-12-28,53.807716369628906,54.42736953190949,53.620971403568866,53.739811169822325,7711900
2018-12-31,54.6650390625,54.84329384330422,54.036899005027365,54.130271482035006,7689800
2019-01-02,54.59714126586914,54.63958566408896,53.65493261512125,54.053886644406234,10094000
2019-01-03,52.228885650634766,54.08783883373322,52.11853928596121,53.867139628280434,14390100
2019-01-04,53.96050262451172,54.537711346051076,52.69573883617716,52.96736608889542,12694400
2019-01-07,53.96050262451172,54.52922117299923,53.25597044966509,53.773757673998325,10337600
2019-01-08,54.00294876098633,54.57167060002861,53.51911247003753,54.27457603878031,10809700
2019-01-09,54.22364044189453,54.35945406199108,53.43422276319205,54.028408565384,13080300
2019-01-10,54.48678207397461,54.656546674689174,53.680387268371646,53.99445566535622,10397600
2019-01-11,54.096309661865234,54.18968212574904,52.347706602178036,52.87398717351368,13805700
2019-01-14,53.790733337402344,54.37642897821136,53.45968783442107,53.77375622980687,9929600
2019-01-15,54.393402099609375,54.8602579252447,53.85863461455964,53.96898418024807,7930400
2019-01-16,54.13026809692383,55.02154518326001,54.11329098961573,54.49526457086543,8091300
2019-01-17,54.56317901611328,54.656551497576785,53.98597025620478,54.0538786929246,6767100
2019-01-18,54.9196891784668,55.013061660922745,54.20667001364508,55.013061660922745,9835200
2019-01-22,55.50537872314453,56.201423898842854,54.962124267775295,55.089450947400195,16414300
2019-01-23,56.38817596435547,56.61735883578513,55.86189531085489,55.92131357204812,12372400
2019-01-24,54.95363998413086,56.66829230446013,53.41724892004062,56.54096561119138,29719800
2019-01-25,56.94840621948242,57.45771301903994,56.10806036198048,56.89747812996866,21885800
2019-01-28,56.787147521972656,56.838075625606606,55.946801431478605,56.18447454991274,11537700
2019-01-29,56.905975341796875,57.296439187273755,56.19294961989136,56.87202111921987,10703400
2019-01-30,57.84815979003906,57.8990878645634,56.91444172584221,56.965369800366545,11702500
2019-01-31,57.839683532714844,58.985610817895804,56.93991946045647,57.87363774926671,24233300
2019-02-01,57.81422424316406,58.841315092919444,57.720851758994925,58.22166192307926,10309200
2019-02-04,57.36432647705078,57.8142084270991,56.93990856551788,57.74630000698903,13562400
2019-02-05,58.85828399658203,58.91770873249677,57.41526541484778,57.5171280642814,12781600
2019-02-06,58.747371673583984,59.208136164384726,58.44872983044571,59.07161696890892,10283400
2019-02-07,58.99479675292969,59.05452509839363,58.431644711398405,58.5340324408215,10109200
2019-02-08,59.51531219482422,59.57504056315405,58.534054849487916,58.67910852830266,8862000
2019-02-11,59.72008514404297,60.12965568584091,59.600628425581675,59.728619626762466,9229700
2019-02-12,59.51531219482422,60.1211303621422,59.48118076864947,59.93341077313305,8848900
2019-02-13,60.16379165649414,60.2405824770679,59.55797353565529,59.566501509116776,10264000
2019-02-14,60.44537353515625,61.0426637717304,59.70303611913873,59.83955532384709,9441100
2019-02-15,60.33443832397461,60.897597011016366,59.890742866528996,60.70987744866912,13924600
2019-02-19,59.899261474609375,60.24056912461581,59.5408913715585,60.12111242359885,9208400
2019-02-20,60.06138610839844,60.240571165995945,59.77127882749834,59.924866949710804,9671800
2019-02-21,60.325904846191406,60.522158894615735,59.848077959458195,59.848077959458195,10933500
2019-02-22,60.83786392211914,60.91465473170865,60.36856505273056,60.37709953487467,11311600
2019-02-25,60.624542236328125,61.494870553181904,60.56481388624896,61.34981691868993,12071200
2019-02-26,60.70134353637695,60.96585391676888,60.51362397226537,60.58188681556104,12302300
2019-02-27,59.856605529785156,60.692802484998914,59.66035150402549,60.436826615197745,13274800
2019-02-28,59.950469970703125,60.14671750184447,59.5408994332601,59.84807570886666,18956700
2019-03-01,60.453887939453125,60.67573889705669,60.1125802761943,60.26616839916566,8067700
2019-03-04,60.539222717285156,60.8805304340438,60.04433336338353,60.57335413995135,9219700
2019-03-05,61.076759338378906,61.34126961775,60.63305753631712,60.74398624178284,10496100
2019-03-06,60.812252044677734,61.58872706457881,60.7183987937143,61.27301636804185,7666100
2019-03-07,60.24911117553711,60.889060658486535,60.12111997696667,60.75253497737065,7814700
2019-03-08,59.18252944946289,59.9589981134064,58.90095011104149,59.85661036118252,12363900
2019-03-11,59.4555778503418,59.73715720555271,58.99481340815211,59.19959543471311,11518300
2019-03-12,59.77128601074219,60.22351594996562,59.46410972940118,59.50676912353562,12751700
2019-03-13,59.81393051147461,60.496545746687126,59.71154278312367,59.80539603081158,13798600
2019-03-14,60.36003494262695,60.48802614444936,59.89074254914873,59.89074254914873,9249200
2019-03-15,60.3003044128418,60.76106881687741,60.18938218053613,60.411233155050176,13096900
2019-03-18,60.44537353515625,60.684293535728536,60.104072268433164,60.39417964712866,5682400
2019-03-19,60.90611267089844,61.17915747641199,60.470951784234195,60.53920810318633,7810700
2019-03-20,61.11943054199219,61.7764488925753,60.87198266410131,61.26449068413637,9512400
2019-03-21,61.657005310058594,61.81059345625201,60.85493315661489,60.85493315661489,8044400
2019-03-22,61.4010124206543,61.78498597557872,61.17063349562131,61.47780973560001,8022800
2019-03-25,61.69112777709961,61.844715900997286,61.20476646974066,61.43514540063605,6453800
2019-03-26,62.25428009033203,62.45053411423467,61.71672490992402,62.04949809444835,7624000
2019-03-27,62.066558837890625,62.51026074496377,61.96417109772151,62.237215921342646,7662700
2019-03-28,63.10755157470703,63.1246205399811,62.19455722962981,62.262820070920384,6709600
2019-03-29,63.431785583496094,63.55124880181201,62.74064226911734,63.150212776465494,9099500
2019-04-01,63.10755157470703,63.935220623122454,62.91130404337518,63.79016696780712,8108400
2019-04-02,63.37205505371094,63.52564317495598,63.00515045906455,63.15021060850309,5520900
2019-04-03,63.42325973510742,63.80722680930768,63.03075817861974,63.61950725839997,6755600
2019-04-04,63.44032287597656,63.713367723004076,63.1246186368557,63.568314072061916,5449800
2019-04-05,64.02053833007812,64.06320422830237,63.44031726769976,63.44031726769976,5346200
2019-04-08,64.16560363769531,64.25093544966268,63.54272307371442,63.54272307371442,5140400
2019-04-09,64.09735107421875,64.19121086498404,63.82430618560253,63.88403455155284,4905800
2019-04-10,64.4045181274414,64.6946254318011,64.17413267054145,64.17413267054145,6066300
2019-04-11,64.73729705810547,64.90794766282886,64.54957748696778,64.63490278932947,6042600
2019-04-12,65.40281677246094,65.6587925748199,64.90792110737274,64.93351803661857,5194800
2019-04-15,64.9847412109375,65.44549911886342,64.91647836905851,65.41990218063454,7632200
2019-04-16,64.59222412109375,65.32603329424452,64.3021168484026,65.2577769717832,8336600
2019-04-17,64.09735107421875,64.81409146562247,63.82430618560253,64.51544963587092,9439000
2019-04-18,64.89939880371094,65.07005588053524,64.17412412943771,64.40450955567506,6607800
2019-04-22,64.33625793457031,64.89941011145669,64.17413531081526,64.60076831235763,4883100
2019-04-23,64.83967590332031,64.89940425775283,64.34478661369474,64.40451496812726,5273900
2019-04-24,65.18096923828125,65.59906762734228,64.77140532937683,64.89086201196571,9347300
2019-04-25,65.79534149169922,65.89773575481438,64.80554981129477,64.94207549544832,11084500
2019-04-26,66.08544158935547,66.14516994217477,64.04613660179353,65.65880863781695,12550500
2019-04-29,65.62469482421875,66.2731723330524,65.35164343956882,65.95746806188171,5426800
2019-04-30,66.28170013427734,66.3755599108127,65.43696865536185,65.70147902019639,7384400
2019-05-01,66.14519500732422,66.6827568963046,66.01721028128573,66.27318624326739,6678000
2019-05-02,66.10252380371094,66.34997174639435,65.48817118875951,66.26464644096298,6247500
2019-05-03,66.59739685058594,66.89603857213315,65.9915724170028,66.20488886237956,4967900
2019-05-06,66.60595703125,66.62302600067925,65.71855940815786,65.87214758349889,5607500
2019-05-07,66.5206298828125,67.18617645433609,66.0598653694721,66.1878565970507,8115800
2019-05-08,66.90635681152344,67.41211599098465,66.10913797974897,66.50346035867689,7799900
2019-05-09,66.77779388427734,67.0606795559584,66.30631776480891,66.50348228934234,7326600
2019-05-10,67.22354125976562,67.54929074350859,66.14344313817568,66.54633314474127,6448600
2019-05-13,65.73196411132812,66.67490959823057,65.21763080393613,66.22058173436594,9778500
2019-05-14,66.05770874023438,66.64062158121153,65.73196582972771,65.79197127482375,6870900
2019-05-15,66.65776824951172,66.81206889634333,65.60337940614517,65.74053844337455,5415500
2019-05-16,67.63500213623047,67.92645527431438,66.49489218762585,66.57204577953806,6941800
2019-05-17,67.64359283447266,68.27793717450773,67.18069078954836,67.30926924082927,7379900
2019-05-20,65.7148208618164,67.22353098716788,65.6376672705765,67.12066825231821,11475000
2019-05-21,66.46060943603516,66.73492099378332,65.79197542278044,66.0491453694646,5808500
2019-05-22,66.22061157226562,66.62350824896042,65.92915829812391,66.17774771895971,5602300
2019-05-23,65.50051879882812,65.95484667924813,64.8833161914262,65.90340876856258,9213200
2019-05-24,65.27764892578125,66.05771984314329,65.12334824958488,65.86056186473377,5627600
2019-05-28,64.89188385009766,65.73196663179607,64.56614093561623,65.45765508799511,16205200
2019-05-29,64.5318603515625,64.71187671464556,63.71749967950527,64.57472419329352,10511600
2019-05-30,65.2947769165039,65.51765707786781,64.83187498448783,64.84902313387883,7178400
2019-05-31,65.20048522949219,65.42336540286942,64.6175723807308,64.80616279358053,7625700
2019-06-03,65.337646484375,65.60338396233395,64.84902882549059,65.2519253502047,8122200
2019-06-04,67.30925750732422,67.51499607371753,65.71482612844683,65.8091147962481,11685000
2019-06-05,68.54365539550781,68.55222946988063,67.42926771083475,67.54070451727131,7437100
2019-06-06,69.77808380126953,69.97524179696137,68.4922469002883,68.60368374393565,10457200
2019-06-07,70.70387268066406,71.43251212594804,69.87236395106461,69.94951100922377,11278800
2019-06-10,70.23239135742188,71.02961026566472,69.76091534820733,71.0210361909237,8102800
2019-06-11,70.60958099365234,71.02961914704414,70.16382061282124,70.5495755431678,6226400
2019-06-12,71.08963012695312,71.72397444428732,70.56672264344259,70.79817038756988,6088800
2019-06-13,71.44965362548828,72.04971463957371,71.16676799913814,71.43251201484733,7156800
2019-06-14,72.21257781982422,72.52975318554908,71.48393842623753,71.6125233874829,9226500
2019-06-17,71.16677856445312,72.5983485193735,71.05534172848505,72.56405875289774,9313700
2019-06-18,71.08104705810547,72.10114620673927,71.0553313720228,71.62110262625431,10582600
2019-06-19,71.84397888183594,71.9382740943082,70.36098424950596,71.21820869736027,5401400
2019-06-20,72.59833526611328,72.71834615681765,71.86112177172755,72.35831348470454,5215800
2019-06-21,71.8525390625,72.66689951443689,71.84396498845055,72.37544639777813,12610000
2019-06-24,71.70683288574219,72.48690380330677,71.6725431199003,72.07543969341233,6692500
2019-06-25,72.22115325927734,73.03551379571468,71.9725574068663,72.17828942468468,7312300
2019-06-26,71.47537994384766,72.26403149281599,71.30393765152215,72.26403149281599,7576400
2019-06-27,71.62968444824219,71.91257013178011,71.329657150598,71.62111691124134,6084200
2019-06-28,71.86112213134766,71.97255894752995,71.42393586153501,71.62966788375734,6735300
2019-07-01,72.47834014892578,72.82979882244736,72.03257970921004,72.53834560733699,7935100
2019-07-02,73.30125427246094,73.36982724836697,72.45259747708465,72.64118787605716,6205800
2019-07-03,75.25572204589844,75.28143772846978,73.70414815647165,73.75557952161434,7818600
2019-07-05,75.25572204589844,75.34144316783706,74.47564479402156,75.00712621420479,5733100
2019-07-08,74.95570373535156,75.39288347109857,74.73282355980595,75.09285623869283,6359500
2019-07-09,74.77568054199219,75.1357131878786,74.48422087143946,74.82711190851808,5355400
2019-07-10,75.76150512695312,75.89866419737572,74.93857032473086,74.93857032473086,5293000
2019-07-11,76.35297393798828,76.54156434472708,75.66719182986591,76.00151534915015,6191400
2019-07-12,76.95303344726562,76.99589728438578,76.16438854904015,76.53299531192214,5628000
2019-07-15,77.28736877441406,77.44166291532751,76.8587564982652,77.0387728694352,6061300
2019-07-16,77.21878051757812,77.56167160778335,76.79873582552752,77.33879141813442,5591900
2019-07-17,77.36448669433594,77.4759234897083,76.91873297274469,77.21876014497936,4635900
2019-07-18,78.43605041503906,78.4703401836396,77.1073496772124,77.43309920886531,6470200
2019-07-19,77.4073715209961,78.53033347318498,77.34736607027082,78.35889119685665,10804800
2019-07-22,77.93885040283203,78.1617306052978,77.19306926936044,77.59595929290866,5636600
2019-07-23,77.2444839477539,78.31601434705124,76.4386909946495,78.22171914870486,7609200
2019-07-24,77.70740509033203,77.79312623546322,76.87589624834071,77.06448669169184,5388100
2019-07-25,77.99026489257812,78.47888245190735,77.55307869525134,78.42744454980291,8106300
2019-07-26,84.9594955444336,85.48240285770277,81.61631967700669,82.6364186225813,20846500
2019-07-29,84.0251235961914,84.8137749281866,83.33077400116653,84.05084581905737,11184500
2019-07-30,82.85075378417969,84.24802744149734,82.73931040739137,83.57939334118454,7248300
2019-07-31,81.17058563232422,82.85074477714957,80.15048643935384,82.85074477714957,9912100
2019-08-01,81.76204681396484,83.64794409271765,81.07627133632003,81.43630395259122,8342300
2019-08-02,81.87348175048828,82.32780951107874,81.26485337874433,81.43629559553649,6381700
2019-08-05,80.32192993164062,81.88207819977801,79.74759110844856,81.01628619709278,8917400
2019-08-06,81.72777557373047,82.04495097330935,80.40765568167532,80.84483544042845,7438000
2019-08-07,81.93429565429688,82.34731929795163,81.03079576585186,81.400799669276,6414000
2019-08-08,82.83778381347656,82.95825614733205,81.26312224348514,81.94289711971722,7423600
2019-08-09,82.86361694335938,83.32826694747253,82.10639591317448,82.73454458004213,5209200
2019-08-12,81.66754913330078,82.62266874990783,81.14265973392213,82.41615693265973,5513800
2019-08-13,83.14753723144531,83.1819569531429,81.0651933054209,81.33193794246392,8915600
2019-08-14,81.6761245727539,83.48311720111052,81.63310484641822,82.52799787181843,9989500
2019-08-15,82.20103454589844,82.8377831143156,81.40940048085095,82.17522139060871,5559400
2019-08-16,83.05288696289062,83.31963817229143,82.47637137932159,82.85498176370285,4852200
2019-08-19,83.17338562011719,83.818740853427,82.7947751158097,83.66385533483692,5324900
2019-08-20,82.28709411621094,83.56920460215765,82.25267438186744,82.90663620460798,6809100
2019-08-21,82.88082122802734,83.16477910646611,82.37314492860007,82.83779491981798,4740500
2019-08-22,83.02709197998047,83.33686298682315,82.34731707968082,83.11313802301626,5146200
2019-08-23,81.48684692382812,83.55198486742421,81.22010220980563,82.95826255024859,8076600
2019-08-26,83.03569793701172,83.03569793701172,81.7449876063846,82.07196519344893,5802600
2019-08-27,82.68290710449219,83.55198730001669,82.63128078798928,83.2077965385809,6539800
2019-08-28,83.52616882324219,83.64663459734015,82.6054623698407,82.8033741786544,4948800
2019-08-29,84.06826782226562,84.3866454165977,83.51756524523735,84.19734017482688,4514300
2019-08-30,83.08733367919922,84.44688362399832,82.70012316202278,84.44688362399832,5209500
2019-09-03,83.26802825927734,83.64663874802527,82.64849277527071,82.96686380908815,5150700
2019-09-04,82.70011901855469,82.88942426276272,80.04985872942765,81.29754940039297,12937000
2019-09-05,82.22684478759766,83.43150898927115,81.89126065093821,83.07011169823663,5514400
2019-09-06,82.38175201416016,82.89803493255182,82.18384673514187,82.39035858951985,3991800
2019-09-09,81.02217864990234,82.54521368225932,80.66077483189486,82.43335450340645,6523300
2019-09-10,77.74376678466797,80.78123669593117,76.84027369535086,80.72100382331003,12490900
2019-09-11,78.28587341308594,78.69029039963841,77.1070224828026,77.59749206191925,8406600
2019-09-12,79.2151870727539,80.29938550400021,78.96564897386196,79.30123967332416,6862200
2019-09-13,77.85565948486328,79.29264891852678,77.71798054839843,79.29264891852678,6972300
2019-09-16,76.94352722167969,77.82981374299445,76.90910749906959,77.45980993104946,6339200
2019-09-17,78.08797454833984,78.69890998015963,77.14145495770204,77.15866154012431,6493200
2019-09-18,78.2686767578125,78.61286750590797,77.49424921582082,78.28588990590814,4510700
2019-09-19,78.78494262695312,79.2495990520595,77.70075086659601,78.29447305015603,4843600
2019-09-20,77.50284576416016,79.23239929005912,77.49423919122567,78.82797570572981,10913800
2019-09-23,78.13961791992188,78.44078897964694,77.38240339507517,77.71798762715787,4532400
2019-09-24,77.373779296875,78.96565403609887,77.02098855850922,78.81937510957871,5662600
2019-09-25,77.74376678466797,77.96749169649968,76.59933563997555,77.39097612071293,4764000
2019-09-26,77.27053833007812,78.43217647367592,77.01239360265944,78.1654251713718,5026400
2019-09-27,76.04004669189453,77.70076083424657,75.54097047888074,77.70076083424657,5987700
2019-09-30,76.08307647705078,76.20354225956538,75.38609494037442,76.07447646750886,6588300
2019-10-01,74.43956756591797,76.48749222176893,74.38793468954229,76.26376726385328,6719400
2019-10-02,72.55514526367188,74.00934798041735,72.417472879454,73.95771509205372,9858200
2019-10-03,72.85628509521484,73.0628034489709,71.94418534324552,72.53791412173422,5989000
2019-10-04,73.9318618774414,73.9748881669525,72.92510972582662,73.05418202946981,5869000
2019-10-07,73.87166595458984,74.13841726615992,73.56189489688441,73.75120016158144,4382900
2019-10-08,73.06279754638672,74.28466816538645,72.87349235318293,73.5618671154166,6100400
2019-10-09,73.87166595458984,74.14701727645098,73.38119620737179,73.45864225424482,4427200
2019-10-10,73.96630096435547,74.06095357415286,73.46722476085866,73.92328122846962,3986000
2019-10-11,74.31050109863281,75.07632208236177,74.22445505105848,74.87841026453745,5611000
2019-10-14,74.53421783447266,75.44631765473447,74.34491261180128,74.43095864986321,4881000
2019-10-15,74.38795471191406,75.076336353144,73.79423227536947,74.86121791087137,4695100
2019-10-16,74.61166381835938,74.71492301199096,74.04375466561682,74.45677831035823,3698700
2019-10-17,74.25027465820312,74.87841676845935,74.1384154431297,74.75795097841313,4359400
2019-10-18,74.02651977539062,74.64606162543086,73.5876765374637,74.30187097930956,4631200
2019-10-21,73.44141387939453,74.20723478971824,73.20908891672333,74.00072298235585,4861200
2019-10-22,71.81510925292969,73.4414034554757,71.75487637746099,73.33815084889567,5767500
2019-10-23,71.19558715820312,72.63258312678137,70.6706977124438,72.54653051083953,7136200
2019-10-24,71.57418060302734,71.87534499237115,71.12673730527243,71.24720306100996,4591100
2019-10-25,71.74629211425781,71.90978421203425,71.1009368629,71.60001316619105,5235300
2019-10-28,71.93560028076172,73.12305819281215,71.729088430146,72.68421476597207,6653400
2019-10-29,72.39161682128906,72.82185347399707,71.96998673980451,72.11626562615155,5699100
2019-10-30,72.44326782226562,72.8821045911838,71.69465349575324,72.80466512545424,8731300
2019-10-31,72.76162719726562,75.05048954818577,71.66022231693059,74.61164628449602,14008800
2019-11-01,71.59999084472656,73.40698367221559,71.08370811757128,72.95954039265196,10658500
2019-11-04,70.87720489501953,71.79791128179711,70.47278129771588,71.67744551641626,8271200
2019-11-05,70.46416473388672,70.85137512986935,69.7241571001009,70.85137512986935,7054400
2019-11-06,71.41071319580078,71.73769741556269,70.55884603910857,70.62768551325777,6365300
2019-11-07,70.51581573486328,71.66885388446498,70.42116310448951,71.47094204871259,7221400
2019-11-08,70.36093139648438,71.10954587710148,70.08558007572177,70.72233533896113,7054800
2019-11-11,70.92882537841797,71.01487140878051,70.0167256397707,70.34370318110487,5828200
2019-11-12,72.05303192138672,72.6237864234076,71.43904264048132,71.50822620394587,8551400
2019-11-13,72.58920288085938,72.8918727582364,71.94926474273825,72.0270979098972,7407900
2019-11-14,72.96969604492188,73.09076399042607,72.468131669708,72.72756015391349,5285100
2019-11-15,72.82268524169922,73.45397374977809,72.26922989656263,73.22913045403256,7533000
2019-11-18,72.65836334228516,72.7361964917559,71.9924897633807,72.57188719664532,6432200
2019-11-19,72.34707641601562,72.8832326693895,72.26924323870401,72.69298112230483,6008400
2019-11-20,72.29518127441406,73.06483041775309,71.75902505187301,72.24329689099628,6248700
2019-11-21,71.17098236083984,72.67568895474312,70.70400308734378,72.42490342280767,8300500
2019-11-22,71.79359436035156,72.11356338196613,71.48228153100371,71.50822371697373,6080400
2019-11-25,72.42487335205078,72.64106700384795,71.71575843806434,71.91465950070867,5450400
2019-11-26,73.1253433227539,73.20317647315788,72.64107162319885,72.75348995410782,7651500
2019-11-27,74.17172241210938,74.20631419150598,73.00427789773005,73.37613127910942,7502400
2019-11-29,73.87770080566406,75.00191052310679,73.72204110013672,74.2927955529727,3857000
2019-12-02,73.1340103149414,74.1717375173457,72.48542916401156,73.83447584667887,6425800
2019-12-03,73.3501968383789,73.50585656324469,72.48542205528192,72.66702396800731,6049800
2019-12-04,73.85177612304688,73.97284407851461,73.24642974799946,73.61828321056714,5940300
2019-12-05,73.03022766113281,73.92095122818351,72.91780931470878,73.88635944519736,5170800
2019-12-06,74.64736938476562,74.82897132272338,73.53180896784605,73.53180896784605,8499800
2019-12-09,74.61277770996094,74.91544760701579,74.33605000440951,74.63871990146437,7164700
2019-12-10,74.40522003173828,75.64184818399177,74.29280168979078,74.80301562367684,7944800
2019-12-11,74.88084411621094,75.12298659372004,74.24091263420661,74.59547345656402,4921900
2019-12-12,76.28177642822266,76.86982349532293,75.70237895558623,76.1001745307265,10282100
2019-12-13,76.67958068847656,76.78335604067453,75.73697931408407,76.11747574339356,6714100
2019-12-16,76.77469635009766,77.22438288611788,76.47202652645366,77.08601576804787,6705600
2019-12-17,76.21260070800781,76.939014970427,75.64185277112172,76.85253881001493,7296900
2019-12-18,76.09151458740234,76.83522126516652,75.94450449004832,76.4374257441286,5859200
2019-12-19,76.54986572265625,76.61039969738094,75.73698186174022,75.95317557114387,6022100
2019-12-20,76.49799346923828,76.96497274729532,76.00507199757409,76.78337079433582,14271500
2019-12-23,76.299072265625,76.83522834009834,76.25583089291263,76.63633386011861,4349700
2019-12-24,76.54986572265625,76.61904929311544,76.10018571008834,76.2731380385279,1847800
2019-12-26,76.16936492919922,76.75741204909198,75.91857944889266,76.73146986107889,4177700
2019-12-27,76.21260070800781,76.49797797530492,75.83210428265312,76.19530811500864,4129300
2019-12-30,75.61589813232422,76.27312212140795,75.28727954007532,76.10881942299054,4655600
2019-12-31,76.03099822998047,76.0915322015924,75.50348507834453,75.61591002398673,4115600
2020-01-02,77.26762390136719,77.26762390136719,76.14342066595518,76.20395463557192,6473800
2020-01-03,76.81794738769531,77.05143368167711,76.18665887807197,76.6709372545324,4874100
2020-01-06,76.21260070800781,76.45474319395295,75.64185277112172,76.19530811500864,5409800
2020-01-07,75.97911834716797,76.1261284872473,75.34782980784428,76.06559451205531,6514700
2020-01-08,76.86117553710938,77.26762071536606,75.90992465476619,76.04829177830361,7296300
2020-01-09,78.28805541992188,78.83286772352842,77.89025983498982,78.04591955063346,9443500
2020-01-10,77.9681167602539,78.59939881224402,77.50978047056827,78.52157222955056,7097900
2020-01-13,78.76370239257812,79.31715782125944,78.0113458265383,78.36590671557025,7382500
2020-01-14,78.68585205078125,79.07500464391694,78.57343370931949,78.85881095807746,5855200
2020-01-15,79.16148376464844,79.6111637450513,78.69450459401395,78.69450459401395,6145300
2020-01-16,80.06086730957031,80.0868095027139,79.23932713966998,79.55064665281188,5180300
2020-01-17,80.96021270751953,81.07263104739718,80.25974068882884,80.36351603174425,6962800
2020-01-21,80.0176010131836,80.94290966761135,79.72358078547164,80.27703605927661,7094600
2020-01-22,80.0176010131836,81.07262719065785,79.96571664304791,80.54511410192073,6157400
2020-01-23,81.0726318359375,81.1591079903543,78.46965802243352,79.49009247905016,6100600
2020-01-24,79.58522033691406,81.40124601861501,78.98852363952501,81.2888276746653,7815500
2020-01-27,76.73147583007812,77.35410818395134,75.71104123669878,76.64499306636289,11066500
2020-01-28,76.61904907226562,77.12926965579597,75.8580495925333,77.00820170669556,11922400
2020-01-29,74.9932632446289,76.48067678832795,74.0247132028067,76.22989133291755,17678700
2020-01-30,74.2322769165039,74.88085811480951,73.23779102393594,73.89501522120172,12224900
2020-01-31,73.3588638305664,74.36199938604359,73.09077909778881,74.18904702749187,11693900
2020-02-03,74.37928009033203,75.05380335779515,73.56638969225703,73.56638969225703,9090600
2020-02-04,76.42879486083984,76.96495761490513,74.90679595498486,75.35647595041743,9997100
2020-02-05,76.07257843017578,77.49741837619091,75.26458935835986,77.21940098741862,9982700
2020-02-06,74.84757995605469,76.19422423059953,74.84757995605469,76.15078794149339,8901400
2020-02-07,75.08214569091797,75.25591071238458,74.12646127245398,74.5087376912227,8073900
2020-02-10,76.0465316772461,76.12472760600974,74.86495586394177,75.09084711225375,7289300
2020-02-11,76.02913665771484,76.65467739438792,75.89012465913997,76.33321711902622,5098500
2020-02-12,76.9500732421875,77.41053891934328,75.92488288177265,76.2029002695907,7747800
2020-02-13,78.13165283203125,78.63556144486486,76.68074972157441,76.88926111609057,8576600
2020-02-14,77.56692504882812,78.54867913987155,77.31497075238589,78.34885103288032,5686900
2020-02-18,77.52351379394531,77.7320252475203,76.70683454379221,77.64514602756903,5288800
2020-02-19,78.3140869140625,78.574731081235,77.5842938515099,77.74936230415975,5210800
2020-02-20,76.97613525390625,78.4096650824909,76.22027901277524,77.95788931931243,5969200
2020-02-21,75.8988265991211,76.79369493933373,75.58605618119812,76.45486142466017,5800500
2020-02-24,73.43141174316406,74.76068925178444,73.20552716625079,73.44010165103228,8313600
2020-02-25,71.40711212158203,74.15253351480669,70.95532963850215,73.8658261653666,9404000
2020-02-26,70.0865249633789,72.31935441491736,70.06046186381545,71.76331952936792,10541500
2020-02-27,68.01876068115234,70.26027971361206,67.21077157077536,68.48791628993166,17120800
2020-02-28,68.140380859375,68.47052439466334,65.78591995122761,66.17687957534424,19108600
2020-03-02,71.57217407226562,71.59824379765706,67.47141886226105,67.6973034546561,14258700
2020-03-03,68.2880859375,71.78068647892768,67.86237325455,71.502669085997,12395900
2020-03-04,69.21771240234375,69.67817812246552,67.66255021559226,68.88756879489708,10999600
2020-03-05,66.19428253173828,67.67993890264661,65.40366647209306,67.67993890264661,12545300
2020-03-06,65.4557876586914,65.77724800366923,62.597424074894356,63.822436092456186,18080100
2020-03-09,61.537471771240234,64.31764566337434,60.88586789385343,61.32027047877797,15930300
2020-03-10,65.04745483398438,65.11695421996787,60.842433758669145,63.04051009484054,18414000
2020-03-11,59.33939743041992,64.52615887321613,58.55747142974842,63.27508390059932,17138000
2020-03-12,53.95280456542969,58.02750329892528,53.396769737086075,54.691291014634615,25170600
2020-03-13,60.746856689453125,60.97274789257331,55.17781560954211,57.03706148159216,19247200
2020-03-16,50.90330505371094,55.560102211011355,50.486278887804396,52.675668744485755,23354300
2020-03-17,51.24213790893555,51.798172789242976,46.57665421998735,51.737356681348686,25045200
2020-03-18,48.93980026245117,50.08662290245293,43.45763806066676,48.262129928465455,28770600
2020-03-19,53.353328704833984,55.04749955548201,46.52451910987752,48.852917376713286,25167400
2020-03-20,50.416770935058594,57.06313286330813,50.31251522613991,54.126569995893156,28420600
2020-03-23,49.13093948364258,49.90417567715679,46.91548661203139,49.72172735796946,24905800
2020-03-24,56.36807632446289,56.611347336864554,52.997114694099245,54.39589153023649,28286200
2020-03-25,57.17607116699219,60.50359685284442,55.160446573917795,58.06225623060563,22977200
2020-03-26,60.729488372802734,62.1890814596742,57.55834788084567,57.95799750090526,20997500
2020-03-27,57.63654327392578,59.295964660743785,56.31596206906549,57.93194053734927,18950500
2020-03-30,58.957122802734375,59.26989321244048,56.10744273959677,57.82767336452256,14199700
2020-03-31,57.1152458190918,59.35676458366125,56.741659358330224,58.366327292983016,20109800
2020-04-01,54.40459060668945,56.26383685733335,53.50103555290623,54.73473757081512,12880400
2020-04-02,56.47234344482422,59.686920343377054,54.65654026918301,57.12394740764911,18175000
2020-04-03,54.778167724609375,56.25513724167677,52.91023851516051,56.011872843887616,14676500
2020-04-06,58.89630126953125,59.374140119728864,55.95974228090471,57.57571374404372,18010800
2020-04-07,59.695613861083984,62.971013690834866,59.36547021953884,62.18039765315063,13799400
2020-04-08,62.18037414550781,62.48445457255831,59.54789603232519,60.451454035886805,10417600
2020-04-09,64.18733215332031,64.51748240426447,60.93800223914822,61.85893372134339,19748100
2020-04-13,62.345458984375,63.94405726754649,61.120440549774436,63.87455126520237,11191800
2020-04-14,64.0048828125,64.57829747381513,63.12739426006302,64.02226262988069,10912000
2020-04-15,63.03182601928711,63.57917096208112,61.43322084958125,62.56267037041012,10642500
2020-04-16,63.865875244140625,64.08307655480642,61.989252738328275,63.51835182138375,11946800
2020-04-17,66.9848861694336,67.23684049757993,65.13433329803115,66.56786334443561,14268400
2020-04-20,65.43840789794922,66.88062772260845,65.22989650432707,66.0465688912045,9684700
2020-04-21,63.17951965332031,64.25683632121111,62.32808758084561,63.77030749605877,10345800
2020-04-22,67.28895568847656,67.81892735609742,64.66516707257196,64.76942607599904,11347000
2020-04-23,65.29067993164062,67.48006504023039,64.51744421495363,67.18467459945306,15513400
2020-04-24,65.664306640625,66.05526637707447,64.47404098475546,65.81200195186516,8456000
2020-04-27,67.54092407226562,67.80156832100525,66.4983603342243,66.61999254938051,8258500
2020-04-28,68.36629486083984,69.16559418906623,66.86325869435309,68.34891504196693,12801400
2020-04-29,66.7763671875,68.41840846026987,66.654734991625,67.92318976893384,24575500
2020-04-30,66.66344451904297,67.45405402491305,65.32548334218795,66.75032373760041,15186000
2020-05-01,64.109130859375,65.92493038585597,63.60522229690827,65.07350507675004,11216700
2020-05-04,62.458431243896484,63.092662219886954,61.91108612676583,63.057909202035106,12921800
2020-05-05,63.335914611816406,65.22991063777441,63.327224701899134,65.12565160414455,12976000
2020-05-06,63.38803482055664,65.0300763313187,63.30115561497645,64.09176500275224,12740900
2020-05-07,66.40234375,66.42855413493358,64.10447556996033,64.48890565884741,13360500
2020-05-08,68.03618621826172,68.08860698267866,66.19264712254972,67.49448054426082,11917200
2020-05-11,66.28877258300781,67.43333732667824,66.22761278752736,66.9440589628346,9004500
2020-05-12,64.96070861816406,67.04015457479046,64.95196960174763,66.40233969471954,8549900
2020-05-13,64.32292175292969,66.18393291231762,63.71131705319868,65.05683939350455,11532700
2020-05-14,64.82091522216797,64.90828538526331,61.72796345399648,63.1870658420288,11932300
2020-05-15,64.79471588134766,65.21409540203726,63.49287556549368,63.615195147854585,9489100
2020-05-18,66.60330963134766,67.71292495240262,66.57709257715653,67.15374778284328,8903200
2020-05-19,66.28004455566406,67.46829792139805,66.19267435704927,66.75185162728657,6484900
2020-05-20,67.94010162353516,68.00999377940937,66.85668988350312,67.47703359451562,7790500
2020-05-21,68.1934814453125,69.35551772163578,68.05368379846293,68.67402085804085,10312600
2020-05-22,67.81777954101562,68.19347736202948,66.85668744126973,68.0624187424352,7653300
2020-05-26,67.94010162353516,69.82732315050968,67.78283260746073,69.54773452925721,8422200
2020-05-27,68.67401123046875,69.00602726223102,67.61681667157455,69.00602726223102,8245300
2020-05-28,68.62158203125,69.94962599755436,68.08861530812284,68.70895220460002,8331400
2020-05-29,68.14103698730469,68.70895312052586,67.50322871402197,68.69148175198973,10043600
2020-06-01,68.42936706542969,68.71769465119955,67.07510598020805,67.85271855980724,7922000
2020-06-02,67.95758056640625,68.3769668779633,67.092604214599,68.12358862017747,9521000
2020-06-03,69.5302505493164,69.85352087613401,68.41189626709019,68.54294820179065,9956700
2020-06-04,68.79631805419922,70.04573078573985,68.56041793438845,69.2943353435033,7667600
2020-06-05,71.7669677734375,71.93297579864569,69.87100734226732,70.18554535533643,12030800
2020-06-08,73.00762176513672,73.06004919688147,71.80189748966845,72.58824230667658,10229600
2020-06-09,71.9679183959961,72.71057493092995,71.43495162795612,72.18634718073649,7999800
2020-06-10,69.03223419189453,69.9234206902533,68.32452040475344,69.79236208775181,19683800
2020-06-11,63.40550994873047,67.09258905177792,63.03855117524972,66.18392447036052,26422200
2020-06-12,66.73436737060547,67.03143401732174,64.48891947921963,65.52864274384922,18529800
2020-06-15,67.24110412597656,68.07113735732977,64.72480738087076,64.91702574320342,14644700
2020-06-16,68.00997924804688,68.97107117754902,66.74309503685532,68.8400125811699,10890100
2020-06-17,67.36344146728516,68.40316470196852,66.99648267830916,68.21094628890927,6906700
2020-06-18,66.67320251464844,67.09258872940975,66.22761257724184,67.0314289341235,8486000
2020-06-19,65.87811279296875,67.60806477212945,65.42377725688458,67.30226585317847,12538600
2020-06-22,65.87811279296875,66.09654154449323,64.58501165094053,65.44125528991978,8238600
2020-06-23,65.95674133300781,66.72561477412502,65.58978264479254,66.69066537535458,8076600
2020-06-24,64.34037017822266,65.45872427885034,62.907478153553896,65.4412529123664,12306400
2020-06-25,64.52384185791016,64.75100959071291,63.05600060872734,63.973403889184894,8624800
2020-06-26,62.531803131103516,64.45397410557759,62.25221450452695,64.33165449807025,17627800
2020-06-29,64.20059204101562,64.21806341098086,62.08619631567237,62.39200195036348,8653000
2020-06-30,64.29667663574219,64.5500547580092,63.61518007663851,64.28794428615471,11324000
2020-07-01,64.68113708496094,65.25779233350069,64.11322085513432,64.6549266947397,6750000
2020-07-02,64.46269989013672,65.60726455364464,64.34038030774278,65.56358279759954,6544400
2020-07-06,65.91307067871094,65.94802008336418,64.79471639347629,65.46747410177868,7235300
2020-07-07,64.87335968017578,65.72960358943008,64.65493085970381,65.64222672850643,7515100
2020-07-08,64.77725219726562,65.09179024042575,64.06954493311473,64.71609239253553,7346200
2020-07-09,64.27921295166016,64.84712904074794,62.84632087003601,64.41901055275349,9618200
2020-07-10,64.90827941894531,65.14417950421061,63.55401868474352,63.78118642064326,7524200
2020-07-13,63.475399017333984,65.38883042295919,63.33560141123195,65.14419127819737,9464500
2020-07-14,63.54530715942383,63.75499693347753,62.75022315618037,62.90749215320008,8780900
2020-07-15,66.06159210205078,66.23633243679191,64.61996100972871,65.05681851249804,10300700
2020-07-16,64.99567413330078,65.65096054276349,64.37533713225292,65.44127075819249,6649300
2020-07-17,64.79471588134766,65.13546424162693,63.964682525707445,65.0306160284959,6087500
2020-07-20,65.49368286132812,65.72085065297065,64.33164018267333,64.7947147833839,8832700
2020-07-21,65.91307067871094,67.10132377325209,65.76453404245528,66.21013061938756,10637500
2020-07-22,67.48575592041016,67.56439374972221,65.63348407955236,65.98296480475135,9213100
2020-07-23,65.84318542480469,67.33723778525163,65.44127718742587,67.17122974545128,7795100
2020-07-24,66.21012115478516,66.40233951994213,65.62473370883718,65.77326365794343,5673400
2020-07-27,66.80426025390625,67.02268904364539,66.00044390748647,66.30624287993773,6771100
2020-07-28,65.21410369873047,66.74310533868233,65.14420488108375,66.66447416826837,12273400
2020-07-29,67.6430435180664,68.57791871353425,67.1887144507958,67.76536313871308,15261100
2020-07-30,66.96151733398438,67.25858390144657,65.87811259611688,66.95277831749289,7889800
2020-07-31,66.86543273925781,66.87417175896296,65.94803564778479,66.61205449515985,7423800
2020-08-03,65.96549224853516,66.92657755738331,65.91307147388156,66.8217360080761,7138300
2020-08-04,65.64221954345703,65.95675754378153,65.31894919073085,65.85191598761861,12792400
2020-08-05,66.21012115478516,66.39360050354871,65.81695207399416,65.83442344086461,7780800
2020-08-06,66.46488952636719,66.69328637196458,65.83239151848183,66.06078836407922,6764800
2020-08-07,66.57909393310547,66.70207892322797,66.06958085849548,66.30677098385982,6569300
2020-08-10,68.0549087524414,68.23059965019438,66.59664883281485,66.60543538835594,6604300
2020-08-11,69.28475952148438,70.25985933990351,68.52049010369765,68.75767346663693,10238500
2020-08-12,69.65373229980469,70.0051208592873,69.10907969749766,69.91726869278216,5378000
2020-08-13,69.41651916503906,69.96117158681646,69.25839470079254,69.32867372983034,4383400
2020-08-14,68.84554290771484,69.33748286684752,68.53807373107765,68.99488086642594,3771300
2020-08-17,69.35503387451172,69.3638204295959,68.6259106547917,69.04757146834329,5360400
2020-08-18,69.39019012451172,69.71522571922333,68.82797110275826,69.5307482310398,5272700
2020-08-19,68.19547271728516,69.74157837115833,68.0197817871043,69.55710088381461,6840600
2020-08-20,67.83528900146484,68.21303044812642,67.16765155342111,67.66837796390945,5099500
2020-08-21,67.70352172851562,67.87921263009301,67.3697063346473,67.58932331270816,5594100
2020-08-24,69.11786651611328,69.52196101528455,67.86165693518069,68.26575143435196,5867400
2020-08-25,72.66687774658203,72.97434022186162,70.09296610693413,70.33014953009858,17659500
2020-08-26,72.39453887939453,72.69321473194265,71.92894528814003,72.40331873234395,7934300
2020-08-27,73.27303314208984,73.4750770675976,72.47362389181242,72.69324093390883,9099200
2020-08-28,74.66976165771484,74.92451811939655,73.29056750459473,73.60681644308394,9303900
2020-08-31,74.20417785644531,74.98601368037346,73.817649870799,74.34472922256732,6401600
2020-09-01,75.59217071533203,75.62730353585036,73.993359294602,74.40623360638955,8166100
2020-09-02,77.61263275146484,77.96402122983768,75.80299113578465,75.9962551339986,11378900
2020-09-03,75.96990966796875,78.16607949680231,75.27591919779594,77.83225739342541,11036600
2020-09-04,75.78543853759766,77.1119272189454,74.94210998255592,76.5057820972487,10349400
2020-09-08,75.02995300292969,76.93622690120186,74.46772733261699,74.9069613203578,11083100
2020-09-09,75.42526245117188,76.2773774771374,74.19540591994881,75.48675494262409,6928700
2020-09-10,74.56434631347656,76.48819298822181,74.25688391623311,75.37254180331627,7552000
2020-09-11,74.90695190429688,75.41646487455158,73.92307218482895,74.62584245556634,7103300
2020-09-14,76.10166931152344,76.47941076443628,75.23198799516243,75.32861999722232,5535800
2020-09-15,77.05042266845703,77.52479616312169,76.57604917379237,76.58483572985428,8361900
2020-09-16,77.63898468017578,78.56137858584441,77.08555235808122,77.30516931636635,7146400
2020-09-17,76.20709228515625,76.70781873294854,74.98602240892284,76.47063534280623,7386600
2020-09-18,74.62584686279297,76.63753919683649,74.31838443230124,76.25979772446712,10113400
2020-09-21,73.69469451904297,73.74740046474119,71.81477316442987,72.78987337292867,7188800
2020-09-22,73.74738311767578,74.13391116768994,73.07096573232968,73.83523527608169,4465000
2020-09-23,72.904052734375,74.58192972304356,72.75471479254398,74.1251226393294,6414700
2020-09-24,72.94798278808594,73.91429623789831,71.96409622523069,72.58780769467485,4881500
2020-09-25,74.05484771728516,74.39744966704448,72.22763285044991,72.49995575867442,5981500
2020-09-28,75.60972595214844,75.75906387490778,74.66097908606969,75.12656596418861,5976200
2020-09-29,74.49406433105469,75.7678398269855,74.34471972701675,75.7678398269855,4064000
2020-09-30,75.47796630859375,76.56727141602026,75.08265840330716,76.10167776249284,10134400
2020-10-01,76.19831085205078,76.8220223147636,75.72393733769621,76.46185392741849,7241200
2020-10-02,76.0489730834961,76.54091300968817,74.74883751861569,74.80155015512115,5602300
2020-10-05,77.71807861328125,77.9025561212565,76.60242030510408,76.66391280776249,7004800
2020-10-06,76.43550872802734,78.42962830007419,76.25103123739407,77.87619582817437,7951100
2020-10-07,77.70050811767578,78.16610188457037,76.81326007827634,77.14707557508383,5179300
2020-10-08,78.64922332763672,78.71950236218413,77.66534365268343,77.70926302264235,4958800
2020-10-09,79.07089233398438,79.35200177533355,78.69315089384226,78.88641489142815,6197700
2020-10-12,79.74732971191406,80.02843922407544,79.00063319856471,79.46622019975268,5909100
2020-10-13,79.20266723632812,79.80880551572933,78.86005859730392,79.571622137212,5732000
2020-10-14,78.4559555053711,79.58917974898505,77.79710466853815,79.21143833444707,4760700
2020-10-15,78.03429412841797,78.06943364370925,77.0152682915026,77.44572232718784,5002200
2020-10-16,77.76197814941406,78.73707808707042,77.6917058087286,78.52624766065722,4721300
2020-10-19,76.95377349853516,78.68435603701101,76.74294311531193,77.92008668233339,5426600
2020-10-20,77.75318908691406,78.81613435117008,77.34030813671181,77.90252700867899,4939700
2020-10-21,77.5423583984375,78.32420099357003,77.47208606026113,77.63899040338046,4119200
2020-10-22,78.4999008178711,78.51746722886799,77.041640724509,77.32275021571171,4257800
2020-10-23,79.764892578125,79.90544396505778,78.57017562939274,78.88642462771472,7811500
2020-10-26,78.76342010498047,80.05476204179546,77.87616581863621,79.08844887657916,7756400
2020-10-27,79.10603332519531,79.36956966139327,78.33297732045438,78.60530691402352,8027500
2020-10-28,76.5760498046875,78.13972168766202,76.08410989602457,77.87618532324056,12738800
2020-10-29,77.56871795654297,78.280274808146,76.08410506647918,76.57604494391553,8440000
2020-10-30,76.39155578613281,77.64776495399293,75.22319205404517,77.08554612243651,11400700
2020-11-02,75.52188873291016,77.10312697970839,75.06508165779317,76.90108310978151,8904900
2020-11-03,77.64778900146484,78.23636097581567,75.70637545027684,76.23345493032502,6910400
2020-11-04,78.87765502929688,80.19535723820158,77.95526080219159,78.09581892152116,10509400
2020-11-05,79.60676574707031,80.08113923065764,78.97426776895388,79.66825823371062,6169700
2020-11-06,79.63311004638672,80.11626333107321,78.86884062230462,79.19387613184755,6626100
2020-11-09,84.22750091552734,85.78239287161651,84.01667049344312,85.49249685238928,16225800
2020-11-10,82.89476776123047,84.08629046323246,82.20633272157522,82.73589761871133,10474700
2020-11-11,83.88329315185547,84.58055617530928,82.98302677371187,83.06246521121064,8296500
2020-11-12,82.550537109375,83.63615069952164,81.78267048750288,83.54789101966968,7058400
2020-11-13,84.34224700927734,84.3687242436649,82.70059113941937,83.3007664760748,5516100
2020-11-16,86.30162811279297,86.32810534256427,84.74823220632008,85.42784586143148,9371300
2020-11-17,87.02538299560547,87.18425313495298,85.44550959147821,85.7985550937819,8722300
2020-11-18,86.41638946533203,87.66969464578241,86.41638946533203,87.0518633114345,6039500
2020-11-19,86.28400421142578,86.42521838960616,85.48965341608711,85.82504298132623,4252300
2020-11-20,85.62201690673828,86.08979923270691,85.56905571606426,85.98388358514026,4609700
2020-11-23,85.50728607177734,86.37224715526526,85.10128612933441,86.16042256220426,4803200
2020-11-24,86.76060485839844,87.13129960962777,85.96625415306202,86.06334183559109,6319900
2020-11-25,86.6723403930664,86.97243143688858,86.44286653260704,86.93712621209873,4027100
2020-11-27,87.07833862304688,87.36077366005141,86.74294238712856,86.91946849387043,2169700
2020-11-30,86.5134506225586,86.75175915238327,85.57788594610419,86.67232073118119,5197300
2020-12-01,87.21955871582031,87.60790944332336,86.7164710614563,87.37842885581857,4970000
2020-12-02,87.29898071289062,87.41371761814474,86.68114951423046,86.94593527562505,3377900
2020-12-03,88.35812377929688,89.14364646189213,87.35194850644942,87.39607498423027,6264100
2020-12-04,90.27339172363281,90.8559178268761,89.20543393480317,89.45256377237921,6952700
2020-12-07,89.50552368164062,90.2204359491162,88.87004311775881,90.03508857361449,4514800
2020-12-08,89.32899475097656,89.64673502291949,88.26986500035531,88.58760527229823,3911300
2020-12-09,88.61406707763672,90.2115894145885,88.34928131919119,89.97328761901278,6629900
2020-12-10,93.01830291748047,93.63612746013152,90.68821216550727,91.35899790737302,12939200
2020-12-11,90.90886688232422,92.47991224230286,90.3175195585179,92.15335071943385,6262600
2020-12-14,91.1913070678711,92.4181349960552,91.12952460867416,91.64144026132476,5156200
2020-12-15,91.9503402709961,92.55051553747849,91.5972948082802,92.00329473357974,5195200
2020-12-16,91.14716339111328,92.49756281646088,90.66173176279845,91.87973156162987,6409300
2020-12-17,91.09420776367188,91.82677592482884,90.56464293328428,91.3942987656202,4535700
2020-12-18,91.1559829711914,91.88855107413416,90.86471998079996,91.2001161759592,10215000
2020-12-21,90.85591888427734,91.0412662646165,88.27869133751686,89.33782788289028,7175900
2020-12-22,90.38812255859375,91.058901527164,89.92916143927506,90.13216476777797,4302700
2020-12-23,90.07921600341797,90.63526486957137,89.99978429898634,90.28221935993713,3817300
2020-12-24,90.03507995605469,90.34399221899051,89.7438169365228,90.29103775499645,1949200
2020-12-28,92.09156799316406,92.12687321801903,90.29986991791917,90.8382628128369,5055200
2020-12-29,93.23011779785156,93.3625106814185,92.20629341474958,92.57698810171158,4780900
2020-12-30,93.53021240234375,94.10391043081395,93.36251429441717,93.54786164507085,3654100
2020-12-31,94.4216537475586,94.56286789532395,93.22130318953292,93.5566926825351,3566300
2021-01-04,90.99713134765625,95.1012710749077,90.149826167479,95.02183937072687,8041500
2021-01-05,91.29721069335938,92.02095086292543,90.73234064558987,90.83824957093282,5721900
2021-01-06,91.95917510986328,92.85943470976075,90.82943493203798,90.90003864281509,5017200
2021-01-07,91.21776580810547,92.35633381141588,90.8647203697967,92.22394093032739,5057000
2021-01-08,93.26544189453125,93.34488033426408,91.27956844039159,91.66791918178951,5869700
2021-01-11,92.32103729248047,93.23895282505448,92.02977427339998,92.76234244849977,4257400
2021-01-12,90.75,92.07391558455579,90.29986681579182,91.80030851855813,4332600
2021-01-13,90.81178283691406,91.24426004421461,89.5761269394153,90.30869518203464,4804500
2021-01-14,89.86736297607422,91.95915140388549,89.77027532327828,91.61493399262021,4528300
2021-01-15,90.31752014160156,90.63526041126457,89.32899411000743,89.479036255742,5522900
2021-01-19,90.50286865234375,91.43843349494838,89.44373216217016,90.7323492352821,6519600
2021-01-20,93.08008575439453,93.42430324868411,90.20277415725724,90.38812825459702,5844300
2021-01-21,92.30337524414062,93.10654701510741,92.18863160987298,93.08006978682452,5731500
2021-01-22,91.71205139160156,92.20631106885003,90.96182715234261,91.93270399519935,5231600
2021-01-25,91.3060302734375,91.74733541102547,90.17629019861744,91.5708160495031,5009000
2021-01-26,92.40046691894531,92.85942127461564,91.12067804814814,91.2618989168354,7195300
2021-01-27,86.3810806274414,89.83208372416618,85.37490532930191,89.56730464947742,18139500
2021-01-28,86.62821197509766,88.72882229974326,86.58407876165155,87.3254749980919,8868200
2021-01-29,85.44551849365234,86.31047972772353,84.65999570442266,85.95743418863766,8203000
2021-02-01,87.00773620605469,87.92565184443473,85.5425996869722,85.60438214658512,7206300
2021-02-02,89.71733093261719,90.44989903722714,87.18423715664645,87.4225456888842,6917700
2021-02-03,89.16129302978516,90.59995218466447,88.97594566759102,89.36429636958776,3934800
2021-02-04,91.4737548828125,92.00331985459015,89.2407513170644,89.46140394978707,6926800
2021-02-05,93.98036193847656,94.9159268433405,92.47992016099269,92.7535272406152,8072100
2021-02-08,93.78618621826172,94.0244880716013,92.9741795046315,93.9274003855562,4836600
2021-02-09,93.75088500976562,94.2892779340712,92.86827454156415,93.55670962935594,4095200
2021-02-10,93.44195556640625,94.35104310462887,92.6122997235473,94.24512744369508,4293200
2021-02-11,93.43313598632812,93.75970425325984,92.70056774995263,93.66261657211211,2976000
2021-02-12,92.93887329101562,93.50374338082585,92.42695766781804,93.32721726914602,3169800
2021-02-16,93.6891098022461,94.0774538593579,92.40932048396854,92.5681906499001,4928100
2021-02-17,92.572265625,93.47635790737549,92.31521812254756,93.16613049491578,5733800
2021-02-18,93.04204559326172,93.36999740961222,91.65931374336031,91.9872655597108,4098700
2021-02-19,91.62387084960938,93.31683036566702,91.49091428514002,92.84705636533351,4128900
2021-02-22,90.24110412597656,91.2870184071037,90.18792422162339,91.2870184071037,5211800
2021-02-23,89.85111999511719,91.59725914640816,88.5747480048795,91.59725914640816,8740300
2021-02-24,92.5190658569336,92.63429799557267,89.16859675171004,89.66496730383722,7542700
2021-02-25,91.71249389648438,93.75113614686475,91.39340088991165,92.18226783325788,7534000
2021-02-26,95.75431823730469,97.03955568376834,91.89861942281385,92.3152133964107,15122900
2021-03-01,94.72614288330078,97.91706607105344,94.4336398441237,96.25955561150066,7930300
2021-03-02,95.01863098144531,95.94931993055543,93.79544578078492,95.1161319861121,5016800
2021-03-03,94.1500015258789,95.69227981288948,94.06136608638644,94.7881875101455,5313400
2021-03-04,92.97113037109375,94.99204814199102,92.0493069249484,94.18545685314542,7211800
2021-03-05,93.24588775634766,94.00816458818717,91.07428940020338,94.00816458818717,5559900
2021-03-08,93.09522247314453,94.74386736158945,92.38613218762616,92.89136163650763,5119500
2021-03-09,94.44251251220703,95.70115344131882,93.80432647422045,94.2031893667365,5510900
2021-03-10,95.53271484375,96.67613005071809,94.8058935605357,95.03635106861319,6077000
2021-03-11,95.125,96.23295984288224,95.07182009152571,96.09114449946742,4670700
2021-03-12,95.55931854248047,95.71886503064998,94.46908984203073,95.21363561185493,3356000
2021-03-15,96.52546691894531,96.5697812570519,94.8945464452417,95.6302334348061,7107300
2021-03-16,98.68820190429688,99.57456983271679,97.40297111306825,98.00570157489182,11376200
2021-03-17,97.90819549560547,98.79456337816114,96.55205371728734,98.66160684328774,10128400
2021-03-18,95.39091491699219,97.73978441948918,95.28454833553087,96.86228210039691,7813400
2021-03-19,94.2563705444336,96.481156133744,93.80432773018323,96.0379721305918,21452000
2021-03-22,95.34660339355469,96.10001482450267,93.9550059346434,94.3095544793398,7605100
2021-03-23,94.17660522460938,95.6834282032225,93.66251013310078,95.49729172439041,5657800
2021-03-24,93.04204559326172,95.08955341137741,93.01545563652529,94.51341288643488,5731300
2021-03-25,95.15158081054688,95.46180818425223,92.23542997281733,93.07748342995995,8149000
2021-03-26,97.41183471679688,97.5004701553571,95.00091291823597,95.06295840147317,6167600
2021-03-29,96.72933197021484,97.72206650891468,94.47795656522739,96.62297214416004,5167100
2021-03-30,97.73978424072266,97.89933073139765,95.9759140333632,96.10000499694927,4552900
2021-03-31,96.8534164428711,98.93638639600992,96.7825121510762,97.79297100549446,6478400
2021-04-01,96.950927734375,97.55365823448379,95.90501324190538,97.55365823448379,5793000
2021-04-05,98.4045639038086,98.69706694158835,97.38524620161648,97.42070173005499,6913100
2021-04-06,100.29251861572266,100.8863834228396,98.4754619081831,98.72364381190663,6745200
2021-04-07,100.3279800415039,100.83320945021948,99.84934058654439,100.07979812318047,5629600
2021-04-08,100.19501495361328,101.0104716905931,99.87592201089082,100.73569984197913,5011300
2021-04-09,100.31909942626953,100.398869275576,99.24659529008288,100.07978311590105,4114300
2021-04-12,100.87753295898438,100.94844401708227,99.9557094910639,100.17730147578179,4707800
2021-04-13,102.25140380859375,102.46413021594171,100.76230543225692,100.85094087178102,4607400
2021-04-14,102.07412719726562,103.03139935779821,101.68412317032075,102.12730710550349,3994600
2021-04-15,103.40370178222656,103.60756265034824,101.73732549087545,102.02096300137858,5079100
2021-04-16,104.89276885986328,105.03459096283555,103.65185927110629,104.43186055010355,5777900
2021-04-19,104.23686981201172,105.46006191384939,103.74050592283167,104.74209927419876,4889700
2021-04-20,103.05799102783203,103.93550010306852,102.24253419650648,103.66958703255135,5662400
2021-04-21,103.4745864868164,103.93550158060512,102.6945851713014,102.8984460008057,4397400
2021-04-22,102.7477798461914,103.59869233878983,102.13619050734178,103.58983352750384,5744900
2021-04-23,104.20142364501953,104.573703357805,102.6768695484689,102.83641606467656,4555800
2021-04-26,102.7477798461914,103.926650942558,101.98550280361235,103.66073783004852,5924900
2021-04-27,102.9516372680664,103.16436367952845,102.17162915528773,102.52617768269161,7260900
2021-04-28,99.62775421142578,101.17889805042167,98.92752275261358,100.54957764723738,14793500
2021-04-29,101.60433197021484,102.06524698365803,99.94682861837092,100.34569139783784,8936600
2021-04-30,101.48027038574219,101.88799885408423,100.59390238609829,101.04595195940301,6478700
2021-05-03,102.57048797607422,103.47458020135637,102.04752743170955,102.09184852888367,5049800
2021-05-04,101.14344787597656,102.28686334930683,100.6382184121749,102.06527136057889,6265100
2021-05-05,100.58502960205078,101.82593921920729,100.30139215206498,101.23207436493234,4677700
2021-05-06,101.70185089111328,101.76389637357781,100.24820807698693,100.73571312667276,4113300
2021-05-07,101.3473129272461,102.67686491482553,101.25867748056434,102.02982006784282,4867500
2021-05-10,101.31183624267578,102.89842855972111,101.2320596289284,101.55115255901944,5759500
2021-05-11,100.64707946777344,100.77117043489532,99.42388741692835,100.44321187181575,7775400
2021-05-12,97.70152282714844,100.0152472843086,97.49684409465569,99.5525051086192,7965300
2021-05-13,98.32444763183594,98.93847704832245,97.14089303178051,98.03078758814628,7999400
2021-05-14,98.95629119873047,99.30334960006604,98.11089392149928,98.78721581689902,6836300
2021-05-17,98.760498046875,99.0185614862553,97.73711797825861,98.97407083331504,4521200
2021-05-18,98.84060668945312,99.85508613131908,98.78721517862584,99.1075778223054,5177300
2021-05-19,97.59474182128906,97.83501717189932,96.89172425334216,97.53244946915996,5997400
2021-05-20,99.1431655883789,99.3923350025059,97.7727270213231,97.8706159753526,5345500
2021-05-21,98.70709991455078,99.86396552253278,98.39563818604992,99.33892421789722,5146500
2021-05-24,100.13094329833984,100.58479147207308,99.24104864596109,99.49022485168736,5476100
2021-05-25,100.22882843017578,100.69157743380202,99.82837856762285,100.4868986842448,5391800
2021-05-26,100.42460632324219,101.33230263600204,100.22882842090742,100.82506297511523,3841600
2021-05-27,101.01192474365234,101.52805838427669,100.34450388089158,100.97632814958236,7378400
2021-05-28,101.3411865234375,101.75943803838553,100.60257922424134,101.75943803838553,4239800
2021-06-01,100.86063385009766,101.9997044508053,100.64706108280816,101.94630616696602,4306900
2021-06-02,100.55807495117188,101.1898992091512,100.33560133402325,101.1898992091512,5045000
2021-06-03,98.88509368896484,99.88177132896494,98.02189481192387,99.67709936618945,5723900
2021-06-04,99.65928649902344,99.73047969085852,98.82279025770885,99.33002986816,4477500
2021-06-07,99.07196807861328,99.91736523825634,98.76940038222006,99.65040093016977,4009000
2021-06-08,99.24102020263672,99.65927165567747,98.65369343086546,99.11643553015932,4669800
2021-06-09,99.12535095214844,99.83726929044454,99.07195945305098,99.43681267914431,3669400
2021-06-10,99.85506439208984,100.05084227497808,99.16984859133748,99.4902111652716,3833200
2021-06-11,100.16653442382812,100.40680976887653,99.83727776563462,99.91736502107942,3231200
2021-06-14,100.06864166259766,100.76276513013137,99.22324453699378,100.36230850009,4222400
2021-06-15,99.57030487060547,100.11314111222923,99.27663802723062,100.07754451399983,3487300
2021-06-16,99.09864807128906,100.17541955819216,98.06636723398007,100.04193403069793,4822000
2021-06-17,99.12535095214844,99.62368971534184,98.52022240140367,98.7782926293021,4008500
2021-06-18,97.62142944335938,98.55582143683272,97.2298804580252,98.54692059031068,7024400
2021-06-21,98.75159454345703,99.10755370418369,97.6036298145256,97.88839578523567,5628500
2021-06-22,99.53470611572266,99.89956614765076,98.4223379052444,98.8405894386813,3583500
2021-06-23,99.27662658691406,99.64148658470243,98.90287253261093,99.02745721737864,3552100
2021-06-24,99.65928649902344,100.47799462641395,99.47240946247369,99.47240946247369,3840000
2021-06-25,100.59366607666016,100.75384734387441,99.86395292365204,100.33559588007299,12171200
2021-06-28,99.88176727294922,100.60258651044354,99.17874972936471,100.49579671505555,4546600
2021-06-29,99.90845489501953,100.28221575378656,99.24993485043561,99.73047870654487,3789500
2021-06-30,99.4991226196289,100.19323938806681,99.01857867470476,99.97076571667735,6759100
2021-07-01,100.92294311523438,100.99412951857627,99.49910641869184,99.62369111123583,4810600
2021-07-02,102.3111801147461,102.60484695319744,101.18991105206797,101.42128554200147,4722000
2021-07-06,102.98750305175781,103.0942860565023,101.7327484311551,102.4090702150833,5294700
2021-07-07,104.24225616455078,104.80288733593495,102.91631507005712,103.12098703242523,5382300
2021-07-08,103.21886444091797,103.90408702977793,102.5514435446644,102.73832058089262,4486100
2021-07-09,104.53591918945312,104.77618774285159,103.2277730481493,103.28116455126963,3533600
