Date,Close,High,Low,Open,Volume
2016-07-01,89.33201599121094,89.74857291580332,88.92153455103396,89.45971947233681,1322400
2016-07-05,89.5934829711914,89.81240217556447,88.6600299120135,88.9063131470187,1584900
2016-07-06,91.15331268310547,91.36311522337071,88.85160198014187,89.03099230357095,3020100
2016-07-07,91.85565185546875,92.19924020058382,91.07118394033519,91.07118394033519,2211900
2016-07-08,93.19961547851562,93.63746092531727,92.34217191482593,92.48812271686558,1875600
2016-07-11,93.4033203125,94.01143231656773,92.12932006172858,92.71310925586948,1625700
2016-07-12,92.94420623779297,94.15131370917788,92.92900012990735,93.71346827319454,1747800
2016-07-13,93.31210327148438,93.77730571211137,92.99284464772583,93.02324989954494,1015200
2016-07-14,93.11749267578125,93.81682032028968,92.83167360922643,93.81682032028968,1359000
2016-07-15,93.01107788085938,93.86852122688471,92.77087014652872,93.02931824682533,1536600
2016-07-18,93.4215316772461,93.60092887313819,92.47895523187326,92.65531120755413,1225800
2016-07-19,93.95365905761719,94.00230467541243,93.13270336330882,93.65568203084483,1455600
2016-07-20,94.89625549316406,95.01180103826276,93.81685146160955,94.25773813107249,2863500
2016-07-21,88.36811828613281,91.2171366765534,86.73229644306127,90.73064574489946,10390800
2016-07-22,89.26513671875,89.81243843027069,88.64485958987487,88.64485958987487,3504600
2016-07-25,89.75464630126953,89.79417522222812,89.17693947264014,89.5387682857527,2052000
2016-07-26,89.058349609375,89.99788521840887,88.56881734506682,89.86106504957235,1818900
2016-07-27,88.87590026855469,89.50833501787585,88.35596285321364,89.25292814147188,2060100
2016-07-28,90.5755844116211,90.68504052907761,88.43805842915056,88.87590377692372,1834500
2016-07-29,91.13507080078125,91.13507080078125,90.31715616438865,90.62424995616675,2472600
2016-08-01,90.41443634033203,91.16849909062124,90.00091379252824,90.00091379252824,1536900
2016-08-02,91.7431640625,91.80397456404259,90.38706482456334,90.62119012702338,2208000
2016-08-03,91.67626953125,92.09586755207972,90.97693485698998,92.03201583063424,1577100
2016-08-04,91.22628021240234,92.0320299060931,90.998237321032,91.89216155798637,1188300
2016-08-05,91.33267211914062,91.61849118620161,90.75800668299354,91.48166409398135,1417800
2016-08-08,90.47831726074219,91.68542490308243,90.19249806655063,91.46953989643485,1812000
2016-08-09,89.7850341796875,90.87052040892968,89.7850341796875,90.59990741703295,2034900
2016-08-10,90.14080047607422,90.21681709858095,89.73640150900991,90.06478385356749,1210200
2016-08-11,90.22593688964844,90.80060949193485,89.92796675135772,90.64554197929019,1596000
2016-08-12,89.94315338134766,90.02829365985195,89.30767731047445,89.78808589028726,1258800
2016-08-15,90.10125732421875,90.54822636441463,89.95227228369757,90.37187033340533,1019400
2016-08-16,88.64179992675781,90.5026309262613,88.60227100397105,90.152966983216,1747200
2016-08-17,87.71476745605469,88.59908160471485,87.46167254928166,88.50150225685081,3317100
2016-08-18,87.99835968017578,88.37647702395316,87.66292850138922,87.6812215750388,1365900
2016-08-19,87.75135803222656,87.85503739495951,87.00121638112087,87.71781491426664,2834100
2016-08-22,87.7879867553711,88.498485558904,87.38851918672891,87.53489175333263,3432300
2016-08-23,88.77595520019531,89.33703824566717,87.79101160626023,88.29110842626739,2165400
2016-08-24,87.4586410522461,88.58995032925375,87.28787541248259,88.36734848535718,1432800
2016-08-25,87.36714172363281,87.72086598119245,87.15063994842119,87.26041235075931,1916400
2016-08-26,87.15673828125,88.17217494111415,86.8792502702329,87.4250832444671,1618200
2016-08-29,87.41899108886719,87.8154085511965,86.87010805619063,87.17809618566116,2464500
2016-08-30,87.4281234741211,88.00749950395036,87.17197857585658,87.25735788213642,1933200
2016-08-31,86.51335906982422,87.58063233363922,86.42492971107055,87.51964608764162,1508100
2016-09-01,86.9890365600586,87.29397470141201,86.20535160888173,86.40966037297133,3056400
2016-09-02,87.3427963256836,87.62638449247824,86.79390609656868,87.07445123223704,1274100
2016-09-06,86.94633483886719,87.63244029966516,86.62920369539654,87.63244029966516,1110900
2016-09-07,87.36104583740234,87.54705451193631,86.27852295129794,86.78166975056078,2036700
2016-09-08,86.403564453125,87.23909262706849,86.27244195344763,86.96464758888712,1805400
2016-09-09,83.67132568359375,85.85161457633473,83.67132568359375,85.7021990270313,3446100
2016-09-12,85.18383026123047,85.39728209591308,83.33286512003008,83.36640824913725,2965500
2016-09-13,83.4761734008789,85.21430881826194,83.4426302775039,85.00390004997512,3028800
2016-09-14,84.04337310791016,84.51601995854217,83.68354870766896,83.8085711978546,2094900
2016-09-15,84.3879165649414,84.77213392468677,83.85732669895481,84.23545102046117,2083500
2016-09-16,83.54632568359375,84.35135381959546,82.84801997745429,84.22023131028789,2888400
2016-09-19,83.4090805053711,83.98540659607058,82.88154060145925,83.09499936207631,2578500
2016-09-20,83.90921020507812,84.5007865732293,83.70795140196336,83.85736700943599,2382900
2016-09-21,84.88802337646484,84.9185164889726,83.293210560203,83.86038664050295,1745400
2016-09-22,85.26615905761719,85.59549032690154,84.83619840163887,85.18382973000988,1646100
2016-09-23,86.29683685302734,86.58042492388529,85.32104318826435,85.42471559436112,2288400
2016-09-26,85.47652435302734,86.2785020490974,85.43078120802149,86.03455722086353,1622100
2016-09-27,86.10777282714844,86.22365225301061,84.9246273478538,85.33323789938669,1290000
2016-09-28,85.967529296875,86.54690563626377,85.57416171310048,86.54690563626377,1975800
2016-09-29,84.55870056152344,86.14436350741778,84.24156936822993,85.92176167021316,2199900
2016-09-30,84.3635482788086,85.29054883300634,83.82380822762785,84.9947676835748,2174400
2016-10-03,84.11348724365234,84.28119587013218,83.83599224676476,84.1378803373952,1827900
2016-10-04,82.63762664794922,84.38185561859407,82.63762664794922,84.1745037779759,2787600
2016-10-05,82.96997833251953,83.25356636908938,82.52171771929017,82.8998420808093,2238000
2016-10-06,83.5737533569336,83.76891207988255,82.48818034324502,82.85105468426364,2494200
2016-10-07,81.94849395751953,82.69253613963376,79.70721039843887,82.69253613963376,7021800
2016-10-10,82.55831909179688,83.8482008954704,82.33266724779017,82.79922098310044,2233800
2016-10-11,81.54290008544922,82.34488524190591,80.99096690320101,82.22290577521203,3750600
2016-10-12,82.03687286376953,82.23508158689238,81.26233802663322,81.56422612515624,1563900
2016-10-13,82.16799926757812,82.49123046669523,81.13426943227772,81.47274369882598,1851900
2016-10-14,81.84475708007812,82.70772815127037,81.83865706215406,82.66808501418944,1602300
2016-10-17,82.2076416015625,82.46378655084006,81.82037416830462,81.86916035891635,1522800
2016-10-18,82.59187316894531,82.80228197298419,81.9362606367732,82.73214570497123,1257600
2016-10-19,82.79006958007812,82.98827831508612,82.03382777352431,82.56441773981813,1886100
2016-10-20,84.11044311523438,84.53430368364,83.02182009501972,83.11329943752084,2870700
2016-10-21,84.5099105834961,84.65933313673045,83.24137878294471,83.44263754071322,2208300
2016-10-24,84.73558044433594,85.09845489146387,84.22939041216942,84.9337892346111,2767800
2016-10-25,75.50515747070312,78.6734404079922,75.22156939567233,77.92634859052207,18016200
2016-10-26,75.99916076660156,76.81943892434086,75.31915514318808,75.48382077670132,4842600
2016-10-27,75.50210571289062,76.24614750356402,75.0538520286732,76.01744564720845,3520500
2016-10-28,74.62693786621094,75.84058334960515,73.71518049384579,75.35268654465101,5139600
2016-10-31,74.66657257080078,75.44415736150566,74.33114137422884,75.09957613791113,2891700
2016-11-01,73.37670135498047,74.96846429059228,73.02602704310938,74.96846429059228,4023900
2016-11-02,73.94084167480469,74.31895912914695,73.30657225849006,73.47428789692488,2793600
2016-11-03,73.64810180664062,74.72452489738258,73.57491553352861,74.38909362847512,2035500
2016-11-04,73.95913696289062,74.85260139817488,73.9469439030031,74.03232323992587,2447700
2016-11-07,75.61494445800781,75.83144630309121,74.7367300587493,75.15754068884645,3018000
2016-11-08,76.90177154541016,77.17621660616369,75.7796121610194,75.86804151150379,3805500
2016-11-09,78.59416961669922,78.70394904453377,75.65458796138084,76.14248489715392,4071600
2016-11-10,80.81104278564453,82.05213145156655,78.72527596188657,78.73747600005997,6203100
2016-11-11,79.81998443603516,80.91470036092488,79.45406013160196,80.47559677914552,2964900
2016-11-14,80.31400299072266,80.39023229773548,79.66144047954478,80.02736488325978,3858300
2016-11-15,81.03059387207031,81.30503191360769,80.0913933447297,80.69211261013805,3159900
2016-11-16,80.14039611816406,80.99692467310959,80.07309714592301,80.84702832513742,2252400
2016-11-17,80.36371612548828,80.92963811494992,80.16793854013015,80.53196358189896,2541900
2016-11-18,79.6234359741211,80.85928113219123,79.53471922154104,80.36371779615902,2427600
2016-11-21,81.41297149658203,81.46191939898007,79.55002455358951,79.6081444989201,2621100
2016-11-22,82.22054290771484,82.578448584548,81.27530447907554,81.367073908753,3322800
2016-11-23,83.33097839355469,83.51452427491549,82.04619223182642,82.04619223182642,2383800
2016-11-25,84.11410522460938,84.12327726853353,83.13521008485363,83.22392685474902,1131600
2016-11-28,83.82347106933594,84.17220469729456,83.49310252943818,83.72558227933254,3076800
2016-11-29,84.52706146240234,84.88496717768376,83.37686628283181,83.92137756021818,2514300
2016-11-30,82.18688201904297,84.73811662024794,82.12264272702156,84.6249294382514,3554700
2016-12-01,81.33340454101562,82.42853907189598,80.75831065433454,82.03086463892083,3781200
2016-12-02,81.08261108398438,81.33344900123174,80.03948354808591,81.33039632072261,3198300
2016-12-05,81.49250793457031,81.53226979029334,80.47079137882186,80.96635475022893,2538900
2016-12-06,81.51087188720703,82.12573492595062,81.13461502825965,81.68829843147816,1866600
2016-12-07,82.5264663696289,82.5264663696289,80.72469886000485,81.31509142431338,2368500
2016-12-08,83.00978088378906,83.20555848724811,81.86264539452755,82.18996129410938,2474700
2016-12-09,82.87516021728516,83.63991933460936,82.72527087505588,82.92716778614161,2104200
2016-12-12,82.82624053955078,82.98836864574581,81.54144741401547,82.98836864574581,2570700
2016-12-13,82.46832275390625,83.38603099464555,82.37043396824816,83.3370831010374,2308500
2016-12-14,81.52005767822266,82.66719344313665,81.23862292964793,82.48976688418472,2815500
2016-12-15,81.89629364013672,82.34291610478948,81.51697716480354,81.53532825166576,2857800
2016-12-16,83.13213348388672,83.46862137099667,81.68827214511946,81.77392220698125,3884700
2016-12-19,82.25112915039062,83.28814396529091,81.5475565518186,83.15048632596559,2683800
2016-12-20,81.4282455444336,82.10734760093851,81.10704209733721,81.97274966155886,2417400
2016-12-21,82.96390533447266,83.09238395792475,81.22331755299089,81.65770132833647,2336100
2016-12-22,82.6579818725586,83.43191312349275,82.32454666115213,83.33096465577634,1253100
2016-12-23,83.29733276367188,83.34627366248552,82.07371927306114,82.81400112892173,1430100
2016-12-27,83.32180786132812,83.56652637216679,82.7681245288401,83.24532982591126,1165200
2016-12-28,82.6855239868164,83.66135231464993,82.65799385554965,83.59711300784107,1419900
2016-12-29,82.93943786621094,83.13216282615095,82.19915585140977,82.5937708142514,1093800
2016-12-30,82.2083511352539,83.3371289717971,81.9972750430169,83.3371289717971,1761000
2017-01-03,83.98258209228516,84.00705254977306,82.6824901411832,82.81402847732782,2670600
2017-01-04,84.551513671875,84.89718758824652,84.04065900090995,84.1477268247165,1897800
2017-01-05,84.48422241210938,84.82377699786126,83.19943641533699,83.70417177076655,2495700
2017-01-06,85.34382629394531,85.75679929798893,84.32516935282149,84.42305816094473,2331000
2017-01-09,85.27345275878906,85.49370778985315,84.80542657128478,85.34075174024332,2013000
2017-01-10,85.3101806640625,85.41418884020013,84.47200989450425,84.87579687033954,2632500
2017-01-11,86.802978515625,86.97427866316596,84.9216735600147,84.9216735600147,2523300
2017-01-12,86.73567962646484,86.94674863053581,85.70172436950934,86.24623562959688,1948800
2017-01-13,87.212890625,87.28018961658624,85.89750760905038,86.80298431388715,1740300
2017-01-17,86.98652648925781,87.40255217926098,86.40531299561869,87.05076580169624,2218800
2017-01-18,87.78187561035156,87.90423487172802,86.62250130428585,87.09665394445952,2363100
2017-01-19,86.59803771972656,88.09695979513556,86.0963549061147,87.75129275386698,3458400
2017-01-20,86.76014709472656,87.15782164130951,86.20034444855077,86.96510373056097,2747700
2017-01-23,86.87638854980469,87.2220625241495,86.56437107005542,86.76320834694707,3195600
2017-01-24,85.88831329345703,87.45760059040587,85.8179616343614,87.00179913667118,4618500
2017-01-25,86.69898223876953,86.69898223876953,85.69561665760705,86.40531580072299,7054800
2017-01-26,93.30033874511719,94.5025413436863,91.31197315433623,92.24803251201656,9041100
2017-01-27,93.36153411865234,94.82987320434641,92.87209009060754,93.24529422517405,4503900
2017-01-30,93.24832153320312,93.83565416294933,92.47744308068796,93.19326128715105,3495600
2017-01-31,92.93634796142578,93.2667236215325,91.82592138222972,92.61515134786677,2738100
2017-02-01,93.66133117675781,93.78369744967337,92.28782805127186,92.4438368224056,2311500
2017-02-02,92.95161437988281,94.02227172376347,92.862904631804,93.83261350308794,2213700
2017-02-03,92.99444580078125,93.83261641575007,92.68854069236603,93.83261641575007,1762800
2017-02-06,92.37345886230469,93.19633102946551,92.3061598818938,92.83842536148346,1756800
2017-02-07,92.39795684814453,92.98834944245938,92.2327690289532,92.63350334978631,1430700
2017-02-08,93.41049194335938,93.44108176076364,92.38571555641552,92.4499548731205,1294800
2017-02-09,93.75614929199219,93.90298600160727,93.33094457260805,93.53284154754895,1574700
2017-02-10,93.7500228881836,94.12933932860776,93.37987848956679,93.80202346414029,1219500
2017-02-13,94.71361541748047,94.73197350479832,93.60624886897095,93.9121539769055,2231700
2017-02-14,94.7992935180664,94.8298833354898,93.85710753705709,94.34961129929,2446800
2017-02-15,94.80233764648438,94.86046459574966,94.01005514528454,94.59126862545916,1710900
2017-02-16,95.1877670288086,95.57626252109559,94.31899961168466,94.80538389734063,1766400
2017-02-17,95.2428207397461,95.49365856752345,95.00421463432475,95.21223093151858,1423200
2017-02-21,95.60073852539062,95.97394263498255,94.98893528166603,95.23977314126569,1749600
2017-02-22,95.58236694335938,95.84850315272611,95.1020950935919,95.39576142779697,1226100
2017-02-23,95.1498794555664,95.80629686676949,95.05479167382418,95.60078116720214,1093200
2017-02-24,95.90141296386719,95.90141296386719,94.7112707961,94.7112707961,1464300
2017-02-27,95.1498794555664,96.11916543628813,94.97503700750761,96.00567651190367,1048200
2017-02-28,94.6407241821289,95.17444876739268,94.32171945053521,94.86464109989485,1836600
2017-03-01,96.73265838623047,97.13141071305151,95.37380998127577,95.69588267865265,2513100
2017-03-02,95.99952697753906,96.53018328097839,95.80014736040108,96.4811018730622,1306500
2017-03-03,95.68052673339844,96.19277489933164,95.24802620553982,95.95351794379476,1160400
2017-03-06,95.49037170410156,95.94434855134789,95.20510830374411,95.45356941170459,1224300
2017-03-07,95.26644897460938,95.68054845558818,95.20510246349953,95.251115857161,1258800
2017-03-08,95.39527893066406,96.77252847767359,94.91370389955564,95.08854637228976,2045100
2017-03-09,95.15296173095703,95.62840071086023,95.04866985194845,95.28179081071521,1645200
2017-03-10,95.67134857177734,96.10078118905248,95.2909903572807,95.54865554417258,1196700
2017-03-13,95.66829681396484,95.83393523766416,95.14070828074921,95.54560376549414,961500
2017-03-14,95.13150787353516,95.47505684732575,94.55484490690233,95.17138522202762,1288200
2017-03-15,95.88607788085938,96.05171630491073,94.97200203062248,95.24500038264372,1745400
2017-03-16,95.49649810791016,96.23267025329966,95.20203065388594,95.935134771776,1344900
2017-03-17,96.12532043457031,96.28482277798005,95.64067734869866,95.90753960387485,2218200
2017-03-20,95.74190521240234,96.16213377293585,95.27259522533366,96.16213377293585,1149000
2017-03-21,94.4597396850586,96.09771551392124,94.35544780077792,95.5885282038422,2726100
2017-03-22,95.5977554321289,95.69897931308542,93.76960355908477,94.58859167179807,1772700
2017-03-23,95.31858825683594,96.0854265845764,94.8462103427524,95.3768667341085,1412400
2017-03-24,94.91983795166016,95.75109089003577,94.57935709632615,95.37994380016974,1028100
2017-03-27,94.92596435546875,95.11000386789759,93.91065794786512,94.13151378756858,1895400
2017-03-28,95.37689971923828,95.69283643321721,94.79103267528752,94.84624314436,981300
2017-03-29,95.13150787353516,95.75418424545313,94.66833387492711,95.30635038882679,1762800
2017-03-30,95.15296173095703,95.60386351011066,94.87382737770879,95.1161524195035,1152000
2017-03-31,95.14681243896484,95.48115720255083,94.9136915126294,95.06705777180115,840300
2017-04-03,94.66217803955078,95.63146411858695,93.87693148823298,95.05786934273745,1557600
2017-04-04,94.59162902832031,95.11921744138502,93.98121791193783,94.80020575908813,1551600
2017-04-05,94.86771392822266,95.77259275048621,94.251173610943,94.59165455752698,1555500
2017-04-06,95.23270416259766,95.60385826378322,94.70818378932042,94.89835937084568,1214700
2017-04-07,96.03022003173828,96.12530781974121,95.238837453529,95.35233340604343,1367400
2017-04-10,95.65601348876953,96.23881944201256,95.44743673494908,95.9903583252565,759000
2017-04-11,95.82470703125,95.87378845067902,94.9351686124381,95.26644537644573,1033800
2017-04-12,95.99646759033203,96.22345244831413,95.55783098902043,95.80936006349769,1494600
2017-04-13,94.5824203491211,95.99341107860913,94.56708723262915,95.692807576395,1307100
2017-04-17,95.34927368164062,95.50877601800784,94.79101199402622,94.97505153122108,1026900
2017-04-18,95.41674041748047,95.56397061867567,94.98117182693393,95.02718521392708,1295100
2017-04-19,95.56092834472656,95.83392667176625,95.14069977681382,95.7173696902692,1936500
2017-04-20,99.38898468017578,99.8460224337188,97.29397147073307,98.49944636949266,4863000
2017-04-21,99.56690216064453,99.74174462854987,98.7969957376642,99.21108819036225,2306700
2017-04-24,100.52699279785156,101.11285970026435,99.80616076305871,100.8950788842828,2008200
2017-04-25,101.58524322509766,101.66192987832784,100.61595004511797,101.22329317407853,1603500
2017-04-26,101.5116195678711,101.82756322781809,100.6098160231355,101.47787828460135,1839000
2017-04-27,102.93181610107422,103.18027017775532,101.22328975845691,101.60364094267449,1769700
2017-04-28,102.6588134765625,103.67718098245454,102.1557692890436,103.51461062564402,2145900
2017-05-01,102.00544738769531,103.08209320013448,102.00544738769531,102.22936421765694,1334400
2017-05-02,102.66496276855469,102.86741048894726,101.99627308980209,102.17418360729647,1320900
2017-05-03,102.50544738769531,103.47167246831584,101.88890724172046,103.075981161667,1116300
2017-05-04,103.86431121826172,103.95019494060942,102.41651090578371,102.7232435003534,2321700
2017-05-05,103.75079345703125,104.15568882162958,103.12811729395463,104.13115162334842,1387200
2017-05-08,103.60049438476562,104.09434147706597,103.4011147314399,103.8305472908601,1068000
2017-05-09,103.79373168945312,104.17408280898465,103.25387124040749,103.38270029835572,1083000
2017-05-10,103.58515167236328,103.97777491456671,103.2569429614383,103.80293246367202,940500
2017-05-11,102.64654541015625,103.3060309009197,101.89810116436578,103.14958958308628,1186500
2017-05-12,102.46556091308594,102.996217302186,102.31833070688343,102.63119928297465,771000
2017-05-15,102.42876434326172,102.9103463970642,102.26619398043862,102.37662191431514,1220400
2017-05-16,103.33366394042969,103.34899706119936,102.33062931073987,102.45945841610778,1746900
2017-05-17,101.00882720947266,103.33363021513942,100.99037952015242,103.33363021513942,2122500
2017-05-18,101.85450744628906,102.30962559079502,100.52604839666745,100.86431473586136,2106300
2017-05-19,102.20813751220703,102.62327741279317,101.5654315191562,102.03592856799284,1551900
2017-05-22,101.92521667480469,102.68477442927791,101.36554291037265,102.68477442927791,1419000
2017-05-23,102.06666564941406,102.57714083693291,101.79297684846172,102.02668744729475,1362900
2017-05-24,102.334228515625,102.86007573515093,101.67307475558742,102.06669122310582,1086300
2017-05-25,102.7370834350586,102.87854156784334,102.00520053728324,102.65405121332202,1581900
2017-05-26,103.00152587890625,103.14605273532429,102.41725279986785,102.56177965628589,1214400
2017-05-30,103.12760162353516,103.31210668287473,102.74935710194714,103.0015224624781,1363500
2017-05-31,102.02362823486328,103.3244121592367,101.7683941188451,103.21370489809311,3105600
2017-06-01,104.22850799560547,104.32383631936328,102.0113361654999,102.25119838828066,2511300
2017-06-02,106.21501922607422,106.66399274744134,104.1393058721508,104.50217141157111,2207100
2017-06-05,105.24943542480469,106.20272555485063,104.84044009719457,106.17811925177666,1261500
2017-06-06,104.65287017822266,105.55387904659494,104.55446607091548,105.19716503740857,1837800
2017-06-07,104.63440704345703,105.0649258581434,103.97632918880426,104.91424744029054,942300
2017-06-08,106.39032745361328,107.00227563385332,104.63442526004961,104.63442526004961,2656800
2017-06-09,108.52446746826172,109.05339047588393,106.49180765048537,106.49180765048537,3853800
2017-06-12,106.99614715576172,108.86890143950852,106.47952018759737,108.40148005620591,3493200
2017-06-13,108.62903594970703,108.9088693905509,107.20217256887614,107.37438155315922,1824300
2017-06-14,108.4568099975586,109.0564620406619,106.93154976538257,109.03801434878338,2029200
2017-06-15,108.09086608886719,108.14929902836117,107.16832667121422,107.38358962248908,1342200
2017-06-16,107.79871368408203,108.2107847961349,107.18368984227743,108.15850344095558,2610300
2017-06-19,109.78219604492188,109.78219604492188,108.34611252407903,108.43221348573009,2385000
2017-06-20,110.07740020751953,110.88308780233977,109.78218788298432,109.78218788298432,2122200
2017-06-21,109.29016876220703,110.60324881772527,109.13026296414144,109.88059341894942,1590900
2017-06-22,109.09029388427734,109.37935466029441,108.57674981452807,109.13027209674361,1056300
2017-06-23,109.81294250488281,109.85292071485941,108.88425150249321,109.09028709063496,1793100
2017-06-26,110.39105224609375,110.58170886005317,109.84059884208001,110.08968838608561,1820700
2017-06-27,110.13890838623047,111.18138246744564,109.83754446747041,110.50177399642443,1411500
2017-06-28,111.02143859863281,111.49501134411817,110.69855128962709,110.73237791430462,1529700
2017-06-29,108.44141387939453,111.3535584083405,108.37068483922201,110.97224519504702,2106900
2017-06-30,107.92479705810547,109.08412278160638,107.80486948059091,108.77046279191458,2954700
2017-07-03,108.62287139892578,109.43471063997852,108.06319754566259,108.7950803626416,920400
2017-07-05,107.96170043945312,108.86271628809644,107.58653876366465,108.70588629185016,2367300
2017-07-06,107.57730102539062,107.89711256305493,106.67013368821742,107.44507030753114,2074200
2017-07-07,108.25381469726562,108.65973416966126,107.01761563266442,107.53115950949204,1700100
2017-07-10,108.22311401367188,108.67516346774788,107.86639993554112,108.17083968091843,1211700
2017-07-11,108.63516998291016,108.81967505443271,107.69110002989305,108.24462932129532,1650000
2017-07-12,109.4623794555664,109.81294190158141,108.47833834533374,109.16716712249661,1802400
2017-07-13,109.21330261230469,110.0282176904561,109.14564933818207,109.68995131984299,1138500
2017-07-14,109.61920928955078,109.85599572096913,109.14871221503019,109.27786717063707,1357500
2017-07-17,110.52022552490234,111.09527125004125,109.78219117224307,109.9820751828209,1483200
2017-07-18,110.14200592041016,110.56944909484324,109.66536419848346,110.32344228053753,1838400
2017-07-19,110.61859893798828,110.96608549961579,110.0619940204257,110.54786990299142,1861800
2017-07-20,107.86947631835938,109.96671383233785,103.87180250572058,108.27232019228144,9246300
2017-07-21,108.29690551757812,108.68437039751949,106.7962445357017,107.6326759871544,2723400
2017-07-24,108.13697814941406,108.64744631070859,107.64188188873818,108.16465320126044,1761900
2017-07-25,108.3122787475586,108.83812592500927,107.60807104322731,108.57981601867098,1503600
2017-07-26,107.81409454345703,108.86886456840998,107.63880982447833,108.48754428973551,1252800
2017-07-27,106.2704086303711,108.0109320251762,105.61233060681367,107.82334410368215,2633700
2017-07-28,105.28634643554688,106.31651733882677,104.85890335558057,106.27039459054718,2364300
2017-07-31,103.7149429321289,105.4247150293564,103.67804051526012,105.30786324128556,2665500
2017-08-01,103.65959167480469,104.59442708423835,102.80778142359145,103.67803936382603,3249900
2017-08-02,103.65345001220703,104.38840854693716,103.12760284460451,103.7549299075704,2301900
2017-08-03,102.71862030029297,104.05015522065574,101.99596482813453,104.05015522065574,2553600
2017-08-04,103.0384292602539,103.63807424779553,102.62635808976923,103.13683337043301,1574700
2017-08-07,102.8293228149414,103.93636734790863,102.6294387967088,103.27522063962091,1357500
2017-08-08,102.24811553955078,103.24445270688531,101.93444849474012,102.75550796843794,1654200
2017-08-09,103.22602081298828,103.89025038513535,101.64847909834795,101.76840670060088,2286600
2017-08-10,102.10665130615234,103.18909639963927,101.78683974268075,102.90311146528965,2422500
2017-08-11,102.05745697021484,102.77396783655537,101.66691631755633,101.93445359202067,1527000
2017-08-14,103.78876495361328,103.89024485720374,102.39880418784486,102.7954964368573,1887300
2017-08-15,102.26963806152344,103.75492699182904,102.24811458314223,103.75492699182904,1785600
2017-08-16,102.79682922363281,103.13596229343624,102.1247304228318,102.4854421220039,1671300
2017-08-17,101.60370635986328,102.90165601727813,101.52971240479336,102.57177394541432,1394700
2017-08-18,101.42180633544922,101.94591721673639,100.8391127935211,101.5019605684317,1661400
2017-08-21,101.62222290039062,102.1339992071199,100.71581446237279,101.4310706463991,2089500
2017-08-22,104.5233154296875,104.60655333283805,102.09698277059098,102.09698277059098,2601000
2017-08-23,103.51826477050781,104.25202293257489,102.75676063701005,103.92522450203124,1548000
2017-08-24,103.45349884033203,103.85120747422613,103.07429222091727,103.84195646698645,1330800
2017-08-25,104.56339263916016,104.84086643884015,103.17603775366383,103.82655793689206,1588500
2017-08-28,104.48941040039062,105.57771290497129,104.113280330613,104.1502773093167,1443600
2017-08-29,102.70743560791016,104.12253659662899,102.70743560791016,103.95297004253048,1727700
2017-08-30,104.20577239990234,104.6065647821167,102.54403431630035,102.70434985789562,2228100
2017-08-31,104.59734344482422,105.21703421207465,104.31679293156009,104.78849573754044,2238600
2017-09-01,105.93843841552734,106.5612056824518,104.47708932055876,104.89021642281199,2123100
2017-09-05,106.35773468017578,107.69268164249424,105.60548143636188,105.81204500473264,1884000
2017-09-06,105.73495483398438,106.88183305712911,105.32183480264221,106.40705374089725,1536300
2017-09-07,104.68364715576172,105.73495276107151,104.10403718754654,105.62088520319767,1576800
2017-09-08,106.22513580322266,106.44711060522621,103.67240088260071,104.80695130431084,2180700
2017-09-11,107.14080047607422,107.14388414583735,105.96309265885198,106.85408269617648,1894200
2017-09-12,108.0132827758789,108.64221726057018,107.35043498425694,107.44292389685384,1691700
2017-09-13,106.95579528808594,108.48497050287872,106.70299088375396,107.98552197571372,1109100
2017-09-14,106.83867645263672,107.30728843198857,106.29297978201654,106.94966034354377,1436400
2017-09-15,105.12452697753906,106.75543559964264,105.02894731958034,106.75543559964264,2881500
2017-09-18,104.7298583984375,105.29713352650784,104.3444844564626,105.29713352650784,1946700
2017-09-19,105.66712951660156,106.10491891247808,104.7514771286914,105.19234313804293,2140500
2017-09-20,106.9928207397461,107.24254154157639,105.62088405167208,105.96926111760673,2290200
2017-09-21,107.78514099121094,108.42024281679461,106.94964299278024,107.06988493035949,2082300
2017-09-22,107.83140563964844,108.00404881449774,106.08025513690467,107.93314557649865,1710600
2017-09-25,108.52198791503906,108.80870567564908,107.04830435131302,107.10380334686327,1562100
2017-09-26,108.5651626586914,110.98841219868586,108.2075345536142,109.44690882585519,2572500
2017-09-27,107.8560791015625,108.95670944502763,106.63212311929155,108.54975671197441,1722600
2017-09-28,110.0758285522461,110.25463905236762,107.28878394411652,107.3658615720892,3196200
2017-09-29,110.3841323852539,112.21544416695482,109.91859702933495,110.06658495597664,2349900
2017-10-02,110.81265258789062,110.902064885763,109.60103162712363,110.32245501006739,2297100
2017-10-03,115.41865539550781,116.30347783049784,113.2882918349075,115.53580658590037,6070500
2017-10-04,115.35702514648438,116.12777319733998,114.45061680158067,115.61291327356196,2115000
2017-10-05,117.12358856201172,117.46272166112666,116.0383697012962,117.1729202202704,2491500
2017-10-06,118.2242431640625,118.27665144324853,116.53783548584641,116.86155028423865,2153400
2017-10-09,117.77099609375,118.23036397094633,117.00024116475687,118.07929242018677,1712100
2017-10-10,117.60760498046875,118.1810404207945,116.99408184157427,117.80800113460602,1315500
2017-10-11,118.09163665771484,118.31052777285365,117.03108027341756,117.21298147154936,1389300
2017-10-12,118.25505065917969,118.6928400007669,117.52129254929098,117.78951534813484,1328400
2017-10-13,118.95488739013672,119.36493781522323,118.30745792013695,118.84082690018494,2194500
2017-10-16,118.40919494628906,119.20461230793259,118.02690461268604,119.15836432272818,1422300
2017-10-17,117.98064422607422,118.69590021990057,117.592186594416,118.56024700444193,1557000
2017-10-18,118.41537475585938,118.76991915825863,117.95292308092033,118.33213684146757,1360800
2017-10-19,119.48826599121094,119.5345139812713,118.07316499537521,118.23964082410642,1151700
2017-10-20,120.14495086669922,120.42242472048574,119.42045070099124,120.08021496479603,1587600
2017-10-23,119.18305969238281,120.33611239666,118.76993257416898,120.26519504042646,2357100
2017-10-24,119.90138244628906,121.50146114778657,117.88508598400618,117.91283195300468,2487300
2017-10-25,121.02052307128906,121.28875295666539,118.88707511946646,120.27443019954828,2174700
2017-10-26,122.24138641357422,122.77166466265464,120.79853957605397,121.353473068152,1793400
2017-10-27,122.48493957519531,122.70075411274254,121.13458863473008,122.25371374579603,1804800
2017-10-30,121.54768371582031,122.71305650876774,121.37811721134241,122.43558276390381,1234800
2017-10-31,121.82518005371094,122.49420232310052,121.5353856590343,121.57546630970546,1335300
2017-11-01,122.01631164550781,122.14579752100003,120.67828152348699,121.0544044736497,1125900
2017-11-02,120.88793182373047,122.37393576143042,120.5117947508908,122.37393576143042,1535700
2017-11-03,122.4294204711914,122.74080752978233,120.85401139017945,121.22396698997564,1021500
2017-11-06,121.4521484375,122.62059820156892,121.27332381512228,121.77277953179399,1134600
2017-11-07,121.4737319946289,122.09958291606213,121.27025211853582,121.67412114434772,971700
2017-11-08,121.93616485595703,122.21054792849662,120.70295111021821,121.67410234829386,1121700
2017-11-09,119.3217544555664,121.72650837445931,118.6650810994266,121.72650837445931,1343700
2017-11-10,120.07091522216797,120.29288291173852,119.1645001134219,119.1645001134219,750300
2017-11-13,120.14801788330078,120.46864894174969,119.26010454898532,119.47591907188689,909600
2017-11-14,119.96920776367188,120.30217350095371,119.22311499602291,120.00312107129228,814200
2017-11-15,118.99188232421875,119.46357787780813,118.42152346646327,119.16452546538079,1002600
2017-11-16,119.89412689208984,120.144391788311,118.7663365809623,118.9826274588313,1526100
2017-11-17,119.56964874267578,119.98058995161165,119.14634563463444,119.40588893965176,968100
2017-11-20,119.78905487060547,120.36067263214595,119.34720879615692,119.42754701770268,676800
2017-11-21,120.54298400878906,120.5769721708084,119.6685702957803,120.1721976303716,1046400
2017-11-22,120.67585754394531,121.03736547809392,120.15368727465079,120.73765292577932,977400
2017-11-24,121.74801635742188,122.01992165663827,121.10224127178293,121.12078412692611,444600
2017-11-27,120.56770324707031,122.04772286870471,120.47500311996482,121.73873187438878,1518600
2017-11-28,122.83251953125,122.8665076879865,120.93846125205759,121.16401644784499,1762200
2017-11-29,121.72640991210938,123.2744061832611,121.29382808601494,122.86345061966009,1395300
2017-11-30,123.41340637207031,124.30636283575457,121.6831078589575,121.78198892967514,2121300
2017-12-01,122.0693130493164,124.13021419797099,120.89208967445937,123.55859658588568,1964400
2017-12-04,125.73384094238281,126.88635481746665,122.74291156909509,122.74291156909509,2682300
2017-12-05,125.30750274658203,126.41056944419901,124.62465597493059,125.48670794557171,1683600
2017-12-06,123.96028137207031,125.10043326638892,123.39484467340793,124.49482746488736,1116900
2017-12-07,125.59175109863281,125.63500361765728,123.91088579178292,123.91088579178292,1127700
2017-12-08,126.32708740234375,127.91215450800124,125.44957639720307,125.59170995550579,1727400
2017-12-11,125.9903564453125,126.64849358601127,125.27970241902317,126.15411634333769,938700
2017-12-12,125.76167297363281,126.63608658658218,125.54538212297736,126.29620500528145,1066800
2017-12-13,125.27655029296875,126.23748299852818,125.24874308798884,125.88525368743225,1518600
2017-12-14,123.66368103027344,126.27147646600451,122.97465353913239,125.83272797426285,1335900
2017-12-15,124.77299499511719,125.26735816339088,123.7595306984728,124.34041307881819,2597700
2017-12-18,126.11083221435547,126.28695397452468,125.29821388099525,125.30129728476308,1209300
2017-12-19,127.26021575927734,127.8967263822024,126.4043450356691,126.68243123977847,1263600
2017-12-20,128.02337646484375,128.2211244171047,127.08098675286017,127.59389241002623,1122900
2017-12-21,127.15518951416016,128.45908744705923,127.03468217160318,128.45908744705923,1255500
2017-12-22,127.63720703125,127.83185750989267,126.96670812556363,127.60939982001533,1208700
2017-12-26,127.1119384765625,127.80404949323129,127.04396215084958,127.22625072467149,548400
2017-12-27,126.7442626953125,127.5167120208732,126.49398362593713,127.49508575938266,1040100
2017-12-28,127.63105010986328,127.66194073080477,126.06451090977356,127.01617965493263,920400
2017-12-29,126.6948013305664,128.44364293415916,126.49396990245032,127.85657981313751,1086600
2018-01-02,127.82569122314453,127.85041503332496,126.608312308825,126.86475819119433,1099500
2018-01-03,128.33856201171875,128.46523613012772,127.36216990117737,128.10682588442836,1014600
2018-01-04,127.6402587890625,130.27895880662936,127.60936818159588,129.14500194682432,1669500
2018-01-05,130.28515625,130.3871207268396,128.29841186946487,128.65064121704944,1619100
2018-01-08,131.00816345214844,131.1904661372385,130.0935807674332,130.26352155115242,1276200
2018-01-09,131.07305908203125,132.03707524818086,130.91548019641314,131.13485444611575,1569600
2018-01-10,129.62701416015625,130.69609223391708,129.40454238636272,130.36547504830938,1050600
2018-01-11,131.42837524414062,131.4438205478892,129.91745113458168,129.95453683643953,898200
2018-01-12,133.7396240234375,134.06714383711346,131.09782510485186,132.11438686199986,3062100
2018-01-16,130.968017578125,134.45333889228934,130.52618560612697,134.19069794574887,2764500
2018-01-17,131.91659545898438,133.14941946244414,130.5508880715671,131.75283560592848,2194500
2018-01-18,133.096923828125,133.93426608133356,131.63234927207043,131.93206181654585,1922100
2018-01-19,133.10926818847656,133.91260802542226,132.55617909954714,133.31319715953282,1959600
2018-01-22,131.99073791503906,133.10308286391174,130.73319011222807,132.86206819109765,1710900
2018-01-23,132.61801147460938,132.61801147460938,130.96186975829875,131.93515057221927,2137800
2018-01-24,132.6705322265625,134.08567340593692,131.8888184906885,132.9671613875372,2255100
2018-01-25,131.2121124267578,133.1432567053289,128.53942368133656,129.4787303122117,4416900
2018-01-26,130.90931701660156,131.55509209579853,129.25317557502083,131.22447483062058,2871900
2018-01-29,130.01634216308594,132.03089365289082,129.60230332490423,130.94637016724676,2216400
2018-01-30,130.19247436523438,130.44273924384797,128.41274228593804,129.66102570755228,1974900
2018-01-31,128.87933349609375,130.49530617132652,128.69394733882356,130.37479880427517,2184600
2018-02-01,127.34053802490234,128.77112382957318,126.18495498658655,128.1593370859677,2628900
2018-02-02,124.55970764160156,127.85036341245713,124.35269531912026,127.26948140425922,1980600
2018-02-05,121.50082397460938,125.66899201419541,121.49774057069673,123.59263064823863,3576900
2018-02-06,125.13752746582031,125.45886620262948,118.61492677154536,119.88483641306455,3170400
2018-02-07,124.6678695678711,126.99141205254503,124.40524280420104,125.3568970771444,2379000
2018-02-08,119.77668762207031,125.09735484346268,119.69018259723882,124.75129231197936,2378400
2018-02-09,123.24040985107422,124.36510272273351,117.87339136543461,120.92613118051779,3061800
2018-02-12,124.7327651977539,125.62572167298285,122.23310091899742,124.15186895588909,1611900
2018-02-13,125.3723373413086,125.84199058005423,123.73473902834463,124.24456137409335,1312200
2018-02-14,125.34149932861328,126.11086534703306,124.02832257986529,124.51960227990743,2192400
2018-02-15,123.92942810058594,126.37964510356288,123.62353463269366,126.21898278785619,2195700
2018-02-16,124.30326080322266,125.06026452125222,122.79233677013674,123.68219555297175,2297400
2018-02-20,122.5636978149414,124.3032747610931,121.99517764785003,124.00664570413976,1653900
2018-02-21,122.70588684082031,125.27970942061631,122.56375319880742,123.00251603181388,1595100
2018-02-22,123.24656677246094,124.1209804092234,122.35977708943392,123.41341002015999,1615200
2018-02-23,123.30227661132812,124.03924298852723,122.22778439604112,123.67695410495222,1811700
2018-02-26,125.16017150878906,125.40788701187921,123.62430987533025,124.03924326523399,1518300
2018-02-27,123.67699432373047,125.55965259969676,123.6243498012078,125.20666214617438,1485300
2018-02-28,124.34888458251953,126.82608207626343,123.89988961326499,124.22502683402395,2775000
2018-03-01,122.77896118164062,124.5346709865114,121.82523667544486,124.34888436409436,2257800
2018-03-02,120.83751678466797,122.58394297150923,120.68268744534855,122.35479611630116,2024700
2018-03-05,121.72309875488281,122.30832606385474,119.95808993162426,120.10672493929931,2588100
2018-03-06,124.1786117553711,125.59370606788022,121.0604516574638,121.71690641491797,1613400
2018-03-07,126.27494049072266,126.74250434129267,122.45387534908649,122.77280418670928,1932600
2018-03-08,125.2066650390625,126.64962677091722,124.34584061077209,126.41738986274811,1563900
2018-03-09,130.41184997558594,130.5016461557219,125.28714582996162,126.21609333767896,2475000
2018-03-12,128.58181762695312,130.4335182694424,128.22572298508368,130.3622908363004,1304700
2018-03-13,128.12353515625,129.67796576626816,127.03665416343591,129.26303231335274,1264500
2018-03-14,126.65270233154297,128.6623224561512,126.20990155374815,128.6623224561512,1375200
2018-03-15,127.03973388671875,127.38654408154822,125.93428436391815,127.06760117093972,1085700
2018-03-16,126.65581512451172,127.30297136114281,126.1356067426044,126.89424632865513,2133000
2018-03-19,125.51007080078125,126.76724539611874,124.6616352871101,126.51642565516694,1116900
2018-03-20,125.68968963623047,126.78275081644769,125.2561874177671,125.88477484803805,1030800
2018-03-21,125.47913360595703,126.92519946259095,125.30882560866776,125.50701507334512,1165500
2018-03-22,121.72309875488281,124.77313560511033,121.63639263796995,124.60593185243678,1689600
2018-03-23,120.27391815185547,122.62725831842877,120.03548698220071,122.15350021942332,1775400
2018-03-26,122.2897720336914,122.7325729207467,120.42259214799937,121.54352092767647,1351500
2018-03-27,120.9861068725586,123.40755576118704,120.36680391995621,122.63343770139271,1401300
2018-03-28,119.29234313964844,121.67044641103664,119.11893091697621,121.36698210866706,1791900
2018-03-29,121.41963958740234,122.4507719631722,119.87758321019425,120.1345973312673,1682700
2018-04-02,118.24883270263672,121.98940016266981,117.09074540807723,121.13475593535244,1836600
2018-04-03,121.69832611083984,122.35478088240413,118.39127502593485,118.82787443097754,2206200
2018-04-04,122.76351165771484,122.96788124328562,119.50909114175414,120.01382079933522,1799400
2018-04-05,122.8749771118164,124.52230818470986,122.03582580997274,123.33636078565657,1773900
2018-04-06,119.43479919433594,122.83473662221394,119.15300783990061,121.83147151780857,2106300
2018-04-09,120.49068450927734,122.46934725772508,119.70417768995303,120.40397839408267,1454700
2018-04-10,120.1965103149414,122.0482109140063,119.93331609652033,121.5837371877449,2121900
2018-04-11,120.3389663696289,120.87465342115185,119.25829371911797,119.35117997146317,1772100
2018-04-12,119.72584533691406,121.5156170964422,119.49360846785899,120.84987801997063,1501500
2018-04-13,119.34806823730469,121.02017639670635,119.01673667094167,120.17172661840512,1736700
2018-04-16,120.11601257324219,120.60835364674635,119.56793691400017,120.06027798750434,2132700
2018-04-17,123.37044525146484,123.78227455237581,120.52476346508143,120.87157380119311,2817900
2018-04-18,124.13212585449219,125.16325790669528,122.99571896894369,123.24034439965261,1866300
2018-04-19,122.67993927001953,125.22215691336898,122.3609962023139,124.07955517368258,1991400
2018-04-20,121.50321960449219,123.11030882662618,120.82819620545123,123.11030882662618,1930500
2018-04-23,120.05408477783203,121.38248717338728,119.8559094852783,121.36699431917361,2231100
2018-04-24,114.28528594970703,120.07263064164742,113.4430447599375,118.16518872400641,7386300
2018-04-25,115.41244506835938,116.70058448096289,113.13342918452238,113.93542182173223,3668400
2018-04-26,114.96343994140625,115.90786605831298,113.29752602131538,115.610603161172,3774000
2018-04-27,116.16178894042969,116.6789001121474,114.35033708825112,114.96344583162731,2651700
2018-04-30,113.84558868408203,117.57686378312916,113.81462424543516,116.12151390480885,2572500
2018-05-01,115.7530517578125,115.83356356532012,112.20447257999326,112.74016667950588,3220200
2018-05-02,114.92008972167969,115.90786891689726,114.79932910299951,115.88619593304117,2925000
2018-05-03,114.6476058959961,115.41243974433915,113.23251160818643,114.83649680861367,2064900
2018-05-04,116.90184783935547,118.02897062366182,113.944704422615,114.32247206129037,1836900
2018-05-07,117.2486572265625,117.68216653162776,116.25468368678638,116.9699701421252,1585800
2018-05-08,117.02881622314453,118.56157402069663,116.59530689119126,116.72226182871114,1476600
2018-05-09,117.9175033569336,118.40365010235399,116.22372200004335,117.62024043389124,1536900
2018-05-10,117.80604553222656,118.59564963064574,117.1526878474291,118.09092697427499,1753800
2018-05-11,118.00419616699219,119.2830439731382,117.4932793100672,117.4932793100672,1656300
2018-05-14,119.08489227294922,119.2087500703797,118.14046593657967,118.32625263272539,1833600
2018-05-15,117.55831909179688,119.10037547660781,117.2765348294396,118.76284954007762,2072700
2018-05-16,118.01348876953125,118.51821841254603,116.76250824144012,117.55830648854631,2276700
2018-05-17,118.00420379638672,118.72731642218314,117.38350708664774,117.572818126934,1168500
2018-05-18,120.28216552734375,120.6607875843628,117.66901840626126,117.97316197714761,2303100
2018-05-21,121.28145599365234,122.37387783842057,120.39385170185928,120.72593259946584,1965900
2018-05-22,116.68211364746094,121.81839460140247,116.38728253987354,121.37149525425377,3249000
2018-05-23,119.32939147949219,119.32939147949219,116.63244637320034,116.69141827342088,3694800
2018-05-24,119.94385528564453,120.28214453739629,117.4083054580094,118.89178025883129,3125700
2018-05-25,121.73460388183594,121.99840761371934,119.71111887243237,119.81043773126142,2874000
2018-05-29,120.4062728881836,121.46766740711925,119.73281990568267,120.7600757967188,3083700
2018-05-30,119.56212615966797,121.03628125996994,118.32072603537713,120.5521321570625,2177700
2018-05-31,117.7000503540039,120.09905312961536,117.61315523704901,119.66145918006181,4695900
2018-06-01,119.79489135742188,120.62662086731238,118.29589585581058,118.4541794724208,2011800
2018-06-04,120.05872344970703,120.46217882147518,118.86387812716487,120.12079241408095,1275000
2018-06-05,121.16973114013672,121.54525606567402,119.63350701506386,120.08661456907161,1653000
2018-06-06,122.76496887207031,122.81150993557954,119.57146486560747,121.19459155882817,1890300
2018-06-07,122.61286163330078,123.59667359796836,122.12561543904513,122.70286089389529,1420800
2018-06-08,123.53459930419922,123.58115456295212,122.16905414968952,122.91079861558741,1461000
2018-06-11,123.68049621582031,124.07153493440597,122.69669820588977,123.3887763594193,1243800
2018-06-12,124.89704895019531,125.11118611946166,123.64323909989332,124.13979070476279,2345100
2018-06-13,122.94497680664062,124.99948930779692,122.59428503608243,124.76051882885994,2662800
2018-06-14,124.51219940185547,124.83496073655039,122.67803307071755,123.39804131067851,1346100
2018-06-15,124.79462432861328,125.23531526780162,123.47563435868862,123.65253582789471,2874300
2018-06-18,123.62458038330078,124.13975679462843,123.31112445468118,124.13975679462843,1652700
2018-06-19,123.39805603027344,123.74253940442055,122.34286970020898,122.8332129721773,1642800
2018-06-20,123.48805236816406,124.13668636027214,122.42356069340083,123.4073584751099,1168500
2018-06-21,122.70599365234375,123.8232490731697,122.51667552183085,122.79908998351974,1761900
2018-06-22,122.93873596191406,123.7983958409321,122.51665576152693,123.21184500843854,1559400
2018-06-25,122.57254791259766,123.26462607649435,121.18218326790758,122.81462965154459,2217900
2018-06-26,124.38496398925781,124.93739041141558,122.85183682522084,123.13115419402743,1832100
2018-06-27,123.68049621582031,126.21915793489984,123.36394309220448,124.45017122605883,1968900
2018-06-28,125.65119171142578,126.3712000382911,123.52530536285087,123.77046989584578,2249700
2018-06-29,126.48910522460938,128.15256390269928,125.87770708924104,125.87770708924104,2359500
2018-07-02,126.23777770996094,126.5760528251842,125.21982689600549,125.92432165426037,1366800
2018-07-03,126.29048919677734,128.13086381786414,124.1956305002289,126.31532245552278,1140300
2018-07-05,127.19981384277344,127.28671604057483,125.38738376484152,126.3742926870038,1324200
2018-07-06,128.35435485839844,128.6026306855818,126.5232851162373,127.09122530525704,1236900
2018-07-09,128.8477783203125,129.8750342240421,128.49708666816383,128.79501474745123,1350300
2018-07-10,129.99916076660156,130.10157664263102,128.08120363974905,128.745351203697,1502400
2018-07-11,128.88192749023438,129.72297663736728,128.55916612516094,129.173661485207,1579200
2018-07-12,128.509521484375,129.5584995351829,127.66226397128426,129.49952763912938,1948500
2018-07-13,129.8471221923828,131.21265331082768,128.51882676159016,128.65538129410186,1618800
2018-07-16,129.36917114257812,130.26919216448155,128.9532992620664,129.84711196873792,1567800
2018-07-17,131.6998748779297,131.8984983023492,128.98121586827077,129.31018547100723,1525200
2018-07-18,132.37339782714844,134.02135797333824,131.69994458384477,131.69994458384477,1725300
2018-07-19,133.16473388671875,133.20508082652992,131.38952536170297,131.89850769008848,1721400
2018-07-20,132.24610900878906,132.69302247136216,131.06678481923097,132.10024911559057,1792800
2018-07-23,130.83404541015625,132.51614398518433,129.51816646880897,132.18406298831536,2668800
2018-07-24,133.38197326660156,135.00200240992163,129.72605735029924,131.58815393526368,4554000
2018-07-25,135.71270751953125,136.06030210802763,132.52231569631505,133.7730140734298,2673600
2018-07-26,139.35623168945312,139.56106349023,134.44339393870735,136.54757258183847,3939300
2018-07-27,137.7238006591797,139.9148673234873,137.4196500106842,139.34692718266317,2482800
2018-07-30,136.64064025878906,138.02790730836344,136.137880439258,137.62135505326947,1597200
2018-07-31,136.78033447265625,137.93793674723835,136.1441170694849,136.55378067035684,2122500
2018-08-01,136.01063537597656,136.89203137184327,134.8313113094901,136.18443977328533,1675500
2018-08-02,136.04788208007812,136.85479248773854,135.16338905091285,135.89581389099405,1701300
2018-08-03,137.4475860595703,138.22346929603825,136.45446858703048,136.92931242369696,1577100
2018-08-06,137.9285888671875,138.34757195907684,136.98823521754528,137.217900233939,1311000
2018-08-07,137.82308959960938,138.39412672996087,136.69652902335326,137.79515928493663,1051500
2018-08-08,137.6896514892578,138.93104463150956,137.50343044224948,137.92241359134698,984900
2018-08-09,137.8106689453125,138.22033249077828,137.13410468446784,137.9689454593933,1293600
2018-08-10,137.481689453125,138.07755978390574,136.4575448693887,137.6182439585124,1521900
2018-08-13,135.04859924316406,138.68900259713774,134.44340914272962,137.9193276265695,2430000
2018-08-14,135.4178466796875,136.68407266796862,134.65438041606703,135.00197492801348,1872000
2018-08-15,136.12545776367188,136.46994106533268,134.4681930378413,135.200617840593,1744500
2018-08-16,137.5528106689453,137.79536797517332,136.06021492603747,137.2387388142144,1742700
2018-08-17,137.8761444091797,138.36436194216657,137.1671628165073,137.75488004497433,1217700
2018-08-20,138.08453369140625,138.33640037144,137.01483338219552,138.0472106194582,1272300
2018-08-21,138.31459045410156,139.62062708803535,138.10003268161643,138.37678131909112,1893600
2018-08-22,136.53594970703125,138.65358559038032,136.4768619620893,138.3768226356931,1323300
2018-08-23,136.7660675048828,137.12055127484717,135.3511928599345,136.61368631556954,1540500
2018-08-24,139.1200408935547,139.59270020560777,136.688332929774,136.81583208526442,1879500
2018-08-27,141.49887084960938,142.2389552812992,139.07650071261102,139.48074863105154,2661000
2018-08-28,140.74630737304688,142.69912060046613,140.45711769517234,141.6045527583633,2238600
2018-08-29,141.9311065673828,142.2482957829264,140.12443904388923,140.4416140248497,1209900
2018-08-30,141.86581420898438,142.62144282796027,141.23767051788786,141.77563812388883,1422000
2018-08-31,141.66673278808594,142.73021223140748,140.85513417556004,141.41174881961786,1313100
2018-09-04,142.83909606933594,143.02566872367765,141.0075467551149,141.24076613168734,1287900
2018-09-05,143.55738830566406,143.66000538113235,142.41615945401762,142.41615945401762,1689000
2018-09-06,143.78439331054688,144.58044790553797,142.9665598097133,143.66311469761996,1284600
2018-09-07,143.8248748779297,144.82926715752643,142.89199715066704,143.06302568297082,1641900
2018-09-10,145.22105407714844,145.5942136573668,144.17311834813464,144.59602779418796,995400
2018-09-11,145.9735870361328,146.42448169460985,144.0891702040465,145.22106155895617,1944900
2018-09-12,145.57559204101562,146.38408807952368,144.59606744687756,146.12908969870332,1412400
2018-09-13,146.1103973388672,146.6576885481316,145.40140127792662,145.852295897794,1080000
2018-09-14,145.522705078125,146.1228636287582,145.1246776270362,146.10730522792707,1174800
2018-09-17,145.98599243164062,146.13835937337518,144.10157605947657,144.26638402391998,1796400
2018-09-18,147.07749938964844,147.59058496386027,145.76835894923536,146.1228570249788,994500
2018-09-19,147.71803283691406,148.7068806584474,146.66077362264897,146.92819868200218,1989300
2018-09-20,148.63223266601562,149.0924650651806,147.5625325443885,148.06939742343914,1494900
2018-09-21,146.1383514404297,149.14843821649376,145.40137034802137,149.14843821649376,5647500
2018-09-24,145.093505859375,146.0667950131661,143.89008631071238,145.2894020982704,2667600
2018-09-25,143.53878784179688,145.63464534891895,142.8391295480931,145.63464534891895,2160000
2018-09-26,142.4535369873047,143.84041248816806,142.13324461693696,143.40195883757178,1619700
2018-09-27,141.6481170654297,143.0567712093301,141.1536931261185,142.9199484159674,1935300
2018-09-28,141.5517120361328,142.41929546674785,141.05418498783246,141.61390291717035,2406900
2018-10-01,142.10836791992188,143.80931534212866,142.08038272709163,142.68364441180486,1976100
2018-10-02,141.17544555664062,143.03497989504675,141.05418117091796,142.46904146946133,1820100
2018-10-03,137.50926208496094,141.70099053357046,136.98373556286495,141.5268588955304,4476600
2018-10-04,136.59814453125,137.66162432881964,135.86117755771767,137.10189212606457,2236800
2018-10-05,137.42835998535156,137.74553482033278,136.10367605580367,136.8219954929124,1848900
2018-10-08,137.61807250976562,138.10937900037504,136.47684361590413,137.5061175467454,1512300
2018-10-09,132.0736541748047,135.29831279966174,131.19364408591892,132.91325229639165,3801000
2018-10-10,128.9827880859375,131.98353816192414,128.80553903848562,131.26833569323063,3026400
2018-10-11,126.62882995605469,130.24838591928517,125.74880522607386,128.38263043333257,2781600
2018-10-12,126.55108642578125,129.28752887894623,125.36322451288031,128.7651195965886,2586300
2018-10-15,125.09886169433594,126.597677464805,124.80965775100944,126.46397206343346,1985100
2018-10-16,129.02630615234375,129.1289232637507,125.011826250787,125.69594032683334,2589900
2018-10-17,127.70161437988281,128.65937403226644,126.66611967218637,128.54431590150404,2503500
2018-10-18,126.50444030761719,128.47279855799476,125.42851928972026,127.6580963877452,2580600
2018-10-19,125.4347152709961,127.16675062208206,124.74748393324336,126.722076545153,2690100
2018-10-22,125.55289459228516,126.45778703882553,124.85633950373699,126.24321493344328,1754400
2018-10-23,124.99002838134766,125.91978841545239,120.6552572708296,123.62491796551905,2438700
2018-10-24,120.6210708618164,125.54044270744511,120.12664689580417,124.90297542841229,2993100
2018-10-25,114.43296813964844,117.15697578163095,110.47756963000701,114.43296813964844,7341300
2018-10-26,115.19171142578125,117.51457429893038,111.37623892884633,113.76440293923933,6425100
2018-10-29,114.03492736816406,117.68559154554256,112.6946919374327,116.85533125815793,3220800
2018-10-30,119.6570816040039,119.81878644147893,113.90122923015775,114.37699874031152,3907800
2018-10-31,122.35309600830078,124.49871705375212,120.50289944970565,121.19944018476082,4759200
2018-11-01,123.71826171875,124.65736012705541,121.74988879347936,122.10749008815216,3300000
2018-11-02,125.12374114990234,127.29424420580635,123.52230814973596,124.54846481710477,3701400
2018-11-05,125.66483306884766,126.40491749900545,124.20954625930749,124.4054568227069,2103300
2018-11-06,125.96023559570312,126.34893932488448,125.2263717235112,125.2263717235112,1752300
2018-11-07,128.97962951660156,129.36833319415194,126.26496698897283,127.27868260755969,2089200
2018-11-08,129.1537322998047,129.7103468980634,127.32218372953267,128.31725171642046,2431200
2018-11-09,128.99832153320312,129.80370002842113,126.71899462878136,127.26006537909034,2014500
2018-11-12,127.19786834716797,129.1413586312359,126.99573727238192,127.60211626215735,1938600
2018-11-13,129.59535217285156,130.12398185445264,127.22584937432183,127.4155251830122,2666400
2018-11-14,129.0169677734375,132.5929936303002,128.59405835023088,130.33232853280578,3978900
2018-11-15,131.18264770507812,132.22652681088385,126.52727097469759,127.93883710340995,2204400
2018-11-16,132.10804748535156,133.0958251419931,129.53418268300973,130.06080058804156,2403000
2018-11-19,129.3971405029297,132.394780237753,128.04166108288584,132.09564673971835,2545800
2018-11-20,127.77053833007812,128.49035004855085,125.37741363214882,127.09125105708388,4481700
2018-11-21,127.9013900756836,130.59677131692962,127.17222128158078,128.37190714061592,2163000
2018-11-23,129.34730529785156,130.5314011156258,127.42158766928227,127.5742711564101,879900
2018-11-26,128.2379150390625,130.883443204594,127.53369420445424,130.87410018967262,1795800
2018-11-27,125.71393585205078,128.42178446443586,125.18733207261994,127.33428589615461,2560800
2018-11-28,129.7772674560547,129.8209014830769,124.56101137833107,125.97568672909372,2668800
2018-11-29,130.79934692382812,131.60328860235973,129.1945874153056,129.65263775474256,1713000
2018-11-30,132.1423797607422,132.2078094133777,130.400498910243,130.82428678462745,1809300
2018-12-03,130.35690307617188,135.23664090417142,129.95492501219357,133.22990296184412,2961300
2018-12-04,126.69860076904297,131.5627455425099,126.60822314617911,130.6216971029271,3169800
2018-12-06,124.96298217773438,126.19071168213095,122.79109443623688,124.66072487622559,3864600
2018-12-07,121.37016296386719,126.84194691463594,120.90275538600359,124.53295233885795,2209800
2018-12-10,122.60411071777344,123.20862520478683,119.79030831649425,121.17384484677689,2130300
2018-12-11,121.79085540771484,124.81341430357737,120.89965991035196,124.25253370317714,1608300
2018-12-12,122.00895690917969,123.6978605111925,121.9061266692605,123.01232557839798,1359300
2018-12-13,120.24530029296875,123.12764280169009,119.65324535461481,122.33616791548081,2412900
2018-12-14,120.27954864501953,121.10217624040094,119.5472701538525,119.82148410702847,3093900
2018-12-17,117.30372619628906,123.0840083732927,116.15079075651758,122.23332310210293,3198600
2018-12-18,119.62828826904297,121.01493445701787,118.26969252472371,118.61556954367215,2797500
2018-12-19,118.4847183227539,123.07465757299413,117.7275202390861,120.90276972325735,2316300
2018-12-20,118.21984100341797,119.96794078823089,117.05755548571192,117.76801700434947,3437100
2018-12-21,117.33489227294922,120.87784276975056,117.25387191184409,118.151293656342,3852000
2018-12-24,113.81061553955078,117.27566180087497,113.7981486762526,116.59948424047727,1065600
2018-12-26,120.50391387939453,120.53819062887133,113.84180040732433,114.61769877927196,1957800
2018-12-27,121.89056396484375,121.89056396484375,117.23829744219906,119.04560793708839,1804200
2018-12-28,121.39508819580078,123.56385178792065,120.81550740434695,122.43273351659003,1665300
2018-12-31,122.60411071777344,122.71628395811966,121.21123117217712,121.75654945529469,1544400
2019-01-02,122.22088623046875,123.1370013743378,120.45408560664544,121.33281440887056,1522500
2019-01-03,118.53142547607422,121.80016118702923,117.66204726030934,121.80016118702923,2587200
2019-01-04,121.67240905761719,123.63240256184177,117.99235924839776,120.7749945785529,3172500
2019-01-07,123.3893814086914,125.4490959851724,121.80954133034732,121.80954133034732,2589900
2019-01-08,124.2650146484375,125.25904062222054,122.42966045008359,123.7602205665254,1773900
2019-01-09,124.06244659423828,125.52387993765643,122.84095049419173,124.51738734925246,2947800
2019-01-10,124.50181579589844,124.85392631760257,122.03701361567121,123.58570081690522,1305000
2019-01-11,123.37379455566406,124.29303329148405,122.54180961146176,123.25538786542072,1699500
2019-01-14,123.95651245117188,124.66073349919913,121.72230449140773,123.41742745890747,1699200
2019-01-15,118.858642578125,119.49431722715438,115.60548240201591,117.78672034124898,7717500
2019-01-16,120.57246398925781,120.96508467291551,118.58442683963297,118.58442683963297,3243900
2019-01-17,122.93756866455078,123.49535402776864,119.35099765302213,119.96173867706615,2452200
2019-01-18,124.18396759033203,125.36182956927415,123.34262537896124,123.83184284540724,4287600
2019-01-22,122.7630386352539,124.32417818217226,121.64126333817958,123.06840549002506,2798700
2019-01-23,122.58234405517578,123.65114259142477,120.8872066684591,122.99054125134599,2224200
2019-01-24,121.60697937011719,123.03724528515676,121.03985119104013,122.3112002559804,1858800
2019-01-25,122.4078140258789,124.25252495747303,122.29564076652413,123.0995824082452,2723700
2019-01-28,123.70721435546875,123.70721435546875,121.21749276198747,121.68802423946116,2150400
2019-01-29,125.57688903808594,125.66414286717084,123.16506311309641,123.54834092697757,2018100
2019-01-30,126.2717056274414,127.6583518740858,124.77600997788795,125.10631056307597,3128400
2019-01-31,131.34780883789062,133.27041686602453,123.7072442016979,124.64205968499574,5006700
2019-02-01,129.945556640625,133.51966742193684,129.1353815005144,131.8089537572197,2394600
2019-02-04,130.550048828125,130.79621947081506,128.6586087196915,130.65287906124314,2223000
2019-02-05,131.44435119628906,131.46305149216678,129.79284833074834,130.53446982828845,1850400
2019-02-06,131.20132446289062,131.75286203035188,130.89906715532058,130.89906715532058,1495800
2019-02-07,130.28515625,131.2636052261676,129.41889476851216,130.55002714494069,1401600
2019-02-08,131.1888427734375,131.3976128278842,129.31921250721456,130.2010505986333,1531500
2019-02-11,132.03018188476562,132.1049688134547,130.67781226392236,131.78090163190086,1267500
2019-02-12,136.24620056152344,136.47678050423042,132.3417896071378,132.7437532808454,2229000
2019-02-13,135.2334442138672,136.82575062996264,134.90937712198084,136.19006904406913,1233000
2019-02-14,134.54481506347656,136.00001469003368,134.1334941550937,134.83772929754653,1430700
2019-02-15,136.85067749023438,136.95663155901832,135.35498204186626,135.6852825826257,1247400
2019-02-19,136.34275817871094,137.43336604708045,134.92494512720128,135.54815981208623,1780800
2019-02-20,136.8787384033203,138.13449669991,136.28667652390112,136.40509745827214,1489500
2019-02-21,137.0127410888672,137.31188878705254,135.74762533226527,137.15295765729948,1673100
2019-02-22,137.4219970703125,138.00308554499287,136.5785013792831,137.2376727686327,1050900
2019-02-25,136.73468017578125,138.3185904886477,136.37229540811146,137.77188144037427,1614300
2019-02-26,135.68499755859375,136.90339123693965,135.6225169315682,136.06926271038495,1759800
2019-02-27,137.55946350097656,138.0718218726812,134.65719579704228,135.7443788749927,2252400
2019-02-28,135.33511352539062,137.6219419282136,134.6571936364081,137.16271141021917,1564500
2019-03-01,136.403564453125,136.797211088442,135.52570356854557,136.2567370897304,1162200
2019-03-04,136.756591796875,137.6813167061478,135.2976424016476,136.84405611200773,1647000
2019-03-05,134.7821044921875,136.86274173286114,134.6071616413719,136.60968739253727,1641900
2019-03-06,131.91741943359375,134.57289744735792,131.2926128546306,134.57289744735792,3070500
2019-03-07,129.3524932861328,131.93610807581538,128.97136001575444,131.8392623849594,2679300
2019-03-08,130.26478576660156,130.44284633688656,128.196646064382,128.77458854506048,2157900
2019-03-11,133.70745849609375,133.87616620414562,130.36782670576397,131.08947868200482,1677300
2019-03-12,132.0548553466797,134.197974408709,131.93927544651137,134.0698955190892,1467300
2019-03-13,132.83895874023438,133.4512803136363,132.33598183717908,132.6390178775459,2411100
2019-03-14,133.9667510986328,134.076095764814,132.42970488146207,132.74210799848115,2280300
2019-03-15,134.65721130371094,135.3320136849122,133.91367878551875,133.91367878551875,2403900
2019-03-18,134.75717163085938,134.94773113105822,133.69497224044517,134.32915997746716,1437600
2019-03-19,134.41978454589844,136.29423238252448,133.98240575687126,135.1914326200002,1205100
2019-03-20,134.10423278808594,135.43508887070266,133.42006341693727,134.78528456296968,1253100
2019-03-21,135.4694366455078,135.97553114156008,133.90114291539183,133.90114291539183,1293000
2019-03-22,131.43629455566406,134.2667006452816,131.31445086341,134.11362378121026,3214800
2019-03-25,131.95802307128906,132.46100019117205,130.8708539936221,131.44567885881492,1305300
2019-03-26,131.33627319335938,133.23258658004104,130.6833370895915,133.06076128957582,1636800
2019-03-27,133.3013153076172,133.80429218884893,130.97388707157543,131.62369127189413,1866000
2019-03-28,134.71653747558594,135.10703780995536,133.37943206787807,134.0136197126428,951600
2019-03-29,134.55722045898438,134.89460727963706,133.7668240453419,134.72591386931072,2536200
2019-04-01,135.37571716308594,136.04426990829023,134.1292078702617,134.9039876960747,1785900
2019-04-02,136.57537841796875,136.60662588678102,134.7009307144625,135.8974585042037,1263600
2019-04-03,137.67190551757812,137.95932497883967,136.95962065803712,137.1470625367691,1734900
2019-04-04,138.8278045654297,139.5932028854671,137.61566051718003,138.0436577691387,1194600
2019-04-05,140.343017578125,140.52420998842862,138.62477867476528,138.62477867476528,1268700
2019-04-08,139.46826171875,140.11494838405105,138.6684982275891,140.11494838405105,1209000
2019-04-09,138.62791442871094,139.3558303633953,137.9093798860335,138.69352696914967,1164600
2019-04-10,138.6185302734375,138.86533521753051,136.75969920186432,138.6778790112974,1372800
2019-04-11,138.4779510498047,139.20899886039746,138.3155071037079,139.08715517514833,1077900
2019-04-12,137.93746948242188,139.215211972948,136.72220762293102,139.09025071087746,1827300
2019-04-15,138.63726806640625,138.755979833875,137.64068127691175,138.30298453856844,1232700
2019-04-16,140.7303924560547,140.77413890845705,138.49980961412606,138.6997504938376,1345800
2019-04-17,138.36862182617188,140.89599166057926,138.06870330637202,140.58358845320618,1665300
2019-04-18,141.3426971435547,141.723830377703,138.77158158437047,139.09336609157737,2285400
2019-04-22,141.1740264892578,142.29244270294072,140.36176395051703,140.47110863468217,2366700
2019-04-23,143.84510803222656,145.3009397120784,138.92781486956795,140.5835731396391,3760500
2019-04-24,143.0515899658203,143.9700652804271,142.4205341432021,143.66079401295048,1734900
2019-04-25,140.98968505859375,142.86100054630904,140.81785976162004,142.4861167897657,1479600
2019-04-26,142.66732788085938,143.16405535881108,140.6741684755343,140.92409101266458,1015200
2019-04-29,141.06161499023438,142.43933576492074,140.3993113871154,142.43933576492074,1792500
2019-04-30,142.0924835205078,142.45175069313726,141.03654807645717,141.20837337217975,1721100
2019-05-01,139.80258178710938,142.45804496354103,139.5214117329218,142.45804496354103,2129700
2019-05-02,141.4176788330078,141.7113477789536,138.7465856561943,139.33392354808592,1487700
2019-05-03,142.429931640625,142.83293109397468,140.90225195273905,141.86759152335685,1099200
2019-05-06,141.33335876464844,142.40491097291556,140.27117364651218,140.3773864379654,1357500
2019-05-07,139.6400909423828,140.79287216454512,138.343599979354,139.92126093095646,1632300
2019-05-08,138.86839294433594,139.74626765556576,138.5591074984726,139.3432541469943,1317000
2019-05-09,138.07180786132812,138.9153035046475,136.53162960704358,137.4938513164651,1125900
2019-05-10,137.43447875976562,138.54041012975378,136.36604434517952,137.55319051674223,1503000
2019-05-13,134.6134033203125,135.85053078840855,133.44499164959933,135.01640252327812,1632900
2019-05-14,135.71311950683594,136.48789933964034,133.85430288930303,134.5259732366335,1262100
2019-05-15,134.62281799316406,135.7193680573491,134.24168472294488,134.73528026613707,1039500
2019-05-16,135.7160186767578,136.3048866319944,134.81078600447574,134.86716499592893,1781400
2019-05-17,136.4677734375,137.33541056549495,134.87969824872096,135.06763300168538,1376100
2019-05-20,132.96897888183594,136.0292308318171,132.79984192293168,135.28061768970184,1578900
2019-05-21,135.28994750976562,136.1012195304865,133.26962495296794,133.36359944614227,1300800
2019-05-22,135.13963317871094,136.41760909238786,134.88903926378615,135.55622387529644,1023000
2019-05-23,134.8671417236328,135.46854142619478,133.16943465492662,134.55704298564774,1966800
2019-05-24,134.91415405273438,135.72855232305758,134.5758657610386,135.54374336312597,1095900
2019-05-28,133.7583770751953,136.00735746336957,133.7583770751953,134.92045566377394,1521600
2019-05-29,133.573486328125,134.10910090642156,132.83739087621734,133.74576337693327,1309500
2019-05-30,132.9877471923828,134.5037852541595,132.68705455256213,132.81547013990817,1253100
2019-05-31,131.384033203125,132.49287241721612,130.80455706747426,131.74111920506112,1446000
2019-06-03,133.68936157226562,133.81151121256107,130.77005829552988,131.2712317169698,1567500
2019-06-04,136.37693786621094,136.37693786621094,133.86170644668888,135.13654269787008,2294400
2019-06-05,140.88111877441406,140.92182576580052,135.76921537845456,137.2382516924759,2216700
2019-06-06,146.1402587890625,146.1402587890625,140.37370174281023,140.95317783013394,2589000
2019-06-07,148.4644317626953,150.03370893535302,145.58584876753255,146.13713542963995,2902200
2019-06-10,147.7032928466797,149.4229236044759,147.65944571076537,149.3195573511056,1480200
2019-06-11,147.4902801513672,149.5262753972914,145.92100306632773,148.74319258197465,1880100
2019-06-12,148.4300079345703,148.6492723288442,146.76675587654142,148.37362893912925,1341600
2019-06-13,150.03993225097656,150.0806535804544,148.73690706167136,149.18168721674255,1673100
2019-06-14,148.36105346679688,149.75805344411117,147.78471749134633,149.75805344411117,1434300
2019-06-17,146.5161590576172,148.55528040580646,146.12775772243862,148.36107973821717,1250100
2019-06-18,145.57958984375,147.7440007035447,144.85915192912614,147.5873812719309,2081400
2019-06-19,145.6516571044922,146.2092097804416,144.28911221218297,145.5858720542863,1707300
2019-06-20,147.7377471923828,147.97579498347736,144.8967596496712,147.0674366161945,1603200
2019-06-21,145.8677215576172,147.72204765400429,145.57329486468686,147.21774838366963,2250000
2019-06-24,145.9523162841797,147.3430502163132,145.29452335200358,146.32818566956777,1151400
2019-06-25,145.12855529785156,146.35329280267257,144.1700837790815,145.31336425284405,1453800
2019-06-26,142.29071044921875,145.00014255786246,142.2687725403999,144.57414564870714,1312200
2019-06-27,142.44102478027344,143.42769998027313,141.2632890678706,142.84822384156695,1122000
2019-06-28,143.5498809814453,143.5498809814453,141.717492158112,142.52562445180024,1647300
2019-07-01,144.49266052246094,145.23188180155918,143.32119087405425,144.56157134522005,1261500
2019-07-02,145.14730834960938,145.6766713496086,144.08545655709216,144.60855363355608,1002000
2019-07-03,147.26785278320312,147.30230818894827,145.20054277699043,145.9491556500466,642300
2019-07-05,146.00875854492188,146.3846280932288,144.2170764178814,145.90851806227087,683100
2019-07-08,144.9594268798828,146.2812504611731,144.74642841697516,145.70177419863862,946800
2019-07-09,144.7557830810547,145.10347735267243,143.73152671589568,144.70881015706527,852600
2019-07-10,143.31494140625,146.3250657124098,142.5318585709806,145.87089372707348,1485600
2019-07-11,145.71426391601562,145.7455935361354,143.15831177720133,143.4057655914013,1232100
2019-07-12,147.1332244873047,147.53103190127516,146.03379112942505,146.12149974935213,1272900
2019-07-15,148.4300079345703,148.46760349053332,146.84819857595784,147.31177672997754,1000800
2019-07-16,146.4472198486328,148.51453029076885,146.25614501143804,148.47068316093683,1507800
2019-07-17,143.0988311767578,146.53495265157858,143.0236544142716,146.27810707720977,1735200
2019-07-18,143.36187744140625,144.01338996849012,140.21079246843078,142.74794610921404,1743000
2019-07-19,143.0205078125,144.42064806577613,142.67282784791828,143.6563629638255,1464600
2019-07-22,142.3909454345703,144.61487598696937,142.1372256171295,143.21160967595057,1603200
2019-07-23,153.55442810058594,154.19028330041888,145.97113863441425,146.90456076163937,6339300
2019-07-24,156.9685821533203,157.0656824601655,153.04694566138494,155.0484852409971,2743200
2019-07-25,159.5276641845703,159.9129396298351,156.35465491367415,156.79943512625746,2669400
2019-07-26,160.4673614501953,160.78999201604867,158.08682649329396,159.62791402661927,1778700
2019-07-29,159.790771484375,160.4673478405012,158.5472509261289,159.78137976833077,1946700
2019-07-30,161.3193817138672,161.76102189433539,157.9740802994697,158.51910107476198,1707000
2019-07-31,160.69915771484375,162.80092357548898,158.9669953429615,160.7022835076261,1909800
2019-08-01,160.6710205078125,163.90040999627305,160.10093594050556,161.17844581409346,1615500
2019-08-02,159.8941650390625,160.88084025523364,158.39067292068287,159.53395323634132,1261200
2019-08-05,155.1612548828125,158.53787099082666,154.5849189218216,157.31314811215924,1532700
2019-08-06,156.2606964111328,157.16906903896526,154.40325849355057,156.1980515062995,1704600
2019-08-07,160.6835174560547,161.22227227581934,154.0618401773424,154.99840235643933,2234400
2019-08-08,163.91604614257812,163.9599076195433,161.77043273523287,161.81427987369625,1599900
2019-08-09,162.80409240722656,164.1321962283432,161.45721948595508,163.0640781398526,992100
2019-08-12,161.54177856445312,163.6686085596996,161.09698389525244,162.29039175161566,969300
2019-08-13,164.71163940429688,165.07185119910514,161.241048515914,161.450921139137,1571400
2019-08-14,161.39454650878906,164.24181445868388,161.3381675206033,161.9520991424623,1548900
2019-08-15,163.30003356933594,163.74580584988388,161.71474772369052,163.19644012068923,1291500
2019-08-16,166.40467834472656,167.0105325662008,164.02204356268257,164.7754347328031,1806600
2019-08-19,165.88671875,168.49223259126774,165.03914645971315,166.77196922253114,1446900
2019-08-20,164.49290466308594,165.14584936340853,163.07712776467747,164.9417951632989,1209300
2019-08-21,165.641845703125,167.66660944015646,164.73147656522477,166.13782674231282,1467000
2019-08-22,164.3359375,166.89436038449023,164.05655569196773,166.80332634715433,1248000
2019-08-23,160.91424560546875,164.20096972410656,160.17653216385864,163.96553140423316,1839000
2019-08-26,161.1842041015625,162.5277716390067,159.88458006589914,162.11026526204776,1047000
2019-08-27,161.79006958007812,163.23409798418496,160.88599447717158,162.5371953827662,980700
2019-08-28,164.08164978027344,164.13502000811695,160.84201659611853,160.86400271582787,899400
2019-08-29,164.7063446044922,166.32302854970396,164.1664201051549,165.8239005173408,1246200
2019-08-30,165.35617065429688,166.31676299657113,164.54626228140177,165.7140414890688,1274100
2019-09-03,165.49114990234375,165.9588794602257,163.23093364468372,164.9700501156384,933300
2019-09-04,167.84237670898438,168.0432838518657,166.3387129850762,167.12978216579415,1065600
2019-09-05,167.79531860351562,169.40257591950976,166.837858946594,169.40257591950976,1296300
2019-09-06,167.86439514160156,169.20168311976894,167.66975328664324,169.1765643333188,984000
2019-09-09,164.18841552734375,167.76393394336952,163.22469046496576,167.6791795943364,1382400
2019-09-10,163.78028869628906,164.02828636718255,161.31916544338694,162.87619937746513,1447200
2019-09-11,165.56024169921875,166.58046970440114,163.08342579188133,163.55744950002324,1540500
2019-09-12,169.18597412109375,172.33457371870836,166.66208218180034,167.4468718062545,1878600
2019-09-13,169.99276733398438,170.59862159498695,168.25051780687465,168.28191629268596,1188300
2019-09-16,165.5884552001953,168.26303065073407,165.55077702764552,168.26303065073407,1257900
2019-09-17,168.73709106445312,169.20168803717712,165.65127392539927,166.0091447926387,1038000
2019-09-18,170.40713500976562,170.76499151507082,167.88637556521576,169.23622300632096,969300
2019-09-19,172.58566284179688,172.88388368999907,168.7370432577343,169.55949649466407,1564200
2019-09-20,172.8242645263672,173.93552635933034,171.22956672143192,173.33595194358324,2411400
2019-09-23,170.03358459472656,172.85884488363362,169.87662089978164,172.05834872043653,1451700
2019-09-24,170.30039978027344,173.31402212213843,169.1765782842126,171.8134906483363,1599900
2019-09-25,170.9407958984375,171.5592095373879,168.972534805675,171.38655379503888,1399200
2019-09-26,172.13685607910156,172.82433213232153,169.9300092339028,171.16370405886556,849300
2019-09-27,170.8591766357422,173.1758962796337,170.09949135861004,173.1758962796337,1079700
2019-09-30,172.61398315429688,172.81803739869798,171.25159056252352,171.37400873914697,1012200
2019-10-01,171.04124450683594,173.63106630531306,170.6111786621936,173.00009326426783,1458000
2019-10-02,169.83261108398438,171.2264015920934,167.88632238058523,170.63309256465013,1507800
2019-10-03,170.5170135498047,171.11345544754624,168.53304598540697,169.83580292573978,1047300
2019-10-04,172.29063415527344,173.41758823061136,171.32376204973127,171.32376204973127,1071600
2019-10-07,172.42874145507812,173.74719022135085,171.66277660942544,171.90762727458642,915000
2019-10-08,171.38026428222656,172.96869702085968,170.02413720909075,171.18878382987273,1085700
2019-10-09,174.43154907226562,174.87730694046252,171.0851892874533,171.0851892874533,1212000
2019-10-10,175.38583374023438,175.43292427216826,173.477208640613,174.65440008889627,1318500
2019-10-11,172.6579132080078,177.1877442633897,172.27492357102113,176.8612718949858,2163600
2019-10-14,172.7646484375,174.51003053889593,172.4005122408149,173.01577883107808,859200
2019-10-15,175.44546508789062,175.6557989601502,173.4991762313826,174.52569807088946,1248300
2019-10-16,177.12496948242188,177.41063102112577,174.5163087133384,175.23518311019944,1210500
2019-10-17,175.96348571777344,177.9913968619334,175.5177277959061,177.10929337921814,1245900
2019-10-18,176.06390380859375,176.4688507844795,174.85531383673882,175.07506008071488,1362600
2019-10-21,172.78347778320312,176.6603640879789,172.4758301354069,176.2805214856062,2399100
2019-10-22,177.9568328857422,181.55746985698806,171.45246152059337,175.00914061848437,3324000
2019-10-23,177.00880432128906,178.9331217068325,175.28539410886887,178.9331217068325,1838400
2019-10-24,180.20445251464844,180.50267335688864,177.75902149026317,177.94423656449987,1363500
2019-10-25,180.48072814941406,182.0722934696099,179.90627245184328,180.7381525882344,1298700
2019-10-28,181.5198516845703,182.45532547239307,180.51216855737505,180.51216855737505,1586400
2019-10-29,182.5777130126953,183.1113722736363,180.61259904029737,180.61259904029737,1845300
2019-10-30,184.02798461914062,184.3136460979995,181.3753808982793,182.80998235805703,1610400
2019-10-31,179.6614227294922,184.89756904063793,179.42913142612846,184.4266923670455,2370900
2019-11-01,181.9592742919922,182.2009922872414,179.8779934025135,180.77267043623425,1533300
2019-11-04,179.2470245361328,183.49434075007406,179.2093607301838,183.41585173515855,1831200
2019-11-05,177.3353271484375,180.18570656143388,175.40159685306614,178.46542852261462,2490600
2019-11-06,180.57803344726562,180.7569544745562,177.23165986544794,177.45453876138214,1567500
2019-11-07,178.7635955810547,181.5009537516392,178.0133228256784,181.49780671876437,1793400
2019-11-08,182.49609375,182.53062489468326,179.07437776321115,179.36633334645282,1129500
2019-11-11,181.88710021972656,183.0140542792381,181.34088157803404,181.5857322643038,976200
2019-11-12,184.3450469970703,184.99171193891874,181.71126795800888,181.90904244290164,1352400
2019-11-13,185.1298828125,186.18150934552853,183.64191073445477,184.1630106356219,1080000
2019-11-14,186.65216064453125,187.13966350411167,184.20204844343556,184.62350949507461,857700
2019-11-15,186.43826293945312,187.76868775029425,185.9098709458827,187.13964212110935,1131900
2019-11-18,184.33413696289062,186.101745069534,182.5916958661308,182.73951605518937,1452900
2019-11-19,183.7428436279297,185.13931034062898,183.41888316168524,184.87825300211318,2064000
2019-11-20,181.17002868652344,183.73965478843445,180.1038000025372,183.73965478843445,1882200
2019-11-21,178.82374572753906,181.3650666641292,178.21357530494154,180.2233511298781,2166600
2019-11-22,180.7957763671875,181.16376468830651,178.72308312032274,179.24833645304562,1986300
2019-11-25,182.4250030517578,183.1137987824275,181.26756533966426,181.71104031084144,1281000
2019-11-26,184.68006896972656,184.75555558444725,182.22051263187583,182.76464111368765,2161800
2019-11-27,183.9503631591797,184.62028339201072,183.12316356629182,184.08559979676795,918000
2019-11-29,183.4062957763672,184.48510815013427,182.67031911919082,183.8088815443543,709500
2019-12-02,180.7957763671875,182.6011205340859,180.22020341388824,182.6011205340859,1001400
2019-12-03,181.7645263671875,181.8966243854845,179.2766635587225,179.81763913795862,1374600
2019-12-04,179.68865966796875,183.36540422922388,179.52511730047624,182.20798095933014,1279800
2019-12-05,180.06295776367188,181.03482482901512,178.5060872525192,180.66683646832792,1192200
2019-12-06,181.96263122558594,182.64514952028836,180.3019686864896,181.7676301121285,1000800
2019-12-09,181.34304809570312,182.1828170746924,180.6668214870113,181.7456338654238,765900
2019-12-10,179.54403686523438,181.0851854189128,179.38991049178165,180.7486413759929,1243200
2019-12-11,181.00340270996094,181.07259760329967,179.33015615999247,180.39323217735674,813900
2019-12-12,181.41854858398438,182.58855546794868,180.8272389914906,180.9278926404101,1304100
2019-12-13,179.97799682617188,182.170204272381,179.9056632812969,180.84922442718204,1213500
2019-12-16,182.26773071289062,182.70177523659527,179.67293719313258,180.62592890270682,1358400
2019-12-17,181.8367919921875,182.6293798058406,181.22662175526438,182.45954573045728,1136100
2019-12-18,180.09756469726562,182.33695374414953,179.35215750598678,182.33695374414953,1004100
2019-12-19,181.74560546875,182.31802527175807,179.8113022313052,180.52526484540468,1141200
2019-12-20,182.73004150390625,183.24271122447416,181.21090759505765,182.82125029630677,2224500
2019-12-23,183.4471893310547,183.73969103540145,182.25201550346884,183.02258961837057,697200
2019-12-24,182.78041076660156,183.66420764780852,182.17339341205948,182.5382286807698,294300
2019-12-26,182.9250946044922,183.10751224116282,181.56007221182406,183.0571926168405,453300
2019-12-27,182.95338439941406,184.01332148129327,182.6986188271589,183.59499914719473,525300
2019-12-30,182.02554321289062,182.67660278023277,181.53488733063827,181.87143127992226,696000
2019-12-31,183.53526306152344,183.62647187887458,181.42797224182596,181.82426627459478,867300
2020-01-02,179.8585205078125,184.03219860741314,178.8803617203927,184.01018467158886,1945800
2020-01-03,177.53103637695312,179.75784141440883,177.48071675967768,177.81096894310093,1635600
2020-01-06,177.20394897460938,177.93049518757635,176.4207913887675,176.83282197598365,1926600
2020-01-07,176.24462890625,178.06255620089306,175.93954377348675,177.92416647479016,1803600
2020-01-08,179.05014038085938,179.38039250871964,176.44591705558113,176.7730161092413,1886400
2020-01-09,177.9022216796875,180.26426397140202,176.99954943254727,179.7830528173225,2245200
2020-01-10,178.36135864257812,179.65089410218476,178.10030135573282,178.60040199871605,1002000
2020-01-13,180.80519104003906,180.927858602256,178.12234203258492,178.48088549524797,1306500
2020-01-14,180.68252563476562,182.0978673271644,180.08178576542826,180.7674426808855,1810200
2020-01-15,183.85601806640625,184.87191267071864,180.52210998003187,181.20461377570683,1460400
2020-01-16,183.98814392089844,185.51043111733063,182.9848182687045,185.51043111733063,1494900
2020-01-17,186.97291564941406,187.16163938516462,183.6264239805517,184.41587316262945,2143500
2020-01-21,186.52951049804688,188.1618821572405,185.67717228230606,186.96669377373894,1596000
2020-01-22,186.4886016845703,187.64603942603148,185.8469868830319,187.47934397292556,1093800
2020-01-23,187.62399291992188,187.65229860345232,185.39404928704013,186.87543284967023,1297200
2020-01-24,187.08934020996094,188.69654467386,186.17408456389748,188.39775121117702,1400400
2020-01-27,183.76486206054688,185.55133108840724,183.2238865102787,184.90342453766422,1233300
2020-01-28,185.8972625732422,186.49800243652172,183.83715317079574,183.83715317079574,1189500
2020-01-29,185.64881896972656,188.08320877954503,185.64881896972656,186.510616257723,1906500
2020-01-30,178.93069458007812,179.518851126106,174.71612697465588,176.886306713117,3222900
2020-01-31,175.18472290039062,177.38951408129373,173.363656608171,176.24779863976178,2703600
2020-02-03,180.8209686279297,181.81798833949307,175.458393676262,175.91759087305334,2517900
2020-02-04,184.61402893066406,185.56388185238228,181.2895509034507,182.05698622223787,1922400
2020-02-05,183.18927001953125,184.7744459893711,179.56913699631116,184.61090362932194,2439900
2020-02-06,183.01939392089844,184.1768313612399,182.2016534487178,183.6987590620206,1985400
2020-02-07,180.0786895751953,182.83702566965258,179.78932653762726,182.83702566965258,1704600
2020-02-10,179.9937744140625,180.77379345606798,178.91811495253322,179.62578602979207,1518600
2020-02-11,181.4908447265625,182.7835189293001,180.11639215048942,180.29880975439085,1223700
2020-02-12,182.4658966064453,183.0477613526824,181.05369327345656,181.5254739436376,1109400
2020-02-13,182.3463592529297,183.2301704979781,181.19522771682446,181.55063254176858,838500
2020-02-14,184.13597106933594,184.13597106933594,182.160792846904,182.53821158558983,916200
2020-02-18,182.981689453125,183.64217945520554,181.2266649346811,183.40315046306296,1239300
2020-02-19,185.26828002929688,186.31877239941903,183.97559116711443,183.99446642576925,1479000
2020-02-20,183.705078125,185.96963373128426,182.42183426738615,184.2366231886633,1021800
2020-02-21,180.32713317871094,183.42516606082455,180.02833973702104,182.5193409086095,1149600
2020-02-24,178.36451721191406,179.89622035408956,175.19099807783323,176.55915887428682,1697400
2020-02-25,173.28814697265625,179.52822522747513,173.06484019518118,179.21055657897676,2530500
2020-02-26,173.1780548095703,177.74488696019716,172.62449590704597,174.6091186015831,2172300
2020-02-27,165.23643493652344,172.46727035489897,165.09175343894913,170.58328660690532,2345100
2020-02-28,162.9440460205078,162.9440460205078,156.9276498977584,160.23225155450316,4074900
2020-03-02,169.74559020996094,169.74559020996094,161.7678745540241,164.6057967770589,2520900
2020-03-03,170.45819091796875,174.18849163708245,167.31440384899665,170.43928183220876,2212800
2020-03-04,181.2423553466797,181.26757227987267,171.94657389664317,174.45972203880902,2210100
2020-03-05,174.97683715820312,178.4863931208425,173.19525445930486,176.90977918318058,1775700
2020-03-06,170.59071350097656,171.70066296550485,166.96133637587872,171.1456882332407,1971900
2020-03-09,166.22659301757812,169.75192615355763,157.82002938562698,158.0880621537932,3484500
2020-03-10,172.17361450195312,172.31235815627682,162.52468042217848,170.9911467364312,2829300
2020-03-11,164.0129852294922,168.58833502460288,160.0430438139273,168.06806084520397,3127800
2020-03-12,152.1883087158203,160.61377976884984,148.52107151175252,153.45905717287926,3269100
2020-03-13,157.4510955810547,159.3840377448964,145.9543536341134,158.47274945385587,4273800
2020-03-16,128.0438995361328,142.10422100801253,127.84523863719762,141.58078569753613,4736700
2020-03-17,132.55616760253906,136.91080006876288,119.09811681343606,130.89125871591713,5943600
2020-03-18,127.03170013427734,129.34302579288234,102.61611259496581,122.59507959962674,5138100
2020-03-19,140.3572998046875,141.56814520521436,122.37748841006075,125.7640766014897,3081600
2020-03-20,130.1344757080078,144.11282214554686,128.01548896758007,142.91143124635312,3788400
2020-03-23,125.08927917480469,133.3223954785073,123.21940169759112,129.54166121869272,2876700
2020-03-24,143.1637420654297,145.1786718726186,131.3169935001513,131.98233373836385,3735300
2020-03-25,142.41954040527344,149.72562223992333,141.02895742057405,142.6118934627804,2766900
2020-03-26,146.9854736328125,149.23373567629858,143.15742199649029,146.6354533686029,2562900
2020-03-27,144.942138671875,148.67242527628483,141.8961012111228,142.21142106900822,1990500
2020-03-30,151.93287658691406,153.39913909533274,145.96062213853554,148.72286433858812,2259600
2020-03-31,144.89801025390625,151.90766726563487,144.27681059582568,150.24906591068998,3840600
2020-04-01,134.0067138671875,140.168162091457,132.8778410774648,138.71451482158855,3430500
2020-04-02,137.76849365234375,138.73337665252706,129.91690727370164,132.49941201911344,3257700
2020-04-03,132.44583129882812,139.55956072039595,131.25076240097093,137.1662473523804,2051400
2020-04-06,144.6142120361328,145.98901824868915,138.1468995900891,139.62261682403218,2193300
2020-04-07,146.105712890625,152.9230321130334,145.68948193144396,149.89277084400325,2435700
2020-04-08,153.97622680664062,155.1303165021162,145.69579129851314,148.28145799848977,1770900
2020-04-09,155.18704223632812,163.39178203307813,153.76808119381568,157.11051506226642,3194100
2020-04-13,154.25682067871094,155.26901975250436,149.11071998575935,152.08423880384723,2571900
2020-04-14,159.04661560058594,161.02053668815338,154.51224528692035,157.66234048582405,2263200
2020-04-15,155.35418701171875,157.6560584516484,153.1973670614007,154.74876412100525,1869900
2020-04-16,152.9419403076172,158.28984938742107,150.1260882079266,157.56460641971643,2226000
2020-04-17,162.9440460205078,163.35711581469343,156.8866561452516,156.8866561452516,1824300
2020-04-20,156.36004638671875,162.36384075206345,155.4329958474188,159.81286037432986,1747200
2020-04-21,152.90090942382812,155.42035010953833,151.236000592749,154.00138929067285,984600
2020-04-22,157.75379943847656,159.35249800314037,155.98167132368062,155.98167132368062,1117200
2020-04-23,157.25241088867188,160.39619811574678,156.91500638342907,157.80107752605306,915300
2020-04-24,159.57322692871094,159.7876502466018,155.95645189871158,158.16373462676503,807300
2020-04-27,161.27597045898438,162.3417646870038,156.8078247908918,158.91103517831615,1401000
2020-04-28,160.41514587402344,163.93102435878012,159.2579094883372,163.6535370530071,1564500
2020-04-29,169.9158477783203,176.4651473607009,165.22382475208107,169.01402864877926,2886600
2020-04-30,169.13070678710938,171.4168157249363,165.11347790968455,166.45045158837476,2059200
2020-05-01,165.99951171875,167.04323558451745,163.99090477599114,165.74725583726865,1241100
2020-05-04,166.75634765625,167.08113659092834,163.01029752934053,165.2963924538543,1184400
2020-05-05,167.97032165527344,170.19335215120714,166.9738848158985,168.37077575242807,1121700
2020-05-06,165.23643493652344,169.20321493590197,165.05353643290962,168.69868874248286,1025700
2020-05-07,166.66799926757812,168.1626399110593,165.9269940035555,167.0463975260391,1172700
2020-05-08,173.32766723632812,174.55743633712527,168.6041050234314,169.97891115516637,1477200
2020-05-11,176.21604919433594,177.7706072346752,171.15824326686433,171.28753235642327,2395800
2020-05-12,174.5196075439453,177.76745294929853,174.5196075439453,175.6642425677406,1867800
2020-05-13,172.8988494873047,174.91061794677566,170.18074710522498,173.56733635990568,1466700
2020-05-14,172.02540588378906,172.04747611210922,166.55136858032296,170.3762589538952,1631100
2020-05-15,179.22422790527344,179.22422790527344,170.05457703709962,170.4298141341272,2658900
2020-05-18,180.44456481933594,184.81812180724816,180.3341992465391,182.88832650388693,1856700
2020-05-19,177.76116943359375,181.51668831749402,177.37331653130994,180.0189005837582,1665000
2020-05-20,178.04177856445312,181.50403254462054,177.94086754692484,179.9873216194594,1890000
2020-05-21,180.16268920898438,180.55778764859087,177.95016977846083,178.84150329270696,1605300
2020-05-22,182.47000122070312,182.479478256897,179.51154542736018,180.69682604568763,837600
2020-05-26,184.31271362304688,185.18507842367669,183.12427881313306,184.90377683885183,1377900
2020-05-27,184.22740173339844,185.0618440329394,180.96867536854,184.90380177260707,1355100
2020-05-28,186.48728942871094,188.35529263835446,185.17873513781694,186.48413523990715,1647900
2020-05-29,187.7010040283203,188.47538626986457,184.9732819736664,185.9373061882665,1315500
2020-06-01,184.10092163085938,188.0423697678128,183.3360164060036,187.5651034010158,1040700
2020-06-02,188.73143005371094,189.38570722562588,183.06737485832855,183.4340131497112,1582200
2020-06-03,187.79893493652344,190.7068211321963,187.4607423476319,189.42672731355154,1545900
2020-06-04,181.79360961914062,187.4323885383247,180.74107980300025,186.66432897739273,1907700
2020-06-05,184.9954376220703,186.7844271644029,179.0058204774233,184.28426924498487,2654400
2020-06-08,181.7430419921875,184.67305235370137,180.32070517955844,184.40755063951127,2092500
2020-06-09,183.8828582763672,185.1819211853295,180.24166527308665,180.38706181559047,1523700
2020-06-10,183.62680053710938,185.15027359797088,182.48893425863832,184.2842318146696,1123200
2020-06-11,172.6780242919922,182.1160101389317,171.92576458343115,181.4807014079114,2883300
2020-06-12,173.0889129638672,177.40966065649124,170.4180812920618,177.0651450305609,2205600
2020-06-15,180.16580200195312,180.7948022772836,169.40661722657845,169.4161087312047,2628300
2020-06-16,182.17286682128906,185.95944156912026,178.92361826805796,185.35890137919992,1303800
2020-06-17,183.95553588867188,185.85198471226641,182.2360833606937,183.4087326512048,1228800
2020-06-18,183.8607635498047,184.91646220418625,182.5490546439206,182.69129703018268,834900
2020-06-19,184.7995147705078,187.0468027228725,182.95680231211696,187.01203429028476,2114100
2020-06-22,184.1041259765625,187.8907015869421,181.46490851605085,187.8907015869421,1333200
2020-06-23,182.16339111328125,186.38298682386431,181.47119134854105,186.38298682386431,1479600
2020-06-24,179.1038055419922,181.80308254424142,178.9299634160051,181.7335456938466,1248300
2020-06-25,181.17726135253906,181.52177693891716,176.22120548004239,179.41356321164915,985500
2020-06-26,176.22120666503906,181.3890273080067,175.69335744800648,181.05082009765263,1648500
2020-06-29,178.8983612060547,180.0994417191962,174.79254736836043,177.34642778775287,1030800
2020-06-30,182.64389038085938,183.28552206832666,178.17774549453452,179.40411770013878,1443300
2020-07-01,182.55215454101562,183.93655397910618,180.63358312852168,182.61852272126396,1906800
2020-07-02,184.2621307373047,185.3999971494616,183.3834431591313,184.22420812669392,1351500
2020-07-06,187.1668701171875,187.34702060960495,184.51183875351438,186.48414735313565,1644600
2020-07-07,186.08590698242188,186.98354872044564,184.61931027882255,185.05865411143202,1329900
2020-07-08,185.25779724121094,188.26682156456138,181.86947441070967,186.48416922160774,1419000
2020-07-09,183.22540283203125,185.7698060209253,180.79479641366206,185.5675183351391,1049400
2020-07-10,184.52452087402344,185.41583988255366,180.99395539460713,184.03776285761234,820800
2020-07-13,182.0717315673828,186.68642560378524,181.93265788289503,186.08588540940846,1142100
2020-07-14,185.44105529785156,185.57697477150745,181.82200036639819,181.82200036639819,1150500
2020-07-15,188.8357696533203,189.02541168011112,185.51066069605525,186.48417668984422,1210200
2020-07-16,189.25613403320312,190.75433055505968,187.5303728798675,188.01080800119647,1049700
2020-07-17,192.83409118652344,193.79496139114866,189.3130176977871,189.64490206390204,1822200
2020-07-20,192.19879150390625,193.66854245749965,191.70572515294933,192.39792502665466,970800
2020-07-21,193.88031005859375,194.3923594281891,192.17351740996574,194.38603658064704,1511100
2020-07-22,197.83120727539062,197.83753012154847,193.21651345552735,193.21651345552735,1146900
2020-07-23,195.49227905273438,198.6340538581825,193.71276664462323,196.8672016123374,1140600
2020-07-24,195.97276306152344,196.54801204102395,194.0415452553251,195.18256617620622,1344600
2020-07-27,197.7111053466797,199.72133639485958,197.08211959693537,197.93236155953142,2471700
2020-07-28,200.2492218017578,208.56830933003954,196.46264645636697,205.44865693271828,3127500
2020-07-29,204.6995391845703,205.758391795848,200.55580278697195,200.71699921426617,2015400
2020-07-30,204.6995391845703,205.5086899789336,202.05715340883566,202.70827643379698,1373100
2020-07-31,204.7912139892578,205.29061766021658,202.36693008381815,204.20964223835423,1772100
2020-08-03,202.64822387695312,206.2862483927075,202.56920998942314,205.03458507418668,1411500
2020-08-04,205.73629760742188,207.92986282985675,202.5660621808091,202.5660621808091,1848600
2020-08-05,205.6793975830078,208.26172379334716,205.6793975830078,206.42848863663912,1410600
2020-08-06,206.89308166503906,208.26168128842596,205.249488866453,205.5371132655788,1289100
2020-08-07,207.5726318359375,207.83813350227268,206.27041488915282,206.731881382128,1127700
2020-08-10,205.84373474121094,208.3533697426503,205.21159470700618,207.34509987715262,1049100
2020-08-11,206.2071990966797,208.99814989092522,205.46758519948045,207.02899553106917,1179300
2020-08-12,212.36752319335938,213.5844180745109,206.87730961108016,207.414635872317,1722300
2020-08-13,211.52671813964844,213.2082479244704,210.28771523077322,211.03048324462324,834600
2020-08-14,210.68284606933594,213.02496186142264,209.65560763147204,211.8270354810896,678900
2020-08-17,212.08621215820312,213.08815912773218,210.4015279411879,212.0040296171278,1032900
2020-08-18,211.7637939453125,213.67605714643486,211.34974154092012,213.3504956567178,887400
2020-08-19,210.21823120117188,212.65832949341814,209.82630146349433,212.52557863166416,949800
2020-08-20,211.42173767089844,212.32436672903142,210.08521339357142,210.08521339357142,957900
2020-08-21,214.04087829589844,214.7123079993599,210.4556913046373,211.52301690791788,1068600
2020-08-24,212.6442108154297,215.87151613525836,211.61805924927566,215.36478321249572,786300
2020-08-25,212.28948974609375,214.92455314552174,211.04481032793683,213.6861948407497,810000
2020-08-26,214.32278442382812,215.01638158596677,211.28550416888868,212.17546177424558,917100
2020-08-27,212.7677764892578,215.4440001478635,212.53340231653718,215.4440001478635,800400
2020-08-28,214.06944274902344,214.21830788493585,212.09632728962174,213.45501886316754,1015200
2020-08-31,212.5302276611328,214.21197749770178,212.08999685063085,214.21197749770178,1129800
2020-09-01,217.2777099609375,217.2777099609375,211.5452142294648,212.03929041063034,1512600
2020-09-02,221.4329833984375,221.6388545118809,216.47325831627077,216.80581265431059,1393500
2020-09-03,214.99742126464844,220.74892485602848,212.59041053831297,220.74892485602848,1576800
2020-09-04,215.24441528320312,216.7994816187727,209.37256506083253,215.60547262949885,1858500
2020-09-08,211.9759521484375,213.24279893000144,209.5689273157032,212.46051767160859,1951800
2020-09-09,219.9349365234375,220.91040314726362,216.0393621452316,217.51841560642524,1585200
2020-09-10,222.5415496826172,224.65719495900083,219.4821010535483,220.72044516589426,2507400
2020-09-11,224.46710205078125,225.80678656788834,221.82254263212437,223.3807694836384,1420800
2020-09-14,227.27317810058594,228.35317510089723,225.18287582375615,226.13301454031208,1336200
2020-09-15,226.8456268310547,229.905074769514,226.08551293056146,228.27399551450074,1062000
2020-09-16,226.48776245117188,228.56856880053942,225.82266817232488,227.63108670019972,1212300
2020-09-17,225.67381286621094,226.0063672691019,222.57636537669813,224.86620352742634,1413300
2020-09-18,220.27069091796875,225.96202783795547,219.17486198667604,224.30244541068717,2295900
2020-09-21,216.26107788085938,218.47490287140045,213.52151313018896,217.86363960673472,1043700
2020-09-22,220.53353881835938,221.27464586178854,216.44476435895044,216.7203127072312,1332900
2020-09-23,214.51600646972656,219.61508674776857,214.04411211366622,219.15902417261753,1137600
2020-09-24,217.2333984375,218.83279971292654,215.13992092801348,215.78602284916383,902400
2020-09-25,220.8914031982422,221.13843402669005,215.9253427004202,216.88815256703342,856500
2020-09-28,223.9350128173828,225.55342072873287,222.2976125709627,223.51062836534447,1284600
2020-09-29,223.49478149414062,226.5574042507781,223.48212477011617,225.01500917770943,871200
2020-09-30,220.66656494140625,226.449731415918,219.13684096836786,224.86617649207832,2412900
2020-10-01,218.78526306152344,224.71729420628796,218.11067271692755,223.27625440634267,1557000
2020-10-02,218.2088623046875,220.7172279500517,215.6086520425942,217.48992265212578,1234500
2020-10-05,218.40524291992188,222.15828831744884,217.50577450754037,219.64676188360525,1940100
2020-10-06,216.11856079101562,220.61271290132183,215.67199443037993,219.12732375519727,1562400
2020-10-07,219.10203552246094,219.6911169994527,217.04655696951104,217.8161816546387,1350900
2020-10-08,217.98719787597656,221.05298187204883,217.0972400554647,219.9951520697221,1477200
2020-10-09,221.1923065185547,221.36332453655552,218.53191508746175,218.9594746304308,1356600
2020-10-12,222.4528045654297,224.46710847845648,221.44249930129425,222.33245694901336,943200
2020-10-13,220.805908203125,223.71016995580393,220.16298135692588,222.52567155095764,1303800
2020-10-14,219.79562377929688,221.31583725344308,218.7156266181195,221.31583725344308,1297500
2020-10-15,217.8984832763672,219.41871108561688,216.31175329312,218.00617417422055,1275300
2020-10-16,220.21682739257812,222.25645939256452,218.74094884230507,219.05132132144774,1140600
2020-10-19,215.9443817138672,221.40767973712417,215.21277078871324,220.5462105186344,1038600
2020-10-20,213.75906372070312,218.11070118711845,213.3378397699136,217.74014763310765,1578900
2020-10-21,213.4866943359375,216.790012821636,213.1858180086929,213.7812350512221,1533000
2020-10-22,214.73138427734375,215.5643360658417,211.87147150247614,214.17396638159994,859800
2020-10-23,216.41311645507812,216.96419869353673,213.37583578079003,215.72584031095852,1108800
2020-10-26,212.31802368164062,215.3141156742559,210.36706117746823,214.44950038041688,1461300
2020-10-27,213.2966766357422,216.09640830145565,211.4882435565648,214.4653433671804,1791600
2020-10-28,214.94039916992188,217.2650757590666,210.9086449066031,213.5341978140273,2416800
2020-10-29,219.19384765625,220.1249795781386,213.64504079810405,214.70601651123337,1851900
2020-10-30,217.89215087890625,220.11864717669647,215.7765205353476,217.34424370716326,2064900
2020-11-02,224.64447021484375,226.58908247519898,220.1154794239107,220.70456080289193,1852800
2020-11-03,224.89468383789062,227.6374092537921,223.36495983531103,224.84083838808274,1396800
2020-11-04,229.2969970703125,230.9850824081786,225.06570727851636,225.06570727851636,1410600
2020-11-05,231.1434326171875,234.59877674411138,230.72536922166955,231.2004386260367,1110600
2020-11-06,233.13235473632812,233.48074084013268,229.82587630252905,232.1125388680875,1279500
2020-11-09,218.77259826660156,240.0683852657606,218.7440952651737,236.10946914627962,3004500
2020-11-10,228.79656982421875,229.3318202484294,219.3458674073693,219.3458674073693,2378400
2020-11-11,230.40232849121094,231.33979608835364,228.204335079315,230.0317749309225,1159500
2020-11-12,227.60057067871094,231.1003602052725,226.0521628395421,229.95809260341744,1688700
2020-11-13,230.4467315673828,231.16699793176218,228.52073910568626,229.45040836537018,979200
2020-11-16,232.16644287109375,232.99776514046343,229.24096119794226,231.03052272785402,1522200
2020-11-17,231.9697723388672,233.0454151422087,228.24788498143164,230.04061330385292,1476600
2020-11-18,229.5995635986328,234.23210731194533,229.5963826846321,232.70272676534677,1462800
2020-11-19,231.22410583496094,233.3499874697213,227.17538363027433,229.59954492076352,1563600
2020-11-20,229.79624938964844,232.4774108668089,229.605873896097,231.62704666100566,968700
2020-11-23,232.93751525878906,233.7085455129181,230.49431205166363,230.80527178926155,1046700
2020-11-24,233.30557250976562,236.82122297998356,232.66780656239692,234.63823012977574,1643700
2020-11-25,232.02369689941406,235.42829141020775,230.90363759435712,234.41294081602246,1005300
2020-11-27,233.4705810546875,235.27600385820594,231.75082505483076,232.2553267093554,418200
2020-11-30,237.22105407714844,237.53199932213454,232.42985670993338,232.86138619557133,2643000
2020-12-01,235.83445739746094,239.55954027521946,234.7746900919421,237.9730484440186,1743300
2020-12-02,227.0738983154297,236.80858554092745,226.54400737094082,235.90745720127958,1773600
2020-12-03,224.6623992919922,228.41603744885472,224.24674535289458,227.0770324749745,1362900
2020-12-04,223.9833984375,226.55033801987037,223.09496477106805,226.09978114553095,2087100
2020-12-07,225.30650329589844,226.30282648767982,224.17374940595536,224.50057013834507,1911900
2020-12-08,228.2193145751953,228.83170589823706,225.53498620361256,225.73487542584348,1317600
2020-12-09,228.6571807861328,231.26218953111834,226.27745046676606,229.0411127412831,1691400
2020-12-10,228.39697265625,230.01518617860003,226.17271521346078,227.3530665422683,1383300
2020-12-11,228.0130157470703,229.26317274064866,226.33769121139272,227.99715475513358,1086900
2020-12-14,228.08921813964844,231.62707706453168,228.07017623037808,229.73916834977277,1545300
2020-12-15,229.196533203125,230.45620388619722,227.56880616891183,229.67566007191294,957600
2020-12-16,229.24420166015625,231.29711139636635,228.39067087432466,230.60223415307166,1149600
2020-12-17,230.43719482421875,231.4081287788888,229.586845094595,230.70372343534856,1515900
2020-12-18,231.06549072265625,231.45258910725767,228.00992480885944,230.5958919131351,2662800
2020-12-21,231.3637237548828,231.5255436679665,225.76659359182563,228.4287134472966,1051200
2020-12-22,233.87042236328125,234.7969254494276,230.3484237453903,231.6271223359086,1004700
2020-12-23,229.86607360839844,234.99042397520273,229.86289269465553,234.01314269539122,800700
2020-12-24,232.86456298828125,233.28023149624852,230.39916564376557,230.76722211143945,326100
2020-12-28,231.4176788330078,234.19721682820054,231.25903981675887,234.19721682820054,513300
2020-12-29,231.8142852783203,233.08030353245832,230.3578915063939,232.88992801466998,586800
2020-12-30,230.71646118164062,233.49916564936598,230.64348897495398,232.27439745978853,642000
2020-12-31,233.18499755859375,233.48008177128773,229.63761065416065,231.13208815034636,920400
2021-01-04,229.55511474609375,233.82276807716636,226.76607794590123,233.2103913428006,1224900
2021-01-05,228.40969848632812,231.01787367105533,227.72115406509496,228.6095877031831,1171800
2021-01-06,229.1997833251953,230.36107844471286,226.40756524105916,226.86763581890764,1648800
2021-01-07,233.2548065185547,234.80639523499678,229.72011417163642,229.94857349651585,1507200
2021-01-08,231.23684692382812,233.04860279723107,228.83172705815142,232.74082391256738,1203600
2021-01-11,233.19451904296875,234.35900946307575,228.17487729629536,230.2658705904097,781800
2021-01-12,234.53350830078125,235.06973189794476,231.5033177294868,232.90893294135915,926700
2021-01-13,231.0369110107422,235.19667495937844,230.62760436784515,235.19667495937844,1207800
2021-01-14,228.06700134277344,231.0273862986335,227.34038767560213,230.48798175384198,1224300
2021-01-15,230.215087890625,231.17332720076044,225.94425393562952,227.78776036585114,2126400
2021-01-19,230.234130859375,234.04804645103434,230.1770196589972,231.46524615541335,1353300
2021-01-20,233.6007080078125,233.84820929749668,229.43777698455077,230.8687818004113,1271700
2021-01-21,233.6418914794922,237.3288898321913,232.85181936643386,233.84814249531036,909600
2021-01-22,232.31561279296875,233.99728493104834,230.96709416871823,232.48694639584306,924900
2021-01-25,232.9850616455078,235.23470807611022,232.19182321859162,233.235729229631,1200600
2021-01-26,229.60911560058594,233.94974218612285,228.79048763754352,233.94974218612285,1313400
2021-01-27,227.67352294921875,229.3234729656743,223.86278853764335,227.92737146886375,1682100
2021-01-28,225.93157958984375,229.5297303085834,219.4936137692371,226.82317951019863,2002800
2021-01-29,219.50634765625,223.98975179515642,217.6184242484636,223.98975179515642,2347800
2021-02-01,221.5052947998047,222.00344916142492,216.26672171795704,220.40109644778863,1426500
2021-02-02,225.4524383544922,226.89613730472834,221.9875521590942,221.9875521590942,1223100
2021-02-03,222.5332794189453,230.8179166667564,222.32704295937668,228.5841458833549,1769400
2021-02-04,225.3826904296875,229.25689872051845,223.0473910160135,223.17430804151206,1771500
2021-02-05,227.36898803710938,230.38013748386803,226.21719200032175,226.42660946155587,1947300
2021-02-08,229.72647094726562,231.44304603185972,228.88880124621969,229.39330290033485,1424700
2021-02-09,226.23617553710938,230.11673034802408,226.14732782731383,229.77086772489977,1220400
2021-02-10,226.0172576904297,227.68306882962835,224.6465307719338,227.05481657119768,1541400
2021-02-11,228.22877502441406,228.92999933813314,226.23614354890128,226.64228370094182,1203000
2021-02-12,228.78724670410156,230.7703501845434,227.5878534951267,227.6005480996685,1308600
2021-02-16,224.46249389648438,229.212425894166,224.2784511707437,229.08868980541334,1562700
2021-02-17,228.89834594726562,229.67573816208417,221.77184879409745,223.060075510526,1719600
2021-02-18,230.59902954101562,231.81746480194,226.88030882685632,227.9273959554941,1444200
2021-02-19,227.47364807128906,231.44303624175038,226.25204647560452,231.3573694417819,1486200
2021-02-22,224.846435546875,226.86760850606709,222.65708084878582,226.41388528647408,1414200
2021-02-23,221.02615356445312,223.9008569526146,219.2683284644346,223.9008569526146,2318400
2021-02-24,216.4063262939453,221.48624568121755,215.8224906212062,221.1911614557382,2742000
2021-02-25,213.59503173828125,217.12020992304392,212.76370948545724,215.32430112684537,2021100
2021-02-26,216.40049743652344,219.7371316503889,214.8769107954083,214.92143652624029,2456100
2021-03-01,220.6945343017578,223.82759940162208,217.88273006324678,217.88273006324678,1862400
2021-03-02,219.371337890625,221.62651235978936,217.69189657456383,219.8580050186521,1482600
2021-03-03,214.13262939453125,220.7231806798573,214.01176342919607,219.7657754654675,1626900
2021-03-04,209.79087829589844,215.06460071738343,208.08281110702288,213.46784786635877,2100900
2021-03-05,214.9214630126953,215.30633835217438,209.04658476962663,211.0409242410619,2087100
2021-03-08,218.8719940185547,223.51592088575006,215.3413416788248,215.75166864436846,1971600
2021-03-09,224.57508850097656,226.67121967147673,220.26514892711464,220.57049528325663,2317800
2021-03-10,224.59417724609375,228.9009426515114,224.17113909659037,225.86330625501378,1690800
2021-03-11,223.9261932373047,226.4867138336944,223.70353547403386,224.40330869550888,1447200
2021-03-12,225.2398681640625,226.0382445424133,222.67934733653692,223.25824010080728,1228200
2021-03-15,228.05162048339844,228.05162048339844,224.06929112936885,225.23981674910308,818100
2021-03-16,228.0771026611328,229.26989137815346,226.21635517466243,228.223420212614,1269600
2021-03-17,226.58538818359375,228.58926500206093,225.3830475321006,228.3061814554332,1074600
2021-03-18,225.87606811523438,227.83859327817723,222.27224960405243,225.46574113807154,1385100
2021-03-19,224.64187622070312,227.11333090747706,224.49873284075477,225.36072360835956,2829900
2021-03-22,229.09178161621094,229.6197857507751,224.3524265219249,224.68323902881343,1058400
2021-03-23,230.90476989746094,234.8043962906274,229.50204942631245,229.6674556476607,1797600
2021-03-24,230.33546447753906,233.02957713615888,229.55300260561793,229.55300260561793,1266600
2021-03-25,235.12570190429688,235.76820909796496,229.05996631571452,230.06827467933576,1431000
2021-03-26,241.42678833007812,241.73849755495328,234.4767995909787,235.17020992432276,1691400
2021-03-29,240.5647735595703,244.28309382415182,239.00937263878157,241.42040131840005,1092600
2021-03-30,237.35543823242188,239.78871577813638,236.06722048199973,239.65194984317566,1084500
2021-03-31,234.74395751953125,238.45591485270327,234.73124628430713,237.36174395535343,1321500
2021-04-01,238.3191680908203,239.3020247563522,233.47167335497727,235.06523721618345,1474800
2021-04-05,244.18768310546875,244.7602274734295,238.75812147919865,240.17037914365153,1371100
2021-04-06,247.09814453125,247.6992856373072,242.68958713482778,243.39572336067812,1908800
2021-04-07,240.17996215820312,247.80427380007652,238.90129599360685,247.06952634513723,1742700
2021-04-08,241.8784637451172,243.3002731412547,239.61694099108922,240.1990224689271,1235900
2021-04-09,243.60560607910156,243.70103499562484,241.18186593973886,242.56549786687626,1554200
2021-04-12,245.8098907470703,247.3175627870872,243.36704736181395,244.0254690260942,1016500
2021-04-13,245.6286163330078,246.52559584331212,244.5312564574544,245.80992256088766,694000
2021-04-14,243.37661743164062,245.75265784356526,243.11897098687547,245.2373649540349,890600
2021-04-15,245.37098693847656,246.4969725919832,244.1304690971243,244.1590948638805,1181200
2021-04-16,254.70333862304688,256.9934870846009,246.74502685385886,246.94543632084785,2133400
2021-04-19,253.4437255859375,255.61937081062615,250.74323590883137,253.61548015400933,1157300
2021-04-20,255.00868225097656,257.41336300009345,253.01434296228166,254.07355451149243,1056900
2021-04-21,258.55841064453125,259.1500291755421,256.0583302091924,256.3446169673321,1168400
2021-04-22,257.384765625,259.7703433799912,255.73393533505015,258.5107513363585,1053700
2021-04-23,261.3829040527344,261.8790935672144,256.8025789066565,258.6728630528787,1108900
2021-04-26,257.20343017578125,262.4135232471499,256.6881372853939,261.6978500019304,1230400
2021-04-27,257.1556396484375,257.99536738131764,250.8481882671467,253.3291940813438,1538800
2021-04-28,256.64996337890625,259.06416666074887,255.8293386912312,258.0908615175209,1290000
2021-04-29,260.9249572753906,261.63107897874266,257.70920309122056,258.4057731648011,1686000
2021-04-30,261.335205078125,262.06042986178926,259.08323419110593,260.1328648569586,1279200
2021-05-03,265.1902770996094,266.6693231465381,261.9935981921569,262.4134620611197,1094300
2021-05-04,270.5245056152344,270.6199345454357,263.4059500586951,263.8544398219024,1644400
2021-05-05,270.3144836425781,272.2038709967235,267.6140234537407,271.8030812716098,1059200
2021-05-06,272.3280334472656,273.24408716908084,270.60084832806854,270.91576090548244,1065400
2021-05-07,274.0837707519531,274.5990345064242,270.05691491200673,271.70771584528666,887800
2021-05-10,275.438720703125,279.63733049205797,274.87572801313934,275.4959722227294,1497500
2021-05-11,272.7572937011719,274.80888383618543,270.22858822681525,274.2077138492836,1244300
2021-05-12,267.031982421875,273.71159899353955,266.94610513188024,271.4787020912241,1869900
2021-05-13,272.728759765625,273.8833711217334,267.3564345765837,268.1770883793654,1059300
2021-05-14,272.99591064453125,276.0494611276469,272.5187952015954,274.19825087939057,980400
2021-05-17,271.2210998535156,274.417750551123,269.92333049212226,273.3203906757637,1268700
2021-05-18,270.2095031738281,273.3584526378763,269.89459075493846,271.2209853226828,1034700
2021-05-19,268.39654541015625,269.26489912281943,264.5223698433941,267.7667494497362,1035600
2021-05-20,270.1844482421875,272.92845212499975,267.7177216859284,268.07147421745844,1029100
2021-05-21,270.70074462890625,274.7354899864393,270.42346730857565,271.4847540572219,1438400
2021-05-24,272.4599609375,273.1483544653359,270.2896233042605,271.37956270290886,923300
2021-05-25,273.05279541015625,274.0949416718052,272.0775832001976,272.96674984850205,835200
2021-05-26,273.1005554199219,274.4868836107594,272.60336449592484,273.4925309406364,960900
2021-05-27,273.2248840332031,275.710751666017,273.0432225676363,273.5977773081701,2675800
2021-05-28,271.08319091796875,274.28613363318595,270.93978166938035,274.02796780785326,1444600
2021-06-01,270.4234619140625,275.9688623206913,270.2513708267546,273.34912710978307,1201600
2021-06-02,270.0122985839844,273.0335791380572,269.1326734392324,272.4885949454782,1304100
2021-06-03,270.16534423828125,270.57646047942956,265.92025538628224,268.4443457108398,1008100
2021-06-04,270.7677001953125,271.8480693583283,269.0753834681967,271.1883867913738,1049100
2021-06-07,268.48260498046875,271.7237999936361,268.1288524297896,270.5955791195756,849500
2021-06-08,268.66424560546875,269.80200755631955,266.5034490974879,269.5629824267773,926100
2021-06-09,264.80157470703125,268.14792631039967,263.9888834820677,267.23964838192194,1879800
2021-06-10,265.6620788574219,270.0601471243247,264.2853209399532,269.57255569571777,1206800
2021-06-11,264.5912170410156,266.5607815433061,262.97540502051487,265.6620448273636,1151900
2021-06-14,261.7420959472656,265.0310841740276,259.58129936699663,263.93154519905113,1150000
2021-06-15,259.6960144042969,262.8511635763616,259.2179641519724,262.8511635763616,1325600
2021-06-16,256.69390869140625,260.7955594027331,255.7664899094158,260.2983975771445,1251600
2021-06-17,257.4109191894531,258.156676328525,254.05499747469537,257.8029238517416,1302400
2021-06-18,256.3879089355469,258.1758121696903,254.42788543933986,255.14496080134631,2048600
2021-06-21,261.111083984375,262.44961901078574,257.3440452242707,258.14716624011714,1041800
2021-06-22,261.4552001953125,263.09015284348686,260.0497314779282,261.4265183511972,672600
2021-06-23,259.45697021484375,262.5069329348114,259.3135609852576,261.49346880857627,591300
2021-06-24,258.2236022949219,261.1970899313669,257.3535765430892,261.1970899313669,892900
2021-06-25,261.9620056152344,262.0289396628776,257.94640042478477,257.9559415902509,1840600
2021-06-28,260.52789306640625,261.7230190453565,258.3766663042958,261.7230190453565,936400
2021-06-29,260.80511474609375,263.482184695873,260.2123370556336,261.2544831852932,647700
2021-06-30,260.4896240234375,261.3405383976245,259.22756420993807,260.7095084908748,971900
2021-07-01,263.252685546875,263.4343469604942,258.9119814800755,261.6655553519154,790300
2021-07-02,263.13800048828125,263.8455055743602,261.93330443112086,263.5300052239902,549200
2021-07-06,261.4934387207031,263.1379324457688,257.77419445344964,262.92758920728835,686100
2021-07-07,265.2319030761719,265.4709282551262,260.68085433196137,261.00592507399375,674400
2021-07-08,261.1014709472656,263.06149439569083,259.2466337218635,262.6408078593396,1166500
2021-07-09,264.0941467285156,264.57219709699257,261.4457581911898,263.6256667043295,698300
