Date,Close,High,Low,Open,Volume
2016-07-01,35.596317291259766,35.675669323745076,35.06729701454265,35.5434142545658,6238600
2016-07-05,35.87405776977539,35.98647296117632,35.57648443583746,35.57648443583746,6321700
2016-07-06,35.99968719482422,36.032752849994615,35.662439206061904,35.940172547094946,5605600
2016-07-07,35.48389434814453,35.92033424605654,35.37809081297057,35.92033424605654,5507900
2016-07-08,35.80130386352539,35.82114123746795,35.01439025229007,35.325186708462574,5985800
2016-07-11,35.56986618041992,35.76163590679911,35.358259076331045,35.63599245448932,6353700
2016-07-12,34.94165802001953,35.47067580345868,34.90198074030318,35.378098006676304,6030600
2016-07-13,35.1334228515625,35.17309760318604,34.93504152577857,35.11358295319531,4883300
2016-07-14,35.450836181640625,35.510350836171334,35.08052249538784,35.25906645897995,8252100
2016-07-15,35.46406555175781,35.62276963162897,35.17310386773424,35.50374031044767,4609200
2016-07-18,35.457435607910156,35.649205264631114,35.41776086690219,35.47727550096888,3561100
2016-07-19,35.457435607910156,35.576464876043524,35.3450204783146,35.46404974644798,3091800
2016-07-20,35.26567077636719,35.569855582545024,35.17970462764566,35.47727781740872,3869400
2016-07-21,35.642601013183594,35.68888990229367,35.100357578561066,35.19293535678121,5540900
2016-07-22,36.06581497192383,36.13194123530091,35.56324628905915,35.609535177934156,5064700
2016-07-25,36.06581497192383,36.10548972092798,35.847593762180026,36.0393634575509,3925300
2016-07-26,36.00630187988281,36.08565390387116,35.84759530935076,36.059202388356596,6097900
2016-07-27,35.404544830322266,36.0261403280935,35.1929377450148,35.8013074846349,8647300
2016-07-28,35.21937942504883,35.39792333917943,35.06728702172756,35.39792333917943,6076800
2016-07-29,35.37810134887695,35.51035643786994,35.19294573782038,35.21939473757417,5759700
2016-08-01,35.47727966308594,35.57646904979727,35.29212160062572,35.33841048560201,4159600
2016-08-02,35.28550720214844,35.43098798492218,35.14664055816704,35.37147334856518,3715900
2016-08-03,35.07389831542969,35.36485734306427,34.88212866145123,35.31856846418047,5053600
2016-08-04,35.153263092041016,35.311969679134535,35.05407115978811,35.11358581462873,3228900
2016-08-05,34.80940246582031,35.12020151294377,34.7102130517243,35.04746109573992,5165100
2016-08-08,34.84245681762695,35.073903770598456,34.677138646599495,34.85568257401576,3422100
2016-08-09,34.94165802001953,35.0540731953822,34.75650242645477,34.87553174304806,4201500
2016-08-10,34.96811294555664,35.13343117664231,34.90859828146356,34.987950326069,5836900
2016-08-11,34.96811294555664,35.00821491058659,34.75424089784209,34.974797881172925,4479800
2016-08-12,34.988155364990234,35.22207962126949,34.97479059565349,35.07504166301141,3190800
2016-08-15,34.41337966918945,35.075045453749624,34.393327413906405,34.981476760947636,4124500
2016-08-16,34.05915832519531,34.37328403705861,33.96558961516526,34.35991671426058,5030200
2016-08-17,34.40000915527344,34.46684320119717,33.41753287295094,33.477684534104476,21768000
2016-08-18,34.96142578125,34.97479310109971,34.30644240594754,34.35990913579082,7694200
2016-08-19,34.727500915527344,34.82775453791139,34.540363539936344,34.82106960332284,6552800
2016-08-22,34.75422668457031,34.91463192953402,34.70744235261317,34.81437833273734,4830900
2016-08-23,34.56040573120117,34.94136533415156,34.55372334762089,34.78096263267506,3655700
2016-08-24,34.61387634277344,34.68071037939258,34.29975076164233,34.460156018905366,4076800
2016-08-25,34.6606559753418,34.78095926457679,34.573769699882135,34.674023290762875,4108300
2016-08-26,34.119293212890625,34.927996722536925,34.00567484935324,34.68739267924219,6110800
2016-08-29,34.3131217956543,34.42674018012492,34.17945115838182,34.42674018012492,4705000
2016-08-30,34.05915832519531,34.460170360467714,34.02574129297831,34.23961335863447,5579900
2016-08-31,34.30644226074219,34.32649196565411,33.97894929969932,34.05915066890256,6173400
2016-09-01,34.2061767578125,34.33316242741383,34.092555853807376,34.24627870326513,3613600
2016-09-02,34.620548248291016,34.65396525648653,34.186122042640754,34.21953905083627,3869300
2016-09-06,34.84111785888672,35.05498984917519,34.64061318668567,34.69407990948017,5491400
2016-09-07,34.901275634765625,34.981477007796755,34.71413569828542,34.86117367347222,3564500
2016-09-08,35.06835174560547,35.09508382809226,34.807695457086716,34.92799620216435,4375900
2016-09-09,33.998992919921875,34.86784815453487,33.95220858379653,34.8076990505638,6415800
2016-09-12,34.727500915527344,34.82106960332284,33.932164519710085,33.93884690474311,10137000
2016-09-13,34.2596435546875,34.66733774436927,34.01903953003296,34.60718610081697,7083900
2016-09-14,34.319801330566406,34.56040794776767,34.15939861880232,34.35322089927613,5147900
2016-09-15,34.39332962036133,34.50026564036045,34.192824901557444,34.26634389334856,4984800
2016-09-16,34.73418045043945,34.84779882522677,34.27301691863063,34.50025621776038,16959300
2016-09-19,35.04161834716797,35.0616680471276,34.75422741649029,34.82106144939234,4464900
2016-09-20,34.84779357910156,35.19533613424751,34.84111119611335,35.10176747508413,3429100
2016-09-21,35.54289245605469,35.562942162339816,34.65398475059663,34.81439004954485,4880000
2016-09-22,35.74338912963867,35.79685840044921,35.482732808325196,35.66318777297802,4134100
2016-09-23,35.776798248291016,35.84363482204423,35.58966094089122,35.64313019989379,4282700
2016-09-26,35.62976837158203,35.843640341416126,35.609716121591035,35.79017107418011,4689600
2016-09-27,35.31564712524414,35.91047877353602,35.26217785146023,35.7701257541862,5774100
2016-09-28,35.222076416015625,35.43594839971636,35.09508817287414,35.38916406262902,5819700
2016-09-29,34.78763961791992,35.14854946456862,34.633919323877976,35.095080206003814,5877900
2016-09-30,34.28638458251953,35.00820443983086,34.15939888890594,34.807699773762764,7048700
2016-10-03,33.89873504638672,34.26632727754029,33.64476116595778,34.226225333402695,5459100
2016-10-04,33.31059265136719,33.858639917115774,33.11008798943199,33.858639917115774,10301300
2016-10-05,33.09670639038086,33.5779194110199,33.023187451166116,33.34399528174081,5617300
2016-10-06,33.03656005859375,33.23038228403814,32.84273783314936,32.99645811726079,6087200
2016-10-07,32.856109619140625,33.47099338883573,32.856109619140625,33.310588151224685,5247100
2016-10-10,33.25044631958008,33.27049602411603,32.86280170151491,32.93632068422075,4510200
2016-10-11,33.0232048034668,33.23039441834556,32.85611714456451,33.136825737289136,5868600
2016-10-12,33.437583923339844,33.517787841144624,33.076676491440445,33.21034458867069,5651400
2016-10-13,33.92546844482422,34.13265800658934,33.457625159475064,33.484357240384526,5275400
2016-10-14,33.79181671142578,34.10593984764439,33.71161278129872,33.84528344862124,3947800
2016-10-17,33.878692626953125,34.019048197371276,33.805176199040694,33.87201024243575,3054200
2016-10-18,34.14604187011719,34.25966028032101,33.638096392904714,34.072522875488396,4333300
2016-10-19,33.90542221069336,34.17276344353832,33.81185354406411,34.11929417714735,4769800
2016-10-20,33.89873504638672,34.226225333402695,33.80516639295358,33.98561876768629,3180500
2016-10-21,33.77174377441406,33.93883136886424,33.61802349346641,33.75169407893743,3342700
2016-10-24,33.985633850097656,34.03241819757655,33.664825803289936,33.91879979642944,3335100
2016-10-25,34.065834045410156,34.132668091763286,33.87201174160847,33.925478468779886,3587000
2016-10-26,34.065834045410156,34.125985706950146,33.79181037607363,34.05914911104158,3983900
2016-10-27,33.92546844482422,34.03908934951951,33.671497104078874,33.978937705752514,4776700
2016-10-28,33.88538360595703,34.0792059357568,33.74503056005614,33.97895230322429,5012700
2016-10-31,34.466835021972656,34.90794624923457,33.865318553181496,33.98562184693973,6497900
2016-11-01,33.738338470458984,34.54035971198031,33.61135277246058,34.50025775755991,6475800
2016-11-02,33.54451370239258,33.68486925771229,33.09672005079435,33.63139998910382,6211100
2016-11-03,33.67818069458008,33.838585933562236,33.42420679517282,33.571244718443566,4428800
2016-11-04,33.49104690551758,33.93215817229228,33.41752793612929,33.791805166853756,4807200
2016-11-07,33.8319091796875,33.83859411393666,33.04325520894305,33.591302537825754,6570700
2016-11-08,33.92546844482422,34.11260830851857,33.7717481439874,33.91878606198553,5678000
2016-11-09,32.89620590209961,33.33731704263917,32.695698752219,33.22369615440321,13795200
2016-11-10,32.020687103271484,32.76255690794083,31.465957258505004,32.76255690794083,11719200
2016-11-11,31.933795928955078,32.234554256680475,31.7934428925351,32.04741687478717,6956300
2016-11-14,31.833545684814453,31.893697351931774,31.29218068075857,31.753341762287572,7942000
2016-11-15,32.308067321777344,32.43505301485518,31.99394173154436,32.1810816286995,5828500
2016-11-16,32.36821746826172,32.488520771701104,32.02735725866511,32.41500180298203,7003800
2016-11-17,32.1180305480957,32.347928133088864,32.08422261076324,32.314120195756395,5224300
2016-11-18,31.867856979370117,32.21946529343041,31.705575226965006,32.15860995870111,5611600
2016-11-21,32.145084381103516,32.19917657581549,31.81376033823727,31.948994694088405,5330100
2016-11-22,32.18564987182617,32.2735525818146,31.908420628983176,32.10451029765715,4976800
2016-11-23,31.935474395751953,32.158611493536036,31.840811110406367,31.935474395751953,4562700
2016-11-25,32.30736541748047,32.422315529400876,32.05718352125032,32.05718352125032,2486200
2016-11-28,32.665733337402344,32.71306497267097,32.32088561829587,32.34117244725433,5546900
2016-11-29,32.665733337402344,32.93619945616869,32.52373585221579,32.57106748748442,7445800
2016-11-30,31.658235549926758,32.35468886440045,31.63795130329325,32.35468886440045,9665800
2016-12-01,31.502717971801758,31.60414436694292,31.23901243969119,31.597381231597307,5569200
2016-12-02,31.617664337158203,31.89489355056886,31.455385206048707,31.725851284357965,4386200
2016-12-05,31.692052841186523,31.698815978313995,31.26606805987384,31.509486829460634,5010000
2016-12-06,31.732622146606445,31.881380202497496,31.61767203631402,31.881380202497496,4573200
2016-12-07,31.881376266479492,32.06393966604931,31.779949862824623,31.779949862824623,5727200
2016-12-08,32.05717849731445,32.09098643809358,31.49595945811551,31.705570238574392,5520100
2016-12-09,32.41554641723633,32.422309552833696,31.996322288515753,32.057177611989744,5025300
2016-12-12,32.942955017089844,32.9632392620033,32.327641320707656,32.34116501044331,5017600
2016-12-13,33.26076889038086,33.274292586700255,32.882115710962985,33.01058695692529,5624500
2016-12-14,32.78068923950195,33.565045569430495,32.726597033669634,33.3757189799454,6903800
2016-12-15,32.76715850830078,32.84153753231018,32.31412638661556,32.47640554865355,6247800
2016-12-16,33.078208923339844,33.132303718534594,32.73336363180962,32.79421898671281,6843500
2016-12-19,33.19314956665039,33.328383936523245,32.91592026913252,33.166102176799605,2990700
2016-12-20,33.26752471923828,33.38923537999129,33.06467447777686,33.193145695513586,2949400
2016-12-21,33.29457092285156,33.504181713848425,33.26752353711626,33.308092036338536,2837400
2016-12-22,33.37570571899414,33.389229409924276,33.105237059152124,33.23371083329822,2953300
2016-12-23,33.35542678833008,33.47037431048557,33.267524072964825,33.37571103826794,1923900
2016-12-27,33.33514404296875,33.44333102152606,33.19314911724621,33.34866773771104,1992900
2016-12-28,33.06467819213867,33.4298076360342,32.99705971780168,33.37571543594566,2520600
2016-12-29,33.382469177246094,33.429800809926704,33.0714319969505,33.26075852767294,2766600
2016-12-30,33.26076889038086,33.50419026536739,33.152581899206986,33.42981122530136,3484300
2017-01-03,33.15935134887695,33.30134631818713,32.90916678841789,33.2337304031009,3974400
2017-01-04,33.125526428222656,33.33513720528037,33.02410002815051,33.145810676484885,3864000
2017-01-05,33.22694396972656,33.27427559298076,32.86857522812193,33.16608865705974,4844400
2017-01-06,33.13905334472656,33.26752715123603,32.970011034587536,33.10524539857495,4800200
2017-01-09,32.81449890136719,33.24048632929902,32.78069094853673,33.064683426951774,4271400
2017-01-10,32.71306610107422,32.861821568743636,32.584592304301516,32.861821568743636,3569400
2017-01-11,32.95648956298828,33.010581760369305,32.625165503773644,32.645449755368915,2636400
2017-01-12,33.13228225708008,33.1998981278935,32.821245124330154,32.997047936073116,3500500
2017-01-13,32.99705123901367,33.07819080798771,32.72658514930675,33.01733806579248,3590700
2017-01-17,33.59884262084961,33.62589000468211,33.057907841102015,33.098478916850766,4882300
2017-01-18,33.551517486572266,33.70703610465686,33.47037789874138,33.504185845389166,3444500
2017-01-19,33.16609191894531,33.47036851220505,33.064668107445584,33.32161049341579,3738500
2017-01-20,33.17285919189453,33.30133040090477,33.010577462120025,33.19314344084862,3598500
2017-01-23,33.01734161376953,33.33513936780959,33.01057847765638,33.27428403969457,3170500
2017-01-24,32.84153366088867,33.226949849521276,32.794202029258734,33.01733907498312,5507300
2017-01-25,32.787445068359375,32.80772931860206,32.61163963498695,32.77392137507067,4373400
2017-01-26,32.882110595703125,32.95648962419849,32.686020898648245,32.7603999271436,3485700
2017-01-27,32.78068923950195,33.0376343105041,32.699549641062816,32.956494712064966,4255200
2017-01-30,32.90239334106445,32.90915389817229,32.62516407078842,32.875345953871474,4040900
2017-01-31,33.423038482666016,33.5379859904055,32.91591166277452,32.95648273694278,5863000
2017-02-01,32.82801818847656,33.213434473608686,32.530504632400515,33.213434473608686,7546400
2017-02-02,33.1187629699707,33.1458103536439,32.76715472036056,32.84829687138016,4380500
2017-02-03,33.01734161376953,33.226952404425184,32.95648628565451,33.14581282673205,3389300
2017-02-06,32.97001266479492,33.19314976331434,32.94296785416497,33.112010172662316,3145700
2017-02-07,32.976783752441406,33.07144706092156,32.86859674569528,33.03763910494746,3710500
2017-02-08,33.28105163574219,33.362191224308695,33.01058290134581,33.030867153642184,3932000
2017-02-09,33.037628173828125,33.40952072525896,32.936201760082966,33.28104950331183,4827900
2017-02-10,33.16609191894531,33.240470928339946,32.95648116088437,33.00381278879363,3502600
2017-02-13,33.28105163574219,33.3283832773544,33.03763029066165,33.17286465785984,3348800
2017-02-14,32.85506057739258,33.14581353130248,32.62516295289127,33.139050395045565,5319300
2017-02-15,32.69277572631836,32.726586245622194,32.42230962755102,32.69277572631836,6017600
2017-02-16,33.00062561035156,33.02114755168444,32.6722588913896,32.73382732499422,5632700
2017-02-17,32.699615478515625,33.08270815354352,32.61752512301156,33.0348218953657,7118300
2017-02-21,33.02798843383789,33.06903492748279,32.54228333560052,32.658580429458034,8673400
2017-02-22,33.51368713378906,33.58209532853758,32.843274299147915,33.01429739562455,7522600
2017-02-23,33.97886276245117,34.108841967586514,33.47947570433349,33.52052218115596,8940900
2017-02-24,34.54668045043945,34.60140911762552,34.0541328841908,34.06781505098731,8351200
2017-02-27,34.38932418823242,34.512461025159084,34.34143793049487,34.512461025159084,4650300
2017-02-28,34.76557540893555,34.8134616679601,34.28671020908466,34.300392370178166,6668400
2017-03-01,34.24566650390625,34.59455247988819,34.18409808348527,34.38932528168673,7153800
2017-03-02,34.42352294921875,34.5945460173725,33.95833999507215,34.05411249570147,5343900
2017-03-03,34.45773696899414,34.6219203099529,34.16357699824705,34.43721502997642,5710800
2017-03-06,34.36880874633789,34.621922243580215,34.31408009309316,34.615079857121714,4245200
2017-03-07,34.4782600402832,34.54666824048154,34.24566850616108,34.27303022047708,4507300
2017-03-08,34.047279357910156,34.231984620672705,33.96518899988416,34.231984620672705,4324800
2017-03-09,33.862579345703125,34.19778582482655,33.828375242022574,34.13621739435922,4246900
2017-03-10,33.95151138305664,34.047283915173786,33.72575960626128,34.047283915173786,5128100
2017-03-13,34.01991653442383,34.06096302004822,33.88309752528142,33.924144010905806,4403000
2017-03-14,34.12253952026367,34.225151844203985,33.93099181828399,33.99256025649065,3294200
2017-03-15,34.6356086730957,34.786107268844574,34.067810568969904,34.16358311433904,4398600
2017-03-16,34.334598541259766,34.546668136605845,34.22514385550821,34.51246403660952,3785900
2017-03-17,34.662967681884766,34.85451536724488,34.3414459632411,34.49194454721684,9720000
2017-03-20,34.46457290649414,34.80661907735365,34.38247994657212,34.683482247075816,3839300
2017-03-21,34.89555740356445,34.99817232277961,34.34144414669882,34.41669473950916,5945200
2017-03-22,34.704017639160156,35.210247316555254,34.69033547386773,34.936609229919064,6175500
2017-03-23,34.45773696899414,34.92292005717067,34.32776033920581,34.63560247249994,8531000
2017-03-24,34.491947174072266,34.62876621414773,34.31408424869846,34.45774306645493,5248800
2017-03-27,34.409847259521484,34.751893460132244,34.286710418533175,34.58087035982686,3680500
2017-03-28,34.266197204589844,34.42353818377186,34.18410682623533,34.32776564075725,5733600
2017-03-29,34.170413970947266,34.300390580144324,33.88993620718131,34.08148123328335,7637000
2017-03-30,33.97886276245117,34.101999583313614,33.73259173033127,34.03359139821447,5575700
2017-03-31,34.05411911010742,34.20462027438847,33.93782465378511,33.951506815047516,6506900
2017-04-03,34.17725372314453,34.19093588351471,33.79416367120039,33.985708697172456,5177600
2017-04-04,34.21830368041992,34.334598140972716,34.0404381871438,34.17725719513954,3854400
2017-04-05,34.4987907409668,34.532994849753656,34.095175994226864,34.1499020463646,3586700
2017-04-06,34.29355239868164,34.43037139923025,34.136211461412614,34.375642755168656,6301900
2017-04-07,33.9925537109375,34.39616837043812,33.97203177202234,34.34828210656564,7308600
2017-04-10,33.97886276245117,34.108841967586514,33.78047798182167,33.992544921391996,5021300
2017-04-11,33.725765228271484,33.99940331674028,33.64367484557333,33.958356820588094,9536000
2017-04-12,33.97202682495117,34.04727740282283,33.52736574276697,33.595776545198156,7684800
2017-04-13,33.80784225463867,33.985707724756644,33.73259428916357,33.985707724756644,5981700
2017-04-17,34.05411911010742,34.08832581806615,33.84889191038218,33.87625623290699,3201700
2017-04-18,34.18409729003906,34.238823323806685,34.04043590598769,34.108846710203906,3755700
2017-04-19,34.033607482910156,34.18410869278295,33.9309925471594,34.143062196561395,3742400
2017-04-20,34.047279357910156,34.05411913374339,33.71891531620077,34.033597196638254,5219000
2017-04-21,34.190948486328125,34.307245587539285,34.006243167655974,34.006243167655974,4433200
2017-04-24,34.3072395324707,34.34144363516433,33.98571522601789,34.225146554479075,4097100
2017-04-25,34.31407928466797,34.327761447656805,34.08148773306927,34.1977848136715,3176500
2017-04-26,34.18409729003906,34.43037096600673,34.16357274397153,34.24566570903098,2781600
2017-04-27,34.25251388549805,34.42353702357607,34.20462761560468,34.225149557100124,2944400
2017-04-28,34.06779861450195,34.22513954234084,33.99254803823005,34.2046176068504,7684700
2017-05-01,33.92414855957031,34.10885385523765,33.896784232151624,34.07464975076723,3018200
2017-05-02,33.869415283203125,34.10884920103675,33.82837140728148,33.99939451590312,4031100
2017-05-03,33.8420524597168,34.09516592148973,33.82837029832293,33.91730304258034,4202100
2017-05-04,34.06096267700195,34.10200655260742,33.69839191498538,33.79416704714435,4635300
2017-05-05,34.25251388549805,34.300400155391415,34.060968805924574,34.122537240016904,4593200
2017-05-08,34.22515106201172,34.29356188601461,34.06097030361699,34.273037334010695,3817400
2017-05-09,34.190948486328125,34.25935931339534,34.07465399472319,34.20463065174157,5246100
2017-05-10,34.11569595336914,34.22515066088482,33.93099064513528,34.204628718727534,5279700
2017-05-11,34.44791793823242,34.454838198560495,34.0187905094416,34.08800367397422,5507100
2017-05-12,34.51713180541992,34.62095419464532,34.42715521775848,34.475604961980196,3996400
2017-05-15,34.593265533447266,34.62787211407846,34.44791631060855,34.510209211869835,3452600
2017-05-16,34.150299072265625,34.56558337041664,34.150299072265625,34.53097678562291,4477900
2017-05-17,34.357948303222656,34.51022047607728,34.15030611134781,34.15030611134781,4554600
2017-05-18,34.44791793823242,34.59326716793872,34.20566658174228,34.46868135952961,4243600
2017-05-19,34.52406311035156,34.52406311035156,34.28873459242623,34.38563410445778,6325400
2017-05-22,34.61404037475586,34.63480644223668,34.371791590094055,34.48253426884141,5880200
2017-05-23,34.6624755859375,34.88396083361722,34.607102953861364,34.64170952875274,5441600
2017-05-24,34.870121002197266,34.93241389906944,34.71092863026009,34.738612308626756,4048700
2017-05-25,34.95319366455078,35.03625001911925,34.78015805235004,34.87013730998232,5144200
2017-05-26,34.918575286865234,34.98778845226392,34.849359481153535,34.953181869564574,3265900
2017-05-30,35.00163269042969,35.119298243603716,34.84244029286384,34.93241952290127,3848600
2017-05-31,35.029319763183594,35.25080507238997,35.022396862094745,35.06392634768837,8671000
2017-06-01,35.25080108642578,35.285407667017445,34.973943161066785,35.057002122862194,5270300
2017-06-02,35.30617904663086,35.41692171367739,35.18851611803106,35.32002221005086,4994400
2017-06-05,35.167747497558594,35.28541040877549,35.14006117480883,35.25080382549482,3221700
2017-06-06,35.153892517089844,35.42382747236251,35.09851989020716,35.36153458727558,3850700
2017-06-07,35.30617904663086,35.38231512528412,35.0985368759578,35.13314346435107,4475500
2017-06-08,35.119300842285156,35.30617693650256,34.946265270347105,35.30617693650256,5667000
2017-06-09,35.077781677246094,35.11238827375512,34.84245312454499,35.043175080737065,3498100
2017-06-12,35.19542694091797,35.53457775297123,35.12621378269293,35.202349840928115,4967500
2017-06-13,35.34079360961914,35.410006796852606,35.08469900816487,35.16083509830998,3653400
2017-06-14,35.4515266418457,35.73530485674758,35.44460374081878,35.54842613371759,4916000
2017-06-15,35.79067611694336,35.81836244139449,35.430761820018326,35.444604982243895,5185300
2017-06-16,35.66609191894531,35.97063622112878,35.61072190783863,35.83912749416288,8791500
2017-06-19,35.5899543762207,35.76298994430497,35.45844829498943,35.638406764372476,4144600
2017-06-20,35.79067611694336,35.81144218043832,35.5899542251425,35.59687712641189,2724000
2017-06-21,35.43768310546875,35.832203969812475,35.29925412983813,35.80451764662374,3678000
2017-06-22,34.870121002197266,35.33385495866913,34.78014178664576,35.33385495866913,5180000
2017-06-23,34.49637222290039,34.88397286012429,34.44099957173412,34.81475704616645,5480700
2017-06-26,34.676326751708984,34.85628522090389,34.42023485049971,34.53097750834534,3721100
2017-06-27,34.191829681396484,34.60019373212865,34.10877070678728,34.53790082132838,4399200
2017-06-28,34.018795013427734,34.29565034852602,33.98418578626628,34.274886924479816,4316100
2017-06-29,33.42355728149414,33.741942153265036,33.333578029797586,33.73502189097164,7203200
2017-06-30,33.139774322509766,33.53429522537067,33.132851420880144,33.38894597490894,5782900
2017-07-03,32.980587005615234,33.25744238637547,32.932137247974346,33.21591553143401,2804200
2017-07-05,32.821388244628906,33.03595331890206,32.76601823081506,33.02903305729288,4753800
2017-07-06,32.807533264160156,32.86982615244613,32.62065459930223,32.724474319570646,4044800
2017-07-07,32.77985763549805,32.94597029820501,32.72448498772028,32.84215054409145,3510100
2017-07-10,32.724483489990234,32.99441853476957,32.717563229491326,32.98749827427066,3980100
2017-07-11,32.724483489990234,32.82138297885328,32.59297741800655,32.779856135233715,3380700
2017-07-12,32.88367462158203,32.98749700726937,32.85599094033663,32.91136094314038,3439700
2017-07-13,32.61374282836914,32.980580024691676,32.59989966621421,32.95981396130268,3334900
2017-07-14,32.71064376831055,32.918288569495076,32.682960083090826,32.82138643012941,3453800
2017-07-17,32.558372497558594,32.74525122432918,32.468393264599456,32.70372173827577,5191000
2017-07-18,32.61374282836914,32.64834941359985,32.44070726190237,32.59989966621421,4916700
2017-07-19,32.68988037109375,32.738330120659604,32.586060610729774,32.669116947083616,3519900
2017-07-20,32.75217056274414,32.82830663154117,32.662191332319196,32.74525030208674,3373800
2017-07-21,33.139774322509766,33.139774322509766,32.669117343603176,32.71756709375709,4117200
2017-07-24,32.70371627807617,33.139766567738086,32.69679601837926,33.12592340803153,4513300
2017-07-25,32.378414154052734,32.752171609006965,32.364570991982596,32.73140818605835,4010400
2017-07-26,32.807533264160156,32.807533264160156,32.32995357386356,32.378403304717956,4153200
2017-07-27,33.098236083984375,33.098236083984375,32.56528633286599,32.66218580755794,4629100
2017-07-28,32.88367462158203,33.202062038877145,32.71063907231178,33.0913193929567,4263400
2017-07-31,33.174373626708984,33.22282336622638,32.759089390756266,32.88367254929186,5973100
2017-08-01,33.58967208862305,33.95650938073478,33.229757699553105,33.24360086532278,8875900
2017-08-02,34.45484161376953,34.66248640857539,33.16053629846277,33.575820607448,9067300
2017-08-03,34.164146423339844,34.3994749252308,34.0395605905556,34.24720276509151,6066700
2017-08-04,33.76961135864258,34.08107581017781,33.59657584560216,33.984173705012765,5375300
2017-08-07,33.91495895385742,33.942645268311026,33.7003939773104,33.76268686467487,4051000
2017-08-08,33.99803161621094,34.053404271762574,33.76270311074356,33.8526823558582,5256800
2017-08-09,33.8111457824707,34.06724030028788,33.76269603916756,34.053397139299406,5181900
2017-08-10,33.783470153808594,33.88728992550025,33.617354822662875,33.783470153808594,3319000
2017-08-11,33.51353073120117,33.818075049654475,33.40278806275819,33.78346846082483,3227000
2017-08-14,33.665802001953125,33.67272490372444,33.444316670912386,33.51352984674509,3773300
2017-08-15,33.88728713989258,33.88728713989258,33.56890230837496,33.58966573294377,2917400
2017-08-16,33.90804672241211,34.018789366130235,33.818067499293356,33.83191065979724,3033300
2017-08-17,33.5648307800293,33.936063001651505,33.55082443682523,33.915048142952536,3346400
2017-08-18,33.83100128173828,33.964085607624064,33.40373561389889,33.508801905709056,4853000
2017-08-21,33.82399368286133,33.92205411734665,33.66989718755785,33.85901488489945,4699300
2017-08-22,33.58584976196289,33.77496748179243,33.466774454538324,33.76095846492208,4134600
2017-08-23,33.648887634277344,33.67690566687927,33.51580331539152,33.61386642949826,3224200
2017-08-24,33.63487243652344,33.71892384693551,33.536812012385,33.641875607413546,2877800
2017-08-25,33.8380012512207,33.97808605338345,33.606856518148774,33.760953006863396,3792600
2017-08-28,33.86601257324219,33.96407566379644,33.69090391945718,33.922048624987475,2549300
2017-08-29,33.7469482421875,33.957078143840704,33.69791802086664,33.90804792251985,2334300
2017-08-30,33.76797103881836,33.78898590594807,33.58585911269508,33.725946648453956,2460800
2017-08-31,33.802978515625,33.97108402459903,33.76795731390645,33.86601774749696,4325500
2017-09-01,33.802978515625,33.845005560855114,33.536815245006885,33.845005560855114,3112800
2017-09-05,34.433380126953125,34.45439231926558,33.7679664269384,33.83801152122514,6725300
2017-09-06,34.51741409301758,34.64349252695683,34.37732931925911,34.5664442982222,7368000
2017-09-07,34.986717224121094,35.021738428159935,34.39134606767441,34.531433555776374,7074800
2017-09-08,35.16181945800781,35.21084966904601,34.74155707089252,34.83261432222608,5696200
2017-09-11,35.44900894165039,35.47002113257528,34.993725210666696,35.05676445538833,5297700
2017-09-12,34.71355438232422,35.427998296356414,34.50342177611993,35.36495904888454,5912600
2017-09-13,34.61549377441406,34.713556911362375,34.43338186397603,34.68553887223429,4398500
2017-09-14,35.301918029785156,35.3649572740934,34.62949853318155,34.77659188453208,6166900
2017-09-15,35.47002029418945,35.58208976305155,35.24588135646526,35.4420022589872,7244800
2017-09-18,35.07077407836914,35.52605781720748,34.83262611330627,35.51204879903355,3859900
2017-09-19,34.930686950683594,35.091786653525595,34.797605284495944,35.070774462008345,5110100
2017-09-20,34.63649368286133,35.091774598328776,34.48940304887705,35.03574121621644,4721000
2017-09-21,34.51042938232422,34.76958955873401,34.48941718941043,34.66452592221788,3040000
2017-09-22,34.19523239135742,34.60848909874774,34.15320533448908,34.573467887331034,4155500
2017-09-25,34.342315673828125,34.43337294142555,34.167206982573525,34.18121599850748,4518300
2017-09-26,34.174217224121094,34.34232009306724,34.083159944806226,34.3213079024357,3976300
2017-09-27,33.98509216308594,34.16020083910846,33.82399250177877,33.99209533447044,6676300
2017-09-28,34.2792854309082,34.29329445051728,33.88003772386502,33.91505893691407,5880800
2017-09-29,34.41936111450195,34.622487821035335,34.020113544803294,34.342312869130915,7244900
2017-10-02,34.41936111450195,34.62949099245708,34.28627948191785,34.44037330071355,4478500
2017-10-03,34.174217224121094,34.30729888469903,34.055141909332896,34.30029571180416,3546000
2017-10-04,34.39134216308594,34.41936019191465,34.11116989063771,34.13918791946642,4321500
2017-10-05,34.57345962524414,34.65050787511682,34.27927564136178,34.41936312549878,4040700
2017-10-06,34.73455810546875,34.74856712059661,34.335310526137214,34.44737997521367,3208900
2017-10-09,34.776588439941406,34.81861281735313,34.6785253247718,34.7205523741302,2955500
2017-10-10,35.18985366821289,35.2038600161399,34.76959108782447,34.839636187196206,4139000
2017-10-11,35.357933044433594,35.55405384832977,35.084764018450905,35.084764018450905,4431800
2017-10-12,35.54006576538086,35.61711135509738,35.29491196263833,35.357951206549615,3420200
2017-10-13,35.68013381958008,35.82022125927538,35.547052221439664,35.61709460531448,4632200
2017-10-16,35.82023620605469,35.918296653175574,35.589094105262156,35.61010629480326,4365000
2017-10-17,35.82023620605469,35.87627227409336,35.53305803722348,35.77120598249425,3691300
2017-10-18,35.911285400390625,35.911285400390625,35.63111046713189,35.743179906046144,2699600
2017-10-19,36.422603607177734,36.44361579269753,35.918289779132465,35.93229879346109,4804600
2017-10-20,36.569705963134766,36.66076324946369,36.28252775727937,36.352572851358204,4122800
2017-10-23,36.56269836425781,36.618731760791626,36.39459283076274,36.52067131289734,3000000
2017-10-24,36.68177795410156,36.709795993652094,36.35257534119843,36.49266019505645,4889300
2017-10-25,36.569705963134766,36.65376007602937,36.20547948976621,36.54869377088468,4600000
2017-10-26,36.46464538574219,36.8358750636548,36.42962149979414,36.66776949572516,3501800
2017-10-27,36.48564910888672,36.632739776708036,36.296531390853566,36.40860085280506,3179000
2017-10-30,36.48564910888672,36.5416825038891,36.30353723519557,36.450627903016894,3346000
2017-10-31,36.56269836425781,36.618731760791626,36.33855943422892,36.43661988212321,4721100
2017-11-01,36.47865295410156,36.702791921123456,36.25451131513241,36.702791921123456,3957600
2017-11-02,37.298160552978516,37.31216957241143,36.562704400407824,36.688782903356774,6568500
2017-11-03,36.730804443359375,37.48026955728531,36.71679542501205,37.18608818783269,4841800
2017-11-06,36.17745590209961,36.66775808948575,36.11441666772903,36.66075491764303,5631700
2017-11-07,36.22648620605469,36.41560390961129,35.93930806479018,36.22648620605469,5454100
2017-11-08,36.26150894165039,36.42260862068521,35.890279362654795,36.24049675323831,5425000
2017-11-09,36.42961120605469,36.43661705004363,36.11441769716379,36.24749934154113,3633300
2017-11-10,35.974327087402344,36.23348718162807,35.94630905777081,36.23348718162807,3501800
2017-11-13,36.296531677246094,36.41560698447913,36.00235033928226,36.037371545428414,2780200
2017-11-14,36.639747619628906,36.6607598099076,36.177460729869416,36.21948511042681,3890000
2017-11-15,36.366573333740234,36.87789308624518,36.31754311176525,36.66075733753687,3589400
2017-11-16,36.38058090209961,36.44362013812187,36.12842662995716,36.387586746072415,4356100
2017-11-17,36.10433578491211,36.571843250838526,36.09016856447543,36.387672087282695,5389200
2017-11-20,36.25307846069336,36.352246276776015,36.10432673656938,36.16099290199361,2950600
2017-11-21,36.33808135986328,36.47266857773999,36.25308075528676,36.309746924297606,2592000
2017-11-22,36.38058090209961,36.437247067822206,36.210577000691146,36.38058090209961,2643000
2017-11-24,36.401832580566406,36.593085967935956,36.38058310489885,36.40891754053593,1155800
2017-11-27,36.52226257324219,36.593095979594,36.288507468462974,36.41600976159323,3981300
2017-11-28,36.47267532348633,36.60017490287235,36.260169719560636,36.55059098252195,4185900
2017-11-29,36.1893310546875,36.38766670723437,35.98391044190932,36.32391557575564,5099200
2017-11-30,36.26725387573242,36.479756772819805,36.175168296216874,36.27433613471626,5499800
2017-12-01,36.20349884033203,36.50808728415648,36.01224544289896,36.44433615167879,4709900
2017-12-04,35.650997161865234,36.45142488705682,35.580161056458145,36.38767374325101,5505000
2017-12-05,35.6722412109375,35.7714090412869,35.20473379491838,35.5730733805881,5578200
2017-12-06,36.047664642333984,36.09016630097842,35.71474173825472,35.74307617735101,4041000
2017-12-07,36.35932922363281,36.36641148062369,35.735985225749054,36.23182698083568,6637900
2017-12-08,36.16808319091797,36.43016998662963,36.07599761864927,36.28141824058685,4791400
2017-12-11,36.607261657714844,36.65684558049461,36.07600302611347,36.30975541891508,5095400
2017-12-12,36.260169982910156,36.74892963294381,36.24600276240415,36.52225950908975,4031900
2017-12-13,36.607261657714844,36.78434786824863,36.31684038052427,36.373506562792095,5115800
2017-12-14,36.49392318725586,36.621425463117696,36.14683305804956,36.50100544608335,4534800
2017-12-15,36.34516906738281,36.83392595829676,36.281417933600935,36.77017482451488,9391300
2017-12-18,35.806827545166016,36.47267335761841,35.75016136872886,36.30975168282455,5331800
2017-12-19,35.282657623291016,35.84224799597722,35.26140544054618,35.799749034729814,7315000
2017-12-20,35.37473678588867,35.452655142806535,35.15515163688834,35.2755689505826,7125700
2017-12-21,35.05598068237305,35.62973816476946,35.00639406701127,35.247231375091445,10331200
2017-12-22,34.35470962524414,35.0913885832427,34.340542410422636,35.08430362477198,7877200
2017-12-26,34.03596115112305,34.531802964889145,34.01471167551552,34.36179905366744,3961500
2017-12-27,34.03596115112305,34.19179784456623,33.94387558662294,34.03596115112305,4185700
2017-12-28,34.198883056640625,34.31221810653863,34.057216270858675,34.06429852929948,2994500
2017-12-29,34.064300537109375,34.33347230977787,34.007631657759845,34.248468990753565,3632900
2018-01-02,33.41261672973633,34.05012801249418,33.26386499779965,34.0076263596035,7278800
2018-01-03,33.22136688232422,33.554287047583614,33.178865228364906,33.32761696404169,6292800
2018-01-04,33.0797004699707,33.35595449100447,32.99469985629588,33.21428500013257,5231500
2018-01-05,33.13636016845703,33.25678015790401,32.895522891683335,33.143445127782286,6120500
2018-01-08,33.43386459350586,33.45511406614929,33.100941777451396,33.22136176071114,7945500
2018-01-09,33.015953063964844,33.46929332427169,32.9947035836758,33.43387662308292,5694500
2018-01-10,32.55551528930664,32.94510425640653,32.44926522670851,32.90968756887382,7197000
2018-01-11,32.0526008605957,32.470524383216485,31.93218354664573,32.33593984960401,6867800
2018-01-12,31.76217269897461,32.13759448088782,31.478833771642204,31.932176595798108,8591200
2018-01-16,31.634668350219727,31.981758378036783,31.386748831864747,31.833003964903707,9767000
2018-01-17,31.910926818847656,32.0738457685695,31.563839443998646,31.606338394809274,10598400
2018-01-18,31.804685592651367,31.9746868474553,31.351342608224687,31.85426951714595,9885100
2018-01-19,31.47884750366211,31.92510556313974,31.457598020584612,31.86843937422593,8808600
2018-01-22,31.19549560546875,31.677170130692232,31.14591170158869,31.599251795417832,9649500
2018-01-23,31.500078201293945,31.698413780381184,30.572146009485092,30.933400485982506,10273700
2018-01-24,31.223833084106445,31.585087662220108,31.223833084106445,31.47883488518178,8133000
2018-01-25,31.60634422302246,31.655928142858457,31.188420682889806,31.223840084590634,6763800
2018-01-26,31.386756896972656,31.76217875041251,31.153001832069577,31.627594220454267,8851900
2018-01-29,31.160083770751953,31.315917763453214,31.060913245425027,31.28758332764552,5900400
2018-01-30,31.733840942382812,31.818841546903734,31.152998524268934,31.152998524268934,8254700
2018-01-31,31.95343017578125,31.98176461257966,31.528421730166933,31.698425648836782,9355200
2018-02-01,31.436342239379883,32.08801814299644,31.323007182136962,31.953433606933256,9120700
2018-02-02,31.287578582763672,31.542583062119444,31.18132851777884,31.30883075745673,7211600
2018-02-05,30.968833923339844,31.677178686804186,30.827164430222805,31.33008856377349,9907400
2018-02-06,30.805912017822266,31.082166016921622,30.196735146925956,30.699659232574554,14707700
2018-02-07,30.69965934753418,31.117582827821938,30.58632430383516,30.735076042042515,10125300
2018-02-08,30.742158889770508,31.202581290982128,30.480069423753008,30.600489419351394,9475700
2018-02-09,31.400917053222656,31.627587106441393,30.671320286187182,30.727989150551952,11018600
2018-02-12,31.648847579956055,31.783432126420728,31.14592339345419,31.400927967489253,7209700
2018-02-13,31.60634422302246,31.762180943719002,31.238004602725802,31.57801248463116,6832400
2018-02-14,30.869661331176758,31.471753206479008,30.855494113836418,31.41508433711764,8010300
2018-02-15,31.56383514404297,31.57091740083976,30.975907851465124,31.060908443627184,8512300
2018-02-16,31.527956008911133,31.621255984512675,31.226526371489108,31.563839772525366,7861100
2018-02-20,31.197824478149414,31.52078112440496,30.996870451566704,31.39160010855633,8368500
2018-02-21,30.803091049194336,31.47053944850101,30.795915391653203,31.276766579578364,8576300
2018-02-22,30.874862670898438,31.16911392262416,30.415543910912504,30.803092403553283,7088800
2018-02-23,31.628442764282227,31.73609683073717,30.85334279417919,30.874872512367524,5648000
2018-02-26,31.599720001220703,31.93703336452323,31.47771467102937,31.78631993154969,6777700
2018-02-27,31.1475772857666,31.807847171999228,31.1475772857666,31.585363499331198,6709500
2018-02-28,30.90357208251953,31.248061167052576,30.810272099909785,31.176290896677433,7518600
2018-03-01,31.56383514404297,31.7360810169913,30.917919280436102,30.917919280436102,9698300
2018-03-02,31.721731185913086,32.05904184460193,31.27676650009135,31.56383934285301,8117400
2018-03-05,32.18104553222656,32.36764271766568,31.606897187311667,31.664310652925526,10168200
2018-03-06,31.64996337890625,32.22411458451245,31.592549900999142,32.22411458451245,6080600
2018-03-07,31.341352462768555,31.75043608186593,31.197817424775497,31.6284280142654,6400400
2018-03-08,31.154754638671875,31.535127409596313,31.111692485494363,31.362884272396883,6059700
2018-03-09,31.40595054626465,31.40595054626465,31.08299390904947,31.176291154675415,5335400
2018-03-12,31.448999404907227,31.499237204455422,31.212164455287844,31.305461661446067,5337300
2018-03-13,31.28394317626953,31.63561063696629,31.19782159441234,31.477718788765003,6201500
2018-03-14,31.61408042907715,31.750442575918786,31.334183214884607,31.34853726917088,4019400
2018-03-15,31.527956008911133,31.92268288417903,31.434656033309594,31.57819382552219,4937200
2018-03-16,31.714550018310547,31.7863202760439,31.463360960632304,31.52077442906359,9154500
2018-03-19,31.700199127197266,32.030336870173834,31.53513162458682,31.721731575541703,6060400
2018-03-20,31.470542907714844,31.858094163670714,31.37006726456094,31.714556357269732,4360100
2018-03-21,31.50642967224121,31.908332248168456,31.427483741182368,31.50642967224121,4510100
2018-03-22,31.44183921813965,32.023163395406556,31.434660821669933,31.50643109758665,9938000
2018-03-23,30.939443588256836,31.57100802850459,30.874851739393375,31.527945883344017,5458100
2018-03-26,31.448999404907227,31.513591252577015,30.91073492024393,30.99685647121873,6647700
2018-03-27,31.958568572998047,32.20976040894097,31.348536341540356,31.449011980815193,6241700
2018-03-28,32.037506103515625,32.28151947969539,31.86526297783292,32.02315205341621,4792500
2018-03-29,32.0518684387207,32.33176564362223,31.98010090742753,32.116460311986884,4507100
2018-04-02,31.728904724121094,32.2599936912776,31.50642376494854,32.102101858763824,4895200
2018-04-03,31.700199127197266,31.88679907815215,31.59972349410879,31.743261286130473,4563000
2018-04-04,32.145172119140625,32.195409944378795,31.5566695339882,31.7217370651645,5422400
2018-04-05,32.30305862426758,32.410712662589944,31.657142607601156,32.15234516082101,4187400
2018-04-06,32.145172119140625,32.468131522640405,32.059047786369916,32.32459370577871,4113500
2018-04-09,32.13081359863281,32.33894326727181,32.02315956650761,32.15234330995555,3227000
2018-04-10,31.793495178222656,32.21693010665401,31.70019521426176,32.12363014269311,4422500
2018-04-11,31.915510177612305,31.965747998868583,31.649964279250923,31.815034535099752,3536200
2018-04-12,31.448999404907227,32.080563833483495,31.398761605359034,31.92267204190074,4581200
2018-04-13,31.53513526916504,31.69302713241233,31.477721788374378,31.5279596107247,4847000
2018-04-16,32.346126556396484,32.36048061325005,31.642794197110334,31.64996985665891,6830200
2018-04-17,32.88438415527344,33.02074355883708,32.259997876763535,32.39635728032718,6351800
2018-04-18,32.6044807434082,33.22169124640554,32.59012669243672,32.92026165151497,4027300
2018-04-19,32.72650146484375,32.7408555225675,32.36765823501978,32.54707984993176,4297600
2018-04-20,32.45376968383789,32.920264054564555,32.381999423741526,32.769550614995424,4990300
2018-04-23,32.4681282043457,32.6403713767713,32.34612011426803,32.48965791645994,3525200
2018-04-24,32.79826354980469,32.941801353383234,32.45377446386971,32.568604159181376,5078300
2018-04-25,33.035091400146484,33.24322103309535,32.704956440282594,32.71931049128824,6090700
2018-04-26,33.078155517578125,33.185809537636054,32.92744207970139,33.02073931014578,4231000
2018-04-27,33.300636291503906,33.55182533258158,32.948968896239954,33.01356075505353,4888700
2018-04-30,33.099693298339844,33.45853646903489,33.092517639538634,33.39394458879954,4999300
2018-05-01,32.8772087097168,33.09968969919198,32.77673033313271,33.01356811416145,5998100
2018-05-02,33.19298553466797,33.32216926495847,32.74084247865123,32.87720460382202,5186800
2018-05-03,33.20016098022461,33.35087715644008,32.834142238570976,33.09250969750553,4566300
2018-05-04,33.035091400146484,33.42982095841341,33.02073734914084,33.207337274458894,4151000
2018-05-07,32.61885070800781,33.14993716427528,32.55425881600159,33.035107438237176,5224700
2018-05-08,31.68584632873535,32.5398919077645,31.678667933704677,32.49682975084707,6020400
2018-05-09,31.42748260498047,31.807855454233078,31.298298856601118,31.786325742088476,4662400
2018-05-10,32.08774948120117,32.12363324380244,31.513601066314134,31.57819293409865,4247800
2018-05-11,32.245635986328125,32.389173750737854,32.00162260815812,32.09492256568772,3467900
2018-05-14,31.972929000854492,32.38918843255501,31.793507398450423,32.26000465980356,4243700
2018-05-15,31.728904724121094,31.944210026250047,31.59254533824903,31.87961816183582,4828700
2018-05-16,31.499252319335938,31.915511701339423,31.30547668334356,31.74326577898307,4736200
2018-05-17,31.30547523498535,31.556667079393726,31.240883359309592,31.513604916357906,5043800
2018-05-18,31.09442901611328,31.567432211136232,30.868842407174352,31.385508332425573,6696800
2018-05-21,31.61111068725586,31.81486743843645,31.312755462393273,31.487403709699535,8321700
2018-05-22,31.691164016723633,31.909472287518895,31.494685740225815,31.654779767581132,4643900
2018-05-23,32.011348724365234,32.06228722302672,31.742099201794563,31.771207708441118,5352600
2018-05-24,32.20054244995117,32.28058944030475,31.851248763267826,31.967679992162275,4156300
2018-05-25,32.397010803222656,32.484333504315934,32.22964113615278,32.22964113615278,4511400
2018-05-29,32.2369270324707,32.54256074654201,32.149604303852975,32.31697402367841,7259900
2018-05-30,32.5571174621582,32.61533169366419,31.9895127433216,32.142328223956966,4749600
2018-05-31,32.67353439331055,32.85545829800395,32.30968658392374,32.52071620365484,6990400
2018-06-01,32.16415786743164,32.66626701618051,32.02589387613976,32.60805279032559,4029600
2018-06-04,31.967674255371094,32.455229071390875,31.960395743405417,32.30241363137921,4196700
2018-06-05,31.851242065429688,32.12776721688221,31.683872382585466,32.040441731620014,5533600
2018-06-06,31.210872650146484,32.01133970166772,31.14537991662147,31.967676954004645,5945100
2018-06-07,31.421913146972656,31.720268392563312,31.167220660226942,31.32731189077857,4871400
2018-06-08,31.494672775268555,31.574719755994433,31.269088857883776,31.443734292250113,3981500
2018-06-11,31.174488067626953,31.531060229720133,31.094441085773024,31.480118970044675,4887300
2018-06-12,31.61111068725586,31.64749770506863,31.152664242963894,31.174494232899782,4338400
2018-06-13,31.8585262298584,31.974957465072652,31.443739780911397,31.618388021702582,7778200
2018-06-14,32.17142868041992,32.33152263491045,31.836689299157005,31.858519283518802,5690100
2018-06-15,32.331520080566406,32.36790431027454,31.85851676654427,32.091379167802884,10329400
2018-06-18,32.43339538574219,32.586210808313,32.20780873151481,32.30240994469902,4592300
2018-06-19,32.78997039794922,32.80452464557525,32.44067678274113,32.469782502054294,7068200
2018-06-20,32.78269577026367,32.90640550177264,32.629880315993084,32.77542003355807,4269700
2018-06-21,32.957340240478516,33.073771446108665,32.71719931740069,32.782692044063836,4932800
2018-06-22,33.335750579833984,33.42307331162262,32.928239871587685,33.095609597490736,6345600
2018-06-25,33.910621643066406,33.99794713381147,33.37212832983375,33.45945104463977,6812100
2018-06-26,33.53949737548828,33.896069515963724,33.27752646019024,33.53949737548828,5917300
2018-06-27,33.71414566040039,33.79418986165877,33.42306624803515,33.47400472880822,3929900
2018-06-28,33.7214241027832,34.092547746190625,33.670485617922175,33.837855321885456,5500400
2018-06-29,33.69960021972656,33.90335419607082,33.47401347738847,33.69960021972656,4017100
2018-07-02,34.128936767578125,34.13621250472709,33.743256076137264,33.7796403137609,4198900
2018-07-03,34.20170211791992,34.4491187974701,33.98339393618486,34.077995166114405,2346200
2018-07-05,34.609222412109375,34.609222412109375,34.0780046705518,34.21626590982626,4763200
2018-07-06,34.75474166870117,34.82023438568742,34.54371204813526,34.60192625437943,3550300
2018-07-09,33.74325180053711,34.71836423536704,33.61226634093764,34.70380998697387,4564200
2018-07-10,34.44911575317383,34.73291664194361,33.48855761767353,33.655927301411126,8859400
2018-07-11,34.762027740478516,34.84935045680744,34.43456408432117,34.49278107916652,5138500
2018-07-12,34.91484832763672,34.98034106850897,34.63104737583681,34.747478606727526,6483300
2018-07-13,34.900291442871094,35.01672266497479,34.594660525826114,34.85663146954427,3508100
2018-07-16,34.71836471557617,34.9002886590985,34.558273532915095,34.75474894909282,3172200
2018-07-17,34.674705505371094,34.856629452878934,34.57282576297782,34.78385820831232,2192300
2018-07-18,34.6019401550293,34.732925641622636,34.332693444116146,34.732925641622636,3163800
2018-07-19,34.871185302734375,35.10405053863667,34.638322842771565,34.638322842771565,4496700
2018-07-20,34.580101013183594,34.79840917441041,34.347238604416475,34.68925370582756,4342400
2018-07-23,34.46367645263672,34.71109315664062,34.29630673756634,34.623770430503775,2342800
2018-07-24,34.59465789794922,34.69653486255877,33.95428483705319,34.33996271048624,4285800
2018-07-25,34.6019401550293,34.77658839580029,34.42729469019792,34.434570427924385,3674500
2018-07-26,34.987613677978516,35.096766377053804,34.74747274332262,34.87117969079575,5977700
2018-07-27,34.907569885253906,35.14043232899125,34.776584413659236,35.02400110712258,3439700
2018-07-30,34.86390686035156,34.96578383168854,34.67470716728851,34.87118259718737,3360500
2018-07-31,35.366004943847656,35.40239194448956,34.92938869552891,34.9657729202324,5986100
2018-08-01,34.987613677978516,35.27141458188892,34.68198001350183,35.23502757292478,5303600
2018-08-02,35.27141571044922,35.322354193502015,34.86390507008775,34.9876147974582,4906800
2018-08-03,35.606163024902344,35.67893150946376,35.07494531497273,35.24959078829602,4288600
2018-08-06,35.64980697631836,35.9699920258101,35.5406515311148,35.584314264383885,4468300
2018-08-07,35.715309143066406,35.817186105058916,35.44605971387019,35.60615366896643,4575700
2018-08-08,34.1143913269043,34.5655620970126,33.98340581688252,34.52917784999324,10954000
2018-08-09,34.063446044921875,34.107106022277726,33.38668863651061,33.53950410913521,7202200
2018-08-10,33.56862258911133,34.07073190952513,33.517684083095745,33.99796340834297,6840000
2018-08-13,33.765079498291016,33.80873946098502,33.51038435350865,33.670478285889644,4918200
2018-08-14,33.99795150756836,34.07071998327836,33.69959631565432,33.765089054169074,4402900
2018-08-15,34.31085968017578,34.5146136253756,33.968841749928096,34.07071872252801,6350100
2018-08-16,34.565547943115234,34.652870655392825,34.15076158987297,34.2453628141381,6024400
2018-08-17,34.617149353027344,34.712958044108866,34.381307817137184,34.58766845817785,5421500
2018-08-20,34.351829528808594,34.595039901138804,34.30760818317897,34.572930634050536,4245200
2018-08-21,33.90224838256836,34.322341235436156,33.85065822951108,34.278119899336005,5648200
2018-08-22,33.356868743896484,33.90225406811856,33.224210336253606,33.89488524992566,7524100
2018-08-23,33.268428802490234,33.526382421978596,33.187357745263974,33.36424030752608,5877300
2018-08-24,33.187339782714844,33.32737255538713,33.113640395009426,33.290520050082996,6664300
2018-08-27,32.892539978027344,33.23156166554154,32.75987882874762,33.194711971064166,7225400
2018-08-28,32.67144775390625,32.89254879146518,32.66407612616469,32.83358701534161,6929800
2018-08-29,32.826229095458984,32.92203779628438,32.686196236408826,32.73778640191578,6845900
2018-08-30,32.568267822265625,32.899920816678204,32.47245914389838,32.82622140078763,5573000
2018-08-31,32.2661018371582,32.715675669116365,32.15555269235978,32.56090517952675,6210000
2018-09-04,32.34716796875,32.62723082018688,32.221878394775864,32.25872810409458,7283500
2018-09-05,32.91465759277344,32.92202640896001,32.29557300937056,32.347163157033116,9068300
2018-09-06,33.72536849975586,33.88751060007839,32.907294803512436,33.017843935271046,11908100
2018-09-07,32.67144775390625,33.51900219979085,32.66407612616469,33.41582190302683,9198200
2018-09-10,32.69355773925781,32.922027598172754,32.52404684632172,32.826218927025586,6248800
2018-09-11,32.553524017333984,32.73777534949853,32.42823446095916,32.70092564535606,6197300
2018-09-12,32.51667785644531,32.76725980795241,32.21450575122668,32.546158747552624,4486500
2018-09-13,32.641963958740234,32.67144484417644,32.1776498532019,32.50930278572928,5140300
2018-09-14,32.354530334472656,32.58300015370994,32.140798145581435,32.5461504549412,5383500
2018-09-17,32.71566390991211,32.767254054565264,32.28820230972136,32.39138259902768,4496000
2018-09-18,33.01047134399414,33.0768019400475,32.59774732283405,32.70829925340712,5845800
2018-09-19,32.207130432128906,33.02520672076032,32.09657851852122,33.02520672076032,7345600
2018-09-20,31.904951095581055,32.192382631522115,31.764918328824212,32.17027337843474,10364700
2018-09-21,32.435604095458984,32.531415577808204,31.801781858443405,31.84600037994898,13119100
2018-09-24,32.30294418334961,32.656706395832735,32.140802115000284,32.36190314637072,9173100
2018-09-25,31.492231369018555,32.03024481927989,31.455381671881796,32.00813556328818,9874500
2018-09-26,31.440637588500977,31.838621018957642,31.3743070167582,31.6027796108614,10275500
2018-09-27,31.868120193481445,32.23662295662254,31.43328682051683,31.462764904863864,9961800
2018-09-28,32.13343811035156,32.258730505103784,31.89759657941507,31.93444910292931,7748800
2018-10-01,31.823904037475586,32.05974561941478,31.639652625869754,32.05237679999005,4762300
2018-10-02,32.008140563964844,32.17765144643819,31.868110568387415,31.95655041762305,5066700
2018-10-03,31.536462783813477,32.03025506864841,31.33009935320034,31.993405359720104,6818000
2018-10-04,31.67649269104004,31.949183909894586,31.35221131757659,31.455391626794388,8156500
2018-10-05,32.214500427246094,32.38401130591986,31.676486904989684,31.72807705017509,6106900
2018-10-08,32.3692741394043,32.67881785330256,32.18502279896201,32.28820591122965,5947300
2018-10-09,32.51667785644531,32.686188763133565,32.288207978994954,32.413497549022246,5865400
2018-10-10,32.38401412963867,32.899918437928974,32.3766453131634,32.568265467495756,7005100
2018-10-11,32.08921813964844,32.57564162679607,31.963925750521863,32.49457057702935,8222900
2018-10-12,32.118690490722656,32.22923959254318,31.71333534969157,32.05235990504956,6174300
2018-10-15,32.59037780761719,32.89991870826345,32.133432461731296,32.236615573399035,6543100
2018-10-16,32.804107666015625,32.995730635953414,32.3545367535205,32.51667602256129,4487600
2018-10-17,32.65671157836914,32.855703381617666,32.54615963941354,32.73041099670448,4176200
2018-10-18,32.64932632446289,32.81883716505606,32.49455592367583,32.74513777747692,4606600
2018-10-19,33.216835021972656,33.59270937153398,32.59038152130731,32.64197167729374,6466500
2018-10-22,33.14312744140625,33.40844978483489,32.94413568383477,33.20208640025042,3815500
2018-10-23,32.96624755859375,33.4231900688497,32.833586376349736,33.135758444471726,5034600
2018-10-24,33.916988372802734,34.09386809192485,32.892551330908795,33.106280757226976,7469400
2018-10-25,33.36423110961914,33.769583472549265,33.19472022371935,33.769583472549265,5570100
2018-10-26,33.062068939208984,33.673782074805416,32.80411531361043,33.533752034476834,7821300
2018-10-29,33.8211784362793,33.87276859101068,33.14313479612252,33.1947249508539,6919600
2018-10-30,33.76957321166992,34.14544738435108,33.290518775570824,33.90223435362194,7970200
2018-10-31,33.187339782714844,33.533733090123434,32.88516779480036,33.533733090123434,8395700
2018-11-01,33.09153747558594,33.2905264227726,32.75988454452155,33.19471776270553,5398200
2018-11-02,32.97361373901367,33.16523385312632,32.67144172080992,33.15049341181739,5800200
2018-11-05,33.349491119384766,33.48952111969695,33.054687863361806,33.076799935007465,5316900
2018-11-06,33.659027099609375,33.66639872623371,33.24630597510451,33.31263655746448,5054200
2018-11-07,34.64662170410156,34.712952300812,33.622184674925535,33.74010542336049,8829300
2018-11-08,34.329708099365234,34.80139103982735,34.07912618581322,34.6760986773253,5475600
2018-11-09,34.49921417236328,34.63924414721879,34.13808038995991,34.31496287370786,6378300
2018-11-12,34.55817794799805,34.99301118595666,34.29285559108064,34.38129825102117,5580200
2018-11-13,34.8382568359375,34.919327905927474,34.36657367758133,34.47712283637853,5165700
2018-11-14,34.934051513671875,35.147780908884705,34.64661709188876,34.712947679769165,6180800
2018-11-15,34.77191925048828,34.83087822774531,34.314976633798196,34.823509409882995,7808400
2018-11-16,35.00333023071289,35.234745896793605,34.77191741229926,34.99586649526962,7552000
2018-11-19,35.115299224853516,35.219808586314414,34.846559239573196,34.92867455148291,5301300
2018-11-20,34.83163070678711,35.331786337806626,34.61514539115677,35.152625389227495,6324500
2018-11-21,34.062744140625,34.786846106095595,33.995559128605336,34.712197358370275,6920800
2018-11-23,34.129920959472656,34.241894054180555,33.88357502531556,34.16724532437529,2805400
2018-11-26,34.077674865722656,34.294157375772244,33.853722924544044,34.13739329508099,5739300
2018-11-27,34.4061279296875,34.52556761726759,33.958229813178846,34.070202918472624,6882000
2018-11-28,34.42852020263672,34.55542646594716,34.20457115595159,34.40612615226819,5182600
2018-11-29,34.7420654296875,34.749529166990044,34.07768175071701,34.42853435729251,4810900
2018-11-30,35.3317756652832,35.36163344130515,34.71964427034739,34.8166898734997,7133600
2018-12-03,35.45123291015625,35.45123291015625,34.9884015562466,35.14516848459263,4647500
2018-12-04,35.26460266113281,35.7498251463368,35.21234512810048,35.57813077332615,7202200
2018-12-06,34.72712707519531,35.43630155695577,34.047813231074,35.39151060049705,8745600
2018-12-07,35.07050704956055,35.496011062126755,34.488239000294456,34.712188030960924,5786900
2018-12-10,35.24967575073242,35.398973238966754,34.57036192766481,35.08544509647419,5023500
2018-12-11,35.50348663330078,35.667714445284744,35.29446501710833,35.38404693019101,5526400
2018-12-12,35.092899322509766,35.70503081859963,35.033180912931655,35.50347584689924,5418900
2018-12-13,35.496009826660156,35.81700447025397,35.19741207871995,35.19741207871995,5298800
2018-12-14,35.3317756652832,35.62290962707432,35.16754508266634,35.46614277654649,3710600
2018-12-17,34.33894348144531,35.59306164510275,34.24936442623173,35.38404290038212,6726300
2018-12-18,33.98808670043945,34.77191265509988,33.89850764904018,34.48824233672436,6184700
2018-12-19,33.80146026611328,34.36880087350087,33.652162804063806,34.144851832760104,8112000
2018-12-20,33.65963363647461,34.10753181241198,33.20426887726023,33.80146739439911,8836400
2018-12-21,33.65963363647461,34.51810846263292,33.45807860300265,33.54765766865669,12739700
2018-12-24,32.114376068115234,33.78653164746013,32.04719106775167,33.547652278982284,5339800
2018-12-26,32.57720184326172,32.59213215853756,31.726193806204286,32.2039525043652,5686400
2018-12-27,32.80862045288086,32.80862045288086,32.04719139031866,32.54734418320752,7048100
2018-12-28,32.80862045288086,33.1296151414414,32.66678386864865,32.853408555129576,4722700
2018-12-31,32.786224365234375,32.95792158699141,32.420441565375505,32.8160849992501,4394000
2019-01-02,32.636932373046875,32.80862677597942,32.29354071951451,32.76383581743156,5756100
2019-01-03,33.09976577758789,33.36103928854987,32.66679499065925,32.66679499065925,9405500
2019-01-04,33.37594985961914,33.39088017250572,32.87579719241585,32.935515596296156,5680700
2019-01-07,33.30131149291992,33.41328460287154,32.980316785258196,33.22665990528528,5397800
2019-01-08,34.24934768676758,34.316532657257625,33.21917908847528,33.30129436881484,7246200
2019-01-09,33.95823287963867,34.36880666479126,33.83132659831251,34.18964569340933,6687600
2019-01-10,34.59275436401367,34.65247278698191,33.87611620239325,34.0403440013061,4634900
2019-01-11,34.794315338134766,34.92868537240282,34.20458050414361,34.503181213109805,6137000
2019-01-14,34.45838165283203,34.68233070483296,34.003016966752355,34.480775703732114,6328900
2019-01-15,34.928672790527344,35.152621817748205,34.39119284706417,34.39865942831581,5433100
2019-01-16,34.988399505615234,35.04065419611224,34.53303476185523,34.73458978848672,5475300
2019-01-17,35.137699127197266,35.16755976335033,34.8092406725145,34.98093505889415,3578600
2019-01-18,35.24967575073242,35.26460606908927,35.00332976934508,35.16009384059136,4015400
2019-01-22,35.137699127197266,35.24967508893777,34.70473129364575,35.05558380160982,5292400
2019-01-23,35.518409729003906,35.540803778886875,35.07050879767857,35.13769379499404,4754800
2019-01-24,35.80207443237305,35.83193506169772,35.21980639887369,35.5333344637837,4812200
2019-01-25,35.458683013916016,35.95883570217993,35.361637399899834,35.71995638126789,4862400
2019-01-28,35.406429290771484,35.54826300147423,35.16754996344781,35.466147698769305,3927000
2019-01-29,35.518409729003906,35.71249813921162,35.36164283682342,35.518409729003906,5205000
2019-01-30,35.73489761352539,35.92152231798994,35.354184469391186,35.45123011305951,3556200
2019-01-31,36.27983474731445,36.33955600865754,35.50347828351965,35.779681998065236,7149000
2019-02-01,36.197731018066406,36.31717072190389,35.787154366437086,36.23505539157803,4216100
2019-02-04,36.287315368652344,36.287315368652344,35.6901167624932,35.90659929945443,4306300
2019-02-05,36.376895904541016,36.43661719138254,36.06336769162611,36.257456178525665,5116600
2019-02-06,36.23505783081055,36.42914629473671,36.1305484388759,36.25745188689159,3224100
2019-02-07,36.69788360595703,36.71281392478037,36.0782910369578,36.235055113102135,4178500
2019-02-08,36.66801452636719,36.67548110789342,36.36941676164693,36.578435481717754,4033100
2019-02-11,36.757591247558594,36.862100592891444,36.59336064908349,36.615754695178794,5158600
2019-02-12,36.854644775390625,37.041269474462624,36.52618633018401,36.77252945217224,3926000
2019-02-13,36.7426643371582,36.839707111002745,36.57843372347305,36.80984932933246,3815300
2019-02-14,36.727745056152344,36.914369774072156,36.533653754822105,36.727745056152344,4007900
2019-02-15,36.69751739501953,36.9998016320239,36.61438829292565,36.909116649204954,4647700
2019-02-19,36.96956253051758,36.99979181104124,36.591705172440385,36.682393014011375,6270500
2019-02-20,37.58924865722656,37.78573320143204,36.841089871396235,37.04513317662269,9627100
2019-02-21,37.951995849609375,38.050236691948214,37.21139573699449,37.279410180133766,8402900
2019-02-22,38.06535339355469,38.19382640769374,37.55146710264481,37.86886881541769,7245500
2019-02-25,37.45322036743164,38.00489173478225,37.23406241958994,37.97466245587525,5728100
2019-02-26,37.196285247802734,37.634598354762105,37.03758294088153,37.58169854672948,6112700
2019-02-27,37.31719970703125,37.43811396644441,37.03758313984435,37.098041710962605,3288500
2019-02-28,37.55146026611328,37.69504789594059,37.135817781354376,37.30207592838699,6105400
2019-03-01,37.77062225341797,37.84619545689996,37.29452116136171,37.627037491036596,4261600
2019-03-04,37.86130142211914,37.92931585343548,37.498558749372826,37.86130142211914,4078700
2019-03-05,37.83864212036133,38.02757083192008,37.75551302602374,37.785742311750745,3951300
2019-03-06,37.88397979736328,38.027564556637266,37.7328362764932,37.95955011638687,3603300
2019-03-07,38.15604782104492,38.269403330069096,37.91421639291464,37.989789615087744,5103300
2019-03-08,38.46589279174805,38.47344867293988,38.02002084801103,38.17872029845375,4039000
2019-03-11,38.8437385559082,38.85129443482074,38.42809314514541,38.47343706708942,5685900
2019-03-12,39.055335998535156,39.161135595478314,38.82862216468229,38.87396320175918,5173100
2019-03-13,39.093135833740234,39.19893547040365,38.89665120605445,39.03268013399995,4390900
2019-03-14,38.94198989868164,39.25939167224828,38.88153420260743,39.1082481078272,4696200
2019-03-15,39.191368103027344,39.244267905855494,38.76816679757907,38.904195685658046,8350500
2019-03-18,39.130916595458984,39.2367162201963,38.949546633858894,39.206489815145325,4443600
2019-03-19,38.53388977050781,39.13846089038679,38.36763163148266,39.130902129800646,6250400
2019-03-20,38.67748260498047,38.95709626591253,38.45832462727716,38.564124235044794,4241000
2019-03-21,38.97221374511719,39.04022819546632,38.617026850758016,38.64725613598503,3091600
2019-03-22,39.20648956298828,39.53144719849067,38.96466102719444,39.093131175599616,6068100
2019-03-25,39.33495330810547,39.448311677040664,39.108239453058154,39.297168146068095,3043300
2019-03-26,39.697696685791016,39.70525544801287,39.297168772726245,39.372739098006086,3253000
2019-03-27,39.47098159790039,39.78838329640188,39.28961166974785,39.72792473180235,3441100
2019-03-28,38.80595016479492,39.53899437412174,38.73793572390044,39.50876509309688,4552300
2019-03-29,39.055335998535156,39.055335998535156,38.700149166377884,38.89663660312043,6053500
2019-04-01,38.85130310058594,39.055346470611376,38.52634546122952,39.055346470611376,5059100
2019-04-02,39.02511215209961,39.0402267941706,38.556569779191776,38.91931254042589,4050200
2019-04-03,38.919315338134766,39.04778548073842,38.68504269342859,38.99488567109887,4654600
2019-04-04,38.692596435546875,39.06289505497264,38.458323821240654,39.055339175786074,3881200
2019-04-05,39.03266906738281,39.07801010862687,38.61702363715844,38.76061128862616,3983000
2019-04-08,38.92686462402344,39.07045226828401,38.753050581391676,39.00999370589579,3675900
2019-04-09,39.25938415527344,39.282054676607586,38.858853353823456,38.9193119211454,3972500
2019-04-10,39.12335205078125,39.61456489725415,39.0704522501276,39.289610214448686,4464400
2019-04-11,39.38785934448242,39.47098844381331,39.100689761296564,39.21404526534671,4481300
2019-04-12,39.675025939941406,39.682581819297326,39.01755488869856,39.26693926696732,3819300
2019-04-15,39.841278076171875,39.909292511360164,39.58433497466308,39.67501992730658,4936000
2019-04-16,39.59189987182617,40.037771741224155,39.425641685087605,39.75815805856474,5586500
2019-04-17,39.41808319091797,39.67502633391722,39.3500687447469,39.67502633391722,3582300
2019-04-18,39.266944885253906,39.63724644878468,39.221603836984826,39.365188627876115,3717100
2019-04-22,39.24427795410156,39.448321338464034,39.146034202484714,39.26694848031169,3290100
2019-04-23,39.17625045776367,39.43319357300778,38.88152218380012,39.26693541525488,4253000
2019-04-24,39.47098159790039,39.576781203126544,39.17625330253524,39.20648258483501,3069600
2019-04-25,39.62968444824219,39.77327211022756,39.221600633038534,39.35007076973778,2755500
2019-04-26,39.70525360107422,40.05288169370813,39.65990967832167,39.833723724638624,2810600
2019-04-29,39.49365997314453,39.690147464349565,39.3274046530752,39.629688887725365,3315100
2019-04-30,40.21914291381836,40.27204271963354,39.433198823388224,39.56166895670418,7218500
2019-05-01,39.690147399902344,40.21158964973312,39.41808957118243,39.4709893842309,6057600
2019-05-02,39.863956451416016,40.136014245795884,39.47854316459337,39.75059807615,4842100
2019-05-03,40.2342529296875,40.33249376757798,39.87150732748786,39.96975104820122,3490500
2019-05-06,40.06044387817383,40.355175098220904,39.939529614625066,40.173802261486045,4033800
2019-05-07,39.94709014892578,40.2191479746793,39.78083194811561,40.060445654440706,3557800
2019-05-08,39.44831466674805,40.04533007378359,39.4180853816979,39.93197169625719,3965100
2019-05-09,39.5692253112793,39.75815400135773,39.43319642379698,39.493652105554105,4080500
2019-05-10,40.33250045776367,40.370285623437105,39.470985995986595,39.470985995986595,4165800
2019-05-13,40.8841667175293,40.91439599932966,40.24181033479787,40.27959549563683,6482400
2019-05-14,40.52898025512695,40.83882316747867,40.438292415300005,40.73302357050337,4294500
2019-05-15,40.536537170410156,40.801039052435755,40.50630788969474,40.61211037219871,4033100
2019-05-16,40.85394287109375,41.02019816573739,40.44585618976059,40.49875599480491,5262200
2019-05-17,41.14445114135742,41.2820582354438,40.52521921796873,40.5710892214207,4847500
2019-05-20,41.34321594238281,41.419663027617986,41.12915885443945,41.2744123991634,3459500
2019-05-21,41.259117126464844,41.618421880678774,41.16737713638261,41.34321065923906,3435000
2019-05-22,41.36614227294922,41.45023580180872,41.19795521523022,41.32027228004344,3904700
2019-05-23,41.5419807434082,41.61842782980209,41.32028011008875,41.434953655948995,4640800
2019-05-24,41.549617767333984,41.8707018956101,41.503750689200935,41.58784422080346,2830100
2019-05-28,40.945674896240234,41.64135370416396,40.869224913009305,41.58784017403665,4747900
2019-05-29,40.43347930908203,41.144448273549905,40.34938576674959,41.083291189479525,3254200
2019-05-30,40.5175666809082,40.77749081022893,40.387606074382276,40.5175666809082,3254800
2019-05-31,40.899810791015625,40.953324328842534,40.49463602853504,40.59401664663124,3925000
2019-06-03,41.40437698364258,41.44260052991255,40.792791494514034,40.89981859057782,4210400
2019-06-04,41.43495178222656,41.48846532353624,40.63224574631213,41.35085824123442,3868500
2019-06-05,41.90127944946289,42.08475358383833,41.33556121655624,41.427298283743966,5624000
2019-06-06,42.33704376220703,42.38291084806506,41.8477754045917,42.08476312491006,4727200
2019-06-07,41.8248291015625,42.772788508533935,41.81718556114161,42.451704401750355,4097200
2019-06-10,41.64900207519531,41.885992676296574,41.373787936179404,41.824832682617924,4450800
2019-06-11,41.702518463134766,41.87834908258062,41.48081784529335,41.56491138421728,3396000
2019-06-12,42.16121292114258,42.16121292114258,41.801905196917716,41.863062283184185,2884700
2019-06-13,42.16121292114258,42.252950008677004,41.801905196917716,42.16121292114258,3444600
2019-06-14,42.54344940185547,42.65812001930519,42.214721715881886,42.329392333331604,4081200
2019-06-17,42.428775787353516,42.68869993585473,42.13827164108295,42.528159321969326,2989100
2019-06-18,42.24530029296875,42.619897988944835,41.88599551271694,42.59696444789684,3842100
2019-06-19,42.61225128173828,42.81865896837487,42.03888946797914,42.061823007323426,6153400
2019-06-20,42.82631301879883,42.98685365521078,42.382911737734,42.67341592476718,4018700
2019-06-21,43.017433166503906,43.055656710508366,42.44407125762859,42.696348981073605,8627300
2019-06-24,43.02507400512695,43.2238410874909,42.772796297534924,43.06330046299876,3741200
2019-06-25,42.79573059082031,43.10916830349638,42.71928350627272,43.002141218622015,2704600
2019-06-26,42.03124237060547,42.71927770314618,42.01595237251912,42.696341247882195,4704100
2019-06-27,42.10768508911133,42.28351566233522,41.78660101728669,42.168842154626034,3413800
2019-06-28,42.26058578491211,42.474642838182504,41.931858122363295,42.06946518651252,5611000
2019-07-01,41.92422103881836,42.25294875199832,41.61842686777256,42.122985208609585,4354100
2019-07-02,42.703983306884766,42.719273303396356,42.09239802776425,42.115331564397316,2913900
2019-07-03,43.04800796508789,43.223838579271685,42.81101735487367,42.81101735487367,2629500
2019-07-05,43.08622741699219,43.12445095275048,42.31409857983811,42.757499760187,3133900
2019-07-08,43.04800796508789,43.24677211964853,42.80337381350443,43.17032504087962,2789200
2019-07-09,43.23912048339844,43.30027755171041,42.87216932472089,43.13973696658934,3590900
2019-07-10,43.506690979003906,43.63665449662798,43.07093626722505,43.32321392949602,3406100
2019-07-11,43.185611724853516,43.4990493897764,42.887461141495635,43.43788939844077,3583400
2019-07-12,42.5587272644043,43.284986015989276,42.48228020266629,43.24676248512027,4341300
2019-07-15,42.89511489868164,42.97156198459248,42.428780092325056,42.45936009319715,4005300
2019-07-16,42.55109405517578,42.933335289202255,42.36761697968464,42.81101821096455,3127400
2019-07-17,42.65047836303711,42.89511252393171,42.56638482342911,42.64283190510771,3223800
2019-07-18,42.910400390625,42.99449392605306,42.306458560068094,42.70398978082951,3379900
2019-07-19,42.2529411315918,42.99448996706288,42.23765113417015,42.788079376273956,5517800
2019-07-22,42.41348648071289,42.51287001695077,41.94715171406106,42.352329400445136,4623300
2019-07-23,42.36761474609375,42.520511814897546,42.05417706736703,42.428774740122876,3023300
2019-07-24,42.535804748535156,42.55873828974407,42.1229835091594,42.39819766874324,3613900
2019-07-25,42.32174301147461,42.665760649374164,42.237649487069305,42.45935006663443,3280900
2019-07-26,42.61225128173828,42.681054816040145,42.19943007592714,42.30645714789247,2288700
2019-07-29,42.89511489868164,42.96391844250916,42.543453637460715,42.77279781146265,3329300
2019-07-30,42.26823806762695,42.96391702503347,42.061827442954346,42.89511348347593,6918500
2019-07-31,42.96391296386719,43.30028418175891,42.16120699908462,42.619895288597796,7190500
2019-08-01,43.56021499633789,43.858362721820654,42.72692890693428,43.00214308930897,6143400
2019-08-02,43.85071563720703,44.148863338604926,43.414960855737924,43.7895556388335,4389100
2019-08-05,42.75750732421875,44.118285268570794,42.57403023734451,43.965388182220494,5779800
2019-08-06,43.529632568359375,43.682529651852846,42.33704173290279,42.803376525236686,5004100
2019-08-07,43.91951370239258,44.20237136893705,43.02506779342811,43.57549604509855,5139500
2019-08-08,44.4852294921875,44.56167948140931,43.6060764881535,43.927157694078375,3842300
2019-08-09,44.592254638671875,44.7680852204004,44.29410408746064,44.4852246653745,3097500
2019-08-12,44.85983657836914,44.93628366739144,44.561688848404835,44.668715939543866,3080000
2019-08-13,43.7284049987793,44.59227114731983,43.682534993241596,44.53875468272435,10429300
2019-08-14,43.62136459350586,44.24823989658347,43.544914607600795,43.84306226195859,13002000
2019-08-15,44.05712890625,44.217669537229185,43.49141055235792,43.69017764275355,5623600
2019-08-16,44.42034912109375,44.52854017562488,44.02622414416103,44.203967012031484,6259100
2019-08-19,44.77582550048828,45.038576412867435,44.22714072545621,44.358517655638046,4640400
2019-08-20,44.58262634277344,44.822194304641634,44.49762120919232,44.74491583848261,4010300
2019-08-21,44.78355026245117,44.799006543620095,44.343056567081504,44.55943860747806,4406500
2019-08-22,45.169952392578125,45.27041675495796,44.65217724614464,44.82219340586675,4368700
2019-08-23,44.574893951416016,45.471337604475664,44.366238581999006,45.2858651823325,4926200
2019-08-26,45.08494186401367,45.08494186401367,44.51307123381677,44.598079309060765,3838100
2019-08-27,44.63671875,45.347692970682864,44.5903528527275,45.177676819392204,6155600
2019-08-28,44.67536544799805,45.08494663792378,44.52853223048911,44.79128315089052,5194400
2019-08-29,44.91493225097656,44.93811815086241,44.505351044804854,44.89947596704757,4883300
2019-08-30,45.02313232421875,45.16996557701334,44.683102853509496,44.95358050657534,7426700
2019-09-03,46.19004440307617,46.213227353337984,45.007666771971515,45.038576389659084,9082500
2019-09-04,46.45279312133789,46.87010389424786,46.151402990231034,46.36005837668602,5577900
2019-09-05,45.981388092041016,46.29050784664348,45.67226833743855,46.151404251870815,6242300
2019-09-06,46.1204948425293,46.29051101399216,45.919566103894155,46.18231702888919,4680700
2019-09-09,45.610450744628906,46.08185709123753,45.44816418372636,45.950480150517784,4730900
2019-09-10,45.741817474365234,45.741817474365234,45.26268453578501,45.51770876069686,4459100
2019-09-11,46.143672943115234,46.205498070960495,45.49452384066177,45.66453999425188,4344200
2019-09-12,46.360069274902344,46.6614594768593,46.02776650146645,46.36779594377954,4333700
2019-09-13,46.4682502746582,46.59962425304606,46.00457064673677,46.190043087502225,5492500
2019-09-16,46.259586334228516,46.59188897435886,46.1513953254389,46.52233719042498,4658600
2019-09-17,46.79281997680664,47.00147535208298,46.32914333040426,46.32914333040426,3962000
2019-09-18,46.98601531982422,47.07102338607462,46.59961716267438,46.98601531982422,3896900
2019-09-19,47.186954498291016,47.24877668422144,46.986025761051714,47.06330717844554,3502700
2019-09-20,47.225589752197266,47.333780779444204,46.85464782392873,47.29514154799664,7474800
2019-09-23,47.38787841796875,47.480613167198065,47.0478490388049,47.18695263664114,3888900
2019-09-24,47.897926330566406,48.191589823637536,47.52698436731141,47.54244065094511,5090400
2019-09-25,47.70472717285156,47.95975143064755,47.46515919867819,47.89019962833816,4208300
2019-09-26,47.80519104003906,47.975207210116416,47.604262303041345,47.75882218965852,2890300
2019-09-27,47.73564147949219,47.913384325651755,47.434251307830976,47.828376236622226,2991400
2019-09-30,47.73564147949219,47.94429689402336,47.60426453790525,47.782010332049595,3441800
2019-10-01,47.820648193359375,47.851557812857344,47.44970622752149,47.604263168965424,3022400
2019-10-02,47.256507873535156,47.83610525735782,47.10967464958985,47.81291935737529,4189000
2019-10-03,47.418792724609375,47.47288824264455,47.040121150378525,47.2951454051026,4216200
2019-10-04,47.95201110839844,48.05247545552195,47.30286208111057,47.48060488110815,3556700
2019-10-07,47.8515510559082,47.975201308378644,47.61971272849469,47.91337618214342,3355000
2019-10-08,47.418792724609375,47.93656495379879,47.411063108898844,47.85155686889077,3510900
2019-10-09,47.83610153198242,47.99065846391077,47.5269817721567,47.58107728792853,2897100
2019-10-10,47.75881576538086,47.998383704811225,47.35696129342553,47.62744179561805,3601000
2019-10-11,47.54243850708008,47.867011604797746,47.37242234276061,47.71245467139955,3459100
2019-10-14,47.07875061035156,47.71244630773677,46.970559596744145,47.62743824047836,2890700
2019-10-15,46.90874481201172,47.25650380193953,46.78509749870233,47.11740020596841,3648200
2019-10-16,47.21013641357422,47.29514449684975,46.715547145045186,46.839194462177446,4395400
2019-10-17,47.186954498291016,47.34151143710939,46.88556139243206,47.15604193133349,3444500
2019-10-18,47.248783111572266,47.356974162656435,46.95511958149735,47.04012767820206,4178700
2019-10-21,47.59653091430664,47.62744347816085,47.10966835154802,47.12512463347512,3146400
2019-10-22,47.48060989379883,47.80518591570137,47.411058099675735,47.681538609258574,2667400
2019-10-23,47.87474060058594,47.87474060058594,47.47288609338608,47.47288609338608,2796800
2019-10-24,47.87474060058594,47.944292398908686,47.727907388579844,47.86701098522535,2452000
2019-10-25,47.41106033325195,47.967474712449864,47.26423007117893,47.944291762644774,2865600
2019-10-28,47.14830780029297,47.46515421130224,47.00920715827478,47.21013292828715,4342900
2019-10-29,47.07875061035156,47.449695439839886,46.90100780971309,47.040111383775205,4874200
2019-10-30,48.40024185180664,48.59344096176341,47.140582829452825,47.14830949673793,5253200
2019-10-31,48.42341995239258,48.44660289991076,48.037021771174004,48.35386816185387,5169900
2019-11-01,48.11430740356445,48.755729895075746,47.95975046641511,48.58571372662993,4353500
2019-11-04,47.71245574951172,48.199315407089315,47.557895864636535,48.168405788501964,4050100
2019-11-05,47.418792724609375,47.820647250002544,47.241049887067426,47.5115274772433,3958900
2019-11-06,47.79746627807617,47.92111361032918,47.51926199149561,47.51926199149561,2812700
2019-11-07,46.916465759277344,47.57334442638399,46.66144449641223,47.52697558405209,5991700
2019-11-08,47.34150695800781,47.34150695800781,46.831461443403846,46.831461443403846,3909100
2019-11-11,46.730995178222656,47.349231654739526,46.69235300320331,47.349231654739526,3400700
2019-11-12,46.9010124206543,47.07102857188577,46.73872588428843,46.83919024165105,3337900
2019-11-13,47.84382629394531,48.013842449876805,47.03239064169988,47.03239064169988,4965900
2019-11-14,48.21477127075195,48.4543392376227,47.86701226980557,48.114306904259756,5399800
2019-11-15,48.5504150390625,48.5504150390625,48.19916546445442,48.269415379376035,5433400
2019-11-18,48.76896286010742,49.23729655975128,48.597240205813925,48.597240205813925,4968300
2019-11-19,48.55820083618164,48.87042322348682,48.222562811979245,48.355258368734624,3639200
2019-11-20,49.00312423706055,49.042154275371544,48.48795929363843,48.55040497287693,3057800
2019-11-21,48.925071716308594,49.120210003952586,48.79237613237221,49.04215587992458,2776700
2019-11-22,49.0889892578125,49.19046200543767,48.675297023179716,49.0811850361063,3629200
2019-11-25,48.534793853759766,49.401208304331526,48.425516891989254,49.08898586135244,6383700
2019-11-26,48.58943557739258,48.69871254645599,48.38649306021398,48.6596854828725,8201000
2019-11-27,48.63626480102539,48.74554175876659,48.31623814868025,48.63626480102539,3532000
2019-11-29,48.38649368286133,49.08898976912627,48.38649368286133,48.79237872244154,1863800
2019-12-02,48.08207321166992,48.40209988648103,47.886934922697925,48.26940727921559,4334100
2019-12-03,48.683101654052734,48.70652027451635,48.19915950970038,48.45674349178132,4746300
2019-12-04,48.93287658691406,49.13582207619788,48.58943426803053,48.636268529613105,5336100
2019-12-05,48.98751449584961,49.04996017722786,48.68309924306557,48.81579482720737,3217000
2019-12-06,48.503570556640625,49.04995833791556,48.47234771712231,48.9562927969345,3520600
2019-12-09,47.95717239379883,48.60503277447525,47.86350687309409,48.503560056794065,4310500
2019-12-10,47.09077072143555,47.9571821754259,46.90343666424309,47.9571821754259,7917500
2019-12-11,47.371768951416016,47.613741496521676,47.09857654369505,47.340549088800714,5796500
2019-12-12,47.38738250732422,47.65277070574624,47.04394018248504,47.22346705530375,6446500
2019-12-13,47.426395416259766,47.754229200033706,47.176618713181135,47.34053709385469,5158600
2019-12-16,48.605045318603516,48.644072380838274,47.59813103404726,47.60593823303861,7574900
2019-12-17,49.72123336791992,50.15834417850499,48.65187644813673,48.70651492726314,10599000
2019-12-18,49.666595458984375,49.85392653883304,49.31534596230084,49.619761200235295,6382800
2019-12-19,49.22948455810547,49.66659537295157,48.69870820349729,49.6353725338396,8192100
2019-12-20,49.84612274169922,50.07248386121724,49.42462334209472,49.76026142204935,11392300
2019-12-23,49.377803802490234,49.916387521728176,49.28413823384766,49.7680804790048,3678000
2019-12-24,49.27631759643555,49.401205972216715,49.14362202228283,49.385594553047355,1962500
2019-12-26,49.30754470825195,49.36218617216705,49.09679796240798,49.24510199996556,2361000
2019-12-27,49.53390121459961,49.54951263460284,49.16704326603231,49.2138745484681,2432000
2019-12-30,49.44023513793945,49.49487361857343,49.12020847526592,49.36218101634059,2772700
2019-12-31,49.72123336791992,49.73684478732372,49.31534539614245,49.41681813348026,3767500
2020-01-02,48.878238677978516,49.69781891106933,48.72212744844359,49.68221046793248,4675900
2020-01-03,48.83141326904297,49.104605720420345,48.729940510999484,48.80799464637177,3531800
2020-01-06,49.02653884887695,49.17484285858746,48.79237054844383,48.8314005835651,3507600
2020-01-07,48.878238677978516,48.96410000310142,48.581630617193596,48.831407393419866,3191700
2020-01-08,48.86262893676758,49.049963014163325,48.69090925819347,48.94068604300503,3413600
2020-01-09,49.377803802490234,49.39341522685979,48.823611636457485,48.940695830441754,3114700
2020-01-10,49.69001388549805,49.80709805014829,49.41682147141281,49.502679817572464,4427800
2020-01-13,50.37690353393555,50.59545747403728,49.729042957813796,49.76026579999236,5262100
2020-01-14,50.67350769042969,50.67350769042969,50.27542988246404,50.38470684407984,5153300
2020-01-15,51.18867874145508,51.28234131133542,50.68131798572672,50.73595646987297,3772400
2020-01-16,51.63359069824219,51.66481353803435,51.21209129376966,51.27453697335398,3145900
2020-01-17,52.5,52.554638475491394,51.6882241104513,51.7818866654953,6072600
2020-01-21,53.171295166015625,53.311795004104,52.50001882349888,52.56245856419979,4546600
2020-01-22,53.311790466308594,53.530344428032215,53.17909188513455,53.272760420937026,3369800
2020-01-23,53.82694625854492,53.85036190098217,52.99956179830554,53.05420028237516,3481200
2020-01-24,54.20161819458008,54.26405792706457,53.748895891963365,53.85817286774691,5048900
2020-01-27,54.435760498046875,54.69334439809661,54.12353813027263,54.17818255314349,4412300
2020-01-28,54.677757263183594,54.98217255270516,54.264059040487616,54.443588907329165,4714600
2020-01-29,54.71676254272461,54.89629234785023,54.36551608483762,54.67773846692974,3252100
2020-01-30,55.302188873291016,55.34121891241743,54.42797316627882,54.68555117701042,3755400
2020-01-31,54.95094680786133,55.497331669151166,54.72458566385601,55.31000056744441,5469000
2020-02-03,55.185115814208984,55.24756150731607,54.787037919736726,55.1617001680811,3144600
2020-02-04,54.279666900634766,55.231942698827154,54.178197134735626,54.98996717222467,5504400
2020-02-05,53.881587982177734,54.28747899265412,53.545949858385086,54.17039481828022,6441600
2020-02-06,53.7332763671875,54.19380582561835,53.51472243646695,53.66302944166217,5625700
2020-02-07,53.37421798706055,53.96744000108701,53.319579509133604,53.88157868503789,3732400
2020-02-10,53.421051025390625,53.545936412921655,53.1478527020692,53.49910513699089,3659800
2020-02-11,53.53812026977539,53.68642722563886,53.288343581300396,53.52251183212208,3341900
2020-02-12,53.56156539916992,53.7801193532463,53.210312868562646,53.34300548994493,3545000
2020-02-13,54.279666900634766,54.38113666653391,53.49911374869319,53.545945032162344,4513500
2020-02-14,54.358428955078125,54.523825008266506,54.15366376214948,54.43719126944248,5032000
2020-02-18,54.6577033996582,54.77584084534584,54.46080965975217,54.47655851510782,5167500
2020-02-19,54.0355110168457,54.681322154424954,54.02763358589299,54.64194100838066,4894000
2020-02-20,54.98059844970703,55.06723216405268,53.18492875003216,53.20068361194188,5046500
2020-02-21,54.33478546142578,55.42164256484823,54.311159178085134,54.83883286842322,5386400
2020-02-24,53.397586822509766,54.71283561610665,53.3188245163904,54.137903228525076,5644300
2020-02-25,52.65726089477539,53.65747842332688,52.444612296392364,53.476339552265706,5246600
2020-02-26,52.12957763671875,53.200679839291816,52.098073923852624,52.59424388187678,5026400
2020-02-27,49.522708892822266,52.20046166042662,49.51483146164488,51.806674223629535,8529100
2020-02-28,47.53802490234375,48.71938733826936,46.52205248640133,48.593375465278356,15567600
2020-03-02,50.34966278076172,50.522930217346754,47.467138813685814,47.77429253900673,7744600
2020-03-03,50.32603454589844,51.97994054325825,50.09763711640447,50.97972311906538,9656500
2020-03-04,53.397586822509766,53.429084534493114,50.90096953304605,50.908846965402056,6517200
2020-03-05,53.2164306640625,53.99612805806584,52.22408470250975,52.767513254337054,7867000
2020-03-06,52.66513442993164,52.893531866356625,50.01100491911667,51.594032111596306,9790800
2020-03-09,48.955657958984375,51.2790046237804,48.593374209046,49.50696101570274,8520000
2020-03-10,48.845394134521484,49.91649644580011,46.4432913653403,49.68809901087987,10316600
2020-03-11,45.82111358642578,47.83730666122263,44.96265671913512,47.601031758528165,7726600
2020-03-12,41.10353469848633,44.63974747187915,39.40237296227213,42.387282681333694,10790400
2020-03-13,42.50542068481445,43.46626007343335,40.16632213997373,43.411130067707674,9862400
2020-03-16,37.504310607910156,41.450061982920616,37.275916202431866,38.52815723265503,10451100
2020-03-17,44.54523468017578,44.56098653772815,38.53603772231141,38.59904214816124,10298100
2020-03-18,44.04118728637695,44.222332158531714,39.80403645668402,41.749344430874544,8141700
2020-03-19,40.087562561035156,44.11994510212428,39.78040583442359,44.041185811572696,6855400
2020-03-20,36.51197814941406,40.339593200214416,36.346588117431395,40.17420016387149,11839200
2020-03-23,34.0468635559082,36.10243458534245,33.04664304331775,35.976422717854824,10346000
2020-03-24,38.62268829345703,38.89833841003124,35.21248625616523,35.889801404731514,8055000
2020-03-25,39.48900604248047,40.953895875653345,37.18928871617115,38.52028925056032,8206500
2020-03-26,43.42688751220703,43.94668692187152,39.299995957746034,39.37875226052293,8647300
2020-03-27,44.11207580566406,45.884119611003484,41.74147630355075,41.914743770357006,10065000
2020-03-30,45.671470642089844,45.97074694664629,44.308963395323396,44.671250139531516,7222600
2020-03-31,42.639312744140625,45.12017535442266,42.20614706733149,44.891777868780615,9803300
2020-04-01,39.48900604248047,41.29255333189696,38.79593927105633,40.87513958532874,6932900
2020-04-02,41.26893615722656,41.62334254629474,38.83532899482999,38.9140853025428,5471100
2020-04-03,39.59138870239258,41.59970400109827,39.331487555648714,40.63098728064869,6180300
2020-04-06,43.631649017333984,44.26170831271605,41.135035116160424,41.371306976383735,6795800
2020-04-07,43.411128997802734,45.28555815935871,43.22211269836175,45.17529815062481,6086000
2020-04-08,45.82111358642578,46.167645503692036,43.159109254147175,43.53714489235405,5636100
2020-04-09,47.5143928527832,48.71938142989891,46.317278702366956,46.39603498680027,7529500
2020-04-13,45.458831787109375,47.435643794583456,45.01778868782656,47.25450189783167,4771400
2020-04-14,46.4669189453125,46.93158825494002,45.7108477648758,46.52204894778019,4522300
2020-04-15,44.01756286621094,45.67147204095982,43.69465726134987,45.66359460912713,5571900
2020-04-16,43.568634033203125,44.4585943236123,43.33236221393639,44.2774524953625,5003600
2020-04-17,45.261924743652344,45.56120100468716,44.11206325167211,44.49797622581414,4648100
2020-04-20,43.73403549194336,44.70275230839849,43.48988918313758,44.70275230839849,4436400
2020-04-21,43.71039962768555,43.96242331311805,42.844068584556226,43.245730394351995,5497900
2020-04-22,44.93115234375,45.38794727765498,44.285341095674795,44.48223484214553,3662900
2020-04-23,44.7342643737793,45.28556753595873,44.18296121159987,44.899654421124964,4653200
2020-04-24,45.46670150756836,45.82898526355854,44.33259466102343,44.82089028885194,4860100
2020-04-27,46.0573844909668,46.64806572623728,45.655722572901325,45.82898702561578,4661900
2020-04-28,45.726600646972656,47.159986751939634,45.49032576898215,46.6323099966167,3713900
2020-04-29,45.18317413330078,46.703194030278944,45.10441783988264,46.64018959641644,4590300
2020-04-30,44.67912673950195,45.24618166726448,43.84429620744712,45.23830423528999,8494300
2020-05-01,42.85194778442383,44.356215638845704,42.59992407091354,44.24595563972991,4758700
2020-05-04,43.25362014770508,43.403261329455326,42.26915133876029,42.89921377997326,4480200
2020-05-05,43.81279754638672,44.30896762707725,43.44263633959459,43.50564378090396,4002700
2020-05-06,42.245521545410156,44.04906897487916,42.13526152864963,44.04906897487916,3796700
2020-05-07,42.71018600463867,43.11972530873338,42.42665856300697,42.7495641483409,4697700
2020-05-08,43.639530181884766,43.8206720695022,42.96221520813948,43.1669863884793,4349200
2020-05-11,43.954559326171875,44.10419748607287,42.54479943548135,43.21423694557952,6946800
2020-05-12,43.72615432739258,44.78937913168757,43.49775690875278,44.135693593945476,8897900
2020-05-13,42.36366271972656,43.678911612970914,41.99350148431414,43.450514127105365,7166300
2020-05-14,43.11972427368164,43.16697984760586,41.50519638576733,41.92261010683891,5028800
2020-05-15,41.86860656738281,42.808937128210715,41.430317620531206,42.71330812752367,7756200
2020-05-18,43.366764068603516,43.70145953986075,42.83284908336508,43.00019529904624,4266000
2020-05-19,42.68940353393555,43.32691502268431,42.681435970280056,43.103786761595885,3199300
2020-05-20,43.693485260009766,44.0839597032538,42.83284250038752,43.18347304695892,6340900
2020-05-21,42.896602630615234,43.90865054974434,42.7850354446679,43.613802015192434,3198500
2020-05-22,43.49427032470703,43.526143623669036,42.69738009265212,42.8089442387566,4437800
2020-05-26,43.558021545410156,44.490384731541575,43.46239556525914,44.22740948625742,6801200
2020-05-27,43.8369255065918,44.34693775252747,43.34285446822639,44.34693775252747,4483100
2020-05-28,45.35102081298828,45.46258495375046,44.24334392985693,44.378813803669615,4551000
2020-05-29,45.47852325439453,45.98853249358443,44.76929146615266,45.04820181886749,6581700
2020-06-01,45.980567932128906,46.31526037724519,45.04023719599975,45.502431959240575,3119300
2020-06-02,46.219627380371094,46.25150371503571,45.4785193188391,46.171812878374176,4098400
2020-06-03,46.785423278808594,47.271526790998514,46.299319766618666,46.49057475367015,3717700
2020-06-04,46.17977523803711,46.74556639780406,45.494449364564325,46.546343901557044,3346300
2020-06-05,46.57823181152344,47.8293491558351,46.426820731197374,46.498540969274245,4681600
2020-06-08,48.028568267822266,48.187946901031104,46.32322388424531,46.458693746541336,5035800
2020-06-09,47.303401947021484,47.56637412776558,46.42682091811994,47.295431342817075,7344200
2020-06-10,47.175899505615234,48.03653932367816,46.95276818694389,47.22371097112746,5150100
2020-06-11,44.69757843017578,46.37104689594376,44.48241767773784,46.2196388286261,5447600
2020-06-12,44.761322021484375,45.781343566184795,44.14771922961509,45.67774698682332,4533700
2020-06-15,44.960533142089844,45.39085447933316,43.44644393904381,44.06801717735472,4628200
2020-06-16,44.80116271972656,46.24353186565616,44.5222493587668,45.94868337768796,5000900
2020-06-17,44.65772247314453,45.04022936097877,44.068022454465996,45.008353027018956,4593200
2020-06-18,44.71351623535156,44.78523648557698,43.99631373309738,44.39475889215075,3770300
2020-06-19,42.72128677368164,45.502432042850785,42.72128677368164,45.335085819985146,10434600
2020-06-22,43.56598663330078,43.68552138161411,42.50612422716195,42.9922277451236,4692700
2020-06-23,42.45033645629883,44.179586533071735,42.442365852870694,44.06005484070046,6071100
2020-06-24,41.74110412597656,42.275019031739774,41.20718618031887,42.139549174418775,6370300
2020-06-25,40.840614318847656,41.637504354337366,40.418263572804264,41.51796963305622,6995100
2020-06-26,40.5776481628418,41.34266507719005,40.16326792743409,40.77687071597412,6730000
2020-06-29,41.0876579284668,41.0876579284668,40.33857922917043,40.936246851854264,3956200
2020-06-30,41.318756103515625,41.56579316256509,40.744997220402674,41.159380493697796,5075800
2020-07-01,42.13158416748047,42.28299525153302,41.16734775174471,41.32672640027088,3873300
2020-07-02,42.06783676147461,42.577846031871395,41.972207743353934,42.46628188395898,3413100
2020-07-06,41.92439270019531,42.62565690715667,41.48610371080501,42.227211818639155,3318800
2020-07-07,42.012054443359375,42.13955676021757,41.159382129389854,41.43829249754997,3520800
2020-07-08,42.282981872558594,42.49017192215814,41.796878516316916,41.85266056966656,3346100
2020-07-09,41.39047622680664,42.05189655728022,40.97609295468372,42.02002021944887,3700500
2020-07-10,42.418460845947266,42.56190131115522,41.43828636028931,41.43828636028931,4034500
2020-07-13,42.37861251831055,42.936436153603864,42.13157551185221,42.48220907455362,3562200
2020-07-14,42.77705764770508,43.17550266823892,42.27501607066204,42.282986673413504,6023600
2020-07-15,42.251121520996094,43.49427140833617,42.16346310690291,43.36676604973148,4380200
2020-07-16,42.82487869262695,42.960348561173106,42.27502253468271,42.36268093898656,3201100
2020-07-17,43.49427032470703,43.629740205006776,42.97629045791334,43.11176033821308,3806100
2020-07-20,43.239261627197266,43.550051363831976,43.079886016486036,43.303014303397696,3044100
2020-07-21,43.72535705566406,44.13974025463315,43.207380336873456,43.21534789997728,3954700
2020-07-22,44.450531005859375,44.841008511744434,43.00019119524853,43.605829403572955,3870400
2020-07-23,44.27521514892578,44.66568959645413,43.96442545572255,44.299120879212765,3690900
2020-07-24,43.70943069458008,44.864922209948,43.55005507030465,44.49835341028223,2741800
2020-07-27,43.239261627197266,43.70145940996562,42.992227606657906,43.645677338237704,3341400
2020-07-28,44.05208969116211,44.338970652201844,43.111759003262925,43.111759003262925,2702900
2020-07-29,44.13974380493164,44.323028170005315,43.61379644083925,44.22740220559614,3248400
2020-07-30,44.02021026611328,44.25130608376745,43.247225899778925,44.07599232967406,4483900
2020-07-31,43.51818084716797,43.81302941429961,42.84879285699389,43.7253709927454,5643600
2020-08-03,43.040035247802734,43.51817115711656,42.936441718028526,43.486294821850045,3927600
2020-08-04,43.3827018737793,43.61380076391177,42.87269262651791,42.93644530237303,3803600
2020-08-05,42.55392837524414,43.54207029982316,42.45829938391519,43.510193969380175,4043300
2020-08-06,42.94441223144531,43.087852710101906,42.2909625130741,42.474246893603116,2713500
2020-08-07,43.58192825317383,43.773183257639545,42.681444426855094,42.681444426855094,3145000
2020-08-10,43.884742736816406,44.123809187017976,43.4942682441293,43.70145835699871,2255500
2020-08-11,43.1834831237793,44.13178450130314,43.05598080073767,44.04412608423167,5215700
2020-08-12,43.7173957824707,44.13974660531003,43.23129228605084,43.44645299954298,4673200
2020-08-13,43.8369255065918,43.868801841943025,43.390668971253234,43.52613883665396,3926100
2020-08-14,43.1838493347168,43.740174875660884,43.0709688805005,43.65954905546999,3122000
2020-08-17,43.20803451538086,43.562792414157315,42.933902433156135,43.18384738555089,2725500
2020-08-18,42.77265930175781,43.32092361460734,42.59528184219726,43.19998485704495,6647500
2020-08-19,42.885536193847656,43.11935542829396,42.683968524637784,43.03066516173305,2594200
2020-08-20,42.12762451171875,42.829078833786454,41.990560032694674,42.61138547679774,3309500
2020-08-21,42.224388122558594,42.36951706857608,41.81319149262778,42.29695259556734,3536900
2020-08-24,42.61945343017578,42.692017888511735,41.90187327311883,42.24050536156831,3386100
2020-08-25,42.25663757324219,42.78071463832685,42.07925707570376,42.75652443141293,2409100
2020-08-26,41.70030975341797,42.10344498900576,41.49067770853277,41.93412585254379,3015300
2020-08-27,42.08731460571289,42.21631774395959,41.64386651021969,41.72449231824484,3543000
2020-08-28,42.26470184326172,42.33726631765784,41.81319229206641,42.1679502359596,2867000
2020-08-31,42.07120132446289,42.45014950122216,41.958323929431195,42.01476262694704,3863500
2020-09-01,41.77288055419922,42.184077203563355,41.59550003942187,41.9421966406622,3214200
2020-09-02,42.90166091918945,43.1274187946023,41.611629098309486,41.740632280397485,4046900
2020-09-03,42.40983200073242,43.49023471937828,42.07926118032397,43.06291228891029,4326000
2020-09-04,42.15988540649414,42.62752069961883,41.539056749124114,42.498517541962585,3475700
2020-09-08,42.61140060424805,42.99034877601901,41.82125577374895,42.272768423610565,6763200
2020-09-09,42.61140060424805,43.38542272910771,42.46627164806675,42.86134560115545,4665400
2020-09-10,41.57130813598633,42.0147562963707,41.44230497886219,41.974443386459,6263300
2020-09-11,41.73255157470703,41.893806258343275,41.29716792726961,41.54710976501239,3803000
2020-09-14,42.61945343017578,42.8855210602893,41.91799905004654,41.91799905004654,3705700
2020-09-15,42.74040222167969,43.37735671996757,42.52271187101854,42.82909247785625,3519000
2020-09-16,42.966163635253906,43.39348609512497,42.57108966383615,42.57108966383615,2842000
2020-09-17,43.15159606933594,43.17578319930081,42.377577153682374,42.71620927590165,3841900
2020-09-18,42.57914733886719,43.127411539428216,42.498518441327064,42.8532794391477,6289200
2020-09-21,42.75652313232422,42.853277805684314,42.09538157608609,42.5065812486719,4813100
2020-09-22,42.8290901184082,43.272538299183346,42.49045796876544,42.68396117551044,4047500
2020-09-23,42.353389739990234,42.974218413995246,42.31307682883209,42.974218413995246,2786700
2020-09-24,42.77265930175781,42.88553670575414,41.93413704967281,42.35339817571531,3146300
2020-09-25,43.385414123535156,43.41766260409578,42.35338585365298,42.490453429826964,3061900
2020-09-28,43.30479431152344,44.10300357953405,43.224168479702634,43.53861352975343,4436000
2020-09-29,43.296722412109375,43.683731846799894,42.90971297741885,43.49829001824054,2951300
2020-09-30,43.71598815917969,43.94174291839672,43.44185606198276,43.52248188293801,4659900
2020-10-01,44.03849411010742,44.13524878516957,43.52248147915418,43.7804877946308,5565800
2020-10-02,45.360774993896484,45.61071994521495,43.61116956170042,43.78855004816371,6696900
2020-10-05,46.094486236572266,46.247679610733904,45.36884458116387,45.40915749385132,5229100
2020-10-06,46.62662124633789,47.43289169022537,45.892912189749744,45.98966685750415,4779300
2020-10-07,46.602439880371094,47.2555201710298,46.50568826994403,46.90882356834807,3224300
2020-10-08,47.336143493652344,47.537711132179915,46.68306631325698,46.76369213839678,3003000
2020-10-09,47.36033630371094,47.73122004081526,47.07007839617599,47.56996530599826,3920600
2020-10-12,47.45708465576172,47.723152335614124,47.11844942833007,47.32001706409142,3807100
2020-10-13,47.037818908691406,47.32807676732091,46.32023868912275,47.126509151681276,3590500
2020-10-14,46.76368713378906,47.126509459445394,46.610496852146504,46.88462893423376,2596600
2020-10-15,46.77981948852539,46.93300979170341,46.26380680868553,46.4492486732731,3356700
2020-10-16,47.04587936401367,47.20713406858977,46.61855701121303,46.989440678763685,3241600
2020-10-19,46.79594421386719,47.610276129184626,46.77175400551649,47.11038924132321,3989500
2020-10-20,47.247459411621094,47.400652805344734,46.75563689294606,46.97332726439185,3384500
2020-10-21,47.465152740478516,47.70703332256552,46.89270131188095,46.941078658569744,3900500
2020-10-22,48.82774353027344,48.87611779277387,47.32807987920138,47.4490186111304,4964000
2020-10-23,49.061553955078125,49.392124705115826,48.77129918668795,48.98898949406119,4395200
2020-10-26,48.8680534362793,49.05349527437763,48.2310990299778,48.593921354812686,3949400
2020-10-27,48.54554748535156,49.263127759210995,48.54554748535156,48.99706008578892,3484200
2020-10-28,47.0539436340332,48.41653957802044,46.908814707966194,47.97309144867245,4240300
2020-10-29,46.93301010131836,47.747345116051285,45.95742342983034,46.70725532131868,3758900
2020-10-30,46.32024002075195,47.23938788238419,45.89291457185019,46.90881710625896,4145200
2020-11-02,47.5780143737793,47.77152062073097,46.58630216288592,46.77980840983759,3659400
2020-11-03,48.26335525512695,48.87611951525818,47.98922314714449,48.07791339909147,3121200
2020-11-04,48.18273162841797,49.15025700222265,47.811847875757664,47.98922839906406,4100000
2020-11-05,48.51328659057617,49.48887607386047,48.31978342453841,48.31978342453841,2758600
2020-11-06,48.34397506713867,49.01318101174947,48.07790742006428,48.593920011935055,2971200
2020-11-09,50.246768951416016,51.996374168905234,49.58562749750349,50.141952942670656,6353000
2020-11-10,51.738380432128906,52.14151571269969,50.416097203965236,50.4886616774951,5515400
2020-11-11,51.536808013916016,52.06894948758611,51.38361772874536,51.79481432350756,3459900
2020-11-12,51.21430587768555,52.01251507817405,50.77085768882664,51.238493010050085,4189700
2020-11-13,52.045066833496094,52.24868602594798,51.27131328078245,51.31203649787636,3654500
2020-11-16,52.2242546081543,52.88397882711868,51.87402622891421,52.778099080237006,4014000
2020-11-17,50.79077911376953,51.95548130943868,50.69304275739375,51.84145504250314,3770800
2020-11-18,50.318382263183594,51.377204726669554,50.269515637288,51.083992543364694,3990500
2020-11-19,49.74010467529297,50.277659311939516,49.21069344067892,50.277659311939516,3394000
2020-11-20,49.58535385131836,50.06589533990457,49.38987803096856,49.66680029739083,3967300
2020-11-23,49.23512649536133,49.69123154559253,49.16996685562394,49.642364922772124,3324400
2020-11-24,49.837833404541016,50.065889017312806,49.2758455408532,49.674940532967064,3353100
2020-11-25,49.59349060058594,50.049598715563924,49.19439871858975,49.74009666943663,2849800
2020-11-27,49.39801788330078,49.52018753594693,49.04779261981361,49.51204413523013,1694800
2020-11-30,48.74644088745117,49.25141879901096,48.42879539574978,49.08037628987863,6823000
2020-12-01,49.33286666870117,50.37539612937985,48.901194896448196,49.34101317779059,5216800
2020-12-02,50.39982986450195,50.4405530868308,49.02336195811473,49.28399430939863,3892400
2020-12-03,50.39982986450195,50.66860561745854,49.99259142724802,50.22064395787576,4171400
2020-12-04,50.10660934448242,50.66045377543239,49.72380428300701,50.448688083431534,2928600
2020-12-07,50.27765655517578,50.61159194588895,49.821548391794245,49.91928785272201,4111000
2020-12-08,49.683074951171875,50.09031327044378,49.37357295857033,49.984430437478174,3677400
2020-12-09,49.495758056640625,49.902996477603295,49.25141562545954,49.683087357445544,2691400
2020-12-10,49.27585220336914,49.83784014304252,49.22698247109993,49.62607751717485,3206000
2020-12-11,49.21068572998047,49.37358170795202,49.023356442757006,49.08851607673857,2139800
2020-12-14,48.5916862487793,49.862271187976376,48.56725293876977,49.74824493195531,3017500
2020-12-15,49.569053649902344,49.87040916618676,48.69756380852532,49.169958690242886,3116300
2020-12-16,49.218841552734375,50.13105485224261,49.07223545551197,49.72381638373214,2670800
2020-12-17,49.74010467529297,50.041460262220454,49.479472312493606,49.528342045637054,2991500
2020-12-18,48.98263168334961,49.89484478150437,48.71385596909089,49.74009531614221,7612100
2020-12-21,48.86861038208008,48.92562351230057,48.0948567629673,48.64055786119813,4059200
2020-12-22,48.64055252075195,48.90932823271247,48.559102981534956,48.811591892634304,2714800
2020-12-23,48.363624572753906,49.16995472010865,48.34733466684003,48.876742627622605,2462400
2020-12-24,48.70571517944336,48.74643840068968,48.29847675301493,48.52653238456303,858000
2020-12-28,48.8604736328125,49.29214542238928,48.632417973899585,48.884906947095565,2293800
2020-12-29,48.925621032714844,49.275846304595355,48.80344827015842,48.876751306295795,1746700
2020-12-30,49.36544418334961,49.57720680503188,48.89304610169903,48.92562592256791,1963800
2020-12-31,50.03331756591797,50.074040790620494,49.23513055521347,49.341013425026354,2417300
2021-01-04,48.347347259521484,50.082183853936215,48.01341186876397,49.99259090156521,4774300
2021-01-05,48.66499328613281,48.84417919288526,48.27404475893151,48.48580737938037,3905200
2021-01-06,49.854122161865234,50.1717676038747,48.74643326163982,48.91747574401455,4102500
2021-01-07,49.797115325927734,50.131050718289714,49.528339574505985,49.99259114176575,4690300
2021-01-08,50.14733123779297,50.26135748110281,49.49575048532093,49.74009287912518,3965800
2021-01-11,49.854122161865234,50.26950705294092,49.47946359472496,49.83783225368753,2873300
2021-01-12,47.90752029418945,49.80525253808427,47.64688799304249,49.72380300211202,7012200
2021-01-13,48.632415771484375,48.85232491102192,47.931965128583194,47.940111637630615,3949500
2021-01-14,48.08671188354492,48.61611994888821,48.037842156151285,48.52653010914025,3776700
2021-01-15,48.5916862487793,48.746435723810386,47.614313457626345,47.85051247765995,4107900
2021-01-19,49.731956481933594,49.797113012864635,48.77901697283393,49.12109885791517,6270300
2021-01-20,49.39801788330078,49.788966364336666,48.99892289456575,49.503897627530975,5151000
2021-01-21,48.770870208740234,49.349147973928496,48.55096110641885,48.86860655188896,3530400
2021-01-22,48.98263168334961,49.30842362903886,48.56724990422895,48.64055293665992,3079400
2021-01-25,49.699378967285156,49.71566887751883,48.5265333933046,48.76272932423619,4013100
2021-01-26,48.61612319946289,49.634219285867154,48.61612319946289,49.59349606380752,3222800
2021-01-27,47.67947006225586,48.6079730673748,47.345534716432695,48.461367002673676,5062700
2021-01-28,48.08671188354492,49.08851799274596,47.76906642294246,47.850512861616046,2764400
2021-01-29,47.988975524902344,48.274044292616885,47.41069769485618,47.858659350427395,3464500
2021-02-01,48.14372634887695,48.681280937204,47.75277783981933,48.29033242814638,3257200
2021-02-02,48.57539367675781,49.43874016455895,48.00525932092621,48.29847145289573,3391700
2021-02-03,48.420650482177734,48.77901918601458,48.30662421763795,48.542820148334926,3165000
2021-02-04,49.14553451538086,49.25141737855515,48.420650597382405,48.502097041680976,3223600
2021-02-05,49.58535385131836,49.87856602835168,49.145535585768386,49.381734629154415,3087200
2021-02-08,49.46317672729492,49.91113835528214,49.38173028838178,49.634216113201994,3550200
2021-02-09,49.389869689941406,49.59348887771787,49.20254041002493,49.544622261120146,2077400
2021-02-10,49.626068115234375,49.86226711597881,49.341002498461584,49.61792160790819,3022400
2021-02-11,49.91927719116211,50.106606457457275,49.35728628529461,49.666788298164974,4502600
2021-02-12,49.466583251953125,49.96042790960276,48.98097106546994,49.75466008719069,4867000
2021-02-16,48.80813217163086,49.466588647212944,48.79990283933465,49.39251209747445,3039600
2021-02-17,48.783447265625,48.91513857756111,48.5036028352897,48.86575315817186,2933200
2021-02-18,49.260826110839844,49.664132511714854,48.766984485877586,48.824599237464234,4530700
2021-02-19,48.816368103027344,49.27728609871331,48.62706204911799,49.18674773819832,3194800
2021-02-22,48.7999153137207,49.03037435414305,48.100302578515944,48.82460645668911,4076100
2021-02-23,48.4953727722168,49.622983022711914,48.487143438460556,48.74229674166569,3990600
2021-02-24,48.05091094970703,48.50359960813251,47.8533724250617,48.3719083049584,5076900
2021-02-25,47.540611267089844,48.273147582772,47.42538175264533,47.968608849147174,4064300
2021-02-26,46.684608459472656,48.01798318112551,46.65991418367505,47.779291733612965,6092400
2021-03-01,47.55706787109375,48.215527549759585,47.1373028087243,47.1373028087243,3210700
2021-03-02,47.598228454589844,48.00976422276813,47.00561594368711,47.58176664709046,3574200
2021-03-03,47.40068435668945,47.55706679997778,46.96445749820154,47.32660780149638,3859400
2021-03-04,47.252532958984375,48.30606343567731,46.93153558810253,47.58176280283516,4843400
2021-03-05,48.02621841430664,48.26490989114776,46.964458617590196,47.3842236805104,4435200
2021-03-08,49.06329345703125,49.27729066919541,48.24022194294522,48.68468131409615,7440100
2021-03-09,48.898681640625,49.3513703742504,48.75876098140776,49.137373148456724,4703100
2021-03-10,49.20320129394531,49.54889287251689,48.799898115340945,48.89866579217518,4075700
2021-03-11,48.79167175292969,49.507746133994,48.76698061557169,49.03036321328446,3351000
2021-03-12,49.25259780883789,49.56536585240547,48.83283273280838,49.03860060414547,4062400
2021-03-15,50.19089889526367,50.31436087420824,49.269059709054815,49.38428921485985,3470200
2021-03-16,50.413116455078125,50.57773134084419,49.89458066383377,50.02627194449306,4410500
2021-03-17,49.9604377746582,50.43781758423709,49.935743496050584,50.413126445397886,3850300
2021-03-18,49.713531494140625,50.133296675911964,49.23614840529348,49.968681709420906,4042900
2021-03-19,49.13737869262695,49.61475862238433,48.174383218478496,49.21968460265675,8891400
2021-03-22,49.12913131713867,49.29374622704057,48.79167216473549,48.9727488796044,3026900
2021-03-23,49.90281677246094,50.18266115673104,48.98920707264478,49.186742438148364,3601400
2021-03-24,49.95220947265625,50.44605426905303,49.540673712209944,49.61475027468102,3485600
2021-03-25,50.52012634277344,50.87404731649262,49.976899312841184,50.20735831348868,4303700
2021-03-26,50.75057601928711,50.816423230099154,50.10034894147339,50.487193455574584,2929100
2021-03-29,51.2938117980957,51.52427079615862,50.684740691852745,50.75058477425571,4505600
2021-03-30,50.65182113647461,51.055124415377335,50.33082375210793,51.046895081831174,3008300
2021-03-31,51.16212463378906,51.26089233527041,50.6188975659887,50.725897740791865,4346900
2021-04-01,51.302040100097656,51.302040100097656,50.684736571383446,51.23619288327945,3396300
2021-04-05,51.57365036010742,51.82880360741347,51.195038294893024,51.195038294893024,3104000
2021-04-06,51.94404220581055,51.976965818935696,51.244429555859554,51.40081514831976,2879900
2021-04-07,51.68888854980469,52.14980971100583,51.52427362510653,51.968732979861,2311400
2021-04-08,51.73828125,52.12512590651401,51.5901281108997,51.804125345284035,3717500
2021-04-09,51.63127517700195,51.96873436875614,51.59012222966971,51.82881371987279,2641800
2021-04-12,51.76297378540039,52.03458892764556,51.5489765452607,51.70535902306397,3240900
2021-04-13,52.31441879272461,52.56133958230908,51.44196198710673,51.44196198710673,4413500
2021-04-14,52.58603286743164,52.61895647799266,52.067496990284766,52.166267821967814,3455000
2021-04-15,53.07988357543945,53.17865442407187,52.41319761589935,52.610733033626474,4773900
2021-04-16,53.507869720458984,53.71363755603116,53.14571632040043,53.499637248766014,5307800
2021-04-19,53.43379592895508,53.614872648960215,53.005801546745694,53.516101816356496,3555000
2021-04-20,54.396785736083984,54.6519421398135,53.351487822535425,53.42556751379123,4870900
2021-04-21,54.100486755371094,54.651943095154245,53.82063920950993,54.470866379515236,3331700
2021-04-22,53.58195495605469,54.27333830156848,53.54080514757746,54.01818185904514,3975400
2021-04-23,53.77125930786133,54.02640944777798,53.54080030670606,53.647797334517634,3885800
2021-04-26,53.21980285644531,53.87825624730371,53.104567076519864,53.87825624730371,3924700
2021-04-27,52.94818878173828,53.21157139901456,52.824726806241316,53.153956647720904,2967900
2021-04-28,52.956417083740234,53.195108571328774,52.7506492095643,52.99757317039029,3610200
2021-04-29,53.63134002685547,53.779486863175876,52.75887999812333,52.832959695820506,5034800
2021-04-30,54.4626350402832,54.51202359619015,53.50787544641677,53.80418166371176,5414000
2021-05-03,54.36387634277344,54.89886780650349,54.182799603864105,54.47087337961198,3764600
2021-05-04,54.66840362548828,54.90709509701594,54.19925315511647,54.50379184903868,3815300
2021-05-05,53.870025634765625,54.56964141354563,53.39264895075819,54.495561715288105,4259400
2021-05-06,54.36387634277344,54.46264090615137,53.688957948362415,53.985257918033554,3333600
2021-05-07,54.53671646118164,54.74248432528861,54.15810434476924,54.25686890063699,3608800
2021-05-10,54.5778694152832,55.08817600834514,54.56141074820124,54.693098923468604,3753400
2021-05-11,54.158103942871094,54.701327834723145,53.853565245619436,54.569639668031094,4057700
2021-05-12,52.972877502441406,54.10048761717819,52.9317214193091,54.03464039598116,3781500
2021-05-13,54.100486755371094,54.45440771424648,53.0058002686709,53.096338626490414,3533700
2021-05-14,54.133750915527344,54.507887338204895,54.083867750698474,54.17532444837175,3859600
2021-05-17,53.57670211791992,54.59934507577199,53.54344455965708,54.13375194655353,4449900
2021-05-18,53.343894958496094,53.859371151112995,53.29400545939524,53.58500110736113,4955800
2021-05-19,53.194244384765625,53.210873163222956,52.39608204850493,52.97807660805072,4758900
2021-05-20,53.2607421875,53.68476799655502,53.03626166695834,53.21085903698601,3520000
2021-05-21,53.52680587768555,53.7014032791861,53.08615438677036,53.42703955867371,6245500
2021-05-24,53.560062408447266,53.859374046223806,53.39378098445128,53.73465980661196,2566200
2021-05-25,53.277381896972656,53.5683775560906,52.98638306623989,53.54343597719901,3634500
2021-05-26,52.978065490722656,53.260745150332,52.87829284091574,53.20254919536642,2895300
2021-05-27,52.92818069458008,53.185921956604005,52.82009523997461,53.16097720762452,5675000
2021-05-28,53.144351959228516,53.327265329682696,52.98638333940934,53.21086706543543,3754600
2021-06-01,52.7369499206543,53.36051467314041,52.637180448308534,53.31894115234986,4008900
2021-06-02,53.12772750854492,53.52680546799745,52.63718969026342,52.93649815985281,3012600
2021-06-03,53.593318939208984,53.77623230805199,52.85335583305654,53.16929624152679,3245100
2021-06-04,53.501861572265625,53.85105635747691,53.46860401987938,53.72634846506539,2950200
2021-06-07,53.767906188964844,53.98407706983063,53.451969011721296,53.626566373610764,5518800
2021-06-08,52.745269775390625,53.876004356849535,52.71201539457121,53.876004356849535,4757400
2021-06-09,52.90324401855469,52.97807192919652,52.43764777771499,52.72864344598048,4454800
2021-06-10,53.111087799072266,53.16097094792828,52.77851867249908,52.99468955625593,3162600
2021-06-11,53.08615493774414,53.18592760102135,52.78684646275739,53.01132702609371,3123400
2021-06-14,53.036277770996094,53.32727347606737,52.82842278976938,53.01964899190412,3300900
2021-06-15,53.47692108154297,53.77623271587787,53.06121118310335,53.12772628922881,3155700
2021-06-16,52.362815856933594,53.69308936962046,52.34618708121835,53.51849198203249,4200200
2021-06-17,52.67043685913086,52.911549333926146,52.15495753188343,52.38775403355366,4425800
2021-06-18,51.09074401855469,52.45427189433703,51.032544890072366,52.41270154136604,6549300
2021-06-21,51.963741302490234,52.31293612166773,51.1655789972716,51.31523482595198,4303000
2021-06-22,51.61453628540039,52.163273158271586,51.58127873635015,51.847332785523186,3626200
2021-06-23,51.10737609863281,51.59791390728353,50.90783395120929,51.55634038000978,4500900
2021-06-24,50.69996643066406,51.19882008972883,50.65839608531218,51.1655625448017,4963900
2021-06-25,51.15725326538086,51.21545239081018,50.37571988703401,50.69166026194634,4703900
2021-06-28,51.124000549316406,51.48150811502405,50.99928632127765,51.3401682834204,2363300
2021-06-29,50.26763916015625,51.27365633321988,50.117983345959956,50.8995199693439,4097100
2021-06-30,50.30921173095703,50.45886755174562,49.98495850978672,50.25932857177077,4155200
2021-07-01,51.115692138671875,51.25703516280231,50.38404178059765,50.5503263853802,3635500
2021-07-02,51.15725326538086,51.22376836393692,50.9244567636636,51.14062449074185,2940600
2021-07-06,51.248714447021484,51.27365602536619,50.51706415663415,51.148944962027905,3030600
2021-07-07,51.2902946472168,51.356809764390675,50.874584679726134,51.13232600135187,3001400
2021-07-08,51.17388916015625,51.41500166854771,50.95772140300126,51.04917809043353,3480100
2021-07-09,51.10737609863281,51.36511420668694,50.76649410764604,51.26534471878259,3688600
