Date,Close,High,Low,Open,Volume
2016-07-01,178.8126678466797,179.29820772484638,178.27602124399883,178.4378678700544,106055300
2016-07-05,177.52639770507812,178.09711100727978,176.93013104588525,177.98637112855883,109803700
2016-07-06,178.59112548828125,178.71037879424458,176.37640638023626,177.03230606185224,96021500
2016-07-07,178.48043823242188,179.43446496128354,177.71381146782082,178.77005163259213,85593800
2016-07-08,181.13809204101562,181.38512517532322,179.54520533809736,179.77519856716046,133971000
2016-07-11,181.7769012451172,182.347627431479,181.39358796882487,181.59802778174412,73633900
2016-07-12,183.09725952148438,183.39539936460767,181.8024997136228,182.7394995083198,101275600
2016-07-13,183.07171630859375,183.52317632624678,182.58618947726342,183.51466287223738,87324100
2016-07-14,184.09388732910156,184.56238724640937,183.70206048745473,184.33239401470564,91230900
2016-07-15,183.8468475341797,184.85198088781613,183.4039010235686,184.65606748793815,107155400
2016-07-18,184.3409423828125,184.50278900963733,183.7105957829792,183.96614240440573,58725900
2016-07-19,184.15350341796875,184.18757022804962,183.6764900910065,183.92351020759827,54345700
2016-07-20,184.92013549804688,185.15864216846145,184.15350877137692,184.15350877137692,58159500
2016-07-21,184.2216339111328,185.03085380551673,183.7786874330219,184.80938706527985,67777300
2016-07-22,185.04791259765625,185.09901931234043,184.07684602574125,184.3409060500352,62787500
2016-07-25,184.54531860351562,184.89456512363662,183.966091885143,184.84345841291403,55873100
2016-07-26,184.6305389404297,184.98829897865974,183.78723906611887,184.4431389683606,70080500
2016-07-27,184.43460083007812,185.07346074090879,183.6679611384984,185.00531412403691,84083900
2016-07-28,184.64761352539062,184.9372269920212,183.7787601278565,184.23873369264376,65035700
2016-07-29,184.94569396972656,185.30345398524094,184.10240714659952,184.38350708685488,79519400
2016-08-01,184.7923583984375,185.3971384940866,184.34089844051198,185.00531169925665,73311400
2016-08-02,183.60830688476562,184.69862655701743,182.77353372893066,184.54529344811303,92295500
2016-08-03,184.1449737548828,184.204606918532,183.25058028125014,183.54870710658165,53993600
2016-08-04,184.3409423828125,184.6561091839086,182.5010223057108,184.2557558431233,46585500
2016-08-05,185.84861755371094,185.89121081778012,184.3409173872479,184.3409173872479,71892200
2016-08-08,185.73785400390625,186.1382072113854,185.47379401549162,186.0359807982686,39906500
2016-08-09,185.84861755371094,186.34267082210715,185.5249373415915,185.80603728728104,51251700
2016-08-10,185.38861083984375,186.0359841455934,185.03936433382066,185.95932408260404,57941100
2016-08-11,186.24899291992188,186.49602608222528,185.65272614518395,185.9167862170221,72504300
2016-08-12,186.08718872070312,186.30014210233105,185.6868353234312,185.94236898327037,61313500
2016-08-15,186.62376403808594,186.9730105941644,186.4448905321406,186.4534039855917,49813500
2016-08-16,185.66123962402344,186.27453326544062,185.66123962402344,186.2063996367809,53213600
2016-08-17,186.0104522705078,186.14674550776292,184.86051219996892,185.69528553228906,75134300
2016-08-18,186.42782592773438,186.46189273466416,185.87415258107467,185.98487945182433,52989300
2016-08-19,186.1552734375,186.3341599500134,185.47383319350868,185.95936001723447,75443000
2016-08-22,186.14671325683594,186.37670643015156,185.5504466941994,185.91672008352035,61368800
2016-08-23,186.5215301513672,187.05817660563002,186.46189699083246,186.76003679823123,53399200
2016-08-24,185.56752014160156,186.4704400993404,185.15012697348288,186.3767401227276,71728900
2016-08-25,185.4397430419922,185.85713621615523,185.03087631886928,185.18419646592582,69224800
2016-08-26,185.09054565429688,186.6493658849747,184.20466535260414,185.62719230682396,122506300
2016-08-29,186.00192260742188,186.26598260806702,185.1841762527955,185.2182560579585,70502200
2016-08-30,185.6952362060547,186.1978027625928,185.14156294853103,185.91670290953715,58114500
2016-08-31,185.16717529296875,185.48234204788133,184.3920220873651,185.3630887083761,85269500
2016-09-01,185.17568969726562,185.46530309503095,184.01722310856502,185.15864979220905,97844200
2016-09-02,186.0104522705078,186.43635888870114,185.43973896184536,186.02749217457432,79293900
2016-09-06,186.57266235351562,186.64932242955953,185.57604237202705,186.29156241038206,56702100
2016-09-07,186.5555877685547,186.73447424370875,185.9508077286711,186.41078109706655,76554900
2016-09-08,186.12973022460938,186.49601672347939,185.8230768990411,186.22343021291192,74102900
2016-09-09,181.6746826171875,184.868981490564,181.64912926601133,184.81787478821167,221589100
2016-09-12,184.28123474121094,184.6815879202217,180.84842914064834,180.91657574533482,168110900
2016-09-13,181.6321563720703,183.26763643886903,181.0103362679948,183.00357638087698,182828800
2016-09-14,181.56399536132812,182.88430854433517,181.01032192860217,181.68324870057552,134185500
2016-09-15,183.37841796875,183.76173146246668,181.2233307509822,181.40221731345966,134427900
2016-09-16,182.66946411132812,182.94342749776695,181.9845817718176,182.76363739250482,155236400
2016-09-19,182.70372009277344,183.9622116674637,182.37839183003095,183.32012466255208,80250500
2016-09-20,182.7122344970703,183.71388842659687,182.67799561253793,183.55979385126534,69665300
2016-09-21,184.76693725585938,184.9467142769323,182.72937726175448,183.41427258495116,110284400
2016-09-22,185.93125915527344,186.23090496857742,185.52889666963492,185.77716455183224,76678700
2016-09-23,184.9125213623047,185.67446416968156,184.81834806866058,185.53748245832742,73630900
2016-09-26,183.41429138183594,184.26183783747967,183.2173753018055,184.08206079798262,89827300
2016-09-27,184.55291748046875,184.64707769209988,182.88348096470668,183.25161760787776,78494800
2016-09-28,185.46896362304688,185.62307129089558,183.81666606772146,184.77551177596033,87411000
2016-09-29,183.79100036621094,185.6658967386846,183.24308657792002,185.26352112161058,128070600
2016-09-30,185.17791748046875,185.87992589879707,184.37316624574723,184.62143417016583,117202900
2016-10-03,184.7327117919922,184.95529725204656,184.09918124112315,184.76696374787355,83512100
2016-10-04,183.79100036621094,185.0666180738813,183.20029122302313,184.84403258789584,119948100
2016-10-05,184.60433959960938,185.0323976977853,184.3475021280445,184.41599299134825,72816000
2016-10-06,184.7327117919922,184.95529725204656,183.84235688848102,184.3817010923231,62927400
2016-10-07,184.0991973876953,185.1779120165763,183.37150655256386,185.0066914120333,89788300
2016-10-10,185.05807495117188,185.52037193639262,184.9125367694673,185.05807495117188,51855000
2016-10-11,182.72085571289062,184.6984949069336,181.99316485487475,184.63000405030357,130367400
2016-10-12,182.96055603027344,183.48278731258375,182.36126437989276,182.85781322727746,73866100
2016-10-13,182.36129760742188,182.85784654528132,180.8202989779291,181.63360671311602,101357000
2016-10-14,182.45547485351562,183.7995835173053,182.37842753303363,183.3372734678212,93346200
2016-10-17,181.8219451904297,182.686617766202,181.642155057929,182.42978031832754,58275700
2016-10-18,182.96055603027344,183.47421779207957,182.5838629003062,183.41429646501757,76869700
2016-10-19,183.4485321044922,183.75673438142863,182.86637950544184,183.2259466513188,66519200
2016-10-20,183.1061248779297,183.66259514566121,182.44691178997869,183.09755535598893,73639800
2016-10-21,183.191650390625,183.27726719368118,182.14718809713213,183.1060466508589,89089100
2016-10-24,183.97079467773438,184.33893140659717,183.6197839291966,184.06496797457876,60146600
2016-10-25,183.3544158935547,184.0478679666784,183.19175171575088,183.7910304787407,66542300
2016-10-26,182.9862823486328,183.56843509761592,182.29281724945483,182.53254180507346,75705500
2016-10-27,182.49830627441406,183.7396722707094,182.42125894422213,183.7054333672789,77220200
2016-10-28,181.95887756347656,183.14887820685595,181.24831282341424,182.4725523568128,140623200
2016-10-31,181.96743774414062,182.51535139937488,181.80477363248966,182.2927529041506,61272500
2016-11-01,180.6490478515625,182.34416708158656,179.44193411679908,182.2927891440418,122781800
2016-11-02,179.56173706054688,180.7260551000355,179.12510963118194,180.34079252982156,103330800
2016-11-03,178.7399139404297,179.98984916370236,178.4659635880447,179.77582014393815,88939300
2016-11-04,178.54296875,179.6901608899193,178.39743061851397,178.85117098823267,109122100
2016-11-07,182.4811248779297,182.51537683425684,178.54299901440498,178.54299901440498,109794900
2016-11-08,183.3030242919922,183.8680640704405,181.82194705147958,182.08734096045808,106772100
2016-11-09,185.246337890625,185.86274230139423,181.78762280094315,181.81330522945103,258429000
2016-11-10,185.7086944580078,186.8986952607369,184.2532997663908,186.03402274157074,172113300
2016-11-11,185.28062438964844,185.52033582618566,184.338904621336,184.98954808289514,100552700
2016-11-14,185.4261932373047,186.00835901047284,184.68137636929268,185.80288643230247,94580000
2016-11-15,186.87306213378906,186.87306213378906,185.60601368639652,185.81147323482364,91652600
2016-11-16,186.52200317382812,186.7531581694383,186.1367535566741,186.25660928341745,65617700
2016-11-17,187.4808807373047,187.5408020750015,186.56483018473205,186.67612946469208,69797200
2016-11-18,187.0613555908203,187.720568602341,186.88156547375317,187.54934800622104,86265800
2016-11-21,188.47393798828125,188.49962042400998,187.48940978323023,187.63494794012425,72402600
2016-11-22,188.84207153320312,189.02184858031546,188.11436769753672,188.7821371419699,67429000
2016-11-23,188.94482421875,188.99618909559098,188.13151652107902,188.32841957006784,56620200
2016-11-25,189.64683532714844,189.6810742220705,189.21020777130136,189.2872681456414,37872300
2016-11-28,188.75650024414062,189.61261646285374,188.65377047815005,189.33866606577988,76572500
2016-11-29,189.12461853027344,189.57835903678915,188.4910878875461,188.79073376013366,69886700
2016-11-30,188.67091369628906,189.9037232539868,188.61097928512137,189.74105906744364,113291800
2016-12-01,187.9774169921875,188.97050173292382,187.61783673708024,188.97050173292382,79040500
2016-12-02,188.07156372070312,188.55955612953525,187.71199655470292,188.06300726316525,74840300
2016-12-05,189.20167541503906,189.54411666106003,188.70512646400132,188.90202952729857,67837800
2016-12-06,189.80093383789062,189.83518579680896,188.91057885543555,189.39000177393402,59877400
2016-12-07,192.28367614746094,192.34359747994642,189.52698133405676,189.6468370623224,110738100
2016-12-08,192.7545166015625,193.2253830250353,191.99257386659514,192.2579808058571,99714400
2016-12-09,193.9188232421875,193.93594921927246,192.94285156103166,192.9771035152016,88005800
2016-12-12,193.69625854492188,194.304106695277,193.27675697280102,193.82467072858418,102016100
2016-12-13,194.9889678955078,195.48551672384679,194.33832446352554,194.35545044058355,110477500
2016-12-14,193.37953186035156,195.39139709678585,192.94290423688426,194.68938860416048,142501800
2016-12-15,194.17567443847656,195.0317904674374,193.3880492594279,193.6192042449696,124972600
2016-12-16,193.79588317871094,194.69149898252175,193.47725745596665,194.63121133752213,156420200
2016-12-19,194.2178955078125,194.63986968501598,193.830375174617,193.97677116092234,90341100
2016-12-20,194.9670867919922,195.11349590689724,194.51929197797907,194.75179627515462,89838800
2016-12-21,194.42454528808594,195.0101291313163,194.42454528808594,194.8378993621479,67909000
2016-12-22,194.0886993408203,194.39871819214375,193.69255903179445,194.27815603553404,56219100
2016-12-23,194.37290954589844,194.38151643666708,193.94232848222345,194.13177206117248,36697800
2016-12-27,194.85516357421875,195.2512908050914,194.62264611418124,194.63987303648184,42672500
2016-12-28,193.2447967529297,195.13074411562522,193.13285459982077,195.1135303322501,64095000
2016-12-29,193.20167541503906,193.66669705424326,192.76247444104257,193.3136175254231,48696100
2016-12-30,192.49559020996094,193.6151037253256,191.80665780509864,193.52898224710808,108998300
2017-01-03,193.96810913085938,194.47619149306766,192.79692843305605,193.79586624036577,91366500
2017-01-04,195.12208557128906,195.26848153297962,194.2867573884805,194.29536427788966,78744400
2017-01-05,194.9670867919922,195.12210279706622,194.17481926686474,194.85514465863406,78379000
2017-01-06,195.66461181640625,196.1296334861943,194.53647862766636,195.0790148593262,71559900
2017-01-09,195.018798828125,195.5441082990617,194.98434498134318,195.4063191925194,46939700
2017-01-10,195.018798828125,195.87134100173415,194.63126532343816,195.03601261122344,63771900
2017-01-11,195.5698699951172,195.5698699951172,194.26950713462466,194.93260546757773,74650000
2017-01-12,195.07901000976562,195.2684666846739,193.72699261914352,195.0531762032134,72113200
2017-01-13,195.52684020996094,195.82823903423753,195.2168213556575,195.2512620548958,62717900
2017-01-17,194.8379364013672,195.29435128955922,194.45041606199737,194.88960402791093,61240800
2017-01-18,195.26849365234375,195.31155438264042,194.53650065817047,195.08764384121375,54793300
2017-01-19,194.54513549804688,195.48379904463542,194.11455444288248,195.34600995331297,66608800
2017-01-20,195.25987243652344,195.7507279330802,194.59677403141717,195.22541859869793,129168600
2017-01-23,194.75180053710938,195.3201706676685,193.99398683665453,195.25989615458587,75061600
2017-01-24,196.00050354003906,196.41385767787654,194.85515634493692,194.96709848500868,95555300
2017-01-25,197.69696044921875,197.69696044921875,196.78411771999484,196.94774059731128,84437700
2017-01-26,197.49029541015625,197.8175411955517,197.21471724555164,197.55056992098218,59970700
2017-01-27,197.18031311035156,197.7142294779201,196.9994632637566,197.56783347843495,59711100
2017-01-30,195.95745849609375,196.5172086621444,194.97573412744237,196.49137484772928,79737300
2017-01-31,195.94020080566406,196.0004884566942,194.89820208042732,195.4665590486064,75880800
2017-02-01,196.0177001953125,196.853028428981,195.4321163128962,195.94019876504385,79117700
2017-02-02,196.1468505859375,196.43103559113922,195.3287494050592,196.01766841614332,69657600
2017-02-03,197.49893188476562,197.67978172491428,196.74111809916565,197.0511370106404,80563200
2017-02-06,197.1458282470703,197.4903009625108,196.80997556219742,197.09416062482688,57790100
2017-02-07,197.15444946289062,197.7744872141205,196.964992753332,197.53336288200782,57931200
2017-02-08,197.41282653808594,197.54199561136676,196.61193886286796,197.15447525123201,51566200
2017-02-09,198.583984375,198.8853832240936,197.4128034001183,197.4128034001183,65955200
2017-02-10,199.36761474609375,199.59152528133336,198.60118107303498,198.92842684589928,66015900
2017-02-13,200.4527130126953,200.71106428018317,199.83267522684102,199.85850903956066,55182100
2017-02-14,201.2535858154297,201.26220584645884,199.92740192577156,200.27186151936579,71109000
2017-02-15,202.30416870117188,202.49362538606246,200.98659193643488,201.0382595522616,86785800
2017-02-16,202.13197326660156,202.51088670074023,201.38276642928537,202.33003687434092,84722400
2017-02-17,202.4506072998047,202.4506072998047,201.45165604912492,201.46888297145847,77204100
2017-02-21,203.65621948242188,203.8284492656725,202.81227120600053,202.82089123635168,88946100
2017-02-22,203.475341796875,203.69923917040245,203.0878215525709,203.25144442334758,62115200
2017-02-23,203.6131591796875,204.00928636796786,202.85533236344304,203.99207258780973,74615900
2017-02-24,203.87152099609375,203.91456858901134,202.72617382226116,202.76923455546964,82381600
2017-02-27,204.1901397705078,204.36236955714747,203.535661325161,203.78539254474492,56515400
2017-02-28,203.63897705078125,204.0523311271555,203.25145678291233,203.81120682091307,96961900
2017-03-01,206.4894256591797,206.95446050303505,205.27518407168895,205.29241099116604,149158200
2017-03-02,205.18910217285156,206.30861555778915,205.13743454805757,206.29999552679604,70246000
2017-03-03,205.31825256347656,205.48187545397204,204.72404865179934,205.1029620528857,81974300
2017-03-06,204.70680236816406,205.0598687628521,204.10397852199534,204.52595258625587,55391500
2017-03-07,204.09539794921875,204.75849638133062,203.8887143347153,204.40541680082913,65103700
2017-03-08,203.7165069580078,204.64656361509844,203.5787178665223,204.38821235363588,78168800
2017-03-09,203.97483825683594,204.30208403201433,203.010340991413,203.8370491788356,90683900
2017-03-10,204.6896209716797,204.97380604057082,203.74233740870923,204.93074530765566,81991700
2017-03-13,204.79296875,204.8360294855501,204.30211315754522,204.62934583908455,57256800
2017-03-14,204.00927734375,204.3020824172589,203.39785966792678,204.25040165819996,59880800
2017-03-15,205.77467346191406,206.19664760561835,204.34514127577168,204.57765871334672,96081800
2017-03-16,205.36997985839844,205.9900177602892,205.0427471226127,205.9125163076263,78344000
2017-03-17,205.00926208496094,205.82227819204954,205.00926208496094,205.63199726496683,89002100
2017-03-20,204.7843475341797,205.29464027786463,204.39514142793618,205.0092189472984,52537000
2017-03-21,202.15505981445312,205.51090901439778,202.02532881856098,205.38982235241298,131809300
2017-03-22,202.6307830810547,202.91620449898713,201.56694921236672,202.18968445195426,97569200
2017-03-23,202.4145050048828,203.54753285927518,202.04260074013908,202.63073209762806,100410300
2017-03-24,202.26748657226562,203.2880721879376,201.4890742619211,202.71724265249742,112504900
2017-03-27,202.05996704101562,202.31944229149656,200.32150529847442,200.59826922085048,87454500
2017-03-28,203.53025817871094,203.95405486324012,201.64475093774175,201.75719325688067,93483900
2017-03-29,203.72056579589844,203.9540948131394,203.01999194163344,203.24487662396098,61950400
2017-03-30,204.3692169189453,204.5681553695538,203.48701978020478,203.65999883500942,56737900
2017-03-31,203.8935546875,204.55952479613492,203.84164908650794,204.03193003110582,73733100
2017-04-03,203.5388946533203,204.14432789174012,202.31072631325307,203.94540265571393,85546500
2017-04-04,203.66864013671875,203.75513626156143,202.872925938498,203.25348777187656,56466200
2017-04-05,203.06320190429688,205.32061345411282,202.85561912820899,204.34326269653357,108800600
2017-04-06,203.6341094970703,204.15304680638627,202.76054325058007,203.2016551405772,69135800
2017-04-07,203.42648315429688,204.11841261621606,202.94213649019045,203.38323508840378,74412300
2017-04-10,203.5475616455078,204.3432758756478,203.01996693669741,203.56486351066155,67615300
2017-04-11,203.3053741455078,203.40915893428013,201.81773058497976,203.16698562884116,88045300
2017-04-12,202.4145050048828,203.2188766525714,202.18963357951134,203.02859575515922,81864400
2017-04-13,201.099853515625,202.81238170244328,201.099853515625,202.07720426085868,92880400
2017-04-17,202.88162231445312,202.88162231445312,201.41992462795403,201.61884991623276,68405400
2017-04-18,202.276123046875,202.8123752285135,201.59285121855888,202.14639206600955,83225800
2017-04-19,201.90423583984375,203.21024288163855,201.6793511907246,202.83833857341216,68699900
2017-04-20,203.5475616455078,203.98867342346213,202.19830650755497,202.51831842688946,92572200
2017-04-21,202.8988494873047,203.52158456378126,202.50099903133335,203.4696921736506,110389800
2017-04-24,205.13040161132812,205.33798445731102,202.872989301421,205.13904594752995,119209900
2017-04-25,206.32394409179688,206.66990224429958,205.68390699246353,205.770403129318,76698300
2017-04-26,206.1941680908203,207.17151885724383,206.15093322651757,206.28930854770627,84702500
2017-04-27,206.36721801757812,206.6699281395825,205.83096565731284,206.51425091068754,57410300
2017-04-28,205.9174346923828,206.65259906113272,205.78769048792753,206.62665285973316,63532800
2017-05-01,206.43637084960938,206.86018079937156,206.02121843190722,206.43637084960938,66882500
2017-05-02,206.5142364501953,206.6958598711885,206.1077283399328,206.5747731913736,57375700
2017-05-03,206.26344299316406,206.60941442503943,205.588815197833,206.51427393095628,73137700
2017-05-04,206.50547790527344,206.64386638521432,205.65787156117636,206.56602781429203,61462700
2017-05-05,207.31854248046875,207.33584434389297,206.43633221020283,206.87744394406326,62001300
2017-05-08,207.28396606445312,207.50883751445906,206.8601561651609,207.3618046589795,48385700
2017-05-09,207.0937042236328,207.7423856326874,206.74773288699615,207.54346036253196,51363200
2017-05-10,207.4656219482422,207.4656219482422,206.8428866995768,207.05046951495123,54293800
2017-05-11,207.04180908203125,207.20614381507636,205.96067341458388,207.01586288180906,62358300
2017-05-12,206.6958465576172,207.0850527749916,206.42772701225834,206.79098702830493,53912700
2017-05-15,207.83750915527344,207.95859581385963,207.10233167263556,207.11963353742098,61918900
2017-05-16,207.64727783203125,208.15757078671086,207.25807156485968,208.13162458206338,51241800
2017-05-17,203.96270751953125,207.64721259393744,203.9021575960711,207.64721259393744,172174100
2017-05-18,204.7843475341797,205.63195399626952,203.62536035015066,203.88483548679756,107047700
2017-05-19,206.1163330078125,206.7823162173544,205.21683401621968,205.268726412231,115011400
2017-05-22,207.16285705566406,207.32719175801526,206.55742383446582,206.62660489049898,61010600
2017-05-23,207.62132263183594,207.78565738578942,207.15426457349884,207.53482648845247,48341700
2017-05-24,208.1056671142578,208.20945192723073,207.51752238000833,207.85484941708714,46927700
2017-05-25,209.10028076171875,209.37705782517145,208.4083644980005,208.61593409813327,64071700
2017-05-26,209.0570526123047,209.22137415187208,208.8321679416575,208.91000654420898,46629900
2017-05-30,208.8753662109375,209.1261838251806,208.58130053976862,208.7369777077566,35201900
2017-05-31,208.8235321044922,209.2040939957279,208.13160259292346,209.1694902615477,91796000
2017-06-01,210.4840850830078,210.50138694434958,208.9964417464966,209.2818630700956,68962000
2017-06-02,211.18475341796875,211.34044384496872,210.24200611252522,210.53607189996387,88666100
2017-06-05,211.02902221679688,211.2971417307393,210.8300837666508,211.01172035211985,44698800
2017-06-06,210.35440063476562,211.0203706729839,210.27654884023806,210.4668297647165,50375400
2017-06-07,210.7435760498047,210.96844747433232,210.02570052088976,210.69168365933325,54144300
2017-06-08,210.84739685058594,211.32309917359729,210.3198021282382,210.83875251651543,65950700
2017-06-09,210.5274200439453,211.91126598111478,209.2646475937876,211.11555159781412,132256400
2017-06-12,210.4840850830078,210.53597746957973,209.63647864160833,210.28515986866427,86108100
2017-06-13,211.5133819580078,211.56527435779938,210.67441963482645,211.0203777650746,60067000
2017-06-14,211.2452392578125,211.79012259331708,210.423565693046,211.78147826011883,78602300
2017-06-15,210.83876037597656,210.9598470447608,209.61923615628442,209.89600002888105,66464900
2017-06-16,210.884765625,211.04990171313437,210.0069529997428,210.99775626673667,84553100
2017-06-19,212.6404571533203,212.7012891020136,211.61488115848746,211.71048558799038,65123800
2017-06-20,211.20640563964844,212.29281365996601,211.18903265983135,212.28412717005747,56906400
2017-06-21,211.15423583984375,211.71047615166384,210.68491346435795,211.59749874860742,55977600
2017-06-22,211.05865478515625,211.6583541315483,210.88483215505542,211.16295897267005,44148100
2017-06-23,211.31068420410156,211.64094318419558,210.73705765609583,211.1194753547663,66986800
2017-06-26,211.4497833251953,212.39714130250758,211.24120144982373,211.97995102812823,56700500
2017-06-27,209.7462615966797,211.5279732492118,209.72887535654044,211.23246021410642,82247700
2017-06-28,211.6235809326172,211.82347628093936,210.52847323786168,210.76314106699724,70042600
2017-06-29,209.76365661621094,211.82348188810502,208.55557148137194,211.77133642732028,106949700
2017-06-30,210.1547393798828,210.9456474858864,209.96353053531456,210.57191628538862,86820700
2017-07-03,210.5111083984375,211.52798468158704,210.5111083984375,211.09342148732742,39153800
2017-07-05,210.997802734375,211.20638456590143,210.06783119610182,210.8761255787128,54427600
2017-07-06,209.06834411621094,210.35464738842117,208.88582174928314,210.23297023107446,65400800
2017-07-07,210.42416381835938,210.5719136942868,209.07701543431983,209.64195547243426,57972300
2017-07-10,210.65013122558594,211.0238624203301,210.119963666866,210.42416316812717,36663300
2017-07-11,210.49371337890625,210.80659939619719,209.3290872496961,210.65014975664388,50354600
2017-07-12,212.0755157470703,212.24065187535012,211.45844346560077,211.45844346560077,59610400
2017-07-13,212.43186950683594,212.54486018070784,211.85824290969333,212.08422425743714,39471600
2017-07-14,213.4226531982422,213.77899816590127,212.3362453176828,212.4318497416446,60262700
2017-07-17,213.39659118652344,213.72686344258008,213.2227685692678,213.3444457275283,33531900
2017-07-18,213.50958251953125,213.56172797868854,212.64914265798896,212.988101404327,42742500
2017-07-19,214.66546630859375,214.67415279558813,213.81371315790403,213.82241290671064,51034300
2017-07-20,214.76109313964844,215.03920663244577,214.21353938014167,214.9175294927569,47135200
2017-07-21,214.56991577148438,214.59598850082523,213.96151672202305,214.18749805873117,82340800
2017-07-24,214.5177764892578,214.65682662914074,214.04844082397815,214.49169049735036,46622300
2017-07-25,215.03921508789062,215.36948730652418,214.81324703724425,215.265183138537,54915600
2017-07-26,215.0479278564453,215.36081387501542,214.78720055915,215.3260546559813,47575400
2017-07-27,214.84805297851562,215.54335678178802,213.5269770784798,215.50859755944205,70766600
2017-07-28,214.5959930419922,214.72635669145512,213.91807554115323,214.37001170050198,50088400
2017-07-31,214.47427368164062,215.0913458501037,214.26567862172752,214.99574143870353,65838700
2017-08-01,214.95236206054688,215.10879845738904,214.43088088077172,215.0740392342521,55050400
2017-08-02,215.05662536621094,215.1956887645296,214.1266538094975,215.08269809566875,47211200
2017-08-03,214.6394500732422,214.96970906950318,214.36132327447956,214.94363633984614,40856000
2017-08-04,215.03053283691406,215.3607918002414,214.64811515765828,215.12613725672801,60191800
2017-08-07,215.4303436279297,215.4303436279297,214.9957804539439,215.1000846337351,31995000
2017-08-08,214.9001922607422,216.3342588003273,214.5264742685518,215.11747386415053,61719400
2017-08-09,214.8914794921875,214.94362494873806,213.85721706455107,214.2135620334,62632600
2017-08-10,211.85826110839844,214.18752691726706,211.8061156426909,214.05714999118095,120479500
2017-08-11,212.171142578125,212.76215545427516,211.84957003866828,212.0842378910968,74869900
2017-08-14,214.2744140625,214.491695659703,213.41398742513857,213.4487466454919,73291900
2017-08-15,214.24830627441406,214.67418290949976,213.9441200451935,214.65679667125985,55242700
2017-08-16,214.6220703125,215.16962417546023,214.19619361221802,214.76982020562247,56715500
2017-08-17,211.2759552001953,214.32659766663252,211.2759552001953,214.01371159986505,128490400
2017-08-18,210.94561767578125,212.23192068870688,210.5023548433704,211.1107405074695,136748000
2017-08-21,211.11082458496094,211.37156519107882,210.18086611271622,210.88485646596178,65469700
2017-08-22,213.31838989257812,213.47482628195309,211.6757414950578,211.693127736705,63140100
2017-08-23,212.55355834960938,212.97943507606757,212.2059130811083,212.3536629833121,50203800
2017-08-24,212.05813598632812,213.0923851691312,211.84954089488582,212.93594879691088,50741700
2017-08-25,212.55355834960938,213.46614375669583,212.40580844740558,212.84905815401697,64445900
2017-08-28,212.56222534179688,213.10976589220928,212.1450351697119,213.08369316418083,40565600
2017-08-29,212.80560302734375,213.0663303362766,211.1368686792757,211.24985935435748,51135700
2017-08-30,213.81378173828125,214.08322206327634,212.60569656795954,212.7882189478831,62030800
2017-08-31,215.10009765625,215.34345198746985,213.84855351750988,214.43086661448717,103803900
2017-09-01,215.40428161621094,215.8301583221608,215.25653172112212,215.4738133189262,62007000
2017-09-05,213.8572540283203,215.1261844915753,212.8925231299425,214.90020312504348,91398800
2017-09-06,214.58731079101562,214.9175830790108,214.0049976728988,214.53516532697782,57916900
2017-09-07,214.5612335205078,214.90889204310074,214.1527430450965,214.89150580151696,58034700
2017-09-08,214.30914306640625,214.76977889807915,214.06578878785504,214.2743705912912,63832800
2017-09-11,216.594970703125,216.67318888716122,215.56070828593013,215.57808126339495,71364800
2017-09-12,217.32501220703125,217.35977142035233,216.777458449076,216.95998078899893,56896000
2017-09-13,217.4293212890625,217.4640937671046,216.92522645196908,217.03821711288396,59228000
2017-09-14,217.35984802246094,217.55975667040315,216.93398451558022,217.10780716707143,95446300
2017-09-15,217.65240478515625,217.73974074405513,217.1108765260414,217.21568500777204,95432400
2017-09-18,218.1153106689453,218.4646811341499,217.7309951606429,218.01923179186971,46235200
2017-09-19,218.3336944580078,218.42104374769173,218.01052607591205,218.35989657938688,47108100
2017-09-20,218.41229248046875,218.52584388719498,217.41657192320085,218.42103540568147,59574100
2017-09-21,217.82711791992188,218.34244412458347,217.65243265212848,218.25510815450258,48211400
2017-09-22,217.87081909179688,218.03677478107468,217.50397598648274,217.53017811345995,51214000
2017-09-25,217.42530822753906,217.9668498298664,216.68289258120123,217.61746600132773,57064400
2017-09-26,217.55633544921875,218.09786373210036,217.32050302734459,217.85330171224217,54082000
2017-09-27,218.403564453125,218.78787999161077,217.37289884285593,218.25508132737005,81001400
2017-09-28,218.66566467285156,218.7442710581649,218.03678693507663,218.12412292065795,44778800
2017-09-29,219.43423461914062,219.5128543148782,218.47345902225527,218.65687388117044,85578000
2017-10-02,220.38626098632812,220.38626098632812,219.4866060401173,219.6613046021802,59023000
2017-10-03,220.8579559326172,220.88415805655924,220.30768467457054,220.3863043740284,66810200
2017-10-04,221.1199493408203,221.36451133717839,220.59588030426494,220.70943170529875,55953600
2017-10-05,222.4301300048828,222.447589200853,221.15490233464226,221.45186859770155,63522800
2017-10-06,222.1768341064453,222.4650707832565,221.7226550953771,221.9846763219045,80646000
2017-10-09,221.80995178222656,222.46503138780173,221.54791727447073,222.40389755498163,35803100
2017-10-10,222.39520263671875,222.77078862202265,221.836201785734,222.37774343936067,43057400
2017-10-11,222.74459838867188,222.74459838867188,222.13319325771235,222.29913560726172,47674300
2017-10-12,222.41268920898438,222.77953229114695,222.1768567534397,222.43016173507755,47065100
2017-10-13,222.6833953857422,222.9629024198992,222.41263127617069,222.84935102131928,54800400
2017-10-16,222.9803924560547,223.1725502367093,222.56988810025342,222.91052901548102,38221700
2017-10-17,223.13760375976562,223.18127840295898,222.70961358067885,222.9279734690156,31561000
2017-10-18,223.35594177246094,223.5568291183193,223.16378402333427,223.5131544794035,40888300
2017-10-19,223.41708374023438,223.45202878369093,222.1593420560092,222.57858928408425,61903800
2017-10-20,224.5700225830078,224.59625135770185,223.39963015043398,224.21193583581314,89176400
2017-10-23,223.6966094970703,224.9194462959128,223.61800312947534,224.89324417338113,63915300
2017-10-24,224.0896453857422,224.32546446473933,223.73153197709217,224.12459043068006,66935900
2017-10-25,222.9803924560547,223.87130459112328,221.85366122188066,223.75775317683716,103715300
2017-10-26,223.2686004638672,223.86253292591013,223.14631946711546,223.59178214127675,69798000
2017-10-27,225.0941162109375,225.2513555999806,223.27737353607554,224.01105961565028,85562500
2017-10-30,224.25558471679688,224.99801359997798,223.95861849457592,224.01102273054096,54285700
2017-10-31,224.60498046875,224.858285407945,224.30801421308635,224.63118258968325,60304800
2017-11-01,224.90196228027344,225.7229976666513,224.5351325618353,225.38237007095873,54202700
2017-11-02,224.98928833007812,225.1290418553702,223.7664783028467,224.8320756098468,56449500
2017-11-03,225.74044799804688,225.7841093106653,224.7359712552437,225.14648888383707,59589700
2017-11-06,226.08985900878906,226.220869625396,225.53958776377712,225.60945120754656,49652600
2017-11-07,225.93264770507812,226.52658027431363,225.4260377772938,226.1946689399576,57502200
2017-11-08,226.31690979003906,226.41300200160703,225.47841528260687,225.75792233683754,50469600
2017-11-09,225.4958953857422,225.68805314872068,223.91494531222034,225.11157985978514,95085500
2017-11-10,225.426025390625,225.600723974454,224.7971478062067,225.1115999260466,59984700
2017-11-13,225.63558959960938,225.86269237442426,224.70974596340983,224.74469100305564,50228600
2017-11-14,225.11158752441406,225.21639600683287,224.05470646441782,224.8320804677906,61315200
2017-11-15,223.98487854003906,224.6661604390365,223.27739451628267,224.14209128859287,80811500
2017-11-16,225.8889617919922,226.25581817943672,224.8845115087638,224.92817282988813,67777000
2017-11-17,225.22512817382812,225.86274869389405,225.1465218064658,225.5395802985394,75756800
2017-11-20,225.60948181152344,225.80163962703412,225.22516618050204,225.46975490503058,48075500
2017-11-21,227.0855255126953,227.2689669982189,225.57449224745827,226.3780416549843,69176800
2017-11-22,226.8846893310547,227.22531692979058,226.7187336670959,227.09430631489215,45033400
2017-11-24,227.40872192382812,227.5135570664607,227.23404999662972,227.3738035315452,27856500
2017-11-27,227.295166015625,227.74934495040995,227.09426533885556,227.4523787251362,52274900
2017-11-28,229.60104370117188,229.62724582071488,227.66200688921438,227.7580990977113,98971700
2017-11-29,229.4613494873047,230.26492578642106,229.01591333994227,229.7321136776528,77512100
2017-11-30,231.47023010253906,232.37858806797493,230.29982427167096,230.3784306347225,127894400
2017-12-01,230.98980712890625,231.73223604917192,227.75809691018895,231.25185497707815,164390900
2017-12-04,230.71031188964844,233.03363739793878,230.65788099918234,232.6056605919785,94040600
2017-12-05,229.88058471679688,231.59251897552159,229.74957409972203,229.88058471679688,77994500
2017-12-06,229.92422485351562,230.3522283702102,229.46130294566018,229.97662909551735,75898600
2017-12-07,230.6492156982422,230.9636411789777,229.66222462493982,230.6492156982422,77218600
2017-12-08,231.906982421875,231.91569869326315,230.61428207474475,231.60127319694897,76563900
2017-12-11,232.60568237304688,232.66682953826898,231.8807392812659,232.60568237304688,83077500
2017-12-12,233.01626586914062,233.48793081872788,232.64069315709293,233.39183858118835,85195800
2017-12-13,232.98997497558594,233.69745880279135,232.90262569890172,233.26073907462717,102905400
2017-12-14,232.03794860839844,233.40051214201415,231.98554436904854,233.28696073833632,100666700
2017-12-15,233.97023010253906,234.43551820355714,232.9869817978599,233.03965390050294,144610300
2017-12-18,235.45387268066406,235.80502893603057,235.26073272148673,235.3660769189462,83653600
2017-12-19,234.54962158203125,235.74355815250783,234.479374259354,235.6996736694623,82382900
2017-12-20,234.4268035888672,235.56806855686088,234.12831931710755,235.51539643781595,76751500
2017-12-21,234.90953063964844,235.62065749788633,234.66371860165978,235.04999848871375,67032300
2017-12-22,234.84811401367188,234.96224582342296,234.3125786274947,234.92712216084462,78720900
2017-12-26,234.5672149658203,234.78669100611233,234.3038544340734,234.44429552333253,45244400
2017-12-27,234.68130493164062,235.04124878849487,234.40915683354422,234.73397702859452,57751000
2017-12-28,235.16421508789062,235.20812637677773,234.79551029370862,235.18179032005045,45116100
2017-12-29,234.27752685546875,235.7611872545007,234.0844136307907,235.74363881357894,96007400
2018-01-02,235.9542236328125,235.98934729074156,234.75149956587705,235.1377794285937,86655700
2018-01-03,237.44674682617188,237.59600232641256,236.12110292886277,236.12110292886277,90070400
2018-01-04,238.44757080078125,238.93043423408284,237.5082335741826,238.0876536192369,80636400
2018-01-05,240.0365447998047,240.15943743914386,238.7460247334587,239.23764887382802,83524000
2018-01-08,240.47557067871094,240.63358703131274,239.65033844866002,239.94003509509662,57319200
2018-01-09,241.01979064941406,241.64309503689753,240.6159354877151,240.89687121980845,57254000
2018-01-10,240.6510772705078,240.9144645859903,239.59760838310203,240.2647973076733,69574300
2018-01-11,242.4069366455078,242.4069366455078,241.03740804909924,241.20421201328483,62361500
2018-01-12,243.9871063232422,244.1538834452127,242.3717392883683,242.67025024306636,90816100
2018-01-16,243.15304565429688,245.89210155142328,242.45949406768443,245.2424612349641,106555100
2018-01-17,245.4707489013672,245.8570288429602,243.15309604331574,244.0836722321971,113258800
2018-01-18,245.05816650390625,245.7780275136728,244.56651555336,245.35665068678648,100728000
2018-01-19,246.17306518554688,246.17306518554688,245.0581367444621,245.63752981107027,140920100
2018-01-22,248.1747283935547,248.1747283935547,245.90972066426502,245.96241956189593,91322400
2018-01-23,248.70152282714844,248.99121946507964,247.89383906281728,248.21865937524475,97084700
2018-01-24,248.6049041748047,249.9393357013387,247.42851576534068,249.3423404855951,134816100
2018-01-25,248.7102813720703,249.56184962807964,247.92017284798752,249.46529301349233,84587300
2018-01-26,251.58969116210938,251.6336024325838,249.2895872006863,249.54418683663425,107743100
2018-01-29,249.92173767089844,251.45806987609902,249.76372135975387,251.0191178174703,90118300
2018-01-30,247.35826110839844,249.9743981091749,246.88418540558078,248.09569731750025,131796400
2018-01-31,247.4812469482422,248.71030775960605,246.41020250015734,248.20992260922256,108364800
2018-02-01,247.20021057128906,248.49951821002367,246.41010228471623,246.7524977240842,90102500
2018-02-02,241.8187255859375,246.0151066419787,241.78360191588195,245.883399577148,173174800
2018-02-05,231.70526123046875,242.1698916316703,231.1609648845585,240.06292679944846,294681800
2018-02-06,236.27037048339844,236.77078232610643,227.11383576435438,228.2024284398502,355026800
2018-02-07,234.9886474609375,239.10599383417136,234.90961250020038,235.7172962159094,167376100
2018-02-08,226.17442321777344,235.42753934624014,226.13929955438024,235.28707148417266,246449500
2018-02-09,229.5718994140625,231.42426402168795,222.03948137455444,228.95735588832179,283565300
2018-02-12,232.94308471679688,234.4091964404118,229.71240386406902,231.61744087262778,143736000
2018-02-13,233.5225372314453,234.0668335954932,231.1609725875507,231.74039262423426,81223600
2018-02-14,236.6741485595703,237.03409243343134,232.03002865434567,232.03881626808786,120735700
2018-02-15,239.69410705566406,239.70289466817567,235.95422776992558,238.41237482954068,111200300
2018-02-16,239.7643280029297,241.70451496630102,239.02689192119868,239.07080319233245,160420100
2018-02-20,238.26316833496094,240.25602779649859,237.47306000010119,238.81625220681488,86369700
2018-02-21,237.07801818847656,241.17784258546794,236.98146158652554,238.70214631468968,98883700
2018-02-22,237.3852996826172,239.71174054605476,236.71811068253444,237.99984336345477,110511300
2018-02-23,241.16905212402344,241.16905212402344,238.13151113340072,238.60558689681895,92766400
2018-02-26,243.96957397460938,244.0661573690469,241.65192079774243,242.24010161368724,86491400
2018-02-27,240.92315673828125,244.86496340027736,240.8616970363692,244.15383660522428,99099200
2018-02-28,238.48268127441406,242.46837402290828,238.16664860815584,242.02063428753124,121907800
2018-03-01,235.01492309570312,239.81705928396283,233.52247550556922,238.27193959455408,176855100
2018-03-02,236.2265625,236.78843431468226,232.48670705067178,233.34703642856024,139083200
2018-03-05,238.9567108154297,239.571254380669,234.93589517396205,235.04126616716488,97307400
2018-03-06,239.5624542236328,240.01019384890736,238.07000666705412,239.93115891026687,79213200
2018-03-07,239.47470092773438,239.82585724110842,237.2097199336888,237.40285992477092,87063500
2018-03-08,240.63352966308594,240.75642231086204,239.15865714072376,240.15066631212258,66901200
2018-03-09,244.8211669921875,244.8211669921875,241.72216589576155,242.0382253742353,113625300
2018-03-12,244.51380920410156,245.73410860789863,244.12752930588547,245.11080427775596,71924800
2018-03-13,242.93362426757812,246.17309254848522,242.32786829365196,245.67268078019714,91968900
2018-03-14,241.6869354248047,244.07483512888254,241.13387846701005,243.89048280961765,105895100
2018-03-15,241.42361450195312,242.8370271669328,240.9232027619332,242.19617435500027,83433000
2018-03-16,241.68545532226562,242.73434762380472,241.63257225654203,241.9498706508836,100343700
2018-03-19,238.41531372070312,241.8616695320334,236.76706244111185,240.9361891885773,109208400
2018-03-20,238.82073974609375,239.45536316886378,238.14202918773603,238.8119169392159,59757300
2018-03-21,238.36248779296875,240.8657182435724,238.15095552635282,238.77675641430042,78709600
2018-03-22,232.4040069580078,236.9873744977087,232.13074203024775,236.14121888863806,148785900
2018-03-23,227.4505157470703,233.17095224027113,227.25660218969375,232.84483100714124,183534800
2018-03-26,233.67335510253906,233.95541609321967,228.64927483777169,231.04673946092365,141956100
2018-03-27,229.69810485839844,235.13645231917573,228.1467967301256,234.60762172890932,129941400
2018-03-28,229.0194091796875,231.49622480159888,227.91763387941825,229.8303276361625,146452300
2018-03-29,231.9457550048828,233.80556589293712,229.02825585763088,230.15647280673,111601600
2018-04-02,226.93923950195312,231.92808061185903,224.47126047466296,231.41684187863495,186286300
2018-04-03,229.84788513183594,230.32385946643203,226.38391096621766,228.17319250128392,119956900
2018-04-04,232.3070831298828,233.01220846166905,226.17240666715955,226.30461430451857,123715300
2018-04-05,234.14047241210938,235.02189260297175,232.97699130445676,234.06112092397936,82652600
2018-04-06,228.92245483398438,233.67329571244264,227.40641101791257,232.18372032516052,179521200
2018-04-09,230.05067443847656,233.43532481155327,229.11637116929023,230.37679561184027,105442900
2018-04-10,233.70855712890625,234.4930340065151,231.79589038705828,232.93290306078362,103529000
2018-04-11,232.48342895507812,234.1405034372823,232.15730774505533,232.22780953419007,91140200
2018-04-12,234.39614868164062,235.33927507868376,233.62931714530765,233.80561200601784,68890500
2018-04-13,233.70855712890625,235.81516428659432,232.70375210342695,235.7005753585113,85079200
2018-04-16,235.63002014160156,236.3968782126774,234.5194491226073,235.33916334821905,63405300
2018-04-17,238.1509552001953,238.75031455399508,236.8817078046116,237.39291974783774,64682000
2018-04-18,238.32728576660156,239.12935469632373,237.86892992239788,238.59170113916744,57303900
2018-04-19,237.0050811767578,237.8776785328516,235.97380774780348,237.67494221124622,77655900
2018-04-20,234.9954376220703,237.15492797278438,234.1140173807684,236.93457291245892,99953100
2018-04-23,234.960205078125,236.123686276615,233.88487128536516,235.56838720920786,65558000
2018-04-24,231.79591369628906,236.20301507306138,230.29748846866164,235.98266000422277,112885500
2018-04-25,232.3687744140625,232.8094844434792,229.91842772645782,231.73415089575022,103840900
2018-04-26,234.73106384277344,235.5596011681044,232.95060432387913,233.39131452250984,67731900
2018-04-27,234.95132446289062,235.63883102034006,234.01702136940307,235.339151433637,57053600
2018-04-30,233.14443969726562,236.1236439446799,233.07391102580115,235.56834497682607,82182300
2018-05-01,233.55877685546875,233.6645429949395,231.0290778253246,232.58038626773487,74203400
2018-05-02,231.9898223876953,234.17572740968185,231.60199532273418,233.36483583662604,86368900
2018-05-03,231.47862243652344,232.1308649285438,228.3319451352399,231.16132400218362,136311500
2018-05-04,234.47543334960938,235.15414423876828,230.18292052098005,230.50904174879244,91222100
2018-05-07,235.26869201660156,236.23823271919028,234.55471690649136,235.24225048650933,55304900
2018-05-08,235.26869201660156,235.63005062825889,233.70856104472983,234.89848369650036,67499200
2018-05-09,237.54275512695312,237.86887631255698,235.41852911669892,235.93856383142008,59666100
2018-05-10,239.7639617919922,240.0901099271998,238.17741586945073,238.28318201111145,72063900
2018-05-11,240.4954833984375,240.75989867301982,239.37606263882225,239.88730136809096,59871500
2018-05-14,240.61004638671875,241.579586888239,240.06354338013276,240.92734468202264,54790600
2018-05-15,238.95303344726562,239.40253948036187,238.00990733079024,239.38492075905984,87036100
2018-05-16,239.9578857421875,240.41624157431917,238.96187636706009,238.9883448024367,53942600
2018-05-17,239.75515747070312,240.83049137123183,238.97950326064117,239.69345159062675,56536400
2018-05-18,239.15576171875,239.7727666974474,238.8031989732715,239.4113811412176,64368000
2018-05-21,240.9538116455078,241.49149190105553,240.24868631563004,240.63651331670496,58025900
2018-05-22,240.2838897705078,241.72943146076898,239.95776867909123,241.47381213284655,52966400
2018-05-23,240.9450225830078,240.9714910129223,238.85606092939213,239.0147370148245,64694200
2018-05-24,240.45147705078125,240.82168545840236,238.6710175064342,240.54844728325048,76043800
2018-05-25,239.8784637451172,240.50426445551912,239.37604785563138,239.8784637451172,56374800
2018-05-29,237.11968994140625,239.01476518952487,236.00911860533242,238.2567297105146,115908600
2018-05-30,240.2838897705078,240.72459976405523,238.3536047456691,238.4241065091632,69678400
2018-05-31,238.81202697753906,240.1782177330343,238.21266760730978,239.87853804791965,93519900
2018-06-01,241.15658569335938,241.45626535039463,240.0371647610212,240.10769344433027,71258400
2018-06-04,242.30242919921875,242.55804861167155,241.73833420831608,241.97630799995767,45385200
2018-06-05,242.4786834716797,242.85768767237997,241.66776511550432,242.4345963258353,51135000
2018-06-06,244.5059051513672,244.6116712486535,242.469827082194,243.08683184810272,62732200
2018-06-07,244.4795684814453,245.28166426161448,243.57170655862802,244.99080736933206,72969400
2018-06-08,245.20223999023438,245.25512304006372,243.85366842197706,244.0211403793715,72139700
2018-06-11,245.5284423828125,246.24239069067596,245.30808730263703,245.42267624813843,58892500
2018-06-12,245.8456573486328,246.20701584698483,245.20221111973012,245.9426006289708,72329000
2018-06-13,245.06134033203125,246.3394108154792,244.8586039336277,246.08379133902582,79070600
2018-06-14,245.6783905029297,246.207221380425,245.08782682462808,245.92518721203547,77097600
2018-06-15,245.36485290527344,245.70130092797672,243.7888808670294,244.895603562976,120041600
2018-06-18,244.8601837158203,244.98414962861307,243.43473783628795,243.91282259238102,52917600
2018-06-19,243.92161560058594,244.14296007935235,242.17742002712302,242.59354872798747,97531500
2018-06-20,244.33779907226562,245.00183265741478,244.00135106598808,244.603401698487,53785500
2018-06-21,242.80613708496094,244.3467137049803,242.31032739701956,244.32898884638138,71061400
2018-06-22,243.24876403808594,244.17842722996417,243.02741951900938,244.06332375690923,54898500
2018-06-25,239.93743896484375,242.25712501103698,238.25522616199765,242.0977634550983,137854200
2018-06-26,240.46875,241.31870559655965,239.75159574359012,240.50417269724036,68547400
2018-06-27,238.47657775878906,242.47847672690543,238.32605160508425,241.05303106816336,105110700
2018-06-28,239.8401336669922,240.60154601339443,237.7152041932357,238.42352302435475,76650500
2018-06-29,240.18544006347656,242.29264488028508,240.0703365537109,240.92915464242017,97592500
2018-07-02,240.69886779785156,240.85825638445402,238.379181590529,238.61825096063558,63554800
2018-07-03,239.84890747070312,241.69050893899274,239.42394330078528,241.59310330365744,42187100
2018-07-05,241.80555725097656,241.86754019174154,239.90200007581,240.9733268418652,56925900
2018-07-06,243.85084533691406,244.22268900358912,241.45145125988475,241.8321843733216,66493700
2018-07-09,246.0465850830078,246.0997056110018,244.80706106381928,244.85131916394857,50550400
2018-07-10,246.93191528320312,247.0293209120054,246.20589884882935,246.49808871564431,51966800
2018-07-11,245.1256561279297,246.17042234487178,244.8246309534152,245.3824232254444,77054700
2018-07-12,247.3480682373047,247.40118876018292,245.78095877320726,246.38300937889045,60124700
2018-07-13,247.54287719726562,247.84390253014723,246.71948199088973,247.17103350001074,48216000
2018-07-16,247.32156372070312,247.7288301610967,246.87887458387516,247.58719341456032,48201000
2018-07-17,248.32205200195312,248.71162061414097,246.49817487198345,246.5512954082271,52315500
2018-07-18,248.84434509277344,248.9505861324455,247.9589670693822,248.40165608107782,44593500
2018-07-19,247.90589904785156,248.56107027763503,247.42778724848594,248.18036413165808,61412100
2018-07-20,247.62254333496094,248.33086203476083,247.4631817598543,247.70222412251422,82337700
2018-07-23,248.0829620361328,248.28658171283647,247.07361800177213,247.41892844076798,47047600
2018-07-24,249.33131408691406,250.17243409081593,248.4636608403578,249.49070268000807,68026900
2018-07-25,251.45623779296875,251.77496093318197,249.03914590130603,249.08340399758183,78882900
2018-07-26,250.86300659179688,251.54473794462018,250.64166208534337,250.73906771837133,57919500
2018-07-27,249.1630859375,251.2879877104607,248.2422852620333,251.19058208133256,76768700
2018-07-30,247.8616180419922,249.40216734030946,247.3392211685941,249.24280576177932,63742500
2018-07-31,249.0833740234375,249.69428698825837,248.24228115824914,248.62298720311097,68570500
2018-08-01,248.66722106933594,249.79166828150966,248.020912502554,249.28699639980596,53853300
2018-08-02,250.02197265625,250.19016966280472,247.16219123122863,247.3658379522572,63426400
2018-08-03,251.09320068359375,251.14632120085852,249.96875335577585,250.14583975971948,53935400
2018-08-06,252.01405334472656,252.3239140861713,250.7391066281403,251.12867518151927,39400900
2018-08-07,252.84629821777344,253.22703138431552,252.54527286766023,252.67810121530914,43196600
2018-08-08,252.74005126953125,253.13848226400177,252.27966433647936,252.67809533094987,42114600
2018-08-09,252.3946990966797,253.19153384904166,252.26189780788448,252.80196538884854,35717000
2018-08-10,250.70367431640625,251.50050922879808,249.99535560126085,250.9604415393712,77076000
2018-08-13,249.76512145996094,251.58899784882067,249.47293160974718,250.97808491065413,65732900
2018-08-14,251.35887145996094,251.5979408721001,250.10164951750664,250.49121809619365,43842000
2018-08-15,249.4818572998047,250.15475334890513,248.04754900111985,250.01308960069466,102925400
2018-08-16,251.50047302246094,252.36815319125307,250.88069761338195,250.91612029893878,69967900
2018-08-17,252.38584899902344,252.82853799635836,250.889558026464,251.29682433852633,65618500
2018-08-20,252.92596435546875,253.19156696780135,252.38586968426674,252.83742114482646,39807500
2018-08-21,253.51914978027344,254.37796757696117,252.96135728082962,253.43946899743776,67272000
2018-08-22,253.36865234375,253.8910221589118,252.84625550899398,253.11188513982498,44993300
2018-08-23,253.0321807861328,254.05036006048783,252.7134306627465,253.1915423380301,49204900
2018-08-24,254.55506896972656,254.69673270963204,253.5545873826161,253.60770790763118,57487400
2018-08-27,256.5647888183594,256.67102983578684,255.59086779262861,255.7502293187698,57072400
2018-08-28,256.6888427734375,257.1315318443619,256.2284288471343,257.0252637708789,46943500
2018-08-29,258.0699768066406,258.3001567022933,256.6622290964166,256.9012714179143,61485500
2018-08-30,257.02520751953125,257.9637059829279,256.432019425289,257.59186237570543,61229500
2018-08-31,257.0342102050781,257.47689942068666,256.13113393229463,256.61808126162185,66140800
2018-09-04,256.5914306640625,256.94557650796173,255.59094906584016,256.61799092686505,57594400
2018-09-05,255.90087890625,256.44097369820634,254.89156173412889,256.23732697015714,72452400
2018-09-06,255.13058471679688,256.308125831231,254.10354276501158,256.00710048633505,65909900
2018-09-07,254.63470458984375,255.60862574169138,253.84670524256993,254.08577458232713,73524800
2018-09-10,255.07740783691406,255.90966532054676,254.882623595647,255.6440357081322,50210900
2018-09-11,255.9185333251953,256.361222382682,254.0858211620934,254.43110457674317,50530500
2018-09-12,255.98060607910156,256.5826569237873,255.1926333305346,255.9274855351355,59810800
2018-09-13,257.4944763183594,257.68042515569164,256.75962445423187,257.04295190384914,51034200
2018-09-14,257.5388488769531,257.8841323699944,256.75971163574974,257.69821048912604,55079900
2018-09-17,256.17529296875,257.52105793665976,255.90082792279205,257.48566226721647,68244000
2018-09-18,257.5654602050781,258.1586486634041,256.3613314064402,256.3878916804009,61930400
2018-09-19,257.8398132324219,258.2559420232231,257.4945028015122,257.6184687058169,49080600
2018-09-20,259.9293518066406,260.2481020477535,257.8575698080128,259.09712105504974,100360600
2018-09-21,259.69189453125,260.78584944072276,259.53181151286344,260.6702248801384,105479700
2018-09-24,258.82916259765625,259.2560777454784,258.25106699504545,259.11377269620436,53409600
2018-09-25,258.5889587402344,259.38940064759277,258.3488343105982,259.2826786788656,44370000
2018-09-26,257.8153076171875,259.9142462784833,257.3972949662459,258.73137442985745,79739700
2018-09-27,258.5355224609375,259.62057406349834,258.01078817291415,258.2864955591316,59249500
2018-09-28,258.5624084472656,259.06046264672426,257.87759070848955,257.9131466213664,70091400
2018-10-01,259.4605712890625,260.5278181370274,258.79353183087005,259.79851514867977,62078900
2018-10-02,259.3094482421875,260.0209463727001,258.9359212233382,259.3094482421875,47258200
2018-10-03,259.45172119140625,260.7768978308185,259.0959721701713,260.358885266842,64694600
2018-10-04,257.4238586425781,259.02474241561276,255.84075281656695,258.9713814326385,111545900
2018-10-05,255.98312377929688,258.1621035239601,254.5601005355288,257.6462715083235,105951700
2018-10-08,255.98312377929688,256.3388728047612,253.91974143292867,255.29827908481946,87742200
2018-10-09,255.60951232910156,256.9080081946637,255.04919484726244,255.60063692624544,74339000
2018-10-10,247.5161590576172,255.17378805809057,247.1426320674937,255.10262196536394,214731000
2018-10-11,242.06419372558594,248.04974399043707,240.4543801338489,246.43105499541062,274840500
2018-10-12,245.426025390625,246.43991110132865,242.24200898793077,246.15530112776585,183186500
2018-10-15,244.0475311279297,246.3955233707276,243.9585870929312,245.07031967564035,102263700
2018-10-16,249.3838348388672,249.75738891009476,245.53280531070305,246.0041788161168,118255800
2018-10-17,249.42835998535156,250.05091401359377,246.8580209490984,249.41945743831997,110626000
2018-10-18,245.82623291015625,249.09029078132795,244.55441771356087,248.4943903450897,134557500
2018-10-19,245.6929168701172,248.40553369282395,244.99919677874857,246.47558100230958,139901600
2018-10-22,244.59007263183594,246.68010818995015,244.0564355596308,246.35994223177246,82415800
2018-10-23,243.34495544433594,244.4655907891369,238.89802425628625,240.9792119371778,146352700
2018-10-24,235.9718475341797,243.4782658754769,235.42043267956558,243.09580935271808,177806700
2018-10-25,240.20533752441406,241.7439849383375,236.7812234431827,237.8040118236247,138061500
2018-10-26,235.98081970214844,241.0236512105069,233.27710529716651,236.50558142545964,201574600
2018-10-29,234.67343139648438,240.35662228359305,231.10701116526198,239.0670014275264,160749100
2018-10-30,238.1509552001953,238.46224582759228,234.01531441310811,234.5044931538506,157116000
2018-10-31,240.694580078125,243.00698951534628,240.24098445251798,240.71235803018175,128296300
2018-11-01,243.25596618652344,243.4516321862805,240.47218374803228,241.55723572088397,99495000
2018-11-02,241.815185546875,244.78573168928202,239.76958135193883,244.3588166152821,122634100
2018-11-05,243.14926147460938,243.70067647437028,241.33490636095422,242.30433388342226,65622500
2018-11-06,244.68788146972656,244.8479644418792,243.02473392791143,243.0869974643845,60085900
2018-11-07,249.92640686035156,250.0064483555935,246.43109871665462,246.8580138331892,102752100
2018-11-08,249.47276306152344,250.11312204168914,248.3343501125517,249.12588950722693,65584900
2018-11-09,247.03590393066406,248.35217805236317,245.630658624312,248.1654145619431,98812600
2018-11-12,242.4199981689453,246.76908248561793,241.90413898385665,246.52895798753946,99673600
2018-11-13,241.96641540527344,244.87469860439538,241.24601473079449,242.88248213590185,98176600
2018-11-14,240.3121337890625,244.23430258416514,238.75570812240255,243.8340951264555,125335900
2018-11-15,242.82015991210938,243.28265801047837,237.47496842136428,239.04917189597126,135101400
2018-11-16,243.45167541503906,244.35883949759102,241.2104049940472,241.72626414950847,126668000
2018-11-19,239.33383178710938,243.14040363645833,238.41776508702043,242.84689099106228,103061700
2018-11-20,234.90460205078125,237.46603781258796,234.04189663297697,236.00743189304094,136021300
2018-11-21,235.70504760742188,237.5994439666394,235.69617220468442,236.45212852591953,75563700
2018-11-23,234.13092041015625,235.52726327765873,233.97083740598626,234.06865686123018,42807900
2018-11-26,237.91082763671875,238.13317420460353,235.98975003316443,236.38108216399485,79981400
2018-11-27,238.71121215820312,238.71121215820312,236.27430304857938,236.87907905299704,75502400
2018-11-28,244.2076416015625,244.2076416015625,238.64897806215677,239.7785158641876,127629600
2018-11-29,243.67398071289062,245.07029607445224,242.29541615794696,243.43382912733134,82346400
2018-11-30,245.15928649902344,245.71960411549767,243.20265325672491,243.52281924218946,98204200
2018-12-03,248.4054718017578,249.3838017232441,246.813490577875,249.2770797576099,103176300
2018-12-04,240.3565673828125,248.00529243928708,240.04527685328782,247.57837738663264,177986000
2018-12-06,239.991943359375,240.1075678957514,233.41049160957218,236.50556502661695,204185400
2018-12-07,234.41546630859375,241.21926354147223,233.5794413265767,239.65393555098828,161018900
2018-12-10,234.86021423339844,235.82964190912955,230.0130487128308,234.2376330528424,151445900
2018-12-11,234.91351318359375,238.23980792098703,233.446031807797,238.05304447291599,121504400
2018-12-12,236.09642028808594,239.24485459889894,236.0163787982232,237.88409498741427,97976700
2018-12-13,236.0164031982422,237.90189753280507,234.90467048758845,237.03919186366127,96662700
2018-12-14,231.6584014892578,234.82461387404103,231.10698644297347,233.87296422091924,116961100
2018-12-17,227.11361694335938,231.81846306627645,225.4860388815235,230.70673052985472,165492300
2018-12-18,226.8645782470703,229.41712524737136,225.26368076295105,228.75008575990108,134515100
2018-12-19,223.46713256835938,230.70673442492728,221.76841553795205,226.94463525802686,214992800
2018-12-20,219.82952880859375,223.78729366508378,217.58827236195947,222.22197924177337,252053400
2018-12-21,215.3253936767578,223.38556785379285,214.68129501343716,220.72866428014692,255345600
2018-12-24,209.6357879638672,215.45055557955146,209.57317448764945,213.84030950978314,147311600
2018-12-26,220.2276153564453,220.2276153564453,209.11693755623702,211.09396462178614,218485400
2018-12-27,221.91842651367188,222.11522151944322,213.76880366004917,216.99823741467299,186267300
2018-12-28,221.63214111328125,224.89735185930846,220.46918466599615,223.26922375327266,153100200
2018-12-31,223.57339477539062,223.81493515727374,221.38167686997687,223.25134548294824,144299400
2019-01-02,223.8059539794922,224.72738367473102,220.02188548142522,220.0487217817502,126925200
2019-01-03,218.46534729003906,222.36571591269447,217.98226653551384,222.06154839494693,144140700
2019-01-04,225.7830352783203,226.4271339407379,221.11332680089626,221.48904874560537,142628800
2019-01-07,227.563232421875,228.96771572413164,225.15681037989435,226.05139025273738,103139100
2019-01-08,229.7012176513672,230.1842983290865,227.22324173305432,229.7459630162037,102512600
2019-01-09,230.7747344970703,231.61564162896792,229.18238366653358,230.40795353099523,95006600
2019-01-10,231.5888214111328,231.83930266140655,228.56513733970846,229.24502671919808,96823900
2019-01-11,231.6782684326172,231.70510473251588,229.93382703798264,230.51529840272522,73858100
2019-01-14,230.2648162841797,231.0699325784489,229.37919109052422,229.78173558745547,70908200
2019-01-15,232.9038543701172,233.2169627574834,230.6316140537097,230.6405685877629,85208300
2019-01-16,233.4674530029297,234.3530782952415,233.1275083007143,233.3332441885954,77636700
2019-01-17,235.2386474609375,236.09746354596547,232.55490862113237,232.59965398203775,96118400
2019-01-18,238.36968994140625,238.83488883956215,235.27445194397527,237.04572950918973,127900300
2019-01-22,235.14926147460938,237.11734819205563,233.539028560635,236.9026577503023,115531200
2019-01-23,235.64125061035156,236.87577500924823,233.18115634601335,236.17800390992494,86030300
2019-01-24,235.76644897460938,236.3479475705065,234.4514158353714,235.46229517851125,59204100
2019-01-25,237.7614288330078,238.58445429816075,235.86492393987604,237.60933824799548,96883400
2019-01-28,235.954345703125,236.0169455325683,234.19202263725006,235.62335558879,85613700
2019-01-29,235.64125061035156,236.66105730917477,234.80929801123665,236.09749501004995,66136300
2019-01-30,239.3716278076172,240.21253492262588,236.3926893728271,237.15308758964215,92473700
2019-01-31,241.4739227294922,241.957003473344,239.09433714733026,239.30905486704737,104012100
2019-02-01,241.59014892578125,242.60998270784233,240.8029145607659,241.67065780851223,85782500
2019-02-04,243.28990173339844,243.35252886814231,240.96398891789138,241.63492373195646,60744800
2019-02-05,244.30970764160156,244.61386144626238,243.21831937762838,243.71928179711728,79552800
2019-02-06,243.98760986328125,244.52436303605344,243.2540754042397,244.0323552195792,58347800
2019-02-07,241.66180419921875,242.9231377133348,240.00682608227083,242.37745713067275,95482000
2019-02-08,241.95701599121094,242.05540667168086,239.59531205500326,240.41833753894525,75788900
2019-02-11,242.0912322998047,242.869512522312,241.563433382247,242.6101039817527,68021400
2019-02-12,245.20428466796875,245.57999282836457,243.629815766185,243.7013974255774,72270200
2019-02-13,246.00050354003906,246.8414107807634,245.61584075769358,246.03629437805574,65277200
2019-02-14,245.45481872558594,246.58199805028215,244.1039944428411,244.91806536618728,83234400
2019-02-15,248.12960815429688,248.1653989923437,247.02033787853892,247.22607377138476,97088700
2019-02-19,248.55902099609375,249.212046825401,247.3244964141007,247.33345094888386,59120800
2019-02-20,249.05996704101562,249.5162114781635,248.0222511901044,248.52321369738445,76610800
2019-02-21,248.17434692382812,248.782654652387,247.21713995951922,248.42482818267058,64214700
2019-02-22,249.71302795410156,249.90980930917786,248.15644047874292,248.7915845167354,78114600
2019-02-25,250.05288696289062,251.6541921358243,249.9723780726855,251.13534796547899,69030700
2019-02-26,249.8739776611328,250.7506481871813,249.49824222111025,249.70400535498007,56844100
2019-02-27,249.76661682128906,250.11548864335228,248.22793893074171,249.15828198984414,56921600
2019-02-28,249.30145263671875,249.99029644590678,248.9794170639072,249.5519338490404,69268300
2019-03-01,250.8581085205078,251.26960763195135,249.4267752150031,250.87599029042724,78880500
2019-03-04,249.94558715820312,252.155200325263,247.65546508632025,251.913673610794,106494600
2019-03-05,249.6055908203125,250.2675982903275,249.05991036707076,250.07078968579378,59114600
2019-03-06,248.09376525878906,249.73086132589236,247.7717296851715,249.721906793157,75039800
2019-03-07,246.0184326171875,247.78968338711277,245.1775253080747,247.64654732381564,94885100
2019-03-08,245.52635192871094,245.6963242662043,243.701428884689,244.1666005291717,85795800
2019-03-11,249.0868377685547,249.24785560377498,246.21524383880765,246.2420801446777,65098900
2019-03-12,250.02603149414062,250.54490292510243,249.45351477422585,249.64136883696645,79667500
2019-03-13,251.68106079101562,252.61143136478677,250.75069021724445,250.91173531876376,80639200
2019-03-14,251.51998901367188,252.12829655426864,251.08165377124203,251.7078430746559,67518400
2019-03-15,252.76271057128906,253.5713732521297,251.88215092021466,252.07085990158336,81309000
2019-03-18,253.67918395996094,253.97571096745602,252.75370929471526,252.97833933405315,62199800
2019-03-19,253.7420196533203,255.50311101686006,252.85249370807736,254.73939102219583,90268100
2019-03-20,252.97825622558594,254.73038092507667,251.8730943443334,253.52636760024743,84609200
2019-03-21,255.8356475830078,256.239965190846,252.11576106694608,252.1607035260337,79550400
2019-03-22,250.91175842285156,255.00001424357242,250.84885542975505,254.47888460808878,122659300
2019-03-25,250.7230682373047,251.7563609170328,249.46514552195487,250.57030774799213,85575200
2019-03-26,252.5919952392578,253.5444244613853,251.1903059153472,252.47518322548854,68125900
2019-03-27,251.27114868164062,253.16704041325895,249.72569296237506,252.582980392671,72224700
2019-03-28,252.22354125976562,252.67280125929813,250.74998272003916,251.90008722201625,56238500
2019-03-29,253.81394958496094,254.1374036359353,252.60993602746407,253.73308607221736,82186800
2019-04-01,256.82403564453125,257.12056268797323,255.5391582447158,255.808730776996,77617900
2019-04-02,256.9498291015625,257.1834531340026,256.1591269185293,257.0127320980904,40070400
2019-04-03,257.3541259765625,258.55813955865335,256.75210547518907,258.16278854117206,68243200
2019-04-04,258.0369873046875,258.2885718276397,256.9857341776094,257.67758476056383,48997500
2019-04-05,259.2859802246094,259.33988924285876,258.41441453536396,258.7019475798009,58621700
2019-04-08,259.48358154296875,259.59139954862746,258.20767116115127,258.86360058977857,53566300
2019-04-09,258.1538391113281,258.84568980097356,257.60575494563386,258.52223568757904,66142300
2019-04-10,259.0343322753906,259.1241897573699,258.1537728250394,258.5670843373598,52601500
2019-04-11,258.9625244140625,259.5285965825624,258.3964522455626,259.5196026050741,55093100
2019-04-12,260.71453857421875,260.9930775507416,259.0073562411478,260.57077209913416,69727800
2019-04-15,260.54388427734375,260.8853263154702,259.74418819639936,260.78647484201645,49596700
2019-04-16,260.71453857421875,261.47828597657065,260.1215121472391,261.4243769759953,52153200
2019-04-17,260.0766296386719,261.855681721401,259.6632906883781,261.82872721774316,58268300
2019-04-18,260.5887756347656,260.8583481027852,259.36680152584245,260.6606725944999,68708500
2019-04-22,260.8134460449219,260.96620654252615,259.73523826780877,259.8250957710666,40160100
2019-04-23,263.1585693359375,263.3921933348262,260.94821758401093,261.1818141622424,52246600
2019-04-24,262.5745544433594,263.410171605521,262.43078792825753,263.0777235358863,50392900
2019-04-25,262.4128112792969,263.06874089132936,261.2267854647723,262.475714273737,57770900
2019-04-26,263.634765625,263.7066351624023,261.6849650923547,262.45770657786915,50916400
2019-04-29,264.0480651855469,264.56922213553327,263.6347536677554,263.72461115092415,57197700
2019-04-30,264.1828918457031,264.47042488251304,262.29602141570473,263.7066772500253,81111700
2019-05-01,262.1971435546875,265.0185097807534,262.1881495792361,264.8118402899683,71671900
2019-05-02,261.6310729980469,262.99684108288136,260.1395263594633,262.0803330426567,65030200
2019-05-03,264.19189453125,264.4704336008856,261.7389245024655,263.1046927620058,56543700
2019-05-06,263.1047058105469,263.54497195780687,259.5824943704813,259.896981941665,107198100
2019-05-07,258.7109375,261.2986802923113,256.80607889473276,260.7056536173514,144729900
2019-05-08,258.3515319824219,260.0587150102727,257.7585053140955,258.3515319824219,91568300
2019-05-09,257.5697326660156,258.1717256781386,254.5506913693155,256.28485571593546,103471100
2019-05-10,258.8636169433594,259.61837045130414,253.65218450185358,256.6352774765789,112429300
2019-05-13,252.35830688476562,254.7214188050858,251.52268988940895,253.76002327203466,127290500
2019-05-14,254.64071655273438,256.16821244500653,253.24802067852866,253.37379929587425,77003200
2019-05-15,256.1321105957031,256.7700521218785,252.80757560681195,253.01424507952993,73956400
2019-05-16,258.5043029785156,259.86104999438817,256.7611713913975,256.8330409507783,76749600
2019-05-17,256.83294677734375,259.31287068694866,256.18601129747526,256.20399924622245,100353000
2019-05-20,255.1348419189453,256.9408490176064,254.3890547384436,255.23366598683737,62877600
2019-05-21,257.43499755859375,257.8123606375981,256.57239853669876,256.82398306292055,46847100
2019-05-22,256.6442565917969,257.59668554101046,256.16804211719005,256.4825295824555,49482500
2019-05-23,253.5084991455078,254.46989490750192,252.09781586860328,254.42497986634092,98733800
2019-05-24,254.08352661132812,255.35943728786714,253.46354551492902,254.94609827649518,55268100
2019-05-28,251.720458984375,255.314540218978,251.70249844964093,254.3621108854613,70029400
2019-05-29,250.03121948242188,251.01060326203879,248.62953008951493,250.60628560292824,104972900
2019-05-30,250.7140655517578,251.6215796387543,249.6178699191781,250.7859350955703,62523800
2019-05-31,247.33555603027344,248.99782328255176,247.30860153085922,248.1712003534153,86862800
2019-06-03,246.70664978027344,248.48570188008594,245.37683027218762,247.3715458239888,96428000
2019-06-04,252.06182861328125,252.1966011366948,248.54861192613726,248.99787195128627,77231900
2019-06-05,254.2452392578125,254.2721937639268,251.87316045778283,253.67916720875505,71169700
2019-06-06,255.89842224121094,256.57231207585664,253.89474068207875,254.54167602016454,69430400
2019-06-07,258.45928955078125,259.53752459010883,256.74311294719047,256.91383395209493,74272200
2019-06-10,259.6453857421875,261.3076536120134,259.55552823720706,260.0047883414486,60799100
2019-06-11,259.58245849609375,261.8287588074491,258.93552290959707,261.46036226590786,58641300
2019-06-12,259.124267578125,259.90597580686716,258.61210445561744,259.3488976402078,47096300
2019-06-13,260.1934814453125,260.5529114811726,259.33090968470435,260.03175438157257,48945200
2019-06-14,259.906005859375,260.5079991397937,259.1422580758503,259.906005859375,52324700
2019-06-17,260.0047302246094,260.7684777152376,259.83400922950466,260.13950274162505,39205700
2019-06-18,262.7272033691406,263.7784836775862,261.4602870674344,261.8197169504023,85434800
2019-06-19,263.32025146484375,263.8503749390502,261.8916080504937,262.8619975207617,78674400
2019-06-20,265.83612060546875,266.24046558371964,263.3831784940885,265.9978750491621,116570000
2019-06-21,265.44970703125,266.8220901549572,265.2330222101439,265.5670871606895,83309500
2019-06-24,265.12469482421875,265.97338627298683,264.9711913645555,265.6573967423069,47582700
2019-06-25,262.5243835449219,265.2059687471691,262.41604112123906,265.1788831412484,82028700
2019-06-26,262.2626037597656,263.9239189677239,262.1542613087731,263.418302493738,51584900
2019-06-27,263.1924133300781,263.698029484127,262.6416637013518,263.0208620398815,40355200
2019-06-28,264.54681396484375,265.04339252576335,263.65296153358025,264.1675879780534,59350900
2019-07-01,266.9485778808594,268.08622859750477,265.74771822350516,267.8695161656501,78705600
2019-07-02,267.643798828125,267.6979700486466,266.06374060351243,266.9034220756254,61504500
2019-07-03,269.7835693359375,269.80164477374774,268.1764259500246,268.3208916824014,40898900
2019-07-05,269.47662353515625,269.63916472557844,267.2645588956779,268.5556853748782,51677300
2019-07-08,267.9959411621094,269.2961055716428,267.4542013991323,268.1674925462859,45841800
2019-07-09,268.3299865722656,268.6279282653834,266.7860517816925,266.840222998623,41101300
2019-07-10,269.6119689941406,270.5600200241594,268.8625824197976,269.39528421197224,58448500
2019-07-11,270.2439880371094,270.4877584035389,269.2417934211066,270.2530257538709,50826100
2019-07-12,271.45404052734375,271.5262872021826,270.42475962017244,270.7317391031545,40326000
2019-07-15,271.544189453125,271.8872920895059,271.0385732165695,271.8872920895059,33900000
2019-07-16,270.66839599609375,271.6615806276131,270.3614166652641,271.4539059829256,36650100
2019-07-17,268.8265686035156,270.8039007082595,268.8265686035156,270.641387055438,36036300
2019-07-18,269.8106384277344,270.18986439626957,267.88750564607955,268.32991298102115,51392600
2019-07-19,268.3119201660156,270.9302965017042,268.1403688062337,270.90321089510843,58678600
2019-07-22,268.9710388183594,269.51277855742103,268.1945663171256,268.7091928929078,43638100
2019-07-23,270.8940734863281,270.8940734863281,269.2598448637148,270.0905157503431,44564500
2019-07-24,272.1672668457031,272.1672668457031,270.04546903159616,270.1357635765845,47213200
2019-07-25,270.8670349121094,271.76992502848304,270.0634494826073,271.7157538258222,55394100
2019-07-26,272.68194580078125,272.88058279624516,271.4269148853435,271.5533327706519,45084100
2019-07-29,272.185302734375,272.68190893290586,271.6345528760698,272.5645287849981,38126500
2019-07-30,271.5172119140625,271.92352363022513,270.4066467628394,270.78587286819317,45849000
2019-07-31,268.546630859375,271.9505446149553,266.5332033083149,271.7609178303265,104245200
2019-08-01,266.2081298828125,271.65255641303344,265.4135821381002,268.700115526861,142646600
2019-08-02,264.2037353515625,265.55807069993347,262.6507630499362,265.31430025667504,116749700
2019-08-05,256.25836181640625,260.22203637331984,254.36228645172406,260.1136939331715,178745400
2019-08-06,259.851806640625,260.0685190404571,256.6736428346704,258.14535837183905,120711700
2019-08-07,260.00531005859375,260.7727722927134,254.6511774136103,256.7819852077057,140572300
2019-08-08,265.10662841796875,265.10662841796875,260.94431762874206,261.4950674503696,87713900
2019-08-09,263.3008728027344,264.76355072411707,261.52217775603447,264.167639801697,93730000
2019-08-12,260.09552001953125,263.2917306713518,259.1474690195382,261.8019677330944,65527600
2019-08-13,264.1405334472656,265.58516336808646,259.4545308129541,259.79763351897674,94299800
2019-08-14,256.33050537109375,260.70049034452813,256.20411507951735,260.09556938065884,135622100
2019-08-15,257.0076904296875,257.9015704661981,254.96717731036955,257.215365095548,99556600
2019-08-16,260.7998352050781,261.2332048589005,257.0618566167302,258.6599898772652,83018300
2019-08-19,263.94195556640625,264.6191234101706,263.1383973865682,263.81556523033254,53571800
2019-08-20,261.9194641113281,263.96901533165703,261.79307378762985,263.43631331987183,51596400
2019-08-21,264.0502624511719,264.4204232030708,263.39114265467236,264.077348056287,49524700
2019-08-22,263.9690246582031,265.3865692020705,262.19936718570995,264.7545624531943,51666400
2019-08-23,257.188232421875,264.33009591746213,255.9422397627942,262.66878155669343,149161500
2019-08-26,260.0323791503906,260.0323791503906,257.8473727295932,259.37325938101276,72423800
2019-08-27,259.0120849609375,261.7930019677156,258.2536605647307,261.42281371111113,66668900
2019-08-28,260.8359680175781,260.99848164367427,257.5494344017355,258.3530199208042,59696700
2019-08-29,264.1676025390625,264.69129428520955,262.3889077432596,263.3911301931494,57899400
2019-08-30,264.0502624511719,265.66641614641384,263.12028660352104,265.64836826101157,62901200
2019-09-03,262.5061950683594,263.2646192615819,261.1789458417169,262.3527192189044,69101400
2019-09-04,265.48583984375,265.50388772814705,263.9238298917129,264.6732441815311,46887300
2019-09-05,268.8988037109375,269.81070420416734,265.44975604997495,267.9688277765969,83258100
2019-09-06,269.1064147949219,269.7474866798832,268.53761711069353,269.21478476498777,49584300
2019-09-09,269.2418212890625,270.1808070929539,268.3028079311537,270.09054013205395,51260300
2019-09-10,269.1786804199219,269.24188935174453,267.2284341315708,268.48343727792104,57947100
2019-09-11,271.0927429199219,271.1739997195606,268.8355177498976,269.4855997010253,68821100
2019-09-12,272.0317687988281,273.0881347966629,271.2372210938471,271.9956454793237,72908700
2019-09-13,271.851318359375,272.82645560503494,271.4811299192665,272.47431505687064,62104800
2019-09-16,271.0116271972656,271.8964698439727,270.37058263040365,270.72269561213284,58191200
2019-09-17,271.69769287109375,271.7879598351725,270.6412993619928,270.8128506801717,41475500
2019-09-18,271.8603210449219,271.9686634906912,269.2780400199562,271.3095435402211,73375800
2019-09-19,271.84228515625,273.24178209515384,271.50822004850903,272.24859694103617,76560500
2019-09-20,270.5578308105469,272.7257172981861,269.7686931121249,272.44450325727587,89565000
2019-09-23,270.49432373046875,271.2109087987867,269.6416852140578,269.89566087758845,43476800
2019-09-24,268.3717041015625,271.97273161522907,267.41022319495477,271.5827026529989,94869400
2019-09-25,269.9591369628906,270.40358741300247,266.97490242905855,268.45341435241266,71854000
2019-09-26,269.3966979980469,270.17675595776956,267.99076670726214,269.96814996825674,56179700
2019-09-27,267.9454650878906,270.2584842358922,266.394400547626,270.1496138053091,84746600
2019-09-30,269.1880798339844,269.89558524708093,268.4171012837451,268.4624431933133,51662400
2019-10-01,265.9862365722656,270.72109036382295,265.76855105398255,270.06800612770223,88242400
2019-10-02,261.28765869140625,264.4170262525811,259.99964920337914,264.4079467960568,122539500
2019-10-03,263.4283142089844,263.4555248952082,258.3487738908161,261.0608737824399,85278800
2019-10-04,266.99298095703125,267.2469565208113,264.02687854720455,264.08132758632775,65091200
2019-10-07,265.84112548828125,267.818537273,265.5599391103268,266.1948921658021,59610500
2019-10-08,261.7139587402344,264.7254038708757,261.67766859806807,263.9906876592985,95708100
2019-10-09,264.19927978515625,265.13355020756165,263.10174525349936,263.72761868689645,62359400
2019-10-10,265.9862365722656,266.8660857836884,263.9544312515663,264.1176953902786,55296300
2019-10-11,268.74365234375,270.9750115009524,268.61667837739276,268.7345728885581,98720400
2019-10-14,268.4444274902344,269.09751182039724,268.09974024913794,268.4262685735817,40394800
2019-10-15,271.10198974609375,271.84578529470946,269.3695025112143,269.48742469346604,46754500
2019-10-16,270.6666259765625,271.3560002499491,270.23125500917473,270.63941529110076,48928200
2019-10-17,271.46490478515625,272.33567459941145,270.77553035484783,271.8277232343232,45736600
2019-10-18,270.276611328125,271.5737002063706,269.4239728965291,270.9296954952778,64304000
2019-10-21,272.1088562011719,272.30841046123777,271.15645449887944,271.5918531611871,39048600
2019-10-22,271.2200012207031,272.93433011116593,271.1292896905478,272.6440642871781,48594700
2019-10-23,272.0091247558594,272.0635461348605,270.75737767629226,270.9660114166438,34352200
2019-10-24,272.4534912109375,273.0884440118041,271.62806364231596,272.94331115214135,35453100
2019-10-25,273.56915283203125,274.1133940724524,271.8275863989353,271.8820077548515,45205400
2019-10-28,275.1112060546875,275.6101055167936,274.7574671529367,274.7846778376868,42147000
2019-10-29,275.0296630859375,275.9548820296619,274.7121865401747,274.8391882309899,44284900
2019-10-30,275.8731994628906,276.24506964645207,273.92299861636155,275.22916703094626,49643900
2019-10-31,275.138427734375,275.864092158819,273.68715424802167,275.864092158819,69053800
2019-11-01,277.6873474121094,277.73268933726877,276.41744133237114,276.58073316174546,71141500
2019-11-04,278.802978515625,279.374430643672,278.43108065957426,279.23837720396307,60606900
2019-11-05,278.4945983886719,279.30189498204095,278.2043325788355,279.0025497152499,42933200
2019-11-06,278.5579833984375,278.83009018122067,277.6146337493563,278.4944825887015,46487100
2019-11-07,279.5376892089844,280.87106825413883,279.06602806695554,279.89145582645773,54272300
2019-11-08,280.2270812988281,280.2815026770793,278.4945936077772,279.1930197495144,49032100
2019-11-11,279.69189453125,279.864238107545,278.7122544469131,278.84833556176477,35797300
2019-11-12,280.2815246582031,281.17950515104246,279.5105181641509,280.05475967061557,46484600
2019-11-13,280.3721923828125,280.77130091310977,279.0660240438884,279.29278899604503,53917700
2019-11-14,280.7803649902344,280.862024736105,279.4560653623706,280.0910183287371,51219900
2019-11-15,282.8121337890625,282.85747569869864,281.42433364278145,282.1136801480739,62023600
2019-11-18,283.0207214355469,283.25656578539156,282.1227413053871,282.5762710973889,49228000
2019-11-19,282.9391174316406,283.62849164179835,282.2951128139359,283.6194121870548,67804700
2019-11-20,281.88690185546875,282.8665417247279,280.33583769061437,282.34951110935566,79406200
2019-11-21,281.43353271484375,282.10477602511855,280.63534306365096,281.995933240014,54664700
2019-11-22,282.05926513671875,282.3132407351811,281.0524421975064,282.17718732194487,44850200
2019-11-25,284.245361328125,284.245361328125,282.98456243967775,282.98456243967775,48647200
2019-11-26,284.8893127441406,285.07073576578375,283.9641217688007,284.2815982160428,37569000
2019-11-27,286.1591796875,286.1591796875,285.1523291122122,285.3700145636202,44444600
2019-11-29,285.0979309082031,285.84172650261706,284.87116598414514,285.5968026686247,36592700
2019-12-02,282.6761474609375,285.41545826710006,282.24982822038623,285.3519574335292,75767800
2019-12-03,280.7803649902344,280.862024736105,278.58529565869156,279.9640166629559,73941700
2019-12-04,282.51275634765625,283.1114189653201,281.47872286715346,281.8234099210745,49080000
2019-12-05,283.0207214355469,283.2293551051219,281.71455342008073,283.21122387869605,40709000
2019-12-06,285.60595703125,286.00506561677,284.91658262330225,284.92566208065074,48927000
2019-12-09,284.7079772949219,285.88714413985167,284.63539699848997,285.21592864485524,34838500
2019-12-10,284.3904724121094,285.31566348978197,283.73738821573176,284.6535275182076,52649800
2019-12-11,285.1977844238281,285.4517600872291,284.3088557612892,284.8440177776958,53429100
2019-12-12,287.6558837890625,288.4359419435748,284.97099448527933,285.2068112141044,96389600
2019-12-13,287.8282470703125,289.0527834416107,286.6490526203965,287.42005905278955,81503900
2019-12-16,289.8056335449219,290.3952169345024,287.7647488016478,289.5516578841208,82749700
2019-12-17,289.86907958984375,290.48587355216506,289.7874475372953,290.18655602615394,61097700
2019-12-18,289.88720703125,290.4858697567159,289.8327856635954,290.2591048310666,48133000
2019-12-19,291.07550048828125,291.14808077783215,289.823753465592,290.07772911648044,85310500
2019-12-20,292.35150146484375,293.481776133268,291.1300693321444,292.1053735295657,147142100
2019-12-23,292.7982177734375,293.19016437902224,292.6523713537724,293.1354754488179,52990000
2019-12-24,292.807373046875,293.0716936318886,292.50655608135855,293.02612879098643,20270000
2019-12-26,294.3660583496094,294.3751824445798,293.1810943326841,293.1901906102919,30911200
2019-12-27,294.2931213378906,295.149951744562,293.7644523592922,295.0952628094436,42528800
2019-12-30,292.670654296875,294.5119413986182,292.1875500985432,294.3752190438764,49729100
2019-12-31,293.3816223144531,293.62775035689424,291.82293192090606,292.16931374555315,57077300
2020-01-02,296.125244140625,296.1434923281095,293.99229250686125,294.91293581934144,59151200
2020-01-03,293.8830261230469,295.00420520161396,292.6889377189637,292.7436266674431,77709700
2020-01-06,295.004150390625,295.0861837981025,292.01434006994486,292.1328420420894,55653900
2020-01-07,294.1746520996094,294.9129805533922,293.7279886988713,294.43897268463854,40496400
2020-01-08,295.7424621582031,296.95477064555246,294.11995883928836,294.3660590478099,68296000
2020-01-09,297.7477722167969,297.820709338136,296.71775096243204,297.3011366636997,48473300
2020-01-10,296.8909912109375,298.48615024274386,296.4261352089056,298.33120751452185,53029300
2020-01-13,298.9327697753906,298.94186605271307,297.082386683004,297.510801872737,47086800
2020-01-14,298.4770202636719,299.54348231822837,297.9209789989077,298.49524063629786,62832800
2020-01-15,299.151611328125,299.90816033518473,298.30390480015734,298.38593822376356,72056600
2020-01-16,301.6400146484375,301.6400146484375,300.30008000636747,300.52795985830204,54050300
2020-01-17,302.57879638671875,302.7884279904779,301.5761197469233,302.3509165966451,95846000
2020-01-21,301.9863586425781,302.7885001455664,301.5488471444855,301.62175645504635,77742400
2020-01-22,302.0228271484375,303.49038781097767,301.8678844320141,302.84318902456715,48914900
2020-01-23,302.3691711425781,302.77936593801815,300.2635638696882,301.37561848363805,51963000
2020-01-24,299.6802062988281,303.1075279519649,298.39496067890184,303.0254945486543,87578400
2020-01-27,294.8764953613281,296.3531521856209,294.1108224827082,294.4480801750021,84062500
2020-01-28,297.96649169921875,298.8415422456188,294.96758607389665,296.29839616991114,63834000
2020-01-29,297.7204284667969,299.55259115613137,297.5198931086739,299.32471133178075,53888900
2020-01-30,298.6866149902344,298.89627442765044,294.9129398382602,295.66036446661803,75491800
2020-01-31,293.26318359375,298.221851981053,292.35166407869235,298.0668814238513,113845600
2020-02-03,295.441650390625,297.30115767312014,294.6212885304359,294.73979049796515,69083000
2020-02-04,299.9446105957031,300.8105652654087,298.72317777873883,299.0422151737549,62573200
2020-02-05,303.4083251953125,303.6179846653886,301.41212336008243,302.870532103236,65951100
2020-02-06,304.42926025390625,304.62067153969036,303.35364621707834,304.3654472195234,50359700
2020-02-07,302.8067626953125,304.4383624299263,302.2598454793981,303.37190028539015,64139400
2020-02-10,305.0672912597656,305.1311042908256,301.886097610239,301.92256617332515,42070000
2020-02-11,305.5960388183594,307.2002942348692,305.0673419265735,306.4164008111858,54864500
2020-02-12,307.56488037109375,307.77451202465284,306.66245727222037,307.02705945948134,43992700
2020-02-13,307.2366943359375,308.20290257264736,305.8694153801374,306.1428600443528,54501900
2020-02-14,307.72894287109375,307.8474448392001,306.4528213248784,307.64690946641167,64582200
2020-02-18,306.9359130859375,307.79274347896046,305.550385905375,306.7353777212436,57226200
2020-02-19,308.4033508300781,309.07786602288104,307.61945780248055,307.90202648148465,48814700
2020-02-20,307.13641357421875,308.67688328776865,304.1557279094007,307.85649373249373,74163400
2020-02-21,303.9735107421875,306.0973387829116,303.1531209980254,305.7874255135602,113788200
2020-02-24,293.8920593261719,304.0463696689848,292.8164454315438,294.5483543223174,161088400
2020-02-25,284.9864807128906,295.88824287722144,284.11143004396996,295.2775405729495,218913200
2020-02-26,283.9382629394531,289.9633921811157,283.2090586238566,286.38112799579915,194773800
2020-02-27,271.1861877441406,283.9930261776727,271.1861877441406,278.4327514100049,284353500
2020-02-28,270.0467224121094,271.5325033532073,260.27523419743306,263.155638584235,384975800
2020-03-02,281.74151611328125,281.80532914475464,268.40598340350584,271.8241810091955,238703600
2020-03-03,273.674560546875,286.0712292614889,271.2408194618374,282.1152386233994,300139100
2020-03-04,285.1780090332031,285.39679265326794,276.4912283478598,279.03437582366234,176613400
2020-03-05,275.69818115234375,281.17642226819964,273.4649750598973,277.99522810355086,186366800
2020-03-06,271.14056396484375,272.3437762979566,264.55029623787203,267.2119174164198,228667200
2020-03-09,249.9659423828125,259.04466663052983,249.2549584564978,250.94124687205388,309417300
2020-03-10,262.900390625,262.9915202948296,249.3005113667445,259.4548490211814,276444100
2020-03-11,250.08447265625,256.9938059331485,246.91240265024598,255.863530672836,255316300
2020-03-12,226.1570587158203,243.06574485920348,225.7650981762707,233.34894558391483,392220700
2020-03-13,245.4904022216797,247.45928738947632,226.53079663529957,239.8116265596918,329566100
2020-03-16,218.6279296875,234.16932404862888,216.35824141554718,219.84023822786799,297240000
2020-03-17,230.43206787109375,233.50389718402428,216.09387404457632,223.35866962977036,262070500
2020-03-18,218.76467895507812,226.3940926828577,207.84467929166857,215.34648084640503,327597100
2020-03-19,219.22950744628906,225.49165465544974,211.6730183757266,218.08099810602204,289322000
2020-03-20,209.78201293945312,224.149511692918,209.50694631687315,222.37076338943308,347158800
2020-03-23,204.41822814941406,210.58882164978553,200.11806218300114,209.22268050674896,326025200
2020-03-24,222.93919372558594,223.81024024329707,214.3663807599711,214.93484144271505,235494500
2020-03-25,226.2766571044922,235.04203577073906,219.82183239457268,224.51625036542322,299430300
2020-03-26,239.48886108398438,240.95584543670577,228.34877027705872,228.77970462542717,257632800
2020-03-27,232.3555450439453,239.13128235143066,230.18254563117415,232.21801874837786,224341200
2020-03-30,239.90145874023438,240.61662346155654,232.45640344110245,234.44602980585432,171369500
2020-03-31,236.32569885253906,241.4418743182169,234.92287429090624,238.90212809330959,194881100
2020-04-01,225.6898651123047,236.2431562593995,223.62688640381754,227.3677561407306,189554600
2020-04-02,230.89773559570312,231.67707467324524,224.25952385795503,224.8096570813122,177660400
2020-04-03,227.56028747558594,232.26388300481995,224.83715469449982,229.91666012342145,135561200
2020-04-06,242.8446807861328,244.80681626495058,227.5419743229143,236.40819703837275,188061200
2020-04-07,243.0922393798828,252.16933982804701,242.87219727816253,251.41749200591784,201427200
2020-04-08,251.25247192382812,253.05872554058368,243.202271556666,245.68700700539043,153774500
2020-04-09,255.07586669921875,257.8265049685233,252.5727758010134,254.50737795290667,189999200
2020-04-13,252.7470245361328,254.44325732952132,248.85028638040373,254.10401636703236,114839100
2020-04-14,260.201171875,261.2188944182337,252.60941275513804,257.6247434043118,134143400
2020-04-15,254.6724853515625,260.33879453524844,252.56364549374663,254.49827598997504,121775000
2020-04-16,255.90103149414062,256.7537225719264,252.83865783107498,255.9468642691427,131798300
2020-04-17,262.8143005371094,263.4194162623719,258.9267132107058,261.65902364519036,146684800
2020-04-20,258.1840515136719,262.95183530213035,257.96400942467557,259.11925837284326,100109300
2020-04-21,250.3447723388672,254.92916957927525,249.4095373940222,253.72805974076354,126385700
2020-04-22,255.90103149414062,257.6430966582761,253.89306348455668,255.21337198348687,92951600
2020-04-23,255.8826904296875,260.33873886010645,255.58013253954968,257.17549374033564,104709700
2020-04-24,259.44927978515625,260.1186116006174,255.3508290930433,257.39547955712044,85063200
2020-04-27,263.190185546875,264.3087793852271,260.96217561684955,261.420615255831,77896600
2020-04-28,261.97991943359375,267.1786091367333,261.6773336103177,266.83019054311086,105270000
2020-04-29,268.8382263183594,270.36942737195216,266.27097494933463,267.2978754969445,118745600
2020-04-30,266.3351745605469,268.93910905447325,264.6022588270189,267.4629184687706,122901700
2020-05-01,259.2843322753906,266.5001686462375,258.11987753446385,261.59485828058166,125180000
2020-05-04,259.9995422363281,260.3021001779905,255.92859477193736,257.4047574252565,80873200
2020-05-05,262.40167236328125,265.2073206037957,260.12780177122573,262.8142792143297,79569900
2020-05-06,260.6228942871094,264.4829476132183,260.19195997415204,264.0978740455981,73632600
2020-05-07,263.7678527832031,265.6933050734505,263.2635803176103,263.8320410550969,75250400
2020-05-08,268.1321716308594,268.5997890049133,265.7666074831052,266.89437904014466,76452400
2020-05-11,268.1872253417969,269.56254444611375,265.7850057832069,266.20676247386785,79514200
2020-05-12,262.8418884277344,269.78264576548486,262.7043341023588,269.37006673219304,95870800
2020-05-13,258.1932067871094,263.31855852406073,255.77263209509584,262.2824804769914,144721100
2020-05-14,261.2830505371094,261.4113990670636,250.29882832927197,255.76344816859944,121977900
2020-05-15,262.48431396484375,262.53014675651616,257.9549261021003,258.899311054319,111146300
2020-05-18,270.4794006347656,272.08393945209053,268.3705893815132,268.6914747602291,119703800
2020-05-19,267.7012634277344,271.58882289589167,267.6829359139752,269.88344074536735,95189300
2020-05-20,272.24896240234375,273.1108311782877,271.00201999174817,271.2312398155431,85861700
2020-05-21,270.3694152832031,272.92751677002803,269.278326504917,272.1206583812847,78293900
2020-05-22,270.8827819824219,271.0569912617553,268.84730912262285,270.0851015880697,63958200
2020-05-26,274.22021484375,277.07172366444183,270.90111666487996,276.833326122004,88951400
2020-05-27,278.3003845214844,278.3370675296901,272.19396476879547,277.007581296367,104817400
2020-05-28,277.7869567871094,281.3352756373356,277.1176247426951,279.32730748503195,90405200
2020-05-29,279.0246887207031,279.6114768667384,274.57781894297864,277.3192788350179,119090800
2020-06-01,280.1524963378906,280.7576401144218,277.8694755298853,278.38292576798335,55758300
2020-06-02,282.47216796875,282.51802872321025,279.739885508997,281.06934373149255,74267200
2020-06-03,286.2314758300781,287.18503847878395,284.177674415277,284.4527271115644,92567600
2020-06-04,285.4795227050781,286.98321817364206,283.3890390401753,285.2503028822557,75794400
2020-06-05,292.7962951660156,294.565865879508,290.797504578311,290.86169285851645,150524700
2020-06-08,296.3354187011719,296.52795553104175,293.0621526886974,293.60310815038525,73641200
2020-06-09,294.12579345703125,296.4088145420949,292.81463445829365,293.67650345846687,77479200
2020-06-10,292.48443603515625,295.59266964831977,291.7692714487275,294.70329579254934,95000800
2020-06-11,275.6230773925781,286.20387252008595,275.0729721884442,285.5712235543959,209243600
2020-06-12,278.9237976074219,283.38899457849544,273.7801190211421,282.61881945235933,194678900
2020-06-15,281.5278015136719,282.65557322051234,272.0747773753375,273.2483818586524,135782700
2020-06-16,286.94647216796875,289.4037293946427,282.09620192820154,289.2570253825331,137627500
2020-06-17,285.7546081542969,288.25769873534205,285.0210879201945,287.96429064170104,83398900
2020-06-18,285.8645935058594,286.34136061280276,283.78328781211144,284.2417274083413,80828700
2020-06-19,284.2308654785156,289.5169020088502,282.28772263184885,289.32351796858586,135549600
2020-06-22,286.0543212890625,286.45030759053503,282.490388367676,283.6323128106449,74649400
2020-06-23,287.3712158203125,289.6274664668477,286.96601139314646,288.69733429029844,68471200
2020-06-24,280.040771484375,285.95305250280444,278.20816137818287,285.3360276763805,132813500
2020-06-25,283.0429992675781,283.31007226818923,277.4530430466422,279.469847494696,89468000
2020-06-26,276.32025146484375,282.1588713157659,275.7400992165521,281.9470509652658,127961000
2020-06-29,280.3815612792969,280.5196928041572,275.28890629956817,277.5727838921979,79773300
2020-06-30,283.97308349609375,285.6675903215087,279.792153347328,279.9486930198918,113394800
2020-07-01,285.9621887207031,287.2238644355757,284.62688035991766,285.087337333443,72396500
2020-07-02,287.53692626953125,290.7324982838953,286.8738672084971,289.3879438992051,69344200
2020-07-06,291.9758605957031,292.55604108748975,290.60370731479867,291.34964563164624,61713800
2020-07-07,288.9644775390625,292.4086879039096,288.5868993171508,290.4379459868934,82910000
2020-07-08,291.17462158203125,291.2851267804882,287.9698584105039,289.728779659392,54638600
2020-07-09,289.5169372558594,292.0218243686505,286.10954433852584,291.7823777440841,83354200
2020-07-10,292.4731140136719,292.74018697945144,288.02511114921197,289.45251680342045,57550400
2020-07-13,289.94061279296875,297.18820278628755,289.2867716039281,294.8122566026346,102997500
2020-07-14,293.6979675292969,294.4715320808562,287.32522893206374,288.522406144319,93657000
2020-07-15,296.3962097167969,297.4920997478603,294.02023559241456,296.9119193662305,87196500
2020-07-16,295.4201354980469,295.87137455654613,293.85456979097415,294.49922110661043,54622500
2020-07-17,296.2765197753906,297.0593024720893,294.45309952821765,296.4238694209868,62774900
2020-07-20,298.67083740234375,299.4167754994566,295.26344433587724,296.00938243299004,56308800
2020-07-21,299.30633544921875,301.0744749886083,298.32095050262376,300.63245415579655,57292200
2020-07-22,301.0099792480469,301.32311478404205,298.83663538971115,298.94714058873586,57792900
2020-07-23,297.41839599609375,301.35071700630476,296.05546117826077,300.65081332964456,75738000
2020-07-24,295.50286865234375,296.52506963264034,294.0017744381239,295.56733937292,73766600
2020-07-27,297.6578369140625,297.8328128298591,295.4015862760953,296.19358696402725,48293000
2020-07-28,295.76995849609375,298.04461717526414,295.4752592743561,296.93029101258077,57495000
2020-07-29,299.4076232910156,299.9693955729184,296.60803622504216,296.64488066256155,48454200
2020-07-30,298.33941650390625,298.7538392190765,294.36108771702493,296.4423351178069,61861700
2020-07-31,300.6969299316406,300.798245119707,295.9173824216007,300.12596755695097,84986800
2020-08-03,302.7873840332031,303.551730444188,301.8112172413089,302.35455324026356,53077900
2020-08-04,303.9568786621094,303.9568786621094,301.930856580021,301.930856580021,41917900
2020-08-05,305.84478759765625,306.10267054186585,304.98834417548517,305.2554171505095,42697700
2020-08-06,307.88916015625,308.008883470918,304.94225226748324,305.26457778295924,43679400
2020-08-07,308.1102600097656,308.3957411535914,306.0197668612782,306.922272863609,57308300
2020-08-10,309.0311584472656,309.21532440909493,306.62755797641967,308.56148325207386,44282100
2020-08-11,306.4801940917969,310.8453459347755,305.7526922046899,310.2099129722672,69601100
2020-08-12,310.7532958984375,311.52686046889016,308.88384116049235,308.91146746286313,53774400
2020-08-13,310.1914978027344,311.4992082489788,309.2705836615696,309.9888955675153,41816100
2020-08-14,310.20062255859375,310.73476833795564,309.07710652041897,309.8046363420722,47260400
2020-08-17,311.1860656738281,311.5820519648369,310.2098990427494,311.2136919707807,35481000
2020-08-18,311.85833740234375,312.28194998264934,309.98885496076423,311.5820463337453,38733900
2020-08-19,310.55987548828125,312.7516274630557,309.9981032669653,312.23591780968894,68054200
2020-08-20,311.52685546875,312.0057207368476,308.7088602558769,308.8377736301808,42207800
2020-08-21,312.6319580078125,312.85296841916903,310.85457226958493,311.1953341258538,55106600
2020-08-24,315.7998962402344,315.87355700727335,312.604322979584,315.0631480494956,48588700
2020-08-25,316.9049377441406,316.9878166359839,315.20124113429597,316.3616018282348,38463400
2020-08-26,320.0821228027344,320.34916765874164,316.9510204608459,317.4943564112972,50790200
2020-08-27,320.7820129394531,322.2278548973866,319.1243787139967,320.94779884525434,58034100
2020-08-28,322.8540344238281,322.9829758804368,320.61622003326073,321.80420702373715,48588900
2020-08-31,321.6844482421875,323.51705800150273,321.454219755678,322.6422066152047,66099200
2020-09-01,324.71429443359375,324.81558148751446,321.6200086611954,322.5132963995055,54908700
2020-09-02,329.41094970703125,330.3778981673585,325.47862893248646,326.62058140555735,69540000
2020-09-03,318.0745544433594,328.19539204398836,315.4959779391516,327.72571683022153,148011100
2020-09-04,315.47760009765625,320.3215899223895,308.38654915956926,318.75605256613443,139156300
2020-09-08,306.8578186035156,315.54206103531834,306.5539292774732,310.0810183653904,114465300
2020-09-09,312.91748046875,315.37630593191915,309.98895161129644,310.85461330882225,91462300
2020-09-10,307.4840087890625,315.4406916483202,306.52625029812896,314.78685053527204,90569500
2020-09-11,307.64056396484375,310.32042738546795,304.8225690491499,309.26138178450964,84680200
2020-09-14,311.69256591796875,313.46073328485505,307.78789928384793,310.7992781526269,65605700
2020-09-15,313.2674560546875,314.97112516922874,311.70189037183303,314.1423078505726,52920900
2020-09-16,312.024169921875,315.92883731092843,311.74787878709503,314.50143147881846,82096000
2020-09-17,309.2798156738281,310.9927306673699,306.65520463292705,307.1801324619214,91523300
2020-09-18,305.7191162109375,310.1941787550104,303.24119391420174,310.08323122180803,105877900
2020-09-21,302.316650390625,302.4645898682485,297.4717524188794,301.142417821237,99450800
2020-09-22,305.3955078125,305.9502737084909,301.29027968535905,303.7959671425477,63612100
2020-09-23,298.3131103515625,306.2276881483939,297.8138181951708,305.95029107636867,93112200
2020-09-24,299.10833740234375,302.1595085374378,295.6873034004473,297.00024885781556,76681300
2020-09-25,303.9440002441406,304.7298882709884,297.38858462452924,298.2576833289289,71069400
2020-09-28,308.99224853515625,309.70418077413325,307.10605558287943,308.09538490645014,64584600
2020-09-29,307.3094482421875,309.5284836874694,306.6159979020015,308.788814611231,51304000
2020-09-30,309.63958740234375,312.78322460031484,307.7811306933368,307.9752889681862,104081100
2020-10-01,311.6273193359375,313.19912304877136,309.7503816970542,312.2283039383906,88698700
2020-10-02,308.668701171875,311.59969787140113,306.2185149056574,306.69007030245626,89431100
2020-10-05,314.14227294921875,314.32717611812427,310.67502109585257,310.72123983393703,45713100
2020-10-06,309.67645263671875,316.37057974539914,309.16793362544905,314.28097349200937,90128900
2020-10-07,315.0668640136719,315.87126190492677,312.598168352672,312.6259052380061,56999600
2020-10-08,317.8592224121094,317.92395123204756,316.0839766813295,316.9993505468978,45242500
2020-10-09,320.69769287109375,321.15999312657567,318.8854837702439,319.5049503113114,59528600
2020-10-12,325.8570556640625,327.3271675613161,322.74115545888554,323.23119275797006,80388500
2020-10-13,323.7303771972656,325.8939389787219,322.7687847777624,325.718262626604,73255500
2020-10-14,321.69622802734375,325.39462982999737,320.96581398724754,324.30360807019053,57727900
2020-10-15,321.2987365722656,321.77951876830656,317.2582361118935,317.7944920914556,60357700
2020-10-16,321.10455322265625,324.30366342738694,320.9288768497177,322.6486204375523,89501900
2020-10-19,316.2226257324219,322.99067994136914,315.3257621196153,322.36195837394564,68425600
2020-10-20,317.4892883300781,320.72538971441617,316.80509306669023,317.5632439464316,60051900
2020-10-21,316.8883361816406,319.6066638803036,316.5832022185799,317.443073902537,63575000
2020-10-22,318.6265869140625,319.20908978421284,314.96517658013624,317.1010016263074,55399300
2020-10-23,319.7083740234375,319.9025322364598,317.258188232449,319.84705846131055,49143900
2020-10-26,313.80023193359375,317.11954492115404,310.31446938243005,316.3336287158571,91473000
2020-10-27,312.7184143066406,314.475149793473,312.5057460118679,314.14230712329396,65994100
2020-10-28,302.030029296875,312.7461466489848,301.5399921174108,307.05985871686283,127094300
2020-10-29,305.09967041015625,308.2617881868608,300.57836060996675,302.26114022168764,90597700
2020-10-30,301.9190368652344,304.8315226203362,298.2761088587803,303.52783260839107,120287300
2020-11-02,305.3031311035156,307.3002435800331,302.566292996373,305.3031311035156,86068300
2020-11-03,310.69354248046875,312.7461569674992,305.3863439975958,308.5299804346644,93294200
2020-11-04,317.6372985839844,321.70553558783416,313.9851149209246,315.15934752702685,126959700
2020-11-05,323.8321228027344,325.63510535784354,322.5561693903892,322.90752215223176,82039700
2020-11-06,323.7581481933594,325.0063646417054,321.43739166729375,323.5454798982403,74973000
2020-11-09,327.826416015625,336.90600149766686,327.36411567397204,336.5269118315226,172304200
2020-11-10,327.3455810546875,328.39961099114294,324.0817422973662,326.83703383089585,85552000
2020-11-11,329.77728271484375,330.60016251209254,328.2886611922482,329.5276225136965,58649000
2020-11-12,326.5781555175781,329.8235125087104,324.7752013576145,328.76945432758134,67546200
2020-11-13,331.0993957519531,331.83906475599196,327.9649869763122,328.48276092245214,62892200
2020-11-16,335.232421875,335.42658008620566,332.4771021299016,333.762310414162,74541100
2020-11-17,333.42938232421875,334.63137974023823,331.32129460037004,332.8283977244911,66111000
2020-11-18,329.4166564941406,334.2430721080145,329.379664574458,333.697561213107,70591300
2020-11-19,330.8037109375,331.1735456564917,327.4474051349044,328.7880877349021,59940900
2020-11-20,328.538330078125,330.7481391320541,328.4643744428736,330.5447258643978,70417300
2020-11-23,330.50775146484375,331.7652230633756,328.11303908751194,330.341330114274,63230600
2020-11-24,335.8334045410156,336.37891546594994,332.1997312419318,333.0503479254816,62415900
2020-11-25,335.315673828125,335.7779741513508,334.2246518372895,335.7502372606201,45330900
2020-11-27,336.2495422363281,336.721069396595,335.2417026629686,336.4067085508926,28514100
2020-11-30,334.7608337402344,335.7409079513326,332.0887531357319,335.4727659225405,83872700
2020-12-01,338.4222717285156,339.95711197569057,337.4144605490259,338.00621842500254,74231400
2020-12-02,339.1343078613281,339.29147418331377,336.7395953692992,337.31284330421136,45927000
2020-12-03,339.04168701171875,340.42858746477606,337.94141039496833,339.03243197939855,62882000
2020-12-04,341.96356201171875,341.96356201171875,339.53185774514355,339.62432345507125,50749900
2020-12-07,341.2608642578125,341.75090149337296,339.99416583098116,341.1961354377298,48944300
2020-12-08,342.25933837890625,342.82333107219165,339.9478374066258,339.99405613944555,42458900
2020-12-09,339.189697265625,343.0730024150456,338.35756246336115,342.915836132159,74098300
2020-12-10,339.0787048339844,340.1234795532084,336.9521070468626,337.8212336545148,57735400
2020-12-11,338.68115234375,339.0879788216525,335.8703871356922,337.38671728522763,57698600
2020-12-14,337.1648864746094,341.9173192847848,336.9892100885421,340.8448073293693,69216200
2020-12-15,341.7230529785156,341.7230529785156,338.3297853661233,339.69817587761173,63865300
2020-12-16,342.25933837890625,343.1746837346286,341.05734094338163,341.93572259947405,58420500
2020-12-17,344.1733093261719,344.3767225815223,343.07303238358134,343.8959404400441,64119500
2020-12-18,342.799072265625,344.62830083764095,340.79341847573585,344.461170106029,136542300
2020-12-21,341.5734558105469,351.4160069456763,336.1600682714953,338.88998409270874,96386700
2020-12-22,340.9976501464844,342.0097572148125,339.87412260631737,341.8983367429737,47949000
2020-12-23,341.30413818359375,343.20763766131074,340.9791428653168,341.96339496968784,46201400
2020-12-24,342.63189697265625,342.6597520909689,341.1926686317637,341.77762611632846,26457900
2020-12-28,345.5754089355469,345.96538061700096,344.5540073036612,345.17611443159626,39000400
2020-12-29,344.9161682128906,347.27467258670123,344.33118227864804,347.09824735774396,53680500
2020-12-30,345.4081726074219,346.4388684943825,345.0182010132077,345.73316782716046,49455300
2020-12-31,347.1632385253906,347.8875000497571,344.7026082398412,345.2132949330659,78520700
2021-01-04,342.4369201660156,348.62101162593734,338.75060828235917,348.49100217915696,110210800
2021-01-05,344.79541015625,345.88181651795514,341.74979422078724,341.7962383123607,66426200
2021-01-06,346.8567199707031,350.0416393473608,342.743287286381,343.2911234562188,107997700
2021-01-07,352.0101623535156,352.75298437501374,349.0481120785787,349.2245372676321,68766800
2021-01-08,354.0158386230469,354.2293850911422,350.1531015213458,353.3937031789076,71677200
2021-01-11,351.6295471191406,353.384476638568,350.72886031003054,350.8495752953006,51034700
2021-01-12,351.7037353515625,352.71584242095815,349.4659464169587,351.8151841603632,52547700
2021-01-13,352.6509704589844,353.64448885267797,350.8495967307079,351.6295686022009,45303600
2021-01-14,351.4159240722656,353.89514316325904,351.0816626236897,353.39372265354797,49989100
2021-01-15,348.8531799316406,350.59881478443,346.9960962553196,349.800282405299,107160000
2021-01-19,351.5923767089844,352.1309468672761,349.82815280679114,351.3045309935299,51233300
2021-01-20,356.45794677734375,357.2936287805517,353.4866015027723,353.87657321374,61836100
2021-01-21,356.7828674316406,357.4421524664681,355.86362018115483,357.01500286554875,47840100
2021-01-22,355.5200500488281,356.6807271719311,354.5543587480902,354.9350642448892,52860500
2021-01-25,356.9222106933594,357.27503278883,351.4159360582794,356.25365943655754,70402000
2021-01-26,356.3651123046875,358.2779063977357,356.1329768241054,357.8693456849632,42665300
2021-01-27,347.65533447265625,353.14301984374345,345.4268398473695,353.05015999751345,123351100
2021-01-28,350.6452941894531,354.6380131608825,349.0296402961442,349.4660278006509,94198100
2021-01-29,343.62548828125,349.75387014169314,341.95409595375736,348.7881786860428,126765100
2021-02-01,349.3453063964844,350.37597423640665,343.91333096928156,347.0146573120808,75817600
2021-02-02,354.28515625,355.8358337158987,349.42890017127894,352.52093227928594,64450700
2021-02-03,354.5636901855469,356.2814981741382,353.2915924599428,355.11152644432576,52427100
2021-02-04,358.5935363769531,358.63995212915546,354.67508910571235,355.59433635934124,47142600
2021-02-05,360.00494384765625,360.7106447040377,358.54715471512554,360.45994861198795,48669800
2021-02-08,362.6048583984375,362.6512741525483,360.59920475972706,361.4534473259199,38365200
2021-02-09,362.3634338378906,362.95771418565323,361.3606211720995,361.769153490128,35551100
2021-02-10,362.2055969238281,364.24840035419544,359.8099713889872,364.09983025590975,59154400
2021-02-11,362.7905578613281,363.7005390243798,360.3670773709089,363.2826838806573,42913300
2021-02-12,364.58258056640625,364.82398210881274,361.91764242159826,361.99194161683124,50593300
2021-02-16,364.2669372558594,366.0033342269587,363.55197027023985,365.8083200461877,50972400
2021-02-17,364.3505859375,364.60128206037706,361.50922152730385,362.52135717971964,52290600
2021-02-18,362.79986572265625,363.5426878534969,360.03280086210617,361.7506089186291,59712800
2021-02-19,362.15924072265625,364.3413201237446,361.713530354502,364.05347436624504,83241000
2021-02-22,359.37347412109375,361.7783935972179,359.10418910793686,359.4013292371553,67414200
2021-02-23,359.8100280761719,361.156425322424,353.03168275296207,357.1729721740489,107284100
2021-02-24,363.77484130859375,364.2019909749651,357.7393191021612,358.7235712258007,72433900
2021-02-25,355.00933837890625,363.8769286831077,353.5701100677541,362.5119712403062,146670500
2021-02-26,353.18011474609375,358.0271036542426,351.20234468696304,356.8850154751008,152701600
2021-03-01,361.7413330078125,362.98560406297776,353.3751899411778,358.03645997578053,105348800
2021-03-02,358.9186096191406,362.1963615356677,358.41718903694675,361.9642260505401,79595300
2021-03-03,354.1644287109375,359.18781495345684,354.06227437694446,358.22215187611573,119940200
2021-03-04,349.78167724609375,356.5600204671109,345.30609935501286,353.97867561907805,183433000
2021-03-05,356.2164306640625,357.2656872416636,346.01176720058334,353.2729412236846,152039600
2021-03-08,354.4429931640625,359.977094609663,354.16444194612137,357.17290844727864,123149200
2021-03-09,359.5035095214844,362.04770476168795,357.77640719038783,358.2778276525571,113633600
2021-03-10,361.7413330078125,363.4312860296286,360.43211389392627,361.8434873497362,109899400
2021-03-11,365.40911865234375,367.3776230858602,363.74702059931354,364.20202543159564,86245000
2021-03-12,365.9011535644531,366.04042915723414,363.2455378059453,364.0533645809201,64653600
2021-03-15,368.083251953125,368.343242519141,364.0162344057818,366.15186917399524,73427200
2021-03-16,367.6190185546875,369.40180309295295,366.8483129268186,368.6961305342788,73722500
2021-03-17,368.87249755859375,369.67102984650717,365.19545189698175,366.3375684287189,97959300
2021-03-18,363.5055847167969,368.371135091279,362.82773894437463,366.2912103516865,115349100
2021-03-19,362.8329772949219,364.7799824618673,360.6623728633488,363.20560482975657,113624500
2021-03-22,365.730224609375,367.1089779028957,363.2894813107104,363.34537402520954,73778600
2021-03-23,362.8515625,366.5406230570263,362.0690362260645,365.09668084256,90686600
2021-03-24,361.00701904296875,365.87920816679144,360.9604512667513,364.2489379839986,97588600
2021-03-25,363.0378723144531,363.82969504622673,357.63467436503356,359.5723827433269,116128600
2021-03-26,368.88824462890625,369.28881849367565,363.5875351124933,364.18373344592686,114409100
2021-03-29,368.7019348144531,369.60557150137186,365.9351320456119,367.4163456691813,108107600
2021-03-30,367.7237548828125,368.39449575639236,366.1307275395253,367.4349664373488,76262200
2021-03-31,369.2142028808594,370.769958683881,368.263998648555,368.29194499569184,112734200
2021-04-01,373.201416015625,373.2573371455199,370.93767636691575,371.1426257443496,99682900
2021-04-05,378.55810546875,379.0984396024881,375.7820059480064,375.8565200890422,91684800
2021-04-06,378.3345031738281,379.3778716395841,377.66376224160524,377.9991469225459,62021000
2021-04-07,378.7723083496094,379.1169894924743,377.7103185696919,378.16678511784755,55836300
2021-04-08,380.57025146484375,380.62614416673193,379.08903800549706,380.02062094317336,57863100
2021-04-09,383.3370666503906,383.5047731912766,380.328071856803,380.4491821914655,61104600
2021-04-12,383.4767761230469,383.7469146788607,382.13529455131146,382.7408177148852,56704900
2021-04-13,384.6133117675781,385.2374848347506,382.99236657978923,383.374318989603,56551000
2021-04-14,383.2998352050781,385.63808919365846,382.7595011466084,384.58539585907903,61659900
2021-04-15,387.41741943359375,387.6875864651336,385.3865753074208,385.43314308577106,60229800
2021-04-16,388.7123107910156,389.31783402254797,387.28699001478793,388.70298586402646,82037300
2021-04-19,386.8026123046875,388.227933315343,385.4797802188034,387.78079162080644,78498500
2021-04-20,383.9706115722656,386.6908182521964,382.4986943815011,385.59155703811007,81851800
2021-04-21,387.6037292480469,387.80867863656937,383.2159530341772,383.3557132219947,66793000
2021-04-22,384.06378173828125,388.265230915813,383.0017917121167,387.4361366812249,97582800
2021-04-23,388.2279357910156,389.6346353832558,384.5481995678462,384.6227137075241,73209200
2021-04-26,389.0383605957031,389.60664100563645,388.2931055721406,388.8800074072831,52182400
2021-04-27,388.95452880859375,389.53213415675737,387.8179963971385,389.33648125494796,51303100
2021-04-28,388.8427429199219,390.342606350338,388.3769514146441,389.2246953658085,51238900
2021-04-29,391.3206481933594,391.9354962207072,387.9483231827708,391.56286880615835,78544300
2021-04-30,388.7496337890625,389.90481621732505,387.8553219330377,389.05707214653626,85527000
2021-05-03,389.5879821777344,391.11576335825885,389.09424437535307,390.7338109557142,68128300
2021-05-04,387.18450927734375,388.09747082223015,383.5047736052085,387.6037329855272,101591200
2021-05-05,387.3055725097656,389.0569528283678,386.74661711005075,388.82405711429095,60162200
2021-05-06,390.3984680175781,390.528874845266,385.3772223436678,387.3801199711882,74321400
2021-05-07,393.23974609375,393.8918654572951,390.4822688320736,391.16233454379056,67733800
2021-05-10,389.3458251953125,393.81741249794896,389.22471484913274,393.59384166171475,81852400
2021-05-11,385.8709716796875,386.8584473474661,382.0049080638009,384.8369282355566,116888000
2021-05-12,377.67303466796875,384.36179320441613,376.3594993403955,383.0948540805935,134811000
2021-05-13,382.2098083496094,384.13819166106964,379.1728391786905,379.2194353787123,106394000
2021-05-14,388.07879638671875,388.92654024691893,384.91142017662577,384.93936652675745,82201600
2021-05-17,387.0913391113281,387.9018401628468,385.07911651757036,386.97025720812496,65129200
2021-05-18,383.7563171386719,387.59443468838975,383.5979355139091,387.3522140021612,59810200
2021-05-19,382.750244140625,382.92724721570744,377.59859039400345,379.07983263909597,106467100
2021-05-20,386.8678283691406,388.12547123922195,383.5048270266521,383.6259089486558,78022200
2021-05-21,386.5510559082031,389.5880256140857,386.0945893314259,388.3490042918943,76578700
2021-05-24,390.49169921875,391.563014094204,388.54466552821737,388.78688623089147,51376700
2021-05-25,389.6252136230469,391.9262244678643,389.0476367876896,391.572218425638,57451400
2021-05-26,390.3984680175781,390.9015023339306,389.1780966451499,390.2121400584183,43088600
2021-05-27,390.6034851074219,391.9356421143981,390.3239931202354,391.42328278237954,56707700
2021-05-28,391.3021240234375,392.42933147222897,391.0692282777566,392.1684893742527,58520200
2021-06-01,390.9573974609375,393.7987138563774,390.51955237272466,393.65898211112926,54216600
2021-06-02,391.572265625,392.4107130596126,390.6034397848831,391.60953690489885,49097100
2021-06-03,390.1189880371094,391.2555203916502,387.79935555163786,389.2619476298755,58138800
2021-06-04,393.6869812011719,393.9850945840739,390.18422002621526,391.96354696648706,55938800
2021-06-07,393.30499267578125,393.85462318339853,392.37340976192394,393.6776201553933,51555000
2021-06-08,393.38885498046875,394.25522031845156,391.56296032167944,394.1620563356279,47134300
2021-06-09,392.8019104003906,394.301773600504,392.57833960967673,394.22723105049744,48436300
2021-06-10,394.6278381347656,395.5780709347275,392.7087795402519,394.0223149057569,51020100
2021-06-11,395.27996826171875,395.3917536695252,393.89191873202867,395.1775077811149,45570800
2021-06-14,396.1650085449219,396.26746903201445,394.1527857880061,395.3917787091995,42358500
2021-06-15,395.4383239746094,396.35125703166875,394.5626337646086,396.3140141846101,51508500
2021-06-16,393.2304382324219,395.8016160944157,391.19029786804174,395.5780452993392,80386100
2021-06-17,393.1001281738281,394.07827907271417,390.63143860500963,392.8206646111922,90949700
2021-06-18,387.7969970703125,390.5167474088944,387.5913771677302,389.82512979232945,118676300
2021-06-21,393.34869384765625,393.53563141151994,388.74097097735967,389.5540951870982,72822000
2021-06-22,395.4516296386719,396.28346475320944,392.61969941589416,393.33938339648705,57700300
2021-06-23,394.9749450683594,396.3301424887815,394.8908317268986,395.5263737663793,49445400
2021-06-24,397.31158447265625,397.7321512462469,396.86295139148933,397.115319978314,45110300
2021-06-25,398.7227783203125,399.17141131218983,397.73207208724824,398.0591985278256,58129500
2021-06-28,399.52655029296875,399.6947769582962,398.04984647065635,399.24617251742296,53159600
2021-06-29,399.74151611328125,400.5452847325405,399.2087698297282,399.9097427746152,35970500
2021-06-30,400.0780029296875,400.75093815402226,399.25552337520446,399.2835611544407,64827900
2021-07-01,402.29302978515625,402.4519295321796,400.7695773909706,400.83500837637206,53441000
2021-07-02,405.3680725097656,405.72323677808726,402.37724253484845,403.45209077508554,57697700
2021-07-06,404.62969970703125,405.6391169295271,401.9005937821132,405.4241415803903,68710400
2021-07-07,406.0596618652344,406.34006819983387,403.3025183056718,405.3119686849688,63549500
2021-07-08,402.7510681152344,403.5081166897468,399.57330096190816,400.75094475455643,97595200
2021-07-09,407.0504150390625,407.3495037546776,402.55484295981864,404.2558779418757,76238600
