Date,Close,High,Low,Open,Volume
2016-07-01,16.10438346862793,16.13402207101893,15.933967118251335,16.00806175310495,30766185
2016-07-05,16.059926986694336,16.25998193386297,16.05251733630396,16.115497493498317,47114937
2016-07-06,16.204875946044922,16.204875946044922,15.956727068893663,16.159756587317123,35025361
2016-07-07,15.904085159301758,16.12967525540422,15.84016798123075,16.061998131625355,31389260
2016-07-08,16.020641326904297,16.050720897445117,15.678497605779212,15.840170550029143,37659591
2016-07-11,15.983044624328613,16.016884143011303,15.87025002664542,15.968004838247417,28590059
2016-07-12,15.94544506072998,16.01688213670442,15.877766981323536,15.94168511468066,24727818
2016-07-13,16.013120651245117,16.118395332580285,15.922883853698925,15.964241357302926,19664445
2016-07-14,16.080801010131836,16.152238102047832,15.960488406593146,15.960488406593146,22051617
2016-07-15,16.125917434692383,16.19735451359273,16.054480355792034,16.13343732709902,22040098
2016-07-18,16.110877990722656,16.129677722136986,16.04320085659384,16.114637937005522,16339087
2016-07-19,16.080801010131836,16.110880585238814,16.04696338709956,16.08832090390858,18093254
2016-07-20,16.058242797851562,16.095840366765643,15.986805707848086,16.073282585002403,18653042
2016-07-21,15.98680591583252,16.084560735658712,15.919128771736291,15.9980857563424,28652022
2016-07-22,16.208637237548828,16.332711686419778,15.979286175207056,15.990566015824973,40678973
2016-07-25,16.144712448120117,16.155992284760785,16.058237498466454,16.140954401535623,19319278
2016-07-26,15.934168815612793,16.159758033590034,15.89657029612274,16.12216046358152,26584066
2016-07-27,16.07703971862793,16.137196957741953,15.930405617491317,15.930405617491317,26229896
2016-07-28,16.00936508178711,16.04696264998071,15.922888206289946,16.04320270326505,17887770
2016-07-29,16.276309967041016,16.3139075266053,15.96424205711849,16.024399291798876,33425307
2016-08-01,16.234949111938477,16.355263570548185,16.208631392283944,16.261268730555393,27340865
2016-08-02,16.227432250976562,16.28382954529551,16.137197339651337,16.27631155182069,25943780
2016-08-03,16.219907760620117,16.249987321843584,16.137192765179986,16.20110993381765,18049430
2016-08-04,16.19735336303711,16.257510599054317,16.14847406586602,16.23495092343689,15747656
2016-08-05,16.227432250976562,16.249991928289237,16.08079814636965,16.227432250976562,25981117
2016-08-08,16.140954971313477,16.23118986969933,16.09207567747847,16.23118986969933,18580486
2016-08-09,16.19735336303711,16.201113308973348,16.084556883912576,16.14847406586602,19539857
2016-08-10,16.242469787597656,16.280067345618523,16.189832446783452,16.189832446783452,15535154
2016-08-11,16.31390953063965,16.34774714850793,16.265032127513113,16.283829960123143,15861123
2016-08-12,16.272554397583008,16.340229643207014,16.238714875807943,16.321431807850594,13956681
2016-08-15,16.174793243408203,16.28758782047384,16.174793243408203,16.246230315273117,21512352
2016-08-16,15.776250839233398,16.171032796204475,15.75745206013239,16.167272850488025,41899966
2016-08-17,15.738655090332031,15.821371062149234,15.543143575693467,15.795052387002006,38844439
2016-08-18,15.565704345703125,15.731136300940697,15.45666874160968,15.693538733511279,43099510
2016-08-19,15.4190673828125,15.509303237078402,15.298752910457965,15.501784294667218,39007556
2016-08-22,15.3814697265625,15.411548344463894,15.246115471265584,15.385228723004042,23398655
2016-08-23,15.358914375305176,15.426591522008035,15.332595695916634,15.411552683563823,19930834
2016-08-24,15.366426467895508,15.411544859285137,15.264911748860731,15.377706303113186,21407624
2016-08-25,15.441627502441406,15.4829859621009,15.32131396871123,15.366431425174873,22380499
2016-08-26,15.294998168945312,15.524347339618854,15.264919542489032,15.464190086706296,23645978
2016-08-29,15.415310859680176,15.434110593585675,15.310036147735422,15.34011477250271,17139048
2016-08-30,15.373950958251953,15.467946764748223,15.313793718052848,15.415308467462985,14852102
2016-08-31,15.370197296142578,15.43411450867178,15.287481294420804,15.396515980804882,24812422
2016-09-01,15.400267601013184,15.415306434338808,15.28371308218496,15.358909147775552,20795936
2016-09-02,15.396506309509277,15.558179213145085,15.31755030511848,15.449143645769809,25244708
2016-09-06,15.501789093017578,15.550666506485404,15.343876061802273,15.42283210266913,20565295
2016-09-07,15.516820907592773,15.543139575967404,15.41154623409426,15.513060962184804,17915441
2016-09-08,15.486745834350586,15.561942860739016,15.434108485567512,15.516824455009681,17906438
2016-09-09,14.93029499053955,15.445391629914894,14.91901609811105,15.407794055844365,50974132
2016-09-12,15.30627155303955,15.35890889302803,14.870131151611861,14.877651042890564,35568201
2016-09-13,15.028050422668457,15.212282139361987,14.952853377312001,15.208522192146003,33801058
2016-09-14,14.997966766357422,15.13708001930307,14.949088418417695,15.020525492608902,35138298
2016-09-15,15.208514213562012,15.272431383738734,14.896448253165335,14.964125368585526,30367132
2016-09-16,15.114518165588379,15.193475115352914,15.001723608188877,15.16715644859177,54748194
2016-09-19,15.061884880065918,15.129562012486822,14.986687855269057,15.114522227734906,21426027
2016-09-20,15.024285316467285,15.20099802753149,14.994206698549315,15.099482336002858,18797887
2016-09-21,15.253634452819824,15.276193177529308,15.02804435728127,15.058122973387663,25329312
2016-09-22,15.456668853759766,15.486747477610429,15.30251578783993,15.313795627839484,29503089
2016-09-23,15.520585060119629,15.561943521337055,15.313794652995346,15.471706706047868,24980702
2016-09-26,15.46794605255127,15.56946174676864,15.456666214477789,15.520583397931542,22040893
2016-09-27,15.588263511657715,15.678499385076538,15.437870389293009,15.501787584983196,24414825
2016-09-28,15.358914375305176,15.441630360452248,15.257399604732448,15.419071628045149,34874425
2016-09-29,15.313798904418945,15.44163237102473,15.204763276204822,15.321318799360958,22569963
2016-09-30,15.268677711486816,15.430350675972162,15.264918714180121,15.381473266688495,25661238
2016-10-03,15.328835487365723,15.43035120568776,15.227320718525231,15.272438182569552,21954171
2016-10-04,15.001726150512695,15.325071046279303,14.930289078996736,15.31003221250194,43930188
2016-10-05,14.961809158325195,15.141381122039935,14.83572651042989,15.133739515537355,29923592
2016-10-06,14.942703247070312,14.97708950712182,14.86629008628299,14.950344852603799,20853794
2016-10-07,14.851008415222168,15.011477323819637,14.78987749431354,14.984732666528272,25383728
2016-10-10,14.904495239257812,14.977088557524917,14.59884068578967,14.873929783910997,25183407
2016-10-11,14.938884735107422,15.045864334433483,14.747851321420503,14.87775381116377,29544928
2016-10-12,15.026761054992676,15.087891978010719,14.923602260581234,14.957988525385048,22746188
2016-10-13,15.04204273223877,15.084070602036544,14.90831848139526,15.007656468740459,23231698
2016-10-14,14.984729766845703,15.122274794698534,14.984729766845703,15.057323083195708,17896508
2016-10-17,15.003832817077637,15.087887570460618,14.919777098845621,14.938880144889788,18383740
2016-10-18,15.038228034973145,15.072614310226898,14.957993071097848,14.988558541895673,21234974
2016-10-19,15.045862197875977,15.118455521569095,15.019117543054614,15.076427655507416,15506026
2016-10-20,14.766955375671387,14.931245106739953,14.709645251190336,14.919782695903985,41218106
2016-10-21,14.323753356933594,14.774594602623706,14.121256587217916,14.67143581626765,109580860
2016-10-24,14.083049774169922,14.26262269397033,13.869091556484618,13.949326491147392,133176129
2016-10-25,14.021921157836914,14.159466231364371,13.964611032150279,14.083052087215913,53603994
2016-10-26,13.918760299682617,14.048662772810543,13.857629383557988,13.998994265277735,43531399
2016-10-27,13.953147888183594,14.094512783353528,13.930223068818766,13.983713349154062,57172968
2016-10-28,13.949322700500488,14.063942901900786,13.922578051163683,14.002811999174094,30748708
2016-10-31,14.056305885314941,14.067768295135485,13.953148056327306,13.987533356090312,41552019
2016-11-01,13.968430519104004,14.209134375087025,13.90729959548753,14.12507863147738,36561201
2016-11-02,13.895840644836426,14.021922353185655,13.869095016709846,13.983716242703828,34488611
2016-11-03,13.995172500610352,14.13271753486273,13.903476132725148,13.968427847249977,33824096
2016-11-04,13.945505142211914,14.06776697610352,13.945505142211916,14.05248376444246,30791341
2016-11-07,14.063949584960938,14.086873443164405,13.998997849343231,14.056307977276628,28326186
2016-11-08,14.132722854614258,14.170929930160382,14.063950311601138,14.063950311601138,23581499
2016-11-09,14.30465030670166,14.339035603970867,13.918760782255154,14.125077390116601,46028066
2016-11-10,13.972247123718262,14.316108706941428,13.907295416287848,14.316108706941428,50308558
2016-11-11,13.949322700500488,13.972246547810748,13.86908778764108,13.949322700500487,33519443
2016-11-14,13.804140090942383,13.995173480441006,13.792677682335796,13.987531874703283,34594531
2016-11-15,14.048663139343262,14.048663139343262,13.807961236277936,13.815601877355954,27656771
2016-11-16,14.193848609924316,14.224414066237356,14.079228389962699,14.105973043630467,27586467
2016-11-17,14.293191909790039,14.400170564321298,14.239702582524407,14.251164029881608,28048808
2016-11-18,14.350497245788574,14.369600294900142,14.251159267740206,14.308469379924098,22484433
2016-11-21,14.419271469116211,14.419271469116213,14.312291872850354,14.392526811262075,22835558
2016-11-22,14.728750228881836,14.801343577296002,14.449840212408361,14.514791952600083,34625248
2016-11-23,14.797516822814941,14.889213190062799,14.675254999817803,14.679075802392605,28258662
2016-11-25,14.980913162231445,14.980913162231445,14.797520383605152,14.812802632732659,14357986
2016-11-28,15.107000350952148,15.156669846430805,14.965635403496776,14.969456208137416,35293206
2016-11-29,15.084070205688477,15.141380321730024,15.00383623620016,15.122277271332592,26290933
2016-11-30,14.759308815002441,14.980908596179853,14.75548801267277,14.980908596179853,43267393
2016-12-01,14.854829788208008,14.866292198136549,14.579740633566917,14.75931260001813,36275482
2016-12-02,14.751670837402344,14.946526015031047,14.698181521333439,14.839546418043923,21319313
2016-12-05,14.759308815002441,14.893033037144637,14.75930881500244,14.786053466461064,27503982
2016-12-06,15.03439998626709,15.061144639722208,14.786054570242944,14.816620026312957,31206415
2016-12-07,15.454672813415527,15.469956021944167,15.068784341104651,15.08788738691643,43643542
2016-12-08,15.43939208984375,15.569295515730934,15.355336364358443,15.3782611794085,29126808
2016-12-09,15.427931785583496,15.443214997700403,15.347696851668235,15.38972472014048,22647285
2016-12-12,15.710665702819824,15.802362099514646,15.485245032459849,15.496707443865244,42248972
2016-12-13,15.802361488342285,15.878775631723963,15.748872166884754,15.76797522030547,28015708
2016-12-14,15.703023910522461,15.874955255333955,15.638072176354724,15.779438055960776,34865422
2016-12-15,15.85584831237793,15.924620833434444,15.607502883040704,15.62660689713929,32420258
2016-12-16,15.920802116394043,15.951367578106952,15.82528492793503,15.913160509753483,37011758
2016-12-19,16.09273338317871,16.115657239542315,15.836747265095457,15.920803013177629,27226604
2016-12-20,16.22645378112793,16.337255134145547,16.100372111248824,16.111833554956448,28021666
2016-12-21,16.184423446655273,16.264658359836453,16.172961040529675,16.207348258906467,18208972
2016-12-22,16.321975708007812,16.34489860073917,16.108016487755712,16.138581952813237,23250234
2016-12-23,16.325794219970703,16.352537912686213,16.226455266416924,16.3487171094842,12770510
2016-12-27,16.29522705078125,16.367820378608396,16.245558541120094,16.325793475002573,15136895
2016-12-28,16.24555778503418,16.3601780111326,16.22645377078497,16.295226292383706,14599616
2016-12-29,16.299041748046875,16.352531040698146,16.24937325699197,16.24937325699197,16403301
2016-12-30,16.24937629699707,16.363996506935983,16.218811808205825,16.33725282045591,22076376
2017-01-03,16.436594009399414,16.440414812684175,16.245559634257237,16.31051136039955,34432738
2017-01-04,16.34107780456543,16.42895436088974,16.31815491182346,16.406029538448912,30720772
2017-01-05,16.29522705078125,16.386924393746725,16.249379344147762,16.371641181636065,34041629
2017-01-06,16.030929565429688,16.294748544223143,15.988252519267034,16.286989882900293,43278780
2017-01-09,15.829184532165527,16.061966902576714,15.829184532165527,16.019289857071414,33741743
2017-01-10,15.833064079284668,15.930056650302024,15.611921174125515,15.77486873262478,28494996
2017-01-11,15.755470275878906,15.790387681255504,15.62744011608227,15.666237342028786,32486194
2017-01-12,15.910656929016113,15.949454151863623,15.712792954023737,15.739950716091217,26347997
2017-01-13,15.891258239746094,15.976611343159263,15.825303257187377,15.875738959260488,18446233
2017-01-17,15.949454307556152,15.961093768449803,15.813664516140637,15.906777264032037,29837399
2017-01-18,15.829184532165527,15.999890754681436,15.821424891209539,15.964973350132126,25786886
2017-01-19,15.906777381896973,15.914537022550238,15.794266511435083,15.86410131780924,22101929
2017-01-20,16.081357955932617,16.244305445614312,16.019282815077897,16.03480111041547,33318328
2017-01-23,16.294750213623047,16.321907980416995,16.05808897459524,16.085246741389188,33379761
2017-01-24,16.04644775390625,16.193877014283657,15.926177237100319,16.06196703594709,38000124
2017-01-25,16.05808448791504,16.08912206697223,15.864099373869456,16.034805568807776,28413702
2017-01-26,16.205507278442383,16.236544847032636,15.891251773997034,15.972725024139393,37253785
2017-01-27,16.298627853393555,16.411139706200448,16.19775644158737,16.286989371898102,25180229
2017-01-30,16.224910736083984,16.345181224258123,16.162835582203627,16.27146661161804,21019956
2017-01-31,16.35681915283203,16.36845861120007,16.131797462402393,16.170594677210133,33636750
2017-02-01,16.318023681640625,16.47321058863127,16.240429248392868,16.40337677441121,42477230
2017-02-02,15.97661018371582,16.321903372184078,15.887377266656998,16.302505252737372,38600293
2017-02-03,16.003767013549805,16.108519203885322,15.98436889522949,16.093000905179558,25355924
2017-02-06,15.930057525634766,16.011530819484918,15.899019940393849,16.011530819484918,15060368
2017-02-07,15.953335762023926,15.972733885747775,15.836945060175417,15.937816479242683,22921220
2017-02-08,15.988252639770508,16.03092968625482,15.9339361315852,15.972733357502515,20771309
2017-02-09,16.02704429626465,16.07360016738505,15.957209509831717,15.988247083829428,15043818
2017-02-10,16.05420684814453,16.07360497028226,15.984372040844509,16.00377016298224,16067534
2017-02-13,15.770991325378418,15.961096676090687,15.70891614880922,15.83694632295229,45494096
2017-02-14,15.80978775024414,15.821426232912458,15.677877761816543,15.701155706905904,26089817
2017-02-15,15.953335762023926,15.961095403414545,15.73607266135545,15.774869888555852,30878990
2017-02-16,16.003767013549805,16.046444049557408,15.918413921287028,15.953331318065533,21951523
2017-02-17,16.092998504638672,16.116276439101238,15.82529882918617,15.97272705378547,31983074
2017-02-21,16.189992904663086,16.197752543627796,16.03092520464848,16.05032332230786,23175826
2017-02-22,16.13568115234375,16.209394800432612,16.081364646682992,16.17059855607116,20729206
2017-02-23,16.275344848632812,16.29086412547006,16.116277159812668,16.174472488447687,25445294
2017-02-24,16.43441390991211,16.43441390991211,16.31026360385549,16.337421360836323,22565197
2017-02-27,16.224910736083984,16.411136197725057,16.18999333955723,16.411136197725057,22956174
2017-02-28,16.213275909423828,16.24431349523138,16.15508055850375,16.189997965006338,25604306
2017-03-01,16.310266494750977,16.364582018339743,16.124041002658714,16.209394108262856,31644924
2017-03-02,16.321903228759766,16.333542688177,16.23267031248505,16.255949231319523,17454557
2017-03-03,16.298627853393555,16.31802695547369,16.201635282250766,16.314147135057663,22745526
2017-03-06,16.279224395751953,16.2947426925775,16.18223185639727,16.228788706378534,18770348
2017-03-07,16.248191833496094,16.290868877495033,16.186116667544518,16.255951474178193,21516192
2017-03-08,16.205507278442383,16.24818430266104,16.17059087106148,16.24818430266104,23674444
2017-03-09,16.27147102355957,16.34518565618707,16.19775737068476,16.24043343820368,23398522
2017-03-10,16.4305362701416,16.461574830525905,16.302506127566495,16.306385947614537,26128213
2017-03-13,16.438297271728516,16.45769637357542,16.364582644215503,16.38010192569303,19706681
2017-03-14,16.32966423034668,16.46545499561596,16.314145929581873,16.442176074839914,13324471
2017-03-15,16.523649215698242,16.543046355522304,16.32966312117027,16.349062220499313,27878012
2017-03-16,16.465456008911133,16.55080813799904,16.42665780523005,16.52753117529563,19332783
2017-03-17,16.53140640258789,16.546925681587993,16.43829464759713,16.523648722592764,32767544
2017-03-20,16.457691192626953,16.566322209761672,16.41889300114697,16.531403837429686,15691783
2017-03-21,16.325782775878906,16.492610125977084,16.294745197703836,16.469333167036357,26875876
2017-03-22,16.158954620361328,16.34130024952605,16.085240012932037,16.33354061090142,24556360
2017-03-23,16.158954620361328,16.259826983224478,16.065841896122812,16.151194981736698,19410370
2017-03-24,16.170597076416016,16.252070357823182,16.116280575725373,16.201633677164192,18803448
2017-03-27,16.096881866455078,16.197754244330355,16.054204827420634,16.1356790855998,17457205
2017-03-28,16.124042510986328,16.143440634153325,16.00765083272634,16.06584716173267,20635996
2017-03-29,16.081357955932617,16.19774957984938,16.0619598418226,16.116275345132426,18673961
2017-03-30,16.201637268066406,16.228796014307413,16.034809868492555,16.05808879384199,19560644
2017-03-31,16.120159149169922,16.252069101035353,16.120159149169922,16.213271883471556,23214354
2017-04-03,16.1279239654541,16.205517445735577,16.050329505419857,16.13956342838507,23804990
2017-04-04,16.174476623535156,16.182236263937572,16.061965756710446,16.12792074062582,16619775
2017-04-05,16.104642868041992,16.193875793793637,16.089123587170796,16.189995973575837,26421479
2017-04-06,16.001680374145508,16.190861600980114,16.001680374145508,16.17903833416385,27131805
2017-04-07,15.997734069824219,16.104148415226913,15.970145128597299,16.0016754893292,26924732
2017-04-10,15.914969444274902,16.03320906722603,15.887380497512085,16.001678700167357,24116660
2017-04-11,15.887382507324219,15.918912878371595,15.792791394182087,15.914971457577138,25964567
2017-04-12,15.985921859741211,15.989863282216806,15.792798130289368,15.847976054330264,29387239
2017-04-13,15.875558853149414,16.064741086681437,15.863735585621363,15.966209544278287,23244409
2017-04-17,15.883440017700195,15.958325017139154,15.851909648774562,15.883440017700195,16045026
2017-04-18,15.86373519897461,15.93467878364709,15.83614525302886,15.851910936426432,21078345
2017-04-19,15.86373519897461,15.942560630037582,15.840086673878254,15.891324149612066,31510538
2017-04-20,15.907086372375488,15.966206680645453,15.733668858420426,15.761257804782066,28751587
2017-04-21,15.7376127243042,15.90708884435753,15.690317664708285,15.855852363910575,31641084
2017-04-24,15.773082733154297,15.824320203116002,15.710021997284645,15.804613101089123,31820751
2017-04-25,15.741555213928223,15.863736282681124,15.64302267188719,15.796733118972524,50812207
2017-04-26,15.938620567321777,15.985916626236305,15.706083684551146,15.773085854083504,45482445
2017-04-27,15.729729652404785,15.922853287209781,15.71790539077289,15.911029025577886,29983436
2017-04-28,15.619368553161621,15.788844613246596,15.576014929757237,15.717901053647495,33093380
2017-05-01,15.410480499267578,15.646958717993193,15.394715815516816,15.639076873771824,32767146
2017-05-02,15.351364135742188,15.457779503861087,15.323775187409481,15.42624913500825,32904710
2017-05-03,15.13459300994873,15.3631884334974,15.036060482637957,15.347422751379733,44675335
2017-05-04,14.980878829956055,15.138530635066449,14.831108868620207,15.138530635066449,41639403
2017-05-05,15.197649955749512,15.256769258323136,14.98876069166088,15.008467789390732,28901861
2017-05-08,15.201595306396484,15.284362152341298,15.103062778190816,15.284362152341298,26664963
2017-05-09,15.063651084899902,15.193713995417628,15.040003554435314,15.185831153493325,28587014
2017-05-10,15.154298782348633,15.233125200578323,15.028177309427681,15.051825832081503,29933257
2017-05-11,15.150362014770508,15.193715659485775,15.059711313329279,15.154302440855906,21902800
2017-05-12,15.170064926147461,15.217359982279172,15.099121346641672,15.170064926147461,18231612
2017-05-15,15.209478378295898,15.248890593929577,15.138534797662096,15.18188942922903,28332276
2017-05-16,15.051826477050781,15.276479489422918,15.051826477050781,15.244950115149841,28597738
2017-05-17,14.764111518859863,15.051827276288526,14.760170098039383,15.051827276288526,39277519
2017-05-18,14.957235336303711,15.032120342122804,14.764111685766725,14.77987736922687,34084924
2017-05-19,15.071531295776367,15.091238397146844,14.93358556741562,14.992704880910754,26944194
2017-05-22,15.075472831726074,15.114886039461302,15.043942464599523,15.071531411421736,19624328
2017-05-23,15.09911823272705,15.142472854663545,15.059705030540055,15.079412129287562,17920737
2017-05-24,15.036062240600586,15.118830090778827,15.00847328897728,15.09912298582766,20659564
2017-05-25,15.06758975982666,15.110944387200725,15.020294707516904,15.0242351324526,19717670
2017-05-26,15.024232864379883,15.075470324506764,14.980879238858668,15.059704645911419,18173092
2017-05-30,15.19371223449707,15.244949705758406,15.051826072845532,15.051826072845532,27178013
2017-05-31,15.18582820892334,15.319832514419447,15.177946363835668,15.23312425599002,31829490
2017-06-01,15.319831848144531,15.327714688197501,15.181887123758008,15.244947853565588,23423149
2017-06-02,15.319831848144531,15.402599678084535,15.276477223161288,15.371069313180744,24532396
2017-06-05,15.296184539794922,15.315890644898177,15.201593443744718,15.296184539794922,18300196
2017-06-06,15.264656066894531,15.339540071817192,15.233125697635455,15.284362174440867,21473029
2017-06-07,15.276479721069336,15.319834353141639,15.189771452232979,15.31195151179972,21752526
2017-06-08,15.174004554748535,15.308007861502189,15.142474189281538,15.276477496035191,26840128
2017-06-09,15.28830623626709,15.292247657518935,15.193715112148011,15.225245486854371,24359349
2017-06-12,15.398659706115723,15.516898336796823,15.288302920920694,15.288302920920694,30160588
2017-06-13,15.244950294494629,15.375012199652907,15.205537083227265,15.375012199652907,24946940
2017-06-14,15.260713577270508,15.296185364615603,15.174005316709252,15.288302524025992,21655609
2017-06-15,15.30800724029541,15.331655759917066,15.229181827480748,15.241006087291575,22092529
2017-06-16,15.355302810668945,15.371068489930497,15.23706419743943,15.359244230484332,39368743
2017-06-19,15.335602760314941,15.3631917146048,15.248893480765755,15.3631917146048,27748127
2017-06-20,15.237069129943848,15.339542097084092,15.213421598704436,15.28042277133138,28782171
2017-06-21,15.036062240600586,15.241010160242746,14.917822596818569,15.221303055291578,32567355
2017-06-22,15.016353607177734,15.114886129448344,14.965116138224449,15.051825394819808,21450124
2017-06-23,14.957235336303711,15.040003183852876,14.905998855674838,15.040003183852876,30328338
2017-06-26,15.036062240600586,15.08729971816529,14.921764017808803,14.953294390422341,24366631
2017-06-27,14.858701705932617,15.036060655251374,14.81928949080243,15.036060655251374,26297288
2017-06-28,14.953292846679688,15.004530318954757,14.890232107962854,14.929645318487932,26937045
2017-06-29,14.827168464660645,14.969055596632492,14.827168464660646,14.925700974017087,31402500
2017-06-30,14.870525360107422,14.925703255281922,14.795640362864752,14.870525360107422,29843887
2017-07-03,15.020298957824707,15.028180805234571,14.89023503889821,14.913882571744653,14728573
2017-07-05,15.024232864379883,15.059704645911419,14.917817519785277,15.02029244003904,26592408
2017-07-06,14.907464981079102,15.115960265487988,14.907464981079103,15.071856019528372,27549395
2017-07-07,14.82727336883545,14.927511853485713,14.76312081966253,14.907464561571912,27593219
2017-07-10,14.767133712768555,14.86737221935892,14.763124051000037,14.81925729067757,30154365
2017-07-11,14.674911499023438,14.779158633312147,14.650853533380836,14.767130663031487,28583174
2017-07-12,14.767133712768555,14.79520033260732,14.678923178942886,14.73505743116127,23151861
2017-07-13,14.518535614013672,14.674907283063293,14.510516294436677,14.650849324332311,40024652
2017-07-14,14.554625511169434,14.586701787921376,14.502501941150287,14.52655889557907,31195294
2017-07-17,14.59071159362793,14.614768548295036,14.53457836189111,14.56264497775952,27203963
2017-07-18,14.430326461791992,14.60674644614255,14.382212564949395,14.60674644614255,38589172
2017-07-19,14.486461639404297,14.486461639404295,14.35815554350074,14.446366047718216,34796441
2017-07-20,14.642833709716797,14.723023882610486,14.498489980951407,14.566652184808337,42225670
2017-07-21,14.638827323913574,14.678921913059355,14.538588825967594,14.60274138364976,26679659
2017-07-24,14.526557922363281,14.654863020775174,14.506510630439161,14.638825389744003,29662234
2017-07-25,14.52254581451416,14.634813262978533,14.486460897638944,14.550613436035597,38987828
2017-07-26,15.248275756835938,15.276343385202733,14.52254935639003,14.52254935639003,95899703
2017-07-27,15.801591873168945,15.837677809266372,15.316438085144535,15.316438085144535,82070788
2017-07-28,15.637198448181152,15.905837591131176,15.569036247356802,15.73743691924399,47681080
2017-07-31,15.637198448181152,15.689322007616012,15.524930996076197,15.625169467139035,37709241
2017-08-01,15.589083671569824,15.745456376309724,15.520921470155123,15.737437055545524,38891838
2017-08-02,15.344505310058594,15.633191797787559,15.252285129394295,15.629182136668181,45824302
2017-08-03,15.348515510559082,15.436725020663197,15.296390926716095,15.328467204257656,24960313
2017-08-04,15.408655166625977,15.444741097845238,15.252282460495671,15.412664827043729,21603708
2017-08-07,15.44473934173584,15.492853236197167,15.384596467388985,15.412663074581491,22277227
2017-08-08,15.380590438842773,15.532952490664094,15.344504503206556,15.460780619391656,20436999
2017-08-09,15.380590438842773,15.396628069936297,15.2603036492085,15.316437889387416,26091671
2017-08-10,15.312426567077637,15.452759620947173,15.308416906604146,15.344502838325033,28208350
2017-08-11,15.27634048461914,15.372569297411806,15.264311503317364,15.356530655676105,17581396
2017-08-14,15.436717987060547,15.460774931120207,15.308412935355353,15.332469879415012,22724606
2017-08-15,15.300397872924805,15.45676957162421,15.240254989774305,15.436722281420892,19622210
2017-08-16,15.328462600708008,15.372567848784433,15.22020481681519,15.300395992855888,19824649
2017-08-17,15.075860977172852,15.324451781523058,15.067841657667273,15.300394835546664,29120056
2017-08-18,14.983647346496582,15.079875165762843,14.915485130732387,15.035770917355926,30475700
2017-08-21,15.067843437194824,15.192138854049343,14.999681238428066,15.031757507698279,22917248
2017-08-22,15.22822380065918,15.232233460626714,15.059823144724655,15.111946699221829,19512847
2017-08-23,15.204170227050781,15.268322775685382,15.176102601050099,15.176102601050099,26393808
2017-08-24,15.107938766479492,15.22822452103413,15.09190012585064,15.220205200719704,14486943
2017-08-25,15.232234001159668,15.288367217616328,15.140013843714602,15.16407180437354,18784780
2017-08-28,15.212189674377441,15.264314256880827,15.136009150012029,15.236247641320864,13410134
2017-08-29,15.176104545593262,15.248276425189864,15.136009956964703,15.136009956964703,12698484
2017-08-30,15.103930473327637,15.164073356048283,15.079872510206949,15.164073356048283,16462086
2017-08-31,15.019734382629395,15.184125453296478,15.015724720839849,15.1320018751141,27457774
2017-09-01,15.027751922607422,15.075866845830488,15.003694967266258,15.071857184516837,16906686
2017-09-05,14.87137508392334,15.007699471580226,14.807222550030735,14.995670491772717,30195541
2017-09-06,14.662882804870605,14.899445717228918,14.646844160793119,14.887416734170802,37562542
2017-09-07,14.273958206176758,14.751092691729932,14.265938883930312,14.674912168010765,64373807
2017-09-08,14.269948959350586,14.338111175342938,14.073481633852802,14.273958620590221,54351524
2017-09-11,14.33008861541748,14.354145564879637,14.241879125695917,14.306031665955325,30516611
2017-09-12,14.538586616516113,14.606748825262294,14.362166603430595,14.418300842277256,37449737
2017-09-13,14.654863357543945,14.702978276824402,14.546606561109064,14.570663514478966,34069433
2017-09-14,14.562639236450195,14.67490666820319,14.522543652785533,14.67490666820319,23678548
2017-09-15,14.875384330749512,14.879393990573995,14.590706583534121,14.598725903183087,63476400
2017-09-18,15.003692626953125,15.035768899918253,14.84331126212748,14.879397195780822,42333973
2017-09-19,15.320446968078613,15.412667146484043,14.94355098257722,14.99968421179218,61327680
2017-09-20,15.408655166625977,15.532950589414261,15.324454322934196,15.36454991457121,35574821
2017-09-21,15.324456214904785,15.452761313951482,15.292379940143112,15.436723682840963,22218309
2017-09-22,15.472809791564941,15.496866744770093,15.320446725337469,15.396628258451205,30733482
2017-09-25,15.68531322479248,15.713379836253798,15.436722369671761,15.448750338846299,47901128
2017-09-26,15.524931907653809,15.761494794255611,15.516912586488194,15.685313268263366,29930212
2017-09-27,15.5449800491333,15.601114287825473,15.440732918434849,15.488846822981733,31469494
2017-09-28,15.653237342834473,15.705361919024895,15.472808687855236,15.508894621359198,22996424
2017-09-29,15.705361366271973,15.725408656383905,15.561017637336327,15.617150859682171,29076894
2017-10-02,15.681304931640625,15.761496124986158,15.6652673004959,15.717390867392051,20660093
2017-10-03,15.829659461975098,15.829659461975098,15.673287737618907,15.713382324604087,21273502
2017-10-04,15.837675094604492,15.901827633883688,15.73342696514068,15.78555052360235,23717209
2017-10-05,15.841686248779297,15.95796235748523,15.79758099416296,15.881780830204438,29930609
2017-10-06,15.731111526489258,15.918628852644703,15.710728537052418,15.833022355897803,29699836
2017-10-09,15.612895011901855,15.763725032727832,15.551748095680953,15.75557183604664,25484220
2017-10-10,15.69443130493164,15.739271846033033,15.600672593285296,15.633284363833784,22928370
2017-10-11,15.5680570602417,15.739268042159575,15.510985703491544,15.702580709923026,35718872
2017-10-12,14.61823558807373,15.29900587809702,14.606005793312999,15.282700514526717,108536754
2017-10-13,14.553014755249023,14.691616042870244,14.369573963740184,14.61008611590347,74257070
2017-10-16,14.744610786437988,14.858751456689717,14.573398751616057,14.60193391917899,41172560
2017-10-17,14.76906681060791,14.793526403829798,14.67123152605284,14.744608246830182,28682606
2017-10-18,14.557088851928711,14.789448795004077,14.475559968422415,14.769065802044436,48676595
2017-10-19,14.548934936523438,14.809828979514679,14.508169984945063,14.646770202645152,43542918
2017-10-20,14.48779010772705,14.610084988742216,14.430719780919818,14.589701993850928,50094202
2017-10-23,14.369571685791016,14.536707083077772,14.345113123356004,14.43887180389363,40914645
2017-10-24,14.210590362548828,14.41441413078548,14.190207368058664,14.394031136295315,69160199
2017-10-25,13.652111053466797,14.002688219800971,13.58688753825728,13.965999863815114,127603413
2017-10-26,13.729567527770996,13.81517405461386,13.696955762650921,13.758102693570526,59740866
2017-10-27,13.847783088684082,13.86816505182281,13.672494499692371,13.729564820036066,69268105
2017-10-30,13.672497749328613,13.994538814237824,13.611349786490834,13.868168347965424,68444974
2017-10-31,13.717333793640137,13.7947870996168,13.627651722655141,13.713257195489366,48162354
2017-11-01,13.676572799682617,13.8355560557977,13.570585334864928,13.802944290597424,50106383
2017-11-02,13.521662712097168,14.031222018671302,13.423827448768208,13.684721484312105,96609897
2017-11-03,13.57465934753418,13.611347707856318,13.431983534552703,13.590965742985867,53276833
2017-11-06,13.395291328430176,13.484973389334183,13.268920917737292,13.480896791641657,63217028
2017-11-07,13.4808988571167,13.501281848702313,13.334146464920384,13.383064615281835,39800764
2017-11-08,13.631731033325195,13.65618959765274,13.362683737389677,13.391218900679174,115981341
2017-11-09,13.860008239746094,14.043448948480838,13.595037640833372,13.627649391015803,92568652
2017-11-10,13.949694633483887,14.05568311189819,13.90077750771982,13.92931266932288,76099018
2017-11-13,13.929312705993652,14.006766023008806,13.91708290979838,13.974154262598866,38213023
2017-11-14,13.745877265930176,13.941547904207535,13.688805891015885,13.937471303896192,40065829
2017-11-15,13.782561302185059,13.941543517076253,13.717336747172975,13.868166793451334,43536165
2017-11-16,14.071988105773926,14.129058423298117,13.782558890393787,13.802940852525564,52915249
2017-11-17,14.067913055419922,14.218743091901304,14.002689534088548,14.035301294754236,48944573
2017-11-20,14.120909690856934,14.22689819222626,14.03938078711123,14.084221323865847,41394463
2017-11-21,13.994534492492676,14.165746470787857,13.978229129030467,14.104599556277577,46892108
2017-11-22,14.214668273925781,14.230973641579267,13.941544358092633,13.974156122843864,35024964
2017-11-24,14.190206527709961,14.247277879458471,14.161671366557757,14.214666119649651,12184904
2017-11-27,14.137212753295898,14.271736390704715,14.084218000394305,14.202436272679318,35474462
2017-11-28,14.438873291015625,14.487790420923831,14.088296065748569,14.088296065748569,45612330
2017-11-29,14.870981216430664,14.899516383918806,14.434798446096295,14.826140680139726,70407804
2017-11-30,14.830212593078613,15.042189541351087,14.687536790822218,14.879130746312292,65976641
2017-12-01,14.879135131835938,14.981047037453534,14.642699551980888,14.817988194354255,41622720
2017-12-04,15.193023681640625,15.303087754674369,14.981046676003771,15.001428644857778,53598698
2017-12-05,14.899518013000488,15.20117817800059,14.887289242422407,15.009583124869895,43765350
2017-12-06,14.720149040222168,14.858748248539426,14.687537280127968,14.740531004239498,41271993
2017-12-07,14.744610786437988,14.838369488271718,14.597857319606524,14.728305417592457,32475866
2017-12-08,14.972887992858887,14.981041189192123,14.736452505302934,14.83836437113643,33771798
2017-12-11,15.042191505432129,15.058497901787197,14.887285887280038,14.956584983456441,31334711
2017-12-12,15.531367301940918,15.559902463027942,15.074801636216206,15.502831111409789,61433468
2017-12-13,15.506905555725098,15.56805349749544,15.233782749296862,15.4946767909262,52524934
2017-12-14,15.384614944458008,15.555826952399315,15.360156380307584,15.433532072758853,45395326
2017-12-15,15.588440895080566,15.608823892594106,15.462069398829572,15.547675929497803,61974586
2017-12-18,15.678126335144043,15.853415003874222,15.649591161991603,15.694432736628032,41702293
2017-12-19,15.510984420776367,15.767802931303397,15.502831223422849,15.678119819302925,38636703
2017-12-20,15.71480655670166,15.833023788355117,15.563977568442699,15.600665923304392,35706824
2017-12-21,15.849333763122559,16.016469182176703,15.682198344068418,15.718886707221204,42343771
2017-12-22,15.873790740966797,15.943090861163176,15.775955458826756,15.808567219540103,26427702
2017-12-26,15.922709465026855,16.032774547404085,15.877867906404097,15.877867906404097,17977537
2017-12-27,15.853411674499512,15.955323574038305,15.780034942120489,15.930865006393404,21633233
2017-12-28,15.971624374389648,15.979776541117909,15.849329520138198,15.89824766772757,20690678
2017-12-29,15.849333763122559,16.02869897970904,15.849333763122559,15.987934017378809,35059388
2018-01-02,15.710732460021973,15.922709426432267,15.637356768059178,15.922709426432267,42626974
2018-01-03,15.347925186157227,15.690349170863824,15.299007032865966,15.682195973741267,51851150
2018-01-04,15.490602493286133,15.568055809438578,15.188943455493172,15.388690614459696,36894187
2018-01-05,15.5476713180542,15.555824514641376,15.409071093848263,15.5476713180542,29386048
2018-01-08,15.592519760131836,15.68627847398404,15.42945987410865,15.551754788626038,35276524
2018-01-09,15.551860809326172,15.759274307295753,15.547712413657822,15.609936253533762,37152896
2018-01-10,15.190960884094238,15.510377922851433,15.157774766273665,15.510377922851433,54388066
2018-01-11,15.13288402557373,15.253183298590368,15.087253772568936,15.211701440872295,54813997
2018-01-12,15.307110786437988,15.344445294972429,15.066511202312993,15.132883429135438,41285233
2018-01-16,15.23244571685791,15.356894460081785,15.157776680438545,15.307114753277276,32739342
2018-01-17,15.286371231079102,15.327853090887215,15.137033183531106,15.253184067113217,29194465
2018-01-18,15.410819053649902,15.50622900824422,15.269777795738893,15.282222982345615,36623296
2018-01-19,15.435708045959473,15.502080273441631,15.323704519242874,15.502080273441631,36965815
2018-01-22,15.709493637084961,15.72193882332176,15.340297968713879,15.431560572634531,41918634
2018-01-23,15.427411079406738,15.854682157995711,15.36103885268273,15.742678632558503,43739664
2018-01-24,15.356893539428711,15.510378951689397,15.340299955630401,15.468897087343095,37823767
2018-01-25,15.535269737243652,15.535269737243652,15.28222594117817,15.385932706922583,30981997
2018-01-26,15.688750267028809,15.68875026702881,15.497930393196441,15.539412245716914,28609654
2018-01-29,15.456456184387207,15.630683624695719,15.34030420832319,15.402528069667296,40884590
2018-01-30,15.531124114990234,15.68046116191229,15.473047607366428,15.497937988165896,39565357
2018-01-31,15.535269737243652,15.730239127291041,15.48549107632824,15.522825595802216,54843258
2018-02-01,16.24462127685547,16.29854832321171,15.92935264699501,15.974983949925027,79392071
2018-02-02,15.792461395263672,16.194843228917748,15.684606243984545,16.190694832994545,61034679
2018-02-05,15.195108413696289,15.892017895781416,15.195108413696289,15.684604409331062,60368442
2018-02-06,15.278078079223633,15.377636452111561,14.726358108068736,14.96695777110828,83286617
2018-02-07,15.319560050964355,15.535269321787194,15.240742617785447,15.26978034380536,47180078
2018-02-08,14.755393981933594,15.327854816005834,14.755393981933594,15.302965487804798,60563732
2018-02-09,14.954511642456055,15.078959330138801,14.531387828215147,14.863249027085624,66489162
2018-02-12,15.087252616882324,15.182662558444783,14.921321008422153,15.070659037006513,36741927
2018-02-13,15.182662963867188,15.22829321459516,14.921321406865957,15.054066906693693,30289413
2018-02-14,15.10384750366211,15.25318450795153,14.979399825491814,15.09969910804648,32880481
2018-02-15,15.348600387573242,15.348600387573242,15.029183251876068,15.128741635552787,36419533
2018-02-16,15.406672477722168,15.510379235635943,15.290520531731831,15.340300236463333,26349718
2018-02-20,15.253188133239746,15.385933681766133,15.21170626237358,15.298819448282407,29222666
2018-02-21,15.06236743927002,15.365190948220558,15.049923297647982,15.253187388173147,27529402
2018-02-22,15.128735542297363,15.344445810504865,15.103846218296365,15.128735542297365,24543650
2018-02-23,15.23244571685791,15.244890905452737,15.054070965780843,15.16192507663682,23098901
2018-02-26,15.539419174194336,15.560161157277125,15.269781774717305,15.319561486541096,26309734
2018-02-27,15.294669151306152,15.614086221767158,15.294669151306152,15.522824650596057,28360874
2018-02-28,15.058215141296387,15.423263454072695,15.058215141296388,15.423263454072695,38768971
2018-03-01,14.933770179748535,15.244890457300054,14.879843125905836,15.06236626781556,37798744
2018-03-02,15.078959465026855,15.099700397301271,14.913028864107291,14.933769796381709,28285936
2018-03-05,15.224149703979492,15.273929413332858,14.975254299937209,15.016737216469206,25551876
2018-03-06,15.294669151306152,15.307114339564617,15.141183733992266,15.278076614536301,23119820
2018-03-07,15.311260223388672,15.36103992067994,15.166070574494952,15.178515760711418,24475464
2018-03-08,15.394230842590332,15.394230842590332,15.166075309503471,15.311265003726941,26170581
2018-03-09,15.369336128234863,15.439856757109457,15.273926173750013,15.419115827030012,24918077
2018-03-12,15.497931480407715,15.585044633901195,15.365185981276756,15.369334376334708,29531820
2018-03-13,15.510379791259766,15.684607192699195,15.456452736145682,15.576752034896236,25399351
2018-03-14,15.361039161682129,15.593341959889102,15.332000395278529,15.593341959889102,24633285
2018-03-15,15.365187644958496,15.468895437487367,15.352743506011747,15.38592962249412,28967928
2018-03-16,15.348600387573242,15.489641693009007,15.307117465814196,15.385934912398884,49124372
2018-03-19,15.174370765686035,15.390081089661757,15.128739453574868,15.340301381215502,26000580
2018-03-20,15.074810028076172,15.273926735429777,15.008437792291637,15.215850243437309,26701240
2018-03-21,14.933770179748535,15.141183698116214,14.933770179748535,15.074811456044538,23086853
2018-03-22,14.672431945800781,14.950366146609266,14.66828354906335,14.91303162354731,37332696
2018-03-23,14.394495964050293,14.929622315772223,14.332271068262445,14.6724301304717,46377072
2018-03-26,14.390351295471191,14.63924780037177,14.286644505727205,14.543837805225321,41696070
2018-03-27,14.477458000183105,14.601906720582498,14.390344838720676,14.45671707057051,44831567
2018-03-28,14.751243591308594,14.871543915233614,14.61849912875312,14.639241105761535,40707969
2018-03-29,14.788581848144531,14.888140220278245,14.527241252240389,14.801027037501818,36494868
2018-04-02,14.560422897338867,14.792725694191972,14.44841937030138,14.759539580355815,38704360
2018-04-03,14.672431945800781,14.693172881913009,14.456721600903913,14.585317709464574,28969385
2018-04-04,14.883990287780762,14.908880663926622,14.510647216489918,14.585315202203235,27224220
2018-04-05,14.991847038269043,15.020884763927828,14.801026052036637,14.904732813717894,22644769
2018-04-06,14.78028392791748,15.016736222222075,14.69317075178535,14.93791879078721,33255438
2018-04-09,14.865666389465332,15.089686316531363,14.819172271674374,14.89525384644333,28968590
2018-04-10,15.136178016662598,15.381332547557475,14.814941928516351,14.929064798096828,52696259
2018-04-11,14.899480819702148,15.102367154461279,14.86989336264233,15.072779697401458,27864639
2018-04-12,14.861435890197754,14.992466482823312,14.81916871460726,14.971332895028064,29062065
2018-04-13,14.852984428405762,14.950201723232276,14.802263382537758,14.882572950470268,19032235
2018-04-16,15.064326286315918,15.140408930990489,14.88680047121096,14.95020338671118,32964025
2018-04-17,14.945976257324219,15.119275137948899,14.92484159663395,15.085460748251574,27255599
2018-04-18,14.882572174072266,15.022055576636173,14.86143751655732,14.996695055025185,28599724
2018-04-19,14.71772575378418,14.907932329714654,14.713498822384956,14.895251535516982,31172124
2018-04-20,14.654324531555176,14.819170593403479,14.434530494028744,14.73463409669117,42967507
2018-04-23,14.747314453125,14.747314453125,14.620509711825218,14.671230754419586,28084556
2018-04-24,14.793805122375488,14.933289558168264,14.692361993381349,14.85720694457099,28561593
2018-04-25,14.878350257873535,14.89525692217757,14.679689747301829,14.738865740884211,33485549
2018-04-26,13.990715980529785,14.244324392849887,13.724427841408179,14.134427378597612,175073050
2018-04-27,13.965357780456543,14.185150778082102,13.956903916245958,14.00762496669528,71773908
2018-04-30,13.821647644042969,14.121750244767153,13.80896684654766,14.062575324603442,61108955
2018-05-01,13.754012107849121,13.910403196492108,13.677929495036134,13.84277444452649,47421840
2018-05-02,13.551128387451172,13.792055994833545,13.4834996228318,13.792055994833545,53196466
2018-05-03,13.500411033630371,13.589173418167984,13.360926524066084,13.542679293251387,53352169
2018-05-04,13.584940910339355,13.639889945518311,13.44968445639306,13.50040549319707,33814298
2018-05-07,13.542673110961914,13.63143545497913,13.462363561084365,13.618754662659487,34776581
2018-05-08,13.398967742919922,13.52577145335304,13.34824668570957,13.513091722754071,44372404
2018-05-09,13.272159576416016,13.403191253469945,13.174943352078172,13.369376868160828,49642586
2018-05-10,13.47504711151123,13.538448951273173,13.314427978880197,13.348243431987344,39600046
2018-05-11,13.648345947265625,13.656798743120332,13.521541200561316,13.525768132192159,36426285
2018-05-14,13.606078147888184,13.728654899604424,13.568036829360762,13.690613581077,35608980
2018-05-15,13.563810348510742,13.627212192361862,13.445460524630528,13.584943940658764,35095003
2018-05-16,13.652569770812988,13.699064944395543,13.54690076546442,13.563807422053737,25230541
2018-05-17,13.496183395385742,13.699069750071613,13.48350366534737,13.686390020033242,33656874
2018-05-18,13.546904563903809,13.568038157417842,13.432780597150941,13.500409377284392,28969650
2018-05-21,13.775145530700684,13.800507112944791,13.48349694155338,13.593392861651209,37984104
2018-05-22,13.707520484924316,13.868139612928662,13.69483969037441,13.792056980443123,38908785
2018-05-23,13.665252685546875,13.749789183839482,13.54690286882561,13.70329400303785,34379249
2018-05-24,13.855460166931152,13.86814096271528,13.614532518882086,13.690614091365697,46677223
2018-05-25,13.741337776184082,13.830101221994548,13.69061565466279,13.821647357173138,28884781
2018-05-29,13.665252685546875,13.732881457218166,13.5849431189096,13.720201729659165,35691200
2018-05-30,13.766695022583008,13.796283542406886,13.644118281511771,13.67793266533214,31955799
2018-05-31,13.661028861999512,13.758246177376638,13.593400074941565,13.745565379525562,38948770
2018-06-01,13.724428176879883,13.783603083151805,13.677932997719402,13.728654040979066,31463933
2018-06-04,13.69906234741211,13.813186260530658,13.68215569402785,13.770918025960091,24333399
2018-06-05,13.813191413879395,13.82587220920343,13.65257227606966,13.699067458184112,30999209
2018-06-06,14.109066009521484,14.185148641140994,13.779376029046194,13.851231729197183,45205729
2018-06-07,14.29081916809082,14.358447933815825,13.906180162752271,13.97803479235406,56352882
2018-06-08,14.299273490905762,14.38380999079687,14.193603399745378,14.227417786220421,43935086
2018-06-11,14.447214126586914,14.574017829156139,14.29082296457868,14.358451748269891,49197060
2018-06-12,14.519067764282227,14.595149334488392,14.404943807862448,14.586696538292387,78647321
2018-06-13,13.618756294250488,14.007622230499795,13.614530430377757,13.948447327398885,258289495
2018-06-14,13.74555778503418,13.939991240955717,13.56803205023914,13.779372159880538,117442904
2018-06-15,14.011850357055664,14.062572469331053,13.589170001919676,13.787830451974058,150914551
2018-06-18,13.606078147888184,13.965356674309941,13.568036829360762,13.956902810768955,104138823
2018-06-19,13.690613746643066,13.779377180082841,13.50886208275596,13.525768742635377,115643059
2018-06-20,13.525763511657715,13.770917990650481,13.504629928129926,13.73710361656205,73886085
2018-06-21,13.356697082519531,13.652572709476615,13.318655762746799,13.568037273520469,68087230
2018-06-22,13.394734382629395,13.479270860623803,13.318651765915773,13.411642105190968,82958662
2018-06-25,13.403190612792969,13.504633763871308,13.348242639569795,13.377830091875113,64377382
2018-06-26,13.36514663696289,13.445456182522713,13.272156299765191,13.411641805561741,59108126
2018-06-27,13.377833366394043,13.54690532624202,13.373606433971947,13.517317866694523,61469348
2018-06-28,13.606078147888184,13.661026126090565,13.382058235901159,13.42009955442858,55928276
2018-06-29,13.572261810302734,13.73287985745973,13.546901290732022,13.631436711770018,55645999
2018-07-02,13.614531517028809,13.656798698384813,13.525768087885856,13.593396858943832,50002449
2018-07-03,13.825870513916016,13.859684896560212,13.601849561768917,13.631437013156729,44857650
2018-07-05,13.779376983642578,13.86391348405558,13.720202073797683,13.842778825248823,46895286
2018-07-06,13.813191413879395,13.838553004527467,13.715975185282828,13.804737550330037,54541518
2018-07-09,13.870139122009277,13.965052148164954,13.852882901466108,13.90896698007721,57539848
2018-07-10,14.021132469177246,14.021132469177246,13.86150784165587,13.908963252539234,51435414
2018-07-11,13.749342918395996,13.956424110940386,13.745028590700068,13.926224906545581,51941182
2018-07-12,13.90465259552002,13.939166125941387,13.762285235823938,13.831312296666674,58851800
2018-07-13,13.663058280944824,13.770912104764097,13.589715806847996,13.753655885164582,70635135
2018-07-16,13.762284278869629,13.801111044601807,13.65442936761792,13.680314241264893,43981029
2018-07-17,13.70188045501709,13.852877500917625,13.68030991537825,13.749336949594,48245236
2018-07-18,13.680315971374512,13.783856568533443,13.676001643641635,13.72777248695945,59012004
2018-07-19,13.49048900604248,13.710513151062647,13.48186035185113,13.688942605060813,68428822
2018-07-20,13.417147636413574,13.537945526771285,13.391262763292831,13.516373891273547,48517053
2018-07-23,13.374001502990723,13.460285840532304,13.287718254925363,13.4343998855841,49376329
2018-07-24,13.667373657226562,13.66737365722656,13.3783224007877,13.48186300301519,67484015
2018-07-25,13.050445556640625,13.451666141116158,12.998675791243297,13.417152601025625,127781491
2018-07-26,13.093582153320312,13.184180838227304,13.072011608544422,13.097896480170787,58705498
2018-07-27,13.408517837524414,13.464602995553982,13.093581791432515,13.136723969268386,60943985
2018-07-30,13.805421829223633,13.861506978789564,13.568141521148243,13.615598018553834,84792932
2018-07-31,13.79248332977295,13.952107986583407,13.779540348351878,13.865823622729367,62956068
2018-08-01,13.762284278869629,13.921908937415285,13.72345642366089,13.891709736581056,41515609
2018-08-02,13.74070930480957,13.84856418985936,13.706195785172689,13.74070930480957,41306020
2018-08-03,13.92191219329834,13.926226521494575,13.701887992151152,13.762287497421653,35197746
2018-08-06,13.852880477905273,13.943478071229311,13.80542397312995,13.896022655930437,39835585
2018-08-07,13.977992057800293,13.995249365371384,13.792482538269995,13.844252282030292,36200146
2018-08-08,13.960737228393555,14.034078613913051,13.934851264462017,14.012506977303437,29064448
2018-08-09,14.016819953918457,14.021134280824638,13.908965049693427,13.977992101239327,22388046
2018-08-10,13.917594909667969,13.98230763991599,13.87445272634376,13.97367898535583,28441506
2018-08-13,13.89602279663086,13.95210686599792,13.883079816249325,13.917593341123622,30159926
2018-08-14,13.908965110778809,13.969364598254103,13.896023219479922,13.908965110778809,23881650
2018-08-15,14.008193969726562,14.042707499392687,13.861511196276377,13.926223928215784,39232106
2018-08-16,14.27567195892334,14.297242504003389,14.034077278225501,14.034077278225501,49497475
2018-08-17,14.249791145324707,14.349017424115337,14.219591937821194,14.262734129744842,34647226
2018-08-20,14.28430461883545,14.344703033579759,14.241162427099457,14.297246513722488,31105394
2018-08-21,14.409415245056152,14.487070969421795,14.37058738287333,14.379216038797681,37627153
2018-08-22,14.098791122436523,14.323129602778895,14.09016246792876,14.323129602778895,45223736
2018-08-23,14.016819953918457,14.14624649267439,13.982306428145508,14.10310431308908,28404566
2018-08-24,14.081535339355469,14.124677523754901,14.003879625331814,14.003879625331814,21492889
2018-08-27,14.16350269317627,14.24978595612587,14.116046190394325,14.124674843532206,23296972
2018-08-28,14.094478607177734,14.163506762637567,14.077222385420317,14.154878107020497,21825743
2018-08-29,13.90465259552002,14.10742054003761,13.896025030022157,14.090163230088608,33315018
2018-08-30,13.788166999816895,13.943477306927221,13.749339150670213,13.89170756771591,33840646
2018-08-31,13.779540061950684,13.801110607727585,13.68462813526518,13.78385438900137,41386784
2018-09-04,13.745028495788574,13.779542027640986,13.581089491858796,13.710514963936165,33314753
2018-09-05,13.814056396484375,13.826999380266997,13.606975192822901,13.697573900347765,35382046
2018-09-06,13.883081436157227,13.939165512068296,13.805425723759905,13.861510889147565,33955436
2018-09-07,13.857195854187012,13.973678327357844,13.844252872956238,13.874452073018178,34103327
2018-09-10,13.97368049621582,14.103107060182285,13.891711537461433,13.92622506995715,34780156
2018-09-11,14.094478607177734,14.150563779211964,14.008195319437206,14.01250855776902,34892431
2018-09-12,14.418039321899414,14.51726556508553,14.167816005899931,14.167816005899931,65719388
2018-09-13,14.530214309692383,14.534528637996056,14.275676566113633,14.426673698834783,45818079
2018-09-14,14.49570083618164,14.517271388317562,14.366274254935558,14.500015164504195,43936675
2018-09-17,14.504324913024902,14.58629494631735,14.422354879732453,14.495696259104328,33820653
2018-09-18,14.547470092773438,14.63375338134089,14.400786214307635,14.478441936652054,44568356
2018-09-19,14.39647102355957,14.651009814585645,14.34470127141743,14.638066831811777,41038704
2018-09-20,14.426667213439941,14.465495061241391,14.301555017307184,14.44823775578459,32803159
2018-09-21,14.573348045349121,14.77180049528155,14.573348045349123,14.689831573514441,172328000
2018-09-24,14.629434585571289,14.789060309359325,14.56040754000792,14.776117329762545,48180625
2018-09-25,14.564724922180176,14.750235554605005,14.53452571959504,14.573353577054965,40622306
2018-09-26,14.38784122467041,14.629435905947265,14.383526897748762,14.594922380050571,43533782
2018-09-27,14.418039321899414,14.56903639471278,14.353326601972661,14.422353648491386,32880878
2018-09-28,14.487065315246582,14.530207488553566,14.370581774160627,14.41372394746761,29197113
2018-10-01,14.448241233825684,14.56041047786769,14.405099049274664,14.521582620719432,29813567
2018-10-02,14.633747100830078,14.638061426828338,14.443922204287952,14.465493834279252,39724502
2018-10-03,14.633747100830078,14.720031441842751,14.569034389808703,14.702774137849712,35349608
2018-10-04,14.720033645629883,14.728661209441803,14.465495999958675,14.594921441378153,36434097
2018-10-05,14.66395092010498,14.797690710343508,14.607866843384503,14.75023528834206,37956167
2018-10-08,14.715723991394043,14.745923198015413,14.573355524838451,14.672581800730608,37166931
2018-10-09,14.738595962524414,14.826588044526012,14.738595962524414,14.822188329322014,36894716
2018-10-10,14.452625274658203,14.95417731972068,14.448225558872123,14.795793106618463,60268612
2018-10-11,13.968674659729004,14.5450197569897,13.929078321417094,14.443829608432392,84334960
2018-10-12,14.188647270202637,14.237043023141828,14.012664229113469,14.162250091799041,57132718
2018-10-15,14.23704719543457,14.373433953368133,14.171053674566037,14.197450860705562,44013202
2018-10-16,14.250245094299316,14.285442823528724,14.144655239729387,14.241446773031397,37136479
2018-10-17,14.329435348510742,14.395429968656515,14.201848045710024,14.259042123991883,39605606
2018-10-18,14.298638343811035,14.452623937924269,14.184249077070897,14.329435240425834,40679900
2018-10-19,14.461429595947266,14.496626223097302,14.215052094857294,14.276647025649645,46516092
2018-10-22,14.373434066772461,14.501022504359131,14.33823744796225,14.479023923203092,30573676
2018-10-23,14.527417182922363,14.641806452069048,14.100658114637593,14.386630731984676,70738937
2018-10-24,13.357131004333496,13.990671267136134,13.31313495214563,13.959874363916471,157361240
2018-10-25,13.189948081970215,13.51111739225902,13.093156539498848,13.48472020387571,101822750
2018-10-26,12.798379898071289,13.167944849090436,12.692790070785696,13.15034710006241,102825150
2018-10-29,13.040362358093262,13.339534201051203,12.886376719977902,13.018364885950875,65233480
2018-10-30,13.405526161193848,13.458321643618296,13.119553501579924,13.132751538906469,65072879
2018-10-31,13.497917175292969,13.62990532885254,13.251540844103662,13.502316891515566,59387755
2018-11-01,13.414324760437012,13.660701070693012,13.365928997139825,13.634302775600354,46842988
2018-11-02,13.427522659301758,13.599106020448408,13.35272971271795,13.475918422102852,44376640
2018-11-05,13.475920677185059,13.577110824484901,13.449523488984997,13.475920677185059,36206766
2018-11-06,13.621106147766113,13.625505864069902,13.423124469293,13.480319670202775,32187234
2018-11-07,13.682699203491211,13.695898351678647,13.502316400126626,13.634303437843352,40827261
2018-11-08,13.656304359436035,13.7090987391582,13.585911112446752,13.673902115663557,39121022
2018-11-09,13.50231647491455,13.673899847104561,13.392326905861589,13.62990490831491,52952983
2018-11-12,13.541914939880371,13.739895528710196,13.48472084382898,13.506718316685763,34338337
2018-11-13,13.343926429748535,13.594703491942024,13.321928968118469,13.572704919272935,33948684
2018-11-14,13.423121452331543,13.515513251866304,13.247138394931069,13.4407203135912,41432594
2018-11-15,13.251541137695312,13.361530712578748,13.154750711772099,13.352731279938599,51526638
2018-11-16,13.326332092285156,13.38352617378024,13.176746204018867,13.229540569854436,38302658
2018-11-19,13.352729797363281,13.506715407310715,13.29113599780005,13.348330081531715,37015995
2018-11-20,12.943572044372559,13.277939401420747,12.934772611018772,13.185548684324697,54806053
2018-11-21,13.097555160522461,13.211944448668078,12.939170932431134,12.978767267213827,40125806
2018-11-23,12.917170524597168,13.093153592609779,12.91277080901694,13.093153592609779,17742924
2018-11-26,13.176749229431152,13.264740229706472,13.040362456828689,13.04476217349839,47387946
2018-11-27,13.39233112335205,13.41432971071405,13.075561464697136,13.128355852286406,42574147
2018-11-28,13.52431583404541,13.581509924388703,13.352731340936575,13.392327676958654,45639472
2018-11-29,13.449520111083984,13.51111390509444,13.28673508414874,13.361528024463972,40881545
2018-11-30,13.744294166564941,13.827886556729995,13.497917823543178,13.511116972844873,106538705
2018-12-03,13.951075553894043,14.03466794567769,13.775091337288572,13.964274703451313,57899712
2018-12-04,13.519915580749512,14.083061473294155,13.493518394796341,13.959873864819732,59356641
2018-12-06,13.431923866271973,13.445123015148326,13.132752046723706,13.409926395850853,68847073
2018-12-07,13.26033878326416,13.585907747718066,13.203143589850757,13.295535398041897,49616370
2018-12-10,13.159148216247559,13.238340881305229,12.83357923515222,13.233941165353205,54352980
2018-12-11,13.066760063171387,13.493520372328248,13.018365400338038,13.392329107772122,65621809
2018-12-12,13.269135475158691,13.32633066155253,13.16794535897167,13.2471380102621,54156499
2018-12-13,13.159148216247559,13.282336929786087,13.000763997171605,13.238340881305229,65005487
2018-12-14,13.295537948608398,13.374730624810168,13.066759353145406,13.123953446491385,56589614
2018-12-17,13.137153625488281,13.30433731309328,13.022764318794492,13.255942649097943,58284731
2018-12-18,13.08875560760498,13.207543489736581,13.02276098181712,13.03596012918256,58914160
2018-12-19,13.119553565979004,13.330733274634557,13.027161749042556,13.163548505336005,68079550
2018-12-20,12.604804039001465,13.137153098888476,12.402422624181906,13.128353665409454,101572381
2018-12-21,12.455216407775879,12.864377787063896,12.38042345552926,12.468415556186258,105470767
2018-12-24,12.03725528717041,12.446415507148727,12.03725528717041,12.411218893246097,54429772
2018-12-26,12.354026794433594,12.362825116041423,11.790879770598226,12.098851024938087,75985949
2018-12-27,12.384820938110352,12.389220653453673,11.953662166935656,12.23523506059436,77548269
2018-12-28,12.521211624145508,12.670797548904922,12.393624283050464,12.402422605476634,66978909
2018-12-31,12.55640983581543,12.600405897671711,12.358428112982024,12.56960898768423,69988626
2019-01-02,12.996367454528809,13.0183660396603,12.450819208862626,12.538811327309284,52025256
2019-01-03,13.01396369934082,13.115153837429292,12.85117864633984,12.987566513543705,49787166
2019-01-04,13.348333358764648,13.365932226411724,13.150352763972794,13.181149671315552,55703858
2019-01-07,13.590307235717773,13.757490875350769,13.383526155204104,13.51991400734185,54377872
2019-01-08,13.761892318725586,13.8058883697438,13.651902746699772,13.775090356303437,57683105
2019-01-09,13.534918785095215,13.885658035502802,13.476462811136889,13.885658035502802,58660217
2019-01-10,13.669819831848145,13.705793003084102,13.409014056499293,13.512436781858597,42388654
2019-01-11,13.881160736083984,13.917133903860714,13.629348561646879,13.669818517339761,38308086
2019-01-14,13.768744468688965,13.840690804367055,13.665321753095775,13.80471763652801,32395897
2019-01-15,13.759751319885254,13.759751319885254,13.593375839298272,13.723778150929753,35397670
2019-01-16,13.741768836975098,13.827205561047258,13.647338534463165,13.72827846931544,32430586
2019-01-17,13.777737617492676,13.827201147570419,13.674314905105094,13.737267662984062,34777508
2019-01-18,13.921631813049316,13.953108195445054,13.723778806565626,13.85867904825784,57261808
2019-01-22,13.750757217407227,13.935118692413933,13.67880975263919,13.903642315326143,49859854
2019-01-23,13.890152931213379,13.894649718682546,13.755253849347948,13.813709815342332,36879490
2019-01-24,13.759751319885254,13.840691233923263,13.611361855999752,13.840691233923263,32297391
2019-01-25,13.78673267364502,13.957604950046427,13.777739097110052,13.795725114627393,40353402
2019-01-28,13.791229248046875,13.79572490069205,13.683308602406022,13.768745307058126,41081866
2019-01-29,13.804715156555176,13.804715156555176,13.69229888530932,13.768741995178594,41497735
2019-01-30,13.206663131713867,13.669818665466472,13.044783307188196,13.471965672774264,123070434
2019-01-31,13.516929626464844,13.530419988707887,13.1077355983877,13.265118615680372,69082348
2019-02-01,13.489951133728027,13.651830951589442,13.444985527035385,13.584381405998009,54384889
2019-02-04,13.31458568572998,13.503445145747998,13.292102876308721,13.503445145747998,51681413
2019-02-05,13.323576927185059,13.359550097282183,13.247133798784601,13.34156408000991,38762616
2019-02-06,13.292099952697754,13.395522670172056,13.274113936227344,13.355052713672977,30356937
2019-02-07,13.242636680603027,13.292100214086272,13.004313724927673,13.283106637897946,50163315
2019-02-08,13.287604331970215,13.29210112037098,13.085254531698965,13.220154777064007,32148838
2019-02-11,13.359550476074219,13.418006453307267,13.247134174389224,13.30109449884117,38471865
2019-02-12,13.40451431274414,13.503440227943841,13.36854114943949,13.422500326620286,39705568
2019-02-13,13.418004035949707,13.435991186044033,13.265118937909952,13.404514808931367,39773092
2019-02-14,13.395520210266113,13.494446121568277,13.287600724604028,13.355050261198791,34220369
2019-02-15,13.701295852661133,13.72377865825724,13.45847610157078,13.503442848315578,49237839
2019-02-19,13.773242950439453,13.79572575727159,13.62935026138742,13.69679981743648,32719218
2019-02-20,13.872166633605957,13.912636587762432,13.69679758929621,13.77773749760916,32767808
2019-02-21,13.863171577453613,13.966595413447525,13.773239238807509,13.87666193924908,35192450
2019-02-22,14.00706672668457,14.025053878954223,13.858678398222636,13.917134371993926,30924933
2019-02-25,13.998074531555176,14.070020870790268,13.948610997498838,14.052033718205214,32325063
2019-02-26,14.03854751586914,14.132977823831942,13.921635531614854,14.002574335586385,39276195
2019-02-27,13.966594696044922,14.061023817105772,13.840688065744839,14.043036668969068,34886738
2019-02-28,13.993577003479004,14.061026551001344,13.926127455956662,13.966597411580567,37371224
2019-03-01,13.858678817749023,14.047537108982207,13.777738901190473,14.029551091720627,40505000
2019-03-04,13.480960845947266,13.917135703589192,13.341564944730179,13.917135703589192,65515095
2019-03-05,13.4674711227417,13.512437874310265,13.4000215631652,13.498947508173883,34463455
2019-03-06,13.40451431274414,13.552903753319871,13.386527163315634,13.489949865872461,32544317
2019-03-07,13.45397663116455,13.521426170058756,13.40001745427013,13.42699704271734,32869756
2019-03-08,13.471963882446289,13.516929485014465,13.373037967022993,13.422500356958459,29797812
2019-03-11,13.588879585266113,13.629349543875552,13.467469709437795,13.480960074158471,34448494
2019-03-12,13.773242950439453,13.894652832659347,13.588880300647457,13.60236953052568,43009610
2019-03-13,13.61585807800293,13.813711066808983,13.584381698419522,13.782234687225575,36677713
2019-03-14,13.61585807800293,13.710288352305646,13.584381698419522,13.61585807800293,29249014
2019-03-15,13.791229248046875,13.79572490069205,13.624852626940422,13.71928177243545,70650758
2019-03-18,13.849686622619629,13.867672641675016,13.755257467585286,13.795726294348082,30882432
2019-03-19,13.795724868774414,13.962101489495941,13.741765681631403,13.881161573228852,38039182
2019-03-20,13.719279289245605,13.831695567184283,13.669816899128197,13.755253588316256,32656328
2019-03-21,13.966594696044922,14.007063508247942,13.692298635826159,13.692298635826159,34878529
2019-03-22,13.971095085144043,14.092504969580206,13.93961870078341,13.93961870078341,43918934
2019-03-25,13.836193084716797,14.007065336557632,13.78223390436808,13.984582534004407,33938489
2019-03-26,14.114991188049316,14.128480420348566,13.912641348032084,13.926131715884182,32179688
2019-03-27,14.119483947753906,14.227404597344837,14.052034393424035,14.07901398804546,35408526
2019-03-28,13.944114685058594,14.164450498426932,13.881161919968383,14.128477327582155,35743234
2019-03-29,14.101496696472168,14.114987060379256,13.926127643442607,14.011563208196614,41847006
2019-04-01,14.366800308227539,14.384786325891254,14.182437665523317,14.209417259795188,50012511
2019-04-02,14.222909927368164,14.366802634184221,14.186936750664149,14.34881547805582,42296239
2019-04-03,14.330827713012695,14.371297673822468,14.227404984522227,14.299351329172348,38104720
2019-04-04,14.380287170410156,14.447736707436874,14.35330644715761,14.366796808783883,37352688
2019-04-05,14.546663284301758,14.551160071716065,14.353307103248468,14.420756643358311,52865599
2019-04-08,14.564651489257812,14.623108598884684,14.474719134100967,14.591632217802161,49321648
2019-04-09,14.58083724975586,14.64513034445937,14.4843964479709,14.626760226127113,35455396
2019-04-10,14.64053726196289,14.71401541305756,14.576244169687468,14.580836699097093,26990932
2019-04-11,14.787494659423828,14.810456148442993,14.640538346349818,14.658907305619202,33008512
2019-04-12,14.787494659423828,14.842602696961716,14.677277424618321,14.833417637462157,34451936
2019-04-15,14.704828262329102,14.810452944535312,14.668089192008269,14.792083989239636,25769939
2019-04-16,14.810456275939941,14.810456275939941,14.66809249139016,14.750755708138337,28733316
2019-04-17,14.67268180847168,14.787491548876753,14.67268180847168,14.73238236320134,29610995
2019-04-18,14.709419250488281,14.741565788685945,14.6267560609918,14.67268018401533,30872370
2019-04-22,14.732382774353027,14.778306903742607,14.65890463122151,14.70482876061109,29444568
2019-04-23,14.741568565368652,14.824231770435356,14.640536403470225,14.723199608536929,41937700
2019-04-24,14.13996696472168,14.50735772881917,14.01597214694015,14.268553152290963,95658073
2019-04-25,13.933306694030762,14.075671606983807,13.800127998364722,14.071079078205049,58284201
2019-04-26,14.08945083618164,14.218038188376253,13.905755447139134,13.99301119183297,46593943
2019-04-29,14.181295394897461,14.378767161547097,14.153741383693,14.195071820634984,42053815
2019-04-30,14.218038558959961,14.30070061638633,14.126190282179884,14.208853499336003,46341721
2019-05-01,14.13996696472168,14.332847405805282,14.135374435204252,14.259369252985783,35810228
2019-05-02,14.061895370483398,14.240998211400056,14.048118942554181,14.218036725031624,39338026
2019-05-03,14.098634719848633,14.139966323902673,14.03893415828703,14.080265762341071,37370694
2019-05-06,14.048121452331543,14.071082942802178,13.951680640949302,13.988419721540202,33340968
2019-05-07,14.020559310913086,14.048114477472536,13.905749596103078,14.015966783153178,34121069
2019-05-08,13.914941787719727,14.006790070562623,13.855240055952896,13.956273399026047,33120125
2019-05-09,13.951675415039062,13.983821953548672,13.83686568623081,13.90115876325003,35851802
2019-05-10,14.061895370483398,14.107819502949866,13.850644825029496,13.891976428276354,29145609
2019-05-13,13.993012428283691,14.075675650589536,13.933310696738436,13.937903226836518,36692409
2019-05-14,14.277738571166992,14.410918451339906,14.061896636786074,14.098635714121755,49683365
2019-05-15,14.351215362548828,14.374178008533365,14.185890110108135,14.254775728602556,31685041
2019-05-16,14.521132469177246,14.640534734021632,14.39713767571622,14.39713767571622,31292608
2019-05-17,14.603798866271973,14.69564597955128,14.410918420736818,14.424694849877378,40897698
2019-05-20,14.782902717590332,15.191625124548542,14.677278008333907,14.824234327252375,70774685
2019-05-21,14.883931159973145,14.98955700243964,14.736974877951313,14.80586049018286,30867074
2019-05-22,14.824228286743164,14.902298944322945,14.750750157224465,14.805858174498834,26465171
2019-05-23,14.759936332702637,14.842599531107545,14.66349670771657,14.7783064477835,32657122
2019-05-24,14.819640159606934,14.85637923527653,14.74156947884284,14.842601647001812,21391471
2019-05-28,14.663497924804688,14.888524894845844,14.654312866501886,14.847193292212816,32468584
2019-05-29,14.65431022644043,14.7920825969732,14.553278082499899,14.654310226440431,35680344
2019-05-30,14.631351470947266,14.727791104534274,14.53031930818046,14.677275603015666,32077342
2019-05-31,14.043524742126465,14.309882127329775,13.951676488123663,14.263959160057837,65422282
2019-06-03,14.277738571166992,14.397140862440386,14.089450654855408,14.107820773388102,48092446
2019-06-04,14.456842422485352,14.466026321916885,14.227222901832876,14.415510815989531,41391153
2019-06-05,14.548690795898438,14.562468385834432,14.42928849564254,14.521136775756244,27050379
2019-06-06,14.741568565368652,14.773715109621351,14.557873198403522,14.6037973300772,32321091
2019-06-07,14.920673370361328,15.017114175563934,14.759939468176805,14.773717057414244,42087842
2019-06-10,14.663497924804688,15.154883467520028,14.631351380474463,15.012519702744925,40947745
2019-06-11,14.746162414550781,14.897711250829506,14.709423337868959,14.723200926523273,25967082
2019-06-12,14.77830982208252,14.838010390267648,14.709424194259753,14.746163273080546,25530560
2019-06-13,14.828826904296875,14.847195864355152,14.75075621465718,14.796679194667766,22340382
2019-06-14,14.856377601623535,14.897709202173086,14.778306929444332,14.851785072703638,26279414
2019-06-17,14.833414077758789,14.87474567585837,14.773713524797984,14.810452594249893,22262001
2019-06-18,14.897709846496582,15.017112124389467,14.879339730022489,14.897709846496584,27187148
2019-06-19,14.883931159973145,14.966594358542798,14.842599560688319,14.943632874375446,28081510
2019-06-20,14.943632125854492,14.971186137421043,14.838006288678756,14.962001080322382,35835384
2019-06-21,14.902305603027344,15.01711537666621,14.888528012687942,15.012522846553077,51925426
2019-06-24,14.96200942993164,15.01252611243588,14.906901376045269,14.920677809651822,28790910
2019-06-25,14.948226928710938,14.971188415221649,14.90230279595991,14.971188415221649,25460123
2019-06-26,14.939043045043945,15.058445335694753,14.934450515434719,14.966597062969608,37020232
2019-06-27,15.14570426940918,15.16866576256269,14.952823783837877,15.044670916181865,37316013
2019-06-28,15.389094352722168,15.407463308233696,15.118143271023532,15.17325245701711,53981201
2019-07-01,15.352355003356934,15.568198054874395,15.338577417176198,15.526866456061667,42843978
2019-07-02,15.540643692016602,15.554421278915004,15.324800629255993,15.370724759187796,35260636
2019-07-03,15.604937553405762,15.63249156679427,15.554420895752235,15.595752495699754,26660726
2019-07-05,15.75189208984375,15.784039790614303,15.586566855956793,15.604936970682825,32447268
2019-07-08,15.728937149047852,15.779453825828767,15.646273917853605,15.673829101404987,42167017
2019-07-09,15.712650299072266,15.768866642932045,15.647062987164308,15.736073578504897,41013548
2019-07-10,15.815709114074707,15.853187058509137,15.750123007077773,15.806339332202784,33566180
2019-07-11,15.675169944763184,15.93751680596409,15.581475651237348,15.92346212956111,38215804
2019-07-12,15.764178276062012,15.768863167526735,15.642374647139391,15.707961944592125,30785251
2019-07-15,15.792288780212402,15.806342272581325,15.726701477961308,15.768864321175052,26817752
2019-07-16,15.731386184692383,15.796973486171854,15.698593125479382,15.778233919162442,23658953
2019-07-17,15.581475257873535,15.731387070173113,15.576790365857482,15.722017286141005,24888817
2019-07-18,15.501832008361816,15.553364629335881,15.384713275641374,15.548679738060661,42533500
2019-07-19,15.36129093170166,15.586158628196964,15.351921148584333,15.56741906196231,42575603
2019-07-22,15.052099227905273,15.342553072429975,15.023989875425936,15.342553072429975,47022787
2019-07-23,15.033356666564941,15.066149721541779,14.766326152549766,15.061464830394614,60340506
2019-07-24,15.572100639343262,15.642371631660737,15.075517619506172,15.075517619506172,63928943
2019-07-25,15.839136123657227,15.923460624946548,15.670484754971664,15.731385980856196,51661421
2019-07-26,15.99841594696045,16.035893896083948,15.736070303095945,15.806341309820832,45213673
2019-07-29,16.08742904663086,16.13896049536135,15.900039271579992,15.960940504826423,40963368
2019-07-30,16.01247215270996,16.2279700850136,15.965624416062445,16.134275794772094,44919083
2019-07-31,15.951569557189941,16.153012796332636,15.87661365819419,15.951569557189941,53799151
2019-08-01,15.98436164855957,16.20922933194929,15.937513918756707,16.153011819575184,54361984
2019-08-02,16.007783889770508,16.087424670384223,15.712645222233379,15.834448838645722,48294621
2019-08-05,15.689225196838379,15.900039435350495,15.548683159866044,15.787605569161904,49077502
2019-08-06,15.909403800964355,15.91408869167483,15.595525587788064,15.698589634258932,41916119
2019-08-07,15.956258773803711,16.003105336084044,15.6283257395189,15.740759618488443,50243814
2019-08-08,16.181121826171875,16.181121826171875,15.960939009003832,16.045264695637314,37732014
2019-08-09,16.181121826171875,16.204546285266446,15.998416960501658,16.129590382270795,30275643
2019-08-12,16.153013229370117,16.199860963261735,16.054634052945833,16.148328337675608,31324781
2019-08-13,16.331035614013672,16.377883351440783,16.101483001979737,16.101483001979737,41333294
2019-08-14,15.970309257507324,16.22328514171793,15.937516196873869,16.209231648905607,45830657
2019-08-15,16.08742904663086,16.14364538761932,15.909409056095935,16.040581307104745,32262702
2019-08-16,16.382566452026367,16.396619943580244,16.12021962434406,16.15301268204099,41180372
2019-08-19,16.574642181396484,16.602751534468837,16.391937301694114,16.401307086051563,34603667
2019-08-20,16.387252807617188,16.537163434887745,16.349773671982646,16.53247972598695,28856448
2019-08-21,16.471574783325195,16.513737621383616,16.382565399027055,16.485629457029116,29013606
2019-08-22,16.57932472229004,16.63085734589406,16.434097817560016,16.50905371568218,28412643
2019-08-23,16.312299728393555,16.60275481957029,16.227974018598573,16.537167499144296,44827992
2019-08-26,16.36383056640625,16.462209761624322,16.26076529554501,16.382570136764176,30713225
2019-08-27,16.265451431274414,16.41536445643438,16.223288577800325,16.401309777591756,42475509
2019-08-28,16.377885818481445,16.387255603988972,16.17644016228456,16.242027477783513,32261114
2019-08-29,16.466896057128906,16.551221764816436,16.420049493350312,16.448157668228227,30840594
2019-08-30,16.5184268951416,16.5605897443863,16.429416304174612,16.4809489383745,28610448
2019-09-03,16.574642181396484,16.57932707357521,16.35914423949662,16.43410014824906,27196284
2019-09-04,16.73392105102539,16.78076878210999,16.60274882365258,16.644910480269992,27455656
2019-09-05,16.813560485839844,16.855723322117484,16.747974377431643,16.81824537687661,28784687
2019-09-06,16.982215881347656,17.038433404143948,16.82293428032067,16.841673848937294,38748316
2019-09-09,17.235193252563477,17.867634818688533,17.197715295173666,17.717722989129282,156054584
2019-09-10,17.605289459228516,17.670875590172347,17.319519289166923,17.431954346575914,63577950
2019-09-11,18.148717880249023,18.15340277223387,17.66618820245204,17.769252276958106,72914534
2019-09-12,17.980070114135742,18.02691786034483,17.675561538357325,17.975386404263226,56491108
2019-09-13,17.759878158569336,17.966007426596686,17.68023738567603,17.806725880810074,51934430
2019-09-16,17.478797912597656,17.72240519016134,17.38510362487943,17.661502779243673,65127428
2019-09-17,17.408523559570312,17.450686395019304,17.23518732682966,17.352306051287236,46375748
2019-09-18,17.221134185791016,17.32419823950164,17.09464567688255,17.221134185791016,49625374
2019-09-19,17.403844833374023,17.436637898549506,17.239878324442937,17.347628488231397,35751178
2019-09-20,17.759878158569336,17.806725880810074,17.417891797402323,17.47410811764868,102573987
2019-09-23,17.614654541015625,17.731772093690733,17.55843702732246,17.624023140753334,28592972
2019-09-24,17.51158905029297,17.731771844468618,17.492850668027536,17.70366367954379,36647790
2019-09-25,17.51158905029297,17.595914728120814,17.446002937783916,17.488165776697837,29563331
2019-09-26,17.51158905029297,17.54906699787719,17.41789477285909,17.520958832952363,25490045
2019-09-27,17.53501319885254,17.67555520406073,17.417894466827935,17.619337692145447,32070987
2019-09-30,17.727088928222656,17.764568063036027,17.581862013034833,17.60997136414486,37524676
2019-10-01,17.525646209716797,17.783306988017355,17.506907824793945,17.778622096023255,30502974
2019-10-02,17.371049880981445,17.49753841839098,17.296093973565473,17.49753841839098,34764268
2019-10-03,17.422584533691406,17.427269426330504,17.174292322141454,17.33357393965596,26973322
2019-10-04,17.57249641418457,17.577181306836533,17.394475225624802,17.436638076438765,29014268
2019-10-07,17.642763137817383,17.74114231036971,17.577177022782497,17.605285188789818,27852194
2019-10-08,17.55843734741211,17.66618630231377,17.511589615656003,17.65213281092432,37298007
2019-10-09,17.675432205200195,17.756534120360413,17.59910113266802,17.75176448249061,32517572
2019-10-10,17.851951599121094,17.913970154315372,17.637269668143887,17.651582198461846,30928905
2019-10-11,17.928287506103516,18.033242475718872,17.875809418916454,17.933058350825863,36655734
2019-10-14,17.875804901123047,17.980759844212898,17.799473814374345,17.928282975047203,27506894
2019-10-15,18.08094596862793,18.16204790257171,17.851952697995554,17.866264024436003,30063141
2019-10-16,18.028465270996094,18.128650565304955,17.985528888400633,18.04277780011403,29173148
2019-10-17,18.038007736206055,18.061860747674576,17.94259328081519,18.061860747674576,24521672
2019-10-18,18.35287857055664,18.38150243278523,18.02847078277026,18.038012471766027,49864620
2019-10-21,18.238374710083008,18.424431548187496,18.219292544390406,18.329018310208014,35278112
2019-10-22,18.20975685119629,18.300400481148134,17.93782716609939,18.042782123840354,26683631
2019-10-23,18.004613876342773,18.195441591248944,17.95213580295916,18.13342303568886,32027692
2019-10-24,17.56570816040039,18.018923797378754,17.43212816799965,17.980758257372592,53057976
2019-10-25,17.608642578125,17.73268087049016,17.517998978943112,17.622955105814214,44063779
2019-10-28,18.362417221069336,18.53893241448898,18.11434057678164,18.27177360012604,82403244
2019-10-29,18.157276153564453,18.362416400062646,18.119110610361894,18.362416400062646,35364040
2019-10-30,18.224069595336914,18.54370531645357,18.181133201953767,18.314712021582544,45040891
2019-10-31,18.362417221069336,18.362417221069336,18.07140418816421,18.228837211508612,52278140
2019-11-01,18.581867218017578,18.615261916369462,18.481683122961922,18.581867218017578,46648095
2019-11-04,18.553245544433594,18.844258586731378,18.538933012846336,18.65342965126877,47480891
2019-11-05,18.686824798583984,18.753614200425414,18.50553755821654,18.515079245553455,39343322
2019-11-06,18.724990844726562,18.73930217135677,18.600952520299728,18.724990844726562,29127073
2019-11-07,18.806095123291016,18.882426224026005,18.724993178165253,18.74407535096966,33818138
2019-11-08,18.787006378173828,18.810860593312405,18.64865674940344,18.767924210821306,24672872
2019-11-11,18.78223991394043,18.787010758080395,18.70113797307826,18.72976303791805,17987334
2019-11-12,18.686824798583984,18.83471613327222,18.639117566657895,18.77269757509925,21912332
2019-11-13,18.682056427001953,18.753616681980986,18.629578344463287,18.696367755142564,21974296
2019-11-14,18.581867218017578,18.643886976178287,18.45782890645457,18.59140890462052,36368956
2019-11-15,18.844257354736328,18.84902819828684,18.634346262306103,18.667740962401222,41675283
2019-11-18,18.906278610229492,18.939673315091675,18.705909176297745,18.748845569623022,34383883
2019-11-19,18.12865447998047,18.591411897620755,17.82810094166948,18.56755767727315,85473203
2019-11-20,17.737455368041992,17.94259441197573,17.365340414268324,17.69451898088509,92496494
2019-11-21,17.937824249267578,17.985530273818785,17.665894608388584,17.665894608388584,41518654
2019-11-22,18.00938606262207,18.095257637163748,17.98076099968297,18.00938606262207,26317280
2019-11-25,17.775617599487305,18.080941891481636,17.737452062988012,18.080941891481636,42985116
2019-11-26,17.842411041259766,17.861494416224588,17.54185631887342,17.78516332588233,71535058
2019-11-27,17.966445922851562,18.042776998572894,17.842407623614825,17.861490994924303,22600018
2019-11-29,17.832866668701172,18.109567130718982,17.82332618741378,18.004612198490964,24060390
2019-12-02,17.804243087768555,17.880574167785763,17.76130670466408,17.880574167785763,32951182
2019-12-03,17.913970947265625,17.913970947265625,17.608646591701675,17.74699744329065,32927880
2019-12-04,18.176359176635742,18.30039749083902,17.894887849166455,17.933053391632203,50625656
2019-12-05,18.219297409057617,18.300399345611932,18.133424628616744,18.18590150185173,28815933
2019-12-06,18.224069595336914,18.405355652586817,18.19544452990905,18.26700598872006,29930476
2019-12-09,18.147733688354492,18.333791757652,18.14296284506395,18.18589922992042,27278637
2019-12-10,18.157276153564453,18.257461457445217,18.04277952395677,18.162046997059583,28833410
2019-12-11,18.20975685119629,18.247922399898332,18.12865490960961,18.13819539321615,24529351
2019-12-12,18.295625686645508,18.400580621725016,18.22406544887501,18.22406544887501,31237662
2019-12-13,18.252695083618164,18.26223677294496,18.104802513329073,18.228840860301172,32957538
2019-12-16,18.410125732421875,18.438749591902607,18.305170777820127,18.305170777820127,31833064
2019-12-17,18.367189407348633,18.462602674216196,18.34333518706279,18.414896643161715,45994833
2019-12-18,18.48168182373047,18.572324225811172,18.41012158875579,18.414892431721878,37645954
2019-12-19,18.572322845458984,18.572322845458984,18.443514913981296,18.505533458414387,33199697
2019-12-20,18.677284240722656,18.729762319490725,18.55324591211722,18.705908099705887,64039497
2019-12-23,18.63911247253418,18.81085797862616,18.624799945440454,18.72498522558017,38581095
2019-12-24,18.586637496948242,18.662968577937214,18.558013642766973,18.653426891623997,11515093
2019-12-26,18.682056427001953,18.70113859944232,18.591412794823892,18.600954483423408,26239032
2019-12-27,18.720216751098633,18.777465661956654,18.70113337922652,18.720216751098633,20430247
2019-12-30,18.624801635742188,18.73929824860864,18.596177783715145,18.73452861056937,23389652
2019-12-31,18.643888473510742,18.65819979980612,18.53893232196594,18.610492567718346,26766646
2020-01-02,18.538928985595703,18.710674508299988,18.46736875272168,18.682050656102035,43165445
2020-01-03,18.634349822998047,18.701139235950556,18.400585672905567,18.405356517367704,36296666
2020-01-06,18.653430938720703,18.67728515967921,18.519852120387586,18.60095406212925,51229797
2020-01-07,18.724990844726562,18.748843858949265,18.59618167650348,18.64388890970742,37337462
2020-01-08,18.78223991394043,18.868112698942568,18.744074365579326,18.76315774213919,53645832
2020-01-09,18.839767456054688,18.93688017140719,18.718377174964868,18.898034104304898,52228887
2020-01-10,18.72808265686035,18.91259528513138,18.72808265686035,18.84461714201067,39350339
2020-01-13,18.4998722076416,18.718373940121612,18.461026147252547,18.71351818257298,43780576
2020-01-14,18.49501609802246,18.54357244638306,18.427036719837076,18.48044882565387,35129295
2020-01-15,18.388195037841797,18.46588471805301,18.349350197736186,18.436751394524205,34526213
2020-01-16,18.465885162353516,18.51444152020422,18.339639122422334,18.446463354934206,36172077
2020-01-17,18.63582992553711,18.664964473035333,18.441605739889756,18.475594819102856,44477926
2020-01-21,18.703811645507812,18.7620782953764,18.538720760544074,18.621266203025943,57931090
2020-01-22,18.956300735473633,19.004857089965228,18.762076543708787,18.781499575986036,47842475
2020-01-23,18.757225036621094,18.93202746192599,18.71838018946465,18.917460184416647,38406592
2020-01-24,18.694095611572266,18.83005191255014,18.562993841742447,18.742651958864943,45632057
2020-01-27,18.572711944580078,18.72809133007196,18.45617740546117,18.461031938331228,46633398
2020-01-28,18.73294448852539,18.83976749467081,18.582420883001937,18.606698448789018,40842487
2020-01-29,17.99003028869629,18.7232275217041,17.98032000092893,18.694094205999512,76732420
2020-01-30,18.174545288085938,18.184255576461727,17.63557216967286,17.708406076598624,67100717
2020-01-31,18.266801834106445,18.33477998685527,18.08714493721272,18.121134013587135,54495840
2020-02-03,17.946334838867188,18.436751720240526,17.86864515728345,18.431895961866342,53993382
2020-02-04,18.27166175842285,18.325073877021076,17.936625449583985,18.00460361783506,42313451
2020-02-05,18.359060287475586,18.427038445826845,18.218248212862044,18.320215450388936,32620050
2020-02-06,18.664966583251953,18.684388390911725,18.383339949471388,18.383339949471388,34705482
2020-02-07,18.669818878173828,18.800920662422516,18.62611950962575,18.669818878173828,33363079
2020-02-10,18.61640739440918,18.71351887034672,18.49987288756326,18.655252230024484,24552653
2020-02-11,18.533863067626953,18.849477529045526,18.402761279803364,18.689242419328313,42338872
2020-02-12,18.470741271972656,18.611554589797045,18.46102975497753,18.54357642323445,41453646
2020-02-13,18.60184097290039,18.660108842091827,18.378482238234966,18.393049512083202,32606942
2020-02-14,18.572711944580078,18.6795349655553,18.50473376997783,18.58727922179561,36262904
2020-02-18,18.57756805419922,18.60670138297823,18.470743805006503,18.53872320709327,32138644
2020-02-19,18.664966583251953,18.76693383241943,18.529009024827023,18.567853866348198,29923989
2020-02-20,18.747509002685547,18.77664355068678,18.601841167485446,18.64554176328578,35981156
2020-02-21,18.7183780670166,18.78150170286446,18.630978090476113,18.70381201736069,37691897
2020-02-24,18.475595474243164,18.69895421530899,18.441606393824816,18.446462151913373,46190256
2020-02-25,18.135704040527344,18.587276069402847,18.09200344249413,18.504730631584728,64725329
2020-02-26,18.014314651489258,18.344495192846473,17.92691345111172,18.058015251678025,53306756
2020-02-27,17.349092483520508,17.922054723333435,17.16943558024445,17.761819624589265,87815227
2020-02-28,17.101457595825195,17.344238142614838,16.02836816759172,16.509073503091024,160070673
2020-03-02,18.053159713745117,18.169694240271653,17.13544955097262,17.17429439314813,90605027
2020-03-03,17.6258602142334,18.431891379947423,17.417070013255536,18.091999414061526,84481792
2020-03-04,18.53871726989746,18.558139074129517,17.82979750449976,17.97546655414656,55701210
2020-03-05,18.053159713745117,18.412474810419013,17.951191236658367,18.15998272317736,59974684
2020-03-06,17.980327606201172,18.08715062643589,17.567600349973297,17.824946995584614,64721224
2020-03-09,16.844112396240234,17.553031063010888,16.693587561897175,16.999491762863848,89990559
2020-03-10,17.407360076904297,17.426781881132023,16.625606399958283,17.242269223062266,75018634
2020-03-11,16.761564254760742,17.028622344856416,16.586761882362733,16.921799354058436,59972036
2020-03-12,15.21262264251709,16.232301003855504,15.08152210236033,15.469970418012432,111500925
2020-03-13,16.737285614013672,16.805264996213804,15.469972081544846,15.98466646168084,85647971
2020-03-16,15.445695877075195,16.455662921376856,15.013545661969074,15.05239050112677,77820218
2020-03-17,16.382831573486328,16.538212192344588,15.542810965561422,15.596223091612757,78966008
2020-03-18,15.950678825378418,15.979812148267994,14.688219710344155,15.537951641936237,100669546
2020-03-19,15.125222206115723,15.775874086367422,14.80960900710877,15.227190660346912,80521973
2020-03-20,13.814210891723633,14.80961193899779,13.683110319188398,14.790188905317535,154553565
2020-03-23,12.998466491699219,13.454894241963327,12.663430235436508,13.299514895371667,128274548
2020-03-24,13.639410018920898,13.741378504743757,13.03245854155217,13.595709414454209,101022392
2020-03-25,13.789933204650879,14.532840938561794,13.289804806198466,13.634553841380665,90068675
2020-03-26,14.858165740966797,15.032968123637529,13.925888410392085,13.925888410392085,84786312
2020-03-27,14.489140510559082,14.964991348948406,14.188093297216508,14.416306586440822,61415064
2020-03-30,14.678509712219238,14.765910908828427,14.314338877148677,14.518274593836255,55117988
2020-03-31,14.154104232788086,14.629953845594825,14.10554787457887,14.586253245826692,92432942
2020-04-01,13.619986534118652,13.877334370303863,13.45003989611716,13.780221655388265,72351304
2020-04-02,13.964733123779297,14.01814523494251,13.595706555982055,13.595706555982055,44775562
2020-04-03,13.333502769470215,13.955021325883607,13.231535542307817,13.853052872519841,70758797
2020-04-06,14.294914245605469,14.411448752653198,13.746230788313897,13.789931381731977,70836648
2020-04-07,14.60567569732666,15.037825955619601,14.600819938671494,14.780478104105903,71847522
2020-04-08,14.853381156921387,14.908043142231993,14.460801986006688,14.883196899356639,54010329
2020-04-09,15.270813941955566,15.3751697183137,14.903080836410917,14.9080503383696,66599583
2020-04-13,15.002466201782227,15.265842238054697,14.85835568546584,15.156516975506936,45209039
2020-04-14,15.469585418701172,15.484492667410093,15.08197561855187,15.25093364003301,42290546
2020-04-15,14.952773094177246,15.385107171765965,14.888172085074137,15.221118643354647,49706800
2020-04-16,14.987557411193848,15.047190170030516,14.763937389136544,15.047190170030516,43074884
2020-04-17,15.51927661895752,15.52921562054599,15.255901861334149,15.330441863398793,45884809
2020-04-20,15.395050048828125,15.613700638449977,15.255907737766552,15.330447768543317,40492157
2020-04-21,14.843449592590332,15.16645718637868,14.729154810237105,15.161487684329659,57214144
2020-04-22,14.644675254821777,15.355292688372375,14.565165734766788,15.355292688372375,67184129
2020-04-23,14.659577369689941,14.932891068864208,14.57509838459394,14.629760371474292,45031226
2020-04-24,14.763935089111328,14.883199333280343,14.485651852716959,14.704303594488989,47061315
2020-04-27,15.176393508911133,15.245964015455284,14.778845964480922,14.903078474056391,44116607
2020-04-28,15.23105525970459,15.464614262080348,15.216146757667,15.404981508854402,40944435
2020-04-29,15.618664741516113,15.837316510471195,15.439767725559728,15.46958473150212,43903972
2020-04-30,15.141613006591797,15.429835380469774,15.047194964567565,15.404987866818697,53955516
2020-05-01,14.858354568481445,15.30062634159092,14.783814565305892,15.290687339854324,48791121
2020-05-04,14.709272384643555,14.783813638068358,14.520437638114199,14.783813638068358,46557268
2020-05-05,14.778846740722656,14.997497274181368,14.768907737858733,14.778846740722656,32604956
2020-05-06,14.306756019592285,14.843445789352307,14.306756019592285,14.818599540398147,59704721
2020-05-07,14.356449127197266,14.51049862462331,14.326632123883025,14.49559012296619,42122133
2020-05-08,14.803690910339355,14.833506659811974,14.515468652305572,14.555223403243872,31824326
2020-05-11,14.599949836730957,14.734122611795154,14.485655067568691,14.734122611795154,38691782
2020-05-12,14.356449127197266,14.744058875962947,14.356449127197264,14.664549376973739,46632472
2020-05-13,13.958905220031738,14.371361359726597,13.914180954468756,14.311729842259167,65226860
2020-05-14,14.202399253845215,14.212336999762536,13.720371517192088,13.904238013065576,52730948
2020-05-15,14.068229675292969,14.142769688542524,13.948965403108753,14.053321170673204,42699397
2020-05-18,14.634734153747559,14.75399841673802,14.376327623139298,14.406143375155779,46244540
2020-05-19,14.391237258911133,14.669521816042144,14.361421504548751,14.639704806755129,46628367
2020-05-20,14.704307556152344,14.818602330742296,14.41608398643471,14.545287266159095,50178408
2020-05-21,14.793754577636719,14.937865105188642,14.674490303306786,14.803693580895377,51200272
2020-05-22,14.848418235778809,14.863325486138852,14.624798186055985,14.798724473087729,35269109
2020-05-26,15.315535545349121,15.464615558525187,15.19130178272756,15.226087035473673,54791357
2020-05-27,15.827377319335938,15.891979576514562,15.668358309241599,15.772715318943806,57514957
2020-05-28,15.434802055358887,15.936705425131816,15.3900777939059,15.916828672777545,52532745
2020-05-29,15.335413932800293,15.385107694141666,15.07203787613827,15.181364402074221,57900771
2020-06-01,15.370196342468262,15.524245844662026,15.206207838862145,15.28074909453036,33027445
2020-06-02,15.400012016296387,15.454675268871963,15.260871016903161,15.429829020387292,37650588
2020-06-03,15.658422470092773,15.73296374418938,15.544127690367587,15.554066694237097,36888361
2020-06-04,15.802536010742188,15.80253601074219,15.544129411078076,15.598792683486796,40729947
2020-06-05,16.28455924987793,16.398854018091754,16.01621370197632,16.170264481664105,61816766
2020-06-08,16.513153076171875,16.51812257889712,16.24480871348308,16.398858278265998,45385793
2020-06-09,16.210020065307617,16.32928434104098,16.07584728451083,16.304438087526616,42645378
2020-06-10,15.971488952636719,16.210018739519196,15.951612202435841,16.185171233112392,36133549
2020-06-11,14.992527961730957,15.564003064665622,14.967681709182562,15.504371556579626,66021525
2020-06-12,15.156517028808594,15.444738062454968,14.913017741722774,15.414922309823371,48034323
2020-06-15,15.156517028808594,15.231057037849867,14.669520964486077,14.903078739204055,53309006
2020-06-16,15.29565715789795,15.63854268552502,15.086944391723796,15.613695180668282,55119444
2020-06-17,15.037252426147461,15.315536984107775,15.012406173258872,15.295658977857194,41680314
2020-06-18,15.0819730758667,15.111790078106763,14.883199335554634,14.93786132981274,37554730
2020-06-19,15.062101364135742,15.280753179030354,14.898112816695972,15.2509361668233,99288878
2020-06-22,14.962711334228516,15.05712934726501,14.90804807590351,14.997496587735501,39136646
2020-06-23,15.0322847366333,15.24596705496194,15.00743848074965,15.057132247441741,51520812
2020-06-24,14.619828224182129,14.92792728430595,14.490624947221459,14.922957782700772,86849104
2020-06-25,14.76890754699707,14.813631804382144,14.515470506789843,14.654612780312807,48420401
2020-06-26,14.450867652893066,14.689397434165787,14.371358144110337,14.689397434165787,101387551
2020-06-29,14.863324165344238,14.873263167984186,14.55522512290249,14.575103128182384,49695678
2020-06-30,15.022346496582031,15.077008508725678,14.763939922162944,14.913019962445246,57979814
2020-07-01,14.858354568481445,15.146576834371517,14.833507064139953,14.972649323678922,41007987
2020-07-02,14.947805404663086,15.156519471495159,14.917989647226259,14.96271391084388,49947900
2020-07-06,15.151551246643066,15.20621326406422,15.02731619451351,15.176397504114057,44639852
2020-07-07,15.067068099975586,15.131669104714454,15.022343844800782,15.05712909773129,36422181
2020-07-08,15.136639595031738,15.181363853129318,14.982588814951356,15.136639595031737,51547292
2020-07-09,15.018928527832031,15.191793789638627,14.942664743845668,15.18670936618016,52120187
2020-07-10,15.318899154663086,15.36974210075677,14.973168661960269,14.998590776979714,48846464
2020-07-13,15.130783081054688,15.339238038127869,15.069772563052755,15.334153614303474,54274864
2020-07-14,15.232468605041504,15.303647968894992,15.013844805839643,15.110446288173218,40519034
2020-07-15,15.257890701293945,15.318902506746014,15.176542483321509,15.288395962047236,40985612
2020-07-16,15.451089859008789,15.507017226506774,15.212128404386617,15.237550518678956,43674920
2020-07-17,15.379913330078125,15.522273356296395,15.344323644509933,15.49685251916069,30634712
2020-07-20,15.176542282104492,15.344323139941318,15.151121445804703,15.344323139941318,42896938
2020-07-21,15.379913330078125,15.466345973863234,15.1816272053722,15.19688047802093,45341572
2020-07-22,15.334150314331055,15.3900776804182,15.227381288832106,15.334150314331055,40393519
2020-07-23,15.201959609985352,15.329065035360227,15.018925537702222,15.329065035360227,68190502
2020-07-24,15.034180641174316,15.359573445911355,14.978253271380682,15.151118519883537,51274813
2020-07-27,14.891825675964355,15.003680453323973,14.851151561636943,14.998596028539842,44346850
2020-07-28,15.095195770263672,15.19688169483953,14.846066667392991,14.876571931187504,49871240
2020-07-29,15.02910041809082,15.085027803513741,14.901993657726418,15.085027803513741,40350092
2020-07-30,15.034180641174316,15.115528842358577,14.927410324654215,14.983337694447851,35281820
2020-07-31,15.039263725280762,15.059600131793646,14.881650476066657,15.003674050924383,51205965
2020-08-03,15.059600830078125,15.242634916906546,14.952831802058322,15.227381648355788,51608461
2020-08-04,15.257890701293945,15.334154495149917,15.029099319726026,15.049435732246392,45074786
2020-08-05,15.176542282104492,15.35957641208847,15.146037021755653,15.329069867794164,30387521
2020-08-06,15.171453475952148,15.298560188628688,15.09010528255477,15.10535855029619,29007119
2020-08-07,15.262974739074707,15.28331115108032,15.039267787285711,15.120616003199064,40278860
2020-08-10,15.354486465454102,15.354486465454102,15.247716166717291,15.278222700039239,47021066
2020-08-11,15.354486465454102,15.64428954439758,15.303643527195858,15.461256764190912,41026656
2020-08-12,15.344318389892578,15.512099195790503,15.308728716511968,15.435835426554187,28046160
2020-08-13,15.207045555114746,15.318900301685158,15.171455875367904,15.252804081630769,32958464
2020-08-14,15.257890701293945,15.329070071033454,15.130783950218829,15.166373635088583,29853155
2020-08-17,15.176542282104492,15.293480183396271,15.151121445804703,15.293480183396271,33125686
2020-08-18,15.146032333374023,15.217211680136584,15.13586348842364,15.181622006755305,29013606
2020-08-19,15.115531921386719,15.196880139141578,15.0901098008724,15.15620603026415,32808588
2020-08-20,15.085021018981934,15.191790033374481,14.998588409449635,15.024009236511194,30355348
2020-08-21,15.095195770263672,15.1460387325516,15.013847544181228,15.115533468757087,32945886
2020-08-24,15.268058776855469,15.278227624573779,15.079941513793827,15.105362349144183,34932813
2020-08-25,15.201959609985352,15.323981896859083,15.166368652861916,15.29855978462806,27839880
2020-08-26,15.247718811035156,15.313815027417034,15.100275676855603,15.166370609292253,36860557
2020-08-27,15.201959609985352,15.339233880252635,15.161285514360774,15.257885689003482,39206950
2020-08-28,15.273140907287598,15.293477315725069,15.156203027922775,15.222297960276084,35535366
2020-08-31,15.156203269958496,15.334151661422688,15.151118846781628,15.329067238245818,54923492
2020-09-01,14.983339309692383,15.125699319084239,14.907075523353848,15.120614895468956,61591818
2020-09-02,15.100275039672852,15.171454392208048,14.907073389672247,14.932494220164767,46510531
2020-09-03,15.044349670410156,15.344320363462229,14.957917045106777,15.140949858026403,58690669
2020-09-04,14.957918167114258,15.186709521411952,14.87656867489259,15.06468720899745,59361805
2020-09-08,15.00367546081543,15.049432700755492,14.754545149019881,14.99859103772315,61477424
2020-09-09,14.932497024536133,15.100277875554006,14.932497024536133,15.06468819260255,39217145
2020-09-10,14.698616981506348,14.93757843415297,14.69353384263507,14.93757843415297,62779578
2020-09-11,14.744376182556152,14.810472398271367,14.642691573375751,14.72403977429816,39282550
2020-09-14,14.815558433532715,14.896906643307332,14.74437778702091,14.795220739116385,38028987
2020-09-15,14.805389404296875,14.91724415432077,14.774884146992786,14.840979085142537,34307091
2020-09-16,14.866401672363281,15.018929247646218,14.805389871882879,14.810474295585028,40870556
2020-09-17,14.779969215393066,14.86640185148021,14.718957414177567,14.820643321554934,41904600
2020-09-18,14.708785057067871,14.85622945918961,14.698616211967387,14.764712421175439,60721023
2020-09-21,14.556259155273438,14.652860626714498,14.368141919459264,14.642691780469073,60207576
2020-09-22,14.49524974822998,14.708787831954627,14.449491220590318,14.505417311303535,37268482
2020-09-23,14.169853210449219,14.586763027544945,14.154599942526774,14.515583678463756,57973723
2020-09-24,14.25628662109375,14.368141357528362,14.108843492082466,14.169853999278452,43760980
2020-09-25,14.25628662109375,14.291876297615605,14.108843492082466,14.19019040702872,47569731
2020-09-28,14.429155349731445,14.566430949995727,14.35797597949611,14.398650088765658,40415232
2020-09-29,14.388482093811035,14.444409478853153,14.302049445993932,14.418988640531593,33695138
2020-09-30,14.49524974822998,14.576597956490415,14.383394998912882,14.429153526552543,51752777
2020-10-01,14.485079765319824,14.561343544090363,14.408815986549286,14.500331750706794,37920022
2020-10-02,14.581683158874512,14.688453499786595,14.342722923797773,14.37322946917009,37996284
2020-10-05,14.576598167419434,14.617272272138221,14.418986172127298,14.485081110815822,44305806
2020-10-06,14.596933364868164,14.825725987365576,14.57151253301078,14.617271057510264,51851282
2020-10-07,14.642690658569336,14.734207699875792,14.586763292449804,14.703701163476884,54847362
2020-10-08,14.902339935302734,14.91275782769029,14.709615503085205,14.751285757244979,42511786
2020-10-09,14.7512845993042,14.94400901639332,14.704405402630554,14.91275665707434,43291755
2020-10-12,14.652318000793457,14.740867452831713,14.589811963605694,14.740867452831713,67800584
2020-10-13,14.454386711120605,14.652320112526134,14.417924083528241,14.589814066329827,71511756
2020-10-14,14.318955421447754,14.558559038028172,14.31374647560161,14.433548283891819,64131912
2020-10-15,14.298126220703125,14.298126220703125,14.121027241962024,14.225203576065367,42483188
2020-10-16,14.235613822937012,14.360624567450955,14.230404877491816,14.313745373834443,38827756
2020-10-19,14.001220703125,14.30853933917767,13.969968339486408,14.29291381505364,69017472
2020-10-20,13.938713073730469,14.126229864996935,13.886626245392344,14.058516198923146,55064895
2020-10-21,13.917880058288574,14.022056356620007,13.824121652868387,13.943923475176172,63219941
2020-10-22,14.730453491210938,14.845047704066877,14.428343747538426,14.496057433451762,118508460
2020-10-23,14.49084758758545,14.798166231745853,14.454386276480074,14.766913867282755,56442782
2020-10-26,14.261662483215332,14.402300115821003,14.11060827127612,14.391882221096713,54978438
2020-10-27,14.022059440612793,14.204367345094095,14.011641545410248,14.188740502290278,46561108
2020-10-28,13.803288459777832,14.001221866455477,13.777243725089562,13.907463452358988,64808211
2020-10-29,13.938713073730469,14.089768559004096,13.725154183685323,13.80328574158289,58489289
2020-10-30,14.07414436340332,14.084562257182846,13.902254377603665,13.92829911205248,64109669
2020-11-02,14.240827560424805,14.376254926010226,14.068937564453318,14.272079928222157,63620980
2020-11-03,14.303327560424805,14.480426444959797,14.272075202974593,14.329372287791875,44069208
2020-11-04,14.084562301635742,14.298122547836899,13.990803888105356,14.173111768259927,60219095
2020-11-05,14.329373359680176,14.506470942072427,14.157483407760617,14.162692353623678,46498086
2020-11-06,14.2929105758667,14.43354683806339,14.261656903920562,14.318953987098249,34735537
2020-11-09,14.740867614746094,14.996098081567961,14.662736053946002,14.709615253504143,93572376
2020-11-10,15.027353286743164,15.089859336446795,14.839837768413632,14.871090135570109,58510208
2020-11-11,14.96484661102295,15.105482902677515,14.808583480122094,15.089857378821735,52587691
2020-11-12,14.813790321350098,14.886712930022066,14.683569310251078,14.845042680010895,40346649
2020-11-13,15.058602333068848,15.100272585218287,14.829416603942134,14.881504747976528,36370545
2020-11-16,15.08985710144043,15.225285759580629,15.053395792593161,15.162779719134965,66132476
2020-11-17,15.121109962463379,15.173198111986867,14.938802096826437,14.990890246349926,37833830
2020-11-18,14.907549858093262,15.194032709785445,14.902340911558245,15.131527982146315,39135984
2020-11-19,14.730453491210938,14.850256651504944,14.641904015545334,14.850256651504944,54788444
2020-11-20,14.7512845993042,14.803372741762734,14.667944097526686,14.699196456845666,37358778
2020-11-23,14.907549858093262,14.949220114982861,14.766913563209949,14.78774803395948,36832091
2020-11-24,15.225282669067383,15.33466657340583,15.058600366843217,15.069018257367894,58266592
2020-11-25,15.100273132324219,15.256537570089103,15.053395247924234,15.251328623957896,32423701
2020-11-27,15.121109962463379,15.204450475544748,15.042978395873412,15.141945748428986,20720335
2020-11-30,14.975260734558105,15.115896990814315,14.949216009036455,15.037765445029715,57382822
2020-12-01,15.03777027130127,15.178407888084358,14.975265540769188,15.011726852811336,55682012
2020-12-02,15.152358055114746,15.209655134979641,14.996094965979774,15.011721801049333,39041053
2020-12-03,15.225282669067383,15.230491614329722,15.053392736971096,15.121106394601057,46284260
2020-12-04,15.386759757995605,15.501352645186577,15.266957923833594,15.298210290269195,49948562
2020-12-07,15.438848495483398,15.511771125051176,15.37634376025122,15.511771125051176,45853562
2020-12-08,16.04827308654785,16.110777806932695,15.345086432180869,15.360713269972273,97456992
2020-12-09,16.3868465423584,16.61082467449752,16.131616045271443,16.147241570050067,93587470
2020-12-10,15.985769271850586,16.204538454374305,15.876385338284013,16.18370266775749,62270236
2020-12-11,16.152442932128906,16.194113170955944,15.829498910066857,15.850333371785391,41708913
2020-12-14,15.912846565246582,16.287878883849103,15.83471499662821,16.26704309734257,56451785
2020-12-15,15.92846965789795,15.990974371931967,15.772205242032395,15.959722014914957,44250331
2020-12-16,15.777417182922363,15.933681628456169,15.751372450971479,15.902427950115106,45926250
2020-12-17,15.428430557250977,15.688870022555689,15.38676029541785,15.647199760722563,81662996
2020-12-18,15.313837051391602,15.459682304258267,15.240913109567627,15.376343099327775,98528240
2020-12-21,15.110692977905273,15.214869283215119,14.975265622549323,15.09506745288222,63319903
2020-12-22,14.792957305908203,15.110692528409453,14.751287048101947,15.10548358175985,84593405
2020-12-23,14.975260734558105,15.06901780026552,14.845041053120381,14.845041053120381,52034656
2020-12-24,14.944015502929688,14.980476823859805,14.845049436231065,14.964851295113139,25358704
2020-12-28,14.871086120605469,15.084646316732993,14.845042707571508,15.069019479678422,55104218
2020-12-29,14.865877151489258,15.042976042933965,14.85025162984964,14.944008705858318,48481570
2020-12-30,14.839831352233887,14.938797358005361,14.808578998589743,14.865874761038988,45476487
2020-12-31,14.98047161102295,15.001307395956056,14.787747177344023,14.818999539353221,51135925
2021-01-04,15.33466625213623,15.360710977902269,15.115897132652451,15.30862284176038,86700816
2021-01-05,15.2409086227417,15.496140370901056,15.204447320259009,15.365920681811296,83054520
2021-01-06,15.537810325622559,15.626359772644797,15.298206713321415,15.319042496333866,73455520
2021-01-07,15.579483032226562,15.673241439782107,15.459681207190279,15.63678012915285,71265359
2021-01-08,15.472039222717285,15.57333829571931,15.328089467419638,15.5360179389243,72471656
2021-01-11,15.392069816589355,15.472042217541526,15.290770723979515,15.322760761466022,40833484
2021-01-12,15.328086853027344,15.392064211940449,15.200130788819576,15.392064211940449,57515222
2021-01-13,15.253446578979492,15.354745646479609,15.178805869443467,15.34941397488679,51383116
2021-01-14,15.615994453430176,15.87190669316054,15.210799400666025,15.274778133789688,84548919
2021-01-15,15.552013397216797,15.615992120783606,15.365411591775983,15.434720641456579,53824704
2021-01-19,15.434721946716309,15.66397715151026,15.408064928365317,15.610661768426215,53971536
2021-01-20,15.440054893493652,15.466711914043897,15.322762118137549,15.461380240657414,43086270
2021-01-21,15.370738983154297,15.504026730953072,15.338750300669464,15.413391008594637,37102320
2021-01-22,15.424056053161621,15.488034771571229,15.232122590696465,15.360078681133846,45975370
2021-01-25,15.520026206970215,15.55734657166139,15.189473251378049,15.333423037132277,68733209
2021-01-26,15.861239433288574,15.909221784242444,15.4986965407006,15.514690208891324,66887024
2021-01-27,15.536019325256348,16.101159092256857,15.440051915573223,15.48270394805662,97381127
2021-01-28,15.35474681854248,15.845245832323801,15.344083474542888,15.477371235392356,69698670
2021-01-29,15.264113426208496,15.482705279785606,15.232124735689949,15.344085825695874,66272688
2021-02-01,15.274775505065918,15.450715307899822,15.104167374606606,15.429388618401452,56774709
2021-02-02,15.216127395629883,15.36541017257623,15.130823336341061,15.344083484563116,56673026
2021-02-03,15.2001371383667,15.301434890024442,15.1681470991654,15.2001371383667,53468813
2021-02-04,15.402730941772461,15.40273094177246,15.178807443560698,15.205464457907539,42001782
2021-02-05,15.424056053161621,15.498698115703135,15.38673569508178,15.450714413491388,36503739
2021-02-08,15.338753700256348,15.456046459617907,15.258781303128831,15.445384460681026,42459356
2021-02-09,15.258784294128418,15.344088380636522,15.226795598283442,15.28011098894657,43411312
2021-02-10,15.22146224975586,15.280109307670566,15.184141884312718,15.269445961434783,55965612
2021-02-11,15.296103477478027,15.301435150769096,15.173479030929832,15.200137397385184,44673216
2021-02-12,15.35474681854248,15.37607216015985,15.242785745692201,15.248116071310179,38015880
2021-02-16,15.445384979248047,15.557346069709181,15.317428870271595,15.354749233758639,51239727
2021-02-17,15.765277862548828,15.855913619178038,15.35475112097052,15.365414467958,67769867
2021-02-18,15.584001541137695,15.775936342165696,15.573338197440188,15.754609654770682,35751575
2021-02-19,15.461376190185547,15.63731732670103,15.450714192587913,15.61599063874213,39326772
2021-02-22,15.631987571716309,15.765275348659532,15.450716087362965,15.45604641362455,46173044
2021-02-23,15.557348251342773,15.893234262592108,15.520027882622228,15.8079301779788,62175305
2021-02-24,15.663976669311523,15.77593910497958,15.56800925199091,15.621324633433698,45852636
2021-02-25,15.264113426208496,15.599998042608291,15.242788081323473,15.546684007204723,77501929
2021-02-26,14.869583129882812,15.34941891754939,14.869583129882812,15.290771857525177,102619798
2021-03-01,14.976207733154297,15.168142524952374,14.938887378389497,15.013529434300814,58790102
2021-03-02,15.045519828796387,15.173475922421982,14.970879110776925,14.970879110776925,47299370
2021-03-03,15.31209945678711,15.4240605637685,15.024198505704806,15.024198505704806,75820581
2021-03-04,15.41872787475586,15.631989420188638,15.274778081885515,15.338755468409637,80437237
2021-03-05,15.7919340133667,15.85591274538363,15.450717699628722,15.466711372846364,77737336
2021-03-08,15.989197731018066,16.2024592540287,15.685303157406512,15.749280537204102,74116593
2021-03-09,15.802597045898438,16.06917262230709,15.786602026616366,15.941216507196788,63488580
2021-03-10,15.989197731018066,16.079833474382987,15.7652755553445,15.962540713832738,57977033
2021-03-11,15.749279022216797,15.99452786515274,15.727953679796304,15.946544161729296,48327854
2021-03-12,15.893230438232422,16.458370199402555,15.845246733885892,15.94121414257895,92827229
2021-03-15,15.9572114944458,16.031852231145894,15.823923695262947,16.005195209862205,56121050
2021-03-16,15.989197731018066,16.015856094585395,15.82925293514209,15.861242971422884,50311735
2021-03-17,16.07450294494629,16.117156329687678,15.893232791705861,16.058509272050365,52881354
2021-03-18,15.999858856201172,16.261104050998927,15.989195512253955,16.031847541661012,41438817
2021-03-19,15.866570472717285,16.026515240115152,15.791929760782514,15.999858227676095,97559734
2021-03-22,15.989197731018066,15.999861076444999,15.770607228057965,15.877236643181284,41525936
2021-03-23,15.994528770446777,16.13847988886478,15.893231032047693,15.967871754316901,48880756
2021-03-24,15.989197731018066,16.149143873276042,15.978535731973134,15.983867404686599,44403518
2021-03-25,16.037181854248047,16.0958289092325,15.893232072785715,15.99452981781809,49001902
2021-03-26,16.159805297851562,16.314418402635834,16.037179532781884,16.14381028161243,83378238
2021-03-29,16.293092727661133,16.34107642901589,16.111821266183576,16.207788668893084,49355145
2021-03-30,16.383729934692383,16.389061607143535,16.207790129332107,16.319751211660495,46516092
2021-03-31,16.13848114013672,16.341079325406916,16.101160776108536,16.341079325406916,59981040
2021-04-01,16.2451114654541,16.250443138225364,16.010524595428645,16.122485684479106,42999548
2021-04-05,16.37306785583496,16.44237691029538,16.31442080071935,16.325084146446194,50996905
2021-04-06,16.51702308654785,16.51702308654785,16.362408574251102,16.373071922626544,44574314
2021-04-07,16.490360260009766,16.607653021300656,16.42105120706106,16.533012295604816,53821262
2021-04-08,16.358659744262695,16.54405804501284,16.320489748878895,16.52224720923651,66037678
2021-04-09,16.380474090576172,16.46226714519954,16.30958576674445,16.385927144488903,44111311
2021-04-12,16.33685302734375,16.445909987788166,16.304136076913824,16.36411692319636,32913051
2021-04-13,16.156902313232422,16.282318395327387,16.091468434327883,16.282318395327387,54794270
2021-04-14,16.2114315032959,16.249601495589086,15.976957119742282,16.140543194436955,41425180
2021-04-15,16.222339630126953,16.27141435702326,16.18416825604407,16.23869741341449,35073819
2021-04-16,16.331396102905273,16.37501915215299,16.27141389380204,16.309583889764586,39935944
2021-04-19,16.353208541870117,16.402284649213193,16.255057704217755,16.358661595689767,39439974
2021-04-20,16.29867935180664,16.36956629127978,16.276867138409568,16.342302401567114,35799239
2021-04-21,16.41864013671875,16.48952706644447,16.309581838796962,16.336847101794152,45489198
2021-04-22,17.100255966186523,17.389259574738166,16.985744582785355,17.06753901822928,143684584
2021-04-23,17.122068405151367,17.29110896896027,17.122068405151367,17.165692842547735,53428961
2021-04-26,16.854875564575195,17.111162227460344,16.84397083318123,17.111162227460344,60190761
2021-04-27,16.778533935546875,16.83851614906013,16.702193938009106,16.81670393431576,44211273
2021-04-28,16.882139205932617,16.9857430948942,16.849422260841262,16.88759225962014,37193014
2021-04-29,17.08934783935547,17.192953102188977,16.96393173947127,16.974837846513473,50944740
2021-04-30,17.127517700195312,17.138423807150424,16.931214660171825,17.100253809841238,41484362
2021-05-03,17.176589965820312,17.36744128674833,17.160232186077003,17.32927129796941,49589228
2021-05-04,17.460142135620117,17.49285907535285,17.203856916485563,17.23112080342392,68700639
2021-05-05,17.465600967407227,17.547394032319396,17.34563789733831,17.454694858209873,41937965
2021-05-06,17.672807693481445,17.678260747319992,17.291106318087348,17.471051586624203,38556072
2021-05-07,17.53648567199707,17.645543995903015,17.48195788707791,17.558297887591785,38330065
2021-05-10,17.792774200439453,17.940002540161704,17.59101669300149,17.629186697292305,54262286
2021-05-11,17.59101676940918,17.81458511868414,17.49286454250135,17.71643289177631,44221335
2021-05-12,17.43288230895996,17.612826207917344,17.411070092702186,17.53103315101839,41682300
2021-05-13,17.563751220703125,17.640091222430584,17.263842890744822,17.356540677394545,35838562
2021-05-14,17.580110549926758,17.74915110722075,17.569204440997993,17.629186663072243,28044703
2021-05-17,17.1057071685791,18.47438230485922,17.034818849139537,18.272624830724,227010260
2021-05-18,16.113279342651367,16.358658455226152,15.75338887591486,16.293224576019618,327097378
2021-05-19,15.791563987731934,15.911527056523555,15.633430914189978,15.840640101563501,162369932
2021-05-20,16.1623592376709,16.195076184960506,15.764297308006267,15.818826471511517,108488825
2021-05-21,16.36411476135254,16.489530868960337,16.282321707566314,16.36411476135254,98754380
2021-05-24,16.222339630126953,16.44590655898164,16.21143352324613,16.38592572520451,63020282
2021-05-25,16.096925735473633,16.22234185066918,15.938791295157076,16.200529633921843,77290883
2021-05-26,16.113279342651367,16.16235544057303,16.02058019958084,16.0860154558209,43765747
2021-05-27,16.200531005859375,16.304136290115252,16.124190994846625,16.167814055001624,62823932
2021-05-28,16.047849655151367,16.200529664535722,16.015131329968533,16.200529664535722,54191320
2021-06-01,15.987866401672363,16.102376401302337,15.93333724026265,16.06420640142568,52162290
2021-06-02,16.14600372314453,16.162362889002054,15.895171442200828,15.976964517420114,53003692
2021-06-03,15.938785552978516,16.12418382040295,15.91697334408934,16.064201622991106,60788150
2021-06-04,15.960600852966309,15.998772229208353,15.916977800009178,15.944243068753496,45228105
2021-06-07,15.856993675231934,15.993317248460645,15.818823680622684,15.976958089185134,43812219
2021-06-08,15.802468299865723,15.835185246355097,15.666146082953874,15.829732192434566,81796720
2021-06-09,15.818825721740723,15.911524882195797,15.74793877646745,15.78610877600181,38698004
2021-06-10,15.911524772644043,15.971506986947222,15.813372559069302,15.818825612827208,46019327
2021-06-11,15.987866401672363,16.004224186171616,15.88426113269729,15.93333724026265,41163954
2021-06-14,15.862445831298828,15.966051080117614,15.791558899180837,15.938787193233816,36006312
2021-06-15,15.96605110168457,15.976957207266233,15.835181965805209,15.846088071386871,34705350
2021-06-16,15.846091270446777,15.998772648313274,15.807919893204796,15.966054324963004,40251454
2021-06-17,15.671598434448242,15.895166750000278,15.65523927341989,15.835184536596742,47283350
2021-06-18,15.622522354125977,15.687956244279636,15.491653196784894,15.611616246755778,86995009
2021-06-21,15.775199890136719,15.786105995806873,15.633426024558899,15.660689911700738,44495668
2021-06-22,15.693408012390137,15.813371052533874,15.687954959151742,15.780654110137155,41524215
2021-06-23,15.622522354125977,15.769749295488593,15.617069300440876,15.704315405334931,31479689
2021-06-24,15.698862075805664,15.726125966718344,15.600709865266042,15.655239024125136,47503266
2021-06-25,15.753392219543457,15.786109166090835,15.627976110250328,15.649786948937306,37039297
2021-06-28,15.693408012390137,15.76429495042197,15.6770502297086,15.76429495042197,35873515
2021-06-29,15.627974510192871,15.835183653156415,15.622521456820978,15.704314503332016,42715947
2021-06-30,15.693408012390137,15.737031061263645,15.622521074358302,15.627974127596696,43623814
2021-07-01,15.873355865478516,15.933338083908545,15.737033643253083,15.75339280565233,34947642
2021-07-02,15.938785552978516,16.004219425579265,15.867897251122086,15.87335030334438,37964376
2021-07-06,15.824277877807617,15.993318404775346,15.78610788043868,15.966053137344886,53233538
2021-07-07,15.775199890136719,15.851541252794249,15.737029897324724,15.829729041453943,44484282
2021-07-08,15.740839004516602,15.846968574545906,15.690565098382061,15.791111500047716,52985421
2021-07-09,15.89165210723877,15.941924593364092,15.774350580015126,15.779936568540514,45214865
