Date,Close,High,Low,Open,Volume
2016-07-01,34.80621337890625,35.04308138396679,34.35277702136053,34.37308183727117,5896200
2016-07-05,33.73015213012695,34.833285834610734,33.38500122886776,34.79944533425764,7937300
2016-07-06,32.931575775146484,33.66248745307914,32.06531237759837,33.54743539340371,11096200
2016-07-07,31.970550537109375,33.9061066091388,31.92317435888304,33.12782425019359,10444200
2016-07-08,32.30216979980469,32.769139274251515,31.726917436428106,32.22772482960279,9573700
2016-07-11,32.8165168762207,32.91126408541906,32.28863551092326,32.572879720186165,6178200
2016-07-12,33.33086013793945,33.378233742769595,32.86389064104184,33.14813227002269,7872400
2016-07-13,33.52711868286133,33.628632428763744,32.64055084464247,33.357926524689844,8156300
2016-07-14,34.1091423034668,34.14974677176,33.44590672911152,33.81136243375603,5975100
2016-07-15,33.79783248901367,34.41369198548177,33.716620956970644,34.26480460701422,5729900
2016-07-18,34.12944412231445,34.447526222301285,33.43237322064213,33.736917055805804,5078600
2016-07-19,34.413700103759766,34.54905441020727,34.01440631965738,34.210669934922834,4880900
2016-07-20,34.366310119628906,34.61671637090548,34.17681572983469,34.55580709109056,4509000
2016-07-21,33.88581466674805,34.50844332464228,33.83844105580337,34.44753402747511,4521300
2016-07-22,33.75721740722656,34.02792328953623,33.38499520550873,33.87903595784945,6151300
2016-07-25,34.034706115722656,34.0414726682945,33.33763244408153,33.74369530343591,7659200
2016-07-26,35.64541244506836,35.71985742819924,33.80460301356622,34.22419895833245,12769500
2016-07-27,35.334102630615234,36.322184576525544,34.948344575271236,35.665720517987864,9149300
2016-07-28,35.1039924621582,35.59126676223093,34.27833638685113,35.45591250313653,5808300
2016-07-29,35.38147735595703,35.42208441946108,34.62349690889418,34.968647912838904,5116400
2016-08-01,34.94157791137695,35.618346789713385,34.77915224464212,35.27996235054517,6897300
2016-08-02,35.42884826660156,35.76046613905216,35.0227879892486,35.286727427694856,6961900
2016-08-03,37.02602005004883,37.14783863933747,35.19197724039036,35.30702669601404,11362100
2016-08-04,36.09207534790039,36.985409808974026,35.929649726947154,36.68762993417104,8840400
2016-08-05,36.20712661743164,36.66056042185127,35.895813624994176,36.05147012121291,8010300
2016-08-08,36.674095153808594,36.96510590316873,36.484600742752775,36.54551002940182,6624400
2016-08-09,35.92131805419922,36.74253105979071,35.64757864528707,36.62619350787516,6853600
2016-08-10,36.215576171875,36.961513150696874,35.94868174459805,35.989743429783694,7119200
2016-08-11,37.19419479370117,37.52268308920535,36.236112198625854,36.27717127763475,7812100
2016-08-12,37.180519104003906,37.3173862143343,36.797284407589565,37.228423114734106,4847100
2016-08-15,37.31053924560547,37.440564028417576,36.85887105040727,37.214731236104704,4942600
2016-08-16,37.296852111816406,37.52952982574422,37.098391171289535,37.27632256989034,4319900
2016-08-17,37.755367279052734,37.837490678038996,37.20104869404583,37.24895270483476,5803400
2016-08-18,37.68008804321289,37.76905113496721,37.30369569128093,37.71430481777782,5096400
2016-08-19,37.51585388183594,37.769061213873464,37.19421037183337,37.406358607665126,3976600
2016-08-22,37.24895095825195,37.34475897533741,36.85887396836249,37.34475897533741,5185800
2016-08-23,37.78273010253906,37.87853809459343,37.132601085720395,37.31053245145451,4353800
2016-08-24,38.11806869506836,38.28231025579601,37.61849648111522,37.85801651158161,5688200
2016-08-25,37.6527214050293,38.20019774357277,37.33792283668844,38.008581677725836,5914400
2016-08-26,37.83064651489258,38.04963702876904,37.41319503201156,37.68009216821054,4064600
2016-08-29,38.07017135620117,38.282316960175145,37.8101191271715,37.8580231416542,3559300
2016-08-30,38.186492919921875,38.24808414279965,37.72113759386134,38.070155393692694,4046800
2016-08-31,37.87854766845703,38.32337358465079,37.68693163591703,38.07700862248641,5006200
2016-09-01,37.15314865112305,37.91277320414887,36.86572194512024,37.89224104692312,5281500
2016-09-02,37.522682189941406,37.59111572703094,37.064169137610776,37.48846281082454,4872900
2016-09-06,37.82379913330078,38.06331915994225,37.47478125382606,37.727991122644184,3554000
2016-09-07,38.38496780395508,38.4534013607235,37.66640501559525,37.75536811727963,4613600
2016-09-08,38.426025390625,38.7545111269782,37.99488671953593,38.32337245588913,4467100
2016-09-09,37.58427429199219,38.337056322639555,37.543215210160085,38.28915232012054,5773700
2016-09-12,38.24126052856445,38.46025107017016,37.12577566249132,37.44057423972788,5791400
2016-09-13,37.87854766845703,38.17966156024578,37.673244403510935,38.00173014953922,4689500
2016-09-14,37.344764709472656,38.289163013958486,37.29686069357446,37.960677214696695,5416800
2016-09-15,38.45338821411133,38.905056321854055,37.331061559148914,37.40634001220136,6651900
2016-09-16,38.82293701171875,39.1308931445549,38.34389442848163,38.34389442848163,7316500
2016-09-19,39.10352325439453,39.7468100538231,38.65185507699074,38.91190724294213,5976500
2016-09-20,37.946983337402344,39.18564783247304,37.93329610517411,39.17880552164523,6201100
2016-09-21,38.10438919067383,38.41234544270623,37.645875968631564,38.24125892608524,6032900
2016-09-22,38.04963302612305,38.624483717220336,38.00857394069847,38.384963683668374,4741800
2016-09-23,38.0975341796875,38.343899116074866,37.57743245553713,37.899075856995346,5392000
2016-09-26,37.15314865112305,38.22072684623127,37.09839971261849,38.097544345169084,4827200
2016-09-27,37.6527214050293,37.83065023609102,36.71516801211278,37.0368088925597,5952000
2016-09-28,37.71430206298828,38.07016223572991,37.00258171750501,37.810110069000956,6715600
2016-09-29,35.387542724609375,37.70747601336486,35.017995135982744,37.55007669463286,13909600
2016-09-30,36.27033233642578,36.4551060408423,35.27803026925814,35.49702074621718,8318600
2016-10-03,36.201900482177734,36.44142051173477,35.935003378506636,36.297708494000545,5172200
2016-10-04,36.71516799926758,37.194208163717335,36.38667958568331,36.38667958568331,5804000
2016-10-05,37.50215530395508,37.905919494826534,36.82465431573316,37.009428024495264,6393900
2016-10-06,37.570587158203125,37.769045465116406,37.071012404375004,37.502151008774256,4045600
2016-10-07,37.13945388793945,37.75536365782596,36.78359369151562,37.515843626854405,5564700
2016-10-10,37.46109390258789,37.63218036931212,37.26263297465044,37.413187290178584,4118400
2016-10-11,37.084693908691406,37.81694362580787,36.95466916070956,37.673231650053445,4419700
2016-10-12,36.810970306396484,36.995744031332094,36.02397139766029,36.96836956602918,5334200
2016-10-13,36.85202407836914,37.12576347076964,36.270331132733475,36.66040807003218,3862400
2016-10-14,36.810970306396484,37.207889610997924,36.680942901494,36.94099510072627,3071900
2016-10-17,37.05733108520508,38.042788229591174,36.68093875625709,36.899929232787336,5476200
2016-10-18,37.953826904296875,38.05647984411963,37.064177664599576,37.19420245921206,6109400
2016-10-19,37.32422637939453,38.015414596536296,36.886245416781236,37.91276427687082,7486700
2016-10-20,37.481624603271484,37.61164938220015,37.15998120049191,37.522686296362195,3650900
2016-10-21,38.15913391113281,38.26178686101063,37.098398074878205,37.2968590523364,5287900
2016-10-24,38.4328727722168,38.62448882439506,38.06332529109622,38.35075197993653,5358700
2016-10-25,40.32850646972656,40.7185834468421,38.69292009014166,39.206179545353955,10808900
2016-10-26,40.732269287109375,41.30711996172761,40.000019364873026,40.18479307570451,7770800
2016-10-27,40.246376037597656,41.06074657145902,40.19847204211005,40.60907846359585,6598100
2016-10-28,40.1026611328125,40.83491089887177,39.945261918765105,40.219001271369585,4742100
2016-10-31,40.5406608581543,40.84177217817552,40.061618104495956,40.10267719643299,4969500
2016-11-01,40.711734771728516,42.16938951704769,40.44483770386049,41.31395722542143,7816800
2016-11-02,39.98633575439453,40.96495071302873,39.698909085770055,40.506437549686,7317600
2016-11-03,39.59626007080078,40.32166516173994,39.281461536598016,40.01371154947405,3855900
2016-11-04,39.60309982299805,40.26007392612433,39.39779655789662,39.52097903907201,3729900
2016-11-07,40.047935485839844,40.17796030958077,39.685232875538695,39.96581468192838,4075100
2016-11-08,39.78786849975586,40.11635420438148,39.39779156235216,39.8015557304368,3802900
2016-11-09,42.44997787475586,42.90849101261461,40.01370799614145,40.19163679210721,10909100
2016-11-10,43.08641815185547,43.93500562394388,42.45682116356874,42.51841240029874,8019800
2016-11-11,42.73740005493164,43.230127305581185,42.025679724405016,42.990607295582954,4273700
2016-11-14,42.826358795166016,43.17537398314696,42.443124230822406,42.805826647234035,4614100
2016-11-15,43.21644973754883,43.325944990068606,42.18308584448141,42.95639753384956,4652200
2016-11-16,43.5449333190918,43.873419060236145,43.21644757794745,43.38753406462092,4684100
2016-11-17,44.25665283203125,44.33193130677193,43.6954893428751,43.93500938925661,5854900
2016-11-18,43.78693771362305,44.1944830706374,43.47609758793075,44.159945864453796,4737700
2016-11-21,44.581302642822266,44.71254770360703,43.61424514607214,44.10468028105813,4922800
2016-11-22,45.07172775268555,45.707220580328034,44.588201746878916,44.87140833026902,4427400
2016-11-23,44.70564651489258,45.189172712967,44.24284211530129,44.78853370882516,4277500
2016-11-25,44.80235290527344,44.81616568127022,44.40171389084102,44.532958977992436,1735400
2016-11-28,44.0632438659668,44.91286921349455,43.938907806567585,44.80926022236208,4666400
2016-11-29,44.0494384765625,44.429353128924795,43.5797249530896,43.71787645440882,4427900
2016-11-30,42.52285385131836,43.87673222621244,41.68703878807507,43.15144042787772,14238400
2016-12-01,41.811378479003906,42.97184651173369,41.728488658100325,42.48141133844262,10720500
2016-12-02,42.45378494262695,42.61956723672518,41.72849300536507,41.90118168733314,5295700
2016-12-05,44.56748962402344,44.61584224081017,42.59193345311714,42.736991303477325,8277900
2016-12-06,44.70564651489258,44.82998257583176,44.09778162085882,44.36717817624048,5149300
2016-12-07,46.6535758972168,46.70192851834496,44.602033470704264,44.809262001276615,6398000
2016-12-08,47.22690200805664,47.85548606156383,46.86770660316087,46.902246447107096,5556100
2016-12-09,46.971317291259766,47.02657892935317,46.43252949494876,46.909151900934596,5124500
2016-12-12,46.15622329711914,47.77949559306057,45.80393696683823,47.68279036828377,6769800
2016-12-13,46.41870880126953,46.998945428056174,45.838477444522454,45.838477444522454,4336400
2016-12-14,45.92826843261719,46.84697324650074,45.831563217475654,46.460152385934606,4534300
2016-12-15,46.722652435302734,46.998955398577024,45.67961125221162,45.93519241549746,5106900
2016-12-16,46.971317291259766,47.289063805237035,46.63975273273922,46.95059549448471,8009900
2016-12-19,46.59140396118164,47.01967378668233,46.21840104837432,46.971321166870986,3612300
2016-12-20,46.674293518066406,47.16472870847493,46.41871238924507,46.41871238924507,2765100
2016-12-21,46.9229736328125,47.1854585588035,46.00426848678269,46.632857882500204,3206400
2016-12-22,47.46866226196289,47.827852375301205,47.15091574284516,47.178546562338866,3212400
2016-12-23,47.63443374633789,47.80021336485251,47.143998641954475,47.31668728166859,1696600
2016-12-27,47.9729118347168,48.24921476888455,47.75877956400585,47.82095022746266,2153900
2016-12-28,47.43411636352539,47.89001692190063,47.29596755373614,47.758771863573344,2471100
2016-12-29,47.40647506713867,48.11104754340212,47.143990278552394,47.43410587699588,1913000
2016-12-30,47.192359924316406,47.7795003532541,47.05421109516872,47.358139573301635,2552900
2017-01-03,48.64293670654297,49.31987851999139,47.551543195287415,48.04198358923637,4425000
2017-01-04,46.89533233642578,48.29065966783977,46.54995501459614,48.03507855247154,7431000
2017-01-05,46.750282287597656,47.2407175339535,45.96282228414849,47.2407175339535,6450600
2017-01-06,46.04570770263672,46.88842395253721,46.024980636211495,46.76408790418471,3771700
2017-01-09,45.84538650512695,46.00425711816304,45.20988824286388,45.741772257037574,5132600
2017-01-10,45.95589828491211,46.736454280835936,45.60361199710612,45.81084046523643,5433400
2017-01-11,46.33582305908203,46.446341062356716,45.77630821049734,46.128594556637374,3391000
2017-01-12,45.94899368286133,46.23911462015236,45.1546301087255,45.75558323802689,4530100
2017-01-13,45.85921096801758,46.170048521476275,45.54837341455889,45.73487489262592,3366700
2017-01-17,45.72104263305664,47.10255165093379,45.437830754773266,46.23219949406036,4942200
2017-01-18,46.10786437988281,46.5292250602384,45.700321741199836,45.72794728446752,4251400
2017-01-19,45.63815689086914,46.121683010054355,45.265148768909356,46.05951762474744,3642200
2017-01-20,45.75559616088867,46.03189913299165,45.36877516196901,45.83157960996801,2911200
2017-01-23,45.76250457763672,45.949006051059705,45.368774560374156,45.949006051059705,4049600
2017-01-24,46.87460708618164,46.98512508060252,45.707230138007525,45.90064058077356,3893700
2017-01-25,47.19926834106445,47.247620957649616,46.487791867008404,47.13019392737706,4606200
2017-01-26,46.5361442565918,47.30978611818071,46.418711956852114,47.23380268248324,4006300
2017-01-27,46.49470138549805,47.34433206233776,46.08024958193453,46.70883894553767,4628200
2017-01-30,47.130184173583984,47.178536780162375,46.01115993129125,46.53613485274154,8413900
2017-01-31,45.42402648925781,46.85388837970697,44.519134329477,46.83316658376475,11657700
2017-02-01,45.154632568359375,46.10096304928142,44.76780638758018,45.955905207754085,5204500
2017-02-02,45.18916320800781,45.64506375890544,44.63656270787521,44.912860322921915,6193200
2017-02-03,45.251346588134766,45.38258641118364,44.781633132385565,45.23062478818182,4416400
2017-02-06,44.975040435791016,45.672704181627,44.836891599208194,45.25134337899698,4297800
2017-02-07,45.20298767089844,45.76249727188531,44.79543967175446,45.00957720488026,4968500
2017-02-08,46.33582305908203,46.377266651555075,44.89905212623304,45.08555356240145,4428100
2017-02-09,46.708839416503906,46.89534088547377,46.4187184080476,46.46707103111687,2805900
2017-02-10,46.605224609375,46.97132378982449,46.45325771861319,46.88152756802914,2653900
2017-02-13,46.79368209838867,47.065900284673745,46.5214639121036,46.59126249122716,3367500
2017-02-14,47.198524475097656,47.24738401628686,46.70294760723849,46.92630627057348,2512300
2017-02-15,47.29623031616211,47.43582744468012,46.89837264206776,47.23340788062663,2572700
2017-02-16,46.48655700683594,47.19153482903736,46.34695986346264,47.163614335304764,5266500
2017-02-17,45.71177291870117,46.42373207582055,45.446536260820906,46.291111084236036,4808800
2017-02-21,46.25621795654297,46.395820428311595,45.739702124223534,46.053803691735595,4499600
2017-02-22,46.074737548828125,46.45165619227404,45.88627556446058,46.15849369717887,4240400
2017-02-23,46.78669738769531,47.03797651528954,46.44468064608255,46.47260114084746,4208200
2017-02-24,46.5703239440918,46.69596351796324,45.94910753030806,46.451665825793846,3670700
2017-02-27,46.93327331542969,47.0798519106211,46.30507553225964,46.528439477644156,3129100
2017-02-28,47.42885208129883,48.447931486445164,46.91931770401544,46.96119578289085,9074700
2017-03-01,47.79878234863281,48.74805228592541,47.59636281062629,47.819721382687206,4921900
2017-03-02,46.381858825683594,47.72899209580118,46.01890303943546,47.61731544052866,7343000
2017-03-03,46.12360763549805,46.9053602672686,46.0677666402886,46.68898306744502,4046600
2017-03-06,46.3748779296875,46.514475065753544,45.669900144388365,45.99097781757178,3315300
2017-03-07,45.802520751953125,46.751796179734804,45.66291829181503,46.374877525295965,5504100
2017-03-08,46.67502212524414,47.10080036384347,45.94910521558776,46.06776332790822,7446400
2017-03-09,46.40279769897461,46.59823581653779,45.77459994588633,46.59823581653779,4720300
2017-03-10,46.46562576293945,47.02402508068916,46.242267100897685,46.535424346335525,4471600
2017-03-13,47.226444244384766,47.379998996257704,46.42374722985161,46.42374722985161,4970700
2017-03-14,47.0728759765625,47.254351195005874,46.64709777316379,46.98911449669585,2954600
2017-03-15,47.97329330444336,48.16174998298844,46.856494841707494,47.275296927878316,4751200
2017-03-16,47.84765625,48.30134965830081,47.791815258880206,48.11289296988401,3654200
2017-03-17,48.09196090698242,48.14780190620394,47.64524356379188,47.98726036476478,9529900
2017-03-20,47.83367919921875,48.24549973037438,47.589381591900214,47.98025776360987,3175100
2017-03-21,46.87045669555664,47.95234785968701,46.57729950207277,47.8825492886608,4068000
2017-03-22,47.16360092163086,47.37300190242531,46.626146214681064,46.87742526151914,3123500
2017-03-23,46.83556365966797,47.42188348349525,46.77972266210525,47.20550094926237,3298800
2017-03-24,45.9141960144043,46.793672848320895,45.858355032027866,46.65407039237982,4372000
2017-03-27,46.22830581665039,46.43770155008958,45.68386412901217,45.746686576747024,2799300
2017-03-28,46.27018737792969,46.51448508129236,45.82347005598351,46.4307235864435,3443400
2017-03-29,46.86348342895508,47.04496400556361,46.14454790372085,46.2073650310331,3326900
2017-03-30,46.22830581665039,46.98213791243765,46.20736145054535,46.96119887162275,7512800
2017-03-31,46.27018737792969,46.53542412368194,46.109645844125346,46.22830929315053,3622100
2017-04-03,46.22830581665039,46.47957963171938,45.83044806529678,46.47957963171938,3319400
2017-04-04,45.93513870239258,46.27716075266518,45.62802392549114,45.893260624926384,3101500
2017-04-05,45.43258285522461,46.55635747870203,45.36976573572967,46.15152361628045,3236700
2017-04-06,45.41862106323242,45.78157681236953,45.167341957949276,45.44654155551826,3378100
2017-04-07,45.76762008666992,46.13755729713437,45.369762383396335,45.418621914489954,3854600
2017-04-10,45.61405944824219,46.24225721508997,45.579162826649736,45.78855853207271,3409400
2017-04-11,45.809486389160156,45.83043074735095,45.21619071400257,45.55820734375184,3927500
2017-04-12,45.46050262451172,46.24226049258503,45.418624545516835,45.997962822965185,4156200
2017-04-13,45.14640426635742,45.80949867072952,45.07660569620607,45.48842098780169,3105200
2017-04-17,45.502403259277344,45.502403259277344,45.12548442972538,45.188301572004804,2909800
2017-04-18,44.77646255493164,45.43955689270972,44.37860488720698,45.32089880284021,4605800
2017-04-19,44.315799713134766,44.93003738916189,44.15525817226606,44.82533684731628,4988300
2017-04-20,44.74156188964844,45.167340059858326,44.364645910207756,44.44840472090073,2777800
2017-04-21,45.53030776977539,45.80950207110497,44.81136700051088,45.08358517201018,5113200
2017-04-24,46.64012145996094,46.912339642923946,45.85836353756271,45.85836353756271,7075000
2017-04-25,45.949092864990234,47.24736627220234,45.3767361723163,46.870447670887025,7379700
2017-04-26,45.299964904785156,45.89326074671904,45.237142463129544,45.655944540061334,6540500
2017-04-27,45.59312057495117,45.71177867431517,44.56706510627435,45.14640334475424,4222800
2017-04-28,45.09754180908203,45.816477153051096,44.95794467783551,45.80251957004212,4079200
2017-05-01,44.92304229736328,45.27902190147071,44.643842712284695,45.244119956352456,5432900
2017-05-02,45.0137825012207,45.251104026106724,44.783447756109176,45.223183533456044,4476300
2017-05-03,45.299964904785156,45.48144544976963,44.72062664694718,44.86720524375746,2993300
2017-05-04,44.930015563964844,45.3278731694823,44.64383457695479,45.04169218247225,3068300
2017-05-05,45.60707473754883,45.732714281947956,44.88813941554398,45.08357752343395,4668900
2017-05-08,46.144535064697266,46.25621170172132,45.593117357676604,45.634995430899494,3472900
2017-05-09,46.50748825073242,46.8774307367163,46.18641061455764,46.28412966359828,3836300
2017-05-10,46.54240417480469,46.78670187079382,46.00494924362861,46.591263714002515,3409900
2017-05-11,46.31205749511719,46.7168966626351,46.14453985952997,46.6750185850607,2847500
2017-05-12,46.36091232299805,46.59823383084699,46.179437121730764,46.26319326838056,3549600
2017-05-15,46.24100112915039,46.66425862461405,45.96588348799846,46.66425862461405,3295000
2017-05-16,45.52851104736328,46.09990835556971,45.11935983264256,45.937662262084,6322500
2017-05-17,45.0064811706543,45.7048587950062,44.78074354664261,45.52850110805928,4529800
2017-05-18,44.823081970214844,45.19695950226147,44.46331068869356,44.78781096189062,3385900
2017-05-19,45.055877685546875,45.2604560145236,44.56207544220529,44.92889988894459,3396100
2017-05-22,45.034706115722656,45.35215054025886,44.83718633645798,45.330988475624835,2742500
2017-05-23,45.23222351074219,45.40152539082832,44.64671467218257,44.942994307835725,2945600
2017-05-24,45.0135498046875,45.5778940254386,44.80191836727601,45.26750268577136,2998700
2017-05-25,44.576171875,45.28160537536978,44.47741199224973,44.8865631533637,3786200
2017-05-26,44.05415725708008,44.794859113672054,43.82841959966167,44.576174580733216,3718700
2017-05-30,43.80020523071289,44.29400740502527,42.81260088208814,43.461598717442925,6566600
2017-05-31,43.36283874511719,43.85663822756257,42.96779646815553,43.61679430237787,4655900
2017-06-01,43.82135772705078,44.047095353267025,43.08065597284094,43.29228466104307,3541400
2017-06-02,43.807247161865234,44.24461615104279,43.73670516541965,44.04004059394406,2788900
2017-06-05,44.018890380859375,44.20935436072661,43.58857709011071,43.673228046830076,3897100
2017-06-06,43.941280364990234,44.131746983049176,43.637944938933906,43.835464680178156,2579800
2017-06-07,43.948341369628906,44.07531913777303,43.44748611250771,43.60973488491295,4378200
2017-06-08,44.569129943847656,45.25339886189745,43.85664314049555,43.94834992222522,5021300
2017-06-09,46.03641891479492,46.38913434084328,44.364545857801986,44.449196806572154,6201200
2017-06-12,46.502010345458984,47.14395514044157,46.03642868293209,46.03642868293209,6725900
2017-06-13,46.93231201171875,47.24975911275373,46.233937000657946,46.43851258612224,4336400
2017-06-14,45.67664337158203,46.93230930893793,45.23222391413881,46.85471149195438,6431000
2017-06-15,45.63432693481445,45.85300879296827,45.25339360053928,45.4720754586931,3974100
2017-06-16,46.4173583984375,46.58666031851016,45.59905591773279,45.85301148884729,6522500
2017-06-19,46.98875045776367,47.22859436905787,46.382079481888404,46.38913529751776,4078300
2017-06-20,46.311546325683594,46.81945750789426,45.95883082492745,46.52317239693042,3634100
2017-06-21,45.62727355957031,46.19867090054379,44.985331509769225,45.97293321430641,5566100
2017-06-22,45.72602462768555,46.318589303345384,45.69075093458308,46.318589303345384,3801400
2017-06-23,46.54433059692383,46.614872606652156,45.55672631469613,45.65548620471786,4915200
2017-06-26,46.586669921875,46.89706132433472,46.389150077405034,46.68542984410998,3376800
2017-06-27,47.12983322143555,47.85642613358122,46.5372738926213,46.62897796531581,5447300
2017-06-28,47.59542465209961,48.068062073029374,47.24270919492621,47.36263115868259,3336400
2017-06-29,47.32735824584961,48.24442060252903,47.10162056479156,47.82116312329654,3282900
2017-06-30,47.58837127685547,47.80705314927597,47.17216959940856,47.65186286104883,2972000
2017-07-03,47.983402252197266,48.2796872884308,47.729452107155765,47.83526242508553,2160000
2017-07-05,47.313255310058594,48.1456640764036,47.235657472195065,47.96930633253399,3938100
2017-07-06,46.88292694091797,47.39083794140853,46.68540719228486,47.256804376831994,3332100
2017-07-07,48.096275329589844,48.265577225786764,46.73479358056615,46.86882716364426,5083600
2017-07-10,48.03277587890625,48.31494924764045,47.92696557488912,48.00456338584125,3718200
2017-07-11,47.9199333190918,48.28675511137722,47.778849256369405,47.99047535045299,2188200
2017-07-12,47.99046325683594,48.357290338692785,47.57426160927947,48.307910390982514,4206100
2017-07-13,47.81410217285156,48.23735960663517,47.29208485058546,47.87759374802476,2883700
2017-07-14,47.99752426147461,48.20209989039259,47.55310468403909,47.85643483704261,2194700
2017-07-17,47.56721115112305,47.969306594057485,47.48961331283646,47.84232880249865,2868800
2017-07-18,47.62364196777344,47.7999996942614,47.40495472716108,47.77178181218204,2816000
2017-07-19,47.99046325683594,48.45605023411332,47.644803622864046,47.68712775461266,3481900
2017-07-20,47.630699157714844,48.2726439565495,47.47550885728225,48.244426070467725,2914800
2017-07-21,47.81410217285156,47.87759374802476,47.27092278619782,47.63068864480824,2725700
2017-07-24,47.74357223510742,48.03279615821269,47.64481232165571,47.708298530869676,2318800
2017-07-25,48.279685974121094,48.47720573822636,47.92697057193028,47.95518844994674,3131100
2017-07-26,47.962249755859375,48.343183122423234,47.82822153240977,48.329076871222114,3356800
2017-07-27,47.68007278442383,48.55481099082322,46.98875350421709,47.969302041864935,4377800
2017-07-28,47.045196533203125,47.67302971160537,46.52317370238766,47.595431868700686,7105600
2017-07-31,48.653568267822266,48.98512163990739,47.179214941701055,47.320304345785395,7354800
2017-08-01,48.54775619506836,49.203807172650805,48.48426999498499,48.92163372536605,5330100
2017-08-02,48.32200622558594,48.79464353494224,48.18092222882598,48.399604038406764,3724900
2017-08-03,48.32200622558594,48.420766099719806,48.01161497430264,48.1244864773182,3342700
2017-08-04,48.34316635131836,48.62533971555001,48.18092029974142,48.32200429085261,3201800
2017-08-07,48.4643440246582,48.84207995366545,48.28616628927343,48.428706302560066,2671900
2017-08-08,48.314666748046875,48.42157445768932,48.00107224977626,48.22913949282253,3114700
2017-08-09,47.70173645019531,48.41444728588474,47.47366920027678,48.21488912190004,3498100
2017-08-10,47.18144989013672,47.7444920400972,46.860732224835274,47.60908069394071,3425100
2017-08-11,47.14583206176758,47.324009805434464,46.93201659434604,47.14583206176758,2330000
2017-08-14,47.601966857910156,47.75876414302855,47.316881379290635,47.37389956252519,3034300
2017-08-15,47.8585319519043,47.9796914845232,47.47366746221604,47.50930517771664,4079300
2017-08-16,47.03178787231445,48.10798278755818,46.93913741853873,47.936933704605956,2807500
2017-08-17,46.0054931640625,46.83223502355726,45.94847498408274,46.80372593356738,3358400
2017-08-18,46.14802169799805,46.65404568496025,45.77028586530454,45.93420629503302,3082600
2017-08-21,46.11240768432617,46.290585465853795,45.934229902798556,46.0839040243296,2463900
2017-08-22,46.73958206176758,46.83936115262408,45.96985298582943,46.254938432942,2865800
2017-08-23,46.832218170166016,47.038904920048104,46.3974642199918,46.48299145918296,2808700
2017-08-24,48.065223693847656,48.46434004834665,46.825102842278625,46.825102842278625,5492000
2017-08-25,48.22914123535156,49.04163115790635,48.15074260795135,48.314668493666034,3915900
2017-08-28,48.76366424560547,49.7400798512435,48.63537610353296,49.10576777031584,6445800
2017-08-29,48.40731430053711,49.14140552525375,48.307535227520376,48.628258337261286,3557700
2017-08-30,48.75655746459961,49.08440384078942,48.52136155204402,48.83495066456525,3248100
2017-08-31,48.53559875488281,48.977481357075035,47.972556635776215,48.92759182437198,4434400
2017-09-01,49.31958770751953,49.5405317643554,48.336048710733316,48.54273550581091,3954400
2017-09-05,48.40019607543945,48.97036148868977,47.92267567693264,48.88483422980372,4581400
2017-09-06,48.54274368286133,49.01313008662996,48.257658212746946,48.62827095516157,4428800
2017-09-07,49.077266693115234,49.248315764587716,48.542733586905776,48.699530834735526,3675900
2017-09-08,49.561912536621094,50.089317036456855,48.98461849541644,49.07726894722947,3771300
2017-09-11,49.75434112548828,49.86837746790808,49.03450710478363,49.725832039883336,3287700
2017-09-12,50.0394287109375,50.360151859717995,49.76147191119246,49.88976008319419,2629200
2017-09-13,50.60246658325195,50.723626113720535,50.067933485541545,50.28174889964645,4122500
2017-09-14,49.84699630737305,50.64522894280215,49.55478226222346,50.531198039548855,4494000
2017-09-15,50.69511795043945,50.965951538233476,49.875504869099714,49.875504869099714,6859900
2017-09-18,51.457725524902344,51.6287800583334,50.7022537003497,50.76640050977453,3823700
2017-09-19,51.82120132446289,52.170428091987084,51.00158282155554,51.45771729598971,3870200
2017-09-20,52.15618896484375,52.29872898372065,51.678673920297626,52.04928123190948,3255600
2017-09-21,52.28448486328125,52.64796903381192,51.91387205949006,52.09204982812514,3106100
2017-09-22,52.94728469848633,52.997174235772505,52.13479484122479,52.20606483198336,3263900
2017-09-25,53.53884506225586,53.63862415380467,52.990054621184726,53.18961280428235,3461000
2017-09-26,53.424800872802734,53.98784305685904,53.31789316537779,53.467561780751964,3287900
2017-09-27,53.78828430175781,54.0804928987309,53.0328126028231,53.37491073769656,4516000
2017-09-28,54.69342803955078,54.82171620755029,53.845305842131104,54.03060674447871,6079400
2017-09-29,54.82884979248047,55.42752433886988,54.607911153344276,54.70769024440918,4442200
2017-10-02,54.914390563964844,55.16383835297748,54.458255910469184,54.68632323721702,3141300
2017-10-03,55.28498458862305,55.34913139749054,54.70769049657904,54.79321232499879,3194700
2017-10-04,55.370521545410156,55.463172021597906,54.8359882740233,55.156706061833965,2669900
2017-10-05,55.0711555480957,56.047571202762455,54.51524205038446,55.52016678667119,4923400
2017-10-06,55.04267120361328,55.04267120361328,54.358463879933176,54.42973932775006,4672400
2017-10-09,54.97138595581055,55.19233001705842,54.71480961455979,55.071165039902255,2925600
2017-10-10,55.14244079589844,55.313489878543564,54.87873582209164,55.27072896727036,2659600
2017-10-11,55.53441619873047,55.53441619873047,54.94286501527741,55.25645946193708,2277500
2017-10-12,55.52730941772461,55.627088509778254,54.9500098850683,55.16382533235622,2532500
2017-10-13,55.64846420288086,55.812384652555885,55.356250145774254,55.6983537446366,2161700
2017-10-16,55.1780891418457,55.470303287433595,55.04267773753652,55.34201507870908,2405400
2017-10-17,55.32061767578125,55.49166675584822,55.071164530307996,55.29923178291469,2358400
2017-10-18,55.32061767578125,55.53442766647691,54.86448317056786,55.30636041387021,2399600
2017-10-19,55.32774353027344,55.51304988116409,54.61503265190434,55.02840626637101,2329900
2017-10-20,55.263614654541016,55.90505567759252,55.15670691110681,55.90505567759252,4149900
2017-10-23,55.163814544677734,55.52016992876796,55.14243409164058,55.484532215338284,4820100
2017-10-24,55.370521545410156,55.662730239573754,54.98565693750518,55.16383469463414,3241700
2017-10-25,55.363372802734375,55.49878958898152,54.84309154837824,55.37762462560435,4901200
2017-10-26,54.372718811035156,55.34913476615791,54.051995622283165,55.149571133409715,5371300
2017-10-27,55.41328430175781,55.46317385790354,54.130402232933534,54.258690439815965,6118600
2017-10-30,55.87653732299805,56.00482550634695,55.39189367896365,55.39189367896365,4427100
2017-10-31,56.225765228271484,56.40394296202505,55.43465565540141,55.80526838663846,3231000
2017-11-01,57.52291488647461,57.679712205728464,56.35406906346969,56.532246846702805,4097800
2017-11-02,58.15008544921875,58.577716381385905,57.54428221205286,57.54428221205286,4972900
2017-11-03,57.6440315246582,58.26409170583476,57.46585387418164,57.872098699766184,3390500
2017-11-06,58.05030059814453,58.29262513153901,57.20930151910362,57.65831286589108,3326200
2017-11-07,58.32113265991211,58.3567649414078,57.95051995699993,58.10731722072797,2603300
2017-11-08,58.207061767578125,58.22131902175781,57.465842239163145,58.164300880137596,2976100
2017-11-09,57.92913818359375,57.97189909543743,57.03824960316803,57.72958001158677,3569700
2017-11-10,57.9932861328125,58.0502988705445,57.522894343044236,57.70107206264389,2473900
2017-11-13,57.49436950683594,58.100172500025764,57.451608605861665,57.9006143787445,2568500
2017-11-14,57.9932861328125,58.15007795851611,57.36609707978815,57.40886343002775,3108700
2017-11-15,58.071693420410156,58.22136207467666,57.01687877063005,57.651191111949046,3122000
2017-11-16,58.527828216552734,58.87705507770715,57.87925860828408,57.950528619481446,4322600
2017-11-17,59.06948471069336,59.097993802711436,58.26412325200743,58.33539326327598,2897400
2017-11-20,59.0047721862793,59.12696921209107,58.5663205054137,59.12696921209107,3163600
2017-11-21,60.233909606933594,60.377663755661274,59.047918686387824,59.112606408154505,3528000
2017-11-22,59.191650390625,60.31295316422471,59.162898475007864,60.31295316422471,3271500
2017-11-24,59.119781494140625,59.55104932012065,58.98321124709758,59.4288577748021,1623400
2017-11-27,59.02635192871094,59.19166863964329,58.645393042233145,59.09822899798017,3073500
2017-11-28,59.83136749267578,59.99668964220016,58.82507234689436,59.17727921243165,3015300
2017-11-29,59.90325164794922,60.12607765711943,59.29947777918148,59.795438802717854,2752900
2017-11-30,61.5421028137207,61.714608918992546,59.91765432778934,60.25548266835478,5521800
2017-12-01,60.49983215332031,61.6570707040151,59.31384168712084,61.36237316685955,4123200
2017-12-04,60.111690521240234,61.405499321169756,60.0182509071937,60.78015748722594,4049400
2017-12-05,61.657108306884766,62.117128267778234,60.31298971147155,60.31298971147155,4197300
2017-12-06,61.07486343383789,61.7936449162013,60.78734974411903,61.441443525326136,2975900
2017-12-07,61.52052688598633,61.5852200946103,60.844875775116336,60.94550478064738,2128800
2017-12-08,62.965267181396484,63.05871229924764,61.78646579389364,62.009286335473924,3533300
2017-12-11,62.677764892578125,63.33904825434682,62.440571088548,62.65620231801806,2853800
2017-12-12,62.49089813232422,63.03716841037969,62.390269108268186,62.821537137632696,2515000
2017-12-13,62.85744094848633,63.32465002744766,62.246477760860465,62.368669301612094,3112000
2017-12-14,62.879005432128906,63.56184563533852,62.843064165068434,62.929319915693114,3635800
2017-12-15,63.38936233520508,63.54030583999229,62.8934011881404,63.00121954409394,6579300
2017-12-18,63.9212760925293,64.09378221711026,63.40375223491559,63.66251416372244,3433000
2017-12-19,63.3030891418457,64.1224996475188,63.25996400487382,63.928431047277435,2953500
2017-12-20,64.80536651611328,65.0353764613862,63.45405328924893,63.74875644493562,3506600
2017-12-21,65.2078628540039,65.49537656972188,64.57533158265075,64.6400247735246,3004200
2017-12-22,65.50255584716797,65.7685069752493,65.26536212089827,65.43067879424177,1837200
2017-12-26,66.02729034423828,66.16386062816478,65.58164369617823,65.58883304898211,1442900
2017-12-27,66.22854614257812,66.4801186436277,65.81884078833474,65.99853621535148,2388300
2017-12-28,66.34353637695312,66.54479432479272,65.94820434807693,66.40822408138679,1835700
2017-12-29,66.063232421875,66.97608281968742,66.063232421875,66.62388130221784,2343800
2018-01-02,66.70291137695312,66.9472944033433,65.9194368549771,66.26445431537874,3582900
2018-01-03,67.05514526367188,67.18452618866507,66.48730706419445,66.54481091616236,3057600
2018-01-04,67.27076721191406,67.29233526633152,66.58792688647476,67.14139178861973,2977000
2018-01-05,67.58705139160156,67.78112554746328,67.15578341083207,67.27797500000729,2973800
2018-01-08,67.72361755371094,67.83143591328938,67.1342167364009,67.65892434441604,2493400
2018-01-09,67.6373519897461,68.25550464582443,67.56547492170952,68.11175050975129,3884900
2018-01-10,67.67330169677734,68.03269256560371,67.24921761995013,67.4289130543633,2391800
2018-01-11,67.96083068847656,68.00395584754271,67.28517394912993,67.98957713860688,2679700
2018-01-12,69.54212951660156,69.72182494170906,68.07581418966008,68.21957382006758,2873400
2018-01-16,69.11087036132812,70.11716596637434,68.7586688189164,69.6140154219163,3052500
2018-01-17,70.1243667602539,70.51969903460702,69.21151607748105,69.33370769541885,2940700
2018-01-18,69.33368682861328,69.88715184613571,68.98867466016902,69.80089606208988,2489400
2018-01-19,69.90870666503906,69.93026923769084,69.1827356438386,69.55649969883025,2368800
2018-01-22,71.12345123291016,71.23126959106827,70.03090539711928,70.1674756830442,2441200
2018-01-23,70.93658447265625,71.3822257221751,70.4837483850865,71.3822257221751,2120300
2018-01-24,70.19622039794922,71.8422255934781,69.70744864387532,71.82785237300635,3109500
2018-01-25,69.8512191772461,70.5771903684971,69.63558243247999,70.5771903684971,2725300
2018-01-26,70.93658447265625,70.97970962999796,70.00216584853594,70.12435745025107,2122200
2018-01-29,69.28336334228516,70.89343271529268,69.13960920471743,70.89343271529268,2787100
2018-01-30,67.80985260009766,69.01740589121788,66.20697272461332,68.87365176669789,4338800
2018-01-31,68.9814682006836,69.31210706506081,67.89610649370806,67.96079968666675,5334000
2018-02-01,68.06143951416016,69.62838380696853,66.63106001248421,69.30492875836539,5032300
2018-02-02,66.98326873779297,68.89522521845548,66.65981368073328,67.70205044165556,4656700
2018-02-05,64.52503967285156,67.32110591566794,59.5870122242,66.01291777718521,7072900
2018-02-06,65.02098846435547,65.49538699337128,62.35430915730612,63.09465339149546,6335000
2018-02-07,64.57532501220703,66.52322763316283,64.57532501220703,64.99940893361143,4344500
2018-02-08,62.368690490722656,64.95630919674251,62.35431726852015,64.42440674946644,3975900
2018-02-09,63.41091537475586,64.23751533428107,61.2833224382597,62.9868313674717,5463400
2018-02-12,64.44093322753906,65.05749320972683,63.925928663377434,64.01297379280543,4020900
2018-02-13,64.90515899658203,65.13727377409913,63.94768484756741,64.07099461254931,3638200
2018-02-14,67.19003295898438,67.48743294157389,64.39740063642765,64.4554307111845,4877300
2018-02-15,67.45843505859375,68.34337455448845,66.42842587296882,67.86463461708158,4057600
2018-02-16,67.65426635742188,68.481181134859,67.03046238730019,67.46567690475727,2538800
2018-02-20,66.42838287353516,68.10396050174134,66.04394346395108,67.53818133034966,3083600
2018-02-21,65.8843994140625,67.27708821387503,65.86988912615944,66.37038891180124,2018100
2018-02-22,66.76933288574219,67.63250678146537,66.00044818274432,66.00044818274432,3047300
2018-02-23,67.06673431396484,67.38589424396147,66.48645007239776,67.22631427896316,2069200
2018-02-26,67.68328857421875,68.04596829957035,67.21180935850441,67.53821889769948,2563300
2018-02-27,67.29158782958984,69.0904815425309,67.26257832410549,67.71955274519861,2893000
2018-02-28,65.58700561523438,67.79935433601577,65.5725008600072,67.45843448061136,2746800
2018-03-01,65.87712860107422,67.03770232487268,65.13000943931809,65.66677374894012,3035900
2018-03-02,66.87812805175781,67.1827831764171,64.97043500499343,65.32585952736801,3485000
2018-03-05,66.41388702392578,66.98692145983274,65.34035849983675,66.3776223841149,4656700
2018-03-06,66.52996826171875,67.29159234801467,66.00770858308537,66.64602289360766,2852300
2018-03-07,66.76209259033203,67.34963204564353,65.79010793099451,65.82637812154262,2616800
2018-03-08,67.68328857421875,67.79209359863492,66.08024485225108,66.8056043029543,3650800
2018-03-09,68.41590881347656,69.19929841304078,68.07498895807062,68.13301904708736,3500400
2018-03-12,67.23355865478516,68.53195253089174,67.11749850462806,68.19103275737098,3231900
2018-03-13,67.8138427734375,68.87286673991639,67.31334859475079,67.47292300006742,4322400
2018-03-14,67.21179962158203,68.25631331612041,67.08848432694647,67.9444085761413,2747400
2018-03-15,66.97242736816406,67.74130647674731,65.65952323533024,67.53095160978441,2786100
2018-03-16,68.03144836425781,68.21278818646746,67.01594425307334,67.01594425307334,5308600
2018-03-19,67.41490936279297,67.77758908945476,66.85637948466386,67.61800912427503,2334700
2018-03-20,68.52471923828125,69.54022373975671,67.79935967066366,67.85013461903472,3354400
2018-03-21,69.23554992675781,69.93189979467887,68.53920559288957,68.69878554036929,3066200
2018-03-22,67.4874496459961,68.98894361414976,67.42216441222216,68.4666838801739,3264500
2018-03-23,66.16726684570312,68.5536992682769,66.08747689129704,68.0314397609104,3195400
2018-03-26,68.3651123046875,68.52469223212026,66.97967342020503,67.00868845556118,3111500
2018-03-27,66.92890167236328,68.66251552945022,66.08748774325876,68.39413059019105,3756700
2018-03-28,65.48543548583984,67.42214345221029,65.4419156995558,67.16826880879974,3864800
2018-03-29,67.29158782958984,67.3786329482017,66.09474926948126,66.16728410129801,4173900
2018-04-02,66.41388702392578,67.26256149946357,65.10098863406837,66.91438664615941,2788500
2018-04-03,67.24079895019531,67.28432426750186,66.25430994670752,66.8781193322675,2930600
2018-04-04,67.7122802734375,67.9081303566806,65.2605681675146,66.07296693044448,3659600
2018-04-05,69.53295135498047,69.79408117730425,67.97342756445039,68.06047268324262,3766300
2018-04-06,69.03971099853516,69.63450551175258,68.01695154248571,68.95266587438628,3432000
2018-04-09,69.64176177978516,70.50493575513525,69.31534670949777,69.5039417145047,3653800
2018-04-10,71.73078155517578,71.97015145508772,70.41062783542979,70.62823784154108,3489100
2018-04-11,72.76079559326172,73.19601563627995,71.3318367693486,71.79607185083823,3506900
2018-04-12,72.92036437988281,73.46438381635947,72.28205023334222,73.00740948197776,3245100
2018-04-13,73.86334991455078,74.15349478483533,72.86960553239342,73.51517496339868,2641200
2018-04-16,76.51815032958984,77.14195976478769,74.08094266045693,74.17524291041497,5876400
2018-04-17,77.38856506347656,77.5699048406173,75.50262695397225,76.61968064524528,3669100
2018-04-18,78.00513458251953,78.94084868118618,77.39582993345785,77.80203487751628,3904800
2018-04-19,78.48387145996094,78.76676113491419,77.12745315545484,78.0051372154447,3240500
2018-04-20,78.7377700805664,78.78128987643134,77.88909532282655,78.23001514791088,2795100
2018-04-23,79.25276947021484,79.26001907968538,77.96163062567238,78.88283462725562,2162800
2018-04-24,78.54917907714844,80.47863242419577,78.09220459512362,79.31805835822139,3279700
2018-04-25,78.8320541381836,79.21649370705902,77.08393545368651,78.17922961837031,3799800
2018-04-26,80.90658569335938,81.10968543376887,77.57718327033753,79.63720678174715,4912200
2018-04-27,79.62995910644531,81.45786800966508,79.29629442532976,80.95736822096505,2658700
2018-04-30,80.46411895751953,82.19772749144197,79.68798461611516,79.84756457054367,5667700
2018-05-01,80.31179809570312,80.55841764899884,78.89734386703417,79.97813341733364,3680800
2018-05-02,81.4216079711914,82.30654749115992,80.18849897277718,80.18849897277718,5677400
2018-05-03,82.23400115966797,82.61118563098294,80.48588226451622,81.07342163612248,3576400
2018-05-04,82.24851989746094,82.632959578026,81.18949560611337,81.96563011236385,2923000
2018-05-07,82.45160675048828,83.7645111085454,82.2122368055656,82.80703686290805,3449900
2018-05-08,82.10343170166016,82.14695149446887,80.53665275191027,82.00913143850393,6102200
2018-05-09,83.2857666015625,84.02563075915347,82.34279716211127,82.65470192740177,4159800
2018-05-10,83.04639434814453,84.13443342445268,82.67646504671787,83.8080239151814,5038700
2018-05-11,83.14795684814453,83.51789173981172,82.7997873899138,83.16972228158099,2773400
2018-05-14,84.04739379882812,84.28675818961804,83.40907399924725,83.56139880576917,3936000
2018-05-15,84.06916046142578,84.45360008035986,83.2857709356431,84.06190531746853,3541300
2018-05-16,83.98880004882812,84.18601141741095,83.17075458660828,83.95228334641718,2691900
2018-05-17,87.43628692626953,88.40772141463255,84.96753400738166,85.06248411377553,5888500
2018-05-18,88.0571517944336,88.29087991546821,86.93233347054262,87.68465125849958,3906500
2018-05-21,89.15274810791016,89.38647621505334,87.81611845558507,88.76563645287779,2992600
2018-05-22,87.75769805908203,89.60561205112272,87.39980306089495,89.00668333940378,3253300
2018-05-23,88.4150390625,88.91901193915373,86.57442550966898,87.11492066358794,3395800
2018-05-24,89.02128601074219,89.79551498300391,87.33406121601138,87.72117291588309,3158300
2018-05-25,86.72052764892578,87.98411846911263,85.9316930999255,87.94029618500761,3581600
2018-05-29,87.26100158691406,88.714497903764,86.34069483805911,86.3991282509267,3025600
2018-05-30,89.2623062133789,89.86123481498771,87.69194293705172,88.15939913476994,2996000
2018-05-31,88.52460479736328,91.1321363160809,88.31279339723793,89.00667216389957,5480900
2018-06-01,90.40904235839844,91.11022670763136,88.71451212128943,89.16736278481225,2941900
2018-06-04,90.8910903930664,92.7463093602982,90.7523124379238,91.02986277569234,3792000
2018-06-05,90.08035278320312,90.88379273405587,89.64941331407587,90.70119249192948,3392500
2018-06-06,88.52460479736328,90.18261829709749,87.60430348900489,89.83932891290064,3554200
2018-06-07,88.73640441894531,89.56176100829246,88.23243158363172,88.9190046452587,2329400
2018-06-08,87.44361114501953,88.85328533876131,87.07110506392242,88.75832963959913,3743600
2018-06-11,88.0644302368164,88.42963066171363,86.53789513555381,87.50932403066808,3279200
2018-06-12,86.201904296875,88.72909609571366,85.88053171803257,88.13746762866575,4422600
2018-06-13,86.09966278076172,86.66938020797531,84.4343494908743,86.14349062748096,5546200
2018-06-14,85.32542419433594,87.05647615651817,85.2304740931464,86.69857573988574,2431400
2018-06-15,84.12760162353516,85.53727601472227,84.0034347699506,84.6900080366947,5087200
2018-06-18,85.12092590332031,86.25304401264745,84.01071335799297,84.23714143787194,3054900
2018-06-19,85.17936706542969,85.47882857926515,84.01802657173089,84.23714910186798,2491200
2018-06-20,84.52931213378906,85.66143036642057,84.2225394715921,85.35466327674114,3093100
2018-06-21,81.2352066040039,84.03994399335305,81.1037341905958,84.03994399335305,4528700
2018-06-22,81.980224609375,82.95165948923915,81.5931128863136,82.73253691230848,5030800
2018-06-25,79.80361938476562,81.65153312885641,79.30694645345714,81.5638829977369,4559500
2018-06-26,80.52669525146484,81.14753487132661,79.96428903812372,79.98620017243987,3422200
2018-06-27,79.99351501464844,81.75378409828075,79.85474261405298,81.2278944870293,3412400
2018-06-28,79.69405364990234,80.07385971844315,78.64957999576835,79.70865921801193,2668200
2018-06-29,80.95035552978516,82.38924659335406,80.89922767550944,81.33746722251828,3483600
2018-07-02,79.7817153930664,80.50481092890473,79.18278670805036,80.27108279749648,3748500
2018-07-03,79.0074691772461,80.73121585966182,78.73722439300134,80.60704903595384,2078100
2018-07-05,78.54000854492188,79.956988086026,77.59779070730778,79.73786558517932,3400600
2018-07-06,78.75914001464844,79.37997974105807,77.38598258833548,77.99221674686653,2461300
2018-07-09,79.81090545654297,80.08115580094977,79.00016556835602,79.10242125056038,2726500
2018-07-10,79.33612823486328,80.86266306528616,79.27038927233681,80.17608460508778,2648300
2018-07-11,77.6854476928711,79.39458328957605,77.34946391503637,78.81757142651277,3512600
2018-07-12,77.99951171875,78.5911346564974,77.08651060616867,78.22593421146487,2992200
2018-07-13,78.40121459960938,78.68607602161921,77.53934705576602,77.87533073536144,2500000
2018-07-16,77.6416244506836,78.99286511520276,77.52475762201396,78.35741427247517,2548400
2018-07-17,77.48822021484375,78.54730474592989,77.18145320825991,77.56856475073704,2590600
2018-07-18,77.89727020263672,78.47428767939908,75.77910612183611,77.08652462145953,3100500
2018-07-19,78.15292358398438,78.62768544923192,77.94841215219,78.12370686908253,2564300
2018-07-20,77.57588958740234,78.4012407117866,77.29103364303444,77.91917894920915,2291700
2018-07-23,77.62701416015625,78.3062872848083,77.24720810785873,78.05064805994294,2542400
2018-07-24,78.3501205444336,78.50350967337506,77.71467517818155,77.82423645348919,3347500
2018-07-25,79.85474395751953,79.87665509627074,78.16751383094919,78.45967535017276,3309900
2018-07-26,85.33275604248047,85.70525656591424,79.81822588380354,80.13229855832782,5408000
2018-07-27,84.9821548461914,85.96819507717086,84.24444827926598,85.05519383135334,3308700
2018-07-30,85.64682006835938,86.30418206174095,84.85068010623137,85.61760336059606,2930500
2018-07-31,86.44295501708984,86.72781095397812,85.79289858957378,85.79289858957378,4034600
2018-08-01,85.29621887207031,86.32608684801538,84.37591214904744,85.17205205259967,3411600
2018-08-02,84.23715209960938,84.68999717164922,83.29493410251705,84.49279134552181,2588100
2018-08-03,84.27366638183594,84.96755068364547,82.92242563017811,84.31749423167196,2583000
2018-08-06,84.50166320800781,84.70760247750466,83.71467779304528,84.21481842386231,2401100
2018-08-07,85.84028625488281,86.62727178154594,84.65612967577869,84.80323318303,2606700
2018-08-08,85.24454498291016,85.47990501760239,84.648785511169,85.05331320115214,2009600
2018-08-09,84.68556213378906,85.53874576001563,84.41342481616317,85.25925186314964,2175600
2018-08-10,84.85472106933594,84.95769072241457,84.1780561344154,84.29573894446253,2059300
2018-08-13,84.4281234741211,85.98003035312117,84.34721795065285,85.42104826682011,1875600
2018-08-14,84.61935424804688,85.32543421720817,84.32515285804014,84.89884248226964,1440200
2018-08-15,82.02302551269531,84.39869495070482,81.7582504557525,84.39869495070482,3452500
2018-08-16,81.87593841552734,82.65556736868899,81.7876763106425,82.22898122364161,1875800
2018-08-17,81.64058685302734,82.48641387514114,81.35374199678212,82.33931035179381,1791100
2018-08-20,83.40576934814453,83.88384586149472,81.66998747936262,81.89063429299975,2072200
2018-08-21,83.95005798339844,84.86207737291478,83.70734138098202,83.77353936865266,2021700
2018-08-22,85.08272552490234,85.5902228293526,84.05302337028132,84.12657232173454,1670900
2018-08-23,86.83320617675781,86.94353239810985,84.69290217279688,84.92090558187965,3151100
2018-08-24,88.66460418701172,89.43687649033171,87.09063327004574,87.1200483575226,3448400
2018-08-27,89.15003967285156,89.70902177918076,88.81171002232799,89.05442660142916,2038100
2018-08-28,88.54691314697266,90.03997840579943,88.12767804665468,89.2897702936498,2062600
2018-08-29,88.70874786376953,89.52515416319754,87.9144056895003,88.54693679737112,2525900
2018-08-30,87.56135559082031,89.27506785949969,86.99501694168906,88.99557962953635,2648100
2018-08-31,86.7008285522461,87.2524541285039,85.6711319657053,87.17154859507204,3722500
2018-09-04,88.43661499023438,89.15740824627274,87.02445479507742,87.05387550057142,3372100
2018-09-05,85.98738098144531,87.81141939369772,85.98738098144531,87.70109317738158,4506400
2018-09-06,85.36954498291016,87.43629964484657,84.80321205252523,86.30362817265308,3406600
2018-09-07,84.64141845703125,85.2371722041224,83.39842052897708,84.46489425599145,2498200
2018-09-10,84.76642608642578,85.72257890724102,84.57519439997812,85.06062738601686,2451800
2018-09-11,84.65612030029297,85.54607537775887,84.02358931772639,84.53108654154535,2708100
2018-09-12,85.54608154296875,86.36984431743865,85.22981602889256,85.36956295251977,3195200
2018-09-13,85.92854309082031,86.40661964008163,85.17097831205491,85.71524722695219,2081500
2018-09-14,86.14917755126953,86.64931815059663,85.83291208976233,85.96530241344962,1724500
2018-09-17,84.92091369628906,86.33307375254152,84.73703851360749,86.09036277608503,1876000
2018-09-18,84.8252944946289,85.75937788615704,84.81058133867894,85.14891097700507,2028300
2018-09-19,80.68443298339844,84.71497970993956,79.91216053448929,84.71497970993956,5033500
2018-09-20,81.25810241699219,82.10392355185894,79.50760753426026,80.94918792441231,3135600
2018-09-21,82.55260467529297,83.0895227052605,81.00069760503094,81.50083835200769,4044500
2018-09-24,84.55316925048828,85.43577355600608,83.17778076762612,83.25133533498851,3069900
2018-09-25,85.8770523071289,86.5684190608343,84.54579239482018,85.0238689108902,3219300
2018-09-26,85.70054626464844,86.52430913767714,84.31045027426752,85.50196352806208,2492600
2018-09-27,84.79586029052734,87.17888053526745,84.5384362166459,86.21537659670095,2281900
2018-09-28,83.66319274902344,85.15625806025507,83.41312524000449,84.2810105558403,2787400
2018-10-01,83.7588119506836,85.20774912812577,83.55287266663743,84.2810167384934,2404600
2018-10-02,84.96503448486328,85.03123246275784,82.78060221998835,84.04565865217316,3240600
2018-10-03,88.25273895263672,88.78965700281582,85.66377861939802,85.66377861939802,3683800
2018-10-04,86.21539306640625,88.20859929268417,85.77409376810478,87.94381859141828,2214000
2018-10-05,86.13448333740234,87.12740811298657,85.17833022821767,86.93617636886468,1834100
2018-10-08,85.4504623413086,86.09034990145977,84.6928975997807,85.73730713448082,2722600
2018-10-09,85.0680160522461,86.42869126329764,84.840007013053,85.4504739579947,2400500
2018-10-10,81.52288055419922,85.42839239996752,81.45668819632682,85.42103582306257,3083000
2018-10-11,78.61766815185547,81.92006467231572,78.19843298383012,80.88301161937929,3478600
2018-10-12,79.6179428100586,79.93420830387655,78.36023741224984,79.28696977273898,3502500
2018-10-15,76.33761596679688,79.72827453790657,76.25671044338364,79.61059173606012,3741700
2018-10-16,77.89688873291016,78.1028280493304,76.4773720316701,76.8818940856597,2209400
2018-10-17,76.30081939697266,78.03660100537067,75.96248984434233,77.88950315167867,3378800
2018-10-18,76.04340362548828,77.11723378632406,74.52091766720018,75.54326301249671,4018900
2018-10-19,68.22504425048828,73.7633634407915,68.03381250360353,72.20409998816353,11818100
2018-10-22,68.29124450683594,68.82816253115942,67.00411817564625,68.06324106668134,4663000
2018-10-23,67.41598510742188,67.77637881641985,64.67256550546938,66.79816170914417,6303700
2018-10-24,63.76054763793945,67.7763801667703,63.495766977891336,67.33508093716482,6376900
2018-10-25,64.26802825927734,66.06265117969485,63.21626237563608,65.4816051421593,5189800
2018-10-26,63.09861373901367,64.1577366771635,60.78178511752379,63.27513235823007,6921400
2018-10-29,64.26802825927734,65.76844987302299,63.37072241049179,63.53988437411745,5884300
2018-10-30,66.26862335205078,66.5113399715625,64.48135611901843,64.54755411135162,5477000
2018-10-31,66.99674987792969,69.00466907239239,66.94526505814473,67.08501197388584,5501700
2018-11-01,68.04114532470703,68.65160640772224,66.42304103624787,67.71752334473062,4340900
2018-11-02,67.54103088378906,69.66662746593317,66.87172255076771,68.54866325529697,3424200
2018-11-05,67.04090881347656,68.6810726941315,66.09946855009007,68.32067882080342,3339200
2018-11-06,67.1364974975586,67.5263119387924,66.13621617859943,67.04824101210161,2609500
2018-11-07,68.0999984741211,68.20297372155926,66.23918283718238,67.69547650733077,3672900
2018-11-08,65.2389144897461,68.23240232739356,64.76819445714985,67.93084993686725,5813300
2018-11-09,64.41517639160156,64.922668245858,63.606126445728215,64.54021020993815,4760400
2018-11-12,63.23099136352539,64.89322439281985,63.07653690140958,64.62108713399223,3901000
2018-11-13,61.46580505371094,63.275136449076115,61.14953946764552,62.90002944899245,4393100
2018-11-14,60.56111526489258,62.52490608469835,59.75942232351303,62.03947300680224,5663100
2018-11-15,61.245147705078125,61.406958775096726,59.487301283377164,60.0095061657118,4288100
2018-11-16,61.74527359008789,62.14244459044767,61.06861437973758,61.3333950466441,3448100
2018-11-19,59.918556213378906,61.52994738124132,59.057163940075924,61.388855899996834,4040800
2018-11-20,58.37396240234375,59.925945186999755,57.92099010343017,58.94574404263508,5786600
2018-11-21,58.812103271484375,59.881416094192176,58.2848742173475,58.61903730715048,4244000
2018-11-23,57.20071792602539,58.136366737175045,57.17844151761466,57.987847905413275,2105200
2018-11-26,58.50021743774414,59.23536711013332,57.876455452786814,57.876455452786814,4315500
2018-11-27,57.49773406982422,58.65615231107538,57.20070215361781,58.24031102763396,4435400
2018-11-28,58.9754638671875,59.072002502866596,56.621496141401444,57.80219084973871,3914000
2018-11-29,59.012596130371094,59.955666444112076,58.17348047980546,58.81952452067285,3701900
2018-11-30,59.33191680908203,59.74033085190861,58.21062369997809,58.64131981677486,5685700
2018-12-03,60.37152099609375,62.213109046712034,59.05715634557802,61.08439433814732,6462800
2018-12-04,59.042320251464844,61.418565246378925,58.849248575185904,60.7056917479047,6217800
2018-12-06,58.544761657714844,58.64872763870181,57.05218612750174,57.92842711978278,4711100
2018-12-07,56.428436279296875,59.74775706021094,56.1017061844055,59.33191566739607,4669500
2018-12-10,54.49030303955078,55.90120059741255,53.07941114710242,55.70812897402176,7407500
2018-12-11,54.408607482910156,55.93089240841948,53.881378558791546,54.765046891050225,4749400
2018-12-12,54.68337631225586,55.604170315147094,54.453179227886444,55.27744024887744,4089000
2018-12-13,54.54970169067383,55.37396255271816,54.2229660219968,54.898713761231114,4508700
2018-12-14,54.43090057373047,55.94575278526677,54.19327614197837,54.505157146388,5021300
2018-12-17,53.896244049072266,55.062089799616324,52.908615205536385,54.14871752854941,4508400
2018-12-18,52.767520904541016,54.468022949758065,52.47791632175077,53.87396473665042,4295800
2018-12-19,52.7081298828125,54.943283079622866,52.15861869933809,53.213082583720706,4913100
2018-12-20,52.4333610534668,53.844258449691175,51.98781599818877,52.047217850923154,6304500
2018-12-21,53.19821548461914,53.829404797477025,52.09920470431873,52.18088296161354,7720400
2018-12-24,51.19325637817383,53.04969873983766,51.170979976299854,52.90860730741921,3265100
2018-12-26,54.438316345214844,54.5719804276282,51.09671995029381,51.45315939186698,5828300
2018-12-27,55.41851806640625,55.41851806640625,53.26504935329536,53.49524640453112,4872800
2018-12-28,54.564579010009766,55.990325975202374,53.873981938523535,55.58933357897667,4265700
2018-12-31,55.67100524902344,55.8566495212075,54.73535653089995,54.80961310669086,3817800
2019-01-02,56.109107971191406,56.547231282116115,54.33434965809226,54.81702576946583,4271900
2019-01-03,55.099220275878906,56.55467642293106,54.170998871868726,56.39130854935905,3300800
2019-01-04,57.18586730957031,57.378933287452455,55.396253677393474,56.01259406514505,4364500
2019-01-07,57.24526596069336,58.173487336359656,56.44328699783207,57.178436741043946,3833600
2019-01-08,57.445743560791016,58.166043986573456,56.844258146252166,57.85416308017639,3087700
2019-01-09,57.39378356933594,58.21061722960857,56.28734529919767,57.727940991361336,4280200
2019-01-10,57.49031448364258,57.97299070453424,56.6734808527408,57.5274456027163,3818500
2019-01-11,58.270015716552734,58.70813340926056,57.1041701007857,57.19327571128212,3607300
2019-01-14,58.626468658447266,58.8121129615651,57.36408966341178,57.735378269647455,4496100
2019-01-15,58.49278259277344,58.9754587329095,57.83931693046475,58.91605121849624,3341400
2019-01-16,58.6635856628418,58.90863744366422,57.995265199422995,58.32200090718622,3957500
2019-01-17,59.77001190185547,59.9927872335744,58.195752531136705,58.26258173140517,4056000
2019-01-18,61.32942199707031,61.63388123824737,59.75516263227033,61.61160483824163,5110700
2019-01-22,60.89874267578125,61.87151675392578,60.11160718624597,61.062110525786935,7603000
2019-01-23,59.24279022216797,61.2328967439053,58.99031676979702,60.8467592092754,4507500
2019-01-24,58.626468658447266,59.50270999578004,58.06953574909375,58.91607331807793,5093700
2019-01-25,61.03242111206055,61.5596502375689,59.18339982825569,59.50270824684969,6462100
2019-01-28,60.171024322509766,60.60914777802884,59.57696601395631,60.2452809029022,3662000
2019-01-29,60.252708435058594,60.52746401526164,59.41359830990747,59.977952854855545,3949600
2019-01-30,61.84181213378906,62.0868639053912,60.326954362175336,60.683393817725076,4688900
2019-01-31,65.21311950683594,65.61411181337726,62.59925065525725,65.33935625183592,8796700
2019-02-01,63.31214141845703,65.50274216079222,62.82203768698631,65.34680160952838,5136100
2019-02-04,62.96310806274414,63.52746820090558,62.23538006889809,63.119048561694036,4448500
2019-02-05,63.83192443847656,63.94331213237531,62.67350601892179,62.91855781241636,3918400
2019-02-06,63.80221939086914,64.31459937323685,63.200733787507644,63.67598265085237,2783900
2019-02-07,62.30964660644531,64.32202984905899,62.049740091508454,63.66855838121357,3114700
2019-02-08,62.48043441772461,62.68835509152787,60.98785291590343,62.027461950333176,4126500
2019-02-11,61.88637161254883,62.84429673310174,61.82696975139781,62.398751614694554,3446600
2019-02-12,61.803810119628906,62.6370697507366,61.66117833838548,62.58452210405701,3083300
2019-02-13,62.65206527709961,62.85475309747925,61.93140956219286,61.93891800334906,2725000
2019-02-14,62.764686584472656,63.02742482598553,61.893890438585274,62.494439899698236,2810600
2019-02-15,63.357723236083984,63.9057192838656,63.10248772815786,63.35021479333988,3929800
2019-02-19,63.65047836303711,63.793110113892986,62.91480573899327,63.13250472236071,2031200
2019-02-20,64.13089752197266,64.69391019866308,63.50782878522594,63.62043246601625,3951500
2019-02-21,63.417762756347656,64.82904607858087,63.32767864874298,64.14592114891876,3207800
2019-02-22,64.04832458496094,64.61884572514684,63.47030073239593,63.91320130773957,3158100
2019-02-25,63.793087005615234,64.30355201995187,63.703002922875605,63.88316536109422,2033700
2019-02-26,63.3652229309082,64.37113648372511,63.342697605785624,63.808123628182315,2146300
2019-02-27,62.37430191040039,63.51534426897782,62.239184351179595,63.43276860905728,3009700
2019-02-28,61.22576141357422,62.53195518958845,61.20324181868814,62.374306570861556,3608400
2019-03-01,62.22416305541992,62.2842191178754,61.51851863972145,61.64613920425467,3102700
2019-03-04,61.95392990112305,62.80970893078808,60.73782587331622,62.80220621680445,3688500
2019-03-05,60.917999267578125,61.931421381088676,60.44506474794656,61.931421381088676,3934800
2019-03-06,61.068119049072266,61.56357304988999,60.61770996567757,60.88795656116684,3444400
2019-03-07,60.49760437011719,61.32336112752151,60.31744186271209,61.12818173692932,3145900
2019-03-08,59.86704635620117,60.032197745270196,58.96622788688813,59.86704635620117,4089100
2019-03-11,62.66707992553711,62.72713027085852,60.18231289956195,60.38500071271643,4375500
2019-03-12,62.94483947753906,63.868183130108285,62.1265968327189,62.592017152795236,5009900
2019-03-13,63.22257614135742,63.485314266016104,62.65956341969099,63.140000483998755,4275800
2019-03-14,63.76306915283203,63.778080305387,62.92230142821446,63.14000036746173,3546000
2019-03-15,63.86818313598633,64.73147070628218,63.54538885238921,63.718042930090434,5656800
2019-03-18,65.12184143066406,65.1969086903185,64.03335184751278,64.0708826137076,3471800
2019-03-19,64.881591796875,66.02262848991953,64.7164404680994,65.51216334973228,2946100
2019-03-20,64.88911437988281,65.33201510607203,64.05585484109848,64.58883969187042,3921800
2019-03-21,64.84406280517578,65.78992597088862,64.72395637864392,64.92663847909388,2335900
2019-03-22,63.530372619628906,64.66390684489775,62.65958232555633,64.25102843352931,2877700
2019-03-25,64.16844940185547,64.2510193451863,63.102474125267925,63.432776807641176,2602700
2019-03-26,65.30949401855469,65.57223221685486,64.46872605673096,64.521273696391,3233500
2019-03-27,64.5738296508789,65.72988359952174,64.26605221531447,64.89662397243025,3460300
2019-03-28,63.68051528930664,64.59635054465278,63.222597661633564,64.22851131766063,2812800
2019-03-29,63.68051528930664,64.36363464594552,62.974870605233995,64.25853936030877,3208400
2019-04-01,64.881591796875,65.18936913274237,64.13090810408563,64.46121076163682,2919100
2019-04-02,63.39523696899414,64.73896149611427,63.372717374073716,64.73896149611427,2924700
2019-04-03,63.252620697021484,64.57382010536884,62.94483757969062,63.89070080280765,2983200
2019-04-04,63.32016372680664,63.53035422910788,62.33676999364229,63.25260494846481,3267700
2019-04-05,65.07676696777344,65.10679500082176,63.23758860257951,63.40273992071449,2966700
2019-04-08,64.70894622802734,65.56472536742845,64.58133134679073,65.22691992244607,2141200
2019-04-09,63.890682220458984,64.58130976403746,63.63544681602087,64.58130976403746,2419400
2019-04-10,66.38296508789062,66.75830696767576,64.24351751856784,64.41617157600196,5232400
2019-04-11,66.84088134765625,67.89183973619654,66.1577563905632,66.42050028314512,3682100
2019-04-12,66.36795806884766,67.65912940487576,65.97759928227632,67.39639121810443,4003200
2019-04-15,65.79741668701172,66.36793780931667,65.02421351885775,66.36042936991154,2824600
2019-04-16,66.30039978027344,66.49557919190579,65.2794692494844,65.83497371476967,2507300
2019-04-17,67.12613677978516,67.61408234259741,66.57814087217102,66.74329220671629,3209300
2019-04-18,66.09017181396484,67.34381180450166,65.9175120999774,67.14112979241747,2670000
2019-04-22,68.4248275756836,68.58247048194303,66.44302285804662,66.49557049346643,3063000
2019-04-23,67.771728515625,68.70257476861161,67.35134744535928,68.63501597971714,4232500
2019-04-24,65.85747528076172,67.88431872625371,65.76739118621887,67.88431872625371,5046400
2019-04-25,68.18460083007812,69.58837566272412,65.79742647053953,65.87249369396913,6312000
2019-04-26,67.62158203125,68.04196302676517,66.8183507849555,67.7717164647164,3008000
2019-04-29,67.26126861572266,67.87682911435718,66.90094359212648,67.71167775884935,2661700
2019-04-30,68.0570068359375,68.59749444663898,67.36637327783535,67.38139016348093,3049000
2019-05-01,67.38888549804688,68.93529809613007,67.35886318457158,68.28970953841113,3881300
2019-05-02,66.24785614013672,68.12456594580631,65.78993848937223,67.37388202353848,5084700
2019-05-03,66.3904800415039,67.3063152343779,66.24784828047048,66.92346487580892,2994400
2019-05-06,64.85155487060547,65.64727764314304,64.30355905726738,65.64727764314304,4741700
2019-05-07,63.327693939208984,64.19098156525894,62.04402516402735,64.19098156525894,6014900
2019-05-08,61.856353759765625,63.74057192968493,61.623637859031774,62.77969173836702,4850800
2019-05-09,61.36087417602539,61.7812608750236,59.14635990771782,61.37589105487954,6661900
2019-05-10,62.85475158691406,63.12499246215479,61.05310947931415,61.48850741970942,4484100
2019-05-13,61.11316680908203,62.76466876743377,60.60270163022126,61.96894582551588,3943400
2019-05-14,62.97289276123047,63.26133932045338,61.720417227338054,61.720417227338054,3389300
2019-05-15,63.28416061401367,63.36765942730133,61.970956743363004,62.65412621967579,2589500
2019-05-16,64.87818908691406,64.97686682492242,63.580170573326,63.6181208765814,3282900
2019-05-17,63.54220962524414,64.75672927110007,63.51943828677285,64.0507888220578,2553600
2019-05-20,62.30492401123047,63.47390108090268,62.168290177339244,63.17026969544586,2774100
2019-05-21,62.60095977783203,62.99567650458571,62.38841955640415,62.646502456341814,3115800
2019-05-22,60.99171829223633,62.6009605169259,60.680500333267325,62.373235539115015,2942200
2019-05-23,57.24188995361328,59.88346962210661,57.05970765205131,59.88346962210661,6237700
2019-05-24,57.85672378540039,58.40325896100016,57.20391852468792,57.636591240156854,3385600
2019-05-28,56.99897766113281,58.57026953735826,56.96102736014171,58.18313940301489,3709000
2019-05-29,56.82439041137695,57.234291862034745,55.89831740707077,56.18676400214717,3054100
2019-05-30,55.313846588134766,56.72572780862297,54.65344866523292,56.59668054234021,5119600
2019-05-31,53.438907623291016,54.25871041919722,52.71019595735845,53.909530649941026,5670700
2019-06-03,54.6534309387207,55.15442350214289,53.63627264273398,53.674222939447645,3760600
2019-06-04,56.05772018432617,56.14121894617589,54.84320063644751,55.03296949678124,3135000
2019-06-05,55.5187873840332,56.513174539298376,54.78248314580687,56.46763185777083,3245400
2019-06-06,56.528343200683594,56.82438212890608,55.26068873457343,56.20953293818022,3767900
2019-06-07,56.725711822509766,57.08247242496361,56.22471923778049,56.51316582847281,2847200
2019-06-10,57.5834846496582,58.75246195477607,57.355759616877364,57.37094437441643,3136300
2019-06-11,57.963008880615234,58.699313083344656,57.932645163965006,58.16037014319834,2483300
2019-06-12,58.06926727294922,58.327350125456334,57.13560199608122,57.8263633800602,2569200
2019-06-13,58.64617156982422,59.26102083825508,58.04650126240381,58.81316909736992,2819600
2019-06-14,58.26661682128906,58.61579073540052,57.66694668902661,58.39565822168764,2084200
2019-06-17,58.39567184448242,59.0181134524582,57.94022775423187,58.046497848914136,2470100
2019-06-18,59.05608367919922,59.86829433518362,58.79040258759697,58.90426508524262,2759600
2019-06-19,59.32933807373047,60.04286503606904,58.80557417659882,59.13956921723766,2316400
2019-06-20,60.53628921508789,61.21945852749699,60.20229404206828,60.29338521415223,3011800
2019-06-21,62.17587661743164,62.19864795569125,60.855081085509724,61.08280605067872,6568500
2019-06-24,61.30291748046875,62.335260261355906,61.11314867208926,61.93294552291247,2558000
2019-06-25,61.963340759277344,62.221429481478225,60.87027580484311,61.105587393768644,3278500
2019-06-26,64.46826171875,65.06793186589782,62.32007735452768,62.34284868560039,5154200
2019-06-27,63.70919418334961,64.52140457398245,63.44351896983145,64.52140457398245,2408500
2019-06-28,64.98445892333984,65.10590800103788,63.76234681279172,63.80788949301762,3248200
2019-07-01,63.95210647583008,66.22174044314514,63.60293246480361,65.91810910577418,4558900
2019-07-02,61.25737380981445,63.572555769268945,60.52866222371194,63.572555769268945,7182100
2019-07-03,62.229026794433594,62.60856463443279,61.196683406332774,61.35608860417789,2307400
2019-07-05,62.12271499633789,62.320076180725025,61.67486338358442,62.06199337838258,1653400
2019-07-08,61.758384704589844,62.22901361135074,61.2953481745811,62.031652354801125,2320500
2019-07-09,62.426361083984375,62.79831221049178,61.39401804675713,61.47751680648035,2654600
2019-07-10,63.30690383911133,63.50426510931704,62.36565175174772,63.15508524999654,2976800
2019-07-11,64.08873748779297,64.46827519510164,63.4359321679192,63.7167921561905,2782400
2019-07-12,64.33164978027344,64.71118753708922,63.815478199352526,64.17983699406176,1769500
2019-07-15,64.0052490234375,64.39237916871808,63.04122563998646,64.1722465681188,2513500
2019-07-16,63.9217414855957,64.46068434779838,63.47388976016982,63.952105197854635,1772900
2019-07-17,63.185447692871094,64.10392842115624,62.50227853385701,63.82307417171321,2954900
2019-07-18,63.26892852783203,63.34483490369146,62.228999016858765,62.70721439692992,2060100
2019-07-19,63.49666213989258,63.92933491194146,63.21580214034694,63.37520728886115,1903100
2019-07-22,64.02800750732422,64.47586499552887,63.268932123025685,63.99764379699801,2346700
2019-07-23,64.3468246459961,64.74913950728977,63.8382454741484,64.08874176760874,2902200
2019-07-24,65.4095458984375,65.7283562743531,63.83825956995348,64.18743366614021,4002300
2019-07-25,63.34483337402344,65.62205934252688,62.36563130389786,65.41711155352702,5248400
2019-07-26,63.997650146484375,64.52141406682665,63.06399057428466,63.1626682991709,2712500
2019-07-29,63.78510665893555,64.3771845603284,63.193028757542685,63.815470370710294,2013600
2019-07-30,64.36202239990234,64.36961477764926,62.92736994396543,63.38281415689523,2589800
2019-07-31,64.711181640625,65.660025946206,64.10391896853874,64.30887258166442,3217900
2019-08-01,64.02042388916016,65.68280106137892,63.50425811686592,64.68082164869732,4233900
2019-08-02,62.29732894897461,63.694030945363316,61.492710734787025,63.3828071960799,3289900
2019-08-05,58.16054916381836,61.130745635610715,57.62330704744761,61.123069075234014,5976300
2019-08-06,58.974090576171875,59.51901512391871,58.206598470669384,58.92036636300671,3328300
2019-08-07,58.183563232421875,58.42916042379191,56.95557727557164,58.030067183627686,4100500
2019-08-08,60.44765853881836,60.501382733025935,58.42915126609517,58.50590513396143,3474200
2019-08-09,60.5167350769043,61.0693301811723,60.04856454998271,60.271137903396124,3789700
2019-08-12,59.212005615234375,60.56279309821772,58.82825963698335,59.879719869871856,3011400
2019-08-13,60.432308197021484,60.83140724845271,58.59032653814247,59.33479458883302,3099000
2019-08-14,58.32939529418945,59.84135555645825,58.306371469769054,59.13526428190112,3912400
2019-08-15,58.88196563720703,59.135239309876546,57.960972060817085,58.513567035551624,3082200
2019-08-16,59.95646667480469,60.186710721286175,59.24269900526541,59.511319987242935,2697500
2019-08-19,61.169097900390625,61.73704608346991,60.69325670248399,60.78535197666044,2835300
2019-08-20,59.87204360961914,61.11537671624103,59.81831941187002,60.984904501064385,2572600
2019-08-21,60.1713752746582,60.8390895816041,59.65715702883796,60.8390895816041,2409400
2019-08-22,59.41923904418945,60.654901836624695,59.373191390347216,60.26347921246502,2307600
2019-08-23,56.932559967041016,59.62645867671034,56.62556197883233,58.9357146671157,3508000
2019-08-26,56.571834564208984,57.79214988792251,56.42600921058617,57.347003123020755,2912900
2019-08-27,55.036842346191406,57.1244212093419,54.79124517732067,56.87114748208502,3700300
2019-08-28,55.84271240234375,56.47205552746273,54.4919250159304,54.95241898581039,2125800
2019-08-29,57.7461051940918,57.86123018264325,56.02692449302398,56.072972146244496,2660000
2019-08-30,57.776798248291016,58.774540215101865,57.64632601039251,57.984024372482224,2467600
2019-09-03,57.231868743896484,57.43141827044566,56.21110314733517,56.717650594229646,2388900
2019-09-04,57.393043518066406,57.93796206604862,56.86347223171109,57.914938245859005,2579100
2019-09-05,58.93571090698242,59.28875652147303,57.65400068264709,57.984022474203414,4630500
2019-09-06,59.964149475097656,60.39394898847075,58.69779232522,59.227357837814495,3036800
2019-09-09,60.923500061035156,61.54517243225356,60.1867085983856,60.4016053763878,2757000
2019-09-10,62.68873977661133,62.865265493270066,60.961882969922044,61.00025990782569,3634500
2019-09-11,63.44855880737305,63.89370554864733,62.258949784931836,63.018765184349014,3421700
2019-09-12,64.23908996582031,64.84540946087385,62.258964688943315,62.68108185389175,3848000
2019-09-13,65.64360046386719,65.78174928048091,64.40793767512783,64.73795952284394,4410300
2019-09-16,63.233673095703125,63.37949846718356,60.84677221720747,62.942028208242235,9945800
2019-09-17,64.70724487304688,65.2368161959264,62.55827091165689,62.87293956844839,4537900
2019-09-18,64.16232299804688,64.80701925226123,63.41785490274518,64.71491811437384,2458800
2019-09-19,64.12394714355469,65.00655809675708,63.95509799774263,64.71491329839873,2432900
2019-09-20,63.58672332763672,64.57678890179189,63.50997528389222,64.17001899999566,3807400
2019-09-23,64.57676696777344,64.8914414523947,63.21830890285571,63.21830890285571,2005100
2019-09-24,63.7785758972168,64.51536742061695,63.14155621311614,64.45397251862417,2846100
2019-09-25,64.20838165283203,64.55375070053182,63.402512734200386,64.03185592157494,2541200
2019-09-26,63.79393768310547,64.10092980128121,62.67340005636593,63.89370953596266,2884900
2019-09-27,64.8070297241211,65.28287104134822,64.08558533284182,64.31583528701591,2861400
2019-09-30,65.42100524902344,66.00430070878008,64.7379379543143,64.98353511808052,2899600
2019-10-01,65.40568542480469,65.98898112924542,64.81471315891717,65.72803073956112,3193700
2019-10-02,63.5483512878418,64.77633753598118,63.14157553659847,64.77633753598118,2785300
2019-10-03,64.11627960205078,64.1393034241724,62.39709923614837,63.156914643656734,2430500
2019-10-04,64.86841583251953,65.01424117407018,64.04719969549522,64.4079218421739,2066600
2019-10-07,64.02416229248047,65.02958049675676,64.02416229248047,65.02958049675676,1994200
2019-10-08,63.94743728637695,64.7302765999116,63.133897588223334,63.48694322809188,2900800
2019-10-09,65.2905502319336,66.10408995326151,64.4079331793704,64.85307998577616,2781400
2019-10-10,65.85079956054688,66.1270970802525,65.14470264602262,65.31355178089804,2477400
2019-10-11,67.5392837524414,68.17630340224423,66.64899038324735,66.9099406607863,3118200
2019-10-14,67.94605255126953,68.30677465768984,66.96366392003864,67.18623725922347,1372200
2019-10-15,68.65214538574219,69.35056579763823,67.40881230464996,67.74650474549686,2197400
2019-10-16,68.37584686279297,69.28916404816295,68.0535016875441,68.3681761601667,2267300
2019-10-17,69.1510238647461,69.67291862753846,68.65215292368738,68.78263100600965,2545300
2019-10-18,69.8878173828125,70.34831725229789,68.78263292034515,68.9975297365055,3796200
2019-10-21,71.53792572021484,71.76049909386104,70.29458662258754,70.62460840344238,3227700
2019-10-22,72.27472686767578,72.59707213193911,71.17721297273174,71.79120897128078,3087300
2019-10-23,72.02912139892578,72.65079388659723,71.56095082108025,71.83724840326775,3534600
2019-10-24,74.37764739990234,74.75371681442044,73.02685993354291,73.14198489670117,4566300
2019-10-25,76.18893432617188,76.62640456676277,74.43905336380826,75.21422198503065,3899200
2019-10-28,76.80292510986328,77.37854411663916,76.46522675212832,76.55732790119221,3941700
2019-10-29,77.3785400390625,77.85438716756819,76.14287750119206,76.46522272268025,3259300
2019-10-30,75.83588409423828,77.13294747276396,75.05304481571055,77.04084632302566,4187000
2019-10-31,74.43138122558594,75.97403602266833,73.77900830184008,75.6516907685466,4396600
2019-11-01,76.6417465209961,76.68779416419171,74.83046505231552,75.06071497929143,2843000
2019-11-04,77.70088195800781,78.15370524508916,76.93339002203837,77.20968758742727,2482500
2019-11-05,77.58575439453125,78.27649828483814,76.71081408530871,78.00020072871538,3286200
2019-11-06,77.01782989501953,77.73927433183036,76.48826433579664,77.24040330330159,2529800
2019-11-07,77.82367706298828,78.01555003116354,76.94106023828239,77.4092307490699,3220800
2019-11-08,77.40923309326172,77.67785408574211,76.44986822333283,77.54738186875142,2678400
2019-11-11,77.2710952758789,77.67786510153456,76.24265294460864,76.7185000955545,1901400
2019-11-12,77.11759948730469,78.18441290925217,76.74920074729795,77.57809352068861,1928200
2019-11-13,76.94107055664062,77.30946928136134,76.08915399525436,76.34242775253117,1887200
2019-11-14,77.3785400390625,77.56273647198446,76.56500042611638,76.64942501110124,2288100
2019-11-15,77.21737670898438,77.67019421423677,76.39616043811161,77.5166981442698,2487600
2019-11-18,77.562744140625,77.60112108504846,76.66477985391215,76.9410774583622,2938000
2019-11-19,75.59578704833984,77.56273401525658,75.26279984708792,77.48529045971267,3641300
2019-11-20,75.2628173828125,75.65775124915716,73.38879279293141,75.6345205403269,4590000
2019-11-21,76.20756530761719,76.5482921862232,75.32475709583059,75.55707597916096,3127700
2019-11-22,75.5106201171875,77.22201789865613,75.38671512813806,76.70317905027052,2877500
2019-11-25,75.38668823242188,76.02168630446424,75.08467731450617,75.71967538654854,3027400
2019-11-26,75.45639038085938,76.21528753126974,75.18534977617098,75.85132412096317,4971000
2019-11-27,75.19310760498047,75.89005830161818,74.86786591592096,75.57255624221658,3016700
2019-11-29,73.94634246826172,75.0692091294532,73.86115927644325,74.99176556735328,1716800
2019-12-02,74.03150939941406,75.17760651425506,73.96955692658742,74.21736090978101,3172900
2019-12-03,72.70732879638672,73.4894627604014,72.59891488946764,73.44299543735406,3345700
2019-12-04,72.18074035644531,73.52817448646495,71.96391255484612,73.52817448646495,3898000
2019-12-05,72.01036834716797,72.38982287846684,71.19726415462901,72.14201885196249,3136100
2019-12-06,72.490478515625,73.52041622026326,72.32011216952087,72.73828249865474,3825100
2019-12-09,71.64640045166016,72.49823227884664,71.45280338332026,72.2891441364959,3172400
2019-12-10,73.23391723632812,73.28812419280341,71.49928872100385,71.79355421213896,2858300
2019-12-11,71.93291473388672,73.55912866620244,71.48376818923292,73.43522963450195,3049700
2019-12-12,73.20291137695312,73.38876287995798,71.95614597424144,72.14200338535903,2495400
2019-12-13,72.64537048339844,74.1941472102718,72.2039693525641,73.24939246158075,2456400
2019-12-16,73.67530059814453,74.48066511953803,72.5601795826591,73.16420740478952,3878000
2019-12-17,74.09346771240234,75.27828078506406,73.7992023054508,74.47291629917655,2971900
2019-12-18,73.18742370605469,74.07022570022436,72.7692534075355,73.9540662992836,4334300
2019-12-19,73.2493896484375,73.86890267864018,72.95512420855398,73.48170851179204,2782300
2019-12-20,73.77596282958984,74.33352329109448,73.08675778915028,73.75273212837935,4801600
2019-12-23,73.75275421142578,73.91537507670435,73.17970841357055,73.79922153587323,1910300
2019-12-24,73.64434051513672,74.07800206525414,73.32684432241781,73.69080783971913,559800
2019-12-26,73.11775207519531,73.86116423800101,72.93190051152256,73.75275033351568,1205800
2019-12-27,72.17301177978516,73.45075409162295,72.11106518485191,73.39654712848393,1752400
2019-12-30,71.92518615722656,72.66859824705543,71.81677226338365,72.02586042159076,2186800
2019-12-31,72.52146911621094,72.63762854866333,71.81677289195015,71.97939373413784,1582000
2020-01-02,73.66756439208984,73.7527475864576,72.99385028332684,73.2803702024598,2130500
2020-01-03,70.87200164794922,73.29584036461708,70.353162999836,73.06352155388228,5057000
2020-01-06,70.87974548339844,71.23596331869675,70.09761180800832,70.5545038826625,3393200
2020-01-07,71.80903625488281,71.83226696071856,69.93501190657011,70.51580318492107,3795500
2020-01-08,72.08780670166016,72.42853945697387,71.23598072148998,71.64640559051017,4101800
2020-01-09,73.70628356933594,73.77597568511132,71.96390977758058,72.56018620896658,3033300
2020-01-10,75.03047943115234,75.48737158525032,73.86889701959592,73.97731090535875,3551800
2020-01-13,74.53488159179688,75.91329196320919,74.19414881392345,75.15439465918227,2703100
2020-01-14,73.87663269042969,74.45742381864358,73.4197405973494,74.36449511120873,3270900
2020-01-15,71.44506072998047,73.45072343718256,70.98042896725647,73.23389567511892,4001900
2020-01-16,71.22822570800781,72.17297430240434,70.80230985585597,72.07230596831064,2829500
2020-01-17,70.63971710205078,71.31343128902607,70.3996585672081,71.19727774514422,2891700
2020-01-21,69.88854217529297,70.42287197836528,69.0134855469997,70.11311548516228,3221500
2020-01-22,69.40068817138672,70.39190434433117,69.35422085145129,70.19056171291606,2129400
2020-01-23,69.31549072265625,69.50134223983369,67.33305287634848,69.06768673038194,2952300
2020-01-24,69.1219253540039,69.74917820457624,68.32430607287714,69.01351142694489,2580300
2020-01-27,65.86173248291016,67.27111906396112,65.64489877895943,67.23239728265563,3369600
2020-01-28,66.55865478515625,67.29432702450859,65.73780529032689,66.30311120250053,2424100
2020-01-29,66.95362854003906,68.48692035905286,66.85296016265372,67.31759207783158,3478200
2020-01-30,68.29331970214844,68.49465644650272,65.8617404273402,66.5509456792888,4281400
2020-01-31,65.28868103027344,68.4559325089258,64.52203820474874,67.80544321142428,6537200
2020-02-03,62.14467239379883,65.42033809898646,61.74973263459409,65.2809479432739,5188900
2020-02-04,62.91130828857422,64.66142762466346,62.725456737697485,63.275271760622104,4504400
2020-02-05,64.87825775146484,65.28868264896056,63.32173544810597,63.9567336855382,3248000
2020-02-06,64.48331451416016,65.56745937248796,64.12709658650223,65.07959684489182,2615100
2020-02-07,65.07960510253906,65.59844393856208,63.677963918976474,64.0728977689024,2333500
2020-02-10,65.33515167236328,65.38161308593546,64.3206988471586,64.58399397633508,2602900
2020-02-11,66.0010986328125,66.10295600829737,65.36647458114125,65.914914381654,1886500
2020-02-12,66.6279067993164,67.99901258063719,66.1186377421736,67.11367214232976,2543800
2020-02-13,65.5780258178711,66.63574073230981,65.51535124184939,66.49471247555442,4507300
2020-02-14,64.74751281738281,65.97758997269136,64.1363925205161,65.96975341111626,2990400
2020-02-18,64.65348052978516,65.3037775415009,64.32441673260755,64.53596201475315,1856600
2020-02-19,65.20980834960938,65.29598666174101,63.72900827126911,64.84156747144077,1831500
2020-02-20,65.94625854492188,66.41635068418424,65.0374145393541,65.23328676217557,2015800
2020-02-21,64.95122528076172,65.42915394584115,64.19907672036099,65.26462200864837,2084800
2020-02-24,61.19047927856445,62.757457011575305,60.87708253645315,62.71044959239959,3868700
2020-02-25,58.32292556762695,61.597909966819024,57.97035191601731,61.44120857358797,4057500
2020-02-26,56.191829681396484,59.14558045748364,56.097808853420105,58.675488272694636,4702000
2020-02-27,51.859134674072266,54.69536080154364,51.522234191922514,54.35062973385396,7682400
2020-02-28,51.906150817871094,51.92181796912929,48.897552673556,49.775059593922265,7421700
2020-03-02,53.1754035949707,53.32426244867367,50.02577428907853,52.470262259506256,6526300
2020-03-03,50.4880256652832,54.09990990355639,49.853398592436385,53.614144642910375,5587900
2020-03-04,50.26080322265625,51.65541220558383,49.38329369318126,51.65541220558383,6485000
2020-03-05,48.341278076171875,49.97877041500794,47.59696283328753,48.65467192296221,5918900
2020-03-06,49.43032455444336,49.88474665176688,45.614733696928006,46.664609149221945,9569600
2020-03-09,45.755760192871094,53.04220452886804,44.940930890680946,45.755760192871094,12531100
2020-03-10,47.361915588378906,50.025776672999285,44.68238137469742,47.581291574855946,10527600
2020-03-11,42.63747024536133,46.80563450435759,41.94016550865923,45.97513508255628,9184800
2020-03-12,34.44217300415039,39.70721962498417,33.447141694036084,39.22929089450367,14645700
2020-03-13,39.096099853515625,39.166613978662156,32.71066370684901,37.68581735058504,9700600
2020-03-16,32.61664962768555,37.59964040878799,32.27191253668254,33.69786235281268,8241800
2020-03-17,30.571741104125977,33.85455893446005,29.77258196637572,32.992722230942725,8839500
2020-03-18,27.437788009643555,29.263316016498052,24.288161541425247,28.526837355393997,8900200
2020-03-19,29.31032371520996,29.357334131721323,24.985464025686262,27.257583347921265,8776000
2020-03-20,30.289676666259766,32.264068786429355,28.534660452073716,30.156485005847628,9225000
2020-03-23,25.557409286499023,29.600212239802616,25.432051171232757,29.2319744573929,6535300
2020-03-24,27.147897720336914,29.23197854612626,26.254717661764076,28.111588926634663,9068400
2020-03-25,31.04966926574707,33.2904482376835,26.521100906886474,28.581677771196492,8933300
2020-03-26,35.72709655761719,36.93367031307661,31.449247412377368,32.07603800327405,10055900
2020-03-27,35.2883415222168,37.19221982872393,32.9222046353484,33.46281091186322,8028700
2020-03-30,36.97283935546875,37.200051849106394,32.1230442400616,33.52549005955515,7691900
2020-03-31,35.539058685302734,38.61033388587304,34.340321567264326,38.37528780236378,7423500
2020-04-01,32.123046875,34.41083316904742,31.731302400914632,32.9692163736355,5354600
2020-04-02,32.51479721069336,36.0404981130577,31.731308121279064,33.541168993784616,8098300
2020-04-03,31.60594367980957,32.906535189163684,31.081004540487093,32.70282938162426,5313400
2020-04-06,36.118839263916016,36.45573975025329,33.57250018597389,33.57250018597389,6213000
2020-04-07,37.61531448364258,39.24497342421752,36.306888978370054,38.7435408236634,7767300
2020-04-08,40.42803955078125,41.33688685886009,37.70149762654474,38.03056462864213,6830800
2020-04-09,39.2527961730957,42.21438650991912,37.87385690195343,42.151705957753315,7708000
2020-04-13,38.93940734863281,41.031321729410706,38.336120406515676,40.694421190452125,4668100
2020-04-14,39.91876220703125,40.3340103900334,38.80620635482854,39.02558529103327,4201000
2020-04-15,36.58894348144531,37.999223337451625,36.04833406135494,37.61531234331171,5311800
2020-04-16,35.25700378417969,37.19222250385209,34.81824888335153,36.46357751987719,5133200
2020-04-17,40.55338668823242,40.67091122610053,35.844619419448165,36.158016194581016,6855700
2020-04-20,39.41733169555664,40.9294656674318,37.82684703234636,37.95220514970928,5451300
2020-04-21,38.743526458740234,39.80123527156939,37.30974034615948,37.68581465713813,5692800
2020-04-22,39.621036529541016,41.32120912953964,39.456504564991434,40.7179222707513,4678600
2020-04-23,40.7962646484375,41.68944146948092,39.871747555729065,40.75709080324263,5164500
2020-04-24,41.1331672668457,41.955830014428024,40.4358626237638,41.36821333918737,4012500
2020-04-27,43.53848648071289,44.08692941612948,40.80411135665474,41.17234917957598,3813900
2020-04-28,45.34050369262695,46.38254540759423,44.19661056833847,45.09762403633615,4570900
2020-04-29,51.92964172363281,52.44674725080326,47.432417250945036,47.90250938084362,9892400
2020-04-30,49.634029388427734,52.29789331456675,48.71734864808706,51.647595978066484,6676400
2020-05-01,46.037818908691406,48.505810807142005,45.708754916244004,47.659644120295994,4667800
2020-05-04,49.87691879272461,49.93176279370845,45.27000178866433,45.794941069361855,6629800
2020-05-05,49.375465393066406,52.14118293751495,48.90537031163005,51.318517292194485,6329600
2020-05-06,47.72230911254883,50.17463022352236,47.47159290190068,49.673197802226056,4406000
2020-05-07,47.99652862548828,50.1824663592215,47.683134859231664,48.599815436217796,4307100
2020-05-08,51.647586822509766,51.8826358833876,48.231577731121426,49.218772429471095,4405300
2020-05-11,51.37336349487305,52.26654030287852,50.93461165305858,50.94244223770132,4981300
2020-05-12,49.62618637084961,52.39190418261343,49.62618637084961,52.10984770424451,5030700
2020-05-13,46.992095947265625,49.371544678381156,46.737439612692164,49.196467309958294,5721100
2020-05-14,47.2785758972168,48.265371278779526,44.41369117198964,45.877966329176104,5237900
2020-05-15,46.77721405029297,48.145993685176755,45.98937221727832,47.10349256375457,3768000
2020-05-18,51.209835052490234,51.655488105876884,49.02934022770415,49.33174570523928,4418800
2020-05-19,50.971107482910156,52.292135307629216,49.74556895225564,51.13822513155912,4573100
2020-05-20,53.58928298950195,54.313465443055534,52.30804785199614,52.38762680684646,5337200
2020-05-21,52.308048248291016,53.94739780227087,52.01359943448046,53.334627095162304,2959700
2020-05-22,52.26826095581055,52.50700391750297,50.89152424590046,52.164808910536216,3521100
2020-05-26,54.671573638916016,55.82548973155799,54.26571914874872,54.28959222799561,4833500
2020-05-27,55.8493537902832,56.73269400865568,54.7113573152663,55.785688208251074,4359800
2020-05-28,53.422176361083984,56.10403079920667,52.94469646219651,55.88120725115827,4992100
2020-05-29,53.03221893310547,54.05880374106961,52.32395598420908,53.286875206062774,4971900
2020-06-01,52.98447799682617,53.589282909979175,51.965852804689476,53.18342841939928,3893900
2020-06-02,54.26570510864258,54.66360585043586,52.936712016725565,53.533563129415484,4373900
2020-06-03,56.13584518432617,56.4462073203503,54.631780656983345,55.10926039921396,4963100
2020-06-04,55.74589538574219,56.17562283651076,55.037632563368604,55.40370051088322,3391700
2020-06-05,59.39863586425781,60.28197619923268,58.141267774827014,58.16514085336933,5700500
2020-06-08,60.17851638793945,61.3642590169544,59.06439298529184,60.48091879618611,4397300
2020-06-09,56.71678161621094,58.64262624704211,56.52579091789585,58.21289262221953,4902400
2020-06-10,54.95010757446289,57.57624943456062,54.655658771726564,56.99531761726436,4571200
2020-06-11,48.28925323486328,52.93673281022215,47.970931302095416,51.36900837180213,6214000
2020-06-12,50.764198303222656,51.44858834708849,49.07709627647428,50.843777270105335,3575200
2020-06-15,50.60502624511719,50.90743171734554,47.39794661774265,48.44044481989084,4972900
2020-06-16,52.650245666503906,53.93148087322566,51.25759263119051,53.07201961433259,4046100
2020-06-17,49.5943603515625,52.395579587881336,49.57844395370651,52.395579587881336,4649800
2020-06-18,51.43266677856445,52.005645030743246,48.81448123345386,49.100970359543254,3817800
2020-06-19,50.26283645629883,53.2073034240806,50.15142470134504,52.5388268228726,9539900
2020-06-22,49.86492919921875,50.13550187042534,48.909966651681245,49.681895191599914,3138000
2020-06-23,49.856971740722656,50.7323522914548,49.73760028574,50.45382294415154,2628500
2020-06-24,46.17241287231445,49.00546788673585,45.59147802235228,48.830390549359535,5688100
2020-06-25,45.583518981933594,46.514608520461096,45.034416918938,45.55964590311628,4887000
2020-06-26,44.819549560546875,45.58351843089039,44.29432058271791,45.40048441210449,4851900
2020-06-29,45.3209114074707,46.30770390222907,44.61264831790797,45.12196096497588,3636900
2020-06-30,46.809051513671875,47.031874998062776,44.38185715554627,44.835463840623355,5122500
2020-07-01,44.91504669189453,47.986841728449285,44.859340815956394,47.11146107592778,3172200
2020-07-02,44.83546829223633,46.379322510894816,44.684267060778964,45.83022042595142,3834600
2020-07-06,44.938926696777344,45.99734146695505,43.88846860853267,45.75860154430723,3595800
2020-07-07,42.272987365722656,44.190869428026204,42.18544868904504,44.166996347384206,6069900
2020-07-08,42.16157150268555,43.0767446242498,41.47718159066253,42.01037028043909,5539400
2020-07-09,39.96516036987305,42.034243473296755,39.68662796719597,42.010370394914474,6920900
2020-07-10,42.694759368896484,42.70271604960128,39.91741029860224,39.96515949005804,5180700
2020-07-13,42.36052322387695,43.403024521525346,41.78754504065127,43.108575713066315,4305500
2020-07-14,43.2916145324707,43.37915017114173,41.66817830446096,41.93875100912925,4671100
2020-07-15,45.54372787475586,45.718805208461276,44.15903470956211,44.755885944566195,3941400
2020-07-16,45.026458740234375,46.029167481861535,44.37389859542272,45.08216461278353,2530900
2020-07-17,44.143123626708984,46.09283546718663,44.02375215104015,45.344782922124416,3093300
2020-07-20,43.23591613769531,44.67631554898451,43.18020721509253,44.03967467362936,2329200
2020-07-21,45.82225799560547,46.10874402414821,43.78500478848975,44.00782826704817,4050700
2020-07-22,45.416404724121094,46.108751382809004,44.58081351042979,45.01054717543996,2741100
2020-07-23,45.89387512207031,46.00528989198427,44.87525008307931,44.93891566588728,3576100
2020-07-24,46.14058303833008,46.75335072272986,45.72676578253765,45.93367592830518,2978400
2020-07-27,46.18037033081055,46.267909000972686,45.209494349471065,45.99733630944537,2678400
2020-07-28,45.27315902709961,46.586233069594066,44.978713242905705,45.854093914073594,3645500
2020-07-29,47.50140380859375,47.557109686409525,45.47211001971739,45.838178084147565,4510900
2020-07-30,44.82750701904297,45.65513840235215,43.29160963905521,44.907085967291565,6257300
2020-07-31,44.747928619384766,44.930962643611494,43.82479878134334,44.198826546704595,5120100
2020-08-03,43.66264724731445,45.080002708250674,43.39537610983885,44.73173797639631,5396500
2020-08-04,42.94181442260742,43.67883902152837,42.059004466573384,43.484457515514514,5702700
2020-08-05,41.80793380737305,44.043307480510755,41.54066268164829,43.962313889692965,5284500
2020-08-06,41.69453430175781,42.909410020653745,41.38676492121933,41.59734510933098,3924600
2020-08-07,42.65024185180664,42.8203237311718,41.0871013271518,41.48396213525959,3310200
2020-08-10,43.37106704711914,43.549249826381626,42.431563183934394,42.92561318855198,5663300
2020-08-11,43.452064514160156,45.13669089674267,43.290080435745274,44.56974816708525,4711000
2020-08-12,44.64263153076172,44.66693114568557,43.330566639655125,44.26197257895981,3138300
2020-08-13,43.079498291015625,44.49685350732919,43.00660561345022,43.99470566720593,3411000
2020-08-14,44.10810089111328,44.156697047397095,42.642152373499655,42.80413338193299,3693700
2020-08-17,45.031402587890625,45.50115612516984,43.87322055173195,44.027106822711424,4335800
2020-08-18,44.33486557006836,45.177177046954924,44.23767328883673,44.74792195174234,2567300
2020-08-19,43.94610595703125,44.529247330289536,43.46015687237529,43.994702101332415,3031100
2020-08-20,42.6826286315918,43.69502493172638,42.099487374046014,43.476346960146714,3796100
2020-08-21,42.61783981323242,43.11188977191048,42.148089470114584,42.5692467612895,2936800
2020-08-24,44.53734588623047,44.6912290340275,42.74742661862576,42.98230333599132,3226400
2020-08-25,43.93800735473633,45.2014792775577,43.492553520209775,44.66693405820806,3380900
2020-08-26,43.49256134033203,44.270081237443556,43.13619573696384,43.85702475759975,4065200
2020-08-27,43.281978607177734,43.69503815278389,42.382973015895146,43.59784894364861,3453600
2020-08-28,44.456356048583984,44.561646153067336,43.443959515906855,43.443959515906855,3805600
2020-08-31,42.593544006347656,44.74792355053654,42.54494786399555,44.63453564130378,4486200
2020-09-01,42.496360778808594,43.24958409829954,41.78363270550323,42.34247451787844,3197800
2020-09-02,42.852718353271484,43.23338042083091,42.03470335166955,42.601642912389266,3959500
2020-09-03,42.38296890258789,44.12428904295086,41.84032276760259,42.917514135337726,3624200
2020-09-04,41.483951568603516,43.02279208310272,41.0303969162353,42.7312214558366,3700500
2020-09-08,39.467262268066406,41.305774565558586,39.42676702856694,40.900815991386445,4513400
2020-09-09,38.673545837402344,40.06660439340759,38.341479912957944,39.83172766671574,4490400
2020-09-10,36.9565315246582,38.924631037719806,36.754052176315156,38.7707447556417,4870800
2020-09-11,37.572059631347656,37.88792685525044,36.55966309853665,36.92412646826642,3969400
2020-09-14,38.47917175292969,38.94082748261867,37.693554028151134,37.7907432445959,5927700
2020-09-15,37.70974349975586,39.01370751197301,37.693544786055256,38.63304855356931,3568400
2020-09-16,39.76693344116211,40.52825758950469,37.71784390574087,38.11470469472678,6197100
2020-09-17,39.685951232910156,39.710247765404496,38.7464472048575,38.91652911149704,6633400
2020-09-18,39.4510612487793,39.7669284238397,38.69783809767132,39.31337682460981,8200400
2020-09-21,38.3576774597168,38.79503347067137,37.49916415187138,38.21189212273194,6162500
2020-09-22,38.40626907348633,38.83552725612192,38.06610535965791,38.26858464348587,4799600
2020-09-23,36.049415588378906,38.43057429064353,36.01702124633158,38.422473387939846,4627500
2020-09-24,36.10611343383789,36.891731085997314,34.76974870049486,35.68495608205457,3818100
2020-09-25,35.571556091308594,35.790234070098,34.842632584932325,35.571556091308594,4687200
2020-09-28,36.300498962402344,36.907937034851635,36.14661576296752,36.300498962402344,3247900
2020-09-29,35.15850830078125,36.43817906069022,34.91553373953969,36.373384196578236,4385200
2020-09-30,35.08560562133789,35.960317499953966,34.76973847281152,35.2880848795818,4757000
2020-10-01,32.62346649169922,34.01652517813917,32.16991479999444,33.70875575191866,10606700
2020-10-02,32.9879264831543,33.40098597653279,31.48148002888236,31.78115161100836,6992100
2020-10-05,34.88313674926758,34.923631995055835,33.40908755753267,33.571071630274915,5107900
2020-10-06,34.28379821777344,35.89553179358498,34.08941672094945,35.53106841803317,4450100
2020-10-07,34.299983978271484,34.713043381621375,33.90312637538509,34.4214727650422,4239500
2020-10-08,35.92792510986328,35.94412382354248,34.227097248612054,34.53486662933939,3251400
2020-10-09,35.34479522705078,36.35719198808954,34.94793742689384,36.25190185985639,5617900
2020-10-12,34.899330139160156,35.22329823520059,34.194703083299274,35.037014571744656,3733300
2020-10-13,33.554866790771484,34.73734505370329,33.530570265650134,34.5510644853994,3890900
2020-10-14,33.781646728515625,34.51867128001515,33.571069609339624,33.579167422174116,3692900
2020-10-15,33.660160064697266,33.789746693577406,32.21850534261816,33.12561483436807,5678300
2020-10-16,32.57487487792969,33.73305686705714,32.526278727553326,33.66826199988866,5518900
2020-10-19,31.82164192199707,32.76924339601119,31.708254028312137,32.736845972218816,5086800
2020-10-20,32.9636344909668,33.311899174630526,32.14561629367691,32.19421244357974,4120600
2020-10-21,32.83405303955078,33.64397046180163,32.19421753447107,32.61537496479228,5592100
2020-10-22,33.433380126953125,33.52247151088808,31.117016502999782,32.53437156482967,6561200
2020-10-23,33.99222946166992,35.16660705399308,33.198510892617406,33.757352707369584,6217000
2020-10-26,32.02412796020508,33.449580923115654,31.756853791765508,33.38478915141424,4902000
2020-10-27,30.987430572509766,31.951234013490044,30.955036232743783,31.683959855695505,4886800
2020-10-28,29.31090545654297,30.509582668600125,29.148924471078175,30.0479300629291,6338200
2020-10-29,30.396196365356445,30.558180449056504,28.703469024349143,28.986941943221602,5068700
2020-10-30,31.270904541015625,31.30330197150604,29.894044641063157,30.137019190563233,6549500
2020-11-02,32.315704345703125,32.63966944041922,31.14132353958201,31.87024731988542,4660100
2020-11-03,31.97553253173828,32.95553165882888,31.554375192667067,32.86644335693901,4003300
2020-11-04,31.56247329711914,32.48577838224692,30.67966345282193,31.991728411183047,4643600
2020-11-05,32.01603317260742,32.61537339565813,31.505787445642085,31.6434719177976,4695000
2020-11-06,30.9145450592041,32.31570485213305,30.760661868521616,31.951241411474932,4378700
2020-11-09,40.5606575012207,41.23288721442511,36.36528588475707,36.37338369786546,19211600
2020-11-10,40.46346664428711,41.354377507735755,38.876029513968156,41.30578135859117,8816600
2020-11-11,40.32578659057617,41.1681013968103,39.74264509555415,40.665950402945974,6325300
2020-11-12,38.29288864135742,40.48776685444888,38.0337153546496,39.46726933464621,5754500
2020-11-13,41.24098587036133,41.621647975606486,38.71404485519304,38.76264100360387,5714300
2020-11-16,45.08808898925781,45.355363147953796,42.488255521742516,45.355363147953796,9029300
2020-11-17,44.64290237426758,44.75832211403518,42.853886973013616,43.62885032927612,5972200
2020-11-18,42.25205612182617,45.09634150438346,42.24381320197163,44.989164676560975,5562700
2020-11-19,42.21907424926758,42.41693890195824,40.72685744232698,41.09784855557504,4768400
2020-11-20,41.897544860839844,42.754953071687574,41.52655062105459,42.177851270349606,3000800
2020-11-23,46.2422981262207,46.30825091837336,42.54060449744446,42.70549119525438,7368900
2020-11-24,48.22093200683594,49.39986450057127,46.81939979878589,47.924136581019205,8712000
2020-11-25,46.5225944519043,47.643819979240064,46.46488459196362,47.33877855389476,4372400
2020-11-27,46.67924499511719,47.157416102149334,46.00321236755269,46.11038919239648,1755000
2020-11-30,44.329612731933594,46.489618999736436,44.28014578719246,45.920763287495895,5482200
2020-12-01,44.8490104675293,46.01145708778753,44.74183364581696,45.26122562570529,4155600
2020-12-02,47.87467575073242,47.94887461667535,44.148249757176146,44.26366951643123,5276000
2020-12-03,47.742759704589844,48.77329760457231,47.050238110003534,47.99008817159522,4011100
2020-12-04,50.51284408569336,50.842614313677615,48.69085390535304,48.781538595206136,5207100
2020-12-07,49.02063751220703,50.183084408885605,48.6991101155655,50.00995475607137,4660000
2020-12-08,48.624900817871094,49.540018993609124,48.10550882583964,48.229174634164515,4539900
2020-12-09,48.476497650146484,50.55406223950371,47.58611462325156,49.4658145705478,4383200
2020-12-10,49.358638763427734,50.67772906580595,47.99008465824095,47.99833072201029,3878200
2020-12-11,48.66611862182617,49.943988077034334,48.047795909287494,49.943988077034334,3768700
2020-12-14,46.4896240234375,49.50703878977393,46.36596136564909,49.399861970395705,4008400
2020-12-15,47.38825225830078,48.08901988536139,46.308247456097895,47.132677738556055,3524100
2020-12-16,46.926570892333984,47.70978030174981,46.41542498990605,47.01725872799661,5016200
2020-12-17,46.448402404785156,47.36352052476262,46.003209295884986,47.29756459235432,4719500
2020-12-18,45.154048919677734,46.43191528430681,44.79954363114197,46.17634075340016,10658500
2020-12-21,44.56045913696289,45.38488947490838,42.787935797351395,43.241371854230984,5343900
2020-12-22,44.271907806396484,45.12931607449041,44.148242003227395,44.22244085613845,4594200
2020-12-23,45.994964599609375,46.143362296842156,44.60167545836292,44.72534125437418,3282800
2020-12-24,45.90427780151367,45.96198766896376,44.98091677736049,45.788858066613514,1352000
2020-12-28,45.41786575317383,46.93481764434442,45.24473614343611,46.35771580026665,2450600
2020-12-29,45.714656829833984,46.06916207992179,44.95617938373273,45.681678865883555,2470800
2020-12-30,46.761680603027344,46.86885426157414,45.67343302197945,45.84656260420263,2732100
2020-12-31,46.63801956176758,47.107944558423455,46.1351165999196,46.64626562554153,2537700
2021-01-04,45.945499420166016,47.553139105414125,45.162290020178276,47.0172581620141,3028300
2021-01-05,47.256351470947266,48.583684951691914,46.23405951027917,46.29176938814176,3946300
2021-01-06,48.31161880493164,49.012386511928206,47.19863905463727,48.36108575970448,5597300
2021-01-07,49.193756103515625,49.474062540499425,48.05604451659796,48.69909916528639,3040400
2021-01-08,47.57786560058594,49.622452098279744,47.23160642970425,49.622452098279744,3913500
2021-01-11,48.34459686279297,48.79803294170312,45.91252661869922,46.423675717425574,2885300
2021-01-12,49.061851501464844,49.30093707118739,48.24566717027737,48.822769076694684,3634800
2021-01-13,47.56963348388672,48.98765159679959,47.355279824233826,48.92994172188204,4434000
2021-01-14,49.68842315673828,50.29849992313603,47.86643263324002,47.899407460782626,4459500
2021-01-15,48.06427764892578,49.169014187972685,47.15740573185135,49.111304328428936,3710600
2021-01-19,49.9110107421875,50.24902703685248,48.41879077820445,48.64138733492802,3941400
2021-01-20,49.93574142456055,51.10643404854612,49.06184420228828,49.8862744759577,3222800
2021-01-21,48.52596664428711,49.869788877404815,48.237414160146685,49.267952007179794,3083000
2021-01-22,49.012386322021484,49.169026960766764,47.15741798208339,47.49543430934068,3000100
2021-01-25,48.97940444946289,49.20200100991252,47.70153810165387,48.42703765293947,3093800
2021-01-26,47.940616607666016,49.9687141118669,47.940616607666016,49.457568276773124,3150300
2021-01-27,48.418792724609375,49.927501732512056,46.885351813282746,47.40474379985031,4744800
2021-01-28,48.089019775390625,49.91100994066814,47.116191792718524,49.09482257912217,4363000
2021-01-29,46.5225944519043,49.42458900943466,46.11862228736805,47.8169495590621,5512600
2021-02-01,46.36595916748047,47.40473991043466,45.21175554646306,46.94305783303732,4159400
2021-02-02,47.627342224121094,48.71559004657164,46.58031529063641,47.51192247703577,3919200
2021-02-03,49.54825973510742,50.38917901787521,47.816957364377984,47.816957364377984,5257300
2021-02-04,50.33971405029297,51.04872144963349,49.57299363797224,50.191316348234,3643600
2021-02-05,50.88383865356445,51.58460314412713,50.51284439299222,51.13116711229528,3127500
2021-02-08,53.41484069824219,54.03316343257758,51.39498580375615,51.46093859337685,4217700
2021-02-09,53.24995040893555,53.75285339844363,52.26063655837438,53.41484024396512,3864900
2021-02-10,54.50565719604492,54.7484262075654,53.065789341128664,53.392270263253934,3574100
2021-02-11,54.0368537902832,54.40518739525757,52.63884219069863,54.13730550672712,2505400
2021-02-12,54.19590759277344,54.229393629120054,53.40900489905302,53.43412102301508,2578100
2021-02-16,56.05433654785156,56.69893151831084,55.033034875971154,55.250690901160716,4645500
2021-02-17,57.02542495727539,57.41050484885433,55.56044419315998,56.33897708327654,3352600
2021-02-18,56.782649993896484,57.26818795762273,55.54369215314826,56.74079085030303,3096500
2021-02-19,59.88003158569336,60.39905555720353,57.075641569396375,57.15098035937895,5783400
2021-02-22,62.15702819824219,63.10298471197468,59.95537414515128,59.99722689771178,4771800
2021-02-23,63.46295166015625,63.78943250977796,60.92644364995316,63.16995684470189,4794700
2021-02-24,65.43022155761719,65.65624432307173,63.83129682716377,63.95686786877562,4578400
2021-02-25,65.4218521118164,66.51849273717559,64.50100839982565,66.02458803582748,6460800
2021-02-26,64.4424057006836,65.3213902166761,61.32827453131937,64.63494242888784,5344400
2021-03-01,65.12883758544922,66.30081665393449,65.06186552816237,65.71482711969186,2974200
2021-03-02,64.1494140625,65.93250906550277,64.1075613003264,65.03677820382686,3458500
2021-03-03,64.90282440185547,66.76963103889179,64.43403265952175,64.80237267810308,4145800
2021-03-04,63.93177032470703,65.80694413384714,61.78034143489437,65.29629312538331,6359300
2021-03-05,66.15850067138672,66.18361359421233,62.634177862848524,65.29625625807299,4664400
2021-03-08,67.43933868408203,69.14708839643801,66.58546702130857,66.97054689956398,4834600
2021-03-09,64.10755157470703,68.09229414516963,64.04895260710636,66.76125771532217,5459600
2021-03-10,68.1174087524414,68.22623357422917,64.54285281555948,64.96141866570814,4069300
2021-03-11,69.04663848876953,70.64555701712044,68.20950663039692,68.26810560501063,4254300
2021-03-12,68.99639892578125,70.10141260631197,68.35181027330856,69.37311205423106,2492000
2021-03-15,68.50248718261719,69.68283953502217,67.14633155631455,69.23916076472783,2961000
2021-03-16,66.40129852294922,67.74070821439064,65.88227447328664,67.38911436791399,3793200
2021-03-17,66.25060272216797,66.80311271396491,64.52611345105886,65.8655229037071,3556900
2021-03-18,61.696617126464844,65.97436155288956,61.529193304848874,65.87390981464374,6233000
2021-03-19,61.696617126464844,62.759778192835356,60.817632482766925,61.95613235282181,11305400
2021-03-22,60.50787353515625,61.637999964657105,59.79631292301182,61.545914973894085,4149100
2021-03-23,58.66619110107422,60.40742657086504,58.364823177963956,59.294039876419255,4084700
2021-03-24,60.089324951171875,61.48733364925171,59.754470923890466,59.99723993399925,2895500
2021-03-25,60.62507247924805,60.95155331136767,57.803942910070376,58.632701454158074,3263000
2021-03-26,61.202693939208984,62.50861723735499,60.106053548422665,61.939367473864365,2730800
2021-03-29,60.15629959106445,61.08551652253431,59.20196972417265,60.348836353839154,2406200
2021-03-30,60.089324951171875,61.00180201584348,59.31079205213657,59.570307276354576,2364700
2021-03-31,59.93864059448242,60.616721751984734,59.39450360180354,59.81306953666279,3014500
2021-04-01,63.03602600097656,63.06113893265142,59.69586557842984,60.39068649320801,3792700
2021-04-05,62.46674346923828,63.78940614472994,61.19430024402931,63.70569428731482,3820200
2021-04-06,62.09843826293945,64.42566368565448,61.37850439143365,62.868597999542764,3626100
2021-04-07,62.290977478027344,62.99416509246117,61.76358038039349,62.22400540423122,2774000
2021-04-08,61.010162353515625,61.7635822393775,60.19814988482921,61.46221428503275,4285400
2021-04-09,59.51169204711914,61.30315983803924,59.25218325273541,60.73391000208167,3503600
2021-04-12,58.8503532409668,60.95992203431837,58.69966929952689,60.21487543131192,3111800
2021-04-13,58.8336067199707,59.319144571675764,58.21413113592359,58.699668987628655,3951900
2021-04-14,60.50787353515625,61.53754825604837,59.41960624211404,59.53680416002924,3461300
2021-04-15,59.76283645629883,60.440911145164264,59.10150159261157,60.10606354713249,2820300
2021-04-16,60.69205093383789,61.7803247466852,59.38612746786776,60.959932834211465,5629600
2021-04-19,59.31078338623047,60.81762309542759,58.741533539068044,60.281859284781596,3653900
2021-04-20,57.49420928955078,59.07638779832667,56.5984785656046,58.66619502596474,4263100
2021-04-21,58.8503532409668,59.15172112384661,56.447783282121335,56.75752426919425,2644600
2021-04-22,57.326786041259766,59.09312818843252,57.03378481424765,58.88384524731444,4375000
2021-04-23,58.749900817871094,58.96755684023575,57.25980746812925,57.91276914841543,3065700
2021-04-26,59.03453063964844,59.35264480535319,58.3480828317505,58.71642286075235,2142700
2021-04-27,60.1228141784668,60.323724050758045,59.034540128837314,59.26056932362344,2457900
2021-04-28,62.04819107055664,62.265840669040976,60.43252696823304,60.43252696823304,3892000
2021-04-29,62.66769027709961,63.50482212008858,62.106813475131176,62.95231203804749,3792000
2021-04-30,61.91426467895508,63.47970338143554,61.31152878523408,61.8305527796735,3160600
2021-05-03,65.4218521118164,65.68973403506479,63.077880493286436,63.220191367897705,4577900
2021-05-04,65.43022155761719,66.31757918120626,64.22474977703695,65.46370120769242,3802600
2021-05-05,67.02078247070312,67.17983958640028,64.90283964021151,65.84042973182159,4558000
2021-05-06,67.35562133789062,67.45607944937781,65.93249988593591,67.31376858154404,2787500
2021-05-07,67.3807373046875,67.90813443024473,66.20875149843778,66.35943547905286,3186800
2021-05-10,66.66918182373047,68.49412956149305,66.63569578240894,67.8830204842915,4286200
2021-05-11,65.0367660522461,66.15851950313557,64.06569018120007,65.19581673768359,3421300
2021-05-12,66.94542694091797,69.03825631190173,65.13721929871998,65.47207327543906,5653600
2021-05-13,65.71485900878906,67.66537801283975,64.93632602875394,66.24224984553156,3693400
2021-05-14,68.8429183959961,68.90225817352172,66.37607168165887,66.73211034681259,5325600
2021-05-17,69.19047546386719,69.41935558490094,67.30854781351255,68.43600990566912,3612400
2021-05-18,67.46113586425781,69.59737401459468,67.41874754318913,69.1226558628642,3046300
2021-05-19,65.51138305664062,66.30823684786557,64.49412812671231,65.89285850602558,4503600
2021-05-20,65.26555633544922,65.86743302763671,64.51109073062615,65.34185402554212,3308400
2021-05-21,65.44357299804688,67.00337142693093,65.37576073661276,66.08783798829572,2826200
2021-05-24,66.38453674316406,66.87621282623306,65.56225244123314,66.13022621118179,2217000
2021-05-25,65.55379486083984,66.35064247001867,65.05363970601401,66.35064247001867,3340200
2021-05-26,67.0457534790039,67.23225175048347,65.50291296160476,65.74027851374693,3333500
2021-05-27,68.48686218261719,68.63945106680711,67.24072070632437,67.24072070632437,4947700
2021-05-28,68.15625762939453,68.98701434598937,67.92737105718518,68.8768137722715,2321900
2021-06-01,69.6651840209961,70.30944890880616,69.1056892971626,69.11416825382494,3153600
2021-06-02,71.53864288330078,71.8777300561837,69.33458596088668,70.20773106546402,3441300
2021-06-03,70.6315689086914,72.01334115722061,70.48745900196803,71.1401962937756,3027300
2021-06-04,70.56376647949219,71.428439054422,69.47869274962305,70.98762380944417,2980000
2021-06-07,70.0975341796875,71.2249898727227,69.86864757721214,70.4874821854249,2597400
2021-06-08,70.5807113647461,70.8011124789976,68.55467421900248,69.85167637441049,3197700
2021-06-09,69.4532699584961,71.32671878615601,69.42783955071909,70.87743100196137,3366300
2021-06-10,69.46173858642578,71.37756898627049,68.90224382833972,70.71635261220467,2903800
2021-06-11,68.91073608398438,70.24164804613817,68.86834775744644,69.9703795719269,2194200
2021-06-14,69.47023010253906,70.06363438432282,68.86835332880277,69.22439848489347,3042300
2021-06-15,69.76690673828125,71.01304163485229,69.13112085597935,70.02969616668388,2819300
2021-06-16,69.05484008789062,69.88560335647928,67.61372765565217,69.25828980910723,3326500
2021-06-17,66.61341857910156,69.30067246052725,65.82504369791285,68.78356600794383,3981300
2021-06-18,64.44327545166016,66.3591126868322,64.34155381615317,65.67246577695774,7077700
2021-06-21,67.80022430419922,67.87651552249675,64.92646553154474,65.0621029874735,3682300
2021-06-22,68.64791870117188,69.12263672144357,66.68969393245523,67.37634703183159,4484200
2021-06-23,68.53772735595703,70.3603151256123,68.42752678106605,69.52955193262429,4793200
2021-06-24,69.28369903564453,69.55496737820013,68.41902674730967,69.13958267589042,4225300
2021-06-25,69.58890533447266,70.01276273756011,68.43601914822145,69.41936496025797,9568400
2021-06-28,65.88438415527344,69.41935272159398,65.62159468130535,69.33458254943164,6461800
2021-06-29,65.2061996459961,66.56254159113865,65.146859888007,66.30823111442048,5199300
2021-06-30,66.18955993652344,66.52016812518866,65.20620786020167,65.40118507104111,4259800
2021-07-01,65.960693359375,67.630692723384,65.7487646373952,67.39333358957484,4679200
2021-07-02,66.18108367919922,66.50321292378263,65.19773803031062,66.2489024046535,2980400
2021-07-06,63.324283599853516,66.05392588662576,63.25647134122944,65.92676739193736,5822200
2021-07-07,61.298248291015625,63.654894137725485,60.88286989619444,62.95129584743041,8220500
2021-07-08,59.56044006347656,60.83201218671658,58.975514817170065,60.10297698532162,5815300
2021-07-09,61.2897834777832,61.40846303402654,59.59435385424896,60.44206866601608,3532400
