band,confidence,entry_date,entry_price,entry_transaction_cost,exit_date,exit_index,exit_price,holding_days,leg_allocated_entry_cost,leg_exit_date,leg_exit_index,leg_exit_price,leg_exit_transaction_cost,leg_gross_pnl,leg_leg,leg_number,leg_pnl,leg_r_multiple,leg_shares,mae_r,market_regime,market_regime_score,mfe_r,momentum_score,r_multiple,relative_strength_score,return_pct,sector,signal_date,stop_hit,support_resistance_score,ticker,total_pnl,total_transaction_cost,tp1_hit,tp2_hit,trade_id,trend_score,verdict,volatility_score,volume_score
0-59,47,2024-05-02,170.88221899802772,8.544110949901386,2024-05-03,202,181.58916000000002,2,4.272055474950693,2024-05-03,202,176.50170500000002,4.412542625,280.97430009861455,TP1,1,272.2897019986638,0.21487136707552368,50,-0.13330779484520291,Defensive,35,1.1253497909450358,55,0.6303749704346617,26,4.674710875749734,Technology,2024-05-01,False,70,AAPL,798.8249676223279,17.49638257490139,True,True,AAPL-2024-05-01,25,SKIP,90,45
0-59,47,2024-05-02,170.88221899802772,8.544110949901386,2024-05-03,202,181.58916000000002,2,4.272055474950693,2024-05-03,202,181.58916000000002,4.539729,535.3470500986148,TP2,2,526.5352656236641,0.41550360335913805,50,-0.13330779484520291,Defensive,35,1.1253497909450358,55,0.6303749704346617,26,4.674710875749734,Technology,2024-05-01,False,70,AAPL,798.8249676223279,17.49638257490139,True,True,AAPL-2024-05-01,25,SKIP,90,45
0-59,58,2024-05-02,390.9976689662835,19.549883448314176,2024-06-12,229,435.06236,29,9.774941724157088,2024-05-21,214,421.75901500000003,10.543975375,1538.0673016858254,TP1,1,1517.7483845866684,0.7315271836335543,50,-0.15199310400052443,Defensive,35,2.19503108413289,20,1.7834926138264706,42,9.463819682943997,Technology,2024-05-01,False,100,MSFT,3700.3314355483353,40.97041782331418,True,True,MSFT-2024-05-01,50,SKIP,90,70
0-59,58,2024-05-02,390.9976689662835,19.549883448314176,2024-06-12,229,435.06236,29,9.774941724157088,2024-06-12,229,435.06236,10.876559,2203.234551685824,TP2,2,2182.583050961667,1.0519654301929164,50,-0.15199310400052443,Defensive,35,2.19503108413289,20,1.7834926138264706,42,9.463819682943997,Technology,2024-05-01,False,100,MSFT,3700.3314355483353,40.97041782331418,True,True,MSFT-2024-05-01,50,SKIP,90,70
60-74,64,2024-05-02,84.3452654824766,4.21726327412383,2024-05-23,216,96.60167500000001,16,2.108631637061915,2024-05-06,203,90.53471,2.26336775,309.4722258761699,TP1,1,305.10022648910797,0.21909831943458644,50,-0.09256516438299198,Defensive,35,1.5648587348403038,35,0.6559279103171318,90,10.829262598538882,Technology,2024-05-01,False,50,NVDA,913.3970288532165,8.89567289912383,True,True,NVDA-2024-05-01,75,WATCH,90,70
60-74,64,2024-05-02,84.3452654824766,4.21726327412383,2024-05-23,216,96.60167500000001,16,2.108631637061915,2024-05-23,216,96.60167500000001,2.4150418750000004,612.8204758761705,TP2,2,608.2968023641085,0.43682959088254536,50,-0.09256516438299198,Defensive,35,1.5648587348403038,35,0.6559279103171318,90,10.829262598538882,Technology,2024-05-01,False,50,NVDA,913.3970288532165,8.89567289912383,True,True,NVDA-2024-05-01,75,WATCH,90,70
60-74,65,2024-05-02,122.9801134535165,6.149005672675825,2024-06-12,229,144.20786,29,3.074502836337912,2024-05-15,210,137.30131500000002,3.432532875,716.0600773241761,TP1,1,709.5530416128381,0.6132636853246967,50,-0.2841244416675838,Defensive,35,2.1047716115105093,20,1.5248430161801614,51,14.34590211422698,Technology,2024-05-01,False,100,AVGO,1764.2606696006762,13.186735047675825,True,True,AVGO-2024-05-01,65,WATCH,90,85
60-74,65,2024-05-02,122.9801134535165,6.149005672675825,2024-06-12,229,144.20786,29,3.074502836337912,2024-06-12,229,144.20786,3.6051965000000004,1061.3873273241759,TP2,2,1054.7076279878381,0.9115793308554648,50,-0.2841244416675838,Defensive,35,2.1047716115105093,20,1.5248430161801614,51,14.34590211422698,Technology,2024-05-01,False,100,AVGO,1764.2606696006762,13.186735047675825,True,True,AVGO-2024-05-01,65,WATCH,90,85
0-59,52,2024-05-02,112.49042380891977,5.624521190445988,2024-06-12,229,128.165885,29,2.812260595222994,2024-06-12,229,124.41776000000002,3.110444,596.3668095540122,TP1,1,590.4441049587892,1.058063195872365,50,-0.1796787237348028,Defensive,35,4.488817598836344,20,2.4517864657620443,46,12.162819824704833,Technology,2024-05-01,False,100,ORCL,1368.200756792578,11.939112315445989,True,True,ORCL-2024-05-01,40,SKIP,90,45
0-59,52,2024-05-02,112.49042380891977,5.624521190445988,2024-06-12,229,128.165885,29,2.812260595222994,2024-06-12,229,128.165885,3.204147125,783.7730595540115,TP2,2,777.7566518337886,1.393723269889679,50,-0.1796787237348028,Defensive,35,4.488817598836344,20,2.4517864657620443,46,12.162819824704833,Technology,2024-05-01,False,100,ORCL,1368.200756792578,11.939112315445989,True,True,ORCL-2024-05-01,40,SKIP,90,45
60-74,61,2024-05-02,180.94043110656733,9.047021555328365,2024-06-13,230,183.73808683013917,30,4.523510777664183,2024-05-07,204,189.67511500000003,4.741877875000001,436.7341946716351,TP1,1,427.46880601897095,0.20268376870013893,50,-0.33524378679856254,Defensive,35,0.5101633905588796,35,0.26468621074100124,58,3.085184587188063,Consumer Discretionary,2024-05-01,False,25,AMZN,558.2346292491451,18.382351601081844,True,False,AMZN-2024-05-01,75,WATCH,90,100
60-74,61,2024-05-02,180.94043110656733,9.047021555328365,2024-06-13,230,183.73808683013917,30,4.523510777664183,2024-06-13,230,183.73808683013917,4.59345217075348,139.8827861785918,TIME,2,130.76582323017414,0.062002442040862325,50,-0.33524378679856254,Defensive,35,0.5101633905588796,35,0.26468621074100124,58,3.085184587188063,Consumer Discretionary,2024-05-01,False,25,AMZN,558.2346292491451,18.382351601081844,True,False,AMZN-2024-05-01,75,WATCH,90,100
0-59,55,2024-05-02,182.95143061065673,9.147571530532835,2024-06-13,230,182.37876622009279,30,9.147571530532835,2024-06-13,230,182.37876622009279,9.11893831100464,-57.26643905639435,TIME,1,-75.53294889793182,-0.013356505411500262,100,-0.2748193419817514,Defensive,35,0.14373767617589123,100,-0.013356505411500262,41,-0.4128579298113021,Consumer Discretionary,2024-05-01,False,25,TSLA,-75.53294889793182,18.266509841537477,False,False,TSLA-2024-05-01,60,SKIP,70,45
0-59,54,2024-05-02,317.07073217562146,15.853536608781072,2024-06-13,230,330.72533219909667,30,15.853536608781072,2024-06-13,230,330.72533219909667,16.536266609954833,1365.4600023475211,TIME,1,1333.0701991287854,0.8781330068318736,100,-0.7403244590859014,Defensive,35,1.0739007210559557,40,0.8781330068318736,34,4.204330655124657,Consumer Discretionary,2024-05-01,False,100,HD,1333.0701991287854,32.389803218735906,False,False,HD-2024-05-01,40,SKIP,90,45
60-74,64,2024-05-02,184.35617533722456,9.217808766861229,2024-05-17,212,195.252325,12,4.608904383430614,2024-05-13,208,190.474715,4.761867875,305.92698313877236,TP1,1,296.5562108803417,0.17135860760780985,50,-0.2595551731218801,Defensive,35,0.6553396518756657,90,0.480680141799658,67,4.512316877853535,Financials,2024-05-01,False,25,JPM,831.8734815106839,18.86098476686123,True,True,JPM-2024-05-01,100,WATCH,90,20
60-74,64,2024-05-02,184.35617533722456,9.217808766861229,2024-05-17,212,195.252325,12,4.608904383430614,2024-05-17,212,195.252325,4.881308125,544.8074831387728,TP2,2,535.3172706303421,0.30932153419184816,50,-0.2595551731218801,Defensive,35,0.6553396518756657,90,0.480680141799658,67,4.512316877853535,Financials,2024-05-01,False,25,JPM,831.8734815106839,18.86098476686123,True,True,JPM-2024-05-01,100,WATCH,90,20
0-59,56,2024-05-02,35.500348435491915,1.7750174217745955,2024-05-21,214,37.68115,14,0.8875087108872978,2024-05-10,207,36.531725,0.9132931249999999,51.56882822540432,TP1,1,49.76802638951702,0.12379033108215555,50,-0.17445623592722515,Defensive,35,0.557676255428773,70,0.39046010482130455,72,4.42188806792366,Financials,2024-05-01,False,25,BAC,156.97856715403407,3.6303392967745953,True,True,BAC-2024-05-01,75,SKIP,90,20
0-59,56,2024-05-02,35.500348435491915,1.7750174217745955,2024-05-21,214,37.68115,14,0.8875087108872978,2024-05-21,214,37.68115,0.9420287500000001,109.04007822540436,TP2,2,107.21054076451705,0.26666977373914896,50,-0.17445623592722515,Defensive,35,0.557676255428773,70,0.39046010482130455,72,4.42188806792366,Financials,2024-05-01,False,25,BAC,156.97856715403407,3.6303392967745953,True,True,BAC-2024-05-01,75,SKIP,90,20
60-74,70,2024-05-02,411.7222755318656,20.58611377659328,2024-05-07,204,425.437175,4,10.29305688829664,2024-05-02,201,413.43318,10.3358295,85.54522340672008,TP1,1,64.91633701842345,0.012416509487781857,50,-0.05924461172825343,Defensive,35,0.29214151686343964,100,0.13957547117800617,70,1.7723897091046998,Financials,2024-05-01,False,25,GS,729.7323241618484,41.55787265159328,True,True,GS-2024-05-01,100,WATCH,90,45
60-74,70,2024-05-02,411.7222755318656,20.58611377659328,2024-05-07,204,425.437175,4,10.29305688829664,2024-05-07,204,425.437175,10.635929375,685.7449734067217,TP2,2,664.815987143425,0.1271589616902243,50,-0.05924461172825343,Defensive,35,0.29214151686343964,100,0.13957547117800617,70,1.7723897091046998,Financials,2024-05-01,False,25,GS,729.7323241618484,41.55787265159328,True,True,GS-2024-05-01,100,WATCH,90,45
0-59,49,2024-05-02,461.18267396881794,23.059133698440895,2024-05-16,211,498.16079500000006,11,11.529566849220448,2024-05-09,206,482.61857000000003,12.065464250000002,1071.7948015591048,TP1,1,1048.1997704598843,0.17831781028129404,50,-0.009426158294475198,Defensive,35,0.7065976221092319,90,0.48877025172738064,37,6.229900639088258,Health Care,2024-05-01,False,25,UNH,2873.1222352947702,47.578617823440894,True,True,UNH-2024-05-01,50,SKIP,90,20
0-59,49,2024-05-02,461.18267396881794,23.059133698440895,2024-05-16,211,498.16079500000006,11,11.529566849220448,2024-05-16,211,498.16079500000006,12.454019875,1848.9060515591063,TP2,2,1824.922464834886,0.31045244144608664,50,-0.009426158294475198,Defensive,35,0.7065976221092319,90,0.48877025172738064,37,6.229900639088258,Health Care,2024-05-01,False,25,UNH,2873.1222352947702,47.578617823440894,True,True,UNH-2024-05-01,50,SKIP,90,20
60-74,71,2024-05-02,765.7110055762199,38.285550278810994,2024-05-31,221,811.9738100000001,21,19.142775139405497,2024-05-21,214,782.8183950000001,19.570459875000005,855.3694711890103,TP1,1,816.6562361746048,0.09861687229760151,50,-0.563408566643446,Defensive,35,0.593142466137968,80,0.3731815977201025,68,4.035927803660893,Health Care,2024-05-01,False,25,LLY,3090.3543369742074,78.155355403811,True,True,LLY-2024-05-01,100,WATCH,90,70
60-74,71,2024-05-02,765.7110055762199,38.285550278810994,2024-05-31,221,811.9738100000001,21,19.142775139405497,2024-05-31,221,811.9738100000001,20.299345250000002,2313.1402211890077,TP2,2,2273.6981007996023,0.27456472542250093,50,-0.563408566643446,Defensive,35,0.593142466137968,80,0.3731815977201025,68,4.035927803660893,Health Care,2024-05-01,False,25,LLY,3090.3543369742074,78.155355403811,True,True,LLY-2024-05-01,100,WATCH,90,70
0-59,58,2024-05-02,142.5725851592739,7.128629257963695,2024-06-13,230,137.35801393127443,30,7.128629257963695,2024-06-13,230,137.35801393127443,6.867900696563722,-521.4571227999471,TIME,1,-535.4536527544745,-0.46550722758419877,100,-0.5902895010109848,Defensive,35,0.26151574530699256,70,-0.46550722758419877,40,-3.755656476006916,Health Care,2024-05-01,False,25,JNJ,-535.4536527544745,13.996529954527418,False,False,JNJ-2024-05-01,50,SKIP,90,100
75-89,75,2024-05-02,108.04907354173875,5.402453677086937,2024-06-04,223,104.517715,23,5.402453677086937,2024-06-04,223,104.517715,5.22588575,-353.13585417387543,STOP,1,-363.76419360096236,-1.0455777644158732,100,-1.2007488930223458,Defensive,35,1.2136872582293008,40,-1.0455777644158732,76,-3.3666572204382885,Energy,2024-05-01,True,100,XOM,-363.76419360096236,10.628339427086937,False,False,XOM-2024-05-01,75,BUY,90,100
60-74,66,2024-05-02,145.87349756370332,7.293674878185167,2024-06-13,230,140.2526687850952,30,7.293674878185167,2024-06-13,230,140.2526687850952,7.012633439254761,-562.0828778608114,TIME,1,-576.3891861782513,-0.7348624532575337,100,-0.7790798159457254,Defensive,35,0.7439406069283292,55,-0.7348624532575337,59,-3.9512947574767012,Energy,2024-05-01,False,70,CVX,-576.3891861782513,14.306308317439928,False,False,CVX-2024-05-01,75,WATCH,90,70
60-74,65,2024-05-02,324.23597790495734,16.211798895247867,2024-06-13,230,316.95814086914066,30,16.211798895247867,2024-06-13,230,316.95814086914066,15.847907043457035,-727.7837035816674,TIME,1,-759.8434095203722,-0.4449779765173992,100,-0.6963109142449065,Defensive,35,1.7493824288999444,20,-0.4449779765173992,53,-2.343488882480228,Industrials,2024-05-01,False,100,CAT,-759.8434095203722,32.0597059387049,False,False,CAT-2024-05-01,65,WATCH,90,85
60-74,66,2024-05-02,159.35604868576905,7.967802434288453,2024-06-13,230,153.5742364807129,30,3.9839012171442265,2024-05-06,203,163.99796000000003,4.0999490000000005,232.09556571154906,TP1,1,224.01171549440483,0.10315491493680612,50,-0.3313319665837015,Defensive,35,0.42397800993557017,80,-0.03357063383972756,100,-0.4574796657472306,Industrials,2024-05-01,False,25,GE,-72.90215188756503,15.907107346306276,True,False,GE-2024-05-01,100,WATCH,90,20
60-74,66,2024-05-02,159.35604868576905,7.967802434288453,2024-06-13,230,153.5742364807129,30,3.9839012171442265,2024-06-13,230,153.5742364807129,3.8393559120178224,-289.0906102528078,TIME,2,-296.91386738196985,-0.13672554877653367,50,-0.3313319665837015,Defensive,35,0.42397800993557017,80,-0.03357063383972756,100,-0.4574796657472306,Industrials,2024-05-01,False,25,GE,-72.90215188756503,15.907107346306276,True,False,GE-2024-05-01,100,WATCH,90,20
60-74,61,2024-05-02,185.17032118634805,9.258516059317403,2024-05-13,208,194.55267500000002,8,4.629258029658701,2024-05-09,206,189.035435,4.725885875,193.25569068259796,TP1,1,183.90054677793927,0.1751380205560156,50,-0.34000596787041765,Defensive,35,0.9192448728440036,55,0.6128623602414707,50,3.4753148260096234,Industrials,2024-05-01,False,25,HON,643.5251625558792,18.8482188093174,True,True,HON-2024-05-01,65,WATCH,90,100
60-74,61,2024-05-02,185.17032118634805,9.258516059317403,2024-05-13,208,194.55267500000002,8,4.629258029658701,2024-05-13,208,194.55267500000002,4.863816875,469.1176906825987,TP2,2,459.62461577794,0.43772433968545515,50,-0.34000596787041765,Defensive,35,0.9192448728440036,55,0.6128623602414707,50,3.4753148260096234,Industrials,2024-05-01,False,25,HON,643.5251625558792,18.8482188093174,True,True,HON-2024-05-01,65,WATCH,90,100
60-74,63,2024-05-02,57.68641342334022,2.8843206711670106,2024-05-16,211,61.08944,11,1.4421603355835055,2024-05-13,208,59.540215,1.4885053750000004,92.69007883298919,TP1,1,89.75941312240568,0.6382149916432674,50,-0.270896726810776,Defensive,35,3.946254345739666,20,1.8269261467199176,55,4.454105054758901,Consumer Staples,2024-05-01,False,100,WMT,256.9413456198114,5.900062046167011,True,True,WMT-2024-05-01,65,WATCH,90,70
60-74,63,2024-05-02,57.68641342334022,2.8843206711670106,2024-05-16,211,61.08944,11,1.4421603355835055,2024-05-16,211,61.08944,1.527236,170.15132883298918,TP2,2,167.18193249740568,1.18871115507665,50,-0.270896726810776,Defensive,35,3.946254345739666,20,1.8269261467199176,55,4.454105054758901,Consumer Staples,2024-05-01,False,100,WMT,256.9413456198114,5.900062046167011,True,True,WMT-2024-05-01,65,WATCH,90,70
60-74,64,2024-05-02,717.3446196566636,35.86723098283318,2024-05-07,204,749.2252000000001,4,17.93361549141659,2024-05-03,202,731.524055,18.288101375,708.9717671668211,TP1,1,672.7500503004045,0.17368185263300265,50,-0.11448034947673766,Defensive,35,1.20364451974381,70,0.5757420214121469,50,3.1088472135515497,Consumer Staples,2024-05-01,False,25,COST,2230.1148219758147,72.88596235783318,True,True,COST-2024-05-01,100,WATCH,90,45
60-74,64,2024-05-02,717.3446196566636,35.86723098283318,2024-05-07,204,749.2252000000001,4,17.93361549141659,2024-05-07,204,749.2252000000001,18.73063,1594.0290171668266,TP2,2,1557.36477167541,0.40206016877914424,50,-0.11448034947673766,Defensive,35,1.20364451974381,70,0.5757420214121469,50,3.1088472135515497,Consumer Staples,2024-05-01,False,25,COST,2230.1148219758147,72.88596235783318,True,True,COST-2024-05-01,100,WATCH,90,45
60-74,72,2024-05-02,58.326186390867385,2.916309319543369,2024-06-06,225,60.079945,25,1.4581546597716846,2024-05-08,205,58.880545,1.472013625,27.71793045663067,TP1,1,24.787762171858986,0.0494155524543273,50,-0.21327563662325918,Defensive,35,0.40164431919297555,100,0.21832430218921975,55,1.8776392924065053,Consumer Staples,2024-05-01,False,25,KO,109.51553934371819,5.890321569543369,True,True,KO-2024-05-01,100,WATCH,90,70
60-74,72,2024-05-02,58.326186390867385,2.916309319543369,2024-06-06,225,60.079945,25,1.4581546597716846,2024-06-06,225,60.079945,1.501998625,87.68793045663088,TP2,2,84.7277771718592,0.16890874973489245,50,-0.21327563662325918,Defensive,35,0.40164431919297555,100,0.21832430218921975,55,1.8776392924065053,Consumer Staples,2024-05-01,False,25,KO,109.51553934371819,5.890321569543369,True,True,KO-2024-05-01,100,WATCH,90,70
75-89,77,2024-05-02,64.61609891715955,3.2308049458579773,2024-05-06,203,66.78659,3,1.6154024729289886,2024-05-02,201,64.53771499999999,1.6134428749999998,-3.9191958579777975,TP1,1,-7.148041205906786,-0.007945712104468195,50,-0.12970297591909366,Defensive,35,0.24863860316561243,90,0.10903775805097382,93,1.5180651162327867,Utilities,2024-05-01,False,25,NEE,98.09144571318706,6.513912570857977,True,True,NEE-2024-05-01,100,BUY,90,85
75-89,77,2024-05-02,64.61609891715955,3.2308049458579773,2024-05-06,203,66.78659,3,1.6154024729289886,2024-05-06,203,66.78659,1.6696647500000004,108.52455414202282,TP2,2,105.23948691909384,0.11698347015544201,50,-0.12970297591909366,Defensive,35,0.24863860316561243,90,0.10903775805097382,93,1.5180651162327867,Utilities,2024-05-01,False,25,NEE,98.09144571318706,6.513912570857977,True,True,NEE-2024-05-01,100,BUY,90,85
75-89,77,2024-05-02,92.23320463387202,4.611660231693601,2024-05-10,207,94.9525,7,2.3058301158468004,2024-05-06,203,92.65365000000001,2.3163412500000007,21.02226830639964,TP1,1,16.40009694055284,0.01895262811231397,50,-0.1566065870614551,Defensive,35,0.38246061206297927,100,0.17067113154010874,59,1.6012153455727225,Utilities,2024-05-01,False,25,DUK,147.68522263110503,9.301813981693602,True,True,DUK-2024-05-01,100,BUY,90,100
75-89,77,2024-05-02,92.23320463387202,4.611660231693601,2024-05-10,207,94.9525,7,2.3058301158468004,2024-05-10,207,94.9525,2.3738125,135.964768306399,TP2,2,131.2851256905522,0.1517185034277948,50,-0.1566065870614551,Defensive,35,0.38246061206297927,100,0.17067113154010874,59,1.6012153455727225,Utilities,2024-05-01,False,25,DUK,147.68522263110503,9.301813981693602,True,True,DUK-2024-05-01,100,BUY,90,100
0-59,54,2024-05-02,164.68648668949072,8.234324334474534,2024-06-04,223,184.26782000000003,23,4.117162167237267,2024-05-15,210,178.44073500000002,4.461018375,687.7124155254648,TP1,1,679.1342349832277,0.5694336082910827,50,-0.21158661510861104,Defensive,35,1.8205412046137468,40,1.3830368370719992,33,10.01586150751685,Real Estate,2024-05-01,False,85,AMT,1649.4770428414558,17.302038209474535,True,True,AMT-2024-05-01,25,SKIP,90,85
0-59,54,2024-05-02,164.68648668949072,8.234324334474534,2024-06-04,223,184.26782000000003,23,4.117162167237267,2024-06-04,223,184.26782000000003,4.606695500000001,979.0666655254654,TP2,2,970.3428078582282,0.8136032287809165,50,-0.21158661510861104,Defensive,35,1.8205412046137468,40,1.3830368370719992,33,10.01586150751685,Real Estate,2024-05-01,False,85,AMT,1649.4770428414558,17.302038209474535,True,True,AMT-2024-05-01,25,SKIP,90,85
0-59,48,2024-05-02,96.3646653012765,4.818233265063826,2024-06-13,230,104.21574935913085,30,4.818233265063826,2024-06-13,230,104.21574935913085,5.210787467956543,785.108405785435,TIME,1,775.0793850524148,1.3682703987431615,100,-0.45073392244838584,Defensive,35,1.9864620883903905,20,1.3682703987431615,4,8.04319075492236,Real Estate,2024-05-01,False,100,PLD,775.0793850524148,10.029020733020369,False,False,PLD-2024-05-01,25,SKIP,90,70
0-59,54,2024-05-02,264.9527268909441,13.247636344547207,2024-06-13,230,266.9893023376465,30,13.247636344547207,2024-06-13,230,266.9893023376465,13.349465116882325,203.65754467023862,TIME,1,177.0604432088091,0.21664793840719462,100,-0.35905876922768054,Defensive,35,1.6141839785104934,20,0.21664793840719462,40,0.6682718282861383,Financials,2024-05-01,False,100,V,177.0604432088091,26.59710146142953,False,False,V-2024-05-01,50,SKIP,90,45
0-59,54,2024-05-02,435.69910166473,21.7849550832365,2024-06-13,230,499.9918223876953,30,21.7849550832365,2024-06-13,230,499.9918223876953,24.999591119384768,6429.272072296533,TIME,1,6382.4875260939125,1.3157298954341372,100,-0.1386859674556604,Defensive,35,1.5332578521470364,20,1.3157298954341372,40,14.648842519315613,Communication Services,2024-05-01,False,100,META,6382.4875260939125,46.78454620262127,False,False,META-2024-05-01,50,SKIP,90,45
60-74,74,2024-05-02,163.42325593203435,8.171162796601717,2024-06-13,230,173.7328380508423,30,4.085581398300858,2024-05-16,211,173.083415,4.327085374999999,483.00795339828255,TP1,1,474.59528662498167,0.22521213055811137,50,-0.08571626580238371,Defensive,35,0.74057387638023,100,0.4658252589831484,74,6.006767424974456,Communication Services,2024-05-01,False,25,GOOGL,981.6454902158074,16.841569122872773,True,False,GOOGL-2024-05-01,100,WATCH,90,70
60-74,74,2024-05-02,163.42325593203435,8.171162796601717,2024-06-13,230,173.7328380508423,30,4.085581398300858,2024-06-13,230,173.7328380508423,4.343320951271057,515.4791059403976,TIME,2,507.05020359082573,0.24061312842503707,50,-0.08571626580238371,Defensive,35,0.74057387638023,100,0.4658252589831484,74,6.006767424974456,Communication Services,2024-05-01,False,25,GOOGL,981.6454902158074,16.841569122872773,True,False,GOOGL-2024-05-01,100,WATCH,90,70
60-74,61,2024-05-02,413.83220501196405,20.691610250598202,2024-05-02,201,412.65357000000006,1,20.691610250598202,2024-05-02,201,412.65357000000006,20.632678500000004,-117.86350119639906,STOP,1,-159.18778994699727,-1.6373891101981484,100,-12.412160436900907,Defensive,35,0.0,20,-1.6373891101981484,60,-0.3846674763806628,Materials,2024-05-01,True,85,LIN,-159.18778994699727,41.32428875059821,False,False,LIN-2024-05-01,65,WATCH,90,70
60-74,63,2024-05-03,406.3100797353654,20.315503986768267,2024-06-14,231,425.5864777526856,30,20.315503986768267,2024-06-14,231,425.5864777526856,21.27932388763428,1927.6398017320219,TIME,1,1886.0449738576192,1.2926899702172125,100,-0.013917231214228894,Defensive,35,1.5962703284683295,20,1.2926899702172125,49,4.641885761451015,Materials,2024-05-02,False,100,LIN,1886.0449738576192,41.59482787440255,False,False,LIN-2024-05-02,50,WATCH,90,100
60-74,73,2024-05-06,180.62936969068215,9.031468484534107,2024-06-03,222,191.32429,20,4.515734242267054,2024-05-13,208,185.04743,4.626185749999999,220.90301546589188,TP1,1,211.76109547362483,0.0904599731952262,50,-0.08548332264984167,Risk-on,90,0.5419221167021989,100,0.3149201705079173,39,4.081331129647844,Technology,2024-05-03,False,25,AAPL,737.2082694472497,18.440761484534107,True,True,AAPL-2024-05-03,70,WATCH,90,100
60-74,73,2024-05-06,180.62936969068215,9.031468484534107,2024-06-03,222,191.32429,20,4.515734242267054,2024-06-03,222,191.32429,4.7831072500000005,534.7460154658918,TP2,2,525.4471739736248,0.22446019731269112,50,-0.08548332264984167,Risk-on,90,0.5419221167021989,100,0.3149201705079173,39,4.081331129647844,Technology,2024-05-03,False,25,AAPL,737.2082694472497,18.440761484534107,True,True,AAPL-2024-05-03,70,WATCH,90,100
75-89,76,2024-05-07,67.25214960924994,3.3626074804624966,2024-05-09,206,68.98549,3,1.6813037402312483,2024-05-07,204,66.816575,1.670414375,-21.77873046249701,TP1,1,-25.130448577728256,-0.021716318425092595,50,-0.033694035357047805,Risk-on,90,0.24341155867865027,60,0.05023321675955345,97,0.864368355618302,Utilities,2024-05-06,False,25,NEE,58.130629969543406,6.757659105462497,True,True,NEE-2024-05-06,100,BUY,90,70
75-89,76,2024-05-07,67.25214960924994,3.3626074804624966,2024-05-09,206,68.98549,3,1.6813037402312483,2024-05-09,206,68.98549,1.7246372500000002,86.66701953750291,TP2,2,83.26107854727167,0.07194953518464604,50,-0.033694035357047805,Risk-on,90,0.24341155867865027,60,0.05023321675955345,97,0.864368355618302,Utilities,2024-05-06,False,25,NEE,58.130629969543406,6.757659105462497,True,True,NEE-2024-05-06,100,BUY,90,70
60-74,70,2024-05-08,422.7982263704563,21.139911318522817,2024-05-14,209,438.17080500000003,5,10.569955659261408,2024-05-08,205,426.78650000000005,10.6696625,199.41368147718777,TP1,1,178.17406331792637,0.02835440680128676,50,-0.014753078101896432,Risk-on,90,0.28474354455243767,90,0.14724775386815755,71,2.1884641687217523,Financials,2024-05-07,False,25,GS,925.2787690108519,42.763843943522815,True,True,GS-2024-05-07,100,WATCH,90,20
60-74,70,2024-05-08,422.7982263704563,21.139911318522817,2024-05-14,209,438.17080500000003,5,10.569955659261408,2024-05-14,209,438.17080500000003,10.954270125,768.6289314771869,TP2,2,747.1047056929256,0.1188933470668708,50,-0.014753078101896432,Risk-on,90,0.28474354455243767,90,0.14724775386815755,71,2.1884641687217523,Financials,2024-05-07,False,25,GS,925.2787690108519,42.763843943522815,True,True,GS-2024-05-07,100,WATCH,90,20
75-89,76,2024-05-08,762.1323019735269,38.10661509867635,2024-05-16,211,782.3386350000001,7,19.053307549338175,2024-05-08,205,763.588015,19.089700375,72.78565132365884,TP1,1,34.64264339932067,0.0041049530098358706,50,-0.0899698214008406,Risk-on,90,0.40061644439437866,90,0.11924636462865125,57,1.320436778093154,Consumer Staples,2024-05-07,False,25,COST,1006.3475212986426,76.75478134867635,True,True,COST-2024-05-07,100,BUY,90,70
75-89,76,2024-05-08,762.1323019735269,38.10661509867635,2024-05-16,211,782.3386350000001,7,19.053307549338175,2024-05-16,211,782.3386350000001,19.558465875,1010.3166513236602,TP2,2,971.7048778993219,0.11514141161881537,50,-0.0899698214008406,Risk-on,90,0.40061644439437866,90,0.11924636462865125,57,1.320436778093154,Consumer Staples,2024-05-07,False,25,COST,1006.3475212986426,76.75478134867635,True,True,COST-2024-05-07,100,BUY,90,70
75-89,78,2024-05-10,70.23530869182648,3.511765434591324,2024-05-15,210,72.18389,4,1.755882717295662,2024-05-10,207,70.034965,1.750874125,-10.017184591323769,TP1,1,-13.52394143361943,-0.009304199670161972,50,-0.08498385906701154,Risk-on,90,0.147241349156744,60,0.05527549893243135,100,1.1439352300748327,Utilities,2024-05-09,False,25,NEE,80.34464400776142,7.067236809591323,True,True,NEE-2024-05-09,100,BUY,90,85
75-89,78,2024-05-10,70.23530869182648,3.511765434591324,2024-05-15,210,72.18389,4,1.755882717295662,2024-05-15,210,72.18389,1.80459725,97.42906540867651,TP2,2,93.86858544138084,0.06457969860259331,50,-0.08498385906701154,Risk-on,90,0.147241349156744,60,0.05527549893243135,100,1.1439352300748327,Utilities,2024-05-09,False,25,NEE,80.34464400776142,7.067236809591323,True,True,NEE-2024-05-09,100,BUY,90,85
75-89,75,2024-05-13,94.72349105823353,4.736174552911677,2024-06-04,223,97.5512,16,2.3680872764558387,2024-05-13,208,95.49223,2.38730575,38.43694708832359,TP1,1,33.68155406186775,0.03077770510583716,50,-0.14568733990458863,Risk-on,90,0.2669676122065365,100,0.15558118791136272,64,1.7974436116281165,Utilities,2024-05-10,False,25,DUK,170.2601338737349,9.562260302911676,True,True,DUK-2024-05-10,100,BUY,90,45
75-89,75,2024-05-13,94.72349105823353,4.736174552911677,2024-06-04,223,97.5512,16,2.3680872764558387,2024-06-04,223,97.5512,2.4387799999999995,141.385447088323,TP2,2,136.57857981186714,0.12480348280552556,50,-0.14568733990458863,Risk-on,90,0.2669676122065365,100,0.15558118791136272,64,1.7974436116281165,Utilities,2024-05-10,False,25,DUK,170.2601338737349,9.562260302911676,True,True,DUK-2024-05-10,100,BUY,90,45
75-89,79,2024-05-14,193.29829126460936,9.664914563230468,2024-06-07,226,199.350275,18,4.832457281615234,2024-05-16,211,194.72259,4.868064749999999,71.21493676953179,TP1,1,61.51441473791655,0.033562547566393465,50,-0.36868586518929997,Risk-on,90,0.3591460126446485,100,0.19330628384052204,49,1.8329049110208118,Industrials,2024-05-13,False,25,HON,354.2973873508338,19.516736188230468,True,True,HON-2024-05-13,100,BUY,90,85
75-89,79,2024-05-14,193.29829126460936,9.664914563230468,2024-06-07,226,199.350275,18,4.832457281615234,2024-06-07,226,199.350275,4.983756875,302.5991867695325,TP2,2,292.78297261291726,0.1597437362741286,50,-0.36868586518929997,Risk-on,90,0.3591460126446485,100,0.19330628384052204,49,1.8329049110208118,Industrials,2024-05-13,False,25,HON,354.2973873508338,19.516736188230468,True,True,HON-2024-05-13,100,BUY,90,85
60-74,74,2024-05-15,440.73951915059064,22.03697595752953,2024-06-27,239,427.9642860565186,30,11.018487978764766,2024-05-15,210,440.46965500000005,11.011741375000001,-13.493207529529627,TP1,1,-35.523436883294394,-0.005316326327227154,50,-0.2858399872685184,Risk-on,90,0.13795728348933342,60,-0.10416158265798044,79,-1.5791701367248328,Financials,2024-05-14,False,25,GS,-696.0026867170752,43.747824483942495,True,False,GS-2024-05-14,100,WATCH,90,70
60-74,74,2024-05-15,440.73951915059064,22.03697595752953,2024-06-27,239,427.9642860565186,30,11.018487978764766,2024-06-27,239,427.9642860565186,10.699107151412964,-638.7616547036032,TIME,2,-660.4792498337808,-0.09884525633075329,50,-0.2858399872685184,Risk-on,90,0.13795728348933342,60,-0.10416158265798044,79,-1.5791701367248328,Financials,2024-05-14,False,25,GS,-696.0026867170752,43.747824483942495,True,False,GS-2024-05-14,100,WATCH,90,70
75-89,76,2024-05-16,72.28973667898357,3.614486833949179,2024-05-31,221,74.432765,11,1.8072434169745895,2024-05-16,211,72.34381,1.80859525,2.703666050821596,TP1,1,-0.9121726161529935,-0.0006146824811553676,50,-0.156602642857579,Risk-on,90,0.21302158665611137,60,0.06911927287628895,100,1.4188899504252026,Utilities,2024-05-15,False,25,NEE,102.57118089269395,7.283901208949178,True,True,NEE-2024-05-15,100,BUY,90,70
75-89,76,2024-05-16,72.28973667898357,3.614486833949179,2024-05-31,221,74.432765,11,1.8072434169745895,2024-05-31,221,74.432765,1.860819125,107.15141605082152,TP2,2,103.48335350884693,0.06973395535744432,50,-0.156602642857579,Risk-on,90,0.21302158665611137,60,0.06911927287628895,100,1.4188899504252026,Utilities,2024-05-15,False,25,NEE,102.57118089269395,7.283901208949178,True,True,NEE-2024-05-15,100,BUY,90,70
60-74,71,2024-05-17,497.9988006305862,24.89994003152931,2024-07-01,241,472.58356681823733,30,24.89994003152931,2024-07-01,241,472.58356681823733,23.629178340911864,-2541.5233812348843,TIME,1,-2590.0524996073254,-0.4732521944140371,100,-0.8683952935989796,Risk-on,90,0.05354245032300857,90,-0.4732521944140371,40,-5.200921159504192,Health Care,2024-05-16,False,25,UNH,-2590.0524996073254,48.529118372441175,False,False,UNH-2024-05-16,85,WATCH,90,70
75-89,81,2024-05-17,63.09131995989312,3.1545659979946556,2024-06-04,223,64.78759,12,1.5772829989973278,2024-05-17,212,63.208380000000005,1.5802095,5.8530020053442655,TP1,1,2.6955095063469376,0.0037851262427863056,50,-0.08851166957288714,Risk-on,90,0.3263963381397112,90,0.11839383602693607,61,1.3363492603465916,Consumer Staples,2024-05-16,False,25,WMT,84.31203876269332,6.354465247994655,True,True,WMT-2024-05-16,100,BUY,90,100
75-89,81,2024-05-17,63.09131995989312,3.1545659979946556,2024-06-04,223,64.78759,12,1.5772829989973278,2024-06-04,223,64.78759,1.6196897499999998,84.81350200534372,TP2,2,81.61652925634638,0.11460870978414976,50,-0.08851166957288714,Risk-on,90,0.3263963381397112,90,0.11839383602693607,61,1.3363492603465916,Consumer Staples,2024-05-16,False,25,WMT,84.31203876269332,6.354465247994655,True,True,WMT-2024-05-16,100,BUY,90,100
75-89,79,2024-05-17,785.5009607893957,39.27504803946978,2024-06-03,222,814.5725100000001,11,19.63752401973489,2024-05-22,215,795.5420300000001,19.88855075,502.05346053022026,TP1,1,462.5273857604854,0.042826228802021894,50,-0.05318933159019501,Risk-on,90,0.3105530618237571,90,0.17371169624864866,57,2.3884159322167684,Consumer Staples,2024-05-16,False,25,COST,1876.1030095209715,79.52791153946978,True,True,COST-2024-05-16,100,BUY,90,85
75-89,79,2024-05-17,785.5009607893957,39.27504803946978,2024-06-03,222,814.5725100000001,11,19.63752401973489,2024-06-03,222,814.5725100000001,20.36431275,1453.5774605302208,TP2,2,1413.575623760486,0.13088546744662677,50,-0.05318933159019501,Risk-on,90,0.3105530618237571,90,0.17371169624864866,57,2.3884159322167684,Consumer Staples,2024-05-16,False,25,COST,1876.1030095209715,79.52791153946978,True,True,COST-2024-05-16,100,BUY,90,85
75-89,77,2024-05-20,195.1652509823682,9.75826254911841,2024-07-02,242,199.20555369567873,30,4.879131274559205,2024-05-20,213,195.60215,4.89005375,21.844950881589398,TP1,1,12.075765857030191,0.005670637959152745,50,-0.6100578644372354,Risk-on,90,0.19575190010146978,90,0.09590477781863319,65,1.0464548908045939,Financials,2024-05-17,False,25,JPM,204.23163140560524,19.62845514151038,True,False,JPM-2024-05-17,100,BUY,90,70
75-89,77,2024-05-20,195.1652509823682,9.75826254911841,2024-07-02,242,199.20555369567873,30,4.879131274559205,2024-07-02,242,199.20555369567873,4.980138842391968,202.0151356655262,TIME,2,192.15586554857504,0.09023413985948044,50,-0.6100578644372354,Risk-on,90,0.19575190010146978,90,0.09590477781863319,65,1.0464548908045939,Financials,2024-05-17,False,25,JPM,204.23163140560524,19.62845514151038,True,False,JPM-2024-05-17,100,BUY,90,70
75-89,80,2024-05-22,37.43828788216067,1.8719143941080336,2024-07-02,242,38.72063000000001,28,0.9359571970540168,2024-05-22,215,37.72113,0.9430282500000001,14.142105891966494,TP1,1,12.263120444912479,0.03535785050597588,50,-0.503645878140977,Risk-on,90,0.48714051109491163,100,0.21473492374406933,73,1.9893071399056443,Financials,2024-05-21,False,25,BAC,74.47625338982519,3.782958394108034,True,True,BAC-2024-05-21,100,BUY,90,70
75-89,80,2024-05-22,37.43828788216067,1.8719143941080336,2024-07-02,242,38.72063000000001,28,0.9359571970540168,2024-07-02,242,38.72063000000001,0.9680157500000001,64.11710589196673,TP2,2,62.213132944912715,0.17937707323809346,50,-0.503645878140977,Risk-on,90,0.48714051109491163,100,0.21473492374406933,73,1.9893071399056443,Financials,2024-05-21,False,25,BAC,74.47625338982519,3.782958394108034,True,True,BAC-2024-05-21,100,BUY,90,70
75-89,85,2024-05-24,104.32069197092332,5.216034598546167,2024-05-28,218,111.68413,2,2.608017299273084,2024-05-24,217,106.08693000000001,2.65217325,88.31190145383445,TP1,1,83.05171090456136,0.029788253100452352,50,-0.053751484254687835,Risk-on,90,0.37372658521130414,90,0.1599040268706637,100,4.273586413071183,Technology,2024-05-23,False,25,NVDA,445.82349180912206,10.660311098546167,True,True,NVDA-2024-05-23,100,BUY,90,100
75-89,85,2024-05-24,104.32069197092332,5.216034598546167,2024-05-28,218,111.68413,2,2.608017299273084,2024-05-28,218,111.68413,2.7921032500000003,368.1719014538338,TP2,2,362.7717809045607,0.13011577377021136,50,-0.053751484254687835,Risk-on,90,0.37372658521130414,90,0.1599040268706637,100,4.273586413071183,Technology,2024-05-23,False,25,NVDA,445.82349180912206,10.660311098546167,True,True,NVDA-2024-05-23,100,BUY,90,100
75-89,81,2024-05-29,112.91113251148235,5.645556625574118,2024-06-05,224,120.75959,6,2.822778312787059,2024-05-29,219,114.68263,2.86706575,88.57487442588265,TP1,1,82.8850303630956,0.022479654059251824,50,-0.16695635732596267,Risk-on,90,0.2529440100616425,60,0.12732620474296277,100,4.157837462824575,Technology,2024-05-28,False,25,NVDA,469.46613672619117,11.531612125574117,True,True,NVDA-2024-05-28,100,BUY,90,100
75-89,81,2024-05-29,112.91113251148235,5.645556625574118,2024-06-05,224,120.75959,6,2.822778312787059,2024-06-05,224,120.75959,3.0189897500000002,392.42287442588264,TP2,2,386.58110636309556,0.10484655068371093,50,-0.16695635732596267,Risk-on,90,0.2529440100616425,60,0.12732620474296277,100,4.157837462824575,Technology,2024-05-28,False,25,NVDA,469.46613672619117,11.531612125574117,True,True,NVDA-2024-05-28,100,BUY,90,100
75-89,82,2024-06-03,812.8887099323612,40.644435496618065,2024-06-07,226,839.73992,5,20.322217748309033,2024-06-03,222,814.4225850000001,20.360564625000002,76.69375338194868,TP1,1,36.01097100863965,0.0031327860077620243,50,-0.05681381938575409,Risk-on,90,0.27942429393254,100,0.11633499492331394,55,1.645066221615431,Health Care,2024-05-31,False,25,LLY,1337.2557586422715,81.99849812161807,True,True,LLY-2024-05-31,100,BUY,90,100
75-89,82,2024-06-03,812.8887099323612,40.644435496618065,2024-06-07,226,839.73992,5,20.322217748309033,2024-06-07,226,839.73992,20.993498,1342.5605033819409,TP2,2,1301.2447876336319,0.11320220891555191,50,-0.05681381938575409,Risk-on,90,0.27942429393254,100,0.11633499492331394,55,1.645066221615431,Health Care,2024-05-31,False,25,LLY,1337.2557586422715,81.99849812161807,True,True,LLY-2024-05-31,100,BUY,90,100
75-89,76,2024-06-03,75.06177578626895,3.753088789313448,2024-07-16,251,67.81821626281739,30,3.753088789313448,2024-07-16,251,67.81821626281739,3.390910813140869,-724.3559523451565,TIME,1,-731.4999519476108,-0.6166867129577567,100,-0.8409097912617096,Risk-on,90,0.016727109764321072,40,-0.6166867129577567,100,-9.745305707001727,Utilities,2024-05-31,False,25,NEE,-731.4999519476108,7.143999602454317,False,False,NEE-2024-05-31,100,BUY,90,85
60-74,69,2024-06-04,193.06489520250105,9.653244760125054,2024-06-11,228,197.871015,6,4.826622380062527,2024-06-04,223,193.22334,4.8305835,7.922239874947934,TP1,1,-1.7349660051145932,-0.000947815317116669,50,-0.14013161076931654,Risk-on,90,0.6728255006009718,80,0.12499259000592863,71,1.185081450849934,Technology,2024-06-03,False,25,AAPL,228.79762611477045,19.430603635125053,True,True,AAPL-2024-06-03,85,WATCH,90,45
60-74,69,2024-06-04,193.06489520250105,9.653244760125054,2024-06-11,228,197.871015,6,4.826622380062527,2024-06-11,228,197.871015,4.9467753750000005,240.30598987494756,TP2,2,230.53259211988504,0.1259404053230453,50,-0.14013161076931654,Risk-on,90,0.6728255006009718,80,0.12499259000592863,71,1.185081450849934,Technology,2024-06-03,False,25,AAPL,228.79762611477045,19.430603635125053,True,True,AAPL-2024-06-03,85,WATCH,90,45
75-89,79,2024-06-04,806.6525840664045,40.332629203320224,2024-06-06,225,838.910335,3,20.166314601660112,2024-06-04,223,818.63048,20.465762,598.8947966797753,TP1,1,558.2627200781151,0.06561421778661626,50,-0.027295183919550554,Risk-on,90,0.3918742697889505,100,0.25034632141859,68,2.6405558425706164,Consumer Staples,2024-06-03,False,25,COST,2130.01119378123,81.77114957832023,True,True,COST-2024-06-03,100,BUY,90,70
75-89,79,2024-06-04,806.6525840664045,40.332629203320224,2024-06-06,225,838.910335,3,20.166314601660112,2024-06-06,225,838.910335,20.972758375,1612.8875466797751,TP2,2,1571.748473703115,0.18473210363197373,50,-0.027295183919550554,Risk-on,90,0.3918742697889505,100,0.25034632141859,68,2.6405558425706164,Consumer Staples,2024-06-03,False,25,COST,2130.01119378123,81.77114957832023,True,True,COST-2024-06-03,100,BUY,90,70
60-74,68,2024-06-05,105.76926361986565,5.288463180993283,2024-07-18,253,111.19523669052126,30,2.6442315904966414,2024-07-18,253,112.213865,2.8053466250000003,322.2300690067172,TP1,1,316.78049079122053,0.6784377935815383,50,-0.9559451167426676,Risk-on,90,1.3985981753145127,20,1.2478520795812436,51,5.50873677167973,Energy,2024-06-04,False,100,XOM,582.6550318162409,10.873690723256313,True,False,XOM-2024-06-04,65,WATCH,90,70
60-74,68,2024-06-05,105.76926361986565,5.288463180993283,2024-07-18,253,111.19523669052126,30,2.6442315904966414,2024-07-18,253,111.19523669052126,2.779880917263031,271.29865353278007,TIME,2,265.8745410250204,0.5694142859997052,50,-0.9559451167426676,Risk-on,90,1.3985981753145127,20,1.2478520795812436,51,5.50873677167973,Energy,2024-06-04,False,100,XOM,582.6550318162409,10.873690723256313,True,False,XOM-2024-06-04,65,WATCH,90,70
60-74,65,2024-06-05,65.37965207669038,3.268982603834519,2024-06-20,234,66.80658000000001,11,1.6344913019172593,2024-06-05,224,65.38729000000001,1.6346822500000002,0.38189616548152117,TP1,1,-2.8872773864357386,-0.0035169302663063777,50,-0.1151797740685055,Risk-on,90,0.1825494005805013,60,0.07936324507846253,64,0.996555669961389,Consumer Staples,2024-06-04,False,25,WMT,65.1544629771287,6.57382935383452,True,True,WMT-2024-06-04,100,WATCH,90,20
60-74,65,2024-06-05,65.37965207669038,3.268982603834519,2024-06-20,234,66.80658000000001,11,1.6344913019172593,2024-06-20,234,66.80658000000001,1.6701645000000005,71.3463961654817,TP2,2,68.04174036356444,0.08288017534476891,50,-0.1151797740685055,Risk-on,90,0.1825494005805013,60,0.07936324507846253,64,0.996555669961389,Consumer Staples,2024-06-04,False,25,WMT,65.1544629771287,6.57382935383452,True,True,WMT-2024-06-04,100,WATCH,90,20
75-89,80,2024-06-05,97.25601477673486,4.862800738836744,2024-07-16,251,99.56019500000001,28,2.431400369418372,2024-07-11,248,97.60117500000001,2.440029375,17.25801116325769,TP1,1,12.38658141883932,0.019245731789825554,50,-0.7583943340755007,Risk-on,90,0.40620813384094034,80,0.1906073736516719,63,1.2613635014687463,Utilities,2024-06-04,False,25,DUK,122.67518733767841,9.791834988836744,True,True,DUK-2024-06-04,100,BUY,90,100
75-89,80,2024-06-05,97.25601477673486,4.862800738836744,2024-07-16,251,99.56019500000001,28,2.431400369418372,2024-07-16,251,99.56019500000001,2.489004875,115.20901116325746,TP2,2,110.28860591883908,0.17136164186184635,50,-0.7583943340755007,Risk-on,90,0.40620813384094034,80,0.1906073736516719,63,1.2613635014687463,Utilities,2024-06-04,False,25,DUK,122.67518733767841,9.791834988836744,True,True,DUK-2024-06-04,100,BUY,90,100
75-89,75,2024-06-05,185.27112631451288,9.263556315725642,2024-07-11,248,192.133885,25,4.631778157862821,2024-07-11,248,186.3068,4.6576699999999995,51.78368427435629,TP1,1,42.49423611649347,0.016956235559087818,50,-0.31769095564548677,Risk-on,90,0.32290389847996626,100,0.1501117868314365,38,2.0305217148049333,Real Estate,2024-06-04,False,25,AMT,376.19704510798607,18.724573440725642,True,True,AMT-2024-06-04,85,BUY,90,85
75-89,75,2024-06-05,185.27112631451288,9.263556315725642,2024-07-11,248,192.133885,25,4.631778157862821,2024-07-11,248,192.133885,4.803347125,343.1379342743554,TP2,2,333.7028089914926,0.13315555127234868,50,-0.31769095564548677,Risk-on,90,0.32290389847996626,100,0.1501117868314365,38,2.0305217148049333,Real Estate,2024-06-04,False,25,AMT,376.19704510798607,18.724573440725642,True,True,AMT-2024-06-04,85,BUY,90,85
75-89,76,2024-06-06,123.8956141973358,6.19478070986679,2024-06-13,230,128.785575,6,3.097390354933395,2024-06-06,225,122.17888,3.054472,-85.83670986678982,TP1,1,-91.98857222172322,-0.022259456757851057,50,-0.17150968214632012,Risk-on,90,0.13770646178919627,60,0.03537574480646866,100,1.1799645946199815,Technology,2024-06-05,False,25,NVDA,146.19243818155297,12.46889208486679,True,True,NVDA-2024-06-05,100,BUY,90,70
75-89,76,2024-06-06,123.8956141973358,6.19478070986679,2024-06-13,230,128.785575,6,3.097390354933395,2024-06-13,230,128.785575,3.2196393749999994,244.49804013320957,TP2,2,238.1810104032762,0.05763520156431972,50,-0.17150968214632012,Risk-on,90,0.13770646178919627,60,0.03537574480646866,100,1.1799645946199815,Technology,2024-06-05,False,25,NVDA,146.19243818155297,12.46889208486679,True,True,NVDA-2024-06-05,100,BUY,90,70
60-74,70,2024-06-07,838.0287255569522,41.90143627784761,2024-06-17,232,859.999785,7,20.950718138923804,2024-06-07,226,839.570005,20.989250125,77.06397215239349,TP1,1,35.12400388846969,0.003525489630838573,50,-0.09486182234281598,Risk-on,90,0.23291875043606838,60,0.10952928055404491,72,1.3021346762925214,Consumer Staples,2024-06-06,False,25,COST,1091.2262632769362,84.3906810278476,True,True,COST-2024-06-06,100,WATCH,90,45
60-74,70,2024-06-07,838.0287255569522,41.90143627784761,2024-06-17,232,859.999785,7,20.950718138923804,2024-06-17,232,859.999785,21.499994625,1098.5529721523903,TP2,2,1056.1022593884666,0.10600379092320635,50,-0.09486182234281598,Risk-on,90,0.23291875043606838,60,0.10952928055404491,72,1.3021346762925214,Consumer Staples,2024-06-06,False,25,COST,1091.2262632769362,84.3906810278476,True,True,COST-2024-06-06,100,WATCH,90,45
60-74,74,2024-06-07,60.117806462420255,3.005890323121013,2024-07-17,252,61.299335,27,1.5029451615605067,2024-06-24,236,60.309830000000005,1.50774575,9.601176878987516,TP1,1,6.590485967427009,0.017871019085697264,50,-0.4299908303344889,Risk-on,90,0.45134579668692953,100,0.16983397840446748,54,1.0418125343446252,Consumer Staples,2024-06-06,False,25,KO,62.631484309853725,6.046119448121013,True,True,KO-2024-06-06,100,WATCH,90,45
60-74,74,2024-06-07,60.117806462420255,3.005890323121013,2024-07-17,252,61.299335,27,1.5029451615605067,2024-07-17,252,61.299335,1.532483375,59.07642687898722,TP2,2,56.04099834242672,0.15196295931877024,50,-0.4299908303344889,Risk-on,90,0.45134579668692953,100,0.16983397840446748,54,1.0418125343446252,Consumer Staples,2024-06-06,False,25,KO,62.631484309853725,6.046119448121013,True,True,KO-2024-06-06,100,WATCH,90,45
75-89,77,2024-06-10,842.6382079906451,42.13191039953226,2024-06-13,230,869.9548050000001,4,21.06595519976613,2024-06-10,227,844.587495,21.114687375000003,97.46435046774309,TP1,1,55.28370789297695,0.004427719153002662,50,-0.03962776173315211,Risk-on,90,0.24212190734123712,90,0.11038911700056,66,1.6356945602106616,Health Care,2024-06-07,False,25,LLY,1378.2987330359583,84.99546789953226,True,True,LLY-2024-06-07,100,BUY,90,70
75-89,77,2024-06-10,842.6382079906451,42.13191039953226,2024-06-13,230,869.9548050000001,4,21.06595519976613,2024-06-13,230,869.9548050000001,21.748870125,1365.8298504677475,TP2,2,1323.0150251429814,0.10596139784755734,50,-0.03962776173315211,Risk-on,90,0.24212190734123712,90,0.11038911700056,66,1.6356945602106616,Health Care,2024-06-07,False,25,LLY,1378.2987330359583,84.99546789953226,True,True,LLY-2024-06-07,100,BUY,90,70
60-74,74,2024-06-10,198.84326108068674,9.942163054034339,2024-06-21,235,204.347775,9,4.971081527017169,2024-06-10,227,199.78006000000002,4.9945015,46.83994596566379,TP1,1,36.87436293864662,0.022884481765670626,50,-0.2272504474302508,Risk-on,90,0.36485247153381395,100,0.18743585267434926,56,1.5188861888547425,Industrials,2024-06-07,False,25,HON,302.02028300229284,20.04535892903434,True,True,HON-2024-06-07,100,WATCH,90,45
60-74,74,2024-06-10,198.84326108068674,9.942163054034339,2024-06-21,235,204.347775,9,4.971081527017169,2024-06-21,235,204.347775,5.108694375,275.2256959656634,TP2,2,265.1459200636462,0.16455137090867863,50,-0.2272504474302508,Risk-on,90,0.36485247153381395,100,0.18743585267434926,56,1.5188861888547425,Industrials,2024-06-07,False,25,HON,302.02028300229284,20.04535892903434,True,True,HON-2024-06-07,100,WATCH,90,45
75-89,79,2024-06-12,205.69187737723612,10.284593868861807,2024-06-12,229,211.07441000000003,1,5.142296934430903,2024-06-12,229,205.27731,5.13193275,-20.728368861806246,TP1,1,-31.00259854623715,-0.011997038022302144,50,-0.02200921166864738,Risk-on,90,0.4882393755237985,60,0.08811467993734472,79,1.1070192868623558,Technology,2024-06-11,False,25,AAPL,227.70487540752708,20.693386868861808,True,True,AAPL-2024-06-11,100,BUY,90,100
75-89,79,2024-06-12,205.69187737723612,10.284593868861807,2024-06-12,229,211.07441000000003,1,5.142296934430903,2024-06-12,229,211.07441000000003,5.276860250000001,269.1266311381952,TP2,2,258.70747395376424,0.10011171795964685,50,-0.02200921166864738,Risk-on,90,0.4882393755237985,60,0.08811467993734472,79,1.1070192868623558,Technology,2024-06-11,False,25,AAPL,227.70487540752708,20.693386868861808,True,True,AAPL-2024-06-11,100,BUY,90,100
75-89,79,2024-06-13,213.00225458423384,10.650112729211694,2024-07-08,245,224.99744500000003,16,5.325056364605847,2024-07-02,242,218.20084500000002,5.455021125,259.9295207883088,TP1,1,249.14944329870298,0.07405848578753248,50,-0.24333841552521765,Risk-on,90,0.38317737848039374,60,0.24907931467533373,82,3.9340380374519803,Technology,2024-06-12,False,25,AAPL,837.9589715974065,21.73006997921169,True,True,AAPL-2024-06-12,100,BUY,90,100
75-89,79,2024-06-13,213.00225458423384,10.650112729211694,2024-07-08,245,224.99744500000003,16,5.325056364605847,2024-07-08,245,224.99744500000003,5.6249361250000005,599.7595207883094,TP2,2,588.8095282987035,0.17502082888780124,50,-0.24333841552521765,Risk-on,90,0.38317737848039374,60,0.24907931467533373,82,3.9340380374519803,Technology,2024-06-12,False,25,AAPL,837.9589715974065,21.73006997921169,True,True,AAPL-2024-06-12,100,BUY,90,100
75-89,77,2024-06-13,434.24591780156067,21.712295890078032,2024-06-27,239,447.03637000000003,10,10.856147945039016,2024-06-17,232,436.32173000000006,10.90804325,103.79060992196969,TP1,1,82.02641872693067,0.01825815091619145,50,-0.09533737222581978,Risk-on,90,0.33089922806399313,100,0.15570454777210133,50,1.6108774838811994,Technology,2024-06-12,False,25,MSFT,699.5169714538602,43.796248390078034,True,True,MSFT-2024-06-12,100,BUY,90,70
75-89,77,2024-06-13,434.24591780156067,21.712295890078032,2024-06-27,239,447.03637000000003,10,10.856147945039016,2024-06-27,239,447.03637000000003,11.17590925,639.5226099219684,TP2,2,617.4905527269294,0.13744639685590987,50,-0.09533737222581978,Risk-on,90,0.33089922806399313,100,0.15570454777210133,50,1.6108774838811994,Technology,2024-06-12,False,25,MSFT,699.5169714538602,43.796248390078034,True,True,MSFT-2024-06-12,100,BUY,90,70
75-89,85,2024-06-13,167.39577603640646,8.369788801820324,2024-06-13,230,153.293315,1,4.184894400910162,2024-06-13,230,147.256335,3.6814083749999997,-1006.9720518203226,TP1,1,-1014.8383545962328,-0.2255909409620801,50,-0.12687771801015843,Risk-on,90,0.05436387216604253,100,-0.3841166666312553,83,-10.322713479440795,Technology,2024-06-12,False,25,AVGO,-1727.9786336924656,15.883530051820323,True,True,AVGO-2024-06-12,100,BUY,90,100
75-89,85,2024-06-13,167.39577603640646,8.369788801820324,2024-06-13,230,153.293315,1,4.184894400910162,2024-06-13,230,153.293315,3.832332875,-705.1230518203226,TP2,2,-713.1402790962328,-0.15852572566917525,50,-0.12687771801015843,Risk-on,90,0.05436387216604253,100,-0.3841166666312553,83,-10.322713479440795,Technology,2024-06-12,False,25,AVGO,-1727.9786336924656,15.883530051820323,True,True,AVGO-2024-06-12,100,BUY,90,100
75-89,77,2024-06-13,137.09128930792758,6.85456446539638,2024-07-15,250,142.658635,21,3.42728223269819,2024-06-13,230,137.47123,3.4367807499999996,18.997034603620477,TP1,1,12.132971620922287,0.004091886695017478,50,-0.10267774921907942,Risk-on,90,0.2140160124016355,60,0.095613551630973,58,2.068012559718853,Technology,2024-06-12,False,25,ORCL,283.50650811684517,13.85781109039638,True,True,ORCL-2024-06-12,100,BUY,90,100
75-89,77,2024-06-13,137.09128930792758,6.85456446539638,2024-07-15,250,142.658635,21,3.42728223269819,2024-07-15,250,142.658635,3.5664658750000005,278.3672846036211,TP2,2,271.3735364959229,0.09152166493595554,50,-0.10267774921907942,Risk-on,90,0.2140160124016355,60,0.095613551630973,58,2.068012559718853,Technology,2024-06-12,False,25,ORCL,283.50650811684517,13.85781109039638,True,True,ORCL-2024-06-12,100,BUY,90,100
60-74,69,2024-06-14,129.8110286789975,6.490551433949875,2024-06-20,234,136.57168,4,3.245275716974937,2024-06-14,231,129.525205,3.238130125,-14.29118394987512,TP1,1,-20.774589791850058,-0.004717099126650768,50,-0.03864972901996873,Risk-on,90,0.24334920534528706,60,0.07052478515094694,100,2.392696612160441,Technology,2024-06-13,False,25,NVDA,310.5984085412992,13.142973558949874,True,True,NVDA-2024-06-13,100,WATCH,90,20
60-74,69,2024-06-14,129.8110286789975,6.490551433949875,2024-06-20,234,136.57168,4,3.245275716974937,2024-06-20,234,136.57168,3.4142919999999997,338.0325660501242,TP2,2,331.37299833314927,0.07524188427759772,50,-0.03864972901996873,Risk-on,90,0.24334920534528706,60,0.07052478515094694,100,2.392696612160441,Technology,2024-06-13,False,25,NVDA,310.5984085412992,13.142973558949874,True,True,NVDA-2024-06-13,100,WATCH,90,20
75-89,81,2024-06-14,165.13058349592632,8.256529174796317,2024-06-17,232,177.88101500000002,2,4.128264587398158,2024-06-14,231,169.75508000000002,4.243877,231.2248252036852,TP1,1,222.85268361628707,0.050123652478988694,50,-0.012331291291819275,Risk-on,90,0.34175737167974246,60,0.19158519791707637,100,5.1583356082465945,Technology,2024-06-13,False,25,AVGO,851.7989688575742,16.947431549796317,True,True,AVGO-2024-06-13,100,BUY,90,100
75-89,81,2024-06-14,165.13058349592632,8.256529174796317,2024-06-17,232,177.88101500000002,2,4.128264587398158,2024-06-17,232,177.88101500000002,4.447025375,637.5215752036852,TP2,2,628.9462852412871,0.14146154543808767,50,-0.012331291291819275,Risk-on,90,0.34175737167974246,60,0.19158519791707637,100,5.1583356082465945,Technology,2024-06-13,False,25,AVGO,851.7989688575742,16.947431549796317,True,True,AVGO-2024-06-13,100,BUY,90,100
75-89,76,2024-06-14,183.17154183197022,9.158577091598511,2024-06-26,238,193.70310000000003,8,4.579288545799256,2024-06-21,235,188.25582500000002,4.706395625,254.21415840148995,TP1,1,244.9284742306907,0.17695172778004575,50,-0.14099156256997053,Risk-on,90,0.8401131435321033,90,0.5505777649901503,48,4.1604962701327795,Consumer Discretionary,2024-06-13,False,25,AMZN,762.0845165863825,18.707550216598513,True,True,AMZN-2024-06-13,100,BUY,90,70
75-89,76,2024-06-14,183.17154183197022,9.158577091598511,2024-06-26,238,193.70310000000003,8,4.579288545799256,2024-06-26,238,193.70310000000003,4.842577500000001,526.577908401491,TP2,2,517.1560423556917,0.3736260372101045,50,-0.14099156256997053,Risk-on,90,0.8401131435321033,90,0.5505777649901503,48,4.1604962701327795,Consumer Discretionary,2024-06-13,False,25,AMZN,762.0845165863825,18.707550216598513,True,True,AMZN-2024-06-13,100,BUY,90,70
60-74,69,2024-06-14,185.89290305328367,9.294645152664183,2024-06-28,240,202.868515,10,4.647322576332091,2024-06-26,238,190.98446,4.7746115,254.5778473358169,TP1,1,245.1559132594848,0.08804969538927883,50,-0.32226901293901317,Risk-on,90,0.6215980374545532,80,0.38940532640187514,49,5.83248449691053,Consumer Discretionary,2024-06-13,False,25,TSLA,1084.217475143969,19.140969527664183,True,True,TSLA-2024-06-13,60,WATCH,90,100
60-74,69,2024-06-14,185.89290305328367,9.294645152664183,2024-06-28,240,202.868515,10,4.647322576332091,2024-06-28,240,202.868515,5.071712875,848.7805973358163,TP2,2,839.0615618844843,0.3013556310125963,50,-0.32226901293901317,Risk-on,90,0.6215980374545532,80,0.38940532640187514,49,5.83248449691053,Consumer Discretionary,2024-06-13,False,25,TSLA,1084.217475143969,19.140969527664183,True,True,TSLA-2024-06-13,60,WATCH,90,100
60-74,67,2024-06-14,328.13467486199823,16.40673374309991,2024-07-12,249,342.6286,19,8.203366871549955,2024-06-17,232,333.20331500000003,8.330082875,253.43200690008985,TP1,1,236.8985571535399,0.07853509385973437,50,-0.42071540500391363,Risk-on,90,0.5980941191787071,100,0.31322258121614316,24,2.879383998595817,Consumer Discretionary,2024-06-13,False,25,HD,944.8257321820786,33.302531618099906,True,True,HD-2024-06-13,85,WATCH,90,45
60-74,67,2024-06-14,328.13467486199823,16.40673374309991,2024-07-12,249,342.6286,19,8.203366871549955,2024-07-12,249,342.6286,8.565714999999999,724.6962569000885,TP2,2,707.9271750285386,0.23468748735640876,50,-0.42071540500391363,Risk-on,90,0.5980941191787071,100,0.31322258121614316,24,2.879383998595817,Consumer Discretionary,2024-06-13,False,25,HD,944.8257321820786,33.302531618099906,True,True,HD-2024-06-13,85,WATCH,90,45
60-74,70,2024-06-14,870.6118697155558,43.53059348577779,2024-06-28,240,900.1696900000001,10,21.765296742888896,2024-06-17,232,872.433565,21.810839125,91.08476422221088,TP1,1,47.508628354321985,0.0034386208330946565,50,-0.090236638384008,Risk-on,90,0.23390968922952807,60,0.10720252314426247,71,1.7012519069692398,Health Care,2024-06-13,False,25,LLY,1481.1301035836445,87.84567486077779,True,True,LLY-2024-06-13,100,WATCH,90,45
60-74,70,2024-06-14,870.6118697155558,43.53059348577779,2024-06-28,240,900.1696900000001,10,21.765296742888896,2024-06-28,240,900.1696900000001,22.504242250000004,1477.8910142222117,TP2,2,1433.6214752293226,0.10376390231116782,50,-0.090236638384008,Risk-on,90,0.23390968922952807,60,0.10720252314426247,71,1.7012519069692398,Health Care,2024-06-13,False,25,LLY,1481.1301035836445,87.84567486077779,True,True,LLY-2024-06-13,100,WATCH,90,45
0-59,52,2024-06-14,137.20240187779876,6.860120093889939,2024-07-17,252,148.615655,22,3.4300600469449694,2024-07-17,252,145.50721000000001,3.6376802500000007,415.24040611006257,TP1,1,408.1726658131176,1.0172776263305017,50,-0.17250606941196844,Risk-on,90,2.891082277148862,20,2.4217162190999453,30,7.08216370269293,Health Care,2024-06-13,False,100,JNJ,971.6898705012347,14.213191718889938,True,True,JNJ-2024-06-13,25,SKIP,90,45
0-59,52,2024-06-14,137.20240187779876,6.860120093889939,2024-07-17,252,148.615655,22,3.4300600469449694,2024-07-17,252,148.615655,3.715391375,570.662656110062,TP2,2,563.5172046881171,1.4044385927694434,50,-0.17250606941196844,Risk-on,90,2.891082277148862,20,2.4217162190999453,30,7.08216370269293,Health Care,2024-06-13,False,100,JNJ,971.6898705012347,14.213191718889938,True,True,JNJ-2024-06-13,25,SKIP,90,45
0-59,57,2024-06-14,140.65941168749137,7.032970584374569,2024-07-29,260,143.7030301437378,30,3.516485292187285,2024-07-18,253,149.575175,3.7393793749999995,445.78816562543153,TP1,1,438.53230095824426,1.0467634447757945,50,-0.27976481047720647,Risk-on,90,2.426723332560961,20,1.3930456261133137,41,4.14905874923892,Energy,2024-06-13,False,100,CVX,583.6041627247853,14.364925712968013,True,False,CVX-2024-06-13,40,SKIP,90,45
0-59,57,2024-06-14,140.65941168749137,7.032970584374569,2024-07-29,260,143.7030301437378,30,3.516485292187285,2024-07-29,260,143.7030301437378,3.5925757535934455,152.18092281232174,TIME,2,145.071861766541,0.34628218133751926,50,-0.27976481047720647,Risk-on,90,2.426723332560961,20,1.3930456261133137,41,4.14905874923892,Energy,2024-06-13,False,100,CVX,583.6041627247853,14.364925712968013,True,False,CVX-2024-06-13,40,SKIP,90,45
60-74,62,2024-06-14,312.44362643705404,15.6221813218527,2024-07-29,260,335.9674302978516,30,7.81109066092635,2024-07-18,253,353.932945,8.848323625,2074.465928147299,TP1,1,2057.806513861373,2.265401960462781,50,-0.6098055733470653,Risk-on,90,5.100258976985598,20,3.5424028638571605,25,10.298774429092553,Industrials,2024-06-13,False,100,CAT,3217.786430482878,32.86969070429899,True,False,CAT-2024-06-13,50,WATCH,90,70
60-74,62,2024-06-14,312.44362643705404,15.6221813218527,2024-07-29,260,335.9674302978516,30,7.81109066092635,2024-07-29,260,335.9674302978516,8.39918575744629,1176.1901930398778,TIME,2,1159.9799166215053,1.2770009033943792,50,-0.6098055733470653,Risk-on,90,5.100258976985598,20,3.5424028638571605,25,10.298774429092553,Industrials,2024-06-13,False,100,CAT,3217.786430482878,32.86969070429899,True,False,CAT-2024-06-13,50,WATCH,90,70
60-74,72,2024-06-14,152.27641341864896,7.613820670932447,2024-07-23,256,172.90350500000002,26,3.8069103354662235,2024-07-23,256,166.84653500000002,4.171163375,728.506079067553,TP1,1,720.5280053570867,1.3946386922042144,50,-0.20575279647695882,Risk-on,90,4.432271036685798,20,3.3751714103440422,66,11.451235600553094,Industrials,2024-06-13,False,100,GE,1743.753086464174,16.107571670932447,True,True,GE-2024-06-13,65,WATCH,90,85
60-74,72,2024-06-14,152.27641341864896,7.613820670932447,2024-07-23,256,172.90350500000002,26,3.8069103354662235,2024-07-23,256,172.90350500000002,4.322587625000001,1031.3545790675535,TP2,2,1023.2250811070872,1.9805327181398278,50,-0.20575279647695882,Risk-on,90,4.432271036685798,20,3.3751714103440422,66,11.451235600553094,Industrials,2024-06-13,False,100,GE,1743.753086464174,16.107571670932447,True,True,GE-2024-06-13,65,WATCH,90,85
0-59,56,2024-06-14,103.91156785585402,5.195578392792701,2024-07-11,248,111.25434500000001,18,2.5977891963963504,2024-07-08,245,107.56619,2.68915475,182.73110720729946,TP1,1,177.4441632609031,0.15645470319107085,50,-0.21275468920821636,Risk-on,90,0.8103949173973397,100,0.475422692435326,16,5.189064930622446,Real Estate,2024-06-13,False,25,PLD,539.2038726468066,10.6660917677927,True,True,PLD-2024-06-13,60,SKIP,90,20
0-59,56,2024-06-14,103.91156785585402,5.195578392792701,2024-07-11,248,111.25434500000001,18,2.5977891963963504,2024-07-11,248,111.25434500000001,2.781358625,367.1388572072999,TP2,2,361.75970938590353,0.31896798924425507,50,-0.21275468920821636,Risk-on,90,0.8103949173973397,100,0.475422692435326,16,5.189064930622446,Real Estate,2024-06-13,False,25,PLD,539.2038726468066,10.6660917677927,True,True,PLD-2024-06-13,60,SKIP,90,20
60-74,64,2024-06-14,266.18219465599776,13.30910973279989,2024-06-28,240,259.21033,10,13.30910973279989,2024-06-28,240,259.21033,12.960516499999999,-697.1864655997763,STOP,1,-723.4560918325762,-1.057345089120496,100,-1.2934794628638986,Risk-on,90,1.4619066939318686,20,-1.057345089120496,29,-2.7178981402852256,Financials,2024-06-13,True,100,V,-723.4560918325762,26.269626232799887,False,False,V-2024-06-13,50,WATCH,90,85
60-74,73,2024-06-14,499.54792603209904,24.97739630160495,2024-07-05,244,526.49662,14,12.488698150802474,2024-06-26,238,509.82496000000003,12.745624000000001,513.8516983950495,TP1,1,488.61737624424705,0.07821892085758884,50,-0.16714545691947907,Risk-on,90,0.6037570021898155,100,0.28981288094280905,41,3.6240786251851302,Communication Services,2024-06-13,False,25,META,1810.4009609884927,50.885435801604956,True,True,META-2024-06-13,100,WATCH,90,45
60-74,73,2024-06-14,499.54792603209904,24.97739630160495,2024-07-05,244,526.49662,14,12.488698150802474,2024-07-05,244,526.49662,13.1624155,1347.4346983950481,TP2,2,1321.7835847442457,0.21159396008522022,50,-0.16714545691947907,Risk-on,90,0.6037570021898155,100,0.28981288094280905,41,3.6240786251851302,Communication Services,2024-06-13,False,25,META,1810.4009609884927,50.885435801604956,True,True,META-2024-06-13,100,WATCH,90,45
60-74,73,2024-06-14,172.9733569265615,8.648667846328076,2024-06-27,239,183.898005,9,4.324333923164038,2024-06-21,235,178.94048500000002,4.473512125,298.3564036719258,TP1,1,289.55855762376177,0.3163413815793757,50,-0.022452161572554384,Risk-on,90,1.2730917494919363,80,0.9033507421174483,77,4.780326819919342,Communication Services,2024-06-13,False,25,GOOGL,826.8691772475229,17.719630096328075,True,True,GOOGL-2024-06-13,100,WATCH,90,45
60-74,73,2024-06-14,172.9733569265615,8.648667846328076,2024-06-27,239,183.898005,9,4.324333923164038,2024-06-27,239,183.898005,4.597450125,546.2324036719252,TP2,2,537.3106196237611,0.5870093605380725,50,-0.022452161572554384,Risk-on,90,1.2730917494919363,80,0.9033507421174483,77,4.780326819919342,Communication Services,2024-06-13,False,25,GOOGL,826.8691772475229,17.719630096328075,True,True,GOOGL-2024-06-13,100,WATCH,90,45
60-74,66,2024-06-17,425.4370278058443,21.271851390292216,2024-07-29,260,441.01938,29,10.635925695146108,2024-06-17,232,429.38520000000005,10.734630000000001,197.40860970778726,TP1,1,176.03805401264114,0.08188948518956765,50,-0.5416210928697569,Risk-on,90,0.754388670097065,90,0.4342434042307444,30,2.1942007688886376,Materials,2024-06-14,False,25,LIN,933.4942535252803,43.03196589029221,True,True,LIN-2024-06-14,85,WATCH,90,45
60-74,66,2024-06-17,425.4370278058443,21.271851390292216,2024-07-29,260,441.01938,29,10.635925695146108,2024-07-29,260,441.01938,11.0254845,779.1176097077852,TP2,2,757.4561995126392,0.35235391904117674,50,-0.5416210928697569,Risk-on,90,0.754388670097065,90,0.4342434042307444,30,2.1942007688886376,Materials,2024-06-14,False,25,LIN,933.4942535252803,43.03196589029221,True,True,LIN-2024-06-14,85,WATCH,90,45
75-89,81,2024-06-18,180.08162743660174,9.004081371830086,2024-07-31,262,157.63505600738526,30,4.502040685915043,2024-06-18,233,180.23983500000003,4.505995875000001,7.9103781699146225,TP1,1,-1.0976583910004214,-0.00018299910120988361,50,-0.6564977881854958,Risk-on,90,0.018123256927178855,60,-0.18870264034337275,100,-6.285311628119318,Technology,2024-06-17,False,25,AVGO,-1131.8691469379237,17.450953647014718,True,False,AVGO-2024-06-17,100,BUY,90,100
75-89,81,2024-06-18,180.08162743660174,9.004081371830086,2024-07-31,262,157.63505600738526,30,4.502040685915043,2024-07-31,262,157.63505600738526,3.9408764001846315,-1122.3285714608237,TIME,2,-1130.7714885469234,-0.1885196412421629,50,-0.6564977881854958,Risk-on,90,0.018123256927178855,60,-0.18870264034337275,100,-6.285311628119318,Technology,2024-06-17,False,25,AVGO,-1131.8691469379237,17.450953647014718,True,False,AVGO-2024-06-17,100,BUY,90,100
60-74,74,2024-06-18,859.1309292147798,42.956546460738984,2024-07-09,246,880.0297650000001,14,21.478273230369492,2024-06-18,233,860.799385,21.519984625,83.42278926101017,TP1,1,40.42453140564067,0.00423688687850853,50,-0.28963925117833617,Risk-on,90,0.29277034656906764,60,0.10919999541833307,77,1.2127223777911704,Consumer Staples,2024-06-17,False,25,COST,1041.8873033112855,86.47727521073898,True,True,COST-2024-06-17,100,WATCH,90,70
60-74,74,2024-06-18,859.1309292147798,42.956546460738984,2024-07-09,246,880.0297650000001,14,21.478273230369492,2024-07-09,246,880.0297650000001,22.000744125,1044.9417892610143,TP2,2,1001.4627719056448,0.10496310853982455,50,-0.28963925117833617,Risk-on,90,0.29277034656906764,60,0.10919999541833307,77,1.2127223777911704,Consumer Staples,2024-06-17,False,25,COST,1041.8873033112855,86.47727521073898,True,True,COST-2024-06-17,100,WATCH,90,70
75-89,81,2024-06-21,126.97427826970406,6.348713913485203,2024-08-02,264,107.03992860412598,30,6.348713913485203,2024-08-02,264,107.03992860412598,5.351996430206299,-1993.4349665578084,TIME,1,-2005.1356769015,-0.49675994786867794,100,-0.6384627452900019,Risk-on,90,0.22177245048122216,90,-0.49675994786867794,100,-15.791668235691192,Technology,2024-06-20,False,25,NVDA,-2005.1356769015,11.700710343691501,False,False,NVDA-2024-06-20,100,BUY,90,70
60-74,70,2024-06-21,67.03944008480929,3.3519720042404644,2024-07-05,244,68.24586000000001,10,1.6759860021202322,2024-06-21,235,66.84656,1.6711639999999999,-9.644004240464454,TP1,1,-12.991154242584686,-0.024889938444535995,50,-0.3280224107028344,Risk-on,90,0.3490349157232774,70,0.08420004502539852,65,0.6555500606692782,Consumer Staples,2024-06-20,False,25,WMT,43.94770901483117,6.729282504240464,True,True,WMT-2024-06-20,100,WATCH,90,45
60-74,70,2024-06-21,67.03944008480929,3.3519720042404644,2024-07-05,244,68.24586000000001,10,1.6759860021202322,2024-07-05,244,68.24586000000001,1.7061465000000005,60.32099575953609,TP2,2,56.93886325741585,0.10908998346993451,50,-0.3280224107028344,Risk-on,90,0.3490349157232774,70,0.08420004502539852,65,0.6555500606692782,Consumer Staples,2024-06-20,False,25,WMT,43.94770901483117,6.729282504240464,True,True,WMT-2024-06-20,100,WATCH,90,45
75-89,80,2024-06-24,203.99990828631098,10.199995414315548,2024-07-18,253,209.04542500000002,18,5.099997707157774,2024-06-24,236,204.61764000000002,5.115441000000001,30.886585684451973,TP1,1,20.671146977294196,0.009769015393449045,50,-0.21302287106766005,Risk-on,90,0.24502702533879658,90,0.12411247051552025,52,1.2873576833230915,Industrials,2024-06-21,False,25,HON,262.6208493295884,20.54157203931555,True,True,HON-2024-06-21,100,BUY,90,100
75-89,80,2024-06-24,203.99990828631098,10.199995414315548,2024-07-18,253,209.04542500000002,18,5.099997707157774,2024-07-18,253,209.04542500000002,5.226135625000001,252.27583568445198,TP2,2,241.9497023522942,0.1143434551220712,50,-0.21302287106766005,Risk-on,90,0.24502702533879658,90,0.12411247051552025,52,1.2873576833230915,Industrials,2024-06-21,False,25,HON,262.6208493295884,20.54157203931555,True,True,HON-2024-06-21,100,BUY,90,100
75-89,82,2024-06-27,195.1074995040893,9.755374975204466,2024-07-08,245,200.65962,7,4.877687487602233,2024-06-27,239,194.70260000000002,4.867565000000001,-20.24497520446431,TP1,1,-29.990227692066547,-0.011443376231825172,50,-0.09949440249659995,Risk-on,90,0.23247152759469622,100,0.09070747824635939,53,1.218413539818253,Consumer Discretionary,2024-06-26,False,25,AMZN,237.72161911586548,19.639430475204467,True,True,AMZN-2024-06-26,100,BUY,90,100
75-89,82,2024-06-27,195.1074995040893,9.755374975204466,2024-07-08,245,200.65962,7,4.877687487602233,2024-07-08,245,200.65962,5.0164905,277.60602479553427,TP2,2,267.71184680793203,0.10215085447818456,50,-0.09949440249659995,Risk-on,90,0.23247152759469622,100,0.09070747824635939,53,1.218413539818253,Consumer Discretionary,2024-06-26,False,25,AMZN,237.72161911586548,19.639430475204467,True,True,AMZN-2024-06-26,100,BUY,90,100
60-74,69,2024-06-28,446.2828479232119,22.314142396160594,2024-07-05,244,458.300735,5,11.157071198080297,2024-07-01,241,448.88544500000006,11.222136125000002,130.1298538394093,TP1,1,107.75064651632898,0.01928152385225394,50,-0.13453744560655131,Risk-on,90,0.26520711927333185,90,0.12276224929075226,55,1.5372098972100607,Technology,2024-06-27,False,25,MSFT,686.0304107826537,44.993796896160596,True,True,MSFT-2024-06-27,100,WATCH,90,20
60-74,69,2024-06-28,446.2828479232119,22.314142396160594,2024-07-05,244,458.300735,5,11.157071198080297,2024-07-05,244,458.300735,11.457518375,600.894353839405,TP2,2,578.2797642663247,0.10348072543849833,50,-0.13453744560655131,Risk-on,90,0.26520711927333185,90,0.12276224929075226,55,1.5372098972100607,Technology,2024-06-27,False,25,MSFT,686.0304107826537,44.993796896160596,True,True,MSFT-2024-06-27,100,WATCH,90,20
75-89,76,2024-06-28,432.3693221350857,21.618466106754287,2024-07-09,246,459.75001000000003,7,10.809233053377143,2024-07-02,242,445.77700000000004,11.144425000000002,670.383893245716,TP1,1,648.4302351923388,0.3114559787225605,50,-0.03666575392972161,Risk-on,90,1.336239459850819,55,0.9583220972273327,56,4.614484754104099,Financials,2024-06-27,False,85,GS,1995.1616451346772,44.25664135675429,True,True,GS-2024-06-27,75,BUY,90,85
75-89,76,2024-06-28,432.3693221350857,21.618466106754287,2024-07-09,246,459.75001000000003,7,10.809233053377143,2024-07-09,246,459.75001000000003,11.49375025,1369.0343932457154,TP2,2,1346.7314099423384,0.6468661185047723,50,-0.03666575392972161,Risk-on,90,1.336239459850819,55,0.9583220972273327,56,4.614484754104099,Financials,2024-06-27,False,85,GS,1995.1616451346772,44.25664135675429,True,True,GS-2024-06-27,75,BUY,90,85
60-74,71,2024-06-28,183.00110485405742,9.150055242702871,2024-07-09,246,189.31529500000002,7,4.575027621351436,2024-07-03,243,184.537685,4.613442125000001,76.82900729712969,TP1,1,67.64053755077825,0.03554209704033938,50,-0.16227893791023118,Risk-on,90,0.3622851022412105,90,0.19654252221295054,79,2.0439337519292797,Communication Services,2024-06-27,False,25,GOOGL,374.0421348515571,18.49637974270287,True,True,GOOGL-2024-06-27,100,WATCH,90,20
60-74,71,2024-06-28,183.00110485405742,9.150055242702871,2024-07-09,246,189.31529500000002,7,4.575027621351436,2024-07-09,246,189.31529500000002,4.732882375,315.7095072971302,TP2,2,306.4015973007788,0.16100042517261115,50,-0.16227893791023118,Risk-on,90,0.3622851022412105,90,0.19654252221295054,79,2.0439337519292797,Communication Services,2024-06-27,False,25,GOOGL,374.0421348515571,18.49637974270287,True,True,GOOGL-2024-06-27,100,WATCH,90,20
75-89,75,2024-07-01,201.12051427459718,10.05602571372986,2024-07-02,242,213.962965,2,5.02801285686493,2024-07-01,241,203.0984,5.077459999999999,98.8942862701407,TP1,1,88.78881341327576,0.020759351370719978,50,-0.006324641535635011,Risk-on,90,0.7056143534632506,100,0.16846518563596052,68,3.5825995438624414,Consumer Discretionary,2024-06-28,False,25,TSLA,720.5342627015515,20.48255983872986,True,True,TSLA-2024-06-28,75,BUY,90,85
75-89,75,2024-07-01,201.12051427459718,10.05602571372986,2024-07-02,242,213.962965,2,5.02801285686493,2024-07-02,242,213.962965,5.349074125,642.1225362701407,TP2,2,631.7454492882757,0.14770583426524053,50,-0.006324641535635011,Risk-on,90,0.7056143534632506,100,0.16846518563596052,68,3.5825995438624414,Consumer Discretionary,2024-06-28,False,25,TSLA,720.5342627015515,20.48255983872986,True,True,TSLA-2024-06-28,75,BUY,90,85
75-89,76,2024-07-01,899.6608329216766,44.98304164608383,2024-07-10,247,927.086225,7,22.491520823041913,2024-07-01,241,902.478535,22.561963374999998,140.8851039161675,TP1,1,95.83161971812561,0.00796931026503109,50,-0.27660065770689046,Risk-on,90,0.2744528612027119,60,0.11820563006928025,73,1.5799649102985924,Health Care,2024-06-28,False,25,LLY,1421.4325471862537,90.72216064608384,True,True,LLY-2024-06-28,100,BUY,90,85
75-89,76,2024-07-01,899.6608329216766,44.98304164608383,2024-07-10,247,927.086225,7,22.491520823041913,2024-07-10,247,927.086225,23.177155625,1371.26960391617,TP2,2,1325.600927468128,0.11023631980424917,50,-0.27660065770689046,Risk-on,90,0.2744528612027119,60,0.11820563006928025,73,1.5799649102985924,Health Care,2024-06-28,False,25,LLY,1421.4325471862537,90.72216064608384,True,True,LLY-2024-06-28,100,BUY,90,85
60-74,62,2024-07-01,259.96370895818734,12.998185447909368,2024-07-24,257,252.043915,17,12.998185447909368,2024-07-24,257,252.043915,12.60219575,-791.9793958187341,STOP,1,-817.5797770166434,-1.0490252861672098,100,-1.3639220786620774,Risk-on,90,1.2256881243391116,20,-1.0490252861672098,29,-3.1449765826665566,Financials,2024-06-28,True,100,V,-817.5797770166434,25.600381197909368,False,False,V-2024-06-28,40,WATCH,90,85
60-74,60,2024-07-02,472.6834751767983,23.634173758839914,2024-07-15,250,505.437155,9,11.817086879419957,2024-07-12,249,486.67654000000005,12.166913500000001,699.6532411600867,TP1,1,675.6692407806668,0.2372144678929642,50,-0.33582619898590665,Risk-on,90,1.2189490359298683,70,0.8035888184215644,57,4.8423529410039405,Health Care,2024-07-01,False,25,UNH,2288.9002161863323,48.43701613383992,True,True,UNH-2024-07-01,60,WATCH,90,45
60-74,60,2024-07-02,472.6834751767983,23.634173758839914,2024-07-15,250,505.437155,9,11.817086879419957,2024-07-15,250,505.437155,12.635928875,1637.6839911600855,TP2,2,1613.2309754056655,0.5663743505286002,50,-0.33582619898590665,Risk-on,90,1.2189490359298683,70,0.8035888184215644,57,4.8423529410039405,Health Care,2024-07-01,False,25,UNH,2288.9002161863323,48.43701613383992,True,True,UNH-2024-07-01,60,WATCH,90,45
75-89,77,2024-07-03,234.67727755737303,11.73386387786865,2024-07-03,243,244.37775000000002,1,5.866931938934325,2024-07-03,243,231.18435000000002,5.77960875,-174.6463778686504,TP1,1,-186.29291855758473,-0.023802146231677035,50,-0.0054592106779211775,Risk-on,90,0.174692783150914,60,0.03663783088336348,100,1.2219092145157757,Consumer Discretionary,2024-07-02,False,25,TSLA,286.75432788483033,23.62291637786865,True,True,TSLA-2024-07-02,85,BUY,90,100
75-89,77,2024-07-03,234.67727755737303,11.73386387786865,2024-07-03,243,244.37775000000002,1,5.866931938934325,2024-07-03,243,244.37775000000002,6.10944375,485.02362213134944,TP2,2,473.0472464424151,0.06043997711504052,50,-0.0054592106779211775,Risk-on,90,0.174692783150914,60,0.03663783088336348,100,1.2219092145157757,Consumer Discretionary,2024-07-02,False,25,TSLA,286.75432788483033,23.62291637786865,True,True,TSLA-2024-07-02,85,BUY,90,100
60-74,73,2024-07-03,200.09235697250455,10.004617848625227,2024-07-16,251,204.23783,9,5.002308924312613,2024-07-03,243,199.23033500000003,4.980758375000001,-43.101098625226086,TP1,1,-53.0841659245387,-0.0240282944869149,50,-0.2779883111367448,Risk-on,90,0.22764607278284962,100,0.06521768182328415,48,0.7200736347751666,Financials,2024-07-02,False,25,JPM,144.08123077592148,20.091321973625227,True,True,JPM-2024-07-02,100,WATCH,90,45
60-74,73,2024-07-03,200.09235697250455,10.004617848625227,2024-07-16,251,204.23783,9,5.002308924312613,2024-07-16,251,204.23783,5.10594575,207.27365137477278,TP2,2,197.16539670046018,0.08924597631019905,50,-0.2779883111367448,Risk-on,90,0.22764607278284962,100,0.06521768182328415,48,0.7200736347751666,Financials,2024-07-02,False,25,JPM,144.08123077592148,20.091321973625227,True,True,JPM-2024-07-02,100,WATCH,90,45
60-74,74,2024-07-03,39.20474619983761,1.9602373099918804,2024-07-15,250,40.209885,8,0.9801186549959402,2024-07-03,243,39.110435,0.9777608750000001,-4.715559991880269,TP1,1,-6.67343952187621,-0.0190956342471631,50,-0.20514618040080268,Risk-on,90,0.3251386478707452,100,0.11903048841767228,57,1.0610484377123643,Financials,2024-07-02,False,25,BAC,41.59813470624745,3.9432453099918807,True,True,BAC-2024-07-02,100,WATCH,90,45
60-74,74,2024-07-03,39.20474619983761,1.9602373099918804,2024-07-15,250,40.209885,8,0.9801186549959402,2024-07-15,250,40.209885,1.0052471250000001,50.2569400081196,TP2,2,48.27157422812366,0.13812612266483537,50,-0.20514618040080268,Risk-on,90,0.3251386478707452,100,0.11903048841767228,57,1.0610484377123643,Financials,2024-07-02,False,25,BAC,41.59813470624745,3.9432453099918807,True,True,BAC-2024-07-02,100,WATCH,90,45
75-89,77,2024-07-05,249.93490255737302,12.496745127868651,2024-07-09,246,262.30878,3,6.248372563934326,2024-07-05,244,248.22582500000001,6.205645625000001,-85.45387786865035,TP1,1,-97.90789605758468,-0.010386463402748907,50,-0.07929670153699403,Risk-on,90,0.166287582853534,60,0.05388854920850903,100,2.032448764906785,Consumer Discretionary,2024-07-03,False,25,TSLA,507.97988400983047,25.260110252868653,True,True,TSLA-2024-07-03,85,BUY,90,100
75-89,77,2024-07-05,249.93490255737302,12.496745127868651,2024-07-09,246,262.30878,3,6.248372563934326,2024-07-09,246,262.30878,6.557719500000001,618.6938721313495,TP2,2,605.8877800674152,0.06427501261125794,50,-0.07929670153699403,Risk-on,90,0.166287582853534,60,0.05388854920850903,100,2.032448764906785,Consumer Discretionary,2024-07-03,False,25,TSLA,507.97988400983047,25.260110252868653,True,True,TSLA-2024-07-03,85,BUY,90,100
60-74,68,2024-07-08,459.5609287447145,22.978046437235722,2024-08-02,264,405.467165,20,22.978046437235722,2024-08-02,264,405.467165,20.27335825,-5409.376374471447,STOP,1,-5452.627779158684,-1.01178953604385,100,-1.140769451879879,Risk-on,90,0.016747994084530548,60,-1.01178953604385,55,-11.864863695119764,Technology,2024-07-05,True,25,MSFT,-5452.627779158684,43.25140468723572,False,False,MSFT-2024-07-05,100,WATCH,90,45
75-89,76,2024-07-08,68.65010857342348,3.432505428671174,2024-08-15,273,70.39478500000001,29,1.716252714335587,2024-07-09,246,68.82557,1.7206392499999998,8.773071328825921,TP1,1,5.336179364490334,0.009649321154624104,50,-0.5795494974620004,Risk-on,90,0.7996728842957926,70,0.16110692434168014,65,1.2977966124946858,Consumer Staples,2024-07-05,False,25,WMT,89.09387835398138,6.913014303671174,True,True,WMT-2024-07-05,100,BUY,90,85
75-89,76,2024-07-08,68.65010857342348,3.432505428671174,2024-08-15,273,70.39478500000001,29,1.716252714335587,2024-08-15,273,70.39478500000001,1.759869625,87.23382132882662,TP2,2,83.75769898949105,0.15145760318705603,50,-0.5795494974620004,Risk-on,90,0.7996728842957926,70,0.16110692434168014,65,1.2977966124946858,Consumer Staples,2024-07-05,False,25,WMT,89.09387835398138,6.913014303671174,True,True,WMT-2024-07-05,100,BUY,90,85
75-89,79,2024-07-08,539.0029166502155,26.950145832510774,2024-07-17,252,470.514625,8,13.475072916255387,2024-07-08,245,536.9913700000001,13.424784250000004,-100.57733251077252,TP1,1,-127.47718967702791,-0.018677178343941933,50,-1.2152507970663706,Risk-on,90,0.0027484208706978785,90,-0.5240991720634056,41,-6.636568375102926,Communication Services,2024-07-05,True,25,META,-3577.129710729059,52.137795707510776,True,False,META-2024-07-05,100,BUY,90,100
75-89,79,2024-07-08,539.0029166502155,26.950145832510774,2024-07-17,252,470.514625,8,13.475072916255387,2024-07-17,252,470.514625,11.762865625,-3424.4145825107753,STOP,2,-3449.652521052031,-0.5054219937194637,50,-1.2152507970663706,Risk-on,90,0.0027484208706978785,90,-0.5240991720634056,41,-6.636568375102926,Communication Services,2024-07-05,True,25,META,-3577.129710729059,52.137795707510776,True,False,META-2024-07-05,100,BUY,90,100
60-74,68,2024-07-09,226.08550700241483,11.30427535012074,2024-07-15,250,232.92348,5,5.65213767506037,2024-07-09,246,225.777055,5.644426375,-15.422600120741947,TP1,1,-26.719164170802316,-0.006431300542137869,50,-0.05426351751320262,Risk-on,90,0.21920911005919178,60,0.07310158978580854,96,1.3433159208659609,Technology,2024-07-08,False,25,AAPL,303.7042610333965,22.77178872512074,True,True,AAPL-2024-07-08,100,WATCH,90,20
60-74,68,2024-07-09,226.08550700241483,11.30427535012074,2024-07-15,250,232.92348,5,5.65213767506037,2024-07-15,250,232.92348,5.823087,341.89864987925915,TP2,2,330.4234252041988,0.0795328903279464,50,-0.05426351751320262,Risk-on,90,0.21920911005919178,60,0.07310158978580854,96,1.3433159208659609,Technology,2024-07-08,False,25,AAPL,303.7042610333965,22.77178872512074,True,True,AAPL-2024-07-08,100,WATCH,90,20
60-74,69,2024-07-09,199.49969389343264,9.974984694671631,2024-08-02,264,175.95198,19,9.974984694671631,2024-08-02,264,175.95198,8.797599,-2354.771389343264,STOP,1,-2373.5439730379358,-1.0117540253593806,100,-1.6602812900546193,Risk-on,90,0.04562350368457879,100,-1.0117540253593806,46,-11.897481779124028,Consumer Discretionary,2024-07-08,True,25,AMZN,-2373.5439730379358,18.77258369467163,False,False,AMZN-2024-07-08,100,WATCH,90,20
75-89,77,2024-07-10,262.93138778686523,13.146569389343261,2024-08-20,276,220.98945610046385,30,6.573284694671631,2024-07-10,247,265.47719500000005,6.636929875000002,127.29036065674109,TP1,1,114.08014608706945,0.010535526780615166,50,-0.7474173488260591,Risk-on,90,0.07451522720614329,60,-0.18425276034116317,100,-7.58796610828161,Consumer Discretionary,2024-07-09,False,25,TSLA,-1995.1144593301829,25.30823566685486,True,False,TSLA-2024-07-09,85,BUY,90,100
75-89,77,2024-07-10,262.93138778686523,13.146569389343261,2024-08-20,276,220.98945610046385,30,6.573284694671631,2024-08-20,276,220.98945610046385,5.524736402511596,-2097.096584320069,TIME,2,-2109.194605417252,-0.19478828712177831,50,-0.7474173488260591,Risk-on,90,0.07451522720614329,60,-0.18425276034116317,100,-7.58796610828161,Consumer Discretionary,2024-07-09,False,25,TSLA,-1995.1144593301829,25.30823566685486,True,False,TSLA-2024-07-09,85,BUY,90,100
75-89,84,2024-07-10,453.89650724139545,22.69482536206977,2024-07-16,251,473.153305,5,11.347412681034887,2024-07-10,247,459.95990500000005,11.498997625000003,303.1698879302297,TP1,1,280.3234776241948,0.06480492658823175,50,-0.06428573768626525,Risk-on,90,0.7512007138638724,100,0.2820355128166445,76,2.687809006645565,Financials,2024-07-09,False,25,GS,1219.9871202483866,46.02265561206977,True,True,GS-2024-07-09,100,BUY,90,100
75-89,84,2024-07-10,453.89650724139545,22.69482536206977,2024-07-16,251,473.153305,5,11.347412681034887,2024-07-16,251,473.153305,11.828832624999999,962.8398879302267,TP2,2,939.6636426241918,0.21723058622841274,50,-0.06428573768626525,Risk-on,90,0.7512007138638724,100,0.2820355128166445,76,2.687809006645565,Financials,2024-07-09,False,25,GS,1219.9871202483866,46.02265561206977,True,True,GS-2024-07-09,100,BUY,90,100
60-74,71,2024-07-10,878.3327249511153,43.91663624755577,2024-07-25,258,811.524035,12,43.91663624755577,2024-07-25,258,811.524035,40.57620175,-6680.86899511153,STOP,1,-6765.361833109087,-1.018837982641471,100,-1.0959747765347416,Risk-on,90,0.0434473476732842,90,-1.018837982641471,75,-7.702504575911845,Consumer Staples,2024-07-09,True,25,COST,-6765.361833109087,84.49283799755577,False,False,COST-2024-07-09,100,WATCH,90,20
60-74,72,2024-07-10,187.79653325506442,9.38982666275322,2024-07-25,258,167.366275,12,4.69491333137661,2024-07-10,247,189.80505000000002,4.74512625,100.42583724678025,TP1,1,90.98579766540364,0.04471808367784546,50,-1.0756530451845472,Risk-on,90,0.12219577464450446,100,-0.4617033150157743,72,-5.0022552014754,Communication Services,2024-07-09,True,25,GOOGL,-939.4061852941938,18.31910978775322,True,False,GOOGL-2024-07-09,100,WATCH,90,20
60-74,72,2024-07-10,187.79653325506442,9.38982666275322,2024-07-25,258,167.366275,12,4.69491333137661,2024-07-25,258,167.366275,4.184156875,-1021.5129127532208,STOP,2,-1030.3919829595975,-0.5064213986936197,50,-1.0756530451845472,Risk-on,90,0.12219577464450446,100,-0.4617033150157743,72,-5.0022552014754,Communication Services,2024-07-09,True,25,GOOGL,-939.4061852941938,18.31910978775322,True,False,GOOGL-2024-07-09,100,WATCH,90,20
60-74,70,2024-07-11,921.6844449816638,46.08422224908319,2024-07-25,258,817.5310300000001,11,23.04211112454159,2024-07-12,249,932.19367,23.304841749999998,525.4612509168112,TP1,1,479.11429804226964,0.046182164078949046,50,-1.2184903286917588,Risk-on,90,0.29985515245775607,60,-0.45997998627867615,78,-5.177516951596585,Health Care,2024-07-10,True,25,LLY,-4772.036837915455,89.8273397490832,True,False,LLY-2024-07-10,100,WATCH,90,45
60-74,70,2024-07-11,921.6844449816638,46.08422224908319,2024-07-25,258,817.5310300000001,11,23.04211112454159,2024-07-25,258,817.5310300000001,20.43827575,-5207.670749083183,STOP,2,-5251.151135957724,-0.5061621503576251,50,-1.2184903286917588,Risk-on,90,0.29985515245775607,60,-0.45997998627867615,78,-5.177516951596585,Health Care,2024-07-10,True,25,LLY,-4772.036837915455,89.8273397490832,True,False,LLY-2024-07-10,100,WATCH,90,45
75-89,78,2024-07-12,195.01798160406597,9.750899080203299,2024-07-18,253,199.20035000000001,5,4.875449540101649,2024-07-12,249,193.26332000000002,4.831583,-87.73308020329722,TP1,1,-97.44011274339887,-0.043368431780167326,50,-0.09272803360717674,Risk-on,90,0.21974826730926975,90,0.04531909032041195,71,0.5221203087309514,Real Estate,2024-07-11,False,25,AMT,101.82284876320192,19.562490830203302,True,True,AMT-2024-07-11,100,BUY,90,70
75-89,78,2024-07-12,195.01798160406597,9.750899080203299,2024-07-18,253,199.20035000000001,5,4.875449540101649,2024-07-18,253,199.20035000000001,4.9800087500000005,209.11841979670243,TP2,2,199.2629615066008,0.08868752210057927,50,-0.09272803360717674,Risk-on,90,0.21974826730926975,90,0.04531909032041195,71,0.5221203087309514,Real Estate,2024-07-11,False,25,AMT,101.82284876320192,19.562490830203302,True,True,AMT-2024-07-11,100,BUY,90,70
60-74,69,2024-07-12,114.22663639918999,5.7113318199595,2024-07-17,252,116.42176,4,2.85566590997975,2024-07-12,249,113.04345,2.8260862500000004,-59.1593199594989,TP1,1,-64.84107211947865,-0.04170746034998094,50,-0.1752261406115883,Risk-on,90,0.42731664811049463,60,0.02518158719726822,40,0.34273002554525245,Real Estate,2024-07-11,False,25,PLD,39.14889801104265,11.447962069959502,True,True,PLD-2024-07-11,85,WATCH,90,85
60-74,69,2024-07-12,114.22663639918999,5.7113318199595,2024-07-17,252,116.42176,4,2.85566590997975,2024-07-17,252,116.42176,2.9105440000000002,109.75618004050105,TP2,2,103.9899701305213,0.06688904754724916,50,-0.1752261406115883,Risk-on,90,0.42731664811049463,60,0.02518158719726822,40,0.34273002554525245,Real Estate,2024-07-11,False,25,PLD,39.14889801104265,11.447962069959502,True,True,PLD-2024-07-11,85,WATCH,90,85
75-89,77,2024-07-15,341.77171533930846,17.088585766965423,2024-07-17,252,355.822,3,8.544292883482711,2024-07-16,251,346.00691,8.65017275,211.75973303457738,TP1,1,194.56526740109467,0.05637658559946655,50,-0.11822356472505176,Risk-on,90,0.4373970671353013,100,0.2548814652948558,43,2.5737637670773585,Consumer Discretionary,2024-07-12,False,25,HD,879.6396575521892,34.63430851696542,True,True,HD-2024-07-12,100,BUY,90,70
75-89,77,2024-07-15,341.77171533930846,17.088585766965423,2024-07-17,252,355.822,3,8.544292883482711,2024-07-17,252,355.822,8.89555,702.5142330345773,TP2,2,685.0743901510946,0.1985048796953892,50,-0.11822356472505176,Risk-on,90,0.4373970671353013,100,0.2548814652948558,43,2.5737637670773585,Consumer Discretionary,2024-07-12,False,25,HD,879.6396575521892,34.63430851696542,True,True,HD-2024-07-12,100,BUY,90,70
75-89,77,2024-07-16,233.09829777741663,11.654914888870831,2024-08-05,265,198.54068,15,11.654914888870831,2024-08-05,265,198.54068,9.927033999999999,-3455.7617777416626,STOP,1,-3477.343726630533,-1.009145532693586,100,-1.1254627735801297,Risk-on,90,0.0331591104347671,90,-1.009145532693586,100,-14.917928443866268,Technology,2024-07-15,True,25,AAPL,-3477.343726630533,21.58194888887083,False,False,AAPL-2024-07-15,100,BUY,90,45
60-74,73,2024-07-16,140.06287979968357,7.003143989984179,2024-08-02,264,130.03495,14,7.003143989984179,2024-08-02,264,130.03495,6.5017475000000005,-1002.7929799683562,STOP,1,-1016.2978714583404,-1.0200844453534592,100,-1.113897032991675,Risk-on,90,0.03520548637328046,80,-1.0200844453534592,72,-7.256011535046536,Technology,2024-07-15,True,25,ORCL,-1016.2978714583404,13.504891489984178,False,False,ORCL-2024-07-15,100,WATCH,90,45
75-89,78,2024-07-16,40.638364882486854,2.0319182441243426,2024-07-16,251,41.389295,1,1.0159591220621713,2024-07-16,251,40.31983,1.00799575,-15.926744124342562,TP1,1,-17.950698996404732,-0.03664630836421344,50,-0.0626513398269,Risk-on,90,0.3624879996507252,100,0.03581831040174114,60,0.43173772943190736,Financials,2024-07-15,False,25,BAC,17.545115382190232,4.074646369124343,True,True,BAC-2024-07-15,100,BUY,90,70
75-89,78,2024-07-16,40.638364882486854,2.0319182441243426,2024-07-16,251,41.389295,1,1.0159591220621713,2024-07-16,251,41.389295,1.0347323749999997,37.54650587565713,TP2,2,35.495814378594964,0.07246461876595459,50,-0.0626513398269,Risk-on,90,0.3624879996507252,100,0.03581831040174114,60,0.43173772943190736,Financials,2024-07-15,False,25,BAC,17.545115382190232,4.074646369124343,True,True,BAC-2024-07-15,100,BUY,90,70
60-74,72,2024-07-16,510.59301169259567,25.529650584629785,2024-07-16,251,522.5785800000001,1,12.764825292314892,2024-07-16,251,507.1463,12.6786575,-172.3355846297835,TP1,1,-197.77906742209842,-0.029762242881782787,50,-0.1012205833598565,Risk-on,90,0.22659309501977204,100,0.056531682851879886,34,0.7357524477479177,Health Care,2024-07-15,False,25,UNH,375.6700581558085,51.272772584629784,True,True,UNH-2024-07-15,85,WATCH,90,70
60-74,72,2024-07-16,510.59301169259567,25.529650584629785,2024-07-16,251,522.5785800000001,1,12.764825292314892,2024-07-16,251,522.5785800000001,13.064464500000001,599.2784153702218,TP2,2,573.4491255779069,0.08629392573366267,50,-0.1012205833598565,Risk-on,90,0.22659309501977204,100,0.056531682851879886,34,0.7357524477479177,Health Care,2024-07-15,False,25,UNH,375.6700581558085,51.272772584629784,True,True,UNH-2024-07-15,85,WATCH,90,70
75-89,77,2024-07-17,205.28175190374176,10.264087595187087,2024-08-26,280,210.544675,29,5.132043797593543,2024-07-17,252,205.01744000000002,5.1254360000000005,-13.215595187087104,TP1,1,-23.473074984680647,-0.009013631291567587,50,-0.8478398301198278,Risk-on,90,0.21274701371076168,100,0.08804224078438247,52,1.116891379917433,Financials,2024-07-16,False,25,JPM,229.27741915563823,20.65314047018709,True,True,JPM-2024-07-16,100,BUY,90,70
75-89,77,2024-07-17,205.28175190374176,10.264087595187087,2024-08-26,280,210.544675,29,5.132043797593543,2024-08-26,280,210.544675,5.263616875,263.1461548129124,TP2,2,252.75049414031886,0.09705587207595005,50,-0.8478398301198278,Risk-on,90,0.21274701371076168,100,0.08804224078438247,52,1.116891379917433,Financials,2024-07-16,False,25,JPM,229.27741915563823,20.65314047018709,True,True,JPM-2024-07-16,100,BUY,90,70
75-89,77,2024-07-17,41.71835667197979,2.0859178335989896,2024-08-02,264,35.572205000000004,13,1.0429589167994948,2024-07-17,252,42.388795,1.0597198749999999,33.52191640101054,TP1,1,31.419237609211052,0.05126861782191433,50,-1.0119249702893103,Risk-on,90,0.11974029748209887,60,-0.45333622845719074,61,-6.659433213441424,Financials,2024-07-16,True,25,BAC,-277.8206100315778,4.03494283359899,True,False,BAC-2024-07-16,100,BUY,90,100
75-89,77,2024-07-17,41.71835667197979,2.0859178335989896,2024-08-02,264,35.572205000000004,13,1.0429589167994948,2024-08-02,264,35.572205000000004,0.889305125,-307.30758359898937,STOP,2,-309.23984764078887,-0.5046048462791051,50,-1.0119249702893103,Risk-on,90,0.11974029748209887,60,-0.45333622845719074,61,-6.659433213441424,Financials,2024-07-16,True,25,BAC,-277.8206100315778,4.03494283359899,True,False,BAC-2024-07-16,100,BUY,90,100
75-89,78,2024-07-17,483.1854605879735,24.159273029398673,2024-08-27,281,486.7906015930176,30,12.079636514699336,2024-07-17,252,486.14680500000003,12.153670125000001,148.0672206013253,TP1,1,123.83391396162595,0.017760214549659814,50,-0.9071958429392705,Risk-on,90,0.19289865977470433,60,0.04013477434203886,72,0.5791597336533546,Financials,2024-07-16,False,25,GS,279.8415626593042,48.48270819422412,True,False,GS-2024-07-16,100,BUY,90,100
75-89,78,2024-07-17,483.1854605879735,24.159273029398673,2024-08-27,281,486.7906015930176,30,12.079636514699336,2024-08-27,281,486.7906015930176,12.169765039825439,180.25705025220304,TIME,2,156.00764869767826,0.022374559792379047,50,-0.9071958429392705,Risk-on,90,0.19289865977470433,60,0.04013477434203886,72,0.5791597336533546,Financials,2024-07-16,False,25,GS,279.8415626593042,48.48270819422412,True,False,GS-2024-07-16,100,BUY,90,100
75-89,76,2024-07-17,529.8155356578889,26.490776782894443,2024-07-17,252,543.258235,1,13.245388391447223,2024-07-17,252,525.387175,13.134679375000001,-221.4180328944451,TP1,1,-247.79810066089232,-0.028253416252706463,50,-0.03244527363759676,Risk-on,90,0.21070252869020872,90,0.045323253452185415,41,0.7502800416839748,Health Care,2024-07-16,False,25,UNH,397.5100221782182,53.206912032894444,True,True,UNH-2024-07-16,85,BUY,90,100
75-89,76,2024-07-17,529.8155356578889,26.490776782894443,2024-07-17,252,543.258235,1,13.245388391447223,2024-07-17,252,543.258235,13.581455875,672.1349671055577,TP2,2,645.3081228391105,0.07357666970489188,50,-0.03244527363759676,Risk-on,90,0.21070252869020872,90,0.045323253452185415,41,0.7502800416839748,Health Care,2024-07-16,False,25,UNH,397.5100221782182,53.206912032894444,True,True,UNH-2024-07-16,85,BUY,90,100
60-74,64,2024-07-17,67.74443206091571,3.3872216030457856,2024-08-02,264,75.10243,13,1.6936108015228928,2024-07-31,262,72.34381,1.80859525,229.96889695421459,TP1,1,226.4666909026917,0.45709919546426175,50,-0.248737475194026,Risk-on,90,1.6712616607266386,55,1.1924584070211026,46,8.720944265561787,Utilities,2024-07-16,False,70,NEE,590.795416305383,7.073377603045785,True,True,NEE-2024-07-16,65,WATCH,90,45
60-74,64,2024-07-17,67.74443206091571,3.3872216030457856,2024-08-02,264,75.10243,13,1.6936108015228928,2024-08-02,264,75.10243,1.8775607499999998,367.8998969542142,TP2,2,364.32872540269136,0.7353592115568409,50,-0.248737475194026,Risk-on,90,1.6712616607266386,55,1.1924584070211026,46,8.720944265561787,Utilities,2024-07-16,False,70,NEE,590.795416305383,7.073377603045785,True,True,NEE-2024-07-16,65,WATCH,90,45
75-89,75,2024-07-17,99.74331698687257,4.987165849343629,2024-07-25,258,101.95899500000002,7,2.4935829246718146,2024-07-17,252,99.82006500000001,2.4955016250000006,3.8374006563721252,TP1,1,-1.15168389329969,-0.001256841703664295,50,-0.149729066872628,Risk-on,90,0.2943154366125311,90,0.11413951859707193,40,1.048588137260023,Utilities,2024-07-16,False,25,DUK,104.58965896340072,10.031642349343631,True,True,DUK-2024-07-16,100,BUY,90,70
75-89,75,2024-07-17,99.74331698687257,4.987165849343629,2024-07-25,258,101.95899500000002,7,2.4935829246718146,2024-07-25,258,101.95899500000002,2.5489748750000003,110.78390065637223,TP2,2,105.74134285670041,0.11539636030073623,50,-0.149729066872628,Risk-on,90,0.2943154366125311,90,0.11413951859707193,40,1.048588137260023,Utilities,2024-07-16,False,25,DUK,104.58965896340072,10.031642349343631,True,True,DUK-2024-07-16,100,BUY,90,70
75-89,76,2024-07-18,352.01130418516675,17.600565209258335,2024-08-28,282,354.3119521789551,30,8.800282604629167,2024-07-18,253,356.691565,8.917289125000002,234.01304074166376,TP1,1,216.2954690120346,0.04777760943827732,50,-0.6453297590102441,Risk-on,90,0.17848418105801803,90,0.06928666910265942,49,0.8910787340151743,Consumer Discretionary,2024-07-17,False,25,HD,313.6697872923488,35.37565313873221,True,False,HD-2024-07-17,100,BUY,90,70
75-89,76,2024-07-18,352.01130418516675,17.600565209258335,2024-08-28,282,354.3119521789551,30,8.800282604629167,2024-08-28,282,354.3119521789551,8.857798804473877,115.03239968941728,TIME,2,97.37431828031424,0.0215090596643821,50,-0.6453297590102441,Risk-on,90,0.17848418105801803,90,0.06928666910265942,49,0.8910787340151743,Consumer Discretionary,2024-07-17,False,25,HD,313.6697872923488,35.37565313873221,True,False,HD-2024-07-17,100,BUY,90,70
75-89,77,2024-07-18,539.857216180291,26.992860809014545,2024-08-28,282,562.2851840515137,30,13.496430404507272,2024-07-18,253,548.02585,13.70064625,408.4316909854522,TP1,1,381.2346143309449,0.038587586682123275,50,-0.1158323199651358,Risk-on,90,0.2714603785840187,60,0.14930374608880456,61,2.7323510803895066,Health Care,2024-07-17,False,25,UNH,1475.0794478862892,54.75063666030239,True,False,UNH-2024-07-17,100,BUY,90,100
75-89,77,2024-07-18,539.857216180291,26.992860809014545,2024-08-28,282,562.2851840515137,30,13.496430404507272,2024-08-28,282,562.2851840515137,14.057129601287842,1121.3983935611395,TIME,2,1093.8448335553444,0.1107161594066813,50,-0.1158323199651358,Risk-on,90,0.2714603785840187,60,0.14930374608880456,61,2.7323510803895066,Health Care,2024-07-17,False,25,UNH,1475.0794478862892,54.75063666030239,True,False,UNH-2024-07-17,100,BUY,90,100
60-74,71,2024-07-18,147.0903580610163,7.354517903050815,2024-07-26,259,151.993965,7,3.677258951525408,2024-07-25,258,148.72560000000001,3.71814,81.76209694918555,TP1,1,74.36669799766014,0.055997509747842684,50,-0.29225187681460907,Risk-on,90,0.41991343351387095,60,0.23498608654715597,38,2.1216206213929145,Health Care,2024-07-17,False,25,JNJ,312.0699368703197,14.872507028050816,True,True,JNJ-2024-07-17,85,WATCH,90,100
60-74,71,2024-07-18,147.0903580610163,7.354517903050815,2024-07-26,259,151.993965,7,3.677258951525408,2024-07-26,259,151.993965,3.7998491249999997,245.18034694918498,TP2,2,237.70323887265957,0.17898857679931332,50,-0.29225187681460907,Risk-on,90,0.41991343351387095,60,0.23498608654715597,38,2.1216206213929145,Health Care,2024-07-17,False,25,JNJ,312.0699368703197,14.872507028050816,True,True,JNJ-2024-07-17,85,WATCH,90,100
75-89,77,2024-07-18,61.25544913800909,3.0627724569004546,2024-07-25,258,62.86855,6,1.5313862284502273,2024-07-18,253,61.74911,1.54372775,24.683043099545543,TP1,1,21.607929121095317,0.058950290421522,50,-0.13207966551970804,Risk-on,90,0.5303775612491208,100,0.2705258441972266,43,1.6187926729388984,Consumer Staples,2024-07-17,False,25,KO,99.15987224219049,6.178213956900454,True,True,KO-2024-07-17,100,BUY,90,70
75-89,77,2024-07-18,61.25544913800909,3.0627724569004546,2024-07-25,258,62.86855,6,1.5313862284502273,2024-07-25,258,62.86855,1.5717137499999998,80.65504309954541,TP2,2,77.55194312109518,0.2115755537757046,50,-0.13207966551970804,Risk-on,90,0.5303775612491208,100,0.2705258441972266,43,1.6187926729388984,Consumer Staples,2024-07-17,False,25,KO,99.15987224219049,6.178213956900454,True,True,KO-2024-07-17,100,BUY,90,70
60-74,74,2024-07-18,114.69476647555952,5.734738323777976,2024-08-28,282,118.69566550827027,30,2.867369161888988,2024-08-01,263,120.809565,3.0202391250000002,305.7399262220244,TP1,1,299.85231793513543,0.1831185308093925,50,-0.25610278288338195,Risk-on,90,0.42340871928102514,60,0.3017218654742342,65,4.307629057131893,Real Estate,2024-07-17,False,25,PLD,494.0625087710771,11.722369086484733,True,False,PLD-2024-07-17,85,WATCH,90,100
60-74,74,2024-07-18,114.69476647555952,5.734738323777976,2024-08-28,282,118.69566550827027,30,2.867369161888988,2024-08-28,282,118.69566550827027,2.9673916377067564,200.04495163553742,TIME,2,194.21019083594166,0.11860333466484169,50,-0.25610278288338195,Risk-on,90,0.42340871928102514,60,0.3017218654742342,65,4.307629057131893,Real Estate,2024-07-17,False,25,PLD,494.0625087710771,11.722369086484733,True,False,PLD-2024-07-17,85,WATCH,90,100
60-74,69,2024-07-18,472.0685800870447,23.603429004352236,2024-08-28,282,513.0775003967285,30,11.801714502176118,2024-08-22,278,538.9204050000001,13.473010125000004,3342.5912456477677,TP1,1,3317.316521020591,0.9217692148445632,50,-0.8994587647042739,Risk-on,90,1.9042831709799426,20,1.4846748250609982,18,11.318554358155898,Communication Services,2024-07-17,False,100,META,5343.133884492687,49.903376639270455,True,False,META-2024-07-17,65,WATCH,90,100
60-74,69,2024-07-18,472.0685800870447,23.603429004352236,2024-08-28,282,513.0775003967285,30,11.801714502176118,2024-08-28,282,513.0775003967285,12.826937509918213,2050.4460154841895,TIME,2,2025.8173634720952,0.5629056102164348,50,-0.8994587647042739,Risk-on,90,1.9042831709799426,20,1.4846748250609982,18,11.318554358155898,Communication Services,2024-07-17,False,100,META,5343.133884492687,49.903376639270455,True,False,META-2024-07-17,65,WATCH,90,100
60-74,71,2024-07-19,111.10971878964166,5.555485939482083,2024-08-29,283,111.45827344131469,30,2.7777429697410416,2024-08-12,270,112.24385000000001,2.80609625,56.70656051791738,TP1,1,51.12272129817634,0.04660349301428749,50,-0.4762886986881245,Risk-on,90,0.2408082277735916,100,0.05741829420051276,29,0.5668833902397179,Energy,2024-07-18,False,25,XOM,62.98625407605376,11.14803902551495,True,False,XOM-2024-07-18,100,WATCH,90,45
60-74,71,2024-07-19,111.10971878964166,5.555485939482083,2024-08-29,283,111.45827344131469,30,2.7777429697410416,2024-08-29,283,111.45827344131469,2.786456836032867,17.427732583651334,TIME,2,11.863532777877426,0.010814801186225268,50,-0.4762886986881245,Risk-on,90,0.2408082277735916,100,0.05741829420051276,29,0.5668833902397179,Energy,2024-07-18,False,25,XOM,62.98625407605376,11.14803902551495,True,False,XOM-2024-07-18,100,WATCH,90,45
60-74,74,2024-07-19,206.3886148004176,10.319430740020879,2024-07-25,258,195.732085,5,10.31943074002088,2024-07-25,258,195.732085,9.786604250000002,-1065.6529800417588,STOP,1,-1085.7590150317797,-1.0283157739487179,100,-1.6904324954026224,Risk-on,90,0.09162793926643716,100,-1.0283157739487179,54,-5.26075053162081,Industrials,2024-07-18,True,25,HON,-1085.7590150317797,20.10603499002088,False,False,HON-2024-07-18,100,WATCH,90,45
75-89,76,2024-07-19,197.63921970646655,9.881960985323326,2024-07-30,261,205.83703,8,4.940980492661663,2024-07-25,258,199.86002000000002,4.996500500000001,111.0400146766736,TP1,1,101.10253368401193,0.040249074161322264,50,-0.1390390605332844,Risk-on,90,0.4262623999463154,100,0.19941150560065868,75,2.53444707412814,Real Estate,2024-07-18,False,25,AMT,500.9061421180228,20.024387235323328,True,True,AMT-2024-07-18,100,BUY,90,45
75-89,76,2024-07-19,197.63921970646655,9.881960985323326,2024-07-30,261,205.83703,8,4.940980492661663,2024-07-30,261,205.83703,5.145925750000001,409.8905146766725,TP2,2,399.80360843401087,0.15916243143933642,50,-0.1390390605332844,Risk-on,90,0.4262623999463154,100,0.19941150560065868,75,2.53444707412814,Real Estate,2024-07-18,False,25,AMT,500.9061421180228,20.024387235323328,True,True,AMT-2024-07-18,100,BUY,90,45
75-89,81,2024-07-24,169.62525266337784,8.481262633168893,2024-09-04,286,164.37698365020753,30,8.481262633168893,2024-09-04,286,164.37698365020753,8.218849182510377,-524.8269013170301,TIME,1,-541.5270131327093,-0.2531061547404105,100,-0.9881354902955258,Risk-on,90,0.20257600114901125,100,-0.2531061547404105,44,-3.1924905320988515,Industrials,2024-07-23,False,25,GE,-541.5270131327093,16.70011181567927,False,False,GE-2024-07-23,100,BUY,90,100
60-74,63,2024-07-25,251.68555243642848,12.584277621821425,2024-09-03,285,277.311275,28,6.292138810910712,2024-08-29,283,270.20483,6.755120750000001,925.9638781785768,TP1,1,912.9166186176661,1.0822250534242248,50,-0.32901684573472206,Risk-on,90,3.1688484378137214,20,2.5854593905336856,24,8.665486775055198,Financials,2024-07-24,False,100,V,2180.9778261103324,26.272180246821428,True,True,V-2024-07-24,40,WATCH,90,100
60-74,63,2024-07-25,251.68555243642848,12.584277621821425,2024-09-03,285,277.311275,28,6.292138810910712,2024-09-03,285,277.311275,6.932781875000001,1281.2861281785772,TP2,2,1268.0612074926664,1.503234337109461,50,-0.32901684573472206,Risk-on,90,3.1688484378137214,20,2.5854593905336856,24,8.665486775055198,Financials,2024-07-24,False,100,V,2180.9778261103324,26.272180246821428,True,True,V-2024-07-24,40,WATCH,90,100
60-74,66,2024-07-26,801.0875910488251,40.054379552441254,2024-08-05,265,762.89836,7,40.054379552441254,2024-08-05,265,762.89836,38.144918,-3818.9231048825036,STOP,1,-3897.122402434945,-1.0307777603185992,100,-1.6884029906885782,Defensive,35,0.7464068516944848,20,-1.0307777603185992,45,-4.864789376318552,Health Care,2024-07-25,True,100,LLY,-3897.122402434945,78.19929755244125,False,False,LLY-2024-07-25,65,WATCH,90,100
60-74,69,2024-07-26,192.45433562627838,9.622716781313919,2024-09-06,288,188.64847220611574,30,9.622716781313919,2024-09-06,288,188.64847220611574,9.432423610305786,-380.58634201626376,TIME,1,-399.6414824078834,-0.4580766943492312,100,-0.8211572109893766,Defensive,35,0.7341954249705569,40,-0.4580766943492312,46,-2.0765522434575643,Industrials,2024-07-25,False,100,HON,-399.6414824078834,19.055140391619705,False,False,HON-2024-07-25,65,WATCH,90,100
60-74,63,2024-07-26,810.7944781639554,40.53972390819777,2024-08-27,281,909.8348550000001,23,20.269861954098886,2024-08-27,281,886.61647,22.16541175,3791.099591802231,TP1,1,3748.664318098132,1.3980001009817022,50,-0.9387663203749201,Defensive,35,3.7138807629764248,20,3.228728664281479,61,10.67800491954084,Consumer Staples,2024-07-25,False,100,COST,8657.667426571265,85.45100703319778,True,True,COST-2024-07-25,65,WATCH,90,70
60-74,63,2024-07-26,810.7944781639554,40.53972390819777,2024-08-27,281,909.8348550000001,23,20.269861954098886,2024-08-27,281,909.8348550000001,22.745871375000004,4952.018841802232,TP2,2,4909.003108473133,1.8307285632997765,50,-0.9387663203749201,Defensive,35,3.7138807629764248,20,3.228728664281479,61,10.67800491954084,Consumer Staples,2024-07-25,False,100,COST,8657.667426571265,85.45100703319778,True,True,COST-2024-07-25,65,WATCH,90,70
60-74,72,2024-07-26,62.45598972311637,3.1227994861558184,2024-08-02,264,64.42777,6,1.5613997430779092,2024-07-26,259,63.168400000000005,1.57921,35.6205138441819,TP1,1,32.47990410110399,0.06975939817874938,50,-0.018878854897570657,Defensive,35,0.7238319097797573,90,0.2746930976183576,50,2.0477911649340177,Consumer Staples,2024-07-25,False,25,KO,127.89682395220748,6.312703736155818,True,True,KO-2024-07-25,100,WATCH,90,85
60-74,72,2024-07-26,62.45598972311637,3.1227994861558184,2024-08-02,264,64.42777,6,1.5613997430779092,2024-08-02,264,64.42777,1.6106942499999997,98.5890138441814,TP2,2,95.41691985110349,0.2049336994396082,50,-0.018878854897570657,Defensive,35,0.7238319097797573,90,0.2746930976183576,50,2.0477911649340177,Consumer Staples,2024-07-25,False,25,KO,127.89682395220748,6.312703736155818,True,True,KO-2024-07-25,100,WATCH,90,85
75-89,75,2024-07-26,100.42335473379428,5.021167736689714,2024-08-01,263,104.70762,5,2.510583868344857,2024-07-30,261,102.38878,2.5597195,98.27126331028566,TP1,1,93.20095994194081,0.0932629356453899,50,-0.04135919761857744,Defensive,35,0.45245500126079646,100,0.30248695952085963,56,3.0101160201747112,Utilities,2024-07-25,False,25,DUK,302.28594888388204,10.198577736689714,True,True,DUK-2024-07-25,100,BUY,90,85
75-89,75,2024-07-26,100.42335473379428,5.021167736689714,2024-08-01,263,104.70762,5,2.510583868344857,2024-08-01,263,104.70762,2.6176905,214.2132633102861,TP2,2,209.08498894194122,0.20922402387546973,50,-0.04135919761857744,Defensive,35,0.45245500126079646,100,0.30248695952085963,56,3.0101160201747112,Utilities,2024-07-25,False,25,DUK,302.28594888388204,10.198577736689714,True,True,DUK-2024-07-25,100,BUY,90,85
60-74,66,2024-07-26,165.9539343855641,8.297696719278205,2024-08-05,265,159.61015500000002,7,8.297696719278205,2024-08-05,265,159.61015500000002,7.980507750000001,-634.377938556409,STOP,1,-650.6561430256872,-1.0387339696999252,100,-1.9491643262081833,Defensive,35,1.111567215483288,20,-1.0387339696999252,41,-3.920703329117855,Communication Services,2024-07-25,True,100,GOOGL,-650.6561430256872,16.278204469278208,False,False,GOOGL-2024-07-25,65,WATCH,90,100
60-74,72,2024-07-29,151.22136656030435,7.5610683280152164,2024-08-05,265,156.191865,6,3.780534164007608,2024-08-02,264,152.593665,3.8148416249999997,68.61492198478203,TP1,1,61.019546195774424,0.03449114345563857,50,-0.1249705695504519,Risk-on,90,0.3060209443392274,90,0.17062511048120918,46,1.9961407852452773,Health Care,2024-07-26,False,25,JNJ,301.85913739154984,15.280706578015216,True,True,JNJ-2024-07-26,85,WATCH,90,70
60-74,72,2024-07-29,151.22136656030435,7.5610683280152164,2024-08-05,265,156.191865,6,3.780534164007608,2024-08-05,265,156.191865,3.904796625,248.52492198478302,TP2,2,240.83959119577543,0.1361339670255706,50,-0.1249705695504519,Risk-on,90,0.3060209443392274,90,0.17062511048120918,46,1.9961407852452773,Health Care,2024-07-26,False,25,JNJ,301.85913739154984,15.280706578015216,True,True,JNJ-2024-07-26,85,WATCH,90,70
60-74,63,2024-07-30,143.71820123257854,7.1859100616289275,2024-08-02,264,136.501715,4,7.1859100616289275,2024-08-02,264,136.501715,6.8250857499999995,-721.6486232578546,STOP,1,-735.6596190694835,-1.029153482300766,100,-1.2225071100035718,Risk-on,90,0.6616828907615786,55,-1.029153482300766,30,-5.118764448484633,Energy,2024-07-29,True,70,CVX,-735.6596190694835,14.010995811628927,False,False,CVX-2024-07-29,65,WATCH,90,45
60-74,71,2024-07-30,335.4542673900139,16.772713369500696,2024-08-05,265,302.08888,5,16.772713369500696,2024-08-05,265,302.08888,15.104444,-3336.5387390013893,STOP,1,-3368.41589637089,-1.01414728099155,100,-1.0804279026224126,Risk-on,90,0.21026515814900024,90,-1.01414728099155,40,-10.0413565240314,Industrials,2024-07-29,True,25,CAT,-3368.41589637089,31.877157369500697,False,False,CAT-2024-07-29,100,WATCH,90,45
60-74,70,2024-07-30,441.24125339568604,22.062062669784304,2024-08-22,278,450.204785,18,11.031031334892152,2024-07-30,261,441.429175,11.035729374999999,9.396080215697111,TP1,1,-12.67068049419504,-0.0036450585800129717,50,-0.33265331713908985,Risk-on,90,0.332581991813207,100,0.11887366202189163,49,0.9364939147950742,Materials,2024-07-29,False,25,LIN,413.21974876161136,44.352911669784305,True,True,LIN-2024-07-29,100,WATCH,90,20
60-74,70,2024-07-30,441.24125339568604,22.062062669784304,2024-08-22,278,450.204785,18,11.031031334892152,2024-08-22,278,450.204785,11.255119625,448.17658021569855,TP2,2,425.8904292558064,0.12251872060190461,50,-0.33265331713908985,Risk-on,90,0.332581991813207,100,0.11887366202189163,49,0.9364939147950742,Materials,2024-07-29,False,25,LIN,413.21974876161136,44.352911669784305,True,True,LIN-2024-07-29,100,WATCH,90,20
75-89,77,2024-07-31,206.62241382340747,10.331120691170375,2024-08-02,264,214.682605,3,5.165560345585187,2024-08-01,263,208.245825,5.206145625,81.17055882962632,TP1,1,70.79885285904112,0.021195729516238517,50,-0.10078738446652914,Risk-on,90,0.40164917033860686,60,0.13869530168308722,85,2.242137131424797,Real Estate,2024-07-30,False,25,AMT,463.2757862180822,20.904331441170378,True,True,AMT-2024-07-30,100,BUY,90,85
75-89,77,2024-07-31,206.62241382340747,10.331120691170375,2024-08-02,264,214.682605,3,5.165560345585187,2024-08-02,264,214.682605,5.367065125,403.00955882962626,TP2,2,392.4769333590411,0.11749957216684871,50,-0.10078738446652914,Risk-on,90,0.40164917033860686,60,0.13869530168308722,85,2.242137131424797,Real Estate,2024-07-30,False,25,AMT,463.2757862180822,20.904331441170378,True,True,AMT-2024-07-30,100,BUY,90,85
75-89,75,2024-08-01,154.66987900687207,7.733493950343603,2024-08-05,265,131.224355,3,7.733493950343603,2024-08-05,265,131.224355,6.561217749999999,-2344.5524006872065,STOP,1,-2358.84711238755,-1.0089218646915203,100,-1.2207901218525221,Risk-on,90,0.055889040129229045,50,-1.0089218646915203,82,-15.250849923292078,Technology,2024-07-31,True,25,AVGO,-2358.84711238755,14.294711700343601,False,False,AVGO-2024-07-31,100,BUY,90,85
75-89,75,2024-08-02,106.52515245493181,5.32625762274659,2024-08-02,264,107.33630500000001,1,2.663128811373295,2024-08-02,264,104.88753,2.6221882499999998,-81.88112274659076,TP1,1,-87.16643980796405,-0.054907466278148874,50,-0.1617129705239783,Risk-on,90,0.13271863716478502,60,-0.032727464595016825,62,-0.487728464063063,Utilities,2024-08-01,False,25,DUK,-51.95534899092752,10.63185349774659,True,True,DUK-2024-08-01,100,BUY,90,85
75-89,75,2024-08-02,106.52515245493181,5.32625762274659,2024-08-02,264,107.33630500000001,1,2.663128811373295,2024-08-02,264,107.33630500000001,2.683407625,40.557627253409834,TP2,2,35.211090817036535,0.022180001683132045,50,-0.1617129705239783,Risk-on,90,0.13271863716478502,60,-0.032727464595016825,62,-0.487728464063063,Utilities,2024-08-01,False,25,DUK,-51.95534899092752,10.63185349774659,True,True,DUK-2024-08-01,100,BUY,90,85
60-74,64,2024-08-05,125.2019238560178,6.260096192800891,2024-08-05,265,124.5377,1,6.260096192800891,2024-08-05,265,124.5377,6.226885,-66.42238560177987,STOP,1,-78.90936679458075,-1.3109526397014335,100,-2.1034401077355973,Defensive,35,3.2773176617001303,20,-1.3109526397014335,71,-0.6302568232523847,Technology,2024-08-02,True,100,ORCL,-78.90936679458075,12.48698119280089,False,False,ORCL-2024-08-02,65,WATCH,90,70
0-59,58,2024-08-05,154.28711171722412,7.714355585861206,2024-08-05,265,152.413755,1,7.714355585861206,2024-08-05,265,152.413755,7.62068775,-187.33567172241123,STOP,1,-202.67071505827244,-1.1277580192472698,100,-1.4896742819126056,Defensive,35,4.826018835400814,20,-1.1277580192472698,22,-1.313594588702427,Consumer Discretionary,2024-08-02,True,100,AMZN,-202.67071505827244,15.335043335861206,False,False,AMZN-2024-08-02,40,SKIP,90,100
0-59,58,2024-08-05,133.66914491881604,6.683457245940803,2024-08-07,267,130.99447,3,6.683457245940803,2024-08-07,267,130.99447,6.5497235,-267.4674918816038,STOP,1,-280.70067262754463,-1.075833966152094,100,-1.1656933902427584,Defensive,35,0.06236700841929338,20,-1.075833966152094,28,-2.099966097621319,Energy,2024-08-02,True,100,CVX,-280.70067262754463,13.233180745940803,False,False,CVX-2024-08-02,40,SKIP,90,100
60-74,72,2024-08-05,65.21625372687446,3.260812686343723,2024-08-27,281,67.276345,17,1.6304063431718614,2024-08-21,277,65.797085,1.6449271249999997,29.041563656276992,TP1,1,25.76623018810513,0.033875060066781294,50,-0.16079789118934726,Defensive,35,0.3112262376492383,60,0.1649412225534105,66,1.9237302314485993,Consumer Staples,2024-08-02,False,25,KO,125.45847887621079,6.587648436343723,True,True,KO-2024-08-02,100,WATCH,90,100
60-74,72,2024-08-05,65.21625372687446,3.260812686343723,2024-08-27,281,67.276345,17,1.6304063431718614,2024-08-27,281,67.276345,1.6819086250000004,103.00456365627753,TP2,2,99.69224868810566,0.13106616248662922,50,-0.16079789118934726,Defensive,35,0.3112262376492383,60,0.1649412225534105,66,1.9237302314485993,Consumer Staples,2024-08-02,False,25,KO,125.45847887621079,6.587648436343723,True,True,KO-2024-08-02,100,WATCH,90,100
75-89,75,2024-08-05,74.16481770927027,3.7082408854635136,2024-09-11,291,78.810575,27,1.8541204427317566,2024-08-26,280,75.98199,1.8995497499999998,90.85861453648647,TP1,1,87.10494434375471,0.08697606573819675,50,-0.2110086765344568,Defensive,35,0.5203388185450152,100,0.31510151579733925,62,4.254961231072574,Utilities,2024-08-02,False,25,NEE,315.5684240625096,7.578055010463514,True,True,NEE-2024-08-02,100,BUY,90,85
75-89,75,2024-08-05,74.16481770927027,3.7082408854635136,2024-09-11,291,78.810575,27,1.8541204427317566,2024-09-11,291,78.810575,1.970264375,232.28786453648667,TP2,2,228.4634797187549,0.22812545005914253,50,-0.2110086765344568,Defensive,35,0.5203388185450152,100,0.31510151579733925,62,4.254961231072574,Utilities,2024-08-02,False,25,NEE,315.5684240625096,7.578055010463514,True,True,NEE-2024-08-02,100,BUY,90,85
60-74,72,2024-08-05,106.30157222119576,5.315078611059787,2024-09-16,294,110.55773059082031,30,2.6575393055298933,2024-09-03,285,108.57568500000001,2.7143921250000003,113.7056389402126,TP1,1,108.3337075096827,0.07002113680551975,50,-0.18999683931709827,Defensive,35,0.3157233170900862,60,0.20406467998648492,68,2.9700420870883213,Utilities,2024-08-02,False,25,DUK,315.72014342061016,10.793414000830296,True,False,DUK-2024-08-02,100,WATCH,90,100
60-74,72,2024-08-05,106.30157222119576,5.315078611059787,2024-09-16,294,110.55773059082031,30,2.6575393055298933,2024-09-16,294,110.55773059082031,2.763943264770508,212.8079184812279,TIME,2,207.38643591092747,0.13404354318096517,50,-0.18999683931709827,Defensive,35,0.3157233170900862,60,0.20406467998648492,68,2.9700420870883213,Utilities,2024-08-02,False,25,DUK,315.72014342061016,10.793414000830296,True,False,DUK-2024-08-02,100,WATCH,90,100
75-89,75,2024-08-05,216.305218021323,10.815260901066148,2024-09-16,294,223.95425103759766,30,5.407630450533074,2024-08-05,265,219.92998,5.498249499999999,181.23809893385072,TP1,1,170.33221898331766,0.03996981052592294,50,-0.32809193366608447,Defensive,35,0.2530069280579885,60,0.12713237388566076,100,2.5046893830234405,Real Estate,2024-08-02,False,25,AMT,541.7773830705783,21.91236667700609,True,False,AMT-2024-08-02,100,BUY,90,100
75-89,75,2024-08-05,216.305218021323,10.815260901066148,2024-09-16,294,223.95425103759766,30,5.407630450533074,2024-09-16,294,223.95425103759766,5.598856275939942,382.4516508137336,TIME,2,371.44516408726054,0.08716256335973781,50,-0.32809193366608447,Defensive,35,0.2530069280579885,60,0.12713237388566076,100,2.5046893830234405,Real Estate,2024-08-02,False,25,AMT,541.7773830705783,21.91236667700609,True,False,AMT-2024-08-02,100,BUY,90,100
60-74,70,2024-08-06,203.63863756558158,10.18193187827908,2024-09-17,295,215.0693829498291,30,10.18193187827908,2024-09-17,295,215.0693829498291,10.753469147491455,1143.074538424753,TIME,1,1122.1391373989825,0.6351022444338914,100,-0.24311079914316958,Defensive,35,1.5591651849335921,40,0.6351022444338914,78,5.510443159577704,Technology,2024-08-05,False,85,AAPL,1122.1391373989825,20.935401025770535,False,False,AAPL-2024-08-05,65,WATCH,90,100
60-74,60,2024-08-06,394.0078875734855,19.700394378674275,2024-09-17,295,428.97470588684087,30,19.700394378674275,2024-09-17,295,428.97470588684087,21.448735294342043,3496.681831335536,TIME,1,3455.5327016625197,1.2598610419429368,100,-0.09799282785594281,Defensive,35,1.523618913664548,20,1.2598610419429368,42,8.770211994850069,Technology,2024-08-05,False,100,MSFT,3455.5327016625197,41.14912967301632,False,False,MSFT-2024-08-05,40,WATCH,90,100
60-74,67,2024-08-06,103.72096624211373,5.186048312105687,2024-09-17,295,115.35195550918581,30,5.186048312105687,2024-09-17,295,115.35195550918581,5.76759777545929,1163.0989267072082,TIME,1,1152.1452806196432,0.5011295604049907,100,-0.2766933339576146,Defensive,35,1.1884253014449522,20,0.5011295604049907,77,11.10812328849901,Technology,2024-08-05,False,100,NVDA,1152.1452806196432,10.953646087564977,False,False,NVDA-2024-08-05,65,WATCH,70,100
60-74,62,2024-08-06,139.18325638905674,6.959162819452837,2024-09-17,295,159.3911202850342,30,6.959162819452837,2024-09-17,295,159.3911202850342,7.969556014251709,2020.7863895977453,TIME,1,2005.8576707640407,0.843745441490032,100,-0.2849196736785113,Defensive,35,1.2641915719594952,20,0.843745441490032,69,14.411630556746701,Technology,2024-08-05,False,85,AVGO,2005.8576707640407,14.928718833704547,False,False,AVGO-2024-08-05,65,WATCH,70,85
60-74,66,2024-08-06,127.79621609034588,6.389810804517293,2024-09-10,290,148.9255,25,3.1949054022586467,2024-09-10,290,143.36828,3.584207,778.6031954827059,TP1,1,771.8240830804473,0.9084327362594495,50,-0.559170081528219,Defensive,35,3.4452197529233257,20,2.143742833625064,70,14.25214526205746,Technology,2024-08-05,False,100,ORCL,1821.3702356608947,13.697155304517294,True,True,ORCL-2024-08-05,65,WATCH,90,85
60-74,66,2024-08-06,127.79621609034588,6.389810804517293,2024-09-10,290,148.9255,25,3.1949054022586467,2024-09-10,290,148.9255,3.7231375,1056.464195482706,TP2,2,1049.5461525804474,1.2353100973656146,50,-0.559170081528219,Defensive,35,3.4452197529233257,20,2.143742833625064,70,14.25214526205746,Technology,2024-08-05,False,100,ORCL,1821.3702356608947,13.697155304517294,True,True,ORCL-2024-08-05,65,WATCH,90,85
0-59,58,2024-08-06,161.79086171722412,8.089543085861205,2024-09-17,295,186.78656488037112,30,8.089543085861205,2024-09-17,295,186.78656488037112,9.339328244018557,2499.5703163147,TIME,1,2482.1414449848203,1.2981326269144553,100,-0.17001683706351545,Defensive,35,1.4465422971027837,20,1.2981326269144553,20,15.341666510949633,Consumer Discretionary,2024-08-05,False,100,AMZN,2482.1414449848203,17.42887132987976,False,False,AMZN-2024-08-05,40,SKIP,90,100
60-74,66,2024-08-06,35.02812903322589,1.7514064516612944,2024-09-17,295,38.008204256057745,30,1.7514064516612944,2024-09-17,295,38.008204256057745,1.900410212802887,298.0075222831857,TIME,1,294.3557056187215,1.0557463521627255,100,-0.04396694834044978,Defensive,35,1.4669890097419986,20,1.0557463521627255,43,8.403409309686817,Financials,2024-08-05,False,100,BAC,294.3557056187215,3.6518166644641816,False,False,BAC-2024-08-05,65,WATCH,90,100
60-74,61,2024-08-06,778.6594429283565,38.932972146417825,2024-09-17,295,894.4994869689942,30,19.466486073208912,2024-08-20,276,952.313605,23.807840125000002,8682.708103582178,TP1,1,8639.433777383969,1.095270637906364,50,-0.33151048593540733,Defensive,35,2.3049746273750475,20,1.8242531224818619,52,18.47997495805415,Health Care,2024-08-05,False,100,LLY,14389.607006168422,85.10329944564268,True,False,LLY-2024-08-05,50,WATCH,90,85
60-74,61,2024-08-06,778.6594429283565,38.932972146417825,2024-09-17,295,894.4994869689942,30,19.466486073208912,2024-09-17,295,894.4994869689942,22.362487174224853,5792.002202031887,TIME,2,5750.1732287844525,0.7289824845754979,50,-0.33151048593540733,Defensive,35,2.3049746273750475,20,1.8242531224818619,52,18.47997495805415,Health Care,2024-08-05,False,100,LLY,14389.607006168422,85.10329944564268,True,False,LLY-2024-08-05,50,WATCH,90,85
75-89,78,2024-08-06,152.24230692208445,7.612115346104223,2024-09-17,295,158.9727352218628,30,3.8060576730521114,2024-08-28,282,156.56168,3.914042,215.96865389577715,TP1,1,208.24855422272503,0.11212853367994643,50,-0.2386240930010681,Defensive,35,0.45791547416233697,100,0.2891345676177175,67,3.52720346935407,Health Care,2024-08-05,False,25,JNJ,536.9895931580434,15.50047572665079,True,False,JNJ-2024-08-05,100,BUY,90,100
75-89,78,2024-08-06,152.24230692208445,7.612115346104223,2024-09-17,295,158.9727352218628,30,3.8060576730521114,2024-09-17,295,158.9727352218628,3.9743183805465696,336.52141498891694,TIME,2,328.7410389353183,0.17700603393777103,50,-0.2386240930010681,Defensive,35,0.45791547416233697,100,0.2891345676177175,67,3.52720346935407,Health Care,2024-08-05,False,25,JNJ,536.9895931580434,15.50047572665079,True,False,JNJ-2024-08-05,100,BUY,90,100
0-59,59,2024-08-06,306.5513057795802,15.32756528897901,2024-09-17,295,344.89972949218753,30,15.32756528897901,2024-09-17,295,344.89972949218753,17.244986474609377,3834.8423712607314,TIME,1,3802.269819497143,1.9791834366295848,100,-0.1882584575382327,Defensive,35,2.145793619702099,20,1.9791834366295848,31,12.403371793924412,Industrials,2024-08-05,False,100,CAT,3802.269819497143,32.572551763588386,False,False,CAT-2024-08-05,40,SKIP,90,100
60-74,62,2024-08-06,158.18990246029261,7.909495123014631,2024-09-09,289,147.676125,24,7.909495123014631,2024-09-09,289,147.676125,7.38380625,-1051.3777460292602,STOP,1,-1066.6710474022748,-1.0217251085048715,100,-1.1400992138996962,Defensive,35,0.8773745509025348,20,-1.0217251085048715,38,-6.742978096658356,Communication Services,2024-08-05,True,100,GOOGL,-1066.6710474022748,15.293301373014632,False,False,GOOGL-2024-08-05,50,WATCH,90,100
0-59,54,2024-08-08,131.41867968389917,6.570933984194958,2024-09-11,291,125.96698500000001,24,6.570933984194958,2024-09-11,291,125.96698500000001,6.29834925,-545.1694683899163,STOP,1,-558.0387516241113,-1.0355760304170143,100,-1.0659590358975524,Defensive,35,1.47004554303487,20,-1.0355760304170143,25,-4.246266611157255,Energy,2024-08-07,True,100,CVX,-558.0387516241113,12.869283234194958,False,False,CVX-2024-08-07,40,SKIP,90,70
75-89,83,2024-08-16,71.60355564737283,3.580177782368642,2024-08-27,281,75.172395,8,1.790088891184321,2024-08-20,276,73.03346499999999,1.825836625,71.49546763135817,TP1,1,67.87954211517385,0.08545234039824925,50,-0.02681178140655251,Risk-on,90,0.4602245395937477,100,0.30547039858731273,66,3.38882767463868,Consumer Staples,2024-08-15,False,25,WMT,242.6521109803478,7.2853242823686415,True,True,WMT-2024-08-15,100,BUY,90,100
75-89,83,2024-08-16,71.60355564737283,3.580177782368642,2024-08-27,281,75.172395,8,1.790088891184321,2024-08-27,281,75.172395,1.8793098749999997,178.44196763135827,TP2,2,174.77256886517395,0.22001805818906348,50,-0.02681178140655251,Risk-on,90,0.4602245395937477,100,0.30547039858731273,66,3.38882767463868,Consumer Staples,2024-08-15,False,25,WMT,242.6521109803478,7.2853242823686415,True,True,WMT-2024-08-15,100,BUY,90,100
60-74,70,2024-08-21,222.78133316802976,11.13906665840149,2024-09-24,300,251.83402,24,5.569533329200745,2024-09-05,287,234.56266000000002,5.864066500000001,589.0663415985131,TP1,1,577.6327417693122,0.10467901165243566,50,-0.36590882588239637,Risk-on,90,0.6235563241757944,70,0.36577617532227713,85,9.060012662803631,Consumer Discretionary,2024-08-20,False,25,TSLA,2018.4016995386241,23.29898365840149,True,True,TSLA-2024-08-20,100,WATCH,70,45
60-74,70,2024-08-21,222.78133316802976,11.13906665840149,2024-09-24,300,251.83402,24,5.569533329200745,2024-09-24,300,251.83402,6.2958505,1452.6343415985125,TP2,2,1440.7689577693118,0.2610971636698414,50,-0.36590882588239637,Risk-on,90,0.6235563241757944,70,0.36577617532227713,85,9.060012662803631,Consumer Discretionary,2024-08-20,False,25,TSLA,2018.4016995386241,23.29898365840149,True,True,TSLA-2024-08-20,100,WATCH,70,45
60-74,74,2024-08-23,452.87262133809037,22.64363106690452,2024-08-28,282,461.14931,4,11.32181553345226,2024-08-23,279,452.57360000000006,11.314340000000003,-14.951066904515642,TP1,1,-37.5872224379679,-0.012387598954999662,50,-0.1025217215962123,Risk-on,90,0.3503128641178375,100,0.11646873170131418,55,0.7803445068723532,Materials,2024-08-22,False,25,LIN,353.3966623740621,45.48670381690452,True,True,LIN-2024-08-22,100,WATCH,90,45
60-74,74,2024-08-23,452.87262133809037,22.64363106690452,2024-08-28,282,461.14931,4,11.32181553345226,2024-08-28,282,461.14931,11.528732750000001,413.83443309548227,TP2,2,390.98388481203,0.12885633065631386,50,-0.1025217215962123,Risk-on,90,0.3503128641178375,100,0.11646873170131418,55,0.7803445068723532,Materials,2024-08-22,False,25,LIN,353.3966623740621,45.48670381690452,True,True,LIN-2024-08-22,100,WATCH,90,45
60-74,70,2024-08-27,210.76425731471,10.538212865735499,2024-08-30,284,215.91199000000003,4,5.2691064328677495,2024-08-27,281,210.71459000000002,5.26786475,-2.4833657354989214,TP1,1,-13.02033691836667,-0.004081065667798332,50,-0.020447037043376793,Risk-on,90,0.1762751467171969,100,0.07325022139146194,54,1.1088188962434513,Financials,2024-08-26,False,25,JPM,233.69939116326748,21.2038773657355,True,True,JPM-2024-08-26,100,WATCH,90,20
60-74,70,2024-08-27,210.76425731471,10.538212865735499,2024-08-30,284,215.91199000000003,4,5.2691064328677495,2024-08-30,284,215.91199000000003,5.397799750000001,257.3866342645019,TP2,2,246.71972808163414,0.07733128705926026,50,-0.020447037043376793,Risk-on,90,0.1762751467171969,100,0.07325022139146194,54,1.1088188962434513,Financials,2024-08-26,False,25,JPM,233.69939116326748,21.2038773657355,True,True,JPM-2024-08-26,100,WATCH,90,20
60-74,71,2024-08-28,486.6436688208052,24.332183441040257,2024-10-09,311,487.66257139587407,30,24.332183441040257,2024-10-09,311,487.66257139587407,24.3831285697937,101.89025750688643,TIME,1,53.17494549605247,0.006677445141414847,100,-0.5626537754892742,Risk-on,90,0.08874831588878586,100,0.006677445141414847,60,0.10926875022313887,Financials,2024-08-27,False,25,GS,53.17494549605247,48.715312010833955,False,False,GS-2024-08-27,100,WATCH,90,20
60-74,66,2024-08-28,75.12957748806849,3.7564788744034248,2024-09-10,290,76.971495,9,1.8782394372017124,2024-08-29,283,75.22237000000001,1.8805592500000003,4.639625596576025,TP1,1,0.880826909374312,0.0007907184184658336,50,-0.05727811018533241,Risk-on,90,0.2281640502828878,60,0.0800516678386249,69,1.1869383360755648,Consumer Staples,2024-08-27,False,25,WMT,89.17417569374823,7.561325499403425,True,True,WMT-2024-08-27,100,WATCH,90,20
60-74,66,2024-08-28,75.12957748806849,3.7564788744034248,2024-09-10,290,76.971495,9,1.8782394372017124,2024-09-10,290,76.971495,1.9242873750000002,92.09587559657564,TP2,2,88.29334878437392,0.07926094942015907,50,-0.05727811018533241,Risk-on,90,0.2281640502828878,60,0.0800516678386249,69,1.1869383360755648,Consumer Staples,2024-08-27,False,25,WMT,89.17417569374823,7.561325499403425,True,True,WMT-2024-08-27,100,WATCH,90,20
75-89,77,2024-08-28,902.935657170914,45.146782858545706,2024-10-09,311,900.1913417663575,30,22.573391429272853,2024-09-13,293,909.9248100000001,22.748120250000003,349.4576414543019,TP1,1,304.136129775029,0.02212934663649968,50,-0.31901317674236074,Risk-on,90,0.0894895020824858,90,0.008865398331253035,60,0.13494005204703685,Consumer Staples,2024-08-27,False,25,COST,121.84218457376858,90.39968665270464,True,False,COST-2024-08-27,100,BUY,90,70
75-89,77,2024-08-28,902.935657170914,45.146782858545706,2024-10-09,311,900.1913417663575,30,22.573391429272853,2024-10-09,311,900.1913417663575,22.50478354415894,-137.21577022782867,TIME,2,-182.29394520126044,-0.013263948305246645,50,-0.31901317674236074,Risk-on,90,0.0894895020824858,90,0.008865398331253035,60,0.13494005204703685,Consumer Staples,2024-08-27,False,25,COST,121.84218457376858,90.39968665270464,True,False,COST-2024-08-27,100,BUY,90,70
75-89,75,2024-08-28,67.69293609889037,3.384646804944518,2024-09-03,285,68.835565,4,1.692323402472259,2024-08-28,282,67.54621,1.68865525,-7.336304944518446,TP1,1,-10.717283596990704,-0.01837373736878329,50,-0.06735033991803364,Risk-on,90,0.26633151731673854,60,0.07372093265208048,66,0.635235393958979,Consumer Staples,2024-08-27,False,25,KO,43.00094893101861,6.7941911799445185,True,True,KO-2024-08-27,100,BUY,90,85
75-89,75,2024-08-28,67.69293609889037,3.384646804944518,2024-09-03,285,68.835565,4,1.692323402472259,2024-09-03,285,68.835565,1.720889125,57.13144505548158,TP2,2,53.71823252800932,0.09209467002086377,50,-0.06735033991803364,Risk-on,90,0.26633151731673854,60,0.07372093265208048,66,0.635235393958979,Consumer Staples,2024-08-27,False,25,KO,43.00094893101861,6.7941911799445185,True,True,KO-2024-08-27,100,BUY,90,85
60-74,71,2024-08-29,356.7439615073221,17.837198075366103,2024-09-17,295,370.764525,13,8.918599037683052,2024-09-13,293,359.90995499999997,8.997748875,158.2996746338921,TP1,1,140.38332672120902,0.032651870588222234,50,-0.33867720108540766,Risk-on,90,0.33706312023882884,100,0.19147428158073299,65,2.3076039905878623,Consumer Discretionary,2024-08-28,False,25,HD,823.2237891924192,36.10406007536611,True,True,HD-2024-08-28,100,WATCH,90,20
60-74,71,2024-08-29,356.7439615073221,17.837198075366103,2024-09-17,295,370.764525,13,8.918599037683052,2024-09-17,295,370.764525,9.269113125,701.0281746338933,TP2,2,682.8404624712102,0.15882241099251077,50,-0.33867720108540766,Risk-on,90,0.33706312023882884,100,0.19147428158073299,65,2.3076039905878623,Consumer Discretionary,2024-08-28,False,25,HD,823.2237891924192,36.10406007536611,True,True,HD-2024-08-28,100,WATCH,90,20
60-74,69,2024-08-29,564.8943381559144,28.244716907795716,2024-10-10,312,573.0614704589844,30,14.122358453897856,2024-08-30,284,566.39666,14.159916499999998,75.11609220428,TP1,1,46.83381725038214,0.010425043344621066,50,-0.48870584913172355,Risk-on,90,0.36096179357193137,80,0.0949911684191013,72,0.7554360317747224,Health Care,2024-08-28,False,25,UNH,426.7415371885121,56.73117016927033,True,False,UNH-2024-08-28,100,WATCH,90,20
60-74,69,2024-08-29,564.8943381559144,28.244716907795716,2024-10-10,312,573.0614704589844,30,14.122358453897856,2024-10-10,312,573.0614704589844,14.326536761474612,408.3566151535024,TIME,2,379.90771993812996,0.08456612507448023,50,-0.48870584913172355,Risk-on,90,0.36096179357193137,80,0.0949911684191013,72,0.7554360317747224,Health Care,2024-08-28,False,25,UNH,426.7415371885121,56.73117016927033,True,False,UNH-2024-08-28,100,WATCH,90,20
75-89,76,2024-08-29,118.81442062596653,5.9407210312983265,2024-10-10,312,111.45615353012086,30,2.9703605156491633,2024-09-04,286,121.569185,3.039229625,137.73821870167353,TP1,1,131.72862856102438,0.11460223429047134,50,-0.7017456698241814,Risk-on,90,0.45645658307159115,100,-0.21048602487941173,73,-2.036297356082769,Real Estate,2024-08-28,False,25,PLD,-241.94149058516166,11.766354494551347,True,False,PLD-2024-08-28,100,BUY,90,45
75-89,76,2024-08-29,118.81442062596653,5.9407210312983265,2024-10-10,312,111.45615353012086,30,2.9703605156491633,2024-10-10,312,111.45615353012086,2.7864038382530216,-367.9133547922838,TIME,2,-373.67011914618604,-0.3250882591698831,50,-0.7017456698241814,Risk-on,90,0.45645658307159115,100,-0.21048602487941173,73,-2.036297356082769,Real Estate,2024-08-28,False,25,PLD,-241.94149058516166,11.766354494551347,True,False,PLD-2024-08-28,100,BUY,90,45
60-74,66,2024-08-29,515.8467423184475,25.792337115922376,2024-09-23,299,562.1687750000001,17,12.896168557961186,2024-09-18,296,540.3297,13.5082425,1224.1478840776267,TP1,1,1197.7434730196655,0.1388418573403736,50,-0.27300691152558576,Risk-on,90,0.6358162237648898,70,0.40419918794345033,55,6.759555567788721,Communication Services,2024-08-28,False,25,META,3486.8947191643356,53.354798990922376,True,True,META-2024-08-28,100,WATCH,90,20
60-74,66,2024-08-29,515.8467423184475,25.792337115922376,2024-09-23,299,562.1687750000001,17,12.896168557961186,2024-09-23,299,562.1687750000001,14.054219375000004,2316.1016340776314,TP2,2,2289.15124614467,0.26535733060307676,50,-0.27300691152558576,Risk-on,90,0.6358162237648898,70,0.40419918794345033,55,6.759555567788721,Communication Services,2024-08-28,False,25,META,3486.8947191643356,53.354798990922376,True,True,META-2024-08-28,100,WATCH,90,20
60-74,68,2024-08-29,461.87162200477917,23.093581100238957,2024-09-27,303,471.394185,21,11.546790550119479,2024-08-29,283,463.26825,11.581706250000002,69.83139976104269,TP1,1,46.702902960923204,0.011986899045218007,50,-0.4785468684916108,Risk-on,90,0.270485879236619,60,0.1282029294071933,57,1.0814680611437877,Materials,2024-08-28,False,25,LIN,499.49940754684496,46.460141975238955,True,True,LIN-2024-08-28,100,WATCH,90,45
60-74,68,2024-08-29,461.87162200477917,23.093581100238957,2024-09-27,303,471.394185,21,11.546790550119479,2024-09-27,303,471.394185,11.784854625,476.1281497610412,TP2,2,452.79650458592175,0.11621603036197528,50,-0.4785468684916108,Risk-on,90,0.270485879236619,60,0.1282029294071933,57,1.0814680611437877,Materials,2024-08-28,False,25,LIN,499.49940754684496,46.460141975238955,True,True,LIN-2024-08-28,100,WATCH,90,45
60-74,71,2024-08-30,110.30421597632586,5.515210798816294,2024-09-11,291,103.438255,8,5.515210798816294,2024-09-11,291,103.438255,5.17191275,-686.5960976325866,STOP,1,-697.283221181403,-1.0232772539114154,100,-1.2576588066019387,Risk-on,90,0.16230544712090358,80,-1.0232772539114154,51,-6.321455757693413,Energy,2024-08-29,True,25,XOM,-697.283221181403,10.687123548816293,False,False,XOM-2024-08-29,100,WATCH,90,45
75-89,78,2024-09-03,213.44312352326966,10.672156176163483,2024-10-14,314,213.74506375122073,30,5.3360780880817416,2024-10-11,313,216.281805,5.407045125,141.93407383651646,TP1,1,131.19095062343473,0.038133441730864776,50,-0.6081459033007616,Risk-on,90,0.10029247639979354,90,0.0394174259344221,68,0.6353367356167912,Financials,2024-08-30,False,25,JPM,135.6082573391257,21.422827894944,True,False,JPM-2024-08-30,100,BUY,90,70
75-89,78,2024-09-03,213.44312352326966,10.672156176163483,2024-10-14,314,213.74506375122073,30,5.3360780880817416,2024-10-14,314,213.74506375122073,5.3436265937805185,15.097011397553217,TIME,2,4.417306715690957,0.0012839842035573218,50,-0.6081459033007616,Risk-on,90,0.10029247639979354,90,0.0394174259344221,68,0.6353367356167912,Financials,2024-08-30,False,25,JPM,135.6082573391257,21.422827894944,True,False,JPM-2024-08-30,100,BUY,90,70
60-74,74,2024-09-04,69.29050734970554,3.4645253674852765,2024-10-15,315,66.88133752441406,30,1.7322626837426385,2024-09-04,286,69.21537500000001,1.7303843750000003,-3.7566174852763368,TP1,1,-7.219264544018975,-0.011440069940423792,50,-0.5995774277095492,Risk-on,90,0.02894829268464279,60,-0.207720306254872,73,-1.891775034477397,Consumer Staples,2024-09-03,False,25,KO,-131.08205193044552,6.866943180595628,True,False,KO-2024-09-03,100,WATCH,90,70
60-74,74,2024-09-04,69.29050734970554,3.4645253674852765,2024-10-15,315,66.88133752441406,30,1.7322626837426385,2024-10-15,315,66.88133752441406,1.6720334381103517,-120.45849126457355,TIME,2,-123.86278738642653,-0.1962802363144482,50,-0.5995774277095492,Risk-on,90,0.02894829268464279,60,-0.207720306254872,73,-1.891775034477397,Consumer Staples,2024-09-03,False,25,KO,-131.08205193044552,6.866943180595628,True,False,KO-2024-09-03,100,WATCH,90,70
60-74,71,2024-09-04,275.2180626216848,13.76090313108424,2024-09-13,293,284.33776000000006,8,6.88045156554212,2024-09-09,289,278.28079,6.957019750000001,153.13636891576152,TP1,1,139.2988976002194,0.04915611185558795,50,-0.05012823693775571,Risk-on,90,0.34447848460338926,90,0.20512865636256417,43,2.112124710904202,Financials,2024-09-03,False,25,V,581.2948709504406,27.82636688108424,True,True,V-2024-09-03,100,WATCH,90,45
60-74,71,2024-09-04,275.2180626216848,13.76090313108424,2024-09-13,293,284.33776000000006,8,6.88045156554212,2024-09-13,293,284.33776000000006,7.108444000000001,455.9848689157633,TP2,2,441.99597335022116,0.15597254450697623,50,-0.05012823693775571,Risk-on,90,0.34447848460338926,90,0.20512865636256417,43,2.112124710904202,Financials,2024-09-03,False,25,V,581.2948709504406,27.82636688108424,True,True,V-2024-09-03,100,WATCH,90,45
60-74,73,2024-09-05,162.97873612208642,8.14893680610432,2024-09-17,295,180.12989000000002,9,4.07446840305216,2024-09-13,293,173.87302000000003,4.3468255000000005,544.7141938956804,TP1,1,536.2928999926282,0.6325151440857192,50,-0.49813736150070254,Risk-on,90,2.048283227645443,55,1.6338200154935039,48,8.499715430346425,Industrials,2024-09-04,False,85,GE,1385.272878235256,16.99900955610432,True,True,GE-2024-09-04,75,WATCH,90,70
60-74,73,2024-09-05,162.97873612208642,8.14893680610432,2024-09-17,295,180.12989000000002,9,4.07446840305216,2024-09-17,295,180.12989000000002,4.50324725,857.55769389568,TP2,2,848.9799782426279,1.0013048714077848,50,-0.49813736150070254,Risk-on,90,2.048283227645443,55,1.6338200154935039,48,8.499715430346425,Industrials,2024-09-04,False,85,GE,1385.272878235256,16.99900955610432,True,True,GE-2024-09-04,75,WATCH,90,70
0-59,56,2024-09-09,190.60046113422953,9.530023056711476,2024-10-09,311,203.63813000000002,23,4.765011528355738,2024-09-27,303,198.76057000000003,4.969014250000001,408.0054432885248,TP1,1,398.2714175101691,0.4250286211158974,50,-0.2765245516044395,Defensive,35,1.4181847843039825,40,1.1101896492801286,41,5.4580082851305995,Industrials,2024-09-06,False,85,HON,1040.2988960203375,19.589990556711477,True,True,HON-2024-09-06,40,SKIP,90,70
0-59,56,2024-09-09,190.60046113422953,9.530023056711476,2024-10-09,311,203.63813000000002,23,4.765011528355738,2024-10-09,311,203.63813000000002,5.09095325,651.8834432885242,TP2,2,642.0274785101684,0.6851610281642314,50,-0.2765245516044395,Defensive,35,1.4181847843039825,40,1.1101896492801286,41,5.4580082851305995,Industrials,2024-09-06,False,85,HON,1040.2988960203375,19.589990556711477,True,True,HON-2024-09-06,40,SKIP,90,70
0-59,57,2024-09-10,149.57164863593178,7.478582431796589,2024-10-21,319,162.94913957977295,30,3.7392912158982945,2024-10-01,305,167.266325,4.181658125,884.7338182034107,TP1,1,876.8128688625123,1.0193544353808994,50,-0.3471637806077873,Defensive,35,2.1526956460135995,20,1.787883301725433,18,10.2818576272598,Communication Services,2024-09-09,False,100,GOOGL,1537.874396349178,15.733969046290913,True,False,GOOGL-2024-09-09,40,SKIP,90,100
0-59,57,2024-09-10,149.57164863593178,7.478582431796589,2024-10-21,319,162.94913957977295,30,3.7392912158982945,2024-10-21,319,162.94913957977295,4.073728489494323,668.8745471920583,TIME,2,661.0615274866657,0.7685288663445338,50,-0.3471637806077873,Defensive,35,2.1526956460135995,20,1.787883301725433,18,10.2818576272598,Communication Services,2024-09-09,False,100,GOOGL,1537.874396349178,15.733969046290913,True,False,GOOGL-2024-09-09,40,SKIP,90,100
75-89,83,2024-09-11,153.48469057627878,7.674234528813939,2024-09-13,293,163.17837,3,3.837117264406969,2024-09-12,292,156.991465,3.924786625,175.33872118606126,TP1,1,167.5768172966543,0.05839993878002857,50,-0.06882740225555548,Risk-on,90,0.5824856263199025,90,0.22455171985753095,73,4.198100863017881,Technology,2024-09-10,False,25,ORCL,644.3442119683084,15.67848040381394,True,True,ORCL-2024-09-10,100,BUY,90,100
75-89,83,2024-09-11,153.48469057627878,7.674234528813939,2024-09-13,293,163.17837,3,3.837117264406969,2024-09-13,293,163.17837,4.07945925,484.68397118606106,TP2,2,476.7673946716541,0.16615178107750236,50,-0.06882740225555548,Risk-on,90,0.5824856263199025,90,0.22455171985753095,73,4.198100863017881,Technology,2024-09-10,False,25,ORCL,644.3442119683084,15.67848040381394,True,True,ORCL-2024-09-10,100,BUY,90,100
60-74,71,2024-09-11,77.19788905314098,3.8598944526570493,2024-09-13,293,79.28034,3,1.9299472263285247,2024-09-11,291,77.63116500000001,1.9407791250000002,21.66379734295134,TP1,1,17.793070991622816,0.014045805829986373,50,-0.06599065801522823,Risk-on,90,0.17646686443240273,60,0.093151796730479,83,1.5285866499149259,Consumer Staples,2024-09-10,False,25,WMT,118.0036626082449,7.782682077657049,True,True,WMT-2024-09-10,100,WATCH,90,45
60-74,71,2024-09-11,77.19788905314098,3.8598944526570493,2024-09-13,293,79.28034,3,1.9299472263285247,2024-09-13,293,79.28034,1.9820084999999998,104.12254734295061,TP2,2,100.21059161662208,0.07910599090049264,50,-0.06599065801522823,Risk-on,90,0.17646686443240273,60,0.093151796730479,83,1.5285866499149259,Consumer Staples,2024-09-10,False,25,WMT,118.0036626082449,7.782682077657049,True,True,WMT-2024-09-10,100,WATCH,90,45
60-74,64,2024-09-12,103.7968466312995,5.189842331564975,2024-10-04,308,117.39127500000001,17,2.594921165782488,2024-10-01,305,113.69312500000001,2.842328125,494.81391843502536,TP1,1,489.3766691442429,0.9508281559590268,50,-0.0357560900845808,Risk-on,90,2.7942901277245213,20,2.2607403482017165,51,11.21005524061476,Energy,2024-09-11,False,100,XOM,1163.5683845384856,10.966952331564976,True,True,XOM-2024-09-11,40,WATCH,90,85
60-74,64,2024-09-12,103.7968466312995,5.189842331564975,2024-10-04,308,117.39127500000001,17,2.594921165782488,2024-10-04,308,117.39127500000001,2.934781875,679.7214184350253,TP2,2,674.1917153942428,1.3099121922426902,50,-0.0357560900845808,Risk-on,90,2.7942901277245213,20,2.2607403482017165,51,11.21005524061476,Energy,2024-09-11,False,100,XOM,1163.5683845384856,10.966952331564976,True,True,XOM-2024-09-11,40,WATCH,90,85
0-59,58,2024-09-12,128.3938916710185,6.419694583550925,2024-10-23,321,139.63251087951662,30,3.2098472917754624,2024-10-01,305,139.27033,3.4817582499999995,543.8219164490747,TP1,1,537.1303109072993,0.8588737048267777,50,-0.13050258194542644,Risk-on,90,2.1452072155103963,20,1.7466893715646021,29,8.507886138908995,Energy,2024-09-11,False,100,CVX,1092.3606112684415,13.392265605538839,True,False,CVX-2024-09-11,25,SKIP,90,85
0-59,58,2024-09-12,128.3938916710185,6.419694583550925,2024-10-23,321,139.63251087951662,30,3.2098472917754624,2024-10-23,321,139.63251087951662,3.490812771987915,561.9309604249054,TIME,2,555.2303003611421,0.8878156667378241,50,-0.13050258194542644,Risk-on,90,2.1452072155103963,20,1.7466893715646021,29,8.507886138908995,Energy,2024-09-11,False,100,CVX,1092.3606112684415,13.392265605538839,True,False,CVX-2024-09-11,25,SKIP,90,85
75-89,83,2024-09-12,79.28257445450407,3.964128722725204,2024-10-03,307,81.51922,16,1.982064361362602,2024-09-12,292,79.34031,1.98350775,2.886777274796515,TP1,1,-1.078794836566087,-0.0012931198186474156,50,-0.22789817054798292,Risk-on,90,0.2992328308890424,90,0.12793824994782466,79,1.346240814091076,Utilities,2024-09-11,False,25,NEE,106.73343757686791,7.985616972725204,True,True,NEE-2024-09-11,100,BUY,90,100
75-89,83,2024-09-12,79.28257445450407,3.964128722725204,2024-10-03,307,81.51922,16,1.982064361362602,2024-10-03,307,81.51922,2.0379805,111.83227727479661,TP2,2,107.812232413434,0.12923136976647207,50,-0.22789817054798292,Risk-on,90,0.2992328308890424,90,0.12793824994782466,79,1.346240814091076,Utilities,2024-09-11,False,25,NEE,106.73343757686791,7.985616972725204,True,True,NEE-2024-09-11,100,BUY,90,100
75-89,78,2024-09-16,161.52214130327087,8.076107065163544,2024-10-25,323,170.08463864898684,30,4.038053532581772,2024-09-16,294,170.1149,4.2528725000000005,429.63793483645674,TP1,1,421.3470088038749,0.12359065541109032,50,-0.03853191443859727,Risk-on,90,0.39115460214481673,60,0.24673771562426394,71,5.207841474881641,Technology,2024-09-13,False,25,ORCL,841.181706590867,16.581095531388215,True,False,ORCL-2024-09-13,100,BUY,90,100
75-89,78,2024-09-16,161.52214130327087,8.076107065163544,2024-10-25,323,170.08463864898684,30,4.038053532581772,2024-10-25,323,170.08463864898684,4.252115966224671,428.1248672857984,TIME,2,419.83469778699197,0.12314706021317359,50,-0.03853191443859727,Risk-on,90,0.39115460214481673,60,0.24673771562426394,71,5.207841474881641,Technology,2024-09-13,False,25,ORCL,841.181706590867,16.581095531388215,True,False,ORCL-2024-09-13,100,BUY,90,100
60-74,71,2024-09-16,79.62079513274264,3.981039756637132,2024-10-23,321,81.069445,28,1.990519878318566,2024-09-16,294,79.390285,1.984757125,-11.525506637131855,TP1,1,-15.50078364045042,-0.0160950195978638,50,-0.3465559597151558,Risk-on,90,0.25141037554820533,60,0.05494297510202569,82,0.6645808250329671,Consumer Staples,2024-09-13,False,25,WMT,52.91445371909896,7.992533006637132,True,True,WMT-2024-09-13,100,WATCH,90,45
60-74,71,2024-09-16,79.62079513274264,3.981039756637132,2024-10-23,321,81.069445,28,1.990519878318566,2024-10-23,321,81.069445,2.026736125,72.43249336286794,TP2,2,68.41523735954938,0.07103799469988949,50,-0.3465559597151558,Risk-on,90,0.25141037554820533,60,0.05494297510202569,82,0.6645808250329671,Consumer Staples,2024-09-13,False,25,WMT,52.91445371909896,7.992533006637132,True,True,WMT-2024-09-13,100,WATCH,90,45
60-74,72,2024-09-16,284.44106687383277,14.222053343691636,2024-10-25,323,277.9222181549072,30,7.111026671845818,2024-09-16,294,284.83751,7.12093775,19.822156308362082,TP1,1,5.590191886516265,0.002002141218950093,50,-0.7057034905911678,Risk-on,90,0.17236174719141448,90,-0.11977025365706372,52,-1.1756787789500571,Financials,2024-09-13,False,25,V,-334.4113261854792,28.291046547564317,True,False,V-2024-09-13,100,WATCH,90,45
60-74,72,2024-09-16,284.44106687383277,14.222053343691636,2024-10-25,323,277.9222181549072,30,7.111026671845818,2024-10-25,323,277.9222181549072,6.948055453872681,-325.942435946277,TIME,2,-340.00151807199546,-0.12177239487601381,50,-0.7057034905911678,Risk-on,90,0.17236174719141448,90,-0.11977025365706372,52,-1.1756787789500571,Financials,2024-09-13,False,25,V,-334.4113261854792,28.291046547564317,True,False,V-2024-09-13,100,WATCH,90,45
60-74,68,2024-09-17,110.52731606012645,5.526365803006323,2024-10-17,317,113.28333,23,2.7631829015031615,2024-10-16,316,111.134405,2.778360125,30.354446993677442,TP1,1,24.812903967174282,0.032746296670592104,50,-0.9374886247276616,Risk-on,90,0.39703565413071934,70,0.20722157233959768,81,1.420629220055714,Utilities,2024-09-16,False,25,DUK,157.01833480934883,11.136809178006324,True,True,DUK-2024-09-16,100,WATCH,90,20
60-74,68,2024-09-17,110.52731606012645,5.526365803006323,2024-10-17,317,113.28333,23,2.7631829015031615,2024-10-17,317,113.28333,2.83208325,137.80069699367772,TP2,2,132.20543084217454,0.17447527566900556,50,-0.9374886247276616,Risk-on,90,0.39703565413071934,70,0.20722157233959768,81,1.420629220055714,Utilities,2024-09-16,False,25,DUK,157.01833480934883,11.136809178006324,True,True,DUK-2024-09-16,100,WATCH,90,20
75-89,81,2024-09-17,224.04771830256738,11.20238591512837,2024-10-28,324,208.59355754089358,30,11.202385915128367,2024-10-28,324,208.59355754089358,10.42967787704468,-1545.416076167379,TIME,1,-1567.0481399595521,-0.578508725783311,100,-0.7646413301518108,Risk-on,90,0.03992489025174837,100,-0.578508725783311,90,-6.994260650507125,Real Estate,2024-09-16,False,25,AMT,-1567.0481399595521,21.63206379217305,False,False,AMT-2024-09-16,100,BUY,90,70
60-74,68,2024-09-18,216.0392727631858,10.80196363815929,2024-10-29,325,231.8154002838135,30,5.400981819079644,2024-09-20,298,231.074405,5.776860125,751.7566118407103,TP1,1,740.5787698966307,0.7690910706444801,50,-0.01224401299261082,Risk-on,90,2.0441512148757144,20,1.576639084216317,51,7.027374049560062,Technology,2024-09-17,False,100,AAPL,1518.1887791018398,22.374208770254626,True,False,AAPL-2024-09-17,65,WATCH,90,70
60-74,68,2024-09-18,216.0392727631858,10.80196363815929,2024-10-29,325,231.8154002838135,30,5.400981819079644,2024-10-29,325,231.8154002838135,5.795385007095337,788.8063760313842,TIME,2,777.6100092052092,0.8075480135718367,50,-0.01224401299261082,Risk-on,90,2.0441512148757144,20,1.576639084216317,51,7.027374049560062,Technology,2024-09-17,False,100,AAPL,1518.1887791018398,22.374208770254626,True,False,AAPL-2024-09-17,65,WATCH,90,70
60-74,72,2024-09-18,429.25584998461403,21.4627924992307,2024-10-29,325,425.8200950164795,30,21.4627924992307,2024-10-29,325,425.8200950164795,21.291004750823976,-343.57549681345176,TIME,1,-386.32929406350644,-0.08731424397945746,100,-0.6029267523465006,Risk-on,90,0.14004502996143933,100,-0.08731424397945746,37,-0.8999977381260006,Technology,2024-09-17,False,25,MSFT,-386.32929406350644,42.753797250054674,False,False,MSFT-2024-09-17,85,WATCH,90,70
0-59,57,2024-09-18,115.76705020475755,5.7883525102378774,2024-10-17,317,140.019955,22,2.8941762551189383,2024-10-08,310,130.97448,3.2743620000000004,760.3714897621223,TP1,1,754.2029515070034,0.33479880616935853,50,-0.12090740644796305,Risk-on,90,1.1054775457362627,55,0.8702664122997218,38,16.934468941478137,Technology,2024-09-17,False,50,NVDA,1960.4535161390072,12.563213385237878,True,True,NVDA-2024-09-17,75,SKIP,70,20
0-59,57,2024-09-18,115.76705020475755,5.7883525102378774,2024-10-17,317,140.019955,22,2.8941762551189383,2024-10-17,317,140.019955,3.5004988750000003,1212.6452397621229,TP2,2,1206.250564632004,0.5354676061303633,50,-0.12090740644796305,Risk-on,90,1.1054775457362627,55,0.8702664122997218,38,16.934468941478137,Technology,2024-09-17,False,50,NVDA,1960.4535161390072,12.563213385237878,True,True,NVDA-2024-09-17,75,SKIP,70,20
60-74,68,2024-09-18,160.82725274703648,8.041362637351822,2024-10-09,311,180.95947500000003,16,4.020681318675911,2024-09-20,298,169.15538,4.2288845,416.4063626481763,TP1,1,408.1567968295004,0.10668742983933088,50,-0.06393269977694907,Risk-on,90,0.5947454384942944,90,0.3675703664824525,47,8.74368751107025,Technology,2024-09-17,False,25,AVGO,1406.2232412840017,16.794234012351822,True,True,AVGO-2024-09-17,100,WATCH,90,20
60-74,68,2024-09-18,160.82725274703648,8.041362637351822,2024-10-09,311,180.95947500000003,16,4.020681318675911,2024-10-09,311,180.95947500000003,4.523986875000001,1006.6111126481771,TP2,2,998.0664444545013,0.2608829366431217,50,-0.06393269977694907,Risk-on,90,0.5947454384942944,90,0.3675703664824525,47,8.74368751107025,Technology,2024-09-17,False,25,AVGO,1406.2232412840017,16.794234012351822,True,True,AVGO-2024-09-17,100,WATCH,90,20
60-74,73,2024-09-18,186.5432219467163,9.327161097335816,2024-10-29,325,190.73458683013916,30,4.663580548667908,2024-09-19,297,189.355275,4.733881875,140.60265266418526,TP1,1,131.20519024051734,0.05547032473465293,50,-0.2660619327418929,Risk-on,90,0.3731742419851003,100,0.14008302544940945,44,1.7762183248174122,Consumer Discretionary,2024-09-17,False,25,AMZN,331.3414891922391,18.829407643089297,True,False,AMZN-2024-09-17,100,WATCH,90,45
60-74,73,2024-09-18,186.5432219467163,9.327161097335816,2024-10-29,325,190.73458683013916,30,4.663580548667908,2024-10-29,325,190.73458683013916,4.768364670753479,209.5682441711432,TIME,2,200.1362989517218,0.08461270071475653,50,-0.2660619327418929,Risk-on,90,0.3731742419851003,100,0.14008302544940945,44,1.7762183248174122,Consumer Discretionary,2024-09-17,False,25,AMZN,331.3414891922391,18.829407643089297,True,False,AMZN-2024-09-17,100,WATCH,90,45
75-89,75,2024-09-18,367.7351410904225,18.386757054521123,2024-09-24,300,380.979415,5,9.193378527260561,2024-09-18,296,371.05438000000004,9.2763595,165.9619454788782,TP1,1,147.49220745161762,0.04359142675287006,50,-0.09084419647304241,Risk-on,90,0.4759369319082387,100,0.23377707718562885,62,2.150972128153882,Consumer Discretionary,2024-09-17,False,25,HD,790.9880390282342,37.18760192952112,True,True,HD-2024-09-17,100,BUY,90,45
75-89,75,2024-09-18,367.7351410904225,18.386757054521123,2024-09-24,300,380.979415,5,9.193378527260561,2024-09-24,300,380.979415,9.524485375000001,662.2136954788772,TP2,2,643.4958315766166,0.1901856504327588,50,-0.09084419647304241,Risk-on,90,0.4759369319082387,100,0.23377707718562885,62,2.150972128153882,Consumer Discretionary,2024-09-17,False,25,HD,790.9880390282342,37.18760192952112,True,True,HD-2024-09-17,100,BUY,90,45
0-59,58,2024-09-18,38.11357546234131,1.9056787731170655,2024-10-11,313,40.47975,18,0.9528393865585327,2024-09-19,297,39.10044,0.977511,49.34322688293449,TP1,1,47.41287649637596,0.1821067880772662,50,-0.33599370811022655,Risk-on,90,0.9343948282437122,50,0.6289687877742208,41,4.296547050657959,Financials,2024-09-17,False,25,BAC,163.7567702427521,3.8951835231170655,True,True,BAC-2024-09-17,85,SKIP,90,20
0-59,58,2024-09-18,38.11357546234131,1.9056787731170655,2024-10-11,313,40.47975,18,0.9528393865585327,2024-10-11,313,40.47975,1.01199375,118.30872688293468,TP2,2,116.34389374637614,0.44686199969695456,50,-0.33599370811022655,Risk-on,90,0.9343948282437122,50,0.6289687877742208,41,4.296547050657959,Financials,2024-09-17,False,25,BAC,163.7567702427521,3.8951835231170655,True,True,BAC-2024-09-17,85,SKIP,90,20
60-74,71,2024-09-18,895.5227843653295,44.77613921826647,2024-09-30,304,852.003785,9,44.77613921826647,2024-09-30,304,852.003785,42.60018925,-4351.899936532947,STOP,1,-4439.276265001214,-1.0301669595926255,100,-1.0989941555058698,Risk-on,90,0.7585146727694758,55,-1.0301669595926255,46,-4.957189635490286,Health Care,2024-09-17,True,100,LLY,-4439.276265001214,87.37632846826648,False,False,LLY-2024-09-17,75,WATCH,90,45
60-74,72,2024-09-18,158.71271397989028,7.935635698994514,2024-10-29,325,152.33106870269776,30,7.935635698994514,2024-10-29,325,152.33106870269776,7.616553435134888,-638.1645277192519,TIME,1,-653.7167168533812,-0.6194773383407646,100,-0.7157023812963766,Risk-on,90,0.14765313633323818,80,-0.6194773383407646,68,-4.118867987703937,Health Care,2024-09-17,False,25,JNJ,-653.7167168533812,15.552189134129403,False,False,JNJ-2024-09-17,100,WATCH,90,45
75-89,78,2024-09-18,346.5235415109793,17.32617707554897,2024-09-19,297,359.04039000000006,2,8.663088537774485,2024-09-18,296,347.596115,8.689902875,53.628674451033476,TP1,1,36.27568303825899,0.00957052602268081,50,-0.07355168628925317,Risk-on,90,0.502250500828497,100,0.1700313436449832,58,1.8598419212482313,Industrials,2024-09-17,False,25,CAT,644.4790092015211,34.99208970054897,True,True,CAT-2024-09-17,100,BUY,90,70
75-89,78,2024-09-18,346.5235415109793,17.32617707554897,2024-09-19,297,359.04039000000006,2,8.663088537774485,2024-09-19,297,359.04039000000006,8.976009750000001,625.8424244510365,TP2,2,608.2033261632621,0.16046081762230238,50,-0.07355168628925317,Risk-on,90,0.502250500828497,100,0.1700313436449832,58,1.8598419212482313,Industrials,2024-09-17,False,25,CAT,644.4790092015211,34.99208970054897,True,True,CAT-2024-09-17,100,BUY,90,70
75-89,81,2024-09-18,179.2192289657526,8.960961448287629,2024-09-23,299,187.22634,4,4.480480724143814,2024-09-18,296,180.259825,4.506495625,52.02980171237073,TP1,1,43.04282536322691,0.01638526407430617,50,-0.032386610386581444,Risk-on,90,0.3194771046515107,100,0.16530262019398118,68,2.4229388797026497,Industrials,2024-09-17,False,25,GE,434.2372378514532,18.148115573287626,True,True,GE-2024-09-17,100,BUY,90,85
75-89,81,2024-09-18,179.2192289657526,8.960961448287629,2024-09-23,299,187.22634,4,4.480480724143814,2024-09-23,299,187.22634,4.680658499999999,400.3555517123701,TP2,2,391.19441248822625,0.148917356119675,50,-0.032386610386581444,Risk-on,90,0.3194771046515107,100,0.16530262019398118,68,2.4229388797026497,Industrials,2024-09-17,False,25,GE,434.2372378514532,18.148115573287626,True,True,GE-2024-09-17,100,BUY,90,85
75-89,82,2024-09-20,361.5558261969339,18.077791309846692,2024-09-24,300,378.19081,3,9.038895654923346,2024-09-24,300,365.37722,9.1344305,191.0696901533072,TP1,1,172.89636399838383,0.03197294912679248,50,-0.08561274753421382,Risk-on,90,0.33999776071216975,90,0.18236464564690869,70,2.7275231562984823,Industrials,2024-09-19,False,25,CAT,986.1518882467665,36.66699205984669,True,True,CAT-2024-09-19,100,BUY,90,100
75-89,82,2024-09-20,361.5558261969339,18.077791309846692,2024-09-24,300,378.19081,3,9.038895654923346,2024-09-24,300,378.19081,9.45477025,831.749190153306,TP2,2,813.2555242483827,0.15039169652011622,50,-0.08561274753421382,Risk-on,90,0.33999776071216975,90,0.18236464564690869,70,2.7275231562984823,Industrials,2024-09-19,False,25,CAT,986.1518882467665,36.66699205984669,True,True,CAT-2024-09-19,100,BUY,90,100
60-74,71,2024-09-24,186.6075746140095,9.330378730700476,2024-11-04,329,169.96398672485353,30,4.665189365350238,2024-09-24,300,187.516195,4.687904875,45.43101929952513,TP1,1,36.077925059174895,0.01080579391473273,50,-0.535387808150021,Risk-on,90,0.18725241671706022,90,-0.2411123802009593,78,-4.313950063909461,Industrials,2024-09-23,False,25,GE,-805.0157584320957,18.267383273821814,True,False,GE-2024-09-23,100,WATCH,90,20
60-74,71,2024-09-24,186.6075746140095,9.330378730700476,2024-11-04,329,169.96398672485353,30,4.665189365350238,2024-11-04,329,169.96398672485353,4.249099668121338,-832.179394457799,TIME,2,-841.0936834912706,-0.251918174115692,50,-0.535387808150021,Risk-on,90,0.18725241671706022,90,-0.2411123802009593,78,-4.313950063909461,Industrials,2024-09-23,False,25,GE,-805.0157584320957,18.267383273821814,True,False,GE-2024-09-23,100,WATCH,90,20
75-89,77,2024-09-24,563.7201369372061,28.18600684686031,2024-10-04,308,591.5240900000001,9,14.093003423430154,2024-09-25,301,570.41465,14.26036625,334.72565313969653,TP1,1,306.37228346626637,0.034416065174374885,50,-0.14266730529487054,Risk-on,90,0.3338080316108563,90,0.18733838076534368,64,2.9583630629081163,Communication Services,2024-09-23,False,25,META,1667.688830932536,57.23447534686031,True,True,META-2024-09-23,100,BUY,90,70
75-89,77,2024-09-24,563.7201369372061,28.18600684686031,2024-10-04,308,591.5240900000001,9,14.093003423430154,2024-10-04,308,591.5240900000001,14.788102250000001,1390.1976531396997,TP2,2,1361.3165474662694,0.15292231559096878,50,-0.14266730529487054,Risk-on,90,0.3338080316108563,90,0.18733838076534368,64,2.9583630629081163,Communication Services,2024-09-23,False,25,META,1667.688830932536,57.23447534686031,True,True,META-2024-09-23,100,BUY,90,70
75-89,80,2024-09-25,252.66626328277587,12.633313164138794,2024-10-28,324,272.813525,24,6.316656582069397,2024-09-26,302,257.06140500000004,6.426535125000002,219.75708586120817,TP1,1,207.01389415413877,0.032752117179904776,50,-0.641649427857827,Risk-on,90,0.3302480510319021,100,0.19005078340640066,82,4.7542555531598145,Consumer Discretionary,2024-09-24,False,25,TSLA,1201.239985308277,25.880186414138798,True,True,TSLA-2024-09-24,100,BUY,90,70
75-89,80,2024-09-25,252.66626328277587,12.633313164138794,2024-10-28,324,272.813525,24,6.316656582069397,2024-10-28,324,272.813525,6.820338125,1007.3630858612078,TP2,2,994.2260911541383,0.1572986662264959,50,-0.641649427857827,Risk-on,90,0.3302480510319021,100,0.19005078340640066,82,4.7542555531598145,Consumer Discretionary,2024-09-24,False,25,TSLA,1201.239985308277,25.880186414138798,True,True,TSLA-2024-09-24,100,BUY,90,70
75-89,76,2024-09-25,383.5996354085858,19.179981770429293,2024-10-03,307,393.90295000000003,7,9.589990885214647,2024-09-27,303,383.64808,9.591202,2.422229570709078,TP1,1,-16.758963314505568,-0.003353829416098968,50,-0.10284477915472977,Risk-on,90,0.23190529228272738,60,0.09585205049118568,80,1.2486174579150042,Consumer Discretionary,2024-09-24,False,25,HD,478.9692016209908,38.6187575204293,True,True,HD-2024-09-24,100,BUY,90,85
75-89,76,2024-09-25,383.5996354085858,19.179981770429293,2024-10-03,307,393.90295000000003,7,9.589990885214647,2024-10-03,307,393.90295000000003,9.847573750000002,515.165729570711,TP2,2,495.7281649354964,0.09920587990728466,50,-0.10284477915472977,Risk-on,90,0.23190529228272738,60,0.09585205049118568,80,1.2486174579150042,Consumer Discretionary,2024-09-24,False,25,HD,478.9692016209908,38.6187575204293,True,True,HD-2024-09-24,100,BUY,90,85
75-89,83,2024-09-25,377.7594333761937,18.887971668809683,2024-10-11,313,393.173315,13,9.443985834404842,2024-09-26,302,379.75003000000004,9.49375075,99.52983119031558,TP1,1,80.59209460591073,0.011384763341390672,50,-0.12780912796319643,Risk-on,90,0.2261187456917408,90,0.11753348168013777,75,2.2024939249055238,Industrials,2024-09-24,False,25,CAT,832.0128570868196,38.211055293809686,True,True,CAT-2024-09-24,100,BUY,90,100
75-89,83,2024-09-25,377.7594333761937,18.887971668809683,2024-10-11,313,393.173315,13,9.443985834404842,2024-10-11,313,393.173315,9.829332875,770.6940811903138,TP2,2,751.4207624809089,0.10614871833874712,50,-0.12780912796319643,Risk-on,90,0.2261187456917408,90,0.11753348168013777,75,2.2024939249055238,Industrials,2024-09-24,False,25,CAT,832.0128570868196,38.211055293809686,True,True,CAT-2024-09-24,100,BUY,90,100
60-74,71,2024-09-30,468.6861708915382,23.43430854457691,2024-11-08,333,448.84663140869145,30,11.717154272288456,2024-10-16,316,472.17379500000004,11.804344875000002,174.3812054230915,TP1,1,150.85970627580303,0.045554694946434895,50,-0.7687948375173868,Risk-on,90,0.23434077663769326,100,-0.2609165143983547,64,-1.8435696241696826,Materials,2024-09-27,False,25,LIN,-864.0555879240408,46.4598192047942,True,False,LIN-2024-09-27,100,WATCH,90,20
60-74,71,2024-09-30,468.6861708915382,23.43430854457691,2024-11-08,333,448.84663140869145,30,11.717154272288456,2024-11-08,333,448.84663140869145,11.221165785217286,-991.976974142338,TIME,2,-1014.9152941998437,-0.3064712093447896,50,-0.7687948375173868,Risk-on,90,0.23434077663769326,100,-0.2609165143983547,64,-1.8435696241696826,Materials,2024-09-27,False,25,LIN,-864.0555879240408,46.4598192047942,True,False,LIN-2024-09-27,100,WATCH,90,20
60-74,66,2024-10-01,878.2508882194027,43.912544410970135,2024-10-30,326,819.959815,22,43.91254441097013,2024-10-30,326,819.959815,40.99799075,-5829.107321940262,STOP,1,-5914.017857101233,-1.0217565830509756,100,-2.0522054858114487,Risk-on,90,0.814328363444651,20,-1.0217565830509756,36,-6.733859238208713,Health Care,2024-09-30,True,100,LLY,-5914.017857101233,84.91053516097014,False,False,LLY-2024-09-30,65,WATCH,90,70
60-74,74,2024-10-04,392.6089328511456,19.630446642557278,2024-11-14,337,388.055875,30,9.815223321278639,2024-10-08,310,394.992405,9.874810125000002,119.17360744272116,TP1,1,99.48357399644253,0.01748733347780477,50,-0.48032995619398466,Risk-on,90,0.18982671283085897,60,-0.025960398860626767,79,-0.3761655082186046,Consumer Discretionary,2024-10-03,False,25,HD,-147.6859387571152,39.206653642557285,True,False,HD-2024-10-03,100,WATCH,90,70
60-74,74,2024-10-04,392.6089328511456,19.630446642557278,2024-11-14,337,388.055875,30,9.815223321278639,2024-11-14,337,388.055875,9.701396875,-227.65289255727907,TIME,2,-247.1695127535577,-0.043447732338431536,50,-0.48032995619398466,Risk-on,90,0.18982671283085897,60,-0.025960398860626767,79,-0.3761655082186046,Consumer Discretionary,2024-10-03,False,25,HD,-147.6859387571152,39.206653642557285,True,False,HD-2024-10-03,100,WATCH,90,70
60-74,69,2024-10-04,79.33958508451812,3.9669792542259064,2024-11-01,328,73.48324,21,3.9669792542259064,2024-11-01,328,73.48324,3.6741619999999995,-585.6345084518125,STOP,1,-593.2756497060384,-1.0194466462640663,100,-1.0709398245316493,Risk-on,90,0.40284469444699456,80,-1.0194466462640663,74,-7.477675224467577,Utilities,2024-10-03,True,25,NEE,-593.2756497060384,7.641141254225905,False,False,NEE-2024-10-03,100,WATCH,90,20
75-89,79,2024-10-07,118.29439225808164,5.914719612904082,2024-11-15,338,113.4966519355774,30,2.957359806452041,2024-10-07,309,118.12091000000001,2.95302275,-8.67411290408171,TP1,1,-14.584495460533752,-0.007401646937145199,50,-0.5017203122877827,Risk-on,90,0.04921910710543752,100,-0.13208541744485447,67,-2.2001574438352662,Energy,2024-10-04,False,25,XOM,-260.2662876905872,11.705158661293517,True,False,XOM-2024-10-04,100,BUY,90,70
75-89,79,2024-10-07,118.29439225808164,5.914719612904082,2024-11-15,338,113.4966519355774,30,2.957359806452041,2024-11-15,338,113.4966519355774,2.837416298389435,-239.88701612521197,TIME,2,-245.68179223005345,-0.12468377050770928,50,-0.5017203122877827,Risk-on,90,0.04921910710543752,100,-0.13208541744485447,67,-2.2001574438352662,Energy,2024-10-04,False,25,XOM,-260.2662876905872,11.705158661293517,True,False,XOM-2024-10-04,100,BUY,90,70
75-89,75,2024-10-07,595.095334524148,29.7547667262074,2024-11-15,338,550.6350061950684,30,14.8773833631037,2024-10-07,309,593.1432800000001,14.828582,-97.60272620739556,TP1,1,-127.30869157049926,-0.010685159606035324,50,-0.3923790357569021,Risk-on,90,0.0369765631294745,60,-0.1996694521060158,84,-3.9976256383269058,Communication Services,2024-10-04,False,25,META,-2378.968366542461,58.34922388108411,True,False,META-2024-10-04,100,BUY,90,70
75-89,75,2024-10-07,595.095334524148,29.7547667262074,2024-11-15,338,550.6350061950684,30,14.8773833631037,2024-11-15,338,550.6350061950684,13.765875154876708,-2223.0164164539815,TIME,2,-2251.6596749719615,-0.18898429249998047,50,-0.3923790357569021,Risk-on,90,0.0369765631294745,60,-0.1996694521060158,84,-3.9976256383269058,Communication Services,2024-10-04,False,25,META,-2378.968366542461,58.34922388108411,True,False,META-2024-10-04,100,BUY,90,70
75-89,77,2024-10-10,180.85454453667936,9.042727226833968,2024-11-20,341,160.68312227630616,30,9.042727226833968,2024-11-20,341,160.68312227630616,8.034156113815307,-2017.1422260373192,TIME,1,-2034.2191093779684,-0.5809640354587592,100,-0.6410089749458932,Risk-on,90,0.07476128027118442,100,-0.5809640354587592,81,-11.247818596924478,Technology,2024-10-09,False,25,AVGO,-2034.2191093779684,17.076883340649275,False,False,AVGO-2024-10-09,100,BUY,90,45
75-89,77,2024-10-10,489.24236561882395,24.462118280941198,2024-10-14,314,503.32821,3,12.231059140470599,2024-10-10,312,488.845455,12.221136375,-19.8455309411969,TP1,1,-44.2977264566675,-0.008547993887908662,50,-0.12995788123164645,Risk-on,90,0.3076367228342564,100,0.12256874433013962,44,1.2982935919873775,Financials,2024-10-09,False,25,GS,635.1802282116648,49.2664599059412,True,True,GS-2024-10-09,100,BUY,90,70
75-89,77,2024-10-10,489.24236561882395,24.462118280941198,2024-10-14,314,503.32821,3,12.231059140470599,2024-10-14,314,503.32821,12.58320525,704.292219058803,TP2,2,679.4779546683324,0.13111673821804828,50,-0.12995788123164645,Risk-on,90,0.3076367228342564,100,0.12256874433013962,44,1.2982935919873775,Financials,2024-10-09,False,25,GS,635.1802282116648,49.2664599059412,True,True,GS-2024-10-09,100,BUY,90,70
75-89,80,2024-10-10,201.58013793817682,10.07900689690884,2024-10-16,316,208.925485,5,5.03950344845442,2024-10-11,313,203.78805499999999,5.094701375,110.39585309115836,TP1,1,100.26164826770393,0.0678813215471432,50,-0.031329576981343865,Risk-on,90,0.516245313389317,100,0.3095884159642809,37,2.2684098019897645,Industrials,2024-10-09,False,25,HON,457.26636078540906,20.39684539690884,True,True,HON-2024-10-09,100,BUY,90,100
75-89,80,2024-10-10,201.58013793817682,10.07900689690884,2024-10-16,316,208.925485,5,5.03950344845442,2024-10-16,316,208.925485,5.223137125,367.2673530911595,TP2,2,357.0047125177051,0.24170709441713767,50,-0.031329576981343865,Risk-on,90,0.516245313389317,100,0.3095884159642809,37,2.2684098019897645,Industrials,2024-10-09,False,25,HON,457.26636078540906,20.39684539690884,True,True,HON-2024-10-09,100,BUY,90,100
60-74,71,2024-10-10,901.9840048693982,45.09920024346991,2024-11-08,333,939.3301,22,22.549600121734958,2024-11-08,333,914.7723850000001,22.869309625,639.4190065300961,TP1,1,594.0000967833611,0.09374408988315622,50,-0.6560827614800695,Risk-on,90,0.8258925920050245,80,0.38117413911414244,57,2.677732629018665,Consumer Staples,2024-10-09,False,25,COST,2415.272000691718,91.4517623684699,True,True,COST-2024-10-09,100,WATCH,90,45
60-74,71,2024-10-10,901.9840048693982,45.09920024346991,2024-11-08,333,939.3301,22,22.549600121734958,2024-11-08,333,939.3301,23.4832525,1867.304756530092,TP2,2,1821.271903908357,0.28743004923098625,50,-0.6560827614800695,Risk-on,90,0.8258925920050245,80,0.38117413911414244,57,2.677732629018665,Consumer Staples,2024-10-09,False,25,COST,2415.272000691718,91.4517623684699,True,True,COST-2024-10-09,100,WATCH,90,45
60-74,70,2024-10-11,572.4734924883036,28.62367462441518,2024-10-15,315,530.1947700000001,3,14.31183731220759,2024-10-14,314,579.600055,14.490001374999999,356.328125584821,TP1,1,327.5262868976134,0.07795740546654052,50,-1.2280996949360397,Risk-on,90,0.27037182788806674,100,-0.4317604742297434,53,-3.1686646943165355,Health Care,2024-10-10,True,25,UNH,-1813.97654407977,56.36854524941518,True,False,UNH-2024-10-10,100,WATCH,90,20
60-74,70,2024-10-11,572.4734924883036,28.62367462441518,2024-10-15,315,530.1947700000001,3,14.31183731220759,2024-10-15,315,530.1947700000001,13.25486925,-2113.936124415176,STOP,2,-2141.5028309773834,-0.5097178796962839,50,-1.2280996949360397,Risk-on,90,0.27037182788806674,100,-0.4317604742297434,53,-3.1686646943165355,Health Care,2024-10-10,True,25,UNH,-1813.97654407977,56.36854524941518,True,False,UNH-2024-10-10,100,WATCH,90,20
0-59,52,2024-10-11,112.03927642181978,5.6019638210909894,2024-10-31,327,107.836055,15,5.6019638210909894,2024-10-31,327,107.836055,5.39180275,-420.32214218197765,STOP,1,-431.31590875306864,-1.0394966854579992,100,-1.358605574229007,Risk-on,90,2.001904898740729,20,-1.0394966854579992,35,-3.8496848830868506,Real Estate,2024-10-10,True,100,PLD,-431.31590875306864,10.99376657109099,False,False,PLD-2024-10-10,40,SKIP,90,20
75-89,78,2024-10-14,40.36459491083527,2.0182297455417637,2024-11-06,331,41.709134999999996,18,1.0091148727708819,2024-10-14,314,40.529725,1.013243125,8.256504458236336,TP1,1,6.234146460465454,0.01518821368707691,50,-0.20402497765384756,Risk-on,90,0.8360407290706136,100,0.1739740686283684,35,1.7691075019747569,Financials,2024-10-11,False,25,BAC,71.40930767093077,4.074201245541763,True,True,BAC-2024-10-11,100,BUY,90,85
75-89,78,2024-10-14,40.36459491083527,2.0182297455417637,2024-11-06,331,41.709134999999996,18,1.0091148727708819,2024-11-06,331,41.709134999999996,1.0427283749999998,67.2270044582362,TP2,2,65.17516121046532,0.1587858549412915,50,-0.20402497765384756,Risk-on,90,0.8360407290706136,100,0.1739740686283684,35,1.7691075019747569,Financials,2024-10-11,False,25,BAC,71.40930767093077,4.074201245541763,True,True,BAC-2024-10-11,100,BUY,90,85
75-89,76,2024-10-14,383.9968677686478,19.199843388432388,2024-11-06,331,406.11684,18,9.599921694216194,2024-11-06,331,393.57311500000003,9.839327875,478.81236156761133,TP1,1,459.37311199839513,0.0784490580700681,50,-0.41765590610905734,Risk-on,90,0.43679683491906157,100,0.2639517685574256,70,4.025082000937053,Industrials,2024-10-11,False,25,CAT,1545.61888087179,39.192092263432386,True,True,CAT-2024-10-11,100,BUY,90,45
75-89,76,2024-10-14,383.9968677686478,19.199843388432388,2024-11-06,331,406.11684,18,9.599921694216194,2024-11-06,331,406.11684,10.152921000000001,1105.998611567611,TP2,2,1086.2457688733948,0.18550271048735748,50,-0.41765590610905734,Risk-on,90,0.43679683491906157,100,0.2639517685574256,70,4.025082000937053,Industrials,2024-10-11,False,25,CAT,1545.61888087179,39.192092263432386,True,True,CAT-2024-10-11,100,BUY,90,45
60-74,74,2024-10-15,216.06487893763108,10.803243946881555,2024-11-06,331,223.56816,17,5.401621973440777,2024-10-15,315,216.781555,5.419538875,35.83380311844593,TP1,1,25.012642270005152,0.009761077244846282,50,-0.17339845772645823,Risk-on,90,0.9129308971275641,100,0.15187812998541697,51,1.8012454005879985,Financials,2024-10-14,False,25,JPM,389.1858694150107,21.811986821881554,True,True,JPM-2024-10-14,100,WATCH,90,45
60-74,74,2024-10-15,216.06487893763108,10.803243946881555,2024-11-06,331,223.56816,17,5.401621973440777,2024-11-06,331,223.56816,5.589204,375.16405311844636,TP2,2,364.17322714500557,0.14211705274057068,50,-0.17339845772645823,Risk-on,90,0.9129308971275641,100,0.15187812998541697,51,1.8012454005879985,Financials,2024-10-14,False,25,JPM,389.1858694150107,21.811986821881554,True,True,JPM-2024-10-14,100,WATCH,90,45
75-89,80,2024-10-15,520.6371293021755,26.031856465108774,2024-10-15,315,519.3102150000001,1,13.015928232554389,2024-10-15,315,504.92741,12.62318525,-785.4859651087736,TP1,1,-811.125078591328,-0.12045732970756787,50,-0.337908945786861,Risk-on,90,0.020662644560532826,100,-0.13417107124560235,55,-1.7353151100049238,Financials,2024-10-14,False,25,GS,-903.4694773076523,51.637797090108776,True,True,GS-2024-10-14,100,BUY,90,85
75-89,80,2024-10-15,520.6371293021755,26.031856465108774,2024-10-15,315,519.3102150000001,1,13.015928232554389,2024-10-15,315,519.3102150000001,12.982755375000002,-66.34571510876981,TP2,2,-92.34439871632419,-0.013713741538034471,50,-0.337908945786861,Risk-on,90,0.020662644560532826,100,-0.13417107124560235,55,-1.7353151100049238,Financials,2024-10-14,False,25,GS,-903.4694773076523,51.637797090108776,True,True,GS-2024-10-14,100,BUY,90,85
75-89,82,2024-10-16,512.1337502885536,25.606687514427684,2024-11-06,331,537.7110100000001,16,12.803343757213844,2024-11-06,331,521.768985,13.044224625000002,481.76173557232005,TP1,1,455.9141671901062,0.07582929624350179,50,-0.3173366865916003,Risk-on,90,1.0978712058006133,100,0.28416907221445975,54,3.3361031816250546,Financials,2024-10-15,False,25,GS,1708.531033755215,52.093687389427686,True,True,GS-2024-10-15,100,BUY,90,100
75-89,82,2024-10-16,512.1337502885536,25.606687514427684,2024-11-06,331,537.7110100000001,16,12.803343757213844,2024-11-06,331,537.7110100000001,13.442775250000004,1278.862985572323,TP2,2,1252.616866565109,0.20833977597095799,50,-0.3173366865916003,Risk-on,90,1.0978712058006133,100,0.28416907221445975,54,3.3361031816250546,Financials,2024-10-15,False,25,GS,1708.531033755215,52.093687389427686,True,True,GS-2024-10-15,100,BUY,90,100
60-74,74,2024-10-16,534.5831172065351,26.729155860326753,2024-11-11,334,603.47811,19,13.364577930163374,2024-11-08,333,583.538085,14.588452125,2447.748389673245,TP1,1,2419.795359618082,0.7980034978384664,50,-0.09137609680117846,Risk-on,90,2.3232845230703405,40,1.9246350659995435,41,10.917092741550984,Health Care,2024-10-15,False,100,UNH,5836.093468611163,56.404560735326754,True,True,UNH-2024-10-15,65,WATCH,90,100
60-74,74,2024-10-16,534.5831172065351,26.729155860326753,2024-11-11,334,603.47811,19,13.364577930163374,2024-11-11,334,603.47811,15.08695275,3444.749639673245,TP2,2,3416.2981089930818,1.1266315681610772,50,-0.09137609680117846,Risk-on,90,2.3232845230703405,40,1.9246350659995435,41,10.917092741550984,Health Care,2024-10-15,False,100,UNH,5836.093468611163,56.404560735326754,True,True,UNH-2024-10-15,65,WATCH,90,100
60-74,61,2024-10-16,66.7103071860892,3.3355153593044595,2024-10-23,321,64.38779000000001,6,3.3355153593044595,2024-10-23,321,64.38779000000001,3.2193895000000006,-232.25171860891862,STOP,1,-238.80662346822308,-1.0426838151610416,100,-1.4724765827409934,Risk-on,90,0.2388143349571007,35,-1.0426838151610416,58,-3.5797560158442856,Consumer Staples,2024-10-15,True,70,KO,-238.80662346822308,6.55490485930446,False,False,KO-2024-10-15,75,WATCH,90,20
60-74,71,2024-10-17,208.72836883681717,10.436418441840857,2024-11-11,334,213.87301,18,5.218209220920428,2024-10-17,317,209.10539500000002,5.227634875000001,18.851308159142377,TP1,1,8.405464063221949,0.004068793683382107,50,-0.7414765085456633,Risk-on,90,0.28638612249054335,90,0.12347174637372856,40,1.2220307626265086,Industrials,2024-10-16,False,25,HON,255.07248775144282,21.01087856684086,True,True,HON-2024-10-16,100,WATCH,90,45
60-74,71,2024-10-17,208.72836883681717,10.436418441840857,2024-11-11,334,213.87301,18,5.218209220920428,2024-11-11,334,213.87301,5.34682525,257.2320581591413,TP2,2,246.66702368822087,0.11940295269034645,50,-0.7414765085456633,Risk-on,90,0.28638612249054335,90,0.12347174637372856,40,1.2220307626265086,Industrials,2024-10-16,False,25,HON,255.07248775144282,21.01087856684086,True,True,HON-2024-10-16,100,WATCH,90,45
75-89,80,2024-10-18,138.52289351989438,6.92614467599472,2024-11-07,332,148.32580000000002,15,3.46307233799736,2024-10-21,319,140.599665,3.5149916249999995,103.8385740052803,TP1,1,96.86051004228294,0.03198522293738222,50,-0.2185722983566171,Risk-on,90,0.33599058622041283,100,0.19147265974720815,77,4.1858396253200745,Technology,2024-10-17,False,25,NVDA,579.8346167095673,14.14928130099472,True,True,NVDA-2024-10-17,100,BUY,90,70
75-89,80,2024-10-18,138.52289351989438,6.92614467599472,2024-11-07,332,148.32580000000002,15,3.46307233799736,2024-11-07,332,148.32580000000002,3.7081450000000005,490.1453240052817,TP2,2,482.97410666728433,0.15948743680982594,50,-0.2185722983566171,Risk-on,90,0.33599058622041283,100,0.19147265974720815,77,4.1858396253200745,Technology,2024-10-17,False,25,NVDA,579.8346167095673,14.14928130099472,True,True,NVDA-2024-10-17,100,BUY,90,70
75-89,78,2024-10-18,113.52673527389643,5.676336763694821,2024-11-29,347,110.99516435241699,30,2.8381683818474106,2024-10-18,318,113.48323,2.83708075,-2.1752636948214388,TP1,1,-7.850512826668849,-0.00640506028011255,50,-0.804351311816347,Risk-on,90,0.034475549355554844,100,-0.11425726611681905,59,-1.2335605886439964,Utilities,2024-10-17,False,25,DUK,-140.04210639129883,11.288296622505246,True,False,DUK-2024-10-17,100,BUY,90,70
75-89,78,2024-10-18,113.52673527389643,5.676336763694821,2024-11-29,347,110.99516435241699,30,2.8381683818474106,2024-11-29,347,110.99516435241699,2.774879108810425,-126.57854607397212,TIME,2,-132.19159356462998,-0.1078522058367065,50,-0.804351311816347,Risk-on,90,0.034475549355554844,100,-0.11425726611681905,59,-1.2335605886439964,Utilities,2024-10-17,False,25,DUK,-140.04210639129883,11.288296622505246,True,False,DUK-2024-10-17,100,BUY,90,70
60-74,71,2024-10-22,162.0285253549334,8.10142626774667,2024-10-30,326,172.96347500000002,7,4.050713133873335,2024-10-29,325,168.005955,4.200148875,298.87148225332965,TP1,1,290.6206202444563,0.4111474538909602,50,-0.2883940703259903,Risk-on,90,2.665107050026444,70,1.172795259071012,29,5.116341710035025,Communication Services,2024-10-21,False,50,GOOGL,828.9933024889133,16.62566201774667,True,True,GOOGL-2024-10-21,85,WATCH,90,70
60-74,71,2024-10-22,162.0285253549334,8.10142626774667,2024-10-30,326,172.96347500000002,7,4.050713133873335,2024-10-30,326,172.96347500000002,4.324086875000001,546.7474822533304,TP2,2,538.372682244457,0.7616478051800518,50,-0.2883940703259903,Risk-on,90,2.665107050026444,70,1.172795259071012,29,5.116341710035025,Communication Services,2024-10-21,False,50,GOOGL,828.9933024889133,16.62566201774667,True,True,GOOGL-2024-10-21,85,WATCH,90,70
60-74,65,2024-10-24,140.3759569657725,7.018797848288624,2024-11-06,331,145.18737,10,3.509398924144312,2024-11-01,328,141.73909500000002,3.5434773750000006,68.1569017113759,TP1,1,61.104025412231586,0.048166666162508684,50,-0.2594690187581098,Risk-on,90,0.5418678276930335,80,0.2321745176529739,29,2.0981911740147736,Energy,2024-10-23,False,25,CVX,294.53559394946154,14.191959473288625,True,True,CVX-2024-10-23,85,WATCH,90,45
60-74,65,2024-10-24,140.3759569657725,7.018797848288624,2024-11-06,331,145.18737,10,3.509398924144312,2024-11-06,331,145.18737,3.62968425,240.57065171137424,TP2,2,233.43156853722994,0.1840078514904652,50,-0.2594690187581098,Risk-on,90,0.5418678276930335,80,0.2321745176529739,29,2.0981911740147736,Energy,2024-10-23,False,25,CVX,294.53559394946154,14.191959473288625,True,True,CVX-2024-10-23,85,WATCH,90,45
75-89,81,2024-10-24,81.70882035310076,4.085441017655038,2024-11-06,331,83.67814,10,2.042720508827519,2024-11-05,330,81.99898000000002,2.0499745000000003,14.507982344962755,TP1,1,10.415287336135236,0.019435783717042594,50,-0.327258287835421,Risk-on,90,0.46633233229731624,100,0.19546577188701642,83,1.2819496747060128,Consumer Staples,2024-10-23,False,25,WMT,104.74659567226956,8.227369017655038,True,True,WMT-2024-10-23,100,BUY,90,70
75-89,81,2024-10-24,81.70882035310076,4.085441017655038,2024-11-06,331,83.67814,10,2.042720508827519,2024-11-06,331,83.67814,2.0919535,98.46598234496184,TP2,2,94.33130833613433,0.17602998816997384,50,-0.327258287835421,Risk-on,90,0.46633233229731624,100,0.19546577188701642,83,1.2819496747060128,Consumer Staples,2024-10-23,False,25,WMT,104.74659567226956,8.227369017655038,True,True,WMT-2024-10-23,100,BUY,90,70
60-74,72,2024-10-24,64.3879679992593,3.219398399962965,2024-11-01,328,62.018975,7,3.219398399962965,2024-11-01,328,62.018975,3.10094875,-236.8992999259305,STOP,1,-243.21964707589345,-1.0403035762377764,100,-1.136791491335282,Risk-on,90,0.14492521093988217,20,-1.0403035762377764,45,-3.7774083362700837,Consumer Staples,2024-10-23,True,100,KO,-243.21964707589345,6.320347149962965,False,False,KO-2024-10-23,65,WATCH,90,100
60-74,71,2024-10-28,170.77483555904325,8.538741777952163,2024-11-07,332,179.55017999999998,9,4.2693708889760815,2024-11-06,331,174.77257000000003,4.36931425,199.88672204783882,TP1,1,191.24803690886273,0.15479610068049549,50,-0.5347660672223151,Risk-on,90,0.9948316584138667,80,0.5028453277251324,93,3.637872825548301,Technology,2024-10-25,False,25,ORCL,621.257133567723,17.396810527952162,True,True,ORCL-2024-10-25,100,WATCH,90,20
60-74,71,2024-10-28,170.77483555904325,8.538741777952163,2024-11-07,332,179.55017999999998,9,4.2693708889760815,2024-11-07,332,179.55017999999998,4.4887545,438.76722204783647,TP2,2,430.00909665886036,0.34804922704463687,50,-0.5347660672223151,Risk-on,90,0.9948316584138667,80,0.5028453277251324,93,3.637872825548301,Technology,2024-10-25,False,25,ORCL,621.257133567723,17.396810527952162,True,True,ORCL-2024-10-25,100,WATCH,90,20
60-74,69,2024-10-28,278.5063843330905,13.925319216654525,2024-11-06,331,292.93346,8,6.962659608327263,2024-10-30,326,287.106375,7.177659375,429.99953334547456,TP1,1,415.85921436214727,0.30296340556312756,50,-0.05975293701780741,Risk-on,90,1.9283853781356484,90,0.8180792365635763,44,4.031961437035809,Financials,2024-10-25,False,50,V,1122.9270015992952,28.426315091654526,True,True,V-2024-10-25,75,WATCH,90,45
60-74,69,2024-10-28,278.5063843330905,13.925319216654525,2024-11-06,331,292.93346,8,6.962659608327263,2024-11-06,331,292.93346,7.323336500000001,721.3537833454751,TP2,2,707.0677872371479,0.5151158310004487,50,-0.05975293701780741,Risk-on,90,1.9283853781356484,90,0.8180792365635763,44,4.031961437035809,Financials,2024-10-25,False,50,V,1122.9270015992952,28.426315091654526,True,True,V-2024-10-25,75,WATCH,90,45
75-89,83,2024-10-29,264.6422647705078,13.232113238525391,2024-11-07,332,290.624615,8,6.616056619262696,2024-11-06,331,273.40323,6.8350807499999995,438.0482614746114,TP1,1,424.59712410534877,0.06347477179342714,50,-0.3851306272269262,Risk-on,90,0.5248399848613127,100,0.25560996767739097,89,6.460921746828416,Consumer Discretionary,2024-10-28,False,25,TSLA,1709.8329635856974,27.332809363525392,True,True,TSLA-2024-10-28,100,BUY,90,85
75-89,83,2024-10-29,264.6422647705078,13.232113238525391,2024-11-07,332,290.624615,8,6.616056619262696,2024-11-07,332,290.624615,7.265615374999999,1299.1175114746113,TP2,2,1285.2358394803487,0.19213519588396386,50,-0.3851306272269262,Risk-on,90,0.5248399848613127,100,0.25560996767739097,89,6.460921746828416,Consumer Discretionary,2024-10-28,False,25,TSLA,1709.8329635856974,27.332809363525392,True,True,TSLA-2024-10-28,100,BUY,90,85
60-74,61,2024-10-29,202.16855859559655,10.108427929779827,2024-10-31,327,198.02094000000002,3,10.108427929779827,2024-10-31,327,198.02094000000002,9.901047,-414.76185955965263,STOP,1,-434.7713344894325,-1.0738916684133353,100,-1.2915237443689824,Risk-on,90,1.0977855104956336,20,-1.0738916684133353,23,-2.150538825174679,Real Estate,2024-10-28,True,70,AMT,-434.7713344894325,20.009474929779827,False,False,AMT-2024-10-28,65,WATCH,90,70
60-74,71,2024-10-30,230.99468245960398,11.549734122980198,2024-12-04,350,241.63912,25,5.7748670614901,2024-11-29,347,235.60214000000002,5.890053500000001,230.37287701980205,TP1,1,218.70795645831194,0.1337280359912336,50,-0.7899522531078583,Risk-on,90,0.7071723731508255,80,0.4519280580605777,52,3.1997013115047683,Technology,2024-10-29,False,25,AAPL,739.1139884166224,23.4807656229802,True,True,AAPL-2024-10-29,100,WATCH,90,45
60-74,71,2024-10-30,230.99468245960398,11.549734122980198,2024-12-04,350,241.63912,25,5.7748670614901,2024-12-04,350,241.63912,6.040978,532.2218770198006,TP2,2,520.4060319583105,0.31820002206934406,50,-0.7899522531078583,Risk-on,90,0.7071723731508255,80,0.4519280580605777,52,3.1997013115047683,Technology,2024-10-29,False,25,AAPL,739.1139884166224,23.4807656229802,True,True,AAPL-2024-10-29,100,WATCH,90,45
75-89,77,2024-10-30,431.66360263558437,21.583180131779223,2024-12-05,351,437.151315,26,10.791590065889611,2024-10-30,326,427.02638,10.6756595,-231.86113177921754,TP1,1,-253.32838134510715,-0.06751174289029241,50,-0.8434467750230504,Risk-on,90,0.2074234547844629,100,-0.00017672505267012363,43,-0.0015362334493011945,Technology,2024-10-29,False,25,MSFT,-0.6631360652146441,43.18762250677922,True,True,MSFT-2024-10-29,100,BUY,90,70
75-89,77,2024-10-30,431.66360263558437,21.583180131779223,2024-12-05,351,437.151315,26,10.791590065889611,2024-12-05,351,437.151315,10.928782875000001,274.38561822078213,TP2,2,252.6652452798925,0.06733501783762229,50,-0.8434467750230504,Risk-on,90,0.2074234547844629,100,-0.00017672505267012363,43,-0.0015362334493011945,Technology,2024-10-29,False,25,MSFT,-0.6631360652146441,43.18762250677922,True,True,MSFT-2024-10-29,100,BUY,90,70
75-89,81,2024-10-30,194.7973469467163,9.739867347335814,2024-11-01,328,198.28081,3,4.869933673667907,2024-10-30,326,191.42424000000003,4.7856060000000005,-168.65534733581313,TP1,1,-178.31088700948104,-0.09230609539773867,50,-0.4952725260651583,Risk-on,90,0.295208916059412,100,-0.007229092228597707,62,-0.07168828779163539,Consumer Discretionary,2024-10-29,False,25,AMZN,-13.964688268963243,19.482493597335814,True,True,AMZN-2024-10-29,100,BUY,90,85
75-89,81,2024-10-30,194.7973469467163,9.739867347335814,2024-11-01,328,198.28081,3,4.869933673667907,2024-11-01,328,198.28081,4.95702025,174.1731526641857,TP2,2,164.3461987405178,0.08507700316914096,50,-0.4952725260651583,Risk-on,90,0.295208916059412,100,-0.007229092228597707,62,-0.07168828779163539,Consumer Discretionary,2024-10-29,False,25,AMZN,-13.964688268963243,19.482493597335814,True,True,AMZN-2024-10-29,100,BUY,90,85
60-74,62,2024-10-30,151.87386207615438,7.593693103807719,2024-11-08,333,148.40576,8,7.59369310380772,2024-11-08,333,148.40576,7.420287999999999,-346.8102076154395,STOP,1,-361.8241887192472,-1.0661134147479343,100,-1.1556135263876521,Risk-on,90,0.49096890125502113,20,-1.0661134147479343,29,-2.382399339642901,Health Care,2024-10-29,True,100,JNJ,-361.8241887192472,15.013981103807719,False,False,JNJ-2024-10-29,65,WATCH,90,45
60-74,60,2024-10-31,826.5535127627688,41.32767563813844,2024-11-18,339,728.85539,13,41.32767563813844,2024-11-18,339,728.85539,36.4427695,-9769.812276276878,STOP,1,-9847.582721415016,-1.011736085742282,100,-1.261728687400088,Risk-on,90,0.16814669262421675,20,-1.011736085742282,45,-11.914029242340654,Health Care,2024-10-30,True,50,LLY,-9847.582721415016,77.77044513813843,False,False,LLY-2024-10-30,50,WATCH,90,100
75-89,80,2024-10-31,172.11925580950225,8.605962790475113,2024-12-11,355,186.48671000000002,29,4.302981395237556,2024-11-12,335,180.77956500000002,4.519489125,433.0154595248885,TP1,1,424.19298900465094,0.23372472869248986,50,-0.5210286801499096,Risk-on,90,1.2383077601063823,90,0.6245989153950832,45,6.586134387188762,Communication Services,2024-10-30,False,25,GOOGL,1133.6005493843018,17.787619665475113,True,True,GOOGL-2024-10-30,100,BUY,90,100
75-89,80,2024-10-31,172.11925580950225,8.605962790475113,2024-12-11,355,186.48671000000002,29,4.302981395237556,2024-12-11,355,186.48671000000002,4.662167750000001,718.3727095248884,TP2,2,709.4075603796508,0.3908741867025933,50,-0.5210286801499096,Risk-on,90,1.2383077601063823,90,0.6245989153950832,45,6.586134387188762,Communication Services,2024-10-30,False,25,GOOGL,1133.6005493843018,17.787619665475113,True,True,GOOGL-2024-10-30,100,BUY,90,100
60-74,62,2024-11-01,204.61154506775074,10.230577253387537,2024-11-06,331,190.974465,4,10.230577253387537,2024-11-06,331,190.974465,9.548723250000002,-1363.708006775073,STOP,1,-1383.4873072784605,-1.0216613394975453,100,-1.6262539676707204,Risk-on,90,0.07289882685279614,20,-1.0216613394975453,27,-6.76153101146058,Real Estate,2024-10-31,True,100,AMT,-1383.4873072784605,19.77930050338754,False,False,AMT-2024-10-31,50,WATCH,90,70
60-74,61,2024-11-01,108.29457532418463,5.414728766209232,2024-12-13,357,104.71863347244263,30,5.414728766209232,2024-12-13,357,104.71863347244263,5.235931673622131,-357.59418517420016,TIME,1,-368.24484561403153,-0.668979574130141,100,-0.7257500475217015,Risk-on,90,0.7865817137235629,20,-0.668979574130141,22,-3.400399738506515,Real Estate,2024-10-31,False,100,PLD,-368.24484561403153,10.650660439831363,False,False,PLD-2024-10-31,40,WATCH,90,85
75-89,84,2024-11-04,196.5482219467163,9.827411097335816,2024-11-07,332,207.67611000000002,4,4.913705548667908,2024-11-06,331,200.39975,5.0099937500000005,192.57640266418576,TP1,1,182.65270336551785,0.08165722952884583,50,-0.10006268685344134,Risk-on,90,0.7019680907444127,100,0.32588262914569593,72,3.708715807811532,Consumer Discretionary,2024-11-01,False,25,AMZN,728.9414977310362,20.029307597335816,True,True,AMZN-2024-11-01,100,BUY,90,100
75-89,84,2024-11-04,196.5482219467163,9.827411097335816,2024-11-07,332,207.67611000000002,4,4.913705548667908,2024-11-07,332,207.67611000000002,5.191902750000001,556.3944026641864,TP2,2,546.2887943655184,0.24422539961685014,50,-0.10006268685344134,Risk-on,90,0.7019680907444127,100,0.32588262914569593,72,3.708715807811532,Consumer Discretionary,2024-11-01,False,25,AMZN,728.9414977310362,20.029307597335816,True,True,AMZN-2024-11-01,100,BUY,90,100
0-59,58,2024-11-04,61.941889675438,3.0970944837718997,2024-11-06,331,60.349810000000005,3,3.0970944837718997,2024-11-06,331,60.349810000000005,3.0174905,-159.20796754379936,STOP,1,-165.32255252757128,-1.0584777857706906,100,-1.1770585875462225,Risk-on,90,0.2177236832502213,20,-1.0584777857706906,26,-2.6689943331374844,Consumer Staples,2024-11-01,True,100,KO,-165.32255252757128,6.1145849837719,False,False,KO-2024-11-01,50,SKIP,90,45
60-74,69,2024-11-04,73.50480981865935,3.6752404909329677,2024-11-06,331,70.814575,3,3.6752404909329677,2024-11-06,331,70.814575,3.5407287500000004,-269.02348186593485,STOP,1,-276.2394511068679,-1.0405244442193786,100,-1.6810432589482907,Risk-on,90,0.512086784561622,20,-1.0405244442193786,36,-3.758113949119339,Utilities,2024-11-01,True,100,NEE,-276.2394511068679,7.215969240932968,False,False,NEE-2024-11-01,65,WATCH,90,85
60-74,63,2024-11-05,170.72836076303838,8.536418038151918,2024-12-12,356,163.39826,27,8.536418038151918,2024-12-12,356,163.39826,8.169913,-733.0100763038388,STOP,1,-749.7164073419907,-1.034325459026576,100,-1.0921822427414882,Risk-on,90,2.0520710630219887,20,-1.034325459026576,42,-4.391282174743985,Industrials,2024-11-04,True,100,GE,-749.7164073419907,16.706331038151916,False,False,GE-2024-11-04,65,WATCH,90,45
75-89,78,2024-11-07,236.19721994185485,11.809860997092743,2024-12-19,361,224.8241466827393,30,5.904930498546372,2024-11-22,343,239.34027000000003,5.98350675,157.1525029072589,TP1,1,145.26406565871252,0.037538630908623784,50,-0.37657652028860067,Risk-on,90,0.24172499678661288,60,-0.11238924452872046,68,-1.8413219747876126,Financials,2024-11-06,False,25,JPM,-434.9151314626803,23.413971414161225,True,False,JPM-2024-11-06,100,BUY,90,100
75-89,78,2024-11-07,236.19721994185485,11.809860997092743,2024-12-19,361,224.8241466827393,30,5.904930498546372,2024-12-19,361,224.8241466827393,5.620603667068483,-568.6536629557779,TIME,2,-580.1791971213928,-0.14992787543734423,50,-0.37657652028860067,Risk-on,90,0.24172499678661288,60,-0.11238924452872046,68,-1.8413219747876126,Financials,2024-11-06,False,25,JPM,-434.9151314626803,23.413971414161225,True,False,JPM-2024-11-06,100,BUY,90,100
75-89,82,2024-11-07,43.32749175882267,2.1663745879411334,2024-11-22,343,45.217380000000006,12,1.0831872939705667,2024-11-11,334,43.7781,1.0944525,22.530412058866744,TP1,1,20.352772264896178,0.03237025676628041,50,-0.08449298986337601,Risk-on,90,0.329927899651598,90,0.17913910164851354,67,2.599586497107976,Financials,2024-11-06,False,25,BAC,112.63356252979253,4.391261587941133,True,True,BAC-2024-11-06,100,BUY,90,100
75-89,82,2024-11-07,43.32749175882267,2.1663745879411334,2024-11-22,343,45.217380000000006,12,1.0831872939705667,2024-11-22,343,45.217380000000006,1.1304345,94.49441205886693,TP2,2,92.28079026489635,0.14676884488223316,50,-0.08449298986337601,Risk-on,90,0.329927899651598,90,0.17913910164851354,67,2.599586497107976,Financials,2024-11-06,False,25,BAC,112.63356252979253,4.391261587941133,True,True,BAC-2024-11-06,100,BUY,90,100
75-89,78,2024-11-07,570.1111772786331,28.505558863931654,2024-12-19,361,537.4293320617676,30,14.252779431965827,2024-11-11,334,577.8509300000001,14.44627325,386.9876360683463,TP1,1,358.2885833863805,0.033973505002676575,50,-0.39477673899531696,Risk-on,90,0.2257106001030058,60,-0.12359924512757169,72,-2.286382449845121,Financials,2024-11-06,False,25,GS,-1303.4921901904072,56.38756541547585,True,False,GS-2024-11-06,100,BUY,90,100
75-89,78,2024-11-07,570.1111772786331,28.505558863931654,2024-12-19,361,537.4293320617676,30,14.252779431965827,2024-12-19,361,537.4293320617676,13.43573330154419,-1634.0922608432777,TIME,2,-1661.7807735767876,-0.15757275013024827,50,-0.39477673899531696,Risk-on,90,0.2257106001030058,60,-0.12359924512757169,72,-2.286382449845121,Financials,2024-11-06,False,25,GS,-1303.4921901904072,56.38756541547585,True,False,GS-2024-11-06,100,BUY,90,100
75-89,78,2024-11-07,146.70138506423618,7.335069253211809,2024-11-18,339,151.03444500000003,8,3.667534626605905,2024-11-13,336,147.176375,3.679409375,23.749496788191493,TP1,1,16.402552786585588,0.012684296929606941,50,-0.25048390701176043,Risk-on,90,0.36963659512971514,100,0.17446866882584705,52,1.5379006389365963,Energy,2024-11-06,False,25,CVX,225.6121538231725,14.79033975321181,True,True,CVX-2024-11-06,85,BUY,90,100
75-89,78,2024-11-07,146.70138506423618,7.335069253211809,2024-11-18,339,151.03444500000003,8,3.667534626605905,2024-11-18,339,151.03444500000003,3.775861125000001,216.6529967881928,TP2,2,209.2096010365869,0.16178437189624012,50,-0.25048390701176043,Risk-on,90,0.36963659512971514,100,0.17446866882584705,52,1.5379006389365963,Energy,2024-11-06,False,25,CVX,225.6121538231725,14.79033975321181,True,True,CVX-2024-11-06,85,BUY,90,100
75-89,85,2024-11-07,406.4679470336891,20.323397351684452,2024-12-19,361,352.67626530456545,30,10.161698675842226,2024-11-07,332,409.36521500000003,10.234130375000001,144.86339831554744,TP1,1,124.46756926470522,0.02101500651270381,50,-0.9111869338362526,Risk-on,90,0.05575367866681969,100,-0.43629658833693663,80,-6.35743886168165,Industrials,2024-11-06,False,25,CAT,-2584.095122499933,39.37443435929859,True,False,CAT-2024-11-06,100,BUY,90,100
75-89,85,2024-11-07,406.4679470336891,20.323397351684452,2024-12-19,361,352.67626530456545,30,10.161698675842226,2024-12-19,361,352.67626530456545,8.816906632614137,-2689.584086456182,TIME,2,-2708.562691764638,-0.4573115948496404,50,-0.9111869338362526,Risk-on,90,0.05575367866681969,100,-0.43629658833693663,80,-6.35743886168165,Industrials,2024-11-06,False,25,CAT,-2584.095122499933,39.37443435929859,True,False,CAT-2024-11-06,100,BUY,90,100
75-89,84,2024-11-07,82.45736380441417,4.122868190220708,2024-11-19,340,85.96699500000001,9,2.061434095110354,2024-11-13,336,84.167895,2.104197375,85.52655977929149,TP1,1,81.36092830918113,0.13961875564994064,50,-0.05775148566713851,Risk-on,90,0.7649468264850166,100,0.4335268701209222,76,3.0637879682595277,Consumer Staples,2024-11-06,False,25,WMT,252.63187911836278,8.376240440220709,True,True,WMT-2024-11-06,100,BUY,90,100
75-89,84,2024-11-07,82.45736380441417,4.122868190220708,2024-11-19,340,85.96699500000001,9,2.061434095110354,2024-11-19,340,85.96699500000001,2.1491748750000004,175.48155977929198,TP2,2,171.27095080918164,0.2939081144709816,50,-0.05775148566713851,Risk-on,90,0.7649468264850166,100,0.4335268701209222,76,3.0637879682595277,Consumer Staples,2024-11-06,False,25,WMT,252.63187911836278,8.376240440220709,True,True,WMT-2024-11-06,100,BUY,90,100
60-74,63,2024-11-07,61.189988257481076,3.059499412874054,2024-11-15,338,58.780595000000005,7,3.0594994128740542,2024-11-15,338,58.780595000000005,2.93902975,-240.93932574810708,STOP,1,-246.93785491098114,-1.0375591313729196,100,-1.1720113625221174,Risk-on,90,0.02712171301870039,20,-1.0375591313729196,19,-4.035592454633141,Consumer Staples,2024-11-06,True,100,KO,-246.93785491098114,5.998529162874053,False,False,KO-2024-11-06,40,WATCH,90,100
60-74,66,2024-11-07,69.9507432320666,3.4975371616033297,2024-12-19,361,66.67925203323365,30,3.49753716160333,2024-12-19,361,66.67925203323365,3.333962601661683,-327.14911988329476,TIME,1,-333.9806196465598,-0.9734934883056732,100,-0.9605799908827238,Risk-on,90,1.7345342096640806,20,-0.9734934883056732,24,-4.774511380651885,Utilities,2024-11-06,False,100,NEE,-333.9806196465598,6.831499763265013,False,False,NEE-2024-11-06,50,WATCH,90,100
60-74,62,2024-11-07,187.41651053018737,9.370825526509368,2024-12-18,360,175.282315,29,9.370825526509368,2024-12-18,360,175.282315,8.76411575,-1213.4195530187355,STOP,1,-1231.554494295245,-1.0223329745232792,100,-1.1709416485393842,Risk-on,90,0.8653805770738778,20,-1.0223329745232792,10,-6.571216649009572,Real Estate,2024-11-06,True,100,AMT,-1231.554494295245,18.134941276509366,False,False,AMT-2024-11-06,40,WATCH,90,100
75-89,77,2024-11-07,303.6474322692864,15.182371613464321,2024-12-02,348,312.733555,17,7.59118580673216,2024-11-08,333,304.82751,7.62068775,59.003886535680294,TP1,1,43.79201297894814,0.011381220210451508,50,-0.08294800704082765,Risk-on,90,0.26599153463512976,60,0.1254472027797422,67,1.589635127903303,Financials,2024-11-06,False,25,V,482.6886248328966,30.621398238464323,True,True,V-2024-11-06,100,BUY,90,100
75-89,77,2024-11-07,303.6474322692864,15.182371613464321,2024-12-02,348,312.733555,17,7.59118580673216,2024-12-02,348,312.733555,7.818338875,454.3061365356806,TP2,2,438.89661185394846,0.11406598256929068,50,-0.08294800704082765,Risk-on,90,0.26599153463512976,60,0.1254472027797422,67,1.589635127903303,Financials,2024-11-06,False,25,V,482.6886248328966,30.621398238464323,True,True,V-2024-11-06,100,BUY,90,100
75-89,76,2024-11-08,148.6121477943728,7.430607389718641,2024-12-20,362,134.43186543273927,30,3.7153036948593208,2024-11-08,333,148.62565,3.71564125,0.6751102813609577,TP1,1,-6.755834663498363,-0.0026152818252960126,50,-0.8493806257703476,Risk-on,90,0.15636883424903178,100,-0.27982421702980315,76,-4.863976894244326,Technology,2024-11-07,False,25,NVDA,-722.8460530758521,14.507045275537124,True,False,NVDA-2024-11-07,100,BUY,90,45
75-89,76,2024-11-08,148.6121477943728,7.430607389718641,2024-12-20,362,134.43186543273927,30,3.7153036948593208,2024-12-20,362,134.43186543273927,3.3607966358184815,-709.0141180816759,TIME,2,-716.0902184123537,-0.2772089352045071,50,-0.8493806257703476,Risk-on,90,0.15636883424903178,100,-0.27982421702980315,76,-4.863976894244326,Technology,2024-11-07,False,25,NVDA,-722.8460530758521,14.507045275537124,True,False,NVDA-2024-11-07,100,BUY,90,45
75-89,83,2024-11-08,182.75507997812684,9.137753998906343,2024-11-21,342,188.755575,10,4.568876999453171,2024-11-08,333,182.978465,4.574461625,11.169251093657806,TP1,1,2.025912469204635,0.0008655866466160106,50,-0.16857351933466155,Risk-on,90,0.4058877283178298,90,0.125085194095474,100,1.6019412276991065,Technology,2024-11-07,False,25,ORCL,292.76289718840894,18.431104998906342,True,True,ORCL-2024-11-07,100,BUY,90,85
75-89,83,2024-11-08,182.75507997812684,9.137753998906343,2024-11-21,342,188.755575,10,4.568876999453171,2024-11-21,342,188.755575,4.718889375,300.02475109365747,TP2,2,290.7369847192043,0.12421960744885799,50,-0.16857351933466155,Risk-on,90,0.4058877283178298,90,0.125085194095474,100,1.6019412276991065,Technology,2024-11-07,False,25,ORCL,292.76289718840894,18.431104998906342,True,True,ORCL-2024-11-07,100,BUY,90,85
75-89,80,2024-11-08,209.82486122131345,10.491243061065672,2024-12-04,350,219.63013,18,5.245621530532836,2024-11-13,336,212.143875,5.303596875,115.95068893432767,TP1,1,105.40147052879485,0.03255657833041319,50,-0.43474661173365886,Risk-on,90,0.3142913481274757,90,0.18067368094152983,71,2.787698899348416,Consumer Discretionary,2024-11-07,False,25,AMZN,584.9285346825897,21.285593186065675,True,True,AMZN-2024-11-07,100,BUY,90,85
75-89,80,2024-11-08,209.82486122131345,10.491243061065672,2024-12-04,350,219.63013,18,5.245621530532836,2024-12-04,350,219.63013,5.49075325,490.26343893432767,TP2,2,479.5270641537948,0.14811710261111666,50,-0.43474661173365886,Risk-on,90,0.3142913481274757,90,0.18067368094152983,71,2.787698899348416,Consumer Discretionary,2024-11-07,False,25,AMZN,584.9285346825897,21.285593186065675,True,True,AMZN-2024-11-07,100,BUY,90,85
75-89,83,2024-11-08,299.2895846557617,14.964479232788086,2024-11-08,333,318.94045000000006,1,7.482239616394043,2024-11-08,333,299.600125,7.490003125,15.52701721191454,TP1,1,0.5547744705204964,5.370539217260571e-05,50,-0.015775290859907955,Risk-on,90,0.28480663206302115,90,0.09367339607808119,100,3.2331305211606725,Consumer Discretionary,2024-11-07,False,25,TSLA,967.6422908160441,30.42799360778809,True,True,TSLA-2024-11-07,100,BUY,90,85
75-89,83,2024-11-08,299.2895846557617,14.964479232788086,2024-11-08,333,318.94045000000006,1,7.482239616394043,2024-11-08,333,318.94045000000006,7.973511250000001,982.5432672119177,TP2,2,967.0875163455237,0.09361969068590859,50,-0.015775290859907955,Risk-on,90,0.28480663206302115,90,0.09367339607808119,100,3.2331305211606725,Consumer Discretionary,2024-11-07,False,25,TSLA,967.6422908160441,30.42799360778809,True,True,TSLA-2024-11-07,100,BUY,90,85
75-89,81,2024-11-11,346.4731377868652,17.32365688934326,2024-11-11,334,349.90496,1,8.66182844467163,2024-11-11,334,328.545645,8.213641125,-896.3746393432615,TP1,1,-913.2501089129331,-0.06001388432904879,50,-0.06882382751109438,Risk-on,90,0.07995416956318077,60,-0.049881895171539486,100,-2.1908435832846855,Consumer Discretionary,2024-11-08,False,25,TSLA,-759.0684507008643,34.28492201434325,True,True,TSLA-2024-11-08,100,BUY,90,100
75-89,81,2024-11-11,346.4731377868652,17.32365688934326,2024-11-11,334,349.90496,1,8.66182844467163,2024-11-11,334,349.90496,8.747623999999998,171.5911106567404,TP2,2,154.18165821206875,0.010131989157509305,50,-0.06882382751109438,Risk-on,90,0.07995416956318077,60,-0.049881895171539486,100,-2.1908435832846855,Consumer Discretionary,2024-11-08,False,25,TSLA,-759.0684507008643,34.28492201434325,True,True,TSLA-2024-11-08,100,BUY,90,100
60-74,62,2024-11-11,148.22582210481136,7.411291105240568,2024-11-13,336,144.80756,3,7.411291105240568,2024-11-13,336,144.80756,7.240378,-341.8262104811362,STOP,1,-356.4778795863768,-1.0654418209317054,100,-1.2171898116751254,Risk-on,90,0.5355543395988975,20,-1.0654418209317054,30,-2.4049647660871742,Health Care,2024-11-08,True,100,JNJ,-356.4778795863768,14.651669105240568,False,False,JNJ-2024-11-08,40,WATCH,90,85
75-89,80,2024-11-11,936.7293550940269,46.83646775470135,2024-12-04,350,977.4710200000001,17,23.418233877350676,2024-11-22,343,953.8428400000001,23.846071000000002,855.6742452986612,TP1,1,808.4099404213105,0.08419239429692854,50,-0.39994831518689117,Risk-on,90,0.48431559076377295,90,0.29136190027552594,51,2.9866024387180605,Consumer Staples,2024-11-08,False,25,COST,2797.638176342617,95.11931425470135,True,True,COST-2024-11-08,100,BUY,90,100
75-89,80,2024-11-11,936.7293550940269,46.83646775470135,2024-12-04,350,977.4710200000001,17,23.418233877350676,2024-12-04,350,977.4710200000001,24.436775500000003,2037.0832452986576,TP2,2,1989.2282359213068,0.20716950597859743,50,-0.39994831518689117,Risk-on,90,0.48431559076377295,90,0.29136190027552594,51,2.9866024387180605,Consumer Staples,2024-11-08,False,25,COST,2797.638176342617,95.11931425470135,True,True,COST-2024-11-08,100,BUY,90,100
0-59,59,2024-11-11,449.2957139067829,22.464785695339145,2024-11-18,339,435.12233,6,22.464785695339145,2024-11-18,339,435.12233,21.7561165,-1417.338390678293,STOP,1,-1461.559292873632,-1.047283788300695,100,-1.0098432886931468,Risk-on,90,0.18770421264743872,20,-1.047283788300695,35,-3.2530007468018427,Materials,2024-11-08,True,100,LIN,-1461.559292873632,44.22090219533915,False,False,LIN-2024-11-08,50,SKIP,90,45
75-89,81,2024-11-12,342.9113602294922,17.14556801147461,2024-12-06,352,382.298755,18,8.572784005737304,2024-11-22,343,358.46068,8.961517,777.4659885253925,TP1,1,759.9316875196553,0.05043302544934933,50,-0.22359340901539587,Risk-on,90,0.30912005263253656,60,0.17992744218894205,100,7.906332328418252,Consumer Discretionary,2024-11-11,False,25,TSLA,2711.171173164311,35.66455388647461,True,True,TSLA-2024-11-11,100,BUY,90,100
75-89,81,2024-11-12,342.9113602294922,17.14556801147461,2024-12-06,352,382.298755,18,8.572784005737304,2024-12-06,352,382.298755,9.557468875,1969.3697385253927,TP2,2,1951.2394856446554,0.12949441673959272,50,-0.22359340901539587,Risk-on,90,0.30912005263253656,60,0.17992744218894205,100,7.906332328418252,Consumer Discretionary,2024-11-11,False,25,TSLA,2711.171173164311,35.66455388647461,True,True,TSLA-2024-11-11,100,BUY,90,100
60-74,68,2024-11-12,594.6338022345478,29.73169011172739,2024-12-12,356,504.277735,22,29.73169011172739,2024-12-12,356,504.277735,25.213886750000004,-9035.606723454783,STOP,1,-9090.552300316509,-1.0088977462519315,100,-1.1042984046251676,Risk-on,90,0.04886760662014283,90,-1.0088977462519315,52,-15.287648072066418,Health Care,2024-11-11,True,25,UNH,-9090.552300316509,54.94557686172739,False,False,UNH-2024-11-11,100,WATCH,90,20
75-89,81,2024-11-12,228.13344169239744,11.406672084619872,2024-11-12,335,220.44972,1,5.703336042309936,2024-11-12,335,214.53268,5.3633169999999994,-680.038084619872,TP1,1,-691.1047376621821,-0.17428619261431827,50,-0.2378267955142935,Risk-on,90,0.07904546404973727,100,-0.2740002771392914,62,-4.762587165056439,Industrials,2024-11-11,False,25,HON,-1086.5054013243634,22.281232084619873,True,True,HON-2024-11-11,100,BUY,90,85
75-89,81,2024-11-12,228.13344169239744,11.406672084619872,2024-11-12,335,220.44972,1,5.703336042309936,2024-11-12,335,220.44972,5.511243,-384.18608461987134,TP2,2,-395.4006636621813,-0.09971408452497313,50,-0.2378267955142935,Risk-on,90,0.07904546404973727,100,-0.2740002771392914,62,-4.762587165056439,Industrials,2024-11-11,False,25,HON,-1086.5054013243634,22.281232084619873,True,True,HON-2024-11-11,100,BUY,90,85
75-89,78,2024-11-13,223.97793918370184,11.198896959185092,2024-12-26,365,221.85111611938478,30,11.198896959185092,2024-12-26,365,221.85111611938478,11.09255580596924,-212.68230643170511,TIME,1,-234.97375919685948,-0.06413400000985485,100,-0.2823427068936042,Risk-on,90,0.11351139430045144,60,-0.06413400000985485,69,-1.0490933171955794,Industrials,2024-11-12,False,25,HON,-234.97375919685948,22.291452765154332,False,False,HON-2024-11-12,100,BUY,90,100
0-59,59,2024-11-14,145.90177103695385,7.295088551847692,2024-12-11,355,141.40926,19,7.295088551847693,2024-12-11,355,141.40926,7.070463,-449.2511036953857,STOP,1,-463.61665524723344,-1.0484863448891226,100,-1.2298297606916135,Risk-on,90,0.9968790971437905,20,-1.0484863448891226,28,-3.177594431871626,Health Care,2024-11-13,True,100,JNJ,-463.61665524723344,14.365551551847691,False,False,JNJ-2024-11-13,40,SKIP,90,70
60-74,73,2024-11-15,385.7442549785876,19.28721274892938,2024-11-25,344,410.61459,7,9.64360637446469,2024-11-22,343,398.52064000000007,9.963016000000001,638.8192510706233,TP1,1,619.2126286961586,0.20266003184502526,50,-0.11718134233975185,Risk-on,90,0.8502750648805186,90,0.6031305328615479,59,4.777311352944475,Consumer Discretionary,2024-11-14,False,25,HD,1842.8204086423148,39.51559349892938,True,True,HD-2024-11-14,100,WATCH,90,45
60-74,73,2024-11-15,385.7442549785876,19.28721274892938,2024-11-25,344,410.61459,7,9.64360637446469,2024-11-25,344,410.61459,10.26536475,1243.5167510706208,TP2,2,1223.6077799461561,0.4004705010165227,50,-0.11718134233975185,Risk-on,90,0.8502750648805186,90,0.6031305328615479,59,4.777311352944475,Consumer Discretionary,2024-11-14,False,25,HD,1842.8204086423148,39.51559349892938,True,True,HD-2024-11-14,100,WATCH,90,45
75-89,78,2024-11-18,114.0672856846513,5.703364284232564,2024-12-11,355,105.777085,17,2.851682142116282,2024-11-21,342,115.94200000000001,2.89855,93.73571576743558,TP1,1,87.98548362531929,0.10681368474237143,50,-1.009825406853477,Risk-on,90,0.38823125738290637,90,-0.4030704683376742,48,-2.9107439339992807,Energy,2024-11-15,True,25,XOM,-332.02065987436174,11.246341409232564,True,False,XOM-2024-11-15,100,BUY,90,85
75-89,78,2024-11-18,114.0672856846513,5.703364284232564,2024-12-11,355,105.777085,17,2.851682142116282,2024-12-11,355,105.777085,2.644427125,-414.5100342325648,STOP,2,-420.00614349968106,-0.5098841530800456,50,-1.009825406853477,Risk-on,90,0.38823125738290637,90,-0.4030704683376742,48,-2.9107439339992807,Energy,2024-11-15,True,25,XOM,-332.02065987436174,11.246341409232564,True,False,XOM-2024-11-15,100,BUY,90,85
60-74,63,2024-11-18,58.867640385702565,2.943382019285128,2024-12-31,368,59.64763623809815,30,2.943382019285128,2024-12-31,368,59.64763623809815,2.982381811904907,77.99958523955866,TIME,1,72.07382140836863,0.44281170485492916,100,-0.18756897719484206,Risk-on,90,1.881444903888084,20,0.44281170485492916,19,1.2243368501971335,Consumer Staples,2024-11-15,False,100,KO,72.07382140836863,5.925763831190035,False,False,KO-2024-11-15,40,WATCH,90,100
60-74,73,2024-11-18,554.1304164779577,27.706520823897886,2024-12-06,352,618.73048,14,13.853260411948943,2024-12-03,349,597.46112,14.936528000000003,2166.5351761021157,TP1,1,2137.7453876901664,0.872534305534532,50,-0.335557690816998,Risk-on,90,2.941044936522661,40,2.1789127732514846,51,9.63388199354092,Communication Services,2024-11-15,False,100,META,5338.427041380328,58.11131082389789,True,True,META-2024-11-15,65,WATCH,90,85
60-74,73,2024-11-18,554.1304164779577,27.706520823897886,2024-12-06,352,618.73048,14,13.853260411948943,2024-12-06,352,618.73048,15.468262,3230.00317610211,TP2,2,3200.681653690161,1.3063784677169525,50,-0.335557690816998,Risk-on,90,2.941044936522661,40,2.1789127732514846,51,9.63388199354092,Communication Services,2024-11-15,False,100,META,5338.427041380328,58.11131082389789,True,True,META-2024-11-15,65,WATCH,90,85
60-74,61,2024-11-19,708.9564700122372,35.44782350061187,2025-01-02,369,769.3127830200195,30,35.44782350061187,2025-01-02,369,769.3127830200195,38.46563915100098,6035.631300778232,TIME,1,5961.717838126619,1.530746646937042,100,-0.1079034214205776,Risk-on,90,3.2967113607379446,20,1.530746646937042,0,8.40914511722238,Health Care,2024-11-18,False,100,LLY,5961.717838126619,73.91346265161285,False,False,LLY-2024-11-18,40,WATCH,90,100
60-74,73,2024-11-19,150.1120247641501,7.505601238207505,2024-12-19,361,133.942995,22,3.7528006191037524,2024-11-21,342,151.40426,3.7851065000000004,64.61176179249435,TP1,1,57.0738546733906,0.0354451415330456,50,-1.1130455814695779,Risk-on,90,0.26908697601391923,90,-0.4710457350164509,58,-5.052753170306708,Energy,2024-11-18,True,25,CVX,-758.4790090282186,14.639282613207506,True,False,CVX-2024-11-18,100,WATCH,90,45
60-74,73,2024-11-19,150.1120247641501,7.505601238207505,2024-12-19,361,133.942995,22,3.7528006191037524,2024-12-19,361,133.942995,3.3485748749999997,-808.4514882075055,STOP,2,-815.5528637016092,-0.5064908765494965,50,-1.1130455814695779,Risk-on,90,0.26908697601391923,90,-0.4710457350164509,58,-5.052753170306708,Energy,2024-11-18,True,25,CVX,-758.4790090282186,14.639282613207506,True,False,CVX-2024-11-18,100,WATCH,90,45
0-59,58,2024-11-19,433.9632113139435,21.698160565697176,2024-12-13,357,427.36621,18,21.698160565697176,2024-12-13,357,427.36621,21.3683105,-659.7001313943451,STOP,1,-702.7666024600423,-1.1009608924036691,100,-1.523350836995352,Risk-on,90,2.951849062552688,20,-1.1009608924036691,32,-1.6194151581011267,Materials,2024-11-18,True,100,LIN,-702.7666024600423,43.06647106569717,False,False,LIN-2024-11-18,50,SKIP,90,45
75-89,83,2024-11-20,85.29392992903149,4.264696496451575,2024-11-22,343,88.965495,3,2.1323482482257874,2024-11-21,342,86.866545,2.1716636250000003,78.6307535484255,TP1,1,74.32674167519973,0.1049230334289339,50,-0.10190312512299984,Risk-on,90,0.5929270005123939,100,0.3579206911142671,67,2.9726442410540077,Consumer Staples,2024-11-19,False,25,WMT,253.54850960039954,8.660497496451576,True,True,WMT-2024-11-19,100,BUY,90,100
75-89,83,2024-11-20,85.29392992903149,4.264696496451575,2024-11-22,343,88.965495,3,2.1323482482257874,2024-11-22,343,88.965495,2.224137375,183.5782535484256,TP2,2,179.22176792519983,0.2529976576853333,50,-0.10190312512299984,Risk-on,90,0.5929270005123939,100,0.3579206911142671,67,2.9726442410540077,Consumer Staples,2024-11-19,False,25,WMT,253.54850960039954,8.660497496451576,True,True,WMT-2024-11-19,100,BUY,90,100
60-74,64,2024-11-21,163.7996500206697,8.189982501033485,2024-12-13,357,189.934985,16,4.094991250516743,2024-12-13,357,182.138885,4.553472125,916.9617489665143,TP1,1,908.3132855909976,0.7639529204071855,50,-0.7282977565142404,Risk-on,90,5.165580894100977,20,1.855594289862643,45,13.46911710985703,Technology,2024-11-20,False,100,AVGO,2206.236668681996,17.491829251033487,True,True,AVGO-2024-11-20,65,WATCH,90,45
60-74,64,2024-11-21,163.7996500206697,8.189982501033485,2024-12-13,357,189.934985,16,4.094991250516743,2024-12-13,357,189.934985,4.748374625,1306.7667489665155,TP2,2,1297.9233830909986,1.0916413694554576,50,-0.7282977565142404,Risk-on,90,5.165580894100977,20,1.855594289862643,45,13.46911710985703,Technology,2024-11-20,False,100,AVGO,2206.236668681996,17.491829251033487,True,True,AVGO-2024-11-20,65,WATCH,90,45
75-89,85,2024-11-22,189.36823588768277,9.46841179438414,2025-01-07,372,159.29031500000002,30,4.73420589719207,2024-12-09,353,192.153875,4.803846875,139.28195561586136,TP1,1,129.74390284366928,0.043250510906523654,50,-1.0388262022025443,Risk-on,90,0.17043830463474688,90,-0.4609833093153535,100,-7.302537296343939,Technology,2024-11-21,True,25,ORCL,-1382.8686053126603,18.25451654438414,True,False,ORCL-2024-11-21,100,BUY,90,100
75-89,85,2024-11-22,189.36823588768277,9.46841179438414,2025-01-07,372,159.29031500000002,30,4.73420589719207,2025-01-07,372,159.29031500000002,3.9822578750000006,-1503.8960443841374,STOP,2,-1512.6125081563296,-0.5042338202218771,50,-1.0388262022025443,Risk-on,90,0.17043830463474688,90,-0.4609833093153535,100,-7.302537296343939,Technology,2024-11-21,True,25,ORCL,-1382.8686053126603,18.25451654438414,True,False,ORCL-2024-11-21,100,BUY,90,100
60-74,74,2024-11-25,45.46308271119674,2.273154135559837,2025-01-08,373,44.655605211257935,30,1.1365770677799185,2024-11-25,344,45.3773,1.1344325,-4.289135559837121,TP1,1,-6.560145127617039,-0.00935415336987747,50,-0.5848238679833165,Risk-on,90,0.10918373205210816,90,-0.07013604337517534,70,-1.0819105170469403,Financials,2024-11-22,False,25,BAC,-49.18698732261868,4.523976765841285,True,False,BAC-2024-11-22,100,WATCH,90,45
60-74,74,2024-11-25,45.46308271119674,2.273154135559837,2025-01-08,373,44.655605211257935,30,1.1365770677799185,2025-01-08,373,44.655605211257935,1.1163901302814483,-40.37387499694027,TIME,2,-42.626842195001636,-0.06078189000529788,50,-0.5848238679833165,Risk-on,90,0.10918373205210816,90,-0.07013604337517534,70,-1.0819105170469403,Financials,2024-11-22,False,25,BAC,-49.18698732261868,4.523976765841285,True,False,BAC-2024-11-22,100,WATCH,90,45
75-89,78,2024-11-25,89.13511156663948,4.456755578331974,2024-12-03,349,91.67414000000001,6,2.228377789165987,2024-11-25,344,89.445255,2.2361313750000003,15.507171668026132,TP1,1,11.042662503860146,0.010006842646923015,50,-0.13249719579707722,Risk-on,90,0.27161777944907095,60,0.12095378653554224,72,1.497432947990786,Consumer Staples,2024-11-22,False,25,WMT,133.47385288272056,8.984740453331973,True,True,WMT-2024-11-22,100,BUY,90,100
75-89,78,2024-11-25,89.13511156663948,4.456755578331974,2024-12-03,349,91.67414000000001,6,2.228377789165987,2024-12-03,349,91.67414000000001,2.2918535,126.9514216680264,TP2,2,122.4311903788604,0.11094694388861923,50,-0.13249719579707722,Risk-on,90,0.27161777944907095,60,0.12095378653554224,72,1.497432947990786,Consumer Staples,2024-11-22,False,25,WMT,133.47385288272056,8.984740453331973,True,True,WMT-2024-11-22,100,BUY,90,100
75-89,79,2024-11-26,410.34991074463215,20.517495537231607,2025-01-10,374,374.878873046875,30,10.258747768615804,2024-11-26,345,411.51414000000005,10.2878535,58.211462768394995,TP1,1,37.66486149977919,0.006777923699187777,50,-0.8044151206082969,Risk-on,90,0.18177408401516373,100,-0.3159115642726565,68,-4.278099487818226,Consumer Discretionary,2024-11-25,False,25,HD,-1755.5177429828655,40.17732086340348,True,False,HD-2024-11-25,100,BUY,90,70
75-89,79,2024-11-26,410.34991074463215,20.517495537231607,2025-01-10,374,374.878873046875,30,10.258747768615804,2025-01-10,374,374.878873046875,9.371971826171874,-1773.5518848878569,TIME,2,-1793.1826044826446,-0.32268948797184427,50,-0.8044151206082969,Risk-on,90,0.18177408401516373,100,-0.3159115642726565,68,-4.278099487818226,Consumer Discretionary,2024-11-25,False,25,HD,-1755.5177429828655,40.17732086340348,True,False,HD-2024-11-25,100,BUY,90,70
60-74,68,2024-12-02,111.10620976941988,5.555310488470994,2024-12-17,359,101.559195,12,5.555310488470993,2024-12-17,359,101.559195,5.077959750000001,-954.7014769419875,STOP,1,-965.3347471804585,-1.0165474127257308,100,-1.0568772907022543,Risk-on,90,0.018130559221785112,100,-1.0165474127257308,29,-8.688395987801492,Utilities,2024-11-29,True,25,DUK,-965.3347471804585,10.633270238470995,False,False,DUK-2024-11-29,100,WATCH,90,20
60-74,69,2024-12-03,313.72246375303865,15.686123187651933,2025-01-16,378,313.55713226318363,30,7.843061593825967,2024-12-16,358,313.72306000000003,7.843076500000001,0.029812348068958272,TP1,1,-15.656325745757009,-0.004867887567934788,50,-0.41256280630433945,Risk-on,90,0.13409537182128814,70,-0.012314010034499237,51,-0.12624180514561573,Financials,2024-12-02,False,25,V,-39.604890138913596,31.368127994231525,True,False,V-2024-12-02,100,WATCH,90,45
60-74,69,2024-12-03,313.72246375303865,15.686123187651933,2025-01-16,378,313.55713226318363,30,7.843061593825967,2025-01-16,378,313.55713226318363,7.838928306579591,-8.266574492751033,TIME,2,-23.948564393156587,-0.00744612246656445,50,-0.41256280630433945,Risk-on,90,0.13409537182128814,70,-0.012314010034499237,51,-0.12624180514561573,Financials,2024-12-02,False,25,V,-39.604890138913596,31.368127994231525,True,False,V-2024-12-02,100,WATCH,90,45
60-74,73,2024-12-04,92.04061326212666,4.602030663106333,2024-12-06,352,94.23286,3,2.3010153315531663,2024-12-04,350,92.083935,2.302098375,2.166086893667085,TP1,1,-2.437026812886081,-0.0018673657428485899,50,-0.03369663404419766,Risk-on,90,0.2024026513931471,60,0.07855452551547164,67,1.113839528179382,Consumer Staples,2024-12-03,False,25,WMT,102.51847324922812,9.259950538106333,True,True,WMT-2024-12-03,100,WATCH,90,70
60-74,73,2024-12-04,92.04061326212666,4.602030663106333,2024-12-06,352,94.23286,3,2.3010153315531663,2024-12-06,352,94.23286,2.3558215000000002,109.61233689366736,TP2,2,104.9555000621142,0.08042189125832022,50,-0.03369663404419766,Risk-on,90,0.2024026513931471,60,0.07855452551547164,67,1.113839528179382,Consumer Staples,2024-12-03,False,25,WMT,102.51847324922812,9.259950538106333,True,True,WMT-2024-12-03,100,WATCH,90,70
75-89,76,2024-12-05,242.5622566308559,12.128112831542794,2024-12-11,355,247.86600500000003,5,6.064056415771397,2024-12-05,351,242.43872000000002,6.060968000000001,-6.176831542794048,TP1,1,-18.301855958565447,-0.006645009595205673,50,-0.0852149428081503,Risk-on,90,0.24128560058564727,90,0.08518723033573687,49,0.9672768517936995,Technology,2024-12-04,False,25,AAPL,234.6248559578697,24.385730956542794,True,True,AAPL-2024-12-04,100,BUY,90,70
75-89,76,2024-12-05,242.5622566308559,12.128112831542794,2024-12-11,355,247.86600500000003,5,6.064056415771397,2024-12-11,355,247.86600500000003,6.196650125000001,265.18741845720655,TP2,2,252.92671191643515,0.09183223993094256,50,-0.0852149428081503,Risk-on,90,0.24128560058564727,90,0.08518723033573687,49,0.9672768517936995,Technology,2024-12-04,False,25,AAPL,234.6248559578697,24.385730956542794,True,True,AAPL-2024-12-04,100,BUY,90,70
75-89,79,2024-12-05,218.13901377868652,10.906950688934327,2024-12-09,353,227.52618,3,5.453475344467162,2024-12-05,351,219.89000000000001,5.49725,87.54931106567483,TP1,1,76.59858572120767,0.026634635773906595,50,-0.029173835145574485,Risk-on,90,0.41520853754789416,100,0.18596439747832033,67,2.4517176349069465,Consumer Discretionary,2024-12-04,False,25,AMZN,534.8152669424152,22.092355188934327,True,True,AMZN-2024-12-04,100,BUY,90,70
75-89,79,2024-12-05,218.13901377868652,10.906950688934327,2024-12-09,353,227.52618,3,5.453475344467162,2024-12-09,353,227.52618,5.6881545000000004,469.3583110656746,TP2,2,458.21668122120747,0.15932976170441374,50,-0.029173835145574485,Risk-on,90,0.41520853754789416,100,0.18596439747832033,67,2.4517176349069465,Consumer Discretionary,2024-12-04,False,25,AMZN,534.8152669424152,22.092355188934327,True,True,AMZN-2024-12-04,100,BUY,90,70
60-74,72,2024-12-05,979.2683312994129,48.96341656497065,2025-01-21,380,939.6897711486816,30,24.481708282485325,2024-12-06,352,982.7383850000001,24.568459625000003,173.50268502935933,TP1,1,124.452517121874,0.010383301333553903,50,-0.7047760474141784,Risk-on,90,0.1746069118478689,90,-0.15872483976299193,51,-1.9427253819711392,Consumer Staples,2024-12-04,False,25,COST,-1902.449442975892,97.0241204686877,True,False,COST-2024-12-04,100,WATCH,90,45
60-74,72,2024-12-05,979.2683312994129,48.96341656497065,2025-01-21,380,939.6897711486816,30,24.481708282485325,2025-01-21,380,939.6897711486816,23.492244278717042,-1978.9280075365639,TIME,2,-2026.901960097766,-0.16910814109654584,50,-0.7047760474141784,Risk-on,90,0.1746069118478689,90,-0.15872483976299193,51,-1.9427253819711392,Consumer Staples,2024-12-04,False,25,COST,-1902.449442975892,97.0241204686877,True,False,COST-2024-12-04,100,WATCH,90,45
60-74,72,2024-12-06,437.33305622940384,21.866652811470193,2025-01-22,381,440.748357131958,30,10.933326405735096,2024-12-06,352,439.230275,10.980756875,94.86093852980844,TP1,1,72.94685524907334,0.017280638211232296,50,-0.7445156788625376,Risk-on,90,0.31930882013260536,100,0.052533477755699595,40,0.5070731834330486,Technology,2024-12-05,False,25,MSFT,221.75986504274823,43.86611861476915,True,False,MSFT-2024-12-05,100,WATCH,90,45
60-74,72,2024-12-06,437.33305622940384,21.866652811470193,2025-01-22,381,440.748357131958,30,10.933326405735096,2025-01-22,381,440.748357131958,11.01870892829895,170.76504512770896,TIME,2,148.8130097936749,0.0352528395444673,50,-0.7445156788625376,Risk-on,90,0.31930882013260536,100,0.052533477755699595,40,0.5070731834330486,Technology,2024-12-05,False,25,MSFT,221.75986504274823,43.86611861476915,True,False,MSFT-2024-12-05,100,WATCH,90,45
75-89,77,2024-12-09,397.8087903442383,19.890439517211913,2024-12-11,355,413.57311,3,9.945219758605957,2024-12-09,353,389.29525500000005,9.732381375000001,-425.67676721191106,TP1,1,-445.354368345517,-0.036993009654144385,50,-0.16445701067350937,Risk-on,90,0.2248649102725189,90,0.026794609864555455,100,0.8108847133690157,Consumer Discretionary,2024-12-06,False,25,TSLA,322.5770669339625,39.962148642211915,True,True,TSLA-2024-12-06,100,BUY,90,45
75-89,77,2024-12-09,397.8087903442383,19.890439517211913,2024-12-11,355,413.57311,3,9.945219758605957,2024-12-11,355,413.57311,10.339327749999999,788.2159827880855,TP2,2,767.9314352794795,0.06378761951869984,50,-0.16445701067350937,Risk-on,90,0.2248649102725189,90,0.026794609864555455,100,0.8108847133690157,Consumer Discretionary,2024-12-06,False,25,TSLA,322.5770669339625,39.962148642211915,True,True,TSLA-2024-12-06,100,BUY,90,45
60-74,73,2024-12-09,94.21730025901651,4.710865012950825,2025-01-23,382,92.50734257507325,30,4.710865012950825,2025-01-23,382,92.50734257507325,4.625367128753663,-170.99576839432586,TIME,1,-180.33200053603034,-0.13272099467763088,100,-0.4782442558471987,Risk-on,90,0.029316846119532558,60,-0.13272099467763088,71,-1.9140009323157476,Consumer Staples,2024-12-06,False,25,WMT,-180.33200053603034,9.336232141704489,False,False,WMT-2024-12-06,100,WATCH,90,70
75-89,82,2024-12-09,620.6610642907642,31.033053214538207,2025-01-23,382,633.002920288086,30,15.516526607269105,2024-12-11,355,625.8769050000001,15.646922625000004,260.79203546179315,TP1,1,229.62858622952405,0.02463797897340956,50,-0.46688074481093644,Risk-on,90,0.1511467441786761,100,0.08748610251245187,71,1.3137279481400759,Communication Services,2024-12-06,False,25,META,815.3797864811413,62.505048846740365,True,False,META-2024-12-06,100,BUY,90,85
75-89,82,2024-12-09,620.6610642907642,31.033053214538207,2025-01-23,382,633.002920288086,30,15.516526607269105,2025-01-23,382,633.002920288086,15.825073007202151,617.0927998660886,TIME,2,585.7512002516173,0.06284812353904232,50,-0.46688074481093644,Risk-on,90,0.1511467441786761,100,0.08748610251245187,71,1.3137279481400759,Communication Services,2024-12-06,False,25,META,815.3797864811413,62.505048846740365,True,False,META-2024-12-06,100,BUY,90,85
75-89,79,2024-12-10,226.20304133605958,11.310152066802978,2025-01-24,383,234.73258110046385,30,5.655076033401489,2024-12-11,355,229.96496000000002,5.749124,188.09593319702174,TP1,1,176.69173316362026,0.047931946676027425,50,-0.2713570021698773,Risk-on,90,0.2766172347925649,90,0.1604982414308204,79,2.615549849941848,Consumer Discretionary,2024-12-09,False,25,AMZN,591.6453308229203,22.927590594314573,True,False,AMZN-2024-12-09,100,BUY,90,70
75-89,79,2024-12-10,226.20304133605958,11.310152066802978,2025-01-24,383,234.73258110046385,30,5.655076033401489,2025-01-24,383,234.73258110046385,5.868314527511596,426.4769882202131,TIME,2,414.95359765930004,0.11256629475479298,50,-0.2713570021698773,Risk-on,90,0.2766172347925649,90,0.1604982414308204,79,2.615549849941848,Consumer Discretionary,2024-12-09,False,25,AMZN,591.6453308229203,22.927590594314573,True,False,AMZN-2024-12-09,100,BUY,90,70
75-89,76,2024-12-12,245.4452654617777,12.272263273088885,2024-12-24,364,254.51268,9,6.136131636544443,2024-12-16,358,249.08539500000003,6.227134875000001,182.00647691111698,TP1,1,169.64321039957255,0.05928416447024417,50,-0.04630347466608742,Risk-on,90,0.3887939275633794,90,0.21335290056617756,57,2.4873773284056933,Technology,2024-12-11,False,25,AAPL,610.5149886741428,24.862215148088886,True,True,AAPL-2024-12-11,100,BUY,90,70
75-89,76,2024-12-12,245.4452654617777,12.272263273088885,2024-12-24,364,254.51268,9,6.136131636544443,2024-12-24,364,254.51268,6.362817,453.37072691111473,TP2,2,440.87177827457026,0.15406873609593338,50,-0.04630347466608742,Risk-on,90,0.3887939275633794,90,0.21335290056617756,57,2.4873773284056933,Technology,2024-12-11,False,25,AAPL,610.5149886741428,24.862215148088886,True,True,AAPL-2024-12-11,100,BUY,90,70
75-89,78,2024-12-12,425.05241633605954,21.252620816802978,2024-12-16,358,451.11433,3,10.626310408401489,2024-12-12,356,424.66756000000004,10.616689,-19.24281680297497,TP1,1,-40.48581621137646,-0.0029362566516604087,50,-0.07290571635732634,Risk-on,90,0.27659499389968867,60,0.08998288043511543,100,2.9189475242185305,Consumer Discretionary,2024-12-11,False,25,TSLA,1240.705698327245,43.147168066802976,True,True,TSLA-2024-12-11,100,BUY,90,85
75-89,78,2024-12-12,425.05241633605954,21.252620816802978,2024-12-16,358,451.11433,3,10.626310408401489,2024-12-16,358,451.11433,11.27785825,1303.095683197023,TP2,2,1281.1915145386215,0.09291913708677584,50,-0.07290571635732634,Risk-on,90,0.27659499389968867,60,0.08998288043511543,100,2.9189475242185305,Consumer Discretionary,2024-12-11,False,25,TSLA,1240.705698327245,43.147168066802976,True,True,TSLA-2024-12-11,100,BUY,90,85
60-74,62,2024-12-12,141.330889023028,7.066544451151399,2024-12-20,362,137.401265,7,7.066544451151398,2024-12-20,362,137.401265,6.87006325,-392.9624023027998,STOP,1,-406.89901000395116,-1.0538997820891287,100,-1.1243677381664552,Risk-on,90,0.12338519743547505,20,-1.0538997820891287,11,-2.879052221469097,Health Care,2024-12-11,True,100,JNJ,-406.89901000395116,13.936607701151399,False,False,JNJ-2024-12-11,40,WATCH,90,100
60-74,64,2024-12-12,106.25900931263624,5.312950465631812,2024-12-16,358,103.36829,3,5.312950465631812,2024-12-16,358,103.36829,5.1684145,-289.0719312636236,STOP,1,-299.55329622925535,-1.055133193455774,100,-1.1685765314577812,Risk-on,90,0.24613562083106794,20,-1.055133193455774,30,-2.8190861007174166,Energy,2024-12-11,True,100,XOM,-299.55329622925535,10.481364965631812,False,False,XOM-2024-12-11,40,WATCH,90,100
75-89,79,2024-12-12,194.0837763681301,9.704188818406504,2025-01-28,385,194.18807467651368,30,4.852094409203252,2024-12-16,358,194.492705,4.862317624999999,20.446431593495618,TP1,1,10.732019559292366,0.0028869866362281034,50,-0.2643313497560895,Risk-on,90,0.19247714505700567,60,0.0016786399747391865,78,0.032151779088014906,Communication Services,2024-12-11,False,25,GOOGL,6.240138702355806,19.421208310319344,True,False,GOOGL-2024-12-11,100,BUY,90,100
75-89,79,2024-12-12,194.0837763681301,9.704188818406504,2025-01-28,385,194.18807467651368,30,4.852094409203252,2025-01-28,385,194.18807467651368,4.8547018669128414,5.214915419179533,TIME,2,-4.49188085693656,-0.0012083466614889171,50,-0.2643313497560895,Risk-on,90,0.19247714505700567,60,0.0016786399747391865,78,0.032151779088014906,Communication Services,2024-12-11,False,25,GOOGL,6.240138702355806,19.421208310319344,True,False,GOOGL-2024-12-11,100,BUY,90,100
60-74,63,2024-12-13,496.77680244906156,24.838840122453078,2024-12-17,359,471.11432500000006,3,24.838840122453078,2024-12-17,359,471.11432500000006,23.555716250000003,-2566.24774490615,STOP,1,-2614.6423012786026,-1.028301653940409,100,-1.5177829091937192,Risk-on,90,0.4405219109518806,20,-1.028301653940409,17,-5.263213355351275,Health Care,2024-12-12,True,100,UNH,-2614.6423012786026,48.39455637245308,False,False,UNH-2024-12-12,40,WATCH,90,100
60-74,65,2024-12-13,164.0818629514496,8.20409314757248,2025-01-23,382,189.39525500000002,26,4.10204657378624,2025-01-21,380,182.998455,4.574961375,945.82960242752,TP1,1,937.1525944787337,1.2852032473984287,50,-0.8326690278945236,Risk-on,90,5.737155516719005,20,3.0088130887338,15,13.37128448868629,Industrials,2024-12-12,False,100,GE,2193.985268957468,17.51393589757248,True,True,GE-2024-12-12,50,WATCH,90,100
60-74,65,2024-12-13,164.0818629514496,8.20409314757248,2025-01-23,382,189.39525500000002,26,4.10204657378624,2025-01-23,382,189.39525500000002,4.7348813750000005,1265.6696024275207,TP2,2,1256.8326744787344,1.723609841335371,50,-0.8326690278945236,Risk-on,90,5.737155516719005,20,3.0088130887338,15,13.37128448868629,Industrials,2024-12-12,False,100,GE,2193.985268957468,17.51393589757248,True,True,GE-2024-12-12,50,WATCH,90,100
75-89,81,2024-12-16,228.37366889098638,11.418683444549318,2024-12-16,358,238.830525,1,5.709341722274659,2024-12-16,358,225.10739,5.62768475,-163.31394454931853,TP1,1,-174.6509710215932,-0.02062636157250356,50,-0.01274538991101512,Risk-on,90,0.2323022711826957,60,0.0397421930559141,100,1.4735136989126623,Technology,2024-12-13,False,25,AVGO,336.5117295818129,23.017131319549318,True,True,AVGO-2024-12-13,100,BUY,90,100
75-89,81,2024-12-16,228.37366889098638,11.418683444549318,2024-12-16,358,238.830525,1,5.709341722274659,2024-12-16,358,238.830525,5.9707631249999995,522.8428054506808,TP2,2,511.1627006034061,0.06036855462841766,50,-0.01274538991101512,Risk-on,90,0.2323022711826957,60,0.0397421930559141,100,1.4735136989126623,Technology,2024-12-13,False,25,AVGO,336.5117295818129,23.017131319549318,True,True,AVGO-2024-12-13,100,BUY,90,100
0-59,56,2024-12-16,104.94711363274058,5.247355681637029,2024-12-18,360,101.38928,3,5.247355681637029,2024-12-18,360,101.38928,5.069464,-355.7833632740582,STOP,1,-366.10018295569523,-1.0438788738921227,100,-1.766660787689407,Risk-on,90,0.26162927225194044,20,-1.0438788738921227,14,-3.4884254581488765,Real Estate,2024-12-13,True,100,PLD,-366.10018295569523,10.316819681637028,False,False,PLD-2024-12-13,25,SKIP,90,85
0-59,59,2024-12-16,427.3545856203263,21.367729281016317,2024-12-18,360,416.45167000000004,3,21.367729281016317,2024-12-18,360,416.45167000000004,20.8225835,-1090.2915620326269,STOP,1,-1132.4818748136433,-1.0589301119449008,100,-1.273022173923251,Risk-on,90,0.0,20,-1.0589301119449008,22,-2.6499818018093566,Materials,2024-12-13,True,100,LIN,-1132.4818748136433,42.19031278101632,False,False,LIN-2024-12-13,40,SKIP,90,70
75-89,81,2024-12-17,237.10307723578245,11.855153861789121,2025-01-31,388,218.3743702545166,30,11.855153861789121,2025-01-31,388,218.3743702545166,10.91871851272583,-1872.8706981265846,TIME,1,-1895.6445705010995,-0.199598099342925,100,-0.4563836917079047,Risk-on,90,0.0983847725213539,60,-0.199598099342925,100,-7.995023061704145,Technology,2024-12-16,False,25,AVGO,-1895.6445705010995,22.77387237451495,False,False,AVGO-2024-12-16,100,BUY,90,100
75-89,78,2024-12-17,476.1379438934326,23.80689719467163,2025-01-31,388,404.3977061004639,30,11.903448597335817,2024-12-17,359,462.958405,11.573960125000001,-658.9769446716275,TP1,1,-682.4543533939633,-0.03957910405843194,50,-0.5979189510734372,Risk-on,90,0.07192607167637673,60,-0.24888539162448933,100,-9.013101537760972,Consumer Discretionary,2024-12-16,False,25,TSLA,-4291.479634292245,45.490799972183225,True,False,TSLA-2024-12-16,100,BUY,90,85
75-89,78,2024-12-17,476.1379438934326,23.80689719467163,2025-01-31,388,404.3977061004639,30,11.903448597335817,2025-01-31,388,404.3977061004639,10.109942652511599,-3587.011889648434,TIME,2,-3609.0252808982814,-0.2093062875660574,50,-0.5979189510734372,Risk-on,90,0.07192607167637673,60,-0.24888539162448933,100,-9.013101537760972,Consumer Discretionary,2024-12-16,False,25,TSLA,-4291.479634292245,45.490799972183225,True,False,TSLA-2024-12-16,100,BUY,90,85
60-74,61,2024-12-17,102.11681787611036,5.105840893805518,2024-12-19,361,100.37978500000001,3,5.105840893805518,2024-12-19,361,100.37978500000001,5.01898925,-173.7032876110348,STOP,1,-183.82811775484032,-1.0897923264764717,100,-1.1756339592382672,Risk-on,90,0.8668797590474726,20,-1.0897923264764717,23,-1.8001747565015522,Energy,2024-12-16,True,100,XOM,-183.82811775484032,10.124830143805518,False,False,XOM-2024-12-16,40,WATCH,90,85
60-74,62,2024-12-18,470.56221107343316,23.52811055367166,2025-02-03,389,527.5986175537109,30,23.52811055367166,2025-02-03,389,527.5986175537109,26.379930877685545,5703.640648027777,TIME,1,5653.732606596421,1.638658054280416,100,-0.07463556641554812,Risk-on,90,1.8206933237758909,20,1.638658054280416,8,12.014846227663046,Health Care,2024-12-17,False,100,UNH,5653.732606596421,49.908041431357205,False,False,UNH-2024-12-17,40,WATCH,90,100
0-59,58,2024-12-18,101.9272494053266,5.09636247026633,2025-02-03,389,107.34431887435913,30,5.09636247026633,2025-02-03,389,107.34431887435913,5.367215943717957,541.7069469032526,TIME,1,531.2433684892684,1.821041997709459,100,-0.7264395770799905,Risk-on,90,1.9598750773894151,20,1.821041997709459,26,5.21198572107751,Utilities,2024-12-17,False,100,DUK,531.2433684892684,10.463578413984287,False,False,DUK-2024-12-17,50,SKIP,90,45
0-59,56,2024-12-19,172.3637869153068,8.618189345765341,2025-01-08,373,166.826545,13,8.618189345765341,2025-01-08,373,166.826545,8.34132725,-553.7241915306794,STOP,1,-570.6837081264447,-1.0463989829245839,100,-1.2396861216780513,Defensive,35,0.5128669644889149,20,-1.0463989829245839,2,-3.310925794446937,Real Estate,2024-12-18,True,100,AMT,-570.6837081264447,16.959516595765344,False,False,AMT-2024-12-18,40,SKIP,90,100
0-59,51,2024-12-19,99.55227522101718,4.9776137610508595,2025-01-30,387,116.19187500000001,27,2.4888068805254298,2025-01-23,382,112.56369000000001,2.81409225,650.5707389491413,TP1,1,645.2678398186158,1.4792002043102492,50,-0.8419990988148689,Defensive,35,3.829827972888136,20,3.374051728604662,11,14.784737181993588,Real Estate,2024-12-18,False,100,PLD,1471.8542250122318,10.69650288605086,True,True,PLD-2024-12-18,25,SKIP,90,85
0-59,51,2024-12-19,99.55227522101718,4.9776137610508595,2025-01-30,387,116.19187500000001,27,2.4888068805254298,2025-01-30,387,116.19187500000001,2.904796875,831.9799889491413,TP2,2,826.5863851936159,1.8948515242944126,50,-0.8419990988148689,Defensive,35,3.829827972888136,20,3.374051728604662,11,14.784737181993588,Real Estate,2024-12-18,False,100,PLD,1471.8542250122318,10.69650288605086,True,True,PLD-2024-12-18,25,SKIP,90,85
0-59,55,2024-12-19,413.99609761375035,20.699804880687516,2025-01-06,371,404.03788000000003,11,20.699804880687516,2025-01-06,371,404.03788000000003,20.201894,-995.8217613750321,STOP,1,-1036.7234602557196,-1.0626415410138488,100,-1.0240191354500539,Defensive,35,0.43095438663313235,20,-1.0626415410138488,22,-2.5041865520746063,Materials,2024-12-18,True,100,LIN,-1036.7234602557196,40.90169888068752,False,False,LIN-2024-12-18,40,SKIP,90,85
60-74,66,2024-12-20,224.044422680631,11.20222113403155,2025-01-17,379,252.003935,18,5.601110567015775,2025-01-15,377,245.42722500000002,6.135680625000001,1069.1401159684517,TP1,1,1057.403324776436,1.3360460610275777,50,-0.054407314955544114,Defensive,35,3.6514593038488283,20,3.08737330618291,69,10.906219858398261,Financials,2024-12-19,False,100,JPM,2443.4777318028714,23.63800013403155,True,True,JPM-2024-12-19,65,WATCH,90,85
60-74,66,2024-12-20,224.044422680631,11.20222113403155,2025-01-17,379,252.003935,18,5.601110567015775,2025-01-17,379,252.003935,6.300098375000001,1397.9756159684512,TP2,2,1386.0744070264354,1.7513272451553323,50,-0.054407314955544114,Defensive,35,3.6514593038488283,20,3.08737330618291,69,10.906219858398261,Financials,2024-12-19,False,100,JPM,2443.4777318028714,23.63800013403155,True,True,JPM-2024-12-19,65,WATCH,90,85
60-74,66,2024-12-20,538.8895574360586,26.944477871802928,2025-01-21,380,612.563565,19,13.472238935901464,2025-01-16,378,593.613045,14.840326125,2736.1743781970745,TP1,1,2707.861813136173,1.033158159859177,50,-0.06804506542354734,Defensive,35,2.970431719677943,20,2.427654827364066,69,11.807198294109298,Financials,2024-12-19,False,100,GS,6362.775863272345,57.09889312180293,True,True,GS-2024-12-19,65,WATCH,90,85
60-74,66,2024-12-20,538.8895574360586,26.944477871802928,2025-01-21,380,612.563565,19,13.472238935901464,2025-01-21,380,612.563565,15.314089125,3683.7003781970734,TP2,2,3654.914050136172,1.3944966675048889,50,-0.06804506542354734,Defensive,35,2.970431719677943,20,2.427654827364066,69,11.807198294109298,Financials,2024-12-19,False,100,GS,6362.775863272345,57.09889312180293,True,True,GS-2024-12-19,65,WATCH,90,85
0-59,57,2024-12-20,100.41234191450934,5.020617095725467,2025-02-05,391,104.52611808395386,30,5.020617095725467,2025-02-05,391,104.52611808395386,5.226305904197693,411.37761694445203,TIME,1,401.13069394452884,1.3916832417600715,100,-0.2188324321973344,Defensive,35,2.432678876554138,20,1.3916832417600715,34,3.994834562130319,Energy,2024-12-19,False,100,XOM,401.13069394452884,10.24692299992316,False,False,XOM-2024-12-19,40,SKIP,90,85
60-74,64,2024-12-20,132.13386702828683,6.606693351414341,2025-02-05,391,143.40970458984376,30,6.606693351414341,2025-02-05,391,143.40970458984376,7.170485229492187,1127.5837561556928,TIME,1,1113.8065775747862,2.8530853369346585,100,-0.08177968590376015,Defensive,35,5.016028466736074,20,2.8530853369346585,46,8.429380011532892,Energy,2024-12-19,False,100,CVX,1113.8065775747862,13.77717858090653,False,False,CVX-2024-12-19,55,WATCH,90,100
0-59,59,2024-12-20,351.1971758196263,17.559858790981316,2025-02-05,391,352.47620059204104,30,17.559858790981316,2025-02-05,391,352.47620059204104,17.623810029602055,127.90247724147434,TIME,1,92.71880842089098,0.08280553053241729,100,-0.7764452719948698,Defensive,35,4.583208352020472,20,0.08280553053241729,30,0.2640078417615495,Industrials,2024-12-19,False,100,CAT,92.71880842089098,35.18366882058337,False,False,CAT-2024-12-19,50,SKIP,90,85
0-59,55,2024-12-20,66.56419764112418,3.3282098820562087,2025-01-10,374,64.617675,13,3.3282098820562087,2025-01-10,374,64.617675,3.2308837500000007,-194.65226411241758,STOP,1,-201.2113577444738,-1.0511524694299894,100,-1.2711673550373908,Defensive,35,1.646031290945558,20,-1.0511524694299894,13,-3.0228165421491227,Utilities,2024-12-19,True,100,NEE,-201.2113577444738,6.559093632056209,False,False,NEE-2024-12-19,40,SKIP,90,85
60-74,69,2024-12-23,136.14481002095113,6.807240501047556,2025-01-27,384,119.93000500000001,22,3.403620250523778,2025-01-06,371,146.856535,3.671413375,535.5862489524441,TP1,1,528.5112153269203,0.3271540888698137,50,-1.2144275070928905,Risk-on,90,1.0372652102107478,35,-0.17866561458898916,64,-2.120028710986064,Technology,2024-12-20,True,70,NVDA,-288.6309060961595,13.476904001047556,True,False,NVDA-2024-12-20,65,WATCH,90,85
60-74,69,2024-12-23,136.14481002095113,6.807240501047556,2025-01-27,384,119.93000500000001,22,3.403620250523778,2025-01-27,384,119.93000500000001,2.998250125,-810.740251047556,STOP,2,-817.1421214230797,-0.5058197034588028,50,-1.2144275070928905,Risk-on,90,1.0372652102107478,35,-0.17866561458898916,64,-2.120028710986064,Technology,2024-12-20,True,70,NVDA,-288.6309060961595,13.476904001047556,True,False,NVDA-2024-12-20,65,WATCH,90,85
60-74,60,2024-12-23,138.86336461764438,6.943168230882218,2025-02-06,392,147.2419854888916,30,6.943168230882218,2025-02-06,392,147.2419854888916,7.36209927444458,837.8620871247222,TIME,1,823.5568196193954,1.762235320800864,100,-0.8259577922956391,Risk-on,90,2.081714955857556,20,1.762235320800864,23,5.930699014005828,Health Care,2024-12-20,False,100,JNJ,823.5568196193954,14.305267505326798,False,False,JNJ-2024-12-20,25,WATCH,90,100
60-74,65,2024-12-26,256.679137929306,12.8339568964653,2025-01-16,378,226.70659,14,6.416978448232651,2024-12-26,365,256.441715,6.411042875,-11.871146465301763,TP1,1,-24.699167788534414,-0.008271895808583533,50,-1.0079591389569627,Risk-on,90,0.059265020429404854,60,-0.514218197152001,66,-5.981830934288658,Technology,2024-12-24,True,25,AAPL,-1535.411207452068,24.912664521465302,True,False,AAPL-2024-12-24,100,WATCH,90,20
60-74,65,2024-12-26,256.679137929306,12.8339568964653,2025-01-16,378,226.70659,14,6.416978448232651,2025-01-16,378,226.70659,5.66766475,-1498.627396465301,STOP,2,-1510.7120396635337,-0.5059463013434176,50,-1.0079591389569627,Risk-on,90,0.059265020429404854,60,-0.514218197152001,66,-5.981830934288658,Technology,2024-12-24,True,25,AAPL,-1535.411207452068,24.912664521465302,True,False,AAPL-2024-12-24,100,WATCH,90,20
60-74,68,2024-12-27,221.24938250938348,11.062469125469173,2025-01-10,374,207.905995,9,11.062469125469171,2025-01-10,374,207.905995,10.39529975,-1334.338750938349,STOP,1,-1355.7965198138181,-1.0240632588815146,100,-1.0727222704627326,Risk-on,90,0.03214077836194015,80,-1.0240632588815146,66,-6.1279109773620135,Industrials,2024-12-26,True,25,HON,-1355.7965198138181,21.45776887546917,False,False,HON-2024-12-26,100,WATCH,90,20
0-59,47,2025-01-02,59.79362801743287,2.9896814008716435,2025-02-11,395,63.068450000000006,27,1.4948407004358217,2025-01-27,384,61.38929,1.53473225,79.78309912835648,TP1,1,76.75352617792066,0.40532525644594525,50,-0.891476101202145,Defensive,35,2.677105957388982,40,1.2537999605524832,25,3.970708606051144,Consumer Staples,2024-12-31,False,85,KO,237.4230733558415,6.1011249008716435,True,True,KO-2024-12-31,40,SKIP,90,20
0-59,47,2025-01-02,59.79362801743287,2.9896814008716435,2025-02-11,395,63.068450000000006,27,1.4948407004358217,2025-02-11,395,63.068450000000006,1.57671125,163.74109912835664,TP2,2,160.66954717792083,0.848474704106538,50,-0.891476101202145,Defensive,35,2.677105957388982,40,1.2537999605524832,25,3.970708606051144,Consumer Staples,2024-12-31,False,85,KO,237.4230733558415,6.1011249008716435,True,True,KO-2024-12-31,40,SKIP,90,20
0-59,44,2025-01-03,770.1813888596754,38.50906944298377,2025-01-17,379,719.2701850000001,10,38.50906944298377,2025-01-17,379,719.2701850000001,35.96350925,-5091.120385967532,STOP,1,-5165.5929646605155,-1.0218498603469794,100,-1.0479004200021154,Defensive,35,0.5240770475374539,55,-1.0218498603469794,16,-6.70698232829107,Health Care,2025-01-02,True,85,LLY,-5165.5929646605155,74.47257869298377,False,False,LLY-2025-01-02,25,SKIP,90,20
0-59,55,2025-01-07,404.11940635771373,20.205970317885686,2025-02-06,392,451.03437,21,10.102985158942843,2025-02-03,389,441.75901000000005,11.043975250000003,1881.980182114316,TP1,1,1860.8332217053733,2.1588879146416686,50,-0.1758324773294289,Risk-on,90,5.604078104120884,20,4.855557779411687,19,10.356351349546763,Materials,2025-01-06,False,100,LIN,4185.202559410745,42.52580481788569,True,True,LIN-2025-01-06,25,SKIP,90,70
0-59,55,2025-01-07,404.11940635771373,20.205970317885686,2025-02-06,392,451.03437,21,10.102985158942843,2025-02-06,392,451.03437,11.275859250000002,2345.7481821143147,TP2,2,2324.369337705372,2.6966698647700187,50,-0.1758324773294289,Risk-on,90,5.604078104120884,20,4.855557779411687,19,10.356351349546763,Materials,2025-01-06,False,100,LIN,4185.202559410745,42.52580481788569,True,True,LIN-2025-01-06,25,SKIP,90,70
0-59,53,2025-01-08,159.12819595642966,7.956409797821483,2025-01-10,374,152.56368,2,7.9564097978214825,2025-01-10,374,152.56368,7.628184,-656.4515956429659,STOP,1,-672.0361894407874,-1.0357828184501925,100,-1.2035715966453029,Defensive,35,0.25981410333256877,20,-1.0357828184501925,31,-4.22323765691905,Technology,2025-01-07,True,100,ORCL,-672.0361894407874,15.584593797821483,False,False,ORCL-2025-01-07,50,SKIP,90,45
75-89,76,2025-01-10,44.49714772391706,2.224857386195853,2025-02-06,392,46.33682,19,1.1124286930979266,2025-01-15,377,45.077450000000006,1.1269362500000002,29.01511380414732,TP1,1,26.775748861049394,0.0639474664533708,50,-0.307802072697526,Defensive,35,0.4518866035962671,100,0.2782049288748861,69,2.617887200205564,Financials,2025-01-08,False,25,BAC,116.48851347209863,4.510214136195853,True,True,BAC-2025-01-08,100,BUY,90,85
75-89,76,2025-01-10,44.49714772391706,2.224857386195853,2025-02-06,392,46.33682,19,1.1124286930979266,2025-02-06,392,46.33682,1.1584205,91.98361380414717,TP2,2,89.71276461104924,0.21425746242151533,50,-0.307802072697526,Defensive,35,0.4518866035962671,100,0.2782049288748861,69,2.617887200205564,Financials,2025-01-08,False,25,BAC,116.48851347209863,4.510214136195853,True,True,BAC-2025-01-08,100,BUY,90,85
0-59,48,2025-01-10,164.52907585058014,8.226453792529007,2025-02-24,403,181.82766556549072,30,8.226453792529007,2025-02-24,403,181.82766556549072,9.091383278274536,1729.8589714910577,TIME,1,1712.5411344202541,4.543663227569838,100,-0.2857713208398341,Defensive,35,5.058701344466882,40,4.543663227569838,11,10.408744628065177,Real Estate,2025-01-08,False,100,AMT,1712.5411344202541,17.31783707080354,False,False,AMT-2025-01-08,25,SKIP,90,45
60-74,61,2025-01-13,151.2177879109831,7.560889395549154,2025-01-22,381,184.36777,7,3.7804446977745774,2025-01-22,381,177.79106000000002,4.4447765,1328.6636044508455,TP1,1,1320.438383253071,2.235080885009867,50,-0.23245145447614673,Defensive,35,6.352312972279799,20,5.026497046780382,27,19.637556465937827,Technology,2025-01-10,False,100,ORCL,2969.5478487561413,16.614860145549155,True,True,ORCL-2025-01-10,50,WATCH,90,100
60-74,61,2025-01-13,151.2177879109831,7.560889395549154,2025-01-22,381,184.36777,7,3.7804446977745774,2025-01-22,381,184.36777,4.609194250000001,1657.4991044508452,TP2,2,1649.1094655030706,2.7914161617705155,50,-0.23245145447614673,Defensive,35,6.352312972279799,20,5.026497046780382,27,19.637556465937827,Technology,2025-01-10,False,100,ORCL,2969.5478487561413,16.614860145549155,True,True,ORCL-2025-01-10,50,WATCH,90,100
60-74,62,2025-01-13,375.35017513014463,18.767508756507233,2025-02-25,404,378.14798962402347,30,18.767508756507233,2025-02-25,404,378.14798962402347,18.90739948120117,279.7814493878832,TIME,1,242.10654115017476,0.13164993777210993,100,-0.6269287910229575,Defensive,35,1.8834027693840274,20,0.13164993777210993,38,0.6450151277170165,Consumer Discretionary,2025-01-10,False,100,HD,242.10654115017476,37.67490823770841,False,False,HD-2025-01-10,50,WATCH,90,100
0-59,59,2025-01-13,208.48206076478928,10.424103038239464,2025-02-06,392,202.168865,18,10.424103038239464,2025-02-06,392,202.168865,10.108443249999999,-631.319576478927,STOP,1,-651.8521227671665,-1.0493331399170223,100,-1.7874422043897875,Defensive,35,1.7246170852546983,20,-1.0493331399170223,51,-3.1266580941109847,Industrials,2025-01-10,True,100,HON,-651.8521227671665,20.532546288239462,False,False,HON-2025-01-10,65,SKIP,90,45
0-59,57,2025-01-13,64.30649498453577,3.215324749226789,2025-02-25,404,68.12236251449585,30,3.215324749226789,2025-02-25,404,68.12236251449585,3.4061181257247926,381.5867529960073,TIME,1,374.9653101210557,1.8687577741830623,100,-0.6498182622055417,Defensive,35,3.2387640717051327,20,1.8687577741830623,13,5.830908840720151,Utilities,2025-01-10,False,100,NEE,374.9653101210557,6.6214428749515815,False,False,NEE-2025-01-10,40,SKIP,90,100
60-74,69,2025-01-17,230.76171060822543,11.538085530411271,2025-01-21,380,219.02043500000002,2,11.538085530411273,2025-01-21,380,219.02043500000002,10.95102175,-1174.1275608225408,STOP,1,-1196.6166681029522,-1.028753816533879,100,-1.098244437573258,Risk-on,90,0.004607726939327775,20,-1.028753816533879,40,-5.185507877147359,Technology,2025-01-16,True,100,AAPL,-1196.6166681029522,22.48910728041127,False,False,AAPL-2025-01-16,65,WATCH,90,85
60-74,69,2025-01-17,314.11817079403187,15.705908539701595,2025-01-24,383,324.787525,5,7.852954269850797,2025-01-21,380,317.88098,7.947024500000001,188.14046029840767,TP1,1,172.3404815285569,0.08870648881751547,50,-0.048289868726733194,Risk-on,90,0.6836215602058174,80,0.35506973700479494,68,2.1961020201038943,Financials,2025-01-16,False,25,V,689.8355494321135,31.772621164701597,True,True,V-2025-01-16,100,WATCH,90,20
60-74,69,2025-01-17,314.11817079403187,15.705908539701595,2025-01-24,383,324.787525,5,7.852954269850797,2025-01-24,383,324.787525,8.119688125,533.4677102984074,TP2,2,517.4950679035566,0.26636324818727947,50,-0.048289868726733194,Risk-on,90,0.6836215602058174,80,0.35506973700479494,68,2.1961020201038943,Financials,2025-01-16,False,25,V,689.8355494321135,31.772621164701597,True,True,V-2025-01-16,100,WATCH,90,20
75-89,83,2025-01-21,252.53606662806135,12.626803331403067,2025-01-29,386,260.27979500000004,7,6.313401665701533,2025-01-21,380,252.81353000000001,6.320338250000001,13.873168596933283,TP1,1,1.2394286812317494,0.00033366350565242466,50,-0.01829058162507781,Risk-on,90,0.2738172684870104,90,0.10111580709159658,77,1.4873338915611667,Financials,2025-01-17,False,25,JPM,375.6054507374646,25.45413645640307,True,True,JPM-2025-01-17,100,BUY,90,100
75-89,83,2025-01-21,252.53606662806135,12.626803331403067,2025-01-29,386,260.27979500000004,7,6.313401665701533,2025-01-29,386,260.27979500000004,6.506994875000001,387.18641859693435,TP2,2,374.36602205623285,0.10078214358594415,50,-0.01829058162507781,Risk-on,90,0.2738172684870104,90,0.10111580709159658,77,1.4873338915611667,Financials,2025-01-17,False,25,JPM,375.6054507374646,25.45413645640307,True,True,JPM-2025-01-17,100,BUY,90,100
0-59,55,2025-01-21,723.7629687516666,36.18814843758333,2025-02-05,391,836.76141,12,18.094074218791665,2025-01-28,385,802.21869,20.055467250000003,3922.7860624166738,TP1,1,3884.6365209478818,0.9614730404650395,50,-0.12500781194374094,Risk-on,90,2.8221675824897776,20,2.350209840336073,4,13.119689572227639,Health Care,2025-01-17,False,100,LLY,9495.54547389576,77.16265093758332,True,True,LLY-2025-01-17,25,SKIP,90,85
0-59,55,2025-01-21,723.7629687516666,36.18814843758333,2025-02-05,391,836.76141,12,18.094074218791665,2025-02-05,391,836.76141,20.919035249999997,5649.92206241667,TP2,2,5610.908952947879,1.388736799871034,50,-0.12500781194374094,Risk-on,90,2.8221675824897776,20,2.350209840336073,4,13.119689572227639,Health Care,2025-01-17,False,100,LLY,9495.54547389576,77.16265093758332,True,True,LLY-2025-01-17,25,SKIP,90,85
60-74,71,2025-01-22,218.50384871012136,10.925192435506068,2025-03-05,410,234.38371082305912,30,10.925192435506068,2025-03-05,410,234.38371082305912,11.719185541152955,1587.9862112937758,TIME,1,1565.3418333171169,2.1431739558733343,100,-0.014950655473036601,Risk-on,90,4.132361989394139,20,2.1431739558733343,34,7.163909663640668,Technology,2025-01-21,False,100,AAPL,1565.3418333171169,22.644377976659023,False,False,AAPL-2025-01-21,65,WATCH,90,100
75-89,84,2025-01-22,615.119167113843,30.75595835569215,2025-02-06,392,638.350665,12,15.377979177846075,2025-01-22,381,616.43163,15.41079075,65.6231443078525,TP1,1,34.83437438000642,0.003617683631931476,50,-0.11366887972907042,Risk-on,90,0.2529390099689489,90,0.12099725834242026,87,1.8940598589238693,Financials,2025-01-21,False,25,GS,1165.0725228850133,62.12551573069215,True,True,GS-2025-01-21,100,BUY,90,100
75-89,84,2025-01-22,615.119167113843,30.75595835569215,2025-02-06,392,638.350665,12,15.377979177846075,2025-02-06,392,638.350665,15.958766625,1161.574894307853,TP2,2,1130.2381485050068,0.11737957471048878,50,-0.11366887972907042,Risk-on,90,0.2529390099689489,90,0.12099725834242026,87,1.8940598589238693,Financials,2025-01-21,False,25,GS,1165.0725228850133,62.12551573069215,True,True,GS-2025-01-21,100,BUY,90,100
60-74,73,2025-01-22,944.1036161555697,47.20518080777849,2025-02-03,389,991.42404,9,23.602590403889245,2025-01-30,387,966.3665750000001,24.159164375000003,1113.1479422215193,TP1,1,1065.38618744263,0.1517782165662216,50,-0.34660808777695046,Risk-on,90,0.8183356047316379,70,0.48195539331703385,52,3.5833134524323205,Consumer Staples,2025-01-21,False,25,COST,3383.019188260253,96.14994618277849,True,True,COST-2025-01-21,100,WATCH,90,70
60-74,73,2025-01-22,944.1036161555697,47.20518080777849,2025-02-03,389,991.42404,9,23.602590403889245,2025-02-03,389,991.42404,24.785601,2366.0211922215126,TP2,2,2317.6330008176233,0.33017717675081226,50,-0.34660808777695046,Risk-on,90,0.8183356047316379,70,0.48195539331703385,52,3.5833134524323205,Consumer Staples,2025-01-21,False,25,COST,3383.019188260253,96.14994618277849,True,True,COST-2025-01-21,100,WATCH,90,70
75-89,76,2025-01-23,437.03644586318444,21.85182229315922,2025-02-25,404,394.70255,23,10.92591114657961,2025-01-28,385,441.808985,11.045224625000001,238.62695684077835,TP1,1,216.65582106919874,0.051417678124223494,50,-1.0490018083288564,Risk-on,90,0.144455363449295,80,-0.4558601010686754,50,-4.395131035794498,Technology,2025-01-22,True,25,MSFT,-1920.8324469866038,42.76461066815922,True,False,MSFT-2025-01-22,100,BUY,90,85
75-89,76,2025-01-23,437.03644586318444,21.85182229315922,2025-02-25,404,394.70255,23,10.92591114657961,2025-02-25,404,394.70255,9.86756375,-2116.694793159223,STOP,2,-2137.4882680558026,-0.5072777791928988,50,-1.0490018083288564,Risk-on,90,0.144455363449295,80,-0.4558601010686754,50,-4.395131035794498,Technology,2025-01-22,True,25,MSFT,-1920.8324469866038,42.76461066815922,True,False,MSFT-2025-01-22,100,BUY,90,85
75-89,75,2025-01-23,178.66006547340925,8.933003273670462,2025-03-06,411,148.31536210632325,30,8.933003273670462,2025-03-06,411,148.31536210632325,7.415768105316162,-3034.4703367086,TIME,1,-3050.8191080875863,-0.8521825498765093,100,-0.878771290056647,Risk-on,90,0.2023650100170693,80,-0.8521825498765093,52,-17.07611099326309,Technology,2025-01-22,False,25,ORCL,-3050.8191080875863,16.348771378986623,False,False,ORCL-2025-01-22,85,BUY,90,100
75-89,77,2025-01-24,200.9098223946752,10.045491119733759,2025-03-07,412,192.1354973526001,30,5.0227455598668795,2025-02-07,393,205.81704,5.145426,245.36088026624014,TP1,1,235.19270870637328,0.05531366206643109,50,-0.3479956011477895,Risk-on,90,0.223629912388302,60,-0.05017652106133454,63,-1.0619175998869281,Industrials,2025-01-23,False,25,GE,-213.34967639106245,19.99430455354876,True,False,GE-2025-01-23,100,BUY,90,100
75-89,77,2025-01-24,200.9098223946752,10.045491119733759,2025-03-07,412,192.1354973526001,30,5.0227455598668795,2025-03-07,412,192.1354973526001,4.803387433815002,-438.71625210375385,TIME,2,-448.5423850974357,-0.10549018312776563,50,-0.3479956011477895,Risk-on,90,0.223629912388302,60,-0.05017652106133454,63,-1.0619175998869281,Industrials,2025-01-23,False,25,GE,-213.34967639106245,19.99430455354876,True,False,GE-2025-01-23,100,BUY,90,100
75-89,75,2025-01-24,92.33337979098928,4.6166689895494635,2025-01-27,384,95.222365,2,2.3083344947747317,2025-01-24,383,92.93351000000001,2.3233377500000003,30.00651045053644,TP1,1,25.374838205761705,0.03889829968325908,50,-0.019173189777119657,Risk-on,90,0.5857940611353492,100,0.2531436315644587,67,1.7884670247133965,Consumer Staples,2025-01-23,False,25,WMT,165.13520503652262,9.320565864549463,True,True,WMT-2025-01-23,100,BUY,90,45
75-89,75,2025-01-24,92.33337979098928,4.6166689895494635,2025-01-27,384,95.222365,2,2.3083344947747317,2025-01-27,384,95.222365,2.3805591249999996,144.44926045053563,TP2,2,139.76036683076092,0.21424533188119962,50,-0.019173189777119657,Risk-on,90,0.5857940611353492,100,0.2531436315644587,67,1.7884670247133965,Consumer Staples,2025-01-23,False,25,WMT,165.13520503652262,9.320565864549463,True,True,WMT-2025-01-23,100,BUY,90,45
75-89,75,2025-01-24,633.5865131876228,31.679325659381146,2025-01-28,385,662.48859,3,15.839662829690575,2025-01-24,383,633.153265,15.828831625000001,-21.662409381139014,TP1,1,-53.33090383582959,-0.007192638135373855,50,-0.15592129604862806,Risk-on,90,0.6154878285711657,100,0.18333580377050834,61,2.145517669503791,Communication Services,2025-01-23,False,25,META,1359.3710592033415,64.07037203438115,True,True,META-2025-01-23,100,BUY,90,45
75-89,75,2025-01-24,633.5865131876228,31.679325659381146,2025-01-28,385,662.48859,3,15.839662829690575,2025-01-28,385,662.48859,16.562214750000003,1445.1038406188616,TP2,2,1412.701963039171,0.1905284419058822,50,-0.15592129604862806,Risk-on,90,0.6154878285711657,100,0.18333580377050834,61,2.145517669503791,Communication Services,2025-01-23,False,25,META,1359.3710592033415,64.07037203438115,True,True,META-2025-01-23,100,BUY,90,45
75-89,77,2025-01-27,226.32311171722412,11.316155585861207,2025-02-25,404,209.885005,21,5.658077792930603,2025-01-28,385,236.28180000000003,5.907045000000001,497.9344141387955,TP1,1,486.3692913458649,0.29778115754450096,50,-1.3569433944263436,Risk-on,90,0.9916599381461635,100,-0.21210976415959443,89,-1.5307373816339498,Consumer Discretionary,2025-01-24,True,25,AMZN,-346.44124743327154,22.470325710861207,True,False,AMZN-2025-01-24,100,BUY,90,45
75-89,77,2025-01-27,226.32311171722412,11.316155585861207,2025-02-25,404,209.885005,21,5.658077792930603,2025-02-25,404,209.885005,5.247125125,-821.9053358612058,STOP,2,-832.8105387791364,-0.5098909217040954,50,-1.3569433944263436,Risk-on,90,0.9916599381461635,100,-0.21210976415959443,89,-1.5307373816339498,Consumer Discretionary,2025-01-24,True,25,AMZN,-346.44124743327154,22.470325710861207,True,False,AMZN-2025-01-24,100,BUY,90,45
60-74,74,2025-01-27,326.4850338950906,16.32425169475453,2025-01-28,385,333.87298000000004,2,8.162125847377265,2025-01-27,384,327.23629999999997,8.1809075,37.563305245467404,TP1,1,21.22027189809014,0.006722714750954404,50,-0.06625808251438066,Risk-on,90,0.24012411183254842,90,0.1185199509177051,73,1.145867614000328,Financials,2025-01-24,False,25,V,374.1086267961837,32.85198369475453,True,True,V-2025-01-24,100,WATCH,90,45
60-74,74,2025-01-27,326.4850338950906,16.32425169475453,2025-01-28,385,333.87298000000004,2,8.162125847377265,2025-01-28,385,333.87298000000004,8.3468245,369.3973052454709,TP2,2,352.8883548980936,0.11179723616675072,50,-0.06625808251438066,Risk-on,90,0.24012411183254842,90,0.1185199509177051,73,1.145867614000328,Financials,2025-01-24,False,25,V,374.1086267961837,32.85198369475453,True,True,V-2025-01-24,100,WATCH,90,45
60-74,64,2025-01-28,121.68915198449824,6.084457599224912,2025-03-07,412,107.40627,28,6.084457599224912,2025-03-07,412,107.40627,5.3703135,-1428.288198449823,STOP,1,-1439.742969549048,-1.0118262642197908,100,-1.0042451458995578,Risk-on,90,1.513578596672935,20,-1.0118262642197908,11,-11.831317303718693,Technology,2025-01-27,True,100,NVDA,-1439.742969549048,11.454771099224912,False,False,NVDA-2025-01-27,55,WATCH,70,100
75-89,81,2025-01-28,95.97579228647533,4.798789614323767,2025-02-04,390,98.51072,6,2.3993948071618836,2025-01-28,385,96.10192500000001,2.4025481250000005,6.306635676234151,TP1,1,1.5046927440722673,0.0015567195109061883,50,-0.0825382248336715,Risk-on,90,0.3747442244844439,90,0.12765525262299918,82,1.2856253923368974,Consumer Staples,2025-01-27,False,25,WMT,123.38891561314443,9.664105739323768,True,True,WMT-2025-01-27,100,BUY,90,85
75-89,81,2025-01-28,95.97579228647533,4.798789614323767,2025-02-04,390,98.51072,6,2.3993948071618836,2025-02-04,390,98.51072,2.462768,126.74638567623404,TP2,2,121.88422286907216,0.126098533112093,50,-0.0825382248336715,Risk-on,90,0.3747442244844439,90,0.12765525262299918,82,1.2856253923368974,Consumer Staples,2025-01-27,False,25,WMT,123.38891561314443,9.664105739323768,True,True,WMT-2025-01-27,100,BUY,90,85
75-89,78,2025-01-29,330.9371147831805,16.546855739159028,2025-01-31,388,340.86948000000007,3,8.273427869579514,2025-01-30,387,333.89297000000005,8.347324250000002,147.79276084097717,TP1,1,131.17200872139765,0.03612845843155895,50,-0.004555191604923127,Risk-on,90,0.4516449765498117,90,0.16828522683268776,72,1.8462574229339639,Financials,2025-01-28,False,25,V,610.9951046927963,33.41591698915903,True,True,V-2025-01-28,100,BUY,90,70
75-89,78,2025-01-29,330.9371147831805,16.546855739159028,2025-01-31,388,340.86948000000007,3,8.273427869579514,2025-01-31,388,340.86948000000007,8.521737000000002,496.6182608409781,TP2,2,479.82309597139863,0.1321567684011288,50,-0.004555191604923127,Risk-on,90,0.4516449765498117,90,0.16828522683268776,72,1.8462574229339639,Financials,2025-01-28,False,25,V,610.9951046927963,33.41591698915903,True,True,V-2025-01-28,100,BUY,90,70
75-89,82,2025-01-29,672.0158979378743,33.600794896893724,2025-02-05,391,707.496075,6,16.800397448446862,2025-01-30,387,678.88039,16.97200975,343.2246031062846,TP1,1,309.45219590783773,0.0269332675458233,50,-0.08372768941321779,Risk-on,90,0.3707001698038253,90,0.17833302027880757,69,3.0489952038011094,Communication Services,2025-01-28,False,25,META,2048.973249690675,68.26020652189374,True,True,META-2025-01-28,100,BUY,90,100
75-89,82,2025-01-29,672.0158979378743,33.600794896893724,2025-02-05,391,707.496075,6,16.800397448446862,2025-02-05,391,707.496075,17.687401875,1774.0088531062838,TP2,2,1739.521053782837,0.15139975273298426,50,-0.08372768941321779,Risk-on,90,0.3707001698038253,90,0.17833302027880757,69,3.0489952038011094,Communication Services,2025-01-28,False,25,META,2048.973249690675,68.26020652189374,True,True,META-2025-01-28,100,BUY,90,100
60-74,74,2025-01-29,194.6411245043268,9.73205622521634,2025-02-21,402,180.12989000000002,17,4.86602811260817,2025-01-31,388,201.13938000000002,5.0284845,324.912774783661,TP1,1,315.01826217105287,0.21844223179443276,50,-1.1435752899318816,Risk-on,90,0.7858638231816918,70,-0.29117891484946756,65,-2.157369052800349,Communication Services,2025-01-28,True,25,GOOGL,-419.9127384078943,19.26378797521634,True,False,GOOGL-2025-01-28,100,WATCH,90,70
60-74,74,2025-01-29,194.6411245043268,9.73205622521634,2025-02-21,402,180.12989000000002,17,4.86602811260817,2025-02-21,402,180.12989000000002,4.50324725,-725.561725216339,STOP,2,-734.9310005789472,-0.5096211466439003,50,-1.1435752899318816,Risk-on,90,0.7858638231816918,70,-0.29117891484946756,65,-2.157369052800349,Communication Services,2025-01-28,True,25,GOOGL,-419.9127384078943,19.26378797521634,True,False,GOOGL-2025-01-28,100,WATCH,90,70
60-74,67,2025-01-30,260.84803894588936,13.042401947294467,2025-02-07,393,269.33526500000005,7,6.521200973647234,2025-01-31,388,262.578645,6.564466125,86.53030270553188,TP1,1,73.44463560688465,0.01956017881858652,50,-0.18259939532792127,Risk-on,90,0.2529419879595732,60,0.12904837890790016,79,1.8576001478557713,Financials,2025-01-29,False,25,JPM,484.55135571377207,26.340249697294468,True,True,JPM-2025-01-29,100,WATCH,90,20
60-74,67,2025-01-30,260.84803894588936,13.042401947294467,2025-02-07,393,269.33526500000005,7,6.521200973647234,2025-02-07,393,269.33526500000005,6.733381625000001,424.3613027055346,TP2,2,411.1067201068874,0.10948820008931363,50,-0.18259939532792127,Risk-on,90,0.2529419879595732,60,0.12904837890790016,79,1.8576001478557713,Financials,2025-01-29,False,25,JPM,484.55135571377207,26.340249697294468,True,True,JPM-2025-01-29,100,WATCH,90,20
60-74,66,2025-01-31,113.95753101372749,5.697876550686375,2025-03-14,417,106.3535425376892,30,2.8489382753431873,2025-02-14,398,116.20187000000001,2.905046750000001,112.2169493136262,TP1,1,106.46296428828302,0.05491311101599325,50,-0.47628789832806745,Risk-on,90,0.2531128001005238,100,-0.14403290246431896,52,-2.450423713714708,Real Estate,2025-01-30,False,25,PLD,-279.24423635241715,11.261761864128605,True,False,PLD-2025-01-30,85,WATCH,90,20
60-74,66,2025-01-31,113.95753101372749,5.697876550686375,2025-03-14,417,106.3535425376892,30,2.8489382753431873,2025-03-14,417,106.3535425376892,2.65883856344223,-380.1994238019148,TIME,2,-385.7072006407002,-0.19894601348031224,50,-0.47628789832806745,Risk-on,90,0.2531128001005238,100,-0.14403290246431896,52,-2.450423713714708,Real Estate,2025-01-30,False,25,PLD,-279.24423635241715,11.261761864128605,True,False,PLD-2025-01-30,85,WATCH,90,20
75-89,76,2025-02-03,212.85315934129238,10.642657967064618,2025-03-04,409,179.32029500000002,21,10.642657967064617,2025-03-04,409,179.32029500000002,8.966014750000001,-3353.2864341292366,STOP,1,-3372.895106846301,-1.0085455959544396,100,-1.0359632909330319,Risk-on,90,0.6602441366336418,70,-1.0085455959544396,100,-15.846112490339614,Technology,2025-01-31,True,50,AVGO,-3372.895106846301,19.60867271706462,False,False,AVGO-2025-01-31,75,BUY,70,85
60-74,73,2025-02-03,386.8733326721192,19.34366663360596,2025-02-11,395,346.416705,7,19.34366663360596,2025-02-11,395,346.416705,17.320835250000002,-4045.6627672119225,STOP,1,-4082.3272690955287,-1.0134035588175097,100,-1.5334711025872478,Risk-on,90,0.17691354848635157,70,-1.0134035588175097,100,-10.552103038219386,Consumer Discretionary,2025-01-31,True,50,TSLA,-4082.3272690955287,36.664501883605965,False,False,TSLA-2025-01-31,75,WATCH,70,70
75-89,76,2025-02-03,336.3785425443198,16.818927127215993,2025-02-27,406,354.84249,18,8.409463563607996,2025-02-10,394,347.16633,8.67915825,539.3893727840094,TP1,1,522.3007509704014,0.12339209421716561,50,-0.02172633483246076,Risk-on,90,0.4846614908398093,60,0.3374124201052744,73,4.245864159877635,Financials,2025-01-31,False,25,V,1428.2175979408019,34.369147627215995,True,True,V-2025-01-31,100,BUY,90,85
75-89,76,2025-02-03,336.3785425443198,16.818927127215993,2025-02-27,406,354.84249,18,8.409463563607996,2025-02-27,406,354.84249,8.87106225,923.1973727840085,TP2,2,905.9168469704005,0.2140203258881088,50,-0.02172633483246076,Risk-on,90,0.4846614908398093,60,0.3374124201052744,73,4.245864159877635,Financials,2025-01-31,False,25,V,1428.2175979408019,34.369147627215995,True,True,V-2025-01-31,100,BUY,90,85
60-74,65,2025-02-04,525.2554659831442,26.262773299157207,2025-02-21,402,467.73601500000007,13,26.262773299157207,2025-02-21,402,467.73601500000007,23.38680075,-5751.945098314411,STOP,1,-5801.594672363567,-1.0127515893945327,100,-1.7981488285755531,Risk-on,90,0.05609957034544331,100,-1.0127515893945327,36,-11.04528186394874,Health Care,2025-02-03,True,25,UNH,-5801.594672363567,49.64957404915721,False,False,UNH-2025-02-03,70,WATCH,90,45
75-89,80,2025-02-04,997.8678934696165,49.89339467348083,2025-02-05,391,1028.895295,2,24.946697336740414,2025-02-04,390,1001.049225,25.026230625,159.06657651917158,TP1,1,109.09364855743117,0.009211042628465648,50,-0.052371375849072685,Risk-on,90,0.31147393850985466,90,0.13591888526604307,68,1.613234232607245,Consumer Staples,2025-02-03,False,25,COST,1609.794645364865,100.64200767348083,True,True,COST-2025-02-03,100,BUY,90,85
75-89,80,2025-02-04,997.8678934696165,49.89339467348083,2025-02-05,391,1028.895295,2,24.946697336740414,2025-02-05,391,1028.895295,25.722382375000002,1551.3700765191743,TP2,2,1500.7009968074337,0.12670784263757742,50,-0.052371375849072685,Risk-on,90,0.31147393850985466,90,0.13591888526604307,68,1.613234232607245,Consumer Staples,2025-02-03,False,25,COST,1609.794645364865,100.64200767348083,True,True,COST-2025-02-03,100,BUY,90,85
75-89,77,2025-02-04,106.9201419098876,5.346007095494381,2025-02-11,395,110.12491000000001,6,2.6730035477471903,2025-02-05,391,107.58618000000001,2.6896545000000005,33.30190450562043,TP1,1,27.93924645787324,0.030269574109086962,50,-0.14146882303259195,Risk-on,90,0.42283639205564943,100,0.1979942740316675,42,1.7092338393992192,Utilities,2025-02-03,False,25,DUK,182.75152466574656,10.788784345494381,True,True,DUK-2025-02-03,85,BUY,90,100
75-89,77,2025-02-04,106.9201419098876,5.346007095494381,2025-02-11,395,110.12491000000001,6,2.6730035477471903,2025-02-11,395,110.12491000000001,2.7531227500000006,160.23840450562048,TP2,2,154.8122782078733,0.16772469992258052,50,-0.14146882303259195,Risk-on,90,0.42283639205564943,100,0.1979942740316675,42,1.7092338393992192,Utilities,2025-02-03,False,25,DUK,182.75152466574656,10.788784345494381,True,True,DUK-2025-02-03,85,BUY,90,100
60-74,71,2025-02-05,99.35166301254924,4.967583150627462,2025-02-12,396,101.96899,6,2.483791575313731,2025-02-05,391,99.5502,2.4887550000000003,9.926849372538271,TP1,1,4.95430279722454,0.003975635348376393,50,-0.012693201176609785,Risk-on,90,0.2533225534200887,60,0.10495199213198299,88,1.31641113876402,Consumer Staples,2025-02-04,False,25,WMT,130.7876358444491,10.005562900627464,True,True,WMT-2025-02-04,100,WATCH,90,45
60-74,71,2025-02-05,99.35166301254924,4.967583150627462,2025-02-12,396,101.96899,6,2.483791575313731,2025-02-12,396,101.96899,2.5492247500000005,130.86634937253834,TP2,2,125.83333304722458,0.10097635678360661,50,-0.012693201176609785,Risk-on,90,0.2533225534200887,60,0.10495199213198299,88,1.31641113876402,Consumer Staples,2025-02-04,False,25,WMT,130.7876358444491,10.005562900627464,True,True,WMT-2025-02-04,100,WATCH,90,45
60-74,71,2025-02-06,830.9016816404707,41.54508408202353,2025-02-06,392,869.08524,1,20.772542041011764,2025-02-06,392,837.3711050000001,20.934277625000004,323.47116797647004,TP1,1,281.7643483104583,0.020107112468211716,50,-0.030565563553495798,Risk-on,90,0.33743875895472003,100,0.15331597880613984,58,2.5856760682012196,Health Care,2025-02-05,False,25,LLY,2148.4425932459135,84.20649270702353,True,True,LLY-2025-02-05,70,WATCH,90,70
60-74,71,2025-02-06,830.9016816404707,41.54508408202353,2025-02-06,392,869.08524,1,20.772542041011764,2025-02-06,392,869.08524,21.727131,1909.1779179764671,TP2,2,1866.6782449354553,0.1332088663379281,50,-0.030565563553495798,Risk-on,90,0.33743875895472003,100,0.15331597880613984,58,2.5856760682012196,Health Care,2025-02-05,False,25,LLY,2148.4425932459135,84.20649270702353,True,True,LLY-2025-02-05,70,WATCH,90,70
0-59,54,2025-02-06,105.4781787049729,5.273908935248645,2025-03-19,420,110.46474,29,2.6369544676243226,2025-02-19,400,107.36629,2.68415725,94.40556475135509,TP1,1,89.08445303373077,0.1139452759976781,50,-0.7581805510841313,Risk-on,90,0.7341400117854264,70,0.425948238565641,29,3.1571833046996014,Energy,2025-02-05,False,25,XOM,333.0139448174615,10.719684685248644,True,True,XOM-2025-02-05,50,SKIP,90,45
0-59,54,2025-02-06,105.4781787049729,5.273908935248645,2025-03-19,420,110.46474,29,2.6369544676243226,2025-03-19,420,110.46474,2.7616185,249.32806475135507,TP2,2,243.92949178373075,0.31200296256796295,50,-0.7581805510841313,Risk-on,90,0.7341400117854264,70,0.425948238565641,29,3.1571833046996014,Energy,2025-02-05,False,25,XOM,333.0139448174615,10.719684685248644,True,True,XOM-2025-02-05,50,SKIP,90,45
60-74,63,2025-02-06,144.70733114698626,7.235366557349314,2025-03-19,420,155.88202,29,3.617683278674657,2025-03-03,408,151.64414,3.7911034999999997,346.8404426506865,TP1,1,339.43165587201185,0.3468071640515913,50,-0.47129772599365743,Risk-on,90,1.1563790470420425,55,0.9100043222899176,44,6.154846182874777,Energy,2025-02-05,False,70,CVX,890.6513647440247,14.923520557349315,True,True,CVX-2025-02-05,75,WATCH,90,20
60-74,63,2025-02-06,144.70733114698626,7.235366557349314,2025-03-19,420,155.88202,29,3.617683278674657,2025-03-19,420,155.88202,3.8970505000000006,558.7344426506875,TP2,2,551.2197088720128,0.5631971582383262,50,-0.47129772599365743,Risk-on,90,1.1563790470420425,55,0.9100043222899176,44,6.154846182874777,Energy,2025-02-05,False,70,CVX,890.6513647440247,14.923520557349315,True,True,CVX-2025-02-05,75,WATCH,90,20
0-59,58,2025-02-06,357.79407815421075,17.889703907710533,2025-02-24,403,330.63460000000003,12,17.889703907710533,2025-02-24,403,330.63460000000003,16.531730000000003,-2715.947815421072,STOP,1,-2750.3692493287826,-1.0188787457814186,100,-1.013958734899304,Risk-on,90,0.19833905786872433,20,-1.0188787457814186,23,-7.687017246113732,Industrials,2025-02-05,True,100,CAT,-2750.3692493287826,34.42143390771054,False,False,CAT-2025-02-05,50,SKIP,90,45
60-74,74,2025-02-06,1042.1336946830963,52.10668473415482,2025-02-13,397,1063.138165,6,26.053342367077406,2025-02-06,392,1034.24262,25.8560655,-394.55373415481745,TP1,1,-446.46314202189484,-0.027294311771025374,50,-0.0841208978659053,Risk-on,90,0.17524565771079945,60,0.0336929833613502,75,0.5288463276286329,Consumer Staples,2025-02-05,False,25,COST,551.1285773312145,104.54120435915482,True,True,COST-2025-02-05,100,WATCH,90,70
60-74,74,2025-02-06,1042.1336946830963,52.10668473415482,2025-02-13,397,1063.138165,6,26.053342367077406,2025-02-13,397,1063.138165,26.578454125,1050.2235158451867,TP2,2,997.5917193531093,0.06098729513237557,50,-0.0841208978659053,Risk-on,90,0.17524565771079945,60,0.0336929833613502,75,0.5288463276286329,Consumer Staples,2025-02-05,False,25,COST,551.1285773312145,104.54120435915482,True,True,COST-2025-02-05,100,WATCH,90,70
75-89,75,2025-02-06,702.7594291165441,35.137971455827206,2025-03-20,421,583.3447783813477,30,17.568985727913603,2025-02-06,392,714.252695,17.856317375,574.6632941727967,TP1,1,539.237991069883,0.03790525481640445,50,-0.9167553673173207,Risk-on,90,0.24255965985170377,60,-0.38406221540516405,85,-7.774562566518482,Communication Services,2025-02-05,False,25,META,-5463.647150877382,67.5779082903609,True,False,META-2025-02-05,100,BUY,90,70
75-89,75,2025-02-06,702.7594291165441,35.137971455827206,2025-03-20,421,583.3447783813477,30,17.568985727913603,2025-03-20,421,583.3447783813477,14.583619459533692,-5970.732536759817,TIME,2,-6002.885141947265,-0.4219674702215685,50,-0.9167553673173207,Risk-on,90,0.24255965985170377,60,-0.38406221540516405,85,-7.774562566518482,Communication Services,2025-02-05,False,25,META,-5463.647150877382,67.5779082903609,True,False,META-2025-02-05,100,BUY,90,70
75-89,78,2025-02-07,46.27703667926079,2.3138518339630396,2025-02-25,404,42.118930000000006,12,2.3138518339630396,2025-02-25,404,42.118930000000006,2.1059465000000004,-415.8106679260783,STOP,1,-420.23046626004134,-1.015776505842169,100,-1.0549279769403452,Risk-on,90,0.024791670335220728,100,-1.015776505842169,59,-9.080755735778757,Financials,2025-02-06,True,25,BAC,-420.23046626004134,4.4197983339630404,False,False,BAC-2025-02-06,100,BUY,90,70
60-74,74,2025-02-07,640.3283429956163,32.016417149780814,2025-03-10,413,524.1078150000001,21,16.008208574890407,2025-02-07,393,639.1502650000001,15.978756625000003,-58.90389978080748,TP1,1,-90.89086498069788,-0.007838234199684447,50,-1.1216513814620122,Risk-on,90,0.10429414419509207,90,-0.5114792101621887,71,-9.262479528806365,Financials,2025-02-06,True,25,GS,-5931.028168711397,61.09786914978082,True,False,GS-2025-02-06,100,WATCH,90,45
60-74,74,2025-02-07,640.3283429956163,32.016417149780814,2025-03-10,413,524.1078150000001,21,16.008208574890407,2025-03-10,413,524.1078150000001,13.102695375000001,-5811.026399780809,STOP,2,-5840.1373037306985,-0.5036409759625042,50,-1.1216513814620122,Risk-on,90,0.10429414419509207,90,-0.5114792101621887,71,-9.262479528806365,Financials,2025-02-06,True,25,GS,-5931.028168711397,61.09786914978082,True,False,GS-2025-02-06,100,WATCH,90,45
75-89,77,2025-02-07,867.531681897104,43.376584094855204,2025-02-26,405,912.72341,13,21.688292047427602,2025-02-07,393,877.7509050000001,21.943772625,510.961155144804,TP1,1,467.32909047237644,0.026037703989217897,50,-0.18755063006546618,Risk-on,90,0.25933136927210476,90,0.14945308568356053,56,3.092001334699266,Health Care,2025-02-06,False,25,LLY,2682.4091183197447,88.13844196985521,True,True,LLY-2025-02-06,85,BUY,90,100
75-89,77,2025-02-07,867.531681897104,43.376584094855204,2025-02-26,405,912.72341,13,21.688292047427602,2025-02-26,405,912.72341,22.81808525,2259.586405144796,TP2,2,2215.0800278473685,0.12341538169434263,50,-0.18755063006546618,Risk-on,90,0.25933136927210476,90,0.14945308568356053,56,3.092001334699266,Health Care,2025-02-06,False,25,LLY,2682.4091183197447,88.13844196985521,True,True,LLY-2025-02-06,85,BUY,90,100
60-74,66,2025-02-07,147.4085025549466,7.37042512774733,2025-02-19,400,152.073925,8,3.685212563873665,2025-02-11,395,148.51570500000003,3.7128926250000003,55.36012225267086,TP1,1,47.9620170637972,0.031187703024030688,50,-0.08216920083367821,Risk-on,90,0.3719384771368073,100,0.1780056788035847,46,1.8570575908642326,Health Care,2025-02-06,False,25,JNJ,273.74607862759325,14.88516587774733,True,True,JNJ-2025-02-06,85,WATCH,90,20
60-74,66,2025-02-07,147.4085025549466,7.37042512774733,2025-02-19,400,152.073925,8,3.685212563873665,2025-02-19,400,152.073925,3.801848125,233.27112225266973,TP2,2,225.78406156379606,0.14681797577955402,50,-0.08216920083367821,Risk-on,90,0.3719384771368073,100,0.1780056788035847,46,1.8570575908642326,Health Care,2025-02-06,False,25,JNJ,273.74607862759325,14.88516587774733,True,True,JNJ-2025-02-06,85,WATCH,90,20
60-74,65,2025-02-07,203.05136686286687,10.152568343143342,2025-03-21,422,202.12558647918704,30,10.152568343143342,2025-03-21,422,202.12558647918704,10.106279323959352,-92.5780383679836,TIME,1,-112.8368860350863,-0.09521001867609953,100,-0.853481356326476,Risk-on,90,0.6085084611842124,20,-0.09521001867609953,39,-0.555706114065669,Industrials,2025-02-06,False,100,HON,-112.8368860350863,20.258847667102692,False,False,HON-2025-02-06,40,WATCH,90,100
60-74,72,2025-02-07,447.7748519597351,22.388742597986756,2025-03-21,422,450.57922415161136,30,11.194371298993378,2025-02-11,395,452.19379000000004,11.30484475,220.94690201324738,TP1,1,198.447685964254,0.03736903100958085,50,-0.14672452076436154,Risk-on,90,0.2854229319010943,90,0.059543983644853624,48,0.7061750839096205,Materials,2025-02-06,False,25,LIN,316.2074436552838,44.95806795177704,True,False,LIN-2025-02-06,85,WATCH,90,70
60-74,72,2025-02-07,447.7748519597351,22.388742597986756,2025-03-21,422,450.57922415161136,30,11.194371298993378,2025-03-21,422,450.57922415161136,11.264480603790282,140.21860959381343,TIME,2,117.75975769102976,0.022174952635272773,50,-0.14672452076436154,Risk-on,90,0.2854229319010943,90,0.059543983644853624,48,0.7061750839096205,Materials,2025-02-06,False,25,LIN,316.2074436552838,44.95806795177704,True,False,LIN-2025-02-06,85,WATCH,90,70
60-74,67,2025-02-10,268.15018380991006,13.407509190495501,2025-03-10,413,226.14687,20,6.70375459524775,2025-02-14,398,270.214825,6.755370625,103.2320595044979,TP1,1,89.77293428425016,0.021430541983683618,50,-1.1025582293869363,Risk-on,90,0.09179392258625849,60,-0.482869731900764,80,-7.543348111185388,Financials,2025-02-07,True,25,JPM,-2022.7501825564998,25.8165515654955,True,False,JPM-2025-02-07,100,WATCH,90,20
60-74,67,2025-02-10,268.15018380991006,13.407509190495501,2025-03-10,413,226.14687,20,6.70375459524775,2025-03-10,413,226.14687,5.653671750000001,-2100.1656904955025,STOP,2,-2112.52311684075,-0.5043002738844475,50,-1.1025582293869363,Risk-on,90,0.09179392258625849,60,-0.482869731900764,80,-7.543348111185388,Financials,2025-02-07,True,25,JPM,-2022.7501825564998,25.8165515654955,True,False,JPM-2025-02-07,100,WATCH,90,20
60-74,70,2025-02-12,330.10497244262694,16.505248622131347,2025-02-25,404,298.000925,9,16.505248622131347,2025-02-25,404,298.000925,14.900046249999999,-3210.404744262695,STOP,1,-3241.810039134826,-1.0144931418593088,100,-1.028164630766491,Risk-on,90,1.1652341106573223,20,-1.0144931418593088,46,-9.820542887151634,Consumer Discretionary,2025-02-11,True,100,TSLA,-3241.810039134826,31.405294872131346,False,False,TSLA-2025-02-11,65,WATCH,70,100
75-89,78,2025-02-12,64.1283135812022,3.2064156790601106,2025-02-13,397,66.456755,2,1.6032078395300553,2025-02-12,396,64.82757000000001,1.62068925,34.96282093989009,TP1,1,31.738923850360035,0.047172182846877596,50,-0.0047631746555004606,Risk-on,90,0.3855790109605592,90,0.21535317331305145,63,2.2594757289577756,Consumer Staples,2025-02-11,False,25,KO,144.8963680757197,6.488523804060111,True,True,KO-2025-02-11,85,BUY,90,100
75-89,78,2025-02-12,64.1283135812022,3.2064156790601106,2025-02-13,397,66.456755,2,1.6032078395300553,2025-02-13,397,66.456755,1.661418875,116.42207093988972,TP2,2,113.15744422535967,0.16818099046617388,50,-0.0047631746555004606,Risk-on,90,0.3855790109605592,90,0.21535317331305145,63,2.2594757289577756,Consumer Staples,2025-02-11,False,25,KO,144.8963680757197,6.488523804060111,True,True,KO-2025-02-11,85,BUY,90,100
60-74,71,2025-02-12,108.91350987240101,5.445675493620051,2025-03-03,408,113.41326500000001,13,2.7228377468100255,2025-02-21,402,110.76459,2.76911475,92.55400637994953,TP1,1,87.0620538831395,0.07970153815039584,50,-0.28353518107196024,Risk-on,90,0.4361312816115981,100,0.28057981772475105,58,2.8140828557481403,Utilities,2025-02-11,False,25,DUK,306.49164089127953,11.050121868620051,True,True,DUK-2025-02-11,100,WATCH,90,20
60-74,71,2025-02-12,108.91350987240101,5.445675493620051,2025-03-03,408,113.41326500000001,13,2.7228377468100255,2025-03-03,408,113.41326500000001,2.8353316250000002,224.9877563799501,TP2,2,219.42958700814006,0.20087827957435525,50,-0.28353518107196024,Risk-on,90,0.4361312816115981,100,0.28057981772475105,58,2.8140828557481403,Utilities,2025-02-11,False,25,DUK,306.49164089127953,11.050121868620051,True,True,DUK-2025-02-11,100,WATCH,90,20
75-89,76,2025-02-13,102.65845229867367,5.132922614933683,2025-03-10,413,86.84655500000001,17,2.5664613074668416,2025-02-13,397,102.45874500000001,2.561468625,-9.985364933682916,TP1,1,-15.113294866149758,-0.009584513800013832,50,-1.0913178833902628,Risk-on,90,0.07808608322073737,90,-0.5139666021949845,92,-7.894584097414552,Consumer Staples,2025-02-12,True,25,WMT,-810.4457849822995,9.865555114933684,True,False,WMT-2025-02-12,100,BUY,90,45
75-89,76,2025-02-13,102.65845229867367,5.132922614933683,2025-03-10,413,86.84655500000001,17,2.5664613074668416,2025-03-10,413,86.84655500000001,2.1711638750000004,-790.5948649336829,STOP,2,-795.3324901161498,-0.5043820883949706,50,-1.0913178833902628,Risk-on,90,0.07808608322073737,90,-0.5139666021949845,92,-7.894584097414552,Consumer Staples,2025-02-12,True,25,WMT,-810.4457849822995,9.865555114933684,True,False,WMT-2025-02-12,100,BUY,90,45
60-74,70,2025-02-14,1069.595761778834,53.4797880889417,2025-03-13,416,886.7963800000001,19,53.4797880889417,2025-03-13,416,886.7963800000001,44.339819000000006,-18279.93817788339,STOP,1,-18377.75778497233,-1.007796935271032,100,-1.0322779879384685,Risk-on,90,0.0025692552142706723,60,-1.007796935271032,79,-17.181965787157257,Consumer Staples,2025-02-13,True,25,COST,-18377.75778497233,97.81960708894171,False,False,COST-2025-02-13,100,WATCH,90,45
75-89,75,2025-02-14,66.51622781121526,3.3258113905607627,2025-02-21,402,68.375795,5,1.6629056952803813,2025-02-14,398,66.68664,1.667166,8.520609439236893,TP1,1,5.1905377439565115,0.005675058451520074,50,-0.10214741782451739,Risk-on,90,0.23111483330643187,60,0.10364556686054964,68,1.4251649519567224,Consumer Staples,2025-02-13,False,25,KO,94.79659661291299,6.702372265560763,True,True,KO-2025-02-13,100,BUY,90,85
75-89,75,2025-02-14,66.51622781121526,3.3258113905607627,2025-02-21,402,68.375795,5,1.6629056952803813,2025-02-21,402,68.375795,1.7093948749999999,92.97835943923687,TP2,2,89.60605886895648,0.09797050840902956,50,-0.10214741782451739,Risk-on,90,0.23111483330643187,60,0.10364556686054964,68,1.4251649519567224,Consumer Staples,2025-02-13,False,25,KO,94.79659661291299,6.702372265560763,True,True,KO-2025-02-13,100,BUY,90,85
60-74,70,2025-02-20,151.8983911418221,7.594919557091105,2025-02-21,402,156.56168,2,3.7974597785455524,2025-02-20,401,153.053435,3.826335875,57.75219290889595,TP1,1,50.1283972553504,0.02718696922620805,50,-0.004117020805505309,Risk-on,90,0.3400378399481509,100,0.14946062065069485,51,1.8142479081848855,Health Care,2025-02-19,False,25,JNJ,275.58133838570023,15.335297432091105,True,True,JNJ-2025-02-19,85,WATCH,90,45
60-74,70,2025-02-20,151.8983911418221,7.594919557091105,2025-02-21,402,156.56168,2,3.7974597785455524,2025-02-21,402,156.56168,3.914042,233.16444290889535,TP2,2,225.4529411303498,0.12227365142448679,50,-0.004117020805505309,Risk-on,90,0.3400378399481509,100,0.14946062065069485,51,1.8142479081848855,Health Care,2025-02-19,False,25,JNJ,275.58133838570023,15.335297432091105,True,True,JNJ-2025-02-19,85,WATCH,90,45
0-59,58,2025-02-24,449.6078760108757,22.480393800543784,2025-04-04,432,507.4966130371094,30,11.240196900271892,2025-04-04,432,533.1133100000001,13.32783275,4175.271699456218,TP1,1,4150.7036698059455,0.8592188298387379,50,-0.33574254695530675,Risk-on,90,1.737878617136074,20,1.4534302661766216,6,15.616303191097995,Health Care,2025-02-21,False,100,UNH,7021.21290889143,48.495641876471524,True,False,UNH-2025-02-21,25,SKIP,90,100
0-59,58,2025-02-24,449.6078760108757,22.480393800543784,2025-04-04,432,507.4966130371094,30,11.240196900271892,2025-04-04,432,507.4966130371094,12.687415325927736,2894.436851311684,TIME,2,2870.5092390854848,0.5942114363378838,50,-0.33574254695530675,Risk-on,90,1.737878617136074,20,1.4534302661766216,6,15.616303191097995,Health Care,2025-02-21,False,100,UNH,7021.21290889143,48.495641876471524,True,False,UNH-2025-02-21,25,SKIP,90,100
75-89,75,2025-02-24,157.44394055481445,7.8721970277407225,2025-03-04,409,161.83903999999998,7,3.9360985138703612,2025-02-24,403,158.090915,3.9522728749999994,32.34872225927745,TP1,1,24.46035087040709,0.01217299852345112,50,-0.04964928592944516,Risk-on,90,0.3479918695342754,90,0.11756442096132944,60,1.5004276937134233,Health Care,2025-02-21,False,25,JNJ,236.23324861581358,15.870445902740721,True,True,JNJ-2025-02-21,85,BUY,90,85
75-89,75,2025-02-24,157.44394055481445,7.8721970277407225,2025-03-04,409,161.83903999999998,7,3.9360985138703612,2025-03-04,409,161.83903999999998,4.045976,219.75497225927683,TP2,2,211.77289774540648,0.1053914224378783,50,-0.04964928592944516,Risk-on,90,0.3479918695342754,90,0.11756442096132944,60,1.5004276937134233,Health Care,2025-02-21,False,25,JNJ,236.23324861581358,15.870445902740721,True,True,JNJ-2025-02-21,85,BUY,90,85
75-89,76,2025-02-24,67.93553003895276,3.3967765019476386,2025-04-03,431,70.254855,29,1.6983882509738195,2025-02-24,403,68.595685,1.714892125,33.00774805236202,TP1,1,29.5944676763882,0.02838653532800231,50,-0.201557300184192,Risk-on,90,0.33284991743453296,60,0.1363057375230113,73,2.0917766597433785,Consumer Staples,2025-02-21,False,25,KO,142.10595610277656,6.868040001947639,True,True,KO-2025-02-21,100,BUY,90,85
75-89,76,2025-02-24,67.93553003895276,3.3967765019476386,2025-04-03,431,70.254855,29,1.6983882509738195,2025-04-03,431,70.254855,1.7563713750000003,115.96624805236218,TP2,2,112.51148842638835,0.107919202195009,50,-0.201557300184192,Risk-on,90,0.33284991743453296,60,0.1363057375230113,73,2.0917766597433785,Consumer Staples,2025-02-21,False,25,KO,142.10595610277656,6.868040001947639,True,True,KO-2025-02-21,100,BUY,90,85
60-74,69,2025-02-24,181.13489391999227,9.056744695999614,2025-02-26,405,171.71410000000003,3,9.056744695999614,2025-02-26,405,171.71410000000003,8.585705000000003,-942.0793919992235,STOP,1,-959.7218416952231,-1.0281014973719376,100,-1.1190725371951107,Risk-on,90,0.11072390708704292,20,-1.0281014973719376,66,-5.2983818905656825,Communication Services,2025-02-21,True,100,GOOGL,-959.7218416952231,17.642449695999616,False,False,GOOGL-2025-02-21,65,WATCH,90,70
0-59,49,2025-02-25,335.27829283946664,16.763914641973333,2025-03-04,409,319.730055,6,16.763914641973333,2025-03-04,409,319.730055,15.98650275,-1554.8237839466651,STOP,1,-1587.5742013386384,-1.0316766244966145,100,-1.436290235860627,Defensive,35,0.4859639922711535,20,-1.0316766244966145,17,-4.735093906299442,Industrials,2025-02-24,True,100,CAT,-1587.5742013386384,32.75041739197333,False,False,CAT-2025-02-24,40,SKIP,90,45
60-74,60,2025-02-25,187.23287538293536,9.361643769146767,2025-02-25,404,190.38476,1,4.680821884573383,2025-02-25,404,183.36827000000002,4.584206750000001,-193.2302691467669,TP1,1,-202.49529778134027,-0.1045791463182172,50,-0.12667630837041752,Defensive,35,0.4238253214368368,100,-0.02806479241227431,36,-0.29023486234209955,Real Estate,2025-02-24,False,25,AMT,-54.341507812681726,18.705469519146767,True,True,AMT-2025-02-24,60,WATCH,90,70
60-74,60,2025-02-25,187.23287538293536,9.361643769146767,2025-02-25,404,190.38476,1,4.680821884573383,2025-02-25,404,190.38476,4.759619,157.59423085323192,TP2,2,148.15378996865854,0.07651435390594288,50,-0.12667630837041752,Defensive,35,0.4238253214368368,100,-0.02806479241227431,36,-0.29023486234209955,Real Estate,2025-02-24,False,25,AMT,-54.341507812681726,18.705469519146767,True,True,AMT-2025-02-24,60,WATCH,90,70
0-59,55,2025-02-26,394.3295760542189,19.71647880271094,2025-03-04,409,382.10885,5,19.71647880271094,2025-03-04,409,382.10885,19.105442500000002,-1222.0726054218858,STOP,1,-1260.8945267245967,-1.0481620641006641,100,-1.4166240796003533,Defensive,35,0.6199406690217564,20,-1.0481620641006641,38,-3.197565192399437,Technology,2025-02-25,True,100,MSFT,-1260.8945267245967,38.82192130271095,False,False,MSFT-2025-02-25,40,SKIP,90,70
60-74,65,2025-02-26,215.04747244262694,10.752373622131346,2025-03-07,412,197.11139500000002,8,10.752373622131348,2025-03-07,412,197.11139500000002,9.85556975,-1793.6077442626924,STOP,1,-1814.2156876348238,-1.017081143906532,100,-1.2623690792378826,Defensive,35,0.2759655996055034,20,-1.017081143906532,56,-8.43634973723694,Consumer Discretionary,2025-02-25,True,100,AMZN,-1814.2156876348238,20.607943372131345,False,False,AMZN-2025-02-25,65,WATCH,90,85
0-59,57,2025-02-26,303.8618464508057,15.193092322540283,2025-03-04,409,272.733565,5,15.193092322540283,2025-03-04,409,272.733565,13.636678250000001,-3112.828145080567,STOP,1,-3141.6579156531075,-1.013704659591664,100,-1.355900177797333,Defensive,35,0.1657904945208825,20,-1.013704659591664,31,-10.339099667656802,Consumer Discretionary,2025-02-25,True,100,TSLA,-3141.6579156531075,28.829770572540284,False,False,TSLA-2025-02-25,40,SKIP,70,100
0-59,57,2025-02-26,380.403052725062,19.0201526362531,2025-03-11,414,352.853485,10,19.0201526362531,2025-03-11,414,352.853485,17.64267425,-2754.9567725062047,STOP,1,-2791.6195993924575,-1.0198422614502634,100,-1.0440227574420173,Defensive,35,0.12062540037529342,20,-1.0198422614502634,36,-7.3385835875773395,Consumer Discretionary,2025-02-25,True,70,HD,-2791.6195993924575,36.6628268862531,False,False,HD-2025-02-25,50,SKIP,90,100
60-74,61,2025-02-26,42.60117680266251,2.1300588401331253,2025-03-04,409,40.75961,5,2.1300588401331253,2025-03-04,409,40.75961,2.0379805,-184.15668026625056,STOP,1,-188.3247196063837,-1.0340825741413933,100,-1.0787770461064652,Defensive,35,1.5385132957331613,20,-1.0340825741413933,37,-4.420645947851227,Financials,2025-02-25,True,100,BAC,-188.3247196063837,4.1680393401331255,False,False,BAC-2025-02-25,65,WATCH,90,70
0-59,56,2025-02-26,68.10443265325912,3.4052216326629563,2025-03-10,413,71.874045,9,1.7026108163314781,2025-03-04,409,69.65515500000001,1.7413788749999999,77.53611733704417,TP1,1,74.09212764571271,0.13760433534416244,50,-0.3401781060931279,Defensive,35,1.0109756198726398,70,0.4811524253806224,35,3.8040590450323193,Utilities,2025-02-25,False,25,NEE,259.0732830414248,6.943451632662956,True,True,NEE-2025-02-25,50,SKIP,90,85
0-59,56,2025-02-26,68.10443265325912,3.4052216326629563,2025-03-10,413,71.874045,9,1.7026108163314781,2025-03-10,413,71.874045,1.7968511249999999,188.48061733704355,TP2,2,184.98115539571208,0.3435480900364599,50,-0.3401781060931279,Defensive,35,1.0109756198726398,70,0.4811524253806224,35,3.8040590450323193,Utilities,2025-02-25,False,25,NEE,259.0732830414248,6.943451632662956,True,True,NEE-2025-02-25,50,SKIP,90,85
60-74,67,2025-02-26,193.94449355485688,9.697224677742845,2025-03-04,409,202.03893,5,4.848612338871423,2025-02-28,407,195.34228000000002,4.883557000000001,69.889322257157,TP1,1,60.15715291828558,0.022326325338351726,50,-0.18856276790746185,Defensive,35,0.3677409465949066,90,0.16885802238600908,49,2.3459257916898775,Real Estate,2025-02-25,False,25,AMT,454.97938958657,19.631754927742847,True,True,AMT-2025-02-25,70,WATCH,90,100
60-74,67,2025-02-26,193.94449355485688,9.697224677742845,2025-03-04,409,202.03893,5,4.848612338871423,2025-03-04,409,202.03893,5.05097325,404.72182225715585,TP2,2,394.8222366682844,0.14653169704765737,50,-0.18856276790746185,Defensive,35,0.3677409465949066,90,0.16885802238600908,49,2.3459257916898775,Real Estate,2025-02-25,False,25,AMT,454.97938958657,19.631754927742847,True,True,AMT-2025-02-25,70,WATCH,90,100
60-74,70,2025-02-27,907.8813416819115,45.39406708409558,2025-04-04,432,761.69896,27,22.697033542047794,2025-02-27,406,913.62296,22.840574,287.08091590442564,TP1,1,241.54330836237784,0.016566603954121528,50,-1.2334208857452311,Defensive,35,0.13220739900713516,90,-0.4876028712263383,83,-7.830665701428289,Health Care,2025-02-26,True,25,LLY,-7109.315283275243,87.27711508409558,True,False,LLY-2025-02-26,100,WATCH,90,45
60-74,70,2025-02-27,907.8813416819115,45.39406708409558,2025-04-04,432,761.69896,27,22.697033542047794,2025-04-04,432,761.69896,19.042474000000002,-7309.119084095573,STOP,2,-7350.8585916376205,-0.5041694751804598,50,-1.2334208857452311,Defensive,35,0.13220739900713516,90,-0.4876028712263383,83,-7.830665701428289,Health Care,2025-02-26,True,25,LLY,-7109.315283275243,87.27711508409558,True,False,LLY-2025-02-26,100,WATCH,90,45
0-59,56,2025-02-27,173.1724880770263,8.658624403851313,2025-03-04,409,164.87752,4,8.658624403851313,2025-03-04,409,164.87752,8.243876,-829.4968077026283,STOP,1,-846.3993081064796,-1.030624702487189,100,-1.0026198328145992,Defensive,35,0.05850692047794364,20,-1.030624702487189,55,-4.887608404228767,Communication Services,2025-02-26,True,100,GOOGL,-846.3993081064796,16.902500403851313,False,False,GOOGL-2025-02-26,40,SKIP,90,70
60-74,74,2025-02-28,351.5223414914552,17.57611707457276,2025-03-11,414,328.73555,8,8.78805853728638,2025-02-28,407,356.71155500000003,8.917788875,259.4606754272405,TP1,1,241.75482801495411,0.10686551969267553,50,-1.1080817375411398,Defensive,35,0.5102105223732806,80,-0.40428670665702177,81,-2.601801040481877,Financials,2025-02-27,True,25,V,-914.5911938450939,34.71229469957276,True,False,V-2025-02-27,100,WATCH,90,85
60-74,74,2025-02-28,351.5223414914552,17.57611707457276,2025-03-11,414,328.73555,8,8.78805853728638,2025-03-11,414,328.73555,8.218388749999999,-1139.3395745727616,STOP,2,-1156.346021860048,-0.5111522263496973,50,-1.1080817375411398,Defensive,35,0.5102105223732806,80,-0.40428670665702177,81,-2.601801040481877,Financials,2025-02-27,True,25,V,-914.5911938450939,34.71229469957276,True,False,V-2025-02-27,100,WATCH,90,85
60-74,73,2025-03-04,114.26132809780684,5.713066404890342,2025-03-31,428,116.511715,20,2.856533202445171,2025-03-04,409,113.62316000000001,2.840579,-31.908404890341302,TP1,1,-37.60551709278647,-0.03366253033081108,50,-0.473103333572658,Defensive,35,0.2717419432881905,100,0.061894612112413636,67,0.6051435169757435,Utilities,2025-03-03,False,25,DUK,69.14450193942618,11.466438279890342,True,True,DUK-2025-03-03,100,WATCH,90,70
60-74,73,2025-03-04,114.26132809780684,5.713066404890342,2025-03-31,428,116.511715,20,2.856533202445171,2025-03-31,428,116.511715,2.912792875,112.51934510965782,TP2,2,106.75001903221265,0.09555714244322472,50,-0.473103333572658,Defensive,35,0.2717419432881905,100,0.061894612112413636,67,0.6051435169757435,Utilities,2025-03-03,False,25,DUK,69.14450193942618,11.466438279890342,True,True,DUK-2025-03-03,100,WATCH,90,70
0-59,53,2025-03-05,385.7397291820391,19.286986459101957,2025-03-31,428,365.87697000000003,19,19.286986459101957,2025-03-31,428,365.87697000000003,18.2938485,-1986.27591820391,STOP,1,-2023.8567531630117,-1.0283966483695832,100,-1.121839849237339,Defensive,35,0.6347873867370363,20,-1.0283966483695832,38,-5.246689931199461,Technology,2025-03-04,True,100,MSFT,-2023.8567531630117,37.580834959101956,False,False,MSFT-2025-03-04,25,SKIP,90,85
60-74,62,2025-03-05,189.5386752667108,9.476933763335541,2025-03-31,428,164.34778500000002,19,9.476933763335541,2025-03-31,428,164.34778500000002,8.21738925,-2519.0890266710794,STOP,1,-2536.783349684415,-1.0103214617012048,100,-1.2131832737033845,Defensive,35,0.3155490942686791,20,-1.0103214617012048,80,-13.383987970343048,Technology,2025-03-04,True,100,AVGO,-2536.783349684415,17.69432301333554,False,False,AVGO-2025-03-04,50,WATCH,70,85
0-59,52,2025-03-05,273.0564734344482,13.652823671722409,2025-03-10,413,236.52168,4,13.652823671722409,2025-03-10,413,236.52168,11.826084000000002,-3653.47934344482,STOP,1,-3678.958251116542,-1.0102456125354593,100,-1.4569360630142554,Defensive,35,0.17831255325173778,20,-1.0102456125354593,12,-13.473250440992523,Consumer Discretionary,2025-03-04,True,100,TSLA,-3678.958251116542,25.47890767172241,False,False,TSLA-2025-03-04,40,SKIP,70,85
60-74,62,2025-03-05,41.25659199358665,2.0628295996793327,2025-03-10,413,39.14042,4,2.0628295996793327,2025-03-10,413,39.14042,1.957021,-211.61719935866543,STOP,1,-215.63704995834476,-1.02851222659423,100,-1.4960061159131552,Defensive,35,0.02705712781532704,20,-1.02851222659423,45,-5.226729585222783,Financials,2025-03-04,True,100,BAC,-215.63704995834476,4.019850599679333,False,False,BAC-2025-03-04,50,WATCH,90,100
75-89,77,2025-03-05,159.21505115838346,7.960752557919173,2025-04-09,435,141.38927,26,7.960752557919173,2025-04-09,435,141.38927,7.069463500000001,-1782.578115838345,STOP,1,-1797.6083318962642,-1.0124489734559183,100,-1.2581119400281768,Defensive,35,0.289176298786844,100,-1.0124489734559183,81,-11.290442196372783,Health Care,2025-03-04,True,25,JNJ,-1797.6083318962642,15.030216057919175,False,False,JNJ-2025-03-04,100,BUY,90,85
0-59,56,2025-03-05,323.5976512115658,16.17988256057829,2025-04-03,431,301.52916000000005,22,16.17988256057829,2025-04-03,431,301.52916000000005,15.076458000000002,-2206.8491211565743,STOP,1,-2238.1054617171526,-1.0211429318375689,100,-1.0888545679883121,Defensive,35,1.0368853436814063,20,-1.0211429318375689,24,-6.916321714133504,Industrials,2025-03-04,True,100,CAT,-2238.1054617171526,31.25634056057829,False,False,CAT-2025-03-04,40,SKIP,90,85
60-74,74,2025-03-05,193.7643808548324,9.68821904274162,2025-04-03,431,210.864515,22,4.84410952137081,2025-03-10,413,203.748075,5.093701875,499.1847072583795,TP1,1,489.24689586200867,0.18043815880634928,50,-0.06262671728288915,Defensive,35,0.9269951674088576,100,0.4920406952557222,61,6.885361875274432,Real Estate,2025-03-04,False,25,AMT,1334.137880724018,20.053533792741618,True,True,AMT-2025-03-04,85,WATCH,90,100
60-74,74,2025-03-05,193.7643808548324,9.68821904274162,2025-04-03,431,210.864515,22,4.84410952137081,2025-04-03,431,210.864515,5.271612875000001,855.0067072583801,TP2,2,844.8909848620093,0.31160253644937286,50,-0.06262671728288915,Defensive,35,0.9269951674088576,100,0.4920406952557222,61,6.885361875274432,Real Estate,2025-03-04,False,25,AMT,1334.137880724018,20.053533792741618,True,True,AMT-2025-03-04,85,WATCH,90,100
0-59,59,2025-03-05,169.7187940048917,8.485939700244584,2025-03-18,419,158.56068,10,8.485939700244584,2025-03-18,419,158.56068,7.928033999999999,-1115.81140048917,STOP,1,-1132.2253741894147,-1.0219752923373198,100,-1.2305988414343518,Defensive,35,0.3919265606643052,20,-1.0219752923373198,56,-6.671184419073714,Communication Services,2025-03-04,True,100,GOOGL,-1132.2253741894147,16.413973700244583,False,False,GOOGL-2025-03-04,40,SKIP,90,85
60-74,63,2025-03-06,233.32440667370315,11.666220333685159,2025-03-11,414,218.15087,4,11.666220333685157,2025-03-11,414,218.15087,10.9075435,-1517.3536673703154,STOP,1,-1539.9274312040006,-1.0222290625571997,100,-1.1296381148577286,Defensive,35,0.4498652944688176,55,-1.0222290625571997,51,-6.599941485579521,Technology,2025-03-05,True,70,AAPL,-1539.9274312040006,22.573763833685156,False,False,AAPL-2025-03-05,65,WATCH,90,70
0-59,55,2025-03-07,148.148965933772,7.4074482966886,2025-03-11,414,138.1309,3,7.4074482966886,2025-03-11,414,138.1309,6.9065449999999995,-1001.8065933771993,STOP,1,-1016.1205866738879,-1.0213328635739343,100,-1.2841257663704013,Defensive,35,0.5716116804967927,20,-1.0213328635739343,19,-6.858776099241429,Technology,2025-03-06,True,100,ORCL,-1016.1205866738879,14.3139932966886,False,False,ORCL-2025-03-06,40,SKIP,90,85
0-59,53,2025-03-10,109.79096890392273,5.489548445196137,2025-04-04,432,98.47074,20,5.489548445196138,2025-04-04,432,98.47074,4.9235370000000005,-1132.0228903922725,STOP,1,-1142.4359758374685,-1.0136093760669116,100,-1.5801543402656466,Defensive,35,1.1469329898959082,20,-1.0136093760669116,21,-10.405555094765633,Technology,2025-03-07,True,100,NVDA,-1142.4359758374685,10.413085445196138,False,False,NVDA-2025-03-07,40,SKIP,70,85
0-59,57,2025-03-10,195.69780610656736,9.78489030532837,2025-04-03,431,183.64813,19,9.78489030532837,2025-04-03,431,183.64813,9.1824065,-1204.9676106567347,STOP,1,-1223.9349074620632,-1.0235447008877874,100,-1.57033888744099,Defensive,35,0.8791077990072464,20,-1.0235447008877874,35,-6.254208628151757,Consumer Discretionary,2025-03-07,True,100,AMZN,-1223.9349074620632,18.96729680532837,False,False,AMZN-2025-03-07,40,SKIP,90,85
60-74,71,2025-03-10,188.06350618066804,9.403175309033402,2025-04-04,432,178.77057000000002,20,4.701587654516701,2025-03-25,424,210.31479,5.257869749999999,1112.5641909665974,TP1,1,1102.6047335620806,1.1980268301205714,50,-2.5772066534719413,Defensive,35,2.689560168893119,40,0.6832038358869477,86,3.3434826638832438,Industrials,2025-03-07,True,85,GE,628.7870726241629,19.1303093090334,True,False,GE-2025-03-07,65,WATCH,90,100
60-74,71,2025-03-10,188.06350618066804,9.403175309033402,2025-04-04,432,178.77057000000002,20,4.701587654516701,2025-04-04,432,178.77057000000002,4.46926425,-464.6468090334011,STOP,2,-473.81766093791776,-0.5148229942336238,50,-2.5772066534719413,Defensive,35,2.689560168893119,40,0.6832038358869477,86,3.3434826638832438,Industrials,2025-03-07,True,85,GE,628.7870726241629,19.1303093090334,True,False,GE-2025-03-07,65,WATCH,90,100
0-59,48,2025-03-11,225.42265255737303,11.271132627868653,2025-04-22,443,237.8510162200928,30,11.271132627868653,2025-04-22,443,237.8510162200928,11.89255081100464,1242.8363662719762,TIME,1,1219.672682833103,0.351970943873269,100,-0.32241839319154314,Defensive,15,1.916948592496966,20,0.351970943873269,0,5.410603898925731,Consumer Discretionary,2025-03-10,False,100,TSLA,1219.672682833103,23.163683438873292,False,False,TSLA-2025-03-10,40,SKIP,40,100
60-74,65,2025-03-11,225.0364254458754,11.25182127229377,2025-04-04,432,213.33328,19,11.25182127229377,2025-04-04,432,213.33328,10.666664,-1170.3145445875407,STOP,1,-1192.2330298598345,-1.0281039061772996,100,-1.811876767287853,Defensive,15,1.9085595934644235,20,-1.0281039061772996,56,-5.29795577537106,Financials,2025-03-10,True,100,JPM,-1192.2330298598345,21.918485272293772,False,False,JPM-2025-03-10,65,WATCH,90,100
0-59,57,2025-03-11,38.645319107308076,1.932265955365404,2025-04-03,431,36.551715,18,1.932265955365404,2025-04-03,431,36.551715,1.8275857500000001,-209.36041073080744,STOP,1,-213.12026243617285,-1.0269276743305948,100,-1.2657373369631875,Defensive,15,1.8753457365959145,20,-1.0269276743305948,39,-5.514775588846682,Financials,2025-03-10,True,100,BAC,-213.12026243617285,3.759851705365404,False,False,BAC-2025-03-10,40,SKIP,90,100
0-59,58,2025-03-11,519.6334002800393,25.981670014001963,2025-04-04,432,484.57759000000004,19,25.981670014001967,2025-04-04,432,484.57759000000004,24.228879500000005,-3505.5810280039223,STOP,1,-3555.791577517924,-1.0213858884553384,100,-2.037928973281408,Defensive,15,1.6783919366277849,20,-1.0213858884553384,46,-6.842884956204985,Financials,2025-03-10,True,100,GS,-3555.791577517924,50.21054951400197,False,False,GS-2025-03-10,40,SKIP,90,100
60-74,65,2025-03-11,86.16401166337413,4.3082005831687065,2025-04-04,432,82.17889000000001,19,4.3082005831687065,2025-04-04,432,82.17889000000001,4.108944500000001,-398.5121663374116,STOP,1,-406.9293114205803,-1.0317649798034565,100,-1.1148539206156072,Defensive,15,0.7664453587157072,20,-1.0317649798034565,50,-4.722729403667661,Consumer Staples,2025-03-10,True,100,WMT,-406.9293114205803,8.417145083168707,False,False,WMT-2025-03-10,65,WATCH,90,100
60-74,69,2025-03-11,73.20857066283143,3.660428533141572,2025-04-07,433,62.338815000000004,20,3.660428533141572,2025-04-07,433,62.338815000000004,3.11694075,-1086.975566283143,STOP,1,-1093.7529355662846,-1.0091302345954865,100,-1.0680708400166072,Defensive,15,0.028645417889138047,100,-1.0091302345954865,71,-14.940230708828626,Utilities,2025-03-10,True,25,NEE,-1093.7529355662846,6.777369283141572,False,False,NEE-2025-03-10,70,WATCH,90,100
0-59,58,2025-03-12,219.0924555511944,10.95462277755972,2025-03-13,416,207.626135,2,10.95462277755972,2025-03-13,416,207.626135,10.38130675,-1146.6320551194399,STOP,1,-1167.9679846469996,-1.0279186390517703,100,-1.0356842389705594,Defensive,15,0.13131379114603314,20,-1.0279186390517703,46,-5.330936575194327,Technology,2025-03-11,True,100,AAPL,-1167.9679846469996,21.33592952755972,False,False,AAPL-2025-03-11,40,SKIP,90,100
0-59,54,2025-03-12,143.83099481226972,7.191549740613486,2025-04-04,432,126.25684,18,7.191549740613486,2025-04-04,432,126.25684,6.312842,-1757.4154812269726,STOP,1,-1770.9198729675861,-1.0113188268017335,100,-1.0865233736442164,Defensive,15,0.5780880291620678,20,-1.0113188268017335,28,-12.312505209875077,Technology,2025-03-11,True,100,ORCL,-1770.9198729675861,13.504391740613485,False,False,ORCL-2025-03-11,40,SKIP,70,100
0-59,53,2025-03-12,358.0066157329197,17.900330786645988,2025-03-13,416,340.50966000000005,2,17.900330786645988,2025-03-13,416,340.50966000000005,17.025483000000005,-1749.6955732919673,STOP,1,-1784.6213870786132,-1.0299884377812571,100,-1.3716247374268866,Defensive,15,0.0,20,-1.0299884377812571,41,-4.984883822398347,Consumer Discretionary,2025-03-11,True,100,HD,-1784.6213870786132,34.92581378664599,False,False,HD-2025-03-11,40,SKIP,90,70
60-74,68,2025-03-12,332.95070865327733,16.647535432663865,2025-04-04,432,317.72106,18,16.647535432663865,2025-04-04,432,317.72106,15.886053000000002,-1522.9648653277309,STOP,1,-1555.4984537603948,-1.032133584124546,100,-1.5785715514120067,Defensive,15,1.0333272231656387,40,-1.032133584124546,78,-4.671858065874352,Financials,2025-03-11,True,100,V,-1555.4984537603948,32.53358843266387,False,False,V-2025-03-11,65,WATCH,90,85
0-59,55,2025-03-14,210.24472734117413,10.512236367058707,2025-04-04,432,198.02094000000002,16,10.512236367058707,2025-04-04,432,198.02094000000002,9.901047,-1222.3787341174102,STOP,1,-1242.792017484469,-1.0250061568511286,100,-1.9703034630937644,Defensive,15,1.170287221279688,20,-1.0250061568511286,36,-5.911168537738078,Technology,2025-03-13,True,100,AAPL,-1242.792017484469,20.413283367058707,False,False,AAPL-2025-03-13,40,SKIP,90,85
0-59,57,2025-03-14,339.6286598228355,16.981432991141777,2025-04-08,434,321.71906,18,16.981432991141777,2025-04-08,434,321.71906,16.085953000000003,-1790.9599822835503,STOP,1,-1824.027368274692,-1.027698646817203,100,-1.150078680690824,Defensive,15,1.171863869107617,20,-1.027698646817203,34,-5.370652079910395,Consumer Discretionary,2025-03-13,True,100,HD,-1824.027368274692,33.06738599114178,False,False,HD-2025-03-13,40,SKIP,90,100
60-74,60,2025-03-14,886.1068552740518,44.30534276370259,2025-04-25,446,969.9405683593751,30,44.30534276370259,2025-04-25,446,969.9405683593751,48.497028417968764,8383.371308532332,TIME,1,8290.568937350661,2.0197817547771133,100,-0.4971012192051025,Defensive,15,2.6048786398799435,20,2.0197817547771133,47,9.356172890442863,Consumer Staples,2025-03-13,False,100,COST,8290.568937350661,92.80237118167136,False,False,COST-2025-03-13,55,WATCH,90,85
60-74,62,2025-03-17,106.08887955103641,5.30444397755182,2025-04-03,431,101.16939,14,5.30444397755182,2025-04-03,431,101.16939,5.0584695,-491.9489551036406,STOP,1,-502.31186858119247,-1.031678568582104,100,-1.850632521811272,Defensive,15,0.6756790973291148,20,-1.031678568582104,69,-4.7348211302349,Real Estate,2025-03-14,True,100,PLD,-502.31186858119247,10.362913477551821,False,False,PLD-2025-03-14,55,WATCH,90,85
0-59,54,2025-03-19,161.18535589896874,8.059267794948436,2025-04-04,432,149.61515500000002,13,8.059267794948436,2025-04-04,432,149.61515500000002,7.480757750000001,-1157.0200898968722,STOP,1,-1172.5601154418207,-1.020029415137127,100,-1.4261569430338457,Defensive,15,0.7614848197061131,20,-1.020029415137127,29,-7.274606982142866,Communication Services,2025-03-18,True,100,GOOGL,-1172.5601154418207,15.540025544948438,False,False,GOOGL-2025-03-18,40,SKIP,90,85
60-74,65,2025-03-20,110.21660056997597,5.510830028498798,2025-03-31,428,115.04245,8,2.755415014249399,2025-03-20,421,111.16439000000001,2.77910975,47.38947150120225,TP1,1,41.854946736952854,0.03011883843548165,50,-0.03920509863163361,Defensive,15,0.3546689628576406,100,0.19970059625480407,77,2.5179141847848205,Energy,2025-03-19,False,25,XOM,277.5159419739052,11.166001028498798,True,True,XOM-2025-03-19,85,WATCH,90,45
60-74,65,2025-03-20,110.21660056997597,5.510830028498798,2025-03-31,428,115.04245,8,2.755415014249399,2025-03-31,428,115.04245,2.8760612500000002,241.2924715012018,TP2,2,235.6609952369524,0.16958175781932244,50,-0.03920509863163361,Defensive,15,0.3546689628576406,100,0.19970059625480407,77,2.5179141847848205,Energy,2025-03-19,False,25,XOM,277.5159419739052,11.166001028498798,True,True,XOM-2025-03-19,85,WATCH,90,45
75-89,76,2025-03-20,154.76549949953085,7.738274974976543,2025-04-04,432,135.95199000000002,12,3.8691374874882714,2025-03-20,421,155.951985,3.8987996250000005,59.32427502345803,TP1,1,51.55633791096975,0.027503315082246862,50,-1.0350582737748302,Defensive,15,0.290788129863153,100,-0.47818788415080343,91,-5.79190502535597,Energy,2025-03-19,True,25,CVX,-896.3870743030596,15.035874349976543,True,False,CVX-2025-03-19,100,BUY,90,85
75-89,76,2025-03-20,154.76549949953085,7.738274974976543,2025-04-04,432,135.95199000000002,12,3.8691374874882714,2025-04-04,432,135.95199000000002,3.3987997500000007,-940.6754749765412,STOP,2,-947.9434122140294,-0.5056911992330503,50,-1.0350582737748302,Defensive,15,0.290788129863153,100,-0.47818788415080343,91,-5.79190502535597,Energy,2025-03-19,True,25,CVX,-896.3870743030596,15.035874349976543,True,False,CVX-2025-03-19,100,BUY,90,85
60-74,60,2025-03-21,581.3574770280359,29.067873851401796,2025-04-03,431,541.319205,10,29.067873851401796,2025-04-03,431,541.319205,27.065960249999996,-4003.8272028035863,STOP,1,-4059.961036904988,-1.0209249719419562,100,-1.3376827856565574,Defensive,15,1.2564553103331502,20,-1.0209249719419562,59,-6.983587890982259,Communication Services,2025-03-20,True,100,META,-4059.961036904988,56.13383410140179,False,False,META-2025-03-20,50,WATCH,90,85
0-59,57,2025-03-24,203.7914556017051,10.189572780085255,2025-04-04,432,192.08391000000003,10,10.189572780085255,2025-04-04,432,192.08391000000003,9.604195500000001,-1170.7545601705078,STOP,1,-1190.548328450593,-1.0253222070416093,100,-1.7435889945633292,Defensive,15,0.4487618339223014,55,-1.0253222070416093,46,-5.841993350189466,Industrials,2025-03-21,True,70,HON,-1190.548328450593,19.793768280085256,False,False,HON-2025-03-21,40,SKIP,90,85
75-89,76,2025-03-24,449.83930620498114,22.491965310249057,2025-04-04,432,430.12483,10,11.245982655124529,2025-04-03,431,462.69853500000005,11.567463375,642.9614397509454,TP1,1,620.1479937208209,0.31803592763849303,50,-1.0203664092514075,Defensive,15,0.739547781814216,70,-0.19876344104712537,78,-0.861585269644608,Materials,2025-03-21,True,50,LIN,-387.574919933362,44.81254943524906,True,False,LIN-2025-03-21,100,BUY,90,100
75-89,76,2025-03-24,449.83930620498114,22.491965310249057,2025-04-04,432,430.12483,10,11.245982655124529,2025-04-04,432,430.12483,10.75312075,-985.7238102490584,STOP,2,-1007.7229136541829,-0.5167993686856184,50,-1.0203664092514075,Defensive,15,0.739547781814216,70,-0.19876344104712537,78,-0.861585269644608,Materials,2025-03-21,True,50,LIN,-387.574919933362,44.81254943524906,True,False,LIN-2025-03-21,100,BUY,90,100
0-59,57,2025-04-01,371.18559179716823,18.559279589858413,2025-04-07,433,352.713555,5,18.559279589858413,2025-04-07,433,352.713555,17.63567775,-1847.2036797168244,STOP,1,-1883.3986370566827,-1.0294275571606224,100,-1.626326786550743,Defensive,15,0.5543877771110457,40,-1.0294275571606224,38,-5.07400793209089,Technology,2025-03-31,True,100,MSFT,-1883.3986370566827,36.19495733985841,False,False,MSFT-2025-03-31,25,SKIP,90,100
0-59,44,2025-04-01,164.85440997744035,8.24272049887202,2025-04-04,432,147.86603,4,8.24272049887202,2025-04-04,432,147.86603,7.3933015,-1698.8379977440359,STOP,1,-1714.474019742908,-1.0136173960721022,100,-1.597522164539202,Defensive,15,0.4085167156538647,20,-1.0136173960721022,3,-10.399928154651892,Technology,2025-03-31,True,100,AVGO,-1714.474019742908,15.63602199887202,False,False,AVGO-2025-03-31,40,SKIP,70,45
60-74,73,2025-04-01,114.53995709092119,5.7269978545460605,2025-04-07,433,96.71162000000001,5,5.7269978545460605,2025-04-07,433,96.71162000000001,4.8355809999999995,-1782.8337090921182,STOP,1,-1793.3962879466642,-1.00866176379155,100,-1.1244314144344305,Defensive,15,2.0931327847887845e-05,100,-1.00866176379155,82,-15.657385714952522,Energy,2025-03-31,True,25,XOM,-1793.3962879466642,10.56257885454606,False,False,XOM-2025-03-31,100,WATCH,90,70
60-74,73,2025-04-01,116.9150106936932,5.84575053468466,2025-05-13,458,108.21342908477784,30,2.92287526734233,2025-04-03,431,117.24135,2.93103375,16.316965315339615,TP1,1,10.463056297997284,0.009979061160415297,50,-0.916067796221681,Defensive,15,0.2894020764456212,80,-0.41034219965176316,86,-3.6799743043212283,Utilities,2025-03-31,False,25,DUK,-430.2442351422326,11.482120011804106,True,False,DUK-2025-03-31,100,WATCH,90,85
60-74,73,2025-04-01,116.9150106936932,5.84575053468466,2025-05-13,458,108.21342908477784,30,2.92287526734233,2025-05-13,458,108.21342908477784,2.705335727119446,-435.0790804457681,TIME,2,-440.7072914402299,-0.42032126081217847,50,-0.916067796221681,Defensive,15,0.2894020764456212,80,-0.41034219965176316,86,-3.6799743043212283,Utilities,2025-03-31,False,25,DUK,-430.2442351422326,11.482120011804106,True,False,DUK-2025-03-31,100,WATCH,90,85
0-59,56,2025-04-04,167.23356889343262,8.36167844467163,2025-04-04,432,166.826545,1,8.36167844467163,2025-04-04,432,166.826545,8.34132725,-40.70238934326085,STOP,1,-57.40539503793248,-1.7741320690298752,100,-3.8123840655575547,Defensive,15,33.70667180183347,20,-1.7741320690298752,28,-0.3432647848023462,Consumer Discretionary,2025-04-03,True,100,AMZN,-57.40539503793248,16.70300569467163,False,False,AMZN-2025-04-03,40,SKIP,90,100
0-59,56,2025-04-04,34.35248135389902,1.7176240676949515,2025-04-04,432,34.22288,1,1.7176240676949517,2025-04-04,432,34.22288,1.7111440000000002,-12.96013538990195,STOP,1,-16.388903457596903,-1.4570329116335026,100,-14.16541514446036,Defensive,15,4.172300684242218,20,-1.4570329116335026,30,-0.47708063032648307,Financials,2025-04-03,True,100,BAC,-16.388903457596903,3.4287680676949517,False,False,BAC-2025-04-03,40,SKIP,90,100
75-89,77,2025-04-04,69.96326999795131,3.4981634998975655,2025-04-07,433,64.20788,2,3.4981634998975655,2025-04-07,433,64.20788,3.2103940000000004,-575.5389997951312,STOP,1,-582.2475572950287,-1.0173337226855415,100,-1.0808131813215576,Defensive,15,0.09343261067014626,100,-1.0173337226855415,100,-8.322189018781973,Consumer Staples,2025-04-03,True,25,KO,-582.2475572950287,6.708557499897566,False,False,KO-2025-04-03,100,BUY,90,85
75-89,78,2025-04-04,221.01842023998984,11.050921011999492,2025-04-09,435,188.075915,4,5.525460505999746,2025-04-04,432,218.79055000000002,5.469763750000001,-111.39351199949061,TP1,1,-122.38873625549036,-0.03725863690287718,50,-1.0316654286555305,Defensive,15,0.015386587222163274,90,-0.5418042461808603,100,-8.052457142275623,Real Estate,2025-04-03,True,25,AMT,-1779.7413566359814,21.222582636999494,True,False,AMT-2025-04-03,100,BUY,90,100
75-89,78,2025-04-04,221.01842023998984,11.050921011999492,2025-04-09,435,188.075915,4,5.525460505999746,2025-04-09,435,188.075915,4.701897875000001,-1647.1252619994914,STOP,2,-1657.352620380491,-0.5045456092779831,50,-1.0316654286555305,Defensive,15,0.015386587222163274,90,-0.5418042461808603,100,-8.052457142275623,Real Estate,2025-04-03,True,25,AMT,-1779.7413566359814,21.222582636999494,True,False,AMT-2025-04-03,100,BUY,90,100
0-59,56,2025-04-04,95.37020934962223,4.768510467481112,2025-04-04,432,92.83356,1,4.768510467481112,2025-04-04,432,92.83356,4.641678,-253.66493496222233,STOP,1,-263.07512342970347,-1.0564377788944217,100,-1.5641680639367923,Defensive,15,0.3545959040545938,20,-1.0564377788944217,59,-2.7584622622068884,Real Estate,2025-04-03,True,100,PLD,-263.07512342970347,9.410188467481111,False,False,PLD-2025-04-03,25,SKIP,90,100
0-59,57,2025-04-04,504.82901638783414,25.241450819391705,2025-04-07,433,491.89393,2,25.24145081939171,2025-04-07,433,491.89393,24.5946965,-1293.5086387834133,STOP,1,-1343.344786102805,-1.0586673900041323,100,-1.9601704093725554,Defensive,15,2.5506766038090696,20,-1.0586673900041323,39,-2.6609896469793695,Communication Services,2025-04-03,True,100,META,-1343.344786102805,49.836147319391706,False,False,META-2025-04-03,40,SKIP,90,100
0-59,57,2025-04-07,176.35677119288545,8.817838559644274,2025-04-07,433,175.78206500000002,1,8.817838559644274,2025-04-07,433,175.78206500000002,8.78910325,-57.470619288542935,STOP,1,-75.0775610981872,-1.5423583440332338,100,-5.4534363248075834,Defensive,15,34.45720286757819,20,-1.5423583440332338,33,-0.42571408282403367,Technology,2025-04-04,True,100,AAPL,-75.0775610981872,17.606941809644276,False,False,AAPL-2025-04-04,40,SKIP,90,100
0-59,49,2025-04-07,87.38125817320294,4.369062908660147,2025-05-14,459,131.75409,27,2.1845314543300733,2025-05-12,457,122.65864,3.066466,1763.8690913398534,TP1,1,1758.6180938855234,5.898912444728469,50,-0.29601242690039875,Defensive,15,16.0567147998409,20,13.322500336339338,13,45.453468908039426,Technology,2025-04-04,False,100,NVDA,3971.781301521046,10.729381158660146,True,True,NVDA-2025-04-04,25,SKIP,70,100
0-59,49,2025-04-07,87.38125817320294,4.369062908660147,2025-05-14,459,131.75409,27,2.1845314543300733,2025-05-14,459,131.75409,3.29385225,2218.6415913398528,TP2,2,2213.1632076355227,7.423587891610871,50,-0.29601242690039875,Defensive,15,16.0567147998409,20,13.322500336339338,13,45.453468908039426,Technology,2025-04-04,False,100,NVDA,3971.781301521046,10.729381158660146,True,True,NVDA-2025-04-04,25,SKIP,70,100
0-59,52,2025-04-07,143.17375885856003,7.158687942928002,2025-05-12,457,211.85402000000002,25,3.579343971464001,2025-05-01,450,197.36127000000002,4.934031750000001,2709.375557071999,TP1,1,2700.862181350535,1.550103053695352,50,-0.36732463261393355,Defensive,15,4.390320229175638,20,3.5158886171920694,6,42.7871670953536,Technology,2025-04-04,False,100,AVGO,6125.999543951071,17.389070192928003,True,True,AVGO-2025-04-04,40,SKIP,70,100
0-59,52,2025-04-07,143.17375885856003,7.158687942928002,2025-05-12,457,211.85402000000002,25,3.579343971464001,2025-05-12,457,211.85402000000002,5.296350500000001,3434.0130570719994,TP2,2,3425.1373626005357,1.9657855634967172,50,-0.36732463261393355,Defensive,15,4.390320229175638,20,3.5158886171920694,6,42.7871670953536,Technology,2025-04-04,False,100,AVGO,6125.999543951071,17.389070192928003,True,True,AVGO-2025-04-04,40,SKIP,70,100
0-59,49,2025-04-07,116.91002943503717,5.8455014717518585,2025-05-19,462,157.42754872894287,30,2.9227507358759293,2025-05-12,457,153.87302499999998,3.8468256249999992,1848.1497782481406,TP1,1,1841.3802018872645,122.73459547661919,50,-0.3894289264111552,Defensive,15,295.38112027185474,20,257.30935573889604,36,33.020244249220184,Technology,2025-04-04,False,100,ORCL,3860.3977271284493,13.62801581497543,True,False,ORCL-2025-04-04,25,SKIP,90,70
0-59,49,2025-04-07,116.91002943503717,5.8455014717518585,2025-05-19,462,157.42754872894287,30,2.9227507358759293,2025-05-19,462,157.42754872894287,3.9356887182235716,2025.8759646952847,TIME,2,2019.017525241185,134.57476026227687,50,-0.3894289264111552,Defensive,15,295.38112027185474,20,257.30935573889604,36,33.020244249220184,Technology,2025-04-04,False,100,ORCL,3860.3977271284493,13.62801581497543,True,False,ORCL-2025-04-04,25,SKIP,90,70
0-59,57,2025-04-07,162.081,8.10405,2025-05-19,462,206.0569236602783,30,4.052025,2025-05-12,457,206.106895,5.152672375000001,2201.294750000001,TP1,1,2192.090052625001,3.5989001028156435,50,-0.11508703286611249,Defensive,15,8.661795491362804,20,7.193700192985428,32,27.033907660659857,Consumer Discretionary,2025-04-04,False,100,AMZN,4381.68278754741,18.40814546650696,True,False,AMZN-2025-04-04,40,SKIP,90,100
0-59,57,2025-04-07,162.081,8.10405,2025-05-19,462,206.0569236602783,30,4.052025,2025-05-19,462,206.0569236602783,5.151423091506957,2198.7961830139157,TIME,2,2189.592734922409,3.594800090169785,50,-0.11508703286611249,Defensive,15,8.661795491362804,20,7.193700192985428,32,27.033907660659857,Consumer Discretionary,2025-04-04,False,100,AMZN,4381.68278754741,18.40814546650696,True,False,AMZN-2025-04-04,40,SKIP,90,100
0-59,59,2025-04-07,201.0397866365328,10.05198933182664,2025-05-14,459,258.600635,27,5.02599466591332,2025-05-02,451,247.046415,6.176160374999999,2300.33141817336,TP1,1,2289.1292631324463,3.157512597125504,50,-0.500114215513446,Defensive,15,8.185147978844148,20,7.111492971096027,52,25.645076315595368,Financials,2025-04-04,False,100,JPM,5155.680670764894,22.69316558182664,True,True,JPM-2025-04-04,40,SKIP,90,100
0-59,59,2025-04-07,201.0397866365328,10.05198933182664,2025-05-14,459,258.600635,27,5.02599466591332,2025-05-14,459,258.600635,6.465015875000001,2878.0424181733606,TP2,2,2866.551407632447,3.9539803739705226,50,-0.500114215513446,Defensive,15,8.185147978844148,20,7.111492971096027,52,25.645076315595368,Financials,2025-04-04,False,100,JPM,5155.680670764894,22.69316558182664,True,True,JPM-2025-04-04,40,SKIP,90,100
0-59,56,2025-04-07,34.040979522561706,1.7020489761280853,2025-05-19,462,43.53707372283936,30,0.8510244880640427,2025-05-12,457,42.518730000000005,1.0629682500000002,423.88752387191494,TP1,1,421.9735311338509,1.352054789476781,50,-0.5977664218835845,Defensive,15,3.1649881181341,20,2.867172896674803,28,26.287104612354543,Financials,2025-04-04,False,100,BAC,894.8387898165985,3.8534440691990692,True,False,BAC-2025-04-04,40,SKIP,90,100
0-59,56,2025-04-07,34.040979522561706,1.7020489761280853,2025-05-19,462,43.53707372283936,30,0.8510244880640427,2025-05-19,462,43.53707372283936,1.0884268430709838,474.80471001388264,TIME,2,472.8652586827476,1.5151181071980222,50,-0.5977664218835845,Defensive,15,3.1649881181341,20,2.867172896674803,28,26.287104612354543,Financials,2025-04-04,False,100,BAC,894.8387898165985,3.8534440691990692,True,False,BAC-2025-04-04,40,SKIP,90,100
0-59,56,2025-04-07,436.12632548460346,21.80631627423017,2025-05-19,462,596.9416752624512,30,10.903158137115085,2025-05-12,457,577.77097,14.44427425,7082.232225769829,TP1,1,7056.884793382714,4.283045270000956,50,-0.45841453567187274,Defensive,15,10.281127775929443,20,9.147564847720744,41,34.55839444112737,Financials,2025-04-04,False,100,GS,15071.825582256424,51.174132405791454,True,False,GS-2025-04-04,40,SKIP,70,100
0-59,56,2025-04-07,436.12632548460346,21.80631627423017,2025-05-19,462,596.9416752624512,30,10.903158137115085,2025-05-19,462,596.9416752624512,14.923541881561283,8040.7674888923875,TIME,2,8014.9407888737105,4.864519577719789,50,-0.45841453567187274,Defensive,15,10.281127775929443,20,9.147564847720744,41,34.55839444112737,Financials,2025-04-04,False,100,GS,15071.825582256424,51.174132405791454,True,False,GS-2025-04-04,40,SKIP,70,100
60-74,71,2025-04-07,496.7325880416974,24.83662940208487,2025-04-08,434,552.24374,2,12.418314701042437,2025-04-08,434,533.29322,13.3323305,1828.031597915131,TP1,1,1802.2809527140887,0.3388855298469162,50,-0.18304949923269756,Defensive,15,1.2974615227267965,100,0.8558466802818095,79,9.163107579416753,Health Care,2025-04-04,False,25,UNH,4551.614142428177,51.97505340208487,True,True,UNH-2025-04-04,75,WATCH,90,100
60-74,71,2025-04-07,496.7325880416974,24.83662940208487,2025-04-08,434,552.24374,2,12.418314701042437,2025-04-08,434,552.24374,13.8060935,2775.5575979151304,TP2,2,2749.333189714088,0.5169611504348933,50,-0.18304949923269756,Defensive,15,1.2974615227267965,100,0.8558466802818095,79,9.163107579416753,Health Care,2025-04-04,False,25,UNH,4551.614142428177,51.97505340208487,True,True,UNH-2025-04-04,75,WATCH,90,100
60-74,60,2025-04-07,691.9555997831887,34.59777998915944,2025-04-07,433,690.444605,1,34.59777998915944,2025-04-07,433,690.444605,34.52223025,-151.09947831887212,STOP,1,-220.21948855803157,-1.8893233486674783,100,-18.0139460738399,Defensive,15,42.27075839644244,20,-1.8893233486674783,66,-0.3182566751783397,Health Care,2025-04-04,True,100,LLY,-220.21948855803157,69.12001023915944,False,False,LLY-2025-04-04,40,WATCH,90,100
60-74,67,2025-04-07,131.61663015353082,6.580831507676542,2025-04-08,434,129.83505000000002,2,6.580831507676542,2025-04-08,434,129.83505000000002,6.491752500000001,-178.1580153530797,STOP,1,-191.23059936075623,-1.1139883507663404,100,-2.1705494480828684,Defensive,15,4.082523689086841,40,-1.1139883507663404,71,-1.4529364498824022,Energy,2025-04-04,True,100,CVX,-191.23059936075623,13.072584007676543,False,False,CVX-2025-04-04,55,WATCH,90,100
0-59,54,2025-04-07,271.3690032683862,13.568450163419312,2025-04-07,433,262.96845,1,13.56845016341931,2025-04-07,433,262.96845,13.1484225,-840.0553268386204,STOP,1,-866.7721995020398,-1.0482184749108236,100,-1.0503535266202588,Defensive,15,2.1644057950540945,20,-1.0482184749108236,38,-3.1940722376637645,Industrials,2025-04-04,True,100,CAT,-866.7721995020398,26.716872663419313,False,False,CAT-2025-04-04,25,SKIP,90,100
60-74,64,2025-04-07,162.22962959314495,8.111481479657249,2025-05-15,460,223.50819,28,4.055740739828624,2025-05-08,455,212.71359,5.31783975,2524.198020342753,TP1,1,2514.824439852924,3.4451397947843647,50,-0.5351013308242497,Defensive,15,9.091414522008083,20,7.6293035744386,71,34.32855655697789,Industrials,2025-04-04,False,100,GE,5569.109014705849,19.017025979657248,True,True,GE-2025-04-04,55,WATCH,90,100
60-74,64,2025-04-07,162.22962959314495,8.111481479657249,2025-05-15,460,223.50819,28,4.055740739828624,2025-05-15,460,223.50819,5.587704750000001,3063.9280203427534,TP2,2,3054.284574852925,4.184163779654235,50,-0.5351013308242497,Defensive,15,9.091414522008083,20,7.6293035744386,71,34.32855655697789,Industrials,2025-04-04,False,100,GE,5569.109014705849,19.017025979657248,True,True,GE-2025-04-04,55,WATCH,90,100
0-59,59,2025-04-07,183.73393796034878,9.18669689801744,2025-04-08,434,176.301805,2,9.18669689801744,2025-04-08,434,176.301805,8.815090249999999,-743.2132960348781,STOP,1,-761.2150831828956,-1.0365216690184866,100,-1.3204002536995194,Defensive,15,0.6977944751312939,20,-1.0365216690184866,52,-4.143029271746038,Industrials,2025-04-04,True,100,HON,-761.2150831828956,18.00178714801744,False,False,HON-2025-04-04,40,SKIP,90,100
60-74,60,2025-04-07,79.42245105440308,3.971122552720154,2025-04-14,438,93.10342500000002,6,1.985561276360077,2025-04-09,435,89.145405,2.228635125,486.14769727984566,TP1,1,481.9335008784856,6.4911147747773805,50,-0.6264356488231276,Defensive,15,20.200549541543015,40,15.646405838711383,60,14.626456824673514,Consumer Staples,2025-04-04,False,100,WMT,1161.6690512569721,8.527343302720155,True,True,WMT-2025-04-04,40,WATCH,90,85
60-74,60,2025-04-07,79.42245105440308,3.971122552720154,2025-04-14,438,93.10342500000002,6,1.985561276360077,2025-04-14,438,93.10342500000002,2.3275856250000007,684.0486972798466,TP2,2,679.7355503784866,9.155291063934001,50,-0.6264356488231276,Defensive,15,20.200549541543015,40,15.646405838711383,60,14.626456824673514,Consumer Staples,2025-04-04,False,100,WMT,1161.6690512569721,8.527343302720155,True,True,WMT-2025-04-04,40,WATCH,90,85
0-59,56,2025-04-07,92.77837165203704,4.6389185826018515,2025-04-08,434,87.346305,2,4.6389185826018515,2025-04-08,434,87.346305,4.36731525,-543.2066652037037,STOP,1,-552.2128990363055,-1.024823331975524,100,-1.491857810231449,Defensive,15,0.44010978058316436,20,-1.024823331975524,66,-5.951957220238421,Real Estate,2025-04-04,True,100,PLD,-552.2128990363055,9.00623383260185,False,False,PLD-2025-04-04,25,SKIP,90,100
60-74,68,2025-04-07,299.3554342358946,14.967771711794729,2025-04-07,433,296.26179500000006,1,14.967771711794729,2025-04-07,433,296.26179500000006,14.813089750000001,-309.3639235894557,STOP,1,-339.14478505125044,-1.1514254194449685,100,-1.083202238250796,Defensive,15,6.711982485559483,20,-1.1514254194449685,79,-1.1329167480019804,Financials,2025-04-04,True,100,V,-339.14478505125044,29.78086146179473,False,False,V-2025-04-04,65,WATCH,90,100
0-59,53,2025-04-07,141.0471771238535,7.052358856192675,2025-05-19,462,165.7825000228882,30,7.052358856192675,2025-05-19,462,165.7825000228882,8.28912500114441,2473.5322899034713,TIME,1,2458.190806046134,6.871873326188741,100,-0.3036923521097987,Defensive,15,7.720302115520983,20,6.871873326188741,28,17.42814607262645,Communication Services,2025-04-04,False,100,GOOGL,2458.190806046134,15.341483857337085,False,False,GOOGL-2025-04-04,25,SKIP,90,100
60-74,69,2025-04-07,422.25576696839966,21.112788348419983,2025-04-07,433,416.801495,1,21.112788348419983,2025-04-07,433,416.801495,20.84007475,-545.4271968399667,STOP,1,-587.3800599383866,-1.1197219843671014,100,-2.1514782298946473,Defensive,15,2.2978971997595026,40,-1.1197219843671014,87,-1.3910527833770103,Materials,2025-04-04,True,100,LIN,-587.3800599383866,41.95286309841998,False,False,LIN-2025-04-04,55,WATCH,90,100
0-59,56,2025-04-08,185.81154975109985,9.290577487554993,2025-05-20,463,205.9395659866333,30,9.290577487554993,2025-05-20,463,205.9395659866333,10.296978299331665,2012.8016235533464,TIME,1,1993.2140677664597,0.8756934785032147,100,-0.7684415744148242,Defensive,15,1.2134812816557556,20,0.8756934785032147,29,10.727073050283634,Technology,2025-04-07,False,100,AAPL,1993.2140677664597,19.587555786886657,False,False,AAPL-2025-04-07,40,SKIP,90,100
0-59,52,2025-04-08,364.8546529030384,18.24273264515192,2025-05-01,450,408.13583,17,9.12136632257596,2025-04-30,449,392.30375000000004,9.80759375,1372.4548548480811,TP1,1,1353.525894775505,0.36956688664296283,50,-0.4919333261692007,Defensive,15,1.8533438899595684,20,0.9551653627441727,47,9.588092024362055,Technology,2025-04-07,False,85,MSFT,3498.2599875510086,38.253722145151926,True,True,MSFT-2025-04-07,25,SKIP,90,100
0-59,52,2025-04-08,364.8546529030384,18.24273264515192,2025-05-01,450,408.13583,17,9.12136632257596,2025-05-01,450,408.13583,10.203395749999999,2164.058854848079,TP2,2,2144.7340927755035,0.5855984761012099,50,-0.4919333261692007,Defensive,15,1.8533438899595684,20,0.9551653627441727,47,9.588092024362055,Technology,2025-04-07,False,85,MSFT,3498.2599875510086,38.253722145151926,True,True,MSFT-2025-04-07,25,SKIP,90,100
0-59,59,2025-04-08,748.5173831145167,37.425869155725835,2025-05-20,463,741.3919359741211,30,18.712934577862917,2025-04-25,446,866.5665,21.664162500000003,5902.455844274164,TP1,1,5862.0787471963,0.5082108140569114,50,-0.5700749601493642,Defensive,15,1.2640942764632415,20,0.4740947310239472,57,7.305853919444193,Health Care,2025-04-07,False,100,LLY,5468.558657199303,77.62483005507886,True,False,LLY-2025-04-07,40,SKIP,90,100
0-59,59,2025-04-08,748.5173831145167,37.425869155725835,2025-05-20,463,741.3919359741211,30,18.712934577862917,2025-05-20,463,741.3919359741211,18.534798399353026,-356.2723570197818,TIME,2,-393.52008999699774,-0.034116083032964116,50,-0.5700749601493642,Defensive,15,1.2640942764632415,20,0.4740947310239472,57,7.305853919444193,Health Care,2025-04-07,False,100,LLY,5468.558657199303,77.62483005507886,True,False,LLY-2025-04-07,40,SKIP,90,100
60-74,64,2025-04-08,101.32011566285551,5.066005783142776,2025-05-20,463,101.6570775527954,30,5.066005783142776,2025-05-20,463,101.6570775527954,5.08285387763977,33.696188993988585,TIME,1,23.547329333206036,0.022068485550890797,100,-0.6941133966667263,Defensive,15,0.4497326601488325,20,0.022068485550890797,71,0.23240527489684473,Energy,2025-04-07,False,100,XOM,23.547329333206036,10.148859660782545,False,False,XOM-2025-04-07,55,WATCH,90,100
0-59,53,2025-04-08,285.02591269613265,14.251295634806633,2025-05-20,463,344.9353256988526,30,7.125647817403316,2025-05-12,457,341.099365,8.527484124999999,2803.6726151933663,TP1,1,2788.0194832509633,0.7475402213551574,50,-0.5734965926908003,Defensive,15,1.7655753043104065,20,1.5464807496251893,36,20.235848200146275,Industrials,2025-04-07,False,100,CAT,5767.741102427085,31.402162902277944,True,False,CAT-2025-04-07,25,SKIP,90,100
0-59,53,2025-04-08,285.02591269613265,14.251295634806633,2025-05-20,463,344.9353256988526,30,7.125647817403316,2025-05-20,463,344.9353256988526,8.623383142471315,2995.4706501359965,TIME,2,2979.7216191761217,0.7989405282700319,50,-0.5734965926908003,Defensive,15,1.7655753043104065,20,1.5464807496251893,36,20.235848200146275,Industrials,2025-04-07,False,100,CAT,5767.741102427085,31.402162902277944,True,False,CAT-2025-04-07,25,SKIP,90,100
60-74,70,2025-04-08,66.62064849779915,3.3310324248899574,2025-05-20,463,69.1888074798584,30,1.6655162124449787,2025-04-22,443,71.374295,1.784357375,237.68232511004257,TP1,1,234.2324515225976,0.48690410789679994,50,-0.34413251192882893,Defensive,15,1.080981870306597,40,0.7467707615521513,100,5.39239968878397,Consumer Staples,2025-04-07,False,85,KO,359.2451642261184,6.845109986886417,True,False,KO-2025-04-07,65,WATCH,90,100
60-74,70,2025-04-08,66.62064849779915,3.3310324248899574,2025-05-20,463,69.1888074798584,30,1.6655162124449787,2025-05-20,463,69.1888074798584,1.72972018699646,128.40794910296225,TIME,2,125.0127127035208,0.2598666536553514,50,-0.34413251192882893,Defensive,15,1.080981870306597,40,0.7467707615521513,100,5.39239968878397,Consumer Staples,2025-04-07,False,85,KO,359.2451642261184,6.845109986886417,True,False,KO-2025-04-07,65,WATCH,90,100
0-59,57,2025-04-08,64.07437512568636,3.2037187562843177,2025-05-20,463,71.69966690063477,30,3.2037187562843177,2025-05-20,463,71.69966690063477,3.584983345031738,762.5291774948408,TIME,1,755.7404753935248,1.513183243899137,100,-0.9155760417082586,Defensive,15,1.6883796374987143,20,1.513183243899137,70,11.794738129105232,Utilities,2025-04-07,False,100,NEE,755.7404753935248,6.788702101316056,False,False,NEE-2025-04-07,25,SKIP,90,100
60-74,65,2025-04-08,319.3441153325625,15.967205766628124,2025-05-19,462,363.568125,29,7.983602883314062,2025-05-08,455,348.34574,8.708643499999999,1450.0812333718727,TP1,1,1433.3889869885586,0.3995607901966823,50,-0.5100049146750333,Defensive,15,1.3077090082920342,20,1.0111794063000812,79,11.35927198963554,Financials,2025-04-07,False,85,V,3627.516664352119,33.765052391628124,True,True,V-2025-04-07,65,WATCH,90,100
60-74,65,2025-04-08,319.3441153325625,15.967205766628124,2025-05-19,462,363.568125,29,7.983602883314062,2025-05-19,462,363.568125,9.089203125,2211.2004833718743,TP2,2,2194.12767736356,0.611618616103399,50,-0.5100049146750333,Defensive,15,1.3077090082920342,20,1.0111794063000812,79,11.35927198963554,Financials,2025-04-07,False,85,V,3627.516664352119,33.765052391628124,True,True,V-2025-04-07,65,WATCH,90,100
0-59,56,2025-04-08,541.3295267703782,27.066476338518907,2025-05-20,463,634.2131913146973,30,13.533238169259453,2025-05-12,457,631.0043400000001,15.775108500000002,4483.740661481096,TP1,1,4454.4323148118365,0.46208030931751465,50,-0.6583499066725739,Defensive,15,1.2309998671231186,20,0.9407957982696732,44,16.753615913367053,Communication Services,2025-04-07,False,100,META,9069.226974075664,58.69691462138634,True,False,META-2025-04-07,40,SKIP,70,100
0-59,56,2025-04-08,541.3295267703782,27.066476338518907,2025-05-20,463,634.2131913146973,30,13.533238169259453,2025-05-20,463,634.2131913146973,15.855329782867432,4644.183227215955,TIME,2,4614.794659263828,0.47871548895215865,50,-0.6583499066725739,Defensive,15,1.2309998671231186,20,0.9407957982696732,44,16.753615913367053,Communication Services,2025-04-07,False,100,META,9069.226974075664,58.69691462138634,True,False,META-2025-04-07,40,SKIP,70,100
60-74,65,2025-04-08,423.89913760118463,21.194956880059234,2025-05-20,463,452.07353277587896,30,21.194956880059234,2025-05-20,463,452.07353277587896,22.60367663879395,2817.4395174694328,TIME,1,2773.64088395058,1.0809563934146122,100,-0.8557899356190218,Defensive,15,1.1781374553939887,20,1.0809563934146122,82,6.543162365572193,Materials,2025-04-07,False,100,LIN,2773.64088395058,43.79863351885318,False,False,LIN-2025-04-07,55,WATCH,90,100
0-59,50,2025-04-09,318.27172493788447,15.913586246894225,2025-05-20,463,377.10135500000007,29,7.956793123447112,2025-05-12,457,360.24978500000003,9.006244625,2098.903003105778,TP1,1,2081.9399653573314,1.589057910487246,50,-0.18134854698595657,Defensive,15,4.506227457213796,20,3.8208992824978303,52,15.728815189101915,Consumer Discretionary,2025-04-08,False,100,HD,5006.037141464664,34.34736474689423,True,True,HD-2025-04-08,25,SKIP,90,70
0-59,50,2025-04-09,318.27172493788447,15.913586246894225,2025-05-20,463,377.10135500000007,29,7.956793123447112,2025-05-20,463,377.10135500000007,9.427533875000002,2941.4815031057797,TP2,2,2924.097176107333,2.2318413720105843,50,-0.18134854698595657,Defensive,15,4.506227457213796,20,3.8208992824978303,52,15.728815189101915,Consumer Discretionary,2025-04-08,False,100,HD,5006.037141464664,34.34736474689423,True,True,HD-2025-04-08,25,SKIP,90,70
60-74,74,2025-04-09,541.9552388592663,27.097761942963313,2025-04-17,441,438.25076500000006,7,13.548880971481656,2025-04-09,435,565.447135,14.136178375,1174.5948070366865,TP1,1,1146.9097476902048,0.11082834231555803,50,-1.0589567664512491,Defensive,15,0.4293005307964269,100,-0.3925989001092977,84,-7.496595298019828,Health Care,2025-04-08,True,25,UNH,-4062.819095369588,52.19020944296331,True,False,UNH-2025-04-08,85,WATCH,90,100
60-74,74,2025-04-09,541.9552388592663,27.097761942963313,2025-04-17,441,438.25076500000006,7,13.548880971481656,2025-04-17,441,438.25076500000006,10.956269125,-5185.223692963311,STOP,2,-5209.728843059793,-0.5034272424248557,50,-1.0589567664512491,Defensive,15,0.4293005307964269,100,-0.3925989001092977,84,-7.496595298019828,Health Care,2025-04-08,True,25,UNH,-4062.819095369588,52.19020944296331,True,False,UNH-2025-04-08,85,WATCH,90,100
60-74,61,2025-04-09,128.09684817176188,6.404842408588094,2025-05-21,464,130.04555565643312,30,6.404842408588094,2025-05-21,464,130.04555565643312,6.502277782821656,194.8707484671246,TIME,1,181.96362827571485,0.30292696447884904,100,-0.4810863432408943,Defensive,15,1.9547195545593126,20,0.30292696447884904,57,1.4205160460445079,Energy,2025-04-08,False,100,CVX,181.96362827571485,12.90712019140975,False,False,CVX-2025-04-08,55,WATCH,90,85
0-59,52,2025-04-09,173.80626281151586,8.690313140575794,2025-05-19,462,217.59115,28,4.345156570287897,2025-05-12,457,208.8955,5.2223875,1754.4618594242068,TP1,1,1744.894315353919,2.486928386562151,50,-0.16875430988872384,Defensive,15,6.263253204438629,20,5.593225118387457,47,22.578897192637996,Industrials,2025-04-08,False,100,HON,3924.3537394578375,19.352479390575795,True,True,HON-2025-04-08,25,SKIP,90,85
0-59,52,2025-04-09,173.80626281151586,8.690313140575794,2025-05-19,462,217.59115,28,4.345156570287897,2025-05-19,462,217.59115,5.43977875,2189.244359424207,TP2,2,2179.4594241039185,3.1062967318253056,50,-0.16875430988872384,Defensive,15,6.263253204438629,20,5.593225118387457,47,22.578897192637996,Industrials,2025-04-08,False,100,HON,3924.3537394578375,19.352479390575795,True,True,HON-2025-04-08,25,SKIP,90,85
0-59,55,2025-04-09,84.4268711766076,4.22134355883038,2025-05-21,464,100.37667406845095,30,4.22134355883038,2025-05-21,464,100.37667406845095,5.018833703422548,1594.9802891843347,TIME,1,1585.7401119220817,3.44960746342325,100,-0.551851888901891,Defensive,15,5.208840153514289,20,3.44960746342325,51,18.782410029206996,Real Estate,2025-04-08,False,100,PLD,1585.7401119220817,9.240177262252928,False,False,PLD-2025-04-08,25,SKIP,90,100
60-74,60,2025-04-10,145.5301574348773,7.276507871743865,2025-05-22,465,147.55044019317629,30,7.276507871743865,2025-05-22,465,147.55044019317629,7.377522009658815,202.02827582989755,TIME,1,187.3742459484949,0.1340287094915247,100,-0.3677733412876747,Defensive,15,0.6223788271658904,20,0.1340287094915247,71,1.2875286418372922,Health Care,2025-04-09,False,70,JNJ,187.3742459484949,14.65402988140268,False,False,JNJ-2025-04-09,55,WATCH,90,100
60-74,72,2025-04-10,196.94005683085686,9.847002841542842,2025-05-22,465,200.7680960083008,30,9.847002841542842,2025-05-22,465,200.7680960083008,10.03840480041504,382.8039177443941,TIME,1,362.9185101024362,0.19734496387933495,100,-0.2674006273705945,Defensive,15,1.0354022274802697,55,0.19734496387933495,93,1.8427866628175644,Real Estate,2025-04-09,False,85,AMT,362.9185101024362,19.885407641957883,False,False,AMT-2025-04-09,75,WATCH,90,85
60-74,66,2025-04-15,93.8539007892934,4.69269503946467,2025-05-28,468,96.38551421356202,30,2.346347519732335,2025-04-15,439,94.37279000000001,2.35931975,25.944460535330194,TP1,1,21.23879326559786,0.011158402841704787,50,-0.2212857828970271,Defensive,15,0.2532605833057397,80,0.07516245917622438,76,1.524321076703478,Consumer Staples,2025-04-14,False,25,WMT,143.06347910395712,9.46165264480372,True,False,WMT-2025-04-14,85,WATCH,90,70
60-74,66,2025-04-15,93.8539007892934,4.69269503946467,2025-05-28,468,96.38551421356202,30,2.346347519732335,2025-05-28,468,96.38551421356202,2.4096378553390503,126.58067121343066,TIME,2,121.82468583835927,0.06400405633451961,50,-0.2212857828970271,Defensive,15,0.2532605833057397,80,0.07516245917622438,76,1.524321076703478,Consumer Staples,2025-04-14,False,25,WMT,143.06347910395712,9.46165264480372,True,False,WMT-2025-04-14,85,WATCH,90,70
0-59,59,2025-04-21,435.1587002524201,21.757935012621004,2025-04-25,446,399.9999,5,21.757935012621004,2025-04-25,446,399.9999,19.999995000000002,-3515.8800252420065,STOP,1,-3557.6379552546277,-1.0176688290945088,100,-1.0502120996147886,Defensive,15,0.09723741645443658,40,-1.0176688290945088,49,-8.17549540705717,Health Care,2025-04-17,True,100,UNH,-3557.6379552546277,41.757930012621,False,False,UNH-2025-04-17,40,SKIP,70,100
0-59,34,2025-04-23,254.98743061065673,12.749371530532837,2025-05-13,458,323.488175,15,6.374685765266419,2025-04-28,447,291.70407500000005,7.292601875000002,1835.8322194671657,TP1,1,1822.1649318268994,0.27100454542623426,50,-0.15701727206099084,Defensive,15,1.2285205573298912,20,0.7782480998499725,0,20.5215615868679,Consumer Discretionary,2025-04-22,False,85,TSLA,5232.740261153797,28.12917778053284,True,True,TSLA-2025-04-22,25,SKIP,40,45
0-59,34,2025-04-23,254.98743061065673,12.749371530532837,2025-05-13,458,323.488175,15,6.374685765266419,2025-05-13,458,323.488175,8.087204374999999,3425.037219467164,TP2,2,3410.5753293268976,0.5072435544237381,50,-0.15701727206099084,Defensive,15,1.2285205573298912,20,0.7782480998499725,0,20.5215615868679,Consumer Discretionary,2025-04-22,False,85,TSLA,5232.740261153797,28.12917778053284,True,True,TSLA-2025-04-22,25,SKIP,40,45
0-59,45,2025-04-28,406.12294021181384,20.306147010590692,2025-05-09,456,370.48466500000006,10,20.306147010590692,2025-05-09,456,370.48466500000006,18.524233250000005,-3563.827521181378,STOP,1,-3602.657901441969,-1.0161802885509257,100,-1.1298118663845222,Defensive,15,0.11347582164881076,20,-1.0161802885509257,22,-8.87085545958817,Health Care,2025-04-25,True,100,UNH,-3602.657901441969,38.8303802605907,False,False,UNH-2025-04-25,25,SKIP,70,70
0-59,59,2025-04-28,972.2423793518518,48.61211896759259,2025-05-30,470,1038.2806,24,24.306059483796297,2025-05-01,450,992.533485,24.813337125000004,1014.5552824074116,TP1,1,965.4358857986153,0.06672795195403719,50,-0.07007668916249567,Defensive,15,0.5139270958509504,90,0.2914718338621416,67,4.337482024321509,Consumer Staples,2025-04-25,False,25,COST,4217.083843722231,99.3824710925926,True,True,COST-2025-04-25,85,SKIP,90,20
0-59,59,2025-04-28,972.2423793518518,48.61211896759259,2025-05-30,470,1038.2806,24,24.306059483796297,2025-05-30,470,1038.2806,25.957015,3301.9110324074118,TP2,2,3251.6479579236156,0.22474388190810438,50,-0.07007668916249567,Defensive,15,0.5139270958509504,90,0.2914718338621416,67,4.337482024321509,Consumer Staples,2025-04-25,False,25,COST,4217.083843722231,99.3824710925926,True,True,COST-2025-04-25,85,SKIP,90,20
60-74,74,2025-05-02,427.747644186657,21.38738220933285,2025-05-19,462,452.963405,12,10.693691104666424,2025-05-02,451,432.513635,10.812840875000001,238.29954066715118,TP1,1,216.79300868748476,0.020973004695357955,50,-0.018832953391676698,Risk-on,65,0.27281666703128526,100,0.14081420589372953,71,3.4028551481391744,Technology,2025-05-01,False,25,MSFT,1455.5632731249693,43.52430820933285,True,True,MSFT-2025-05-01,70,WATCH,90,100
60-74,74,2025-05-02,427.747644186657,21.38738220933285,2025-05-19,462,452.963405,12,10.693691104666424,2025-05-19,462,452.963405,11.324085125,1260.788040667151,TP2,2,1238.7702644374847,0.11984120119837159,50,-0.018832953391676698,Risk-on,65,0.27281666703128526,100,0.14081420589372953,71,3.4028551481391744,Technology,2025-05-01,False,25,MSFT,1455.5632731249693,43.52430820933285,True,True,MSFT-2025-05-01,70,WATCH,90,100
0-59,47,2025-05-12,368.6309332578753,18.431546662893762,2025-05-13,458,344.537645,2,18.431546662893762,2025-05-13,458,344.537645,17.22688225,-2409.3288257875315,STOP,1,-2444.987254700425,-1.0221119838188077,100,-2.914404075785861,Risk-on,65,0.24335002212544218,20,-1.0221119838188077,8,-6.632615535251453,Health Care,2025-05-09,True,100,UNH,-2444.987254700425,35.65842891289376,False,False,UNH-2025-05-09,25,SKIP,90,45
75-89,75,2025-05-13,219.97764103110865,10.998882051555432,2025-05-13,458,232.58365,1,5.499441025777716,2025-05-13,458,219.560165,5.489004125,-20.873801555431726,TP1,1,-31.862246706209444,-0.0045017390014743695,50,-0.0015532285618340684,Risk-on,65,0.18427445977263512,90,0.0829533396294635,49,2.669017481551915,Technology,2025-05-12,False,25,AVGO,587.1241694625808,22.302477426555434,True,True,AVGO-2025-05-12,100,BUY,90,85
75-89,75,2025-05-13,219.97764103110865,10.998882051555432,2025-05-13,458,232.58365,1,5.499441025777716,2025-05-13,458,232.58365,5.81459125,630.300448444568,TP2,2,618.9864161687902,0.08745507863093788,50,-0.0015532285618340684,Risk-on,65,0.18427445977263512,90,0.0829533396294635,49,2.669017481551915,Technology,2025-05-12,False,25,AVGO,587.1241694625808,22.302477426555434,True,True,AVGO-2025-05-12,100,BUY,90,85
60-74,72,2025-05-14,228.1326661467622,11.40663330733811,2025-06-02,471,246.446715,13,5.703316653669054,2025-05-21,464,232.90349000000003,5.822587250000001,238.54119266189144,TP1,1,227.0152887582224,0.02860479615672338,50,-0.10913326908705326,Risk-on,65,0.24528036663014394,60,0.14249184179374746,62,4.956998337817802,Technology,2025-05-13,False,25,AVGO,1130.8532468914436,23.390388432338113,True,True,AVGO-2025-05-13,100,WATCH,90,85
60-74,72,2025-05-14,228.1326661467622,11.40663330733811,2025-06-02,471,246.446715,13,5.703316653669054,2025-06-02,471,246.446715,6.161167875,915.7024426618904,TP2,2,903.8379581332213,0.11388704563702409,50,-0.10913326908705326,Risk-on,65,0.24528036663014394,60,0.14249184179374746,62,4.956998337817802,Technology,2025-05-13,False,25,AVGO,1130.8532468914436,23.390388432338113,True,True,AVGO-2025-05-13,100,WATCH,90,85
60-74,69,2025-05-14,342.67125,17.1335625,2025-05-28,468,364.77752,10,8.56678125,2025-05-14,459,337.421205,8.435530125,-262.50225,TP1,1,-279.50456137500004,-0.019588065937820295,50,-0.07906045641595043,Risk-on,65,0.15648296584408655,90,0.05663435700332008,46,2.358303240715408,Consumer Discretionary,2025-05-13,False,25,TSLA,808.1227193749996,34.688530625,True,True,TSLA-2025-05-13,85,WATCH,70,85
60-74,69,2025-05-14,342.67125,17.1335625,2025-05-28,468,364.77752,10,8.56678125,2025-05-28,468,364.77752,9.119438,1105.3134999999997,TP2,2,1087.6272807499997,0.07622242294114039,50,-0.07906045641595043,Risk-on,65,0.15648296584408655,90,0.05663435700332008,46,2.358303240715408,Consumer Discretionary,2025-05-13,False,25,TSLA,808.1227193749996,34.688530625,True,True,TSLA-2025-05-13,85,WATCH,70,85
0-59,53,2025-05-14,311.0142412133509,15.550712060667543,2025-05-15,460,272.60363,2,15.550712060667543,2025-05-15,460,272.60363,13.6301815,-3841.0611213350876,STOP,1,-3870.2420148957553,-1.0111871306140308,100,-1.8376435014316483,Risk-on,65,0.033585729889001756,20,-1.0111871306140308,0,-12.44393825760805,Health Care,2025-05-13,True,100,UNH,-3870.2420148957553,29.180893560667542,False,False,UNH-2025-05-13,25,SKIP,70,100
60-74,71,2025-05-14,108.32170511535928,5.416085255767964,2025-06-26,488,112.26875819396973,30,5.416085255767964,2025-06-26,488,112.26875819396973,5.6134379096984865,394.7053078610452,TIME,1,383.6757846955788,1.0309139837870782,100,-0.4905163400789111,Risk-on,65,1.6182479604464437,20,1.0309139837870782,61,3.5420028173206464,Utilities,2025-05-13,False,100,DUK,383.6757846955788,11.02952316546645,False,False,DUK-2025-05-13,65,WATCH,90,100
60-74,72,2025-05-15,134.16910985432648,6.708455492716324,2025-06-05,474,143.50821000000002,15,3.3542277463581613,2025-05-15,460,135.182375,3.379559375,50.663257283676444,TP1,1,43.92947016231828,0.009508726531925669,50,-0.11233704564389377,Risk-on,65,0.2084316157013205,90,0.10908057450428207,52,3.756025101431996,Technology,2025-05-14,False,25,NVDA,503.9425444496372,13.675720117716324,True,True,NVDA-2025-05-14,85,WATCH,90,85
60-74,72,2025-05-15,134.16910985432648,6.708455492716324,2025-06-05,474,143.50821000000002,15,3.3542277463581613,2025-06-05,474,143.50821000000002,3.5877052500000004,466.95500728367705,TP2,2,460.0130742873189,0.09957184797235641,50,-0.11233704564389377,Risk-on,65,0.2084316157013205,90,0.10908057450428207,52,3.756025101431996,Technology,2025-05-14,False,25,NVDA,503.9425444496372,13.675720117716324,True,True,NVDA-2025-05-14,85,WATCH,90,85
60-74,69,2025-05-15,260.8329577489152,13.041647887445759,2025-06-18,483,269.94496,24,6.520823943722879,2025-05-15,460,260.24981,6.506245250000001,-29.15738744575833,TP1,1,-42.18445663948121,-0.008809910377860254,50,-0.2264452509311216,Risk-on,65,0.21651176149047913,90,0.08356756282042764,49,1.5341090766460075,Financials,2025-05-14,False,25,JPM,400.1462079710354,26.29651713744576,True,True,JPM-2025-05-14,100,WATCH,90,45
60-74,69,2025-05-15,260.8329577489152,13.041647887445759,2025-06-18,483,269.94496,24,6.520823943722879,2025-06-18,483,269.94496,6.7486239999999995,455.60011255423944,TP2,2,442.3306646105166,0.09237747319828789,50,-0.2264452509311216,Risk-on,65,0.21651176149047913,90,0.08356756282042764,49,1.5341090766460075,Financials,2025-05-14,False,25,JPM,400.1462079710354,26.29651713744576,True,True,JPM-2025-05-14,100,WATCH,90,45
0-59,50,2025-05-16,270.2229391580551,13.511146957902756,2025-06-30,490,303.6808777923584,30,13.511146957902756,2025-06-30,490,303.6808777923584,15.18404388961792,3345.7938634303273,TIME,1,3317.0986725828066,0.5890473348003755,100,-0.17670207931871193,Risk-on,65,0.7763887543957755,20,0.5890473348003755,0,12.275414821991165,Health Care,2025-05-15,False,100,UNH,3317.0986725828066,28.695190847520678,False,False,UNH-2025-05-15,25,SKIP,40,100
60-74,74,2025-05-16,227.6940215822325,11.384701079111625,2025-05-27,467,237.12138000000002,7,5.692350539555813,2025-05-16,461,228.475705,5.711892625000001,39.084170888375525,TP1,1,27.679927723819713,0.004611475038522435,50,-0.026392362352175645,Risk-on,65,0.2167514204606994,60,0.08120539922585288,76,2.140712611536899,Industrials,2025-05-15,False,25,GE,487.42746357263997,23.02462820411163,True,True,GE-2025-05-15,100,WATCH,90,85
60-74,74,2025-05-16,227.6940215822325,11.384701079111625,2025-05-27,467,237.12138000000002,7,5.692350539555813,2025-05-27,467,237.12138000000002,5.928034500000001,471.3679208883761,TP2,2,459.74753584882023,0.07659392418733044,50,-0.026392362352175645,Risk-on,65,0.2167514204606994,60,0.08120539922585288,76,2.140712611536899,Industrials,2025-05-15,False,25,GE,487.42746357263997,23.02462820411163,True,True,GE-2025-05-15,100,WATCH,90,85
60-74,70,2025-05-20,452.2057851390631,22.610289256953156,2025-06-11,478,470.61457500000006,16,11.305144628476578,2025-05-22,465,455.72202500000003,11.393050625,175.81199304684674,TP1,1,153.11379779337017,0.014141093282927458,50,-0.06329244884344122,Risk-on,90,0.18006291579542577,60,0.09701917935645196,78,2.323019334026643,Technology,2025-05-19,False,25,MSFT,1050.4827818367417,45.76870425695316,True,True,MSFT-2025-05-19,100,WATCH,90,45
60-74,70,2025-05-20,452.2057851390631,22.610289256953156,2025-06-11,478,470.61457500000006,16,11.305144628476578,2025-06-11,478,470.61457500000006,11.765364375000003,920.4394930468482,TP2,2,897.3689840433716,0.08287808607352451,50,-0.06329244884344122,Risk-on,90,0.18006291579542577,60,0.09701917935645196,78,2.323019334026643,Technology,2025-05-19,False,25,MSFT,1050.4827818367417,45.76870425695316,True,True,MSFT-2025-05-19,100,WATCH,90,45
75-89,75,2025-05-20,156.588044528315,7.829402226415751,2025-06-05,474,168.205855,12,3.9147011132078755,2025-05-28,468,161.149385,4.028734625,228.06702358424928,TP1,1,220.1235878460414,0.05403391114982073,50,-0.10775763106418107,Risk-on,90,0.32818379004493936,100,0.19463238187365173,39,5.063568335184802,Technology,2025-05-19,False,25,ORCL,792.8942639420836,16.063283226415752,True,True,ORCL-2025-05-19,85,BUY,90,85
75-89,75,2025-05-20,156.588044528315,7.829402226415751,2025-06-05,474,168.205855,12,3.9147011132078755,2025-06-05,474,168.205855,4.205146375,580.8905235842502,TP2,2,572.7706760960423,0.14059847072383103,50,-0.10775763106418107,Risk-on,90,0.32818379004493936,100,0.19463238187365173,39,5.063568335184802,Technology,2025-05-19,False,25,ORCL,792.8942639420836,16.063283226415752,True,True,ORCL-2025-05-19,85,BUY,90,85
60-74,65,2025-05-20,204.7323198852539,10.236615994262696,2025-07-02,492,219.81003816986086,30,5.118307997131348,2025-06-09,476,214.73258,5.3683145,500.0130057373056,TP1,1,489.52638324017425,0.1107718229120439,50,-0.1557355169316376,Risk-on,90,0.4319231823205106,100,0.2789622137330936,44,6.021515016339822,Consumer Discretionary,2025-05-19,False,25,AMZN,1232.7987385191443,21.10018144850922,True,False,AMZN-2025-05-19,85,WATCH,90,20
60-74,65,2025-05-20,204.7323198852539,10.236615994262696,2025-07-02,492,219.81003816986086,30,5.118307997131348,2025-07-02,492,219.81003816986086,5.495250954246521,753.8859142303479,TIME,2,743.27235527897,0.1681903908210497,50,-0.1557355169316376,Risk-on,90,0.4319231823205106,100,0.2789622137330936,44,6.021515016339822,Consumer Discretionary,2025-05-19,False,25,AMZN,1232.7987385191443,21.10018144850922,True,False,AMZN-2025-05-19,85,WATCH,90,20
60-74,72,2025-05-20,43.405416673195525,2.170270833659776,2025-06-24,486,45.59719,24,1.085135416829888,2025-06-06,475,43.89804,1.097451,24.631166340223842,TP1,1,22.448579923393954,0.02661229527016349,50,-0.2609357283922003,Risk-on,90,0.3293892673593074,90,0.1538894711737007,53,2.9906908180183795,Financials,2025-05-19,False,25,BAC,129.81218109678773,4.407651583659776,True,True,BAC-2025-05-19,100,WATCH,90,45
60-74,72,2025-05-20,43.405416673195525,2.170270833659776,2025-06-24,486,45.59719,24,1.085135416829888,2025-06-24,486,45.59719,1.13992975,109.58866634022364,TP2,2,107.36360117339376,0.1272771759035372,50,-0.2609357283922003,Risk-on,90,0.3293892673593074,90,0.1538894711737007,53,2.9906908180183795,Financials,2025-05-19,False,25,BAC,129.81218109678773,4.407651583659776,True,True,BAC-2025-05-19,100,WATCH,90,45
75-89,77,2025-05-20,593.0986078615239,29.654930393076192,2025-06-23,485,630.814435,23,14.827465196538096,2025-06-06,475,605.2172400000001,15.130431000000003,605.9316069238093,TP1,1,575.9737107272712,0.04879950049084945,50,-0.21118110737410978,Risk-on,90,0.3519963894400992,100,0.2059811841915383,47,4.0990945002305015,Financials,2025-05-19,False,25,GS,2431.1672415795397,60.555722268076195,True,True,GS-2025-05-19,100,BUY,90,70
75-89,77,2025-05-20,593.0986078615239,29.654930393076192,2025-06-23,485,630.814435,23,14.827465196538096,2025-06-23,485,630.814435,15.770360875000001,1885.7913569238065,TP2,2,1855.1935308522684,0.15718168370068883,50,-0.21118110737410978,Risk-on,90,0.3519963894400992,100,0.2059811841915383,47,4.0990945002305015,Financials,2025-05-19,False,25,GS,2431.1672415795397,60.555722268076195,True,True,GS-2025-05-19,100,BUY,90,70
60-74,71,2025-05-20,216.078952631992,10.8039476315996,2025-06-30,490,224.48770000000002,28,5.401973815799801,2025-05-20,463,217.64112500000002,5.441028125000001,78.10861840040104,TP1,1,67.26561645960123,0.019948904461457303,50,-0.0909902461568965,Risk-on,90,0.2922907260969693,100,0.14137118188301262,67,2.206086306592109,Industrials,2025-05-19,False,25,HON,476.68881854420255,21.8571682565996,True,True,HON-2025-05-19,100,WATCH,90,20
60-74,71,2025-05-20,216.078952631992,10.8039476315996,2025-06-30,490,224.48770000000002,28,5.401973815799801,2025-06-30,490,224.48770000000002,5.6121925,420.4373684004011,TP2,2,409.4232020846013,0.12142227742155531,50,-0.0909902461568965,Risk-on,90,0.2922907260969693,100,0.14137118188301262,67,2.206086306592109,Industrials,2025-05-19,False,25,HON,476.68881854420255,21.8571682565996,True,True,HON-2025-05-19,100,WATCH,90,20
60-74,73,2025-05-20,365.0802336593828,18.25401168296914,2025-07-02,492,351.2682782440186,30,9.12700584148457,2025-06-04,473,366.07687,9.15192175,49.831817030857906,TP1,1,31.552889439373338,0.005762007816773979,50,-0.5987002631157844,Risk-on,90,0.1367221459098196,90,-0.12362138524411365,61,-1.8542597810376586,Financials,2025-05-19,False,25,V,-676.9535941264244,36.1876403890696,True,False,V-2025-05-19,100,WATCH,90,45
60-74,73,2025-05-20,365.0802336593828,18.25401168296914,2025-07-02,492,351.2682782440186,30,9.12700584148457,2025-07-02,492,351.2682782440186,8.781706956100464,-690.5977707682126,TIME,2,-708.5064835657977,-0.1293833930608876,50,-0.5987002631157844,Risk-on,90,0.1367221459098196,90,-0.12362138524411365,61,-1.8542597810376586,Financials,2025-05-19,False,25,V,-676.9535941264244,36.1876403890696,True,False,V-2025-05-19,100,WATCH,90,45
0-59,58,2025-05-20,165.838762580214,8.291938129010699,2025-06-10,477,176.49171,15,4.1459690645053495,2025-05-21,464,168.57567,4.21439175,136.84537098930036,TP1,1,128.485010174795,0.05098861889181854,50,-0.14280775903972628,Risk-on,90,0.5855859491785047,100,0.25897070035573483,36,3.9349914893024427,Communication Services,2025-05-19,False,25,GOOGL,652.5741193495904,16.9186226290107,True,True,GOOGL-2025-05-19,60,SKIP,90,20
0-59,58,2025-05-20,165.838762580214,8.291938129010699,2025-06-10,477,176.49171,15,4.1459690645053495,2025-06-10,477,176.49171,4.412292750000001,532.6473709893008,TP2,2,524.0891091747955,0.20798208146391628,50,-0.14280775903972628,Risk-on,90,0.5855859491785047,100,0.25897070035573483,36,3.9349914893024427,Communication Services,2025-05-19,False,25,GOOGL,652.5741193495904,16.9186226290107,True,True,GOOGL-2025-05-19,60,SKIP,90,20
0-59,56,2025-05-21,204.46143829144643,10.223071914572321,2025-07-03,493,212.59980841827394,30,5.1115359572861605,2025-07-03,493,213.32328500000003,5.333082125000001,443.09233542768,TP1,1,432.64771734539386,0.21332200957752614,50,-0.5801307420140702,Risk-on,90,0.46053772473500393,90,0.40881700824379463,18,4.055237503206555,Technology,2025-05-20,False,25,AAPL,829.1396925190263,20.87114925002917,True,False,AAPL-2025-05-20,50,SKIP,90,45
0-59,56,2025-05-21,204.46143829144643,10.223071914572321,2025-07-03,493,212.59980841827394,30,5.1115359572861605,2025-07-03,493,212.59980841827394,5.314995210456848,406.9185063413755,TIME,2,396.4919751736325,0.19549499866626852,50,-0.5801307420140702,Risk-on,90,0.46053772473500393,90,0.40881700824379463,18,4.055237503206555,Technology,2025-05-20,False,25,AAPL,829.1396925190263,20.87114925002917,True,False,AAPL-2025-05-20,50,SKIP,90,45
75-89,77,2025-05-21,366.0996447963099,18.304982239815498,2025-07-03,493,361.87286709594724,30,18.304982239815498,2025-07-03,493,361.87286709594724,18.09364335479736,-422.6777700362675,TIME,1,-459.0763956308803,-0.1303096861422133,100,-0.8304228621964622,Risk-on,90,0.10663772673210661,100,-0.1303096861422133,43,-1.2539656952857756,Consumer Discretionary,2025-05-20,False,25,HD,-459.0763956308803,36.39862559461286,False,False,HD-2025-05-20,85,BUY,90,100
0-59,47,2025-05-21,742.1733664381403,37.10866832190702,2025-07-03,493,774.7986861572266,30,37.10866832190702,2025-07-03,493,774.7986861572266,38.739934307861326,3262.531971908629,TIME,1,3186.683369278861,0.41961312998608974,100,-0.5023960612641916,Risk-on,90,1.014329570492033,20,0.41961312998608974,16,4.293718305431092,Health Care,2025-05-20,False,100,LLY,3186.683369278861,75.84860262976835,False,False,LLY-2025-05-20,25,SKIP,90,20
0-59,54,2025-05-21,101.35156433904952,5.067578216952476,2025-06-17,482,110.75459500000001,19,2.533789108476238,2025-06-12,479,106.06694000000002,2.6516735000000002,235.76878304752498,TP1,1,230.58332043904875,0.4198864043154563,50,-0.5986393993575965,Risk-on,90,1.8260875995734327,55,1.266364475706867,43,6.861583282293311,Energy,2025-05-20,False,70,XOM,695.4321995030971,10.488116591952476,True,True,XOM-2025-05-20,25,SKIP,90,45
0-59,54,2025-05-21,101.35156433904952,5.067578216952476,2025-06-17,482,110.75459500000001,19,2.533789108476238,2025-06-17,482,110.75459500000001,2.7688648750000002,470.1515330475246,TP2,2,464.84887906404833,0.8464780713914108,50,-0.5986393993575965,Risk-on,90,1.8260875995734327,55,1.266364475706867,43,6.861583282293311,Energy,2025-05-20,False,70,XOM,695.4321995030971,10.488116591952476,True,True,XOM-2025-05-20,25,SKIP,90,45
60-74,70,2025-05-21,342.4647909281184,17.123239546405923,2025-06-24,486,363.89796,23,8.561619773202962,2025-06-06,475,350.694565,8.767364125,411.48870359407965,TP1,1,394.1597196958767,0.06357949011440273,50,-0.16841387337890115,Risk-on,90,0.4347839846899647,100,0.23359367502277123,55,4.2286364697289835,Industrials,2025-05-20,False,25,CAT,1448.1591045167534,34.988052671405924,True,True,CAT-2025-05-20,85,WATCH,90,45
60-74,70,2025-05-21,342.4647909281184,17.123239546405923,2025-06-24,486,363.89796,23,8.561619773202962,2025-06-24,486,363.89796,9.097449000000001,1071.6584535940797,TP2,2,1053.9993848208767,0.1700141849083685,50,-0.16841387337890115,Risk-on,90,0.4347839846899647,100,0.23359367502277123,55,4.2286364697289835,Industrials,2025-05-20,False,25,CAT,1448.1591045167534,34.988052671405924,True,True,CAT-2025-05-20,85,WATCH,90,45
60-74,68,2025-05-21,69.25803496006573,3.462901748003286,2025-07-03,493,69.35027913284303,30,3.462901748003286,2025-07-03,493,69.35027913284303,3.4675139566421507,9.224417277729913,TIME,1,2.2940015730844756,0.005021856428724588,100,-0.5193252652440767,Risk-on,90,0.2619564187060203,90,0.005021856428724588,52,0.03312253335525907,Consumer Staples,2025-05-20,False,25,KO,2.2940015730844756,6.930415704645437,False,False,KO-2025-05-20,100,WATCH,90,20
60-74,67,2025-05-21,71.4434655569898,3.57217327784949,2025-07-03,493,71.76499524307252,30,1.7860866389247447,2025-06-13,480,72.47374500000001,1.8118436250000003,51.51397215051006,TP1,1,47.91604188658531,0.043865238221879474,50,-0.902594181066079,Risk-on,90,0.15905974368852177,100,0.055305080933827085,60,0.8455960835568512,Utilities,2025-05-20,False,25,NEE,60.41231467071937,7.1781417839263035,True,False,NEE-2025-05-20,85,WATCH,90,20
60-74,67,2025-05-21,71.4434655569898,3.57217327784949,2025-07-03,493,71.76499524307252,30,1.7860866389247447,2025-07-03,493,71.76499524307252,1.7941248810768127,16.07648430413562,TIME,2,12.49627278413406,0.011439842711947614,50,-0.902594181066079,Risk-on,90,0.15905974368852177,100,0.055305080933827085,60,0.8455960835568512,Utilities,2025-05-20,False,25,NEE,60.41231467071937,7.1781417839263035,True,False,NEE-2025-05-20,85,WATCH,90,20
60-74,69,2025-05-21,629.556451920509,31.477822596025444,2025-06-06,475,691.963845,12,15.738911298012722,2025-06-02,471,659.6700000000001,16.49175,1505.6774039745562,TP1,1,1473.4467426765436,0.10373722539205368,50,-0.06630434119978883,Risk-on,90,0.49578083249765126,100,0.3210991493775509,44,7.244431178991319,Communication Services,2025-05-20,False,25,META,4560.778389228084,65.26866872102545,True,True,META-2025-05-20,100,WATCH,90,20
60-74,69,2025-05-21,629.556451920509,31.477822596025444,2025-06-06,475,691.963845,12,15.738911298012722,2025-06-06,475,691.963845,17.299096125,3120.3696539745524,TP2,2,3087.33164655154,0.2173619239854972,50,-0.06630434119978883,Risk-on,90,0.49578083249765126,100,0.3210991493775509,44,7.244431178991319,Communication Services,2025-05-20,False,25,META,4560.778389228084,65.26866872102545,True,True,META-2025-05-20,100,WATCH,90,20
60-74,69,2025-05-21,449.4456680409472,22.47228340204736,2025-06-04,473,466.68654000000004,10,11.23614170102368,2025-05-27,467,453.902935,11.347573375,222.8633479526394,TP1,1,200.27963287661572,0.05879222231481791,50,-0.09754413885126585,Risk-on,90,0.5788516066397227,100,0.30512242542222884,47,2.312670917841698,Materials,2025-05-20,False,25,LIN,1039.4199256282325,45.487020277047364,True,True,LIN-2025-05-20,100,WATCH,90,20
60-74,69,2025-05-21,449.4456680409472,22.47228340204736,2025-06-04,473,466.68654000000004,10,11.23614170102368,2025-06-04,473,466.68654000000004,11.667163500000001,862.0435979526405,TP2,2,839.1402927516168,0.2463302031074109,50,-0.09754413885126585,Risk-on,90,0.5788516066397227,100,0.30512242542222884,47,2.312670917841698,Materials,2025-05-20,False,25,LIN,1039.4199256282325,45.487020277047364,True,True,LIN-2025-05-20,100,WATCH,90,20
0-59,56,2025-05-22,129.62830890197642,6.481415445098821,2025-06-17,482,141.62915,18,3.2407077225494105,2025-06-09,476,136.20186500000003,3.405046625000001,328.6778049011801,TP1,1,322.03205055363065,0.5153907330858232,50,-0.19777191523366375,Risk-on,90,2.2922418262369275,40,1.464864627119732,30,7.060901100502632,Energy,2025-05-21,False,85,CVX,915.2926689822605,13.427190820098822,True,True,CVX-2025-05-21,25,SKIP,90,70
0-59,56,2025-05-22,129.62830890197642,6.481415445098821,2025-06-17,482,141.62915,18,3.2407077225494105,2025-06-17,482,141.62915,3.5407287500000004,600.0420549011792,TP2,2,593.2606184286299,0.949473894033909,50,-0.19777191523366375,Risk-on,90,2.2922418262369275,40,1.464864627119732,30,7.060901100502632,Energy,2025-05-21,False,85,CVX,915.2926689822605,13.427190820098822,True,True,CVX-2025-05-21,25,SKIP,90,70
0-59,52,2025-05-22,100.5730983536288,5.02865491768144,2025-07-07,494,102.94191912460326,30,5.02865491768144,2025-07-07,494,102.94191912460326,5.147095956230164,236.8820770974466,TIME,1,226.70632622353497,0.2801230336239324,100,-0.2136783967751805,Risk-on,90,0.7774252785537413,75,0.2801230336239324,26,2.2541447955237937,Real Estate,2025-05-21,False,70,PLD,226.70632622353497,10.175750873911603,False,False,PLD-2025-05-21,25,SKIP,90,20
0-59,50,2025-05-23,148.0755196544454,7.40377598272227,2025-07-08,495,151.91629816436767,30,3.701887991361135,2025-06-10,477,152.953485,3.823837125,243.89826727772999,TP1,1,236.37254216136884,0.23070820234951195,50,-0.2604735655779652,Risk-on,90,0.5689328695341079,55,0.4108251083481007,36,2.8425473244616497,Health Care,2025-05-22,False,25,JNJ,420.9116722120122,15.025520561831463,True,False,JNJ-2025-05-22,40,SKIP,90,45
0-59,50,2025-05-23,148.0755196544454,7.40377598272227,2025-07-08,495,151.91629816436767,30,3.701887991361135,2025-07-08,495,151.91629816436767,3.797907454109192,192.03892549611368,TIME,2,184.53913005064337,0.18011690599858876,50,-0.2604735655779652,Risk-on,90,0.5689328695341079,55,0.4108251083481007,36,2.8425473244616497,Health Care,2025-05-22,False,25,JNJ,420.9116722120122,15.025520561831463,True,False,JNJ-2025-05-22,40,SKIP,90,45
0-59,59,2025-05-23,203.69288980425512,10.184644490212754,2025-07-08,495,212.38525510406495,30,5.092322245106377,2025-06-24,486,215.87201,5.396800249999999,608.9560097872436,TP1,1,598.4668872921372,0.33095754814106726,50,-0.15037819178839087,Risk-on,90,0.7293642515911849,35,0.5655529673245436,58,5.020711324988809,Real Estate,2025-05-22,False,70,AMT,1022.683198659921,20.89107611781438,True,False,AMT-2025-05-22,65,SKIP,90,20
0-59,59,2025-05-23,203.69288980425512,10.184644490212754,2025-07-08,495,212.38525510406495,30,5.092322245106377,2025-07-08,495,212.38525510406495,5.309631377601624,434.6182649904918,TIME,2,424.21631136778376,0.2345954191834764,50,-0.15037819178839087,Risk-on,90,0.7293642515911849,35,0.5655529673245436,58,5.020711324988809,Real Estate,2025-05-22,False,70,AMT,1022.683198659921,20.89107611781438,True,False,AMT-2025-05-22,65,SKIP,90,20
75-89,77,2025-05-28,240.32766230180437,12.01638311509022,2025-06-04,473,249.08539500000003,6,6.008191557545109,2025-05-28,468,240.57965000000002,6.01449125,12.59938490978243,TP1,1,0.5767021022373209,0.00011125156433168228,50,-0.007874549461563823,Risk-on,90,0.2138702761153811,60,0.08222361728002528,87,1.7735287169906262,Industrials,2025-05-27,False,25,GE,426.2280105794756,24.258009240090217,True,True,GE-2025-05-27,100,BUY,90,85
75-89,77,2025-05-28,240.32766230180437,12.01638311509022,2025-06-04,473,249.08539500000003,6,6.008191557545109,2025-06-04,473,249.08539500000003,6.227134875000001,437.88663490978337,TP2,2,425.6513084772383,0.0821123657156936,50,-0.007874549461563823,Risk-on,90,0.2138702761153811,60,0.08222361728002528,87,1.7735287169906262,Industrials,2025-05-27,False,25,GE,426.2280105794756,24.258009240090217,True,True,GE-2025-05-27,100,BUY,90,85
75-89,78,2025-05-29,365.4726535491943,18.273632677459712,2025-07-11,498,313.35325476074223,30,9.136816338729856,2025-05-29,469,364.8175,9.1204375,-32.757677459716206,TP1,1,-51.014931298446065,-0.004437908105932855,50,-0.8026144612193066,Risk-on,90,0.0194631253547038,100,-0.23261364012658237,100,-7.31643118154358,Consumer Discretionary,2025-05-28,False,25,TSLA,-2673.9555184287988,35.227901546478265,True,False,TSLA-2025-05-28,100,BUY,90,45
75-89,78,2025-05-29,365.4726535491943,18.273632677459712,2025-07-11,498,313.35325476074223,30,9.136816338729856,2025-07-11,498,313.35325476074223,7.833831369018556,-2605.9699394226045,TIME,2,-2622.940587130353,-0.22817573202064953,50,-0.8026144612193066,Risk-on,90,0.0194631253547038,100,-0.23261364012658237,100,-7.31643118154358,Consumer Discretionary,2025-05-28,False,25,TSLA,-2673.9555184287988,35.227901546478265,True,False,TSLA-2025-05-28,100,BUY,90,45
60-74,67,2025-05-29,96.86891356099979,4.8434456780499895,2025-07-11,498,93.57047803878784,30,2.4217228390249947,2025-06-02,471,98.620665,2.4655166250000002,87.58757195001081,TP1,1,82.70033248598581,0.09905520267008534,50,-0.5046872837707,Risk-on,90,0.3814332757289567,80,-0.10418412860438091,51,-0.897939547549814,Consumer Staples,2025-05-28,False,25,WMT,-86.98242841460619,9.648224254019684,True,False,WMT-2025-05-28,100,WATCH,90,20
60-74,67,2025-05-29,96.86891356099979,4.8434456780499895,2025-07-11,498,93.57047803878784,30,2.4217228390249947,2025-07-11,498,93.57047803878784,2.339261950969696,-164.9217761105973,TIME,2,-169.682760900592,-0.20323933127446625,50,-0.5046872837707,Risk-on,90,0.3814332757289567,80,-0.10418412860438091,51,-0.897939547549814,Consumer Staples,2025-05-28,False,25,WMT,-86.98242841460619,9.648224254019684,True,False,WMT-2025-05-28,100,WATCH,90,20
75-89,78,2025-06-02,1028.9946417755023,51.449732088775114,2025-07-15,500,961.7821740112304,30,25.724866044387557,2025-06-02,471,1046.0767,26.151917500000003,854.1029112248907,TP1,1,802.2261276805032,0.10280384575717368,50,-0.8803811954316888,Risk-on,90,0.411510322014044,80,-0.3342319028555536,46,-2.534674696096996,Consumer Staples,2025-05-30,False,25,COST,-2608.1666809277585,101.64620393905588,True,False,COST-2025-05-30,100,BUY,90,100
75-89,78,2025-06-02,1028.9946417755023,51.449732088775114,2025-07-15,500,961.7821740112304,30,25.724866044387557,2025-07-15,500,961.7821740112304,24.04455435028076,-3360.623388213594,TIME,2,-3410.392808608262,-0.4370357486127273,50,-0.8803811954316888,Risk-on,90,0.411510322014044,80,-0.3342319028555536,46,-2.534674696096996,Consumer Staples,2025-05-30,False,25,COST,-2608.1666809277585,101.64620393905588,True,False,COST-2025-05-30,100,BUY,90,100
75-89,76,2025-06-03,247.80185534103836,12.390092767051918,2025-06-04,473,259.25031,2,6.195046383525959,2025-06-03,472,247.4762,6.186904999999999,-16.2827670519178,TP1,1,-28.66471843544376,-0.004510445569467683,50,-0.01254590525736401,Risk-on,90,0.23726602088441232,60,0.08356667284207024,99,2.1431708396541636,Technology,2025-06-02,False,25,AVGO,531.0817103791127,25.05825551705192,True,True,AVGO-2025-06-02,100,BUY,90,70
75-89,76,2025-06-03,247.80185534103836,12.390092767051918,2025-06-04,473,259.25031,2,6.195046383525959,2025-06-04,473,259.25031,6.481257750000001,572.4227329480825,TP2,2,559.7464288145565,0.08807711841153792,50,-0.01254590525736401,Risk-on,90,0.23726602088441232,60,0.08356667284207024,99,2.1431708396541636,Technology,2025-06-02,False,25,AVGO,531.0817103791127,25.05825551705192,True,True,AVGO-2025-06-02,100,BUY,90,70
75-89,81,2025-06-05,260.55460474151505,13.027730237075753,2025-06-30,490,274.712575,17,6.513865118537876,2025-06-24,486,262.74856,6.568714,109.6977629242474,TP1,1,96.61518380570952,0.013055293537904732,50,-0.29404190100721617,Risk-on,90,0.20451926285626296,60,0.10690307988262404,100,3.03633865162839,Technology,2025-06-04,False,25,AVGO,791.13201723642,26.464258612075753,True,True,AVGO-2025-06-04,100,BUY,90,100
75-89,81,2025-06-05,260.55460474151505,13.027730237075753,2025-06-30,490,274.712575,17,6.513865118537876,2025-06-30,490,274.712575,6.867814375,707.8985129242483,TP2,2,694.5168334307104,0.0938477863447193,50,-0.29404190100721617,Risk-on,90,0.20451926285626296,60,0.10690307988262404,100,3.03633865162839,Technology,2025-06-04,False,25,AVGO,791.13201723642,26.464258612075753,True,True,AVGO-2025-06-04,100,BUY,90,100
60-74,72,2025-06-05,250.9633754659308,12.54816877329654,2025-07-14,499,259.120375,26,6.27408438664827,2025-06-06,475,251.28429500000001,6.282107375000001,16.04597670346095,TP1,1,3.4897849418126814,0.0006893623567557806,50,-0.3996921501546601,Risk-on,90,0.2009047912696755,60,0.0787358930958432,97,1.588230422640835,Industrials,2025-06-04,False,25,GE,398.58766788362584,25.30828552329654,True,True,GE-2025-06-04,100,WATCH,90,45
60-74,72,2025-06-05,250.9633754659308,12.54816877329654,2025-07-14,499,259.120375,26,6.27408438664827,2025-07-14,499,259.120375,6.478009375000001,407.84997670346144,TP2,2,395.09788294181317,0.07804653073908742,50,-0.3996921501546601,Risk-on,90,0.2009047912696755,60,0.0787358930958432,97,1.588230422640835,Industrials,2025-06-04,False,25,GE,398.58766788362584,25.30828552329654,True,True,GE-2025-06-04,100,WATCH,90,45
75-89,77,2025-06-05,467.93808301746714,23.396904150873358,2025-07-18,503,458.60423185729985,30,11.698452075436679,2025-06-09,476,468.92542000000003,11.723135500000001,49.36684912664475,TP1,1,25.945261551208073,0.005742886775690967,50,-0.4649207463175836,Risk-on,90,0.0979125539065391,100,-0.10268493555816968,45,-0.9913936718668579,Materials,2025-06-04,False,25,LIN,-463.91085432902537,46.58514544730585,True,False,LIN-2025-06-04,100,BUY,90,70
75-89,77,2025-06-05,467.93808301746714,23.396904150873358,2025-07-18,503,458.60423185729985,30,11.698452075436679,2025-07-18,503,458.60423185729985,11.465105796432495,-466.69255800836424,TIME,2,-489.85611588023346,-0.10842782233386065,50,-0.4649207463175836,Risk-on,90,0.0979125539065391,100,-0.10268493555816968,45,-0.9913936718668579,Materials,2025-06-04,False,25,LIN,-463.91085432902537,46.58514544730585,True,False,LIN-2025-06-04,100,BUY,90,70
75-89,76,2025-06-06,142.38171046755352,7.119085523377676,2025-06-25,487,150.86453,13,3.559542761688838,2025-06-09,476,143.7281,3.5932025000000003,67.31947662232471,TP1,1,60.16673136063588,0.018078016578893286,50,-0.05165171323717032,Risk-on,90,0.35643809778382507,100,0.14331491539062505,79,3.3499847024240275,Technology,2025-06-05,False,25,NVDA,476.9765519712713,14.483901273377676,True,True,NVDA-2025-06-05,100,BUY,90,45
75-89,76,2025-06-06,142.38171046755352,7.119085523377676,2025-06-25,487,150.86453,13,3.559542761688838,2025-06-25,487,150.86453,3.77161325,424.1409766223242,TP2,2,416.8098206106354,0.12523689881173178,50,-0.05165171323717032,Risk-on,90,0.35643809778382507,100,0.14331491539062505,79,3.3499847024240275,Technology,2025-06-05,False,25,NVDA,476.9765519712713,14.483901273377676,True,True,NVDA-2025-06-05,100,BUY,90,45
60-74,74,2025-06-06,171.76020733915993,8.588010366957997,2025-06-09,476,176.01195,2,4.2940051834789985,2025-06-06,475,169.87502,4.246875500000001,-94.25936695799635,TP1,1,-102.80024764147535,-0.03397208964541392,50,-0.04652722743049306,Risk-on,90,0.15105887210736985,90,0.03340776232429349,65,0.5885681150083321,Technology,2025-06-05,False,25,ORCL,101.09258146704965,17.235184616957998,True,True,ORCL-2025-06-05,100,WATCH,90,45
60-74,74,2025-06-06,171.76020733915993,8.588010366957997,2025-06-09,476,176.01195,2,4.2940051834789985,2025-06-09,476,176.01195,4.40029875,212.58713304200398,TP2,2,203.892829108525,0.06737985196970742,50,-0.04652722743049306,Risk-on,90,0.15105887210736985,90,0.03340776232429349,65,0.5885681150083321,Technology,2025-06-05,False,25,ORCL,101.09258146704965,17.235184616957998,True,True,ORCL-2025-06-05,100,WATCH,90,45
60-74,74,2025-06-09,695.9907806543654,34.79953903271827,2025-06-27,489,727.11626,14,17.399769516359136,2025-06-09,476,699.6300100000001,17.49075025,181.96146728173517,TP1,1,147.07094751537605,0.011349750076569045,50,-0.15077683800655212,Risk-on,90,0.2858195885866832,90,0.1287048303273641,69,2.3962490382598545,Communication Services,2025-06-06,False,25,META,1667.7672387807484,70.46819578271827,True,True,META-2025-06-06,100,WATCH,90,45
60-74,74,2025-06-09,695.9907806543654,34.79953903271827,2025-06-27,489,727.11626,14,17.399769516359136,2025-06-27,489,727.11626,18.1779065,1556.2739672817315,TP2,2,1520.6962912653723,0.11735508025079505,50,-0.15077683800655212,Risk-on,90,0.2858195885866832,90,0.1287048303273641,69,2.3962490382598545,Communication Services,2025-06-06,False,25,META,1667.7672387807484,70.46819578271827,True,True,META-2025-06-06,100,WATCH,90,45
60-74,74,2025-06-10,175.42246852582184,8.77112342629109,2025-06-12,479,182.40875,3,4.385561713145545,2025-06-11,478,176.241835,4.406045875,40.96832370890837,TP1,1,32.17671612076282,0.011344822151664408,50,-0.12240934271165071,Risk-on,90,0.8589204792116599,60,0.13135140512446988,74,2.123701784025957,Technology,2025-06-09,False,25,ORCL,372.5450093665251,17.73738805129109,True,True,ORCL-2025-06-09,100,WATCH,90,70
60-74,74,2025-06-10,175.42246852582184,8.77112342629109,2025-06-12,479,182.40875,3,4.385561713145545,2025-06-12,479,182.40875,4.56021875,349.3140737089078,TP2,2,340.3682932457623,0.12000658297280549,50,-0.12240934271165071,Risk-on,90,0.8589204792116599,60,0.13135140512446988,74,2.123701784025957,Technology,2025-06-09,False,25,ORCL,372.5450093665251,17.73738805129109,True,True,ORCL-2025-06-09,100,WATCH,90,70
75-89,76,2025-06-11,179.34824815518746,8.967412407759372,2025-07-21,504,187.71609500000002,27,4.483706203879686,2025-06-30,490,180.499705,4.512492624999999,57.57284224062715,TP1,1,48.57664341174747,0.016279991760609534,50,-0.5968546885523968,Risk-on,90,0.34856044972677874,100,0.1534246832094622,54,2.552533307587006,Communication Services,2025-06-10,False,25,GOOGL,457.7923770734958,18.17280740775937,True,True,GOOGL-2025-06-10,85,BUY,90,85
75-89,76,2025-06-11,179.34824815518746,8.967412407759372,2025-07-21,504,187.71609500000002,27,4.483706203879686,2025-07-21,504,187.71609500000002,4.692902375000001,418.39234224062807,TP2,2,409.21573366174835,0.1371446914488527,50,-0.5968546885523968,Risk-on,90,0.34856044972677874,100,0.1534246832094622,54,2.552533307587006,Communication Services,2025-06-10,False,25,GOOGL,457.7923770734958,18.17280740775937,True,True,GOOGL-2025-06-10,85,BUY,90,85
60-74,72,2025-06-12,471.49141724970974,23.574570862485487,2025-06-23,485,481.80897500000003,7,11.787285431242744,2025-06-12,479,471.46415,11.786603750000001,-1.3633624854861637,TP1,1,-24.93725166672891,-0.00686193702776632,50,-0.07500354403697515,Risk-on,90,0.3410293074772879,70,0.128533271785176,82,0.9907033488886493,Technology,2025-06-11,False,25,MSFT,467.1081260415429,47.40639898748549,True,True,MSFT-2025-06-11,100,WATCH,90,45
60-74,72,2025-06-12,471.49141724970974,23.574570862485487,2025-06-23,485,481.80897500000003,7,11.787285431242744,2025-06-23,485,481.80897500000003,12.045224375000002,515.8778875145146,TP2,2,492.0453777082718,0.13539520881294234,50,-0.07500354403697515,Risk-on,90,0.3410293074772879,70,0.128533271785176,82,0.9907033488886493,Technology,2025-06-11,False,25,MSFT,467.1081260415429,47.40639898748549,True,True,MSFT-2025-06-11,100,WATCH,90,45
75-89,81,2025-06-13,198.98519584413557,9.949259792206778,2025-06-13,480,208.03593,1,4.974629896103389,2025-06-13,480,199.68011,4.99200275,34.745707793221925,TP1,1,24.779075147118537,0.004610472574884536,50,-0.00882625390953831,Risk-on,90,0.2738813946405523,60,0.08691758350810977,100,2.3476131116816656,Technology,2025-06-12,False,25,ORCL,467.14025479423674,20.142160792206777,True,True,ORCL-2025-06-12,100,BUY,90,100
75-89,81,2025-06-13,198.98519584413557,9.949259792206778,2025-06-13,480,208.03593,1,4.974629896103389,2025-06-13,480,208.03593,5.20089825,452.53670779322164,TP2,2,442.3611796471182,0.08230711093322524,50,-0.00882625390953831,Risk-on,90,0.2738813946405523,60,0.08691758350810977,100,2.3476131116816656,Technology,2025-06-12,False,25,ORCL,467.14025479423674,20.142160792206777,True,True,ORCL-2025-06-12,100,BUY,90,100
75-89,81,2025-06-16,210.4556015950871,10.522780079754355,2025-06-30,490,223.12838000000002,10,5.261390039877178,2025-06-25,487,213.603145,5.340078625,157.37717024564546,TP1,1,146.7757015807683,0.022173029331855436,50,-0.16047448260743372,Risk-on,90,0.222281967945209,60,0.11625772766504373,100,3.6567096169157147,Technology,2025-06-13,False,25,ORCL,769.5750222865372,21.441068204754355,True,True,ORCL-2025-06-13,100,BUY,90,100
75-89,81,2025-06-16,210.4556015950871,10.522780079754355,2025-06-30,490,223.12838000000002,10,5.261390039877178,2025-06-30,490,223.12838000000002,5.578209500000001,633.638920245646,TP2,2,622.7993207057689,0.09408469833318829,50,-0.16047448260743372,Risk-on,90,0.222281967945209,60,0.11625772766504373,100,3.6567096169157147,Technology,2025-06-13,False,25,ORCL,769.5750222865372,21.441068204754355,True,True,ORCL-2025-06-13,100,BUY,90,100
60-74,71,2025-06-18,111.12506463311128,5.556253231655565,2025-07-31,512,108.137173286438,30,2.778126615827782,2025-06-18,483,111.32431,2.78310775,9.962268344435898,TP1,1,4.401033978608116,0.0027863348969033052,50,-0.46122558884293235,Risk-on,90,0.14005432133744494,90,-0.09526715641770962,41,-1.3541057528276872,Energy,2025-06-17,False,25,XOM,-150.47508930304457,11.042790313816514,True,False,XOM-2025-06-17,85,WATCH,90,70
60-74,71,2025-06-18,111.12506463311128,5.556253231655565,2025-07-31,512,108.137173286438,30,2.778126615827782,2025-07-31,512,108.137173286438,2.7034293321609497,-149.39456733366399,TIME,2,-154.8761232816527,-0.09805349131461294,50,-0.46122558884293235,Risk-on,90,0.14005432133744494,90,-0.09526715641770962,41,-1.3541057528276872,Energy,2025-06-17,False,25,XOM,-150.47508930304457,11.042790313816514,True,False,XOM-2025-06-17,85,WATCH,90,70
60-74,72,2025-06-18,143.50434692650774,7.175217346325387,2025-07-10,497,148.155885,15,3.5876086731626935,2025-06-18,483,143.878025,3.5969506250000007,18.68390367461359,TP1,1,11.499344376450896,0.006157829466115296,50,-0.3656743296428218,Risk-on,90,0.29631752837160996,90,0.12679679947296704,24,1.650017907639868,Energy,2025-06-17,False,25,CVX,236.784742252902,14.476065096325389,True,True,CVX-2025-06-17,85,WATCH,90,85
60-74,72,2025-06-18,143.50434692650774,7.175217346325387,2025-07-10,497,148.155885,15,3.5876086731626935,2025-07-10,497,148.155885,3.703897125,232.5769036746138,TP2,2,225.2853978764511,0.12063897000685174,50,-0.3656743296428218,Risk-on,90,0.29631752837160996,90,0.12679679947296704,24,1.650017907639868,Energy,2025-06-17,False,25,CVX,236.784742252902,14.476065096325389,True,True,CVX-2025-06-17,85,WATCH,90,85
75-89,78,2025-06-20,269.23521289793024,13.461760644896511,2025-06-26,488,278.17084500000004,5,6.730880322448255,2025-06-23,485,271.0644,6.776609999999999,91.45935510348693,TP1,1,77.95186478103867,0.030963736075275625,50,-0.1395562740607398,Risk-on,90,0.5314957337757495,80,0.20299662231618948,62,1.8981481394516702,Financials,2025-06-18,False,25,JPM,511.04831843708064,27.19264176989651,True,True,JPM-2025-06-18,100,BUY,90,85
75-89,78,2025-06-20,269.23521289793024,13.461760644896511,2025-06-26,488,278.17084500000004,5,6.730880322448255,2025-06-26,488,278.17084500000004,6.954271125000001,446.78160510349016,TP2,2,433.09645365604194,0.17203288624091384,50,-0.1395562740607398,Risk-on,90,0.5314957337757495,80,0.20299662231618948,62,1.8981481394516702,Financials,2025-06-18,False,25,JPM,511.04831843708064,27.19264176989651,True,True,JPM-2025-06-18,100,BUY,90,85
75-89,79,2025-06-24,485.31798331272995,24.265899165636498,2025-06-27,489,494.55260000000004,4,12.132949582818249,2025-06-24,486,483.63806,12.0909515,-83.99616563649772,TP1,1,-108.22006671931597,-0.022055128296100138,50,-0.04841292887547429,Risk-on,90,0.20431687255657785,70,0.06705268503994388,87,0.677934909428979,Technology,2025-06-23,False,25,MSFT,329.0140030613703,48.720665665636496,True,True,MSFT-2025-06-23,100,BUY,90,85
75-89,79,2025-06-24,485.31798331272995,24.265899165636498,2025-06-27,489,494.55260000000004,4,12.132949582818249,2025-06-27,489,494.55260000000004,12.363815,461.7308343635045,TP2,2,437.2340697806863,0.08910781333604402,50,-0.04841292887547429,Risk-on,90,0.20431687255657785,70,0.06705268503994388,87,0.677934909428979,Technology,2025-06-23,False,25,MSFT,329.0140030613703,48.720665665636496,True,True,MSFT-2025-06-23,100,BUY,90,85
75-89,78,2025-06-24,641.8563237148522,32.09281618574261,2025-06-25,487,654.39264,2,16.046408092871307,2025-06-24,486,634.32268,15.858066999999998,-376.6821857426123,TP1,1,-408.58666083548366,-0.04518947951523132,50,-0.01666637135977527,Risk-on,90,0.16634151287897558,90,0.020551922672178993,70,0.28950860568538594,Financials,2025-06-23,False,25,GS,185.8229293290346,64.3106991857426,True,True,GS-2025-06-23,100,BUY,90,70
75-89,78,2025-06-24,641.8563237148522,32.09281618574261,2025-06-25,487,654.39264,2,16.046408092871307,2025-06-25,487,654.39264,16.359816,626.8158142573895,TP2,2,594.4095901645182,0.06574140218741031,50,-0.01666637135977527,Risk-on,90,0.16634151287897558,90,0.020551922672178993,70,0.28950860568538594,Financials,2025-06-23,False,25,GS,185.8229293290346,64.3106991857426,True,True,GS-2025-06-23,100,BUY,90,70
75-89,77,2025-06-25,45.60975301764225,2.2804876508821126,2025-07-02,492,47.426275000000004,6,1.1402438254410563,2025-06-26,488,46.15691,1.15392275,27.357849117887767,TP1,1,25.06368254244671,0.0552093526785378,50,-0.030891081281196314,Risk-on,90,0.45847603973141016,90,0.25015431570520463,59,2.489903440519968,Financials,2025-06-24,False,25,BAC,113.56388095989344,4.620067275882112,True,True,BAC-2025-06-24,100,BUY,90,70
75-89,77,2025-06-25,45.60975301764225,2.2804876508821126,2025-07-02,492,47.426275000000004,6,1.1402438254410563,2025-07-02,492,47.426275000000004,1.1856568750000003,90.8260991178878,TP2,2,88.50019841744673,0.19494496302666683,50,-0.030891081281196314,Risk-on,90,0.45847603973141016,90,0.25015431570520463,59,2.489903440519968,Financials,2025-06-24,False,25,BAC,113.56388095989344,4.620067275882112,True,True,BAC-2025-06-24,100,BUY,90,70
75-89,81,2025-06-25,368.5072378067044,18.425361890335218,2025-06-27,489,379.60010500000004,3,9.212680945167609,2025-06-25,487,369.23529,9.23088225,36.40260966478195,TP1,1,17.95904646961434,0.00428542834353574,50,-0.08662923466998809,Risk-on,90,0.33703401521425297,90,0.1321728063107076,58,1.5030904843577881,Industrials,2025-06-24,False,25,CAT,553.8997225642298,37.14624676533522,True,True,CAT-2025-06-24,100,BUY,90,100
75-89,81,2025-06-25,368.5072378067044,18.425361890335218,2025-06-27,489,379.60010500000004,3,9.212680945167609,2025-06-27,489,379.60010500000004,9.490002625,554.643359664783,TP2,2,535.9406760946155,0.12788737796717187,50,-0.08662923466998809,Risk-on,90,0.33703401521425297,90,0.1321728063107076,58,1.5030904843577881,Industrials,2025-06-24,False,25,CAT,553.8997225642298,37.14624676533522,True,True,CAT-2025-06-24,100,BUY,90,100
75-89,83,2025-06-26,155.85041309028057,7.7925206545140275,2025-07-03,493,160.17987,6,3.8962603272570133,2025-06-26,488,154.16288000000003,3.854072000000001,-84.37665451402694,TP1,1,-92.12698684128395,-0.03273832070116402,50,-0.16211270229086375,Risk-on,90,0.17467606505370972,90,0.04138002565699696,100,0.7471594027792301,Technology,2025-06-25,False,25,NVDA,116.44510156743033,15.651089404514028,True,True,NVDA-2025-06-25,100,BUY,90,85
75-89,83,2025-06-26,155.85041309028057,7.7925206545140275,2025-07-03,493,160.17987,6,3.8962603272570133,2025-07-03,493,160.17987,4.0044967499999995,216.47284548597128,TP2,2,208.57208840871428,0.07411834635816097,50,-0.16211270229086375,Risk-on,90,0.17467606505370972,90,0.04138002565699696,100,0.7471594027792301,Technology,2025-06-25,False,25,NVDA,116.44510156743033,15.651089404514028,True,True,NVDA-2025-06-25,100,BUY,90,85
60-74,70,2025-06-26,657.7151998246725,32.88575999123362,2025-06-27,489,676.5015800000001,2,16.44287999561681,2025-06-26,488,656.57155,16.41428875,-57.18249123362398,TP1,1,-90.03965997924078,-0.00959448753345494,50,-0.004651364599090534,Risk-on,90,0.24280300879208172,60,0.08694359762842256,79,1.240542912052245,Financials,2025-06-25,False,25,GS,815.9239292915235,66.21258824123362,True,True,GS-2025-06-25,100,WATCH,90,45
60-74,70,2025-06-26,657.7151998246725,32.88575999123362,2025-06-27,489,676.5015800000001,2,16.44287999561681,2025-06-27,489,676.5015800000001,16.9125395,939.3190087663811,TP2,2,905.9635892707643,0.09653808516187751,50,-0.004651364599090534,Risk-on,90,0.24280300879208172,60,0.08694359762842256,79,1.240542912052245,Financials,2025-06-25,False,25,GS,815.9239292915235,66.21258824123362,True,True,GS-2025-06-25,100,WATCH,90,45
60-74,73,2025-06-27,279.2398320206999,13.961991601034995,2025-07-03,493,289.485185,5,6.980995800517498,2025-06-30,490,282.47869000000003,7.06196725,161.94289896500607,TP1,1,147.89993591448857,0.047895317505401505,50,-0.028868770519616782,Risk-on,90,0.3755284955666562,60,0.20918166232930666,70,2.3132425441585704,Financials,2025-06-26,False,25,JPM,645.9494594539757,28.261088476034995,True,True,JPM-2025-06-26,100,WATCH,90,70
60-74,73,2025-06-27,279.2398320206999,13.961991601034995,2025-07-03,493,289.485185,5,6.980995800517498,2025-07-03,493,289.485185,7.237129625,512.2676489650047,TP2,2,498.04952353948715,0.16128634482390516,50,-0.028868770519616782,Risk-on,90,0.3755284955666562,60,0.20918166232930666,70,2.3132425441585704,Financials,2025-06-26,False,25,JPM,645.9494594539757,28.261088476034995,True,True,JPM-2025-06-26,100,WATCH,90,70
60-74,62,2025-06-27,112.28440584885598,5.614220292442799,2025-08-01,513,117.851045,25,2.807110146221399,2025-07-01,491,114.28283,2.8570707500000005,99.92120755720109,TP1,1,94.25702666097968,0.19140791712542757,50,-0.15855473018597585,Risk-on,90,1.4091931088325922,55,0.7449337223742043,25,3.2670217665020185,Utilities,2025-06-26,False,25,DUK,366.83559794695907,11.417567167442801,True,True,DUK-2025-06-26,75,WATCH,90,70
60-74,62,2025-06-27,112.28440584885598,5.614220292442799,2025-08-01,513,117.851045,25,2.807110146221399,2025-08-01,513,117.851045,2.946276125,278.33195755720084,TP2,2,272.5785712859794,0.5535258052487768,50,-0.15855473018597585,Risk-on,90,1.4091931088325922,55,0.7449337223742043,25,3.2670217665020185,Utilities,2025-06-26,False,25,DUK,366.83559794695907,11.417567167442801,True,True,DUK-2025-06-26,75,WATCH,90,70
75-89,80,2025-06-30,493.3479017899912,24.66739508949956,2025-07-17,502,505.40717000000006,13,12.33369754474978,2025-06-30,490,495.09233,12.37730825,87.22141050043888,TP1,1,62.5104047056891,0.012497606350652167,50,-0.17034822541938904,Risk-on,90,0.31896619614479804,60,0.1280551393580345,92,1.2982824819715804,Technology,2025-06-27,False,25,MSFT,640.5049384113813,49.679882589499556,True,True,MSFT-2025-06-27,100,BUY,90,100
75-89,80,2025-06-30,493.3479017899912,24.66739508949956,2025-07-17,502,505.40717000000006,13,12.33369754474978,2025-07-17,502,505.40717000000006,12.63517925,602.9634105004419,TP2,2,577.9945337056922,0.11555753300738235,50,-0.17034822541938904,Risk-on,90,0.31896619614479804,60,0.1280551393580345,92,1.2982824819715804,Technology,2025-06-27,False,25,MSFT,640.5049384113813,49.679882589499556,True,True,MSFT-2025-06-27,100,BUY,90,100
75-89,79,2025-06-30,700.5251363569206,35.02625681784603,2025-07-02,492,700.159745,3,17.513128408923016,2025-06-30,490,680.15975,17.00399375,-1018.2693178460283,TP1,1,-1052.7864400049514,-0.07700021137712781,50,-0.10049729459514045,Risk-on,90,0.02941602512618828,60,-0.08089757007061969,78,-1.578919973717193,Financials,2025-06-27,False,25,GS,-1106.073129884902,69.53424419284603,True,True,GS-2025-06-27,100,BUY,90,100
75-89,79,2025-06-30,700.5251363569206,35.02625681784603,2025-07-02,492,700.159745,3,17.513128408923016,2025-07-02,492,700.159745,17.503993625000003,-18.269567846027712,TP2,2,-53.28668987995073,-0.003897358693491879,50,-0.10049729459514045,Risk-on,90,0.02941602512618828,60,-0.08089757007061969,78,-1.578919973717193,Financials,2025-06-27,False,25,GS,-1106.073129884902,69.53424419284603,True,True,GS-2025-06-27,100,BUY,90,100
75-89,77,2025-06-30,381.6569088198317,19.082845440991587,2025-07-02,492,392.813495,3,9.541422720495794,2025-06-30,490,382.438685,9.560967125000001,39.08880900841609,TP1,1,19.986419162920296,0.0036294790449037176,50,-0.04040334196912153,Risk-on,90,0.21763913474230986,60,0.10141371288934926,63,1.4632355793131144,Industrials,2025-06-27,False,25,CAT,558.4539680758389,38.46414994099159,True,True,CAT-2025-06-27,100,BUY,90,100
75-89,77,2025-06-30,381.6569088198317,19.082845440991587,2025-07-02,492,392.813495,3,9.541422720495794,2025-07-02,492,392.813495,9.820337375,557.8293090084145,TP2,2,538.4675489129187,0.09778423384444555,50,-0.04040334196912153,Risk-on,90,0.21763913474230986,60,0.10141371288934926,63,1.4632355793131144,Industrials,2025-06-27,False,25,CAT,558.4539680758389,38.46414994099159,True,True,CAT-2025-06-27,100,BUY,90,100
75-89,81,2025-06-30,742.4887493783909,37.124437468919545,2025-07-31,512,756.4415900000001,23,18.562218734459773,2025-06-30,490,732.663485,18.316587125,-491.2632189195449,TP1,1,-528.1420247790046,-0.03998387654243367,50,-0.4053842206049277,Risk-on,90,0.3005375625564554,90,0.009995306067951496,83,0.17781649611193154,Communication Services,2025-06-27,False,25,META,132.02674781699557,74.35206434391955,True,True,META-2025-06-27,100,BUY,90,85
75-89,81,2025-06-30,742.4887493783909,37.124437468919545,2025-07-31,512,756.4415900000001,23,18.562218734459773,2025-07-31,512,756.4415900000001,18.91103975,697.6420310804599,TP2,2,660.1687725960002,0.04997918261038516,50,-0.4053842206049277,Risk-on,90,0.3005375625564554,90,0.009995306067951496,83,0.17781649611193154,Communication Services,2025-06-27,False,25,META,132.02674781699557,74.35206434391955,True,True,META-2025-06-27,100,BUY,90,85
75-89,77,2025-07-01,272.5402720565824,13.62701360282912,2025-07-21,504,287.226315,14,6.81350680141456,2025-07-09,496,275.552155,6.888803875000001,150.5941471708809,TP1,1,136.89183649446633,0.03148366604429802,50,-0.27117581518435613,Risk-on,90,0.36536991241809297,90,0.1971468388867087,100,3.145222584979908,Technology,2025-06-30,False,25,AVGO,857.1998189889314,27.69647535282912,True,True,AVGO-2025-06-30,100,BUY,90,45
75-89,77,2025-07-01,272.5402720565824,13.62701360282912,2025-07-21,504,287.226315,14,6.81350680141456,2025-07-21,504,287.226315,7.180657875,734.3021471708795,TP2,2,720.307982494465,0.16566317284241067,50,-0.27117581518435613,Risk-on,90,0.36536991241809297,90,0.1971468388867087,100,3.145222584979908,Technology,2025-06-30,False,25,AVGO,857.1998189889314,27.69647535282912,True,True,AVGO-2025-06-30,100,BUY,90,45
75-89,85,2025-07-01,216.47709904540903,10.823854952270453,2025-07-08,495,235.78205000000003,5,5.411927476135227,2025-07-02,492,225.057415,5.626435375,429.0157977295479,TP1,1,417.9774348784126,0.06431698614310441,50,-0.04705897954631603,Risk-on,90,0.3344648274689358,90,0.21110628479095736,100,6.337476388641222,Technology,2025-06-30,False,25,ORCL,1371.918503881827,22.34484157727045,True,True,ORCL-2025-06-30,100,BUY,90,100
75-89,85,2025-07-01,216.47709904540903,10.823854952270453,2025-07-08,495,235.78205000000003,5,5.411927476135227,2025-07-08,495,235.78205000000003,5.89455125,965.2475477295496,TP2,2,953.9410690034144,0.14678929864785295,50,-0.04705897954631603,Risk-on,90,0.3344648274689358,90,0.21110628479095736,100,6.337476388641222,Technology,2025-06-30,False,25,ORCL,1371.918503881827,22.34484157727045,True,True,ORCL-2025-06-30,100,BUY,90,100
0-59,46,2025-07-01,303.9847128049003,15.199235640245016,2025-07-24,507,272.92347,17,7.599617820122507,2025-07-01,491,308.14585000000005,7.703646250000002,208.05685975498704,TP1,1,192.75359568486454,0.06232995497837604,50,-1.0678067912572151,Risk-on,90,0.45425728631009576,55,-0.4445413148388024,0,-4.522369682493165,Health Care,2025-06-30,True,25,UNH,-1374.7312491302732,29.72596864024502,True,False,UNH-2025-06-30,50,SKIP,90,20
0-59,46,2025-07-01,303.9847128049003,15.199235640245016,2025-07-24,507,272.92347,17,7.599617820122507,2025-07-24,507,272.92347,6.823086750000001,-1553.0621402450151,STOP,2,-1567.4848448151376,-0.5068712698171784,50,-1.0678067912572151,Risk-on,90,0.45425728631009576,55,-0.4445413148388024,0,-4.522369682493165,Health Care,2025-06-30,True,25,UNH,-1374.7312491302732,29.72596864024502,True,False,UNH-2025-06-30,50,SKIP,90,20
75-89,79,2025-07-01,226.06700694013387,11.303350347006694,2025-07-01,491,230.894495,1,5.651675173503347,2025-07-01,491,225.81703500000003,5.645425875000001,-12.498597006691625,TP1,1,-23.795698055194972,-0.013765076937610523,50,-0.028359659126828248,Risk-on,90,0.29004343568947494,100,0.11925411270067572,46,0.9119184182599531,Industrials,2025-06-30,False,25,HON,206.15466738960873,22.721138597006693,True,True,HON-2025-06-30,100,BUY,90,85
75-89,79,2025-07-01,226.06700694013387,11.303350347006694,2025-07-01,491,230.894495,1,5.651675173503347,2025-07-01,491,230.894495,5.772362375000001,241.37440299330706,TP2,2,229.9503654448037,0.13301918963828624,50,-0.028359659126828248,Risk-on,90,0.29004343568947494,100,0.11925411270067572,46,0.9119184182599531,Industrials,2025-06-30,False,25,HON,206.15466738960873,22.721138597006693,True,True,HON-2025-06-30,100,BUY,90,85
75-89,79,2025-07-02,230.4997054945511,11.524985274727555,2025-08-11,519,208.45572,28,5.762492637363778,2025-07-02,492,230.96446000000003,5.774111500000001,23.23772527244614,TP1,1,11.701121135082364,0.005333308205977708,50,-1.0616800051735793,Risk-on,90,0.15171439815845997,90,-0.502045043176808,56,-4.778626666210098,Industrials,2025-07-01,True,25,HON,-1101.4720392298361,22.510489774727557,True,False,HON-2025-07-01,100,BUY,90,85
75-89,79,2025-07-02,230.4997054945511,11.524985274727555,2025-08-11,519,208.45572,28,5.762492637363778,2025-08-11,519,208.45572,5.211393,-1102.1992747275547,STOP,2,-1113.1731603649184,-0.5073783513827856,50,-1.0616800051735793,Risk-on,90,0.15171439815845997,90,-0.502045043176808,56,-4.778626666210098,Industrials,2025-07-01,True,25,HON,-1101.4720392298361,22.510489774727557,True,False,HON-2025-07-01,100,BUY,90,85
60-74,70,2025-07-03,221.93091732788085,11.096545866394044,2025-07-24,507,231.054415,15,5.548272933197023,2025-07-03,493,223.70809,5.59270225,88.8586336059575,TP1,1,77.71765842276046,0.03398099748627859,50,-0.15307320654916576,Risk-on,90,0.6151516561588984,100,0.22848576698035789,54,2.354642223861397,Consumer Discretionary,2025-07-02,False,25,AMZN,522.5679087205212,22.465608491394043,True,True,AMZN-2025-07-02,100,WATCH,90,20
60-74,70,2025-07-03,221.93091732788085,11.096545866394044,2025-07-24,507,231.054415,15,5.548272933197023,2025-07-24,507,231.054415,5.776360375,456.17488360595786,TP2,2,444.8502502977608,0.19450476949407927,50,-0.15307320654916576,Risk-on,90,0.6151516561588984,100,0.22848576698035789,54,2.354642223861397,Consumer Discretionary,2025-07-02,False,25,AMZN,522.5679087205212,22.465608491394043,True,True,AMZN-2025-07-02,100,WATCH,90,20
60-74,74,2025-07-03,47.93038335991017,2.3965191679955082,2025-08-14,522,46.66952084541321,30,1.1982595839977541,2025-07-03,493,47.666155,1.1916538749999999,-13.211417995508157,TP1,1,-15.60133145450591,-0.025040724708681277,50,-0.6635888738633409,Risk-on,90,0.05270502350613973,60,-0.1300232266697228,79,-1.6901482755976576,Financials,2025-07-02,False,25,BAC,-81.00945478448682,4.754911064130838,True,False,BAC-2025-07-02,100,WATCH,90,70
60-74,74,2025-07-03,47.93038335991017,2.3965191679955082,2025-08-14,522,46.66952084541321,30,1.1982595839977541,2025-08-14,522,46.66952084541321,1.1667380211353302,-63.043125724847826,TIME,2,-65.40812332998091,-0.10498250196104152,50,-0.6635888738633409,Risk-on,90,0.05270502350613973,60,-0.1300232266697228,79,-1.6901482755976576,Financials,2025-07-02,False,25,BAC,-81.00945478448682,4.754911064130838,True,False,BAC-2025-07-02,100,WATCH,90,70
75-89,78,2025-07-03,702.1336138494166,35.10668069247083,2025-08-12,520,724.97733,28,17.553340346235416,2025-07-03,493,704.197725,17.604943124999995,103.20555752916789,TP1,1,68.04727405793248,0.004921560500511942,50,-0.17701883454144027,Risk-on,90,0.22596804677337443,60,0.08495042732429084,100,1.6728373130456184,Financials,2025-07-02,False,25,GS,1174.555307990868,70.83605706747083,True,True,GS-2025-07-02,100,BUY,90,85
75-89,78,2025-07-03,702.1336138494166,35.10668069247083,2025-08-12,520,724.97733,28,17.553340346235416,2025-08-12,520,724.97733,18.124433250000003,1142.185807529171,TP2,2,1106.5080339329354,0.08002886682377888,50,-0.17701883454144027,Risk-on,90,0.22596804677337443,60,0.08495042732429084,100,1.6728373130456184,Financials,2025-07-02,False,25,GS,1174.555307990868,70.83605706747083,True,True,GS-2025-07-02,100,BUY,90,85
75-89,75,2025-07-03,394.1150336288214,19.70575168144107,2025-07-10,497,404.07786,5,9.852875840720534,2025-07-03,493,393.44318,9.8360795,-33.59268144106977,TP1,1,-53.28163678179031,-0.00866719928995862,50,-0.1771633249886025,Risk-on,90,0.20689824572488977,60,0.06911828011383324,89,1.0781239566633636,Industrials,2025-07-02,False,25,CAT,424.90485943641954,39.643777681441065,True,True,CAT-2025-07-02,100,BUY,90,70
75-89,75,2025-07-03,394.1150336288214,19.70575168144107,2025-07-10,497,404.07786,5,9.852875840720534,2025-07-10,497,404.07786,10.1019465,498.1413185589304,TP2,2,478.18649621820987,0.07778547940379187,50,-0.1771633249886025,Risk-on,90,0.20689824572488977,60,0.06911828011383324,89,1.0781239566633636,Industrials,2025-07-02,False,25,CAT,424.90485943641954,39.643777681441065,True,True,CAT-2025-07-02,100,BUY,90,70
60-74,64,2025-07-03,351.9870480997621,17.599352404988107,2025-08-14,522,343.21386630249026,30,17.599352404988107,2025-08-14,522,343.21386630249026,17.160693315124515,-877.3181797271832,TIME,1,-912.0782254472957,-0.3151939417949113,100,-0.8937690630822449,Risk-on,90,0.16775398177858497,50,-0.3151939417949113,30,-2.591226666922101,Financials,2025-07-02,False,50,V,-912.0782254472957,34.76004572011262,False,False,V-2025-07-02,100,WATCH,90,20
0-59,59,2025-07-07,211.9454890254178,10.59727445127089,2025-08-08,518,220.34977,25,5.298637225635445,2025-07-07,494,213.69310000000002,5.342327500000001,87.38054872911079,TP1,1,76.73958400347534,0.03308383967218087,50,-0.4846506826811264,Risk-on,90,0.7821223539496108,100,0.20958654966240517,45,2.29373247570581,Technology,2025-07-03,False,25,AAPL,486.1462512569502,21.448346201270887,True,True,AAPL-2025-07-03,60,SKIP,90,20
0-59,59,2025-07-07,211.9454890254178,10.59727445127089,2025-08-08,518,220.34977,25,5.298637225635445,2025-08-08,518,220.34977,5.5087442499999995,420.21404872911035,TP2,2,409.4066672534749,0.17650270999022433,50,-0.4846506826811264,Risk-on,90,0.7821223539496108,100,0.20958654966240517,45,2.29373247570581,Technology,2025-07-03,False,25,AAPL,486.1462512569502,21.448346201270887,True,True,AAPL-2025-07-03,60,SKIP,90,20
60-74,73,2025-07-07,158.06856521368348,7.903428260684175,2025-07-11,498,166.726595,5,3.9517141303420873,2025-07-09,496,160.68961500000003,4.017240375,131.05248931582736,TP1,1,123.08353481048528,0.05030271850253549,50,-0.038328830276436014,Risk-on,90,0.3922627993778892,90,0.22390570936075482,100,3.4659968247345248,Technology,2025-07-03,False,25,NVDA,547.8651451209691,16.088833510684175,True,True,NVDA-2025-07-03,100,WATCH,90,20
60-74,73,2025-07-07,158.06856521368348,7.903428260684175,2025-07-11,498,166.726595,5,3.9517141303420873,2025-07-11,498,166.726595,4.168164875,432.9014893158259,TP2,2,424.7816103104838,0.1736029908582193,50,-0.038328830276436014,Risk-on,90,0.3922627993778892,90,0.22390570936075482,100,3.4659968247345248,Technology,2025-07-03,False,25,NVDA,547.8651451209691,16.088833510684175,True,True,NVDA-2025-07-03,100,WATCH,90,20
60-74,63,2025-07-07,361.5721913348476,18.07860956674238,2025-08-07,517,379.680065,24,9.03930478337119,2025-07-28,509,369.67507000000006,9.241876750000001,405.1439332576223,TP1,1,386.8627517242511,0.11697523995533379,50,-0.5515372541126395,Risk-on,90,0.5968661210906412,100,0.38513478459209227,20,3.522740849818061,Consumer Discretionary,2025-07-03,False,25,HD,1273.7251285734997,36.81248794174238,True,True,HD-2025-07-03,85,WATCH,90,20
60-74,63,2025-07-07,361.5721913348476,18.07860956674238,2025-08-07,517,379.680065,24,9.03930478337119,2025-08-07,517,379.680065,9.492001625000002,905.3936832576198,TP2,2,886.8623768492486,0.26815954463675845,50,-0.5515372541126395,Risk-on,90,0.5968661210906412,100,0.38513478459209227,20,3.522740849818061,Consumer Discretionary,2025-07-03,False,25,HD,1273.7251285734997,36.81248794174238,True,True,HD-2025-07-03,85,WATCH,90,20
60-74,66,2025-07-07,289.8525087412447,14.492625437062237,2025-08-15,523,284.8944993133545,30,7.246312718531119,2025-07-23,506,290.69458,7.267364499999999,42.10356293776272,TP1,1,27.589885719231603,0.0066622106599771155,50,-0.3574855362474902,Risk-on,90,0.13961389508002248,60,-0.056668689729225494,72,-0.8096506112567234,Financials,2025-07-03,False,25,JPM,-234.67926087664355,28.8823524198961,True,False,JPM-2025-07-03,100,WATCH,90,20
60-74,66,2025-07-07,289.8525087412447,14.492625437062237,2025-08-15,523,284.8944993133545,30,7.246312718531119,2025-08-15,523,284.8944993133545,7.1223624828338625,-247.9004713945102,TIME,2,-262.26914659587516,-0.06333090038920261,50,-0.3574855362474902,Risk-on,90,0.13961389508002248,60,-0.056668689729225494,72,-0.8096506112567234,Financials,2025-07-03,False,25,JPM,-234.67926087664355,28.8823524198961,True,False,JPM-2025-07-03,100,WATCH,90,20
0-59,58,2025-07-07,775.5838367504598,38.77919183752299,2025-08-07,517,723.4381,24,38.77919183752299,2025-08-07,517,723.4381,36.171904999999995,-5214.573675045984,STOP,1,-5289.524771883507,-1.0214625071859968,100,-2.8354729023192093,Risk-on,90,0.7507094665239579,70,-1.0214625071859968,13,-6.820055448867465,Health Care,2025-07-03,True,70,LLY,-5289.524771883507,74.95109683752298,False,False,LLY-2025-07-03,60,SKIP,90,20
60-74,65,2025-07-07,69.43911702658761,3.4719558513293807,2025-08-15,523,67.96034944534303,30,3.4719558513293807,2025-08-15,523,67.96034944534303,3.3980174722671515,-147.87675812445826,TIME,1,-154.7467314480548,-0.4116571268028028,100,-0.948291563871833,Risk-on,90,0.0,100,-0.4116571268028028,7,-2.228523893654979,Consumer Staples,2025-07-03,False,25,KO,-154.7467314480548,6.869973323596533,False,False,KO-2025-07-03,100,WATCH,90,20
60-74,68,2025-07-07,71.66177440092203,3.5830887200461015,2025-07-23,506,76.14191000000001,13,1.7915443600230505,2025-07-14,499,73.14341000000002,1.8285852500000004,74.08177995389948,TP1,1,70.46165034387643,0.0796017240752735,50,-0.27193883854275425,Risk-on,90,0.5185667066403793,100,0.3284915826113517,30,4.0575793806190115,Utilities,2025-07-03,False,25,NEE,290.77333818775253,7.315221720046102,True,True,NEE-2025-07-03,100,WATCH,90,20
60-74,68,2025-07-07,71.66177440092203,3.5830887200461015,2025-07-23,506,76.14191000000001,13,1.7915443600230505,2025-07-23,506,76.14191000000001,1.90354775,224.00677995389913,TP2,2,220.3116878438761,0.24888985853607817,50,-0.27193883854275425,Risk-on,90,0.5185667066403793,100,0.3284915826113517,30,4.0575793806190115,Utilities,2025-07-03,False,25,NEE,290.77333818775253,7.315221720046102,True,True,NEE-2025-07-03,100,WATCH,90,20
0-59,54,2025-07-08,102.57005143410072,5.128502571705036,2025-08-18,524,102.08028198242188,30,2.564251285852518,2025-07-10,497,106.02696,2.650674,172.84542829496417,TP1,1,167.63050300911164,0.31568527177081995,50,-0.45291674138997834,Risk-on,90,1.570039483955909,75,0.2599330228768905,42,1.3456732268330345,Real Estate,2025-07-07,False,25,PLD,138.02577208975663,10.331183621265584,True,False,PLD-2025-07-07,40,SKIP,90,45
0-59,54,2025-07-08,102.57005143410072,5.128502571705036,2025-08-18,524,102.08028198242188,30,2.564251285852518,2025-08-18,524,102.08028198242188,2.552007049560547,-24.488472583941956,TIME,2,-29.60473091935502,-0.055752248893929476,50,-0.45291674138997834,Risk-on,90,1.570039483955909,75,0.2599330228768905,42,1.3456732268330345,Real Estate,2025-07-07,False,25,PLD,138.02577208975663,10.331183621265584,True,False,PLD-2025-07-07,40,SKIP,90,45
60-74,72,2025-07-09,232.4784214595291,11.623921072976454,2025-07-29,510,249.785045,15,5.811960536488227,2025-07-16,501,238.09089500000002,5.952272375000001,280.6236770235458,TP1,1,268.85944411205753,0.037996812049550036,50,-0.13984692578904842,Risk-on,90,0.2507075542109733,60,0.15858664047726512,100,4.8268309266262825,Technology,2025-07-08,False,25,ORCL,1122.1340344741143,23.820819572976454,True,True,ORCL-2025-07-08,100,WATCH,90,45
60-74,72,2025-07-09,232.4784214595291,11.623921072976454,2025-07-29,510,249.785045,15,5.811960536488227,2025-07-29,510,249.785045,6.244626125,865.3311770235448,TP2,2,853.2745903620566,0.12058982842771507,50,-0.13984692578904842,Risk-on,90,0.2507075542109733,60,0.15858664047726512,100,4.8268309266262825,Technology,2025-07-08,False,25,ORCL,1122.1340344741143,23.820819572976454,True,True,ORCL-2025-07-08,100,WATCH,90,45
60-74,71,2025-07-09,152.0683029363898,7.603415146819491,2025-07-16,501,157.03144500000002,6,3.8017075734097454,2025-07-10,497,153.82305000000002,3.8455762500000006,87.73735318051052,TP1,1,80.09006935710079,0.08585706307271457,50,-0.11168784280089891,Risk-on,90,1.0722401947365277,100,0.34359913161573136,24,2.1077349628428137,Health Care,2025-07-08,False,25,JNJ,320.51967883920133,15.374777521819492,True,True,JNJ-2025-07-08,100,WATCH,90,45
60-74,71,2025-07-09,152.0683029363898,7.603415146819491,2025-07-16,501,157.03144500000002,6,3.8017075734097454,2025-07-16,501,157.03144500000002,3.925786125,248.15710318051032,TP2,2,240.42960948210057,0.2577420685430168,50,-0.11168784280089891,Risk-on,90,1.0722401947365277,100,0.34359913161573136,24,2.1077349628428137,Health Care,2025-07-08,False,25,JNJ,320.51967883920133,15.374777521819492,True,True,JNJ-2025-07-08,100,WATCH,90,45
60-74,71,2025-07-09,211.64410601924138,10.58220530096207,2025-07-22,505,222.98845,10,5.291102650481034,2025-07-18,503,216.77156,5.419289,256.37269903793083,TP1,1,245.6623073874498,0.1549518510153149,50,-0.14877841475050319,Risk-on,90,0.7730914547321074,100,0.5058712812640042,28,3.789444967827197,Real Estate,2025-07-08,False,25,AMT,802.0136925249,21.57620555096207,True,True,AMT-2025-07-08,100,WATCH,90,45
60-74,71,2025-07-09,211.64410601924138,10.58220530096207,2025-07-22,505,222.98845,10,5.291102650481034,2025-07-22,505,222.98845,5.57471125,567.2171990379311,TP2,2,556.3513851374502,0.35091943024868927,50,-0.14877841475050319,Risk-on,90,0.7730914547321074,100,0.5058712812640042,28,3.789444967827197,Real Estate,2025-07-08,False,25,AMT,802.0136925249,21.57620555096207,True,True,AMT-2025-07-08,100,WATCH,90,45
60-74,70,2025-07-11,148.16170852732174,7.408085426366086,2025-08-21,527,150.88355063629152,30,3.704042713183043,2025-07-11,498,148.96548,3.7241370000000003,40.188573633913904,TP1,1,32.76039392073086,0.021852341820164423,50,-0.5017500074269955,Risk-on,90,0.26715579799915695,100,0.1076437469392018,48,1.089190786837957,Energy,2025-07-10,False,25,CVX,161.3763678901296,14.904311192273374,True,False,CVX-2025-07-10,85,WATCH,90,45
60-74,70,2025-07-11,148.16170852732174,7.408085426366086,2025-08-21,527,150.88355063629152,30,3.704042713183043,2025-08-21,527,150.88355063629152,3.7720887659072875,136.09210544848906,TIME,2,128.61597396939874,0.08579140511903738,50,-0.5017500074269955,Risk-on,90,0.26715579799915695,100,0.1076437469392018,48,1.089190786837957,Energy,2025-07-10,False,25,CVX,161.3763678901296,14.904311192273374,True,False,CVX-2025-07-10,85,WATCH,90,45
75-89,78,2025-07-11,400.56639733537276,20.028319866768637,2025-07-23,506,417.56111500000003,9,10.014159933384319,2025-07-16,501,406.62658500000003,10.165664625000002,303.0093832313639,TP1,1,282.82955867297966,0.04839127329783361,50,-0.06678192886765613,Risk-on,90,0.4067633839792496,60,0.19027900859560593,92,2.776349343064958,Industrials,2025-07-10,False,25,CAT,1112.112254095959,40.63301236676864,True,True,CAT-2025-07-10,100,BUY,90,85
75-89,78,2025-07-11,400.56639733537276,20.028319866768637,2025-07-23,506,417.56111500000003,9,10.014159933384319,2025-07-23,506,417.56111500000003,10.439027875,849.7358832313637,TP2,2,829.2826954229794,0.14188773529777232,50,-0.06678192886765613,Risk-on,90,0.4067633839792496,60,0.19027900859560593,92,2.776349343064958,Industrials,2025-07-10,False,25,CAT,1112.112254095959,40.63301236676864,True,True,CAT-2025-07-10,100,BUY,90,85
75-89,76,2025-07-14,165.2325944189203,8.261629720946015,2025-07-17,502,173.25333,4,4.1308148604730075,2025-07-15,500,167.586165,4.189654125000001,117.678529053984,TP1,1,109.35806006851098,0.03733300591424423,50,-0.11702990990264563,Risk-on,90,0.29685877907632774,60,0.1713513947702155,100,3.0377341273202676,Technology,2025-07-11,False,25,NVDA,501.9326910120226,16.782617095946016,True,True,NVDA-2025-07-11,100,BUY,90,70
75-89,76,2025-07-14,165.2325944189203,8.261629720946015,2025-07-17,502,173.25333,4,4.1308148604730075,2025-07-17,502,173.25333,4.331333249999999,401.03677905398456,TP2,2,392.5746309435116,0.13401838885597123,50,-0.11702990990264563,Risk-on,90,0.29685877907632774,60,0.1713513947702155,100,3.0377341273202676,Technology,2025-07-11,False,25,NVDA,501.9326910120226,16.782617095946016,True,True,NVDA-2025-07-11,100,BUY,90,70
0-59,59,2025-07-14,317.8888759918213,15.894443799591064,2025-08-22,528,339.8400047607422,30,15.894443799591066,2025-08-22,528,339.8400047607422,16.99200023803711,2195.1128768920908,TIME,1,2162.2264328544625,0.4473984524739157,100,-0.41525626772281654,Risk-on,90,0.6433241898646348,35,0.4473984524739157,64,6.801831067879497,Consumer Discretionary,2025-07-11,False,70,TSLA,2162.2264328544625,32.88644403762817,False,False,TSLA-2025-07-11,65,SKIP,90,20
60-74,61,2025-07-14,93.77322902027962,4.688661451013981,2025-08-06,516,100.98948000000001,18,2.3443307255069903,2025-08-04,514,98.48073500000001,2.462018375,235.37529898601974,TP1,1,230.56894988551275,0.719801638989227,50,-0.05487903613242558,Risk-on,90,2.827467928298577,20,1.8310037385176625,19,6.254582862014757,Consumer Staples,2025-07-11,False,100,WMT,586.5124311460257,9.675416826013981,True,True,WMT-2025-07-11,65,WATCH,90,45
60-74,61,2025-07-14,93.77322902027962,4.688661451013981,2025-08-06,516,100.98948000000001,18,2.3443307255069903,2025-08-06,516,100.98948000000001,2.5247370000000005,360.81254898602,TP2,2,355.94348126051295,1.1112020995284355,50,-0.05487903613242558,Risk-on,90,2.827467928298577,20,1.8310037385176625,19,6.254582862014757,Consumer Staples,2025-07-11,False,100,WMT,586.5124311460257,9.675416826013981,True,True,WMT-2025-07-11,65,WATCH,90,45
75-89,82,2025-07-15,262.7177854435625,13.135889272178124,2025-07-17,502,269.555155,3,6.567944636089062,2025-07-15,500,260.999435,6.524985875,-85.91752217812427,TP1,1,-99.01045268921334,-0.025304384484530817,50,-0.14982178173814217,Risk-on,90,0.22244595795972497,100,0.058667056931365556,100,0.8737558488246557,Industrials,2025-07-14,False,25,GE,229.5512016215737,26.399754022178122,True,True,GE-2025-07-14,100,BUY,90,70
75-89,82,2025-07-15,262.7177854435625,13.135889272178124,2025-07-17,502,269.555155,3,6.567944636089062,2025-07-17,502,269.555155,6.738878875000001,341.8684778218761,TP2,2,328.56165431078705,0.08397144141589638,50,-0.14982178173814217,Risk-on,90,0.22244595795972497,100,0.058667056931365556,100,0.8737558488246557,Industrials,2025-07-14,False,25,GE,229.5512016215737,26.399754022178122,True,True,GE-2025-07-14,100,BUY,90,70
0-59,56,2025-07-16,963.0527414361223,48.15263707180612,2025-07-22,505,938.6104600000001,5,48.15263707180612,2025-07-22,505,938.6104600000001,46.93052300000001,-2444.2281436122244,STOP,1,-2539.3113036840305,-1.0592494439779747,100,-1.1292608485744435,Risk-on,90,0.04629401035224106,20,-1.0592494439779747,8,-2.636731296665395,Consumer Staples,2025-07-15,True,100,COST,-2539.3113036840305,95.08316007180613,False,False,COST-2025-07-15,50,SKIP,90,45
75-89,77,2025-07-17,159.2817570047245,7.9640878502362265,2025-08-04,514,166.186865,13,3.9820439251181132,2025-07-22,505,161.988965,4.049724125,135.3603997637748,TP1,1,127.32863171365669,0.07329634629302478,50,-0.05400370296959558,Risk-on,90,0.4452710110311555,90,0.26735770929848957,18,2.9158851877402223,Health Care,2025-07-16,False,25,JNJ,464.44731592731364,16.168483600236225,True,True,JNJ-2025-07-16,100,BUY,90,100
75-89,77,2025-07-17,159.2817570047245,7.9640878502362265,2025-08-04,514,166.186865,13,3.9820439251181132,2025-08-04,514,166.186865,4.154671625,345.255399763775,TP2,2,337.11868421365693,0.19406136300546478,50,-0.05400370296959558,Risk-on,90,0.4452710110311555,90,0.26735770929848957,18,2.9158851877402223,Health Care,2025-07-16,False,25,JNJ,464.44731592731364,16.168483600236225,True,True,JNJ-2025-07-16,100,BUY,90,100
60-74,69,2025-07-18,510.6583297517299,25.532916487586494,2025-07-31,512,518.570585,10,12.766458243793247,2025-07-18,503,509.04535000000004,12.72613375,-80.64898758649406,TP1,1,-106.14157958028731,-0.02130145242859606,50,-0.27947928198284006,Risk-on,90,0.8105859588552184,40,0.05292982150485774,91,0.5164714733874022,Technology,2025-07-17,False,25,MSFT,263.74045996442584,51.22331486258649,True,True,MSFT-2025-07-17,100,WATCH,90,45
60-74,69,2025-07-18,510.6583297517299,25.532916487586494,2025-07-31,512,518.570585,10,12.766458243793247,2025-07-31,512,518.570585,12.964264625000002,395.6127624135064,TP2,2,369.88203954471317,0.0742312739334538,50,-0.27947928198284006,Risk-on,90,0.8105859588552184,40,0.05292982150485774,91,0.5164714733874022,Technology,2025-07-17,False,25,MSFT,263.74045996442584,51.22331486258649,True,True,MSFT-2025-07-17,100,WATCH,90,45
60-74,72,2025-07-18,173.49574353821487,8.674787176910744,2025-07-31,512,179.760075,10,4.337393588455372,2025-07-18,503,173.84303500000001,4.346075875000001,17.364573089257362,TP1,1,8.681103625801988,0.002372810495633176,50,-0.249677880821836,Risk-on,90,0.26131668390132734,60,0.08557056683147535,100,1.8044608753334979,Technology,2025-07-17,False,25,NVDA,313.0662812516033,17.514864926910747,True,True,NVDA-2025-07-17,100,WATCH,90,45
60-74,72,2025-07-18,173.49574353821487,8.674787176910744,2025-07-31,512,179.760075,10,4.337393588455372,2025-07-31,512,179.760075,4.494001875,313.21657308925666,TP2,2,304.3851776258013,0.08319775633584217,50,-0.249677880821836,Risk-on,90,0.26131668390132734,60,0.08557056683147535,100,1.8044608753334979,Technology,2025-07-17,False,25,NVDA,313.0662812516033,17.514864926910747,True,True,NVDA-2025-07-17,100,WATCH,90,45
75-89,85,2025-07-18,264.1910303562518,13.20955151781259,2025-08-28,532,274.4681355133057,30,6.604775758906295,2025-07-25,508,271.28429000000006,6.782107250000001,354.662982187412,TP1,1,341.2760991785057,0.08297290299381781,50,-0.26300709207117184,Risk-on,90,0.3862439700618039,100,0.2046301467759195,87,3.185819279138686,Industrials,2025-07-17,False,25,GE,841.6648778844609,26.853362155645236,True,False,GE-2025-07-17,100,BUY,90,100
75-89,85,2025-07-18,264.1910303562518,13.20955151781259,2025-08-28,532,274.4681355133057,30,6.604775758906295,2025-08-28,532,274.4681355133057,6.861703387832642,513.8552578526941,TIME,2,500.3887787059552,0.12165724378210169,50,-0.26300709207117184,Risk-on,90,0.3862439700618039,100,0.2046301467759195,87,3.185819279138686,Industrials,2025-07-17,False,25,GE,841.6648778844609,26.853362155645236,True,False,GE-2025-07-17,100,BUY,90,100
60-74,65,2025-07-21,459.0630940948248,22.953154704741237,2025-08-29,533,471.70131773376465,30,11.476577352370619,2025-08-15,523,472.12382,11.803095500000001,653.0362952587609,TP1,1,629.7566224063902,0.3212536854437915,50,-0.801456593140171,Risk-on,90,1.0639518159666566,35,0.6317363412465599,23,2.69766554965506,Materials,2025-07-18,False,50,LIN,1238.3986940576679,46.548783148085356,True,False,LIN-2025-07-18,75,WATCH,90,85
60-74,65,2025-07-21,459.0630940948248,22.953154704741237,2025-08-29,533,471.70131773376465,30,11.476577352370619,2025-08-29,533,471.70131773376465,11.792532943344117,631.9111819469924,TIME,2,608.6420716512777,0.31048265580276835,50,-0.801456593140171,Risk-on,90,1.0639518159666566,35,0.6317363412465599,23,2.69766554965506,Materials,2025-07-18,False,50,LIN,1238.3986940576679,46.548783148085356,True,False,LIN-2025-07-18,75,WATCH,90,85
75-89,78,2025-07-22,285.70044323537655,14.285022161768827,2025-07-29,510,299.39023000000003,6,7.142511080884414,2025-07-24,507,288.28578500000003,7.207144625000001,129.26708823117394,TP1,1,114.91743252528953,0.02285074959221108,50,-0.29202751711093977,Risk-on,90,0.28417868183022454,100,0.15604943075417751,100,2.746861345535373,Technology,2025-07-21,False,25,AVGO,784.779503925579,28.97692253676883,True,True,AVGO-2025-07-21,100,BUY,90,45
75-89,78,2025-07-22,285.70044323537655,14.285022161768827,2025-07-29,510,299.39023000000003,6,7.142511080884414,2025-07-29,510,299.39023000000003,7.484755750000001,684.4893382311739,TP2,2,669.8620714002894,0.13319868116196643,50,-0.29202751711093977,Risk-on,90,0.28417868183022454,100,0.15604943075417751,100,2.746861345535373,Technology,2025-07-21,False,25,AVGO,784.779503925579,28.97692253676883,True,True,AVGO-2025-07-21,100,BUY,90,45
75-89,77,2025-07-22,191.05072620443477,9.552536310221738,2025-07-24,507,195.96197,3,4.776268155110869,2025-07-22,505,189.655125,4.741378125,-69.78006022173844,TP1,1,-79.2977065018493,-0.02280588160155695,50,-0.11860490055172597,Risk-on,90,0.18222705806995007,90,0.04503477003920901,58,0.8196208880344317,Communication Services,2025-07-21,False,25,GOOGL,156.58916587130187,19.192963685221738,True,True,GOOGL-2025-07-21,100,BUY,90,70
75-89,77,2025-07-22,191.05072620443477,9.552536310221738,2025-07-24,507,195.96197,3,4.776268155110869,2025-07-24,507,195.96197,4.89904925,245.56218977826205,TP2,2,235.8868723731512,0.06784065164076597,50,-0.11860490055172597,Risk-on,90,0.18222705806995007,90,0.04503477003920901,58,0.8196208880344317,Communication Services,2025-07-21,False,25,GOOGL,156.58916587130187,19.192963685221738,True,True,GOOGL-2025-07-21,100,BUY,90,70
0-59,54,2025-07-23,937.573402385894,46.878670119294696,2025-09-03,535,945.299086669922,30,46.878670119294696,2025-09-03,535,945.299086669922,47.2649543334961,772.568428402792,TIME,1,678.4248039500012,0.29453955285627986,100,-0.7706728774162137,Risk-on,90,2.496788855606965,20,0.29453955285627986,14,0.7235964695922226,Consumer Staples,2025-07-22,False,100,COST,678.4248039500012,94.14362445279079,False,False,COST-2025-07-22,40,SKIP,90,45
75-89,79,2025-07-23,222.4618451213118,11.12309225606559,2025-07-30,511,202.27881,6,5.561546128032795,2025-07-24,507,223.78805000000003,5.594701250000001,66.31024393441152,TP1,1,55.15399655637872,0.02746460607738016,50,-1.1216770503372713,Risk-on,90,0.15699435357868458,100,-0.480342453624218,43,-4.336097614227844,Real Estate,2025-07-22,True,25,AMT,-964.6162758872442,21.77476375606559,True,False,AMT-2025-07-22,100,BUY,90,85
75-89,79,2025-07-23,222.4618451213118,11.12309225606559,2025-07-30,511,202.27881,6,5.561546128032795,2025-07-30,511,202.27881,5.056970249999999,-1009.1517560655902,STOP,2,-1019.770272443623,-0.5078070597015981,50,-1.1216770503372713,Risk-on,90,0.15699435357868458,100,-0.480342453624218,43,-4.336097614227844,Real Estate,2025-07-22,True,25,AMT,-964.6162758872442,21.77476375606559,True,False,AMT-2025-07-22,100,BUY,90,85
75-89,78,2025-07-24,423.4419000278415,21.172095001392073,2025-07-31,512,435.412185,6,10.586047500696036,2025-07-24,507,424.12783,10.603195750000001,34.29649860792665,TP1,1,13.107255357230613,0.0019283344075804634,50,-0.04014840951555491,Risk-on,90,0.20262028855296854,60,0.0868226651892524,99,1.393698053500749,Industrials,2025-07-23,False,25,CAT,590.1501518394615,42.660595376392074,True,True,CAT-2025-07-23,100,BUY,90,85
75-89,78,2025-07-24,423.4419000278415,21.172095001392073,2025-07-31,512,435.412185,6,10.586047500696036,2025-07-31,512,435.412185,10.885304625000002,598.5142486079269,TP2,2,577.0428964822308,0.08489433078167194,50,-0.04014840951555491,Risk-on,90,0.20262028855296854,60,0.0868226651892524,99,1.393698053500749,Industrials,2025-07-23,False,25,CAT,590.1501518394615,42.660595376392074,True,True,CAT-2025-07-23,100,BUY,90,85
75-89,75,2025-07-24,70.91307844799177,3.545653922399588,2025-09-04,536,69.37351427459717,30,3.545653922399588,2025-09-04,536,69.37351427459717,3.4686757137298585,-153.9564173394595,TIME,1,-160.97074697558895,-0.19914534791578323,100,-0.3939409122739093,Risk-on,90,0.5354647678839521,75,-0.19914534791578323,41,-2.2699726270330545,Utilities,2025-07-23,False,50,NEE,-160.97074697558895,7.014329636129446,False,False,NEE-2025-07-23,75,BUY,90,100
75-89,75,2025-07-25,232.33611122131347,11.616805561065673,2025-09-05,537,232.21383683013917,30,5.808402780532837,2025-07-31,512,235.882,5.89705,177.2944389343266,TP1,1,165.58898615379374,0.06499774817094575,50,-0.8210088608370347,Risk-on,90,0.16462039757758523,100,0.05803928103834411,68,0.6364121234384689,Consumer Discretionary,2025-07-24,False,25,AMZN,147.86151789379238,23.319201481819153,True,False,AMZN-2025-07-24,100,BUY,90,45
75-89,75,2025-07-25,232.33611122131347,11.616805561065673,2025-09-05,537,232.21383683013917,30,5.808402780532837,2025-09-05,537,232.21383683013917,5.80534592075348,-6.113719558715047,TIME,2,-17.727468260001366,-0.006958467132601645,50,-0.8210088608370347,Risk-on,90,0.16462039757758523,100,0.05803928103834411,68,0.6364121234384689,Consumer Discretionary,2025-07-24,False,25,AMZN,147.86151789379238,23.319201481819153,True,False,AMZN-2025-07-24,100,BUY,90,45
0-59,57,2025-07-25,273.8074370985108,13.690371854925539,2025-07-29,510,258.72057500000005,3,13.690371854925537,2025-07-29,510,258.72057500000005,12.936028750000004,-1508.6862098510721,STOP,1,-1535.3126104559979,-1.0264543319449175,100,-1.340701328347393,Risk-on,90,0.3255311012042447,20,-1.0264543319449175,0,-5.607271397466173,Health Care,2025-07-24,True,100,UNH,-1535.3126104559979,26.626400604925543,False,False,UNH-2025-07-24,25,SKIP,90,100
75-89,81,2025-07-25,191.52959621269557,9.57647981063478,2025-08-15,523,203.88800500000002,16,4.78823990531739,2025-08-08,518,197.291305,4.932282625,288.0854393652214,TP1,1,278.364916834904,0.10096807899809551,50,-0.1539330503058936,Risk-on,90,0.5195269539580835,90,0.3215135649181652,61,4.628004933427904,Communication Services,2025-07-24,False,25,GOOGL,886.3999161698096,19.60596256063478,True,True,GOOGL-2025-07-24,100,BUY,90,100
75-89,81,2025-07-25,191.52959621269557,9.57647981063478,2025-08-15,523,203.88800500000002,16,4.78823990531739,2025-08-15,523,203.88800500000002,5.0972001250000005,617.9204393652228,TP2,2,608.0349993349055,0.22054548592006967,50,-0.1539330503058936,Risk-on,90,0.5195269539580835,90,0.3215135649181652,61,4.628004933427904,Communication Services,2025-07-24,False,25,GOOGL,886.3999161698096,19.60596256063478,True,True,GOOGL-2025-07-24,100,BUY,90,100
75-89,81,2025-07-30,295.13610356105244,14.756805178052623,2025-08-13,521,311.19432500000005,11,7.378402589026312,2025-07-30,511,299.840005,7.496000125,235.19507194737912,TP1,1,220.32066923335282,0.05023717369844374,50,-0.3551273264869513,Risk-on,90,0.4538841816128016,90,0.22985933510106749,100,3.4156223799917957,Technology,2025-07-29,False,25,AVGO,1008.073480466707,30.032663428052626,True,True,AVGO-2025-07-29,100,BUY,90,70
75-89,81,2025-07-30,295.13610356105244,14.756805178052623,2025-08-13,521,311.19432500000005,11,7.378402589026312,2025-08-13,521,311.19432500000005,7.779858125000001,802.9110719473806,TP2,2,787.7528112333542,0.17962216140262374,50,-0.3551273264869513,Risk-on,90,0.4538841816128016,90,0.22985933510106749,100,3.4156223799917957,Technology,2025-07-29,False,25,AVGO,1008.073480466707,30.032663428052626,True,True,AVGO-2025-07-29,100,BUY,90,70
60-74,70,2025-07-30,245.9609399814536,12.29804699907268,2025-09-10,540,259.560155,30,6.14902349953634,2025-07-31,512,250.09489000000002,6.2523722500000005,206.69750092732073,TP1,1,194.2961051777844,0.04805629185641281,50,-0.7330167063099731,Risk-on,90,2.3710318287219114,70,0.2131087798418261,100,3.503071783656127,Technology,2025-07-29,False,25,ORCL,861.6188287305681,25.039423124072684,True,True,ORCL-2025-07-29,100,WATCH,90,20
60-74,70,2025-07-30,245.9609399814536,12.29804699907268,2025-09-10,540,259.560155,30,6.14902349953634,2025-09-10,540,259.560155,6.489003875000001,679.9607509273201,TP2,2,667.3227235527837,0.1650524879854133,50,-0.7330167063099731,Risk-on,90,2.3710318287219114,70,0.2131087798418261,100,3.503071783656127,Technology,2025-07-29,False,25,ORCL,861.6188287305681,25.039423124072684,True,True,ORCL-2025-07-29,100,WATCH,90,20
0-59,57,2025-07-30,258.02206923877316,12.901103461938657,2025-08-01,513,240.71958,3,12.901103461938657,2025-08-01,513,240.71958,12.035979000000001,-1730.2489238773148,STOP,1,-1755.1860063392535,-1.021521902832571,100,-1.7193043918295725,Risk-on,90,0.0962245913625676,20,-1.021521902832571,0,-6.8024646555136625,Health Care,2025-07-29,True,100,UNH,-1755.1860063392535,24.937082461938658,False,False,UNH-2025-07-29,25,SKIP,90,100
60-74,71,2025-07-31,199.61263248444442,9.980631624222221,2025-08-14,522,193.67311500000002,11,9.980631624222221,2025-08-14,522,193.67311500000002,9.683655750000002,-593.9517484444394,STOP,1,-613.6160358186617,-1.050238976099165,100,-1.0766738391422412,Risk-on,90,1.6588396321756864,40,-1.050238976099165,12,-3.0740340838222253,Real Estate,2025-07-30,True,100,AMT,-613.6160358186617,19.664287374222223,False,False,AMT-2025-07-30,65,WATCH,90,100
75-89,78,2025-08-01,531.0259487376759,26.551297436883797,2025-09-12,542,506.43766401672366,30,26.551297436883797,2025-09-12,542,506.43766401672366,25.321883200836183,-2458.8284720952233,TIME,1,-2510.7016527329433,-0.4767220021495314,100,-0.7928197812973082,Risk-on,90,0.056180533649630625,60,-0.4767220021495314,70,-4.728020652665351,Technology,2025-07-31,False,25,MSFT,-2510.7016527329433,51.87318063771998,False,False,MSFT-2025-07-31,100,BUY,90,100
75-89,80,2025-08-01,173.94536958720383,8.697268479360192,2025-09-12,542,177.50469385528567,30,4.348634239680096,2025-08-07,517,182.96847000000002,4.574211750000001,451.15502063980983,TP1,1,442.2321746501297,0.2016068946967318,50,-0.4601514076357574,Risk-on,90,0.46907112947102964,70,0.27873345558983936,100,3.514966439860538,Technology,2025-07-31,False,25,NVDA,611.4121364681594,17.709097575742334,True,False,NVDA-2025-07-31,100,BUY,90,85
75-89,80,2025-08-01,173.94536958720383,8.697268479360192,2025-09-12,542,177.50469385528567,30,4.348634239680096,2025-09-12,542,177.50469385528567,4.437617346382141,177.9662134040919,TIME,2,169.17996181802962,0.07712656089310756,50,-0.4601514076357574,Risk-on,90,0.46907112947102964,70,0.27873345558983936,100,3.514966439860538,Technology,2025-07-31,False,25,NVDA,611.4121364681594,17.709097575742334,True,False,NVDA-2025-07-31,100,BUY,90,85
60-74,72,2025-08-01,108.59441840618578,5.429720920309289,2025-09-12,542,109.65181170654297,30,2.714860460154645,2025-08-29,533,112.12391000000001,2.8030977500000005,176.4745796907114,TP1,1,170.95662148055675,0.24653346750472463,50,-0.9120304934636064,Risk-on,90,0.594839623145241,70,0.31490763601862126,38,2.010878035451215,Energy,2025-07-31,False,25,XOM,218.3701307455981,10.974113962972865,True,False,XOM-2025-07-31,100,WATCH,90,70
60-74,72,2025-08-01,108.59441840618578,5.429720920309289,2025-09-12,542,109.65181170654297,30,2.714860460154645,2025-09-12,542,109.65181170654297,2.7412952926635743,52.869665017859546,TIME,2,47.41350926504133,0.06837416851389662,50,-0.9120304934636064,Risk-on,90,0.594839623145241,70,0.31490763601862126,38,2.010878035451215,Energy,2025-07-31,False,25,XOM,218.3701307455981,10.974113962972865,True,False,XOM-2025-07-31,100,WATCH,90,70
75-89,80,2025-08-01,423.3724633814129,21.168623169070646,2025-09-12,542,427.45645294189455,30,21.168623169070646,2025-09-12,542,427.45645294189455,21.372822647094726,408.3989560481655,TIME,1,365.8575102320001,0.07372820398292429,100,-0.4338692587254585,Risk-on,90,0.2507829800115389,60,0.07372820398292429,97,0.8641504629515832,Industrials,2025-07-31,False,25,CAT,365.8575102320001,42.54144581616537,False,False,CAT-2025-07-31,100,BUY,90,100
75-89,85,2025-08-01,758.623948581651,37.93119742908255,2025-09-12,542,752.7450822448731,30,18.965598714541276,2025-08-12,520,781.7989050000001,19.544972625,1158.7478209174549,TP1,1,1120.2372495779136,0.1188404757527815,50,-0.41640189760199253,Risk-on,90,0.37156162298893586,100,0.08364912767104699,87,1.0393946940939283,Communication Services,2025-07-31,False,25,META,788.5097069683532,76.29479711020437,True,False,META-2025-07-31,100,BUY,90,100
75-89,85,2025-08-01,758.623948581651,37.93119742908255,2025-09-12,542,752.7450822448731,30,18.965598714541276,2025-09-12,542,752.7450822448731,18.818627056121827,-293.9433168388973,TIME,2,-331.72754260956043,-0.03519134808173451,50,-0.41640189760199253,Risk-on,90,0.37156162298893586,100,0.08364912767104699,87,1.0393946940939283,Communication Services,2025-07-31,False,25,META,788.5097069683532,76.29479711020437,True,False,META-2025-07-31,100,BUY,90,100
0-59,57,2025-08-04,232.14193345599068,11.607096672799534,2025-09-09,539,315.452195,26,5.803548336399768,2025-08-15,523,300.40972,7.510242999999999,3413.3893272004657,TP1,1,3400.075535864066,2.098561597663447,50,-0.08470432445177915,Risk-on,90,6.813650553405941,20,4.661109601743741,0,32.531385637333884,Health Care,2025-08-01,False,100,UNH,7551.898759853133,27.00364454779953,True,True,UNH-2025-08-01,25,SKIP,90,100
0-59,57,2025-08-04,232.14193345599068,11.607096672799534,2025-09-09,539,315.452195,26,5.803548336399768,2025-09-09,539,315.452195,7.886304875,4165.513077200467,TP2,2,4151.823223989067,2.562548004080294,50,-0.08470432445177915,Risk-on,90,6.813650553405941,20,4.661109601743741,0,32.531385637333884,Health Care,2025-08-01,False,100,UNH,7551.898759853133,27.00364454779953,True,True,UNH-2025-08-01,25,SKIP,90,100
75-89,80,2025-08-04,118.93543822152711,5.946771911076356,2025-08-05,515,121.77908000000001,2,2.9733859555381783,2025-08-04,514,119.16039,2.9790097500000003,11.247588923644969,TP1,1,5.29519321810679,0.005506970245258164,50,-0.03934273237837979,Risk-on,90,0.47817020630379004,100,0.14711697577081118,30,1.189379896366411,Utilities,2025-08-01,False,25,DUK,141.4594191862136,11.970258661076357,True,True,DUK-2025-08-01,100,BUY,90,100
75-89,80,2025-08-04,118.93543822152711,5.946771911076356,2025-08-05,515,121.77908000000001,2,2.9733859555381783,2025-08-05,515,121.77908000000001,3.0444770000000005,142.182088923645,TP2,2,136.16422596810682,0.141610005525553,50,-0.03934273237837979,Risk-on,90,0.47817020630379004,100,0.14711697577081118,30,1.189379896366411,Utilities,2025-08-01,False,25,DUK,141.4594191862136,11.970258661076357,True,True,DUK-2025-08-01,100,BUY,90,100
75-89,79,2025-08-05,166.4659357168387,8.323296785841935,2025-08-14,522,171.044435,8,4.161648392920967,2025-08-05,515,166.93649000000002,4.17341225,23.527714158066715,TP1,1,15.192653515145748,0.007816785225309894,50,-0.048955464965240475,Risk-on,90,0.25573933098078677,100,0.1212598466258069,48,1.415784300796443,Health Care,2025-08-04,False,25,JNJ,235.6798584052901,16.772819910841932,True,True,JNJ-2025-08-04,100,BUY,90,85
75-89,79,2025-08-05,166.4659357168387,8.323296785841935,2025-08-14,522,171.044435,8,4.161648392920967,2025-08-14,522,171.044435,4.276110875,228.92496415806534,TP2,2,220.48720489014437,0.11344306140049701,50,-0.048955464965240475,Risk-on,90,0.25573933098078677,100,0.1212598466258069,48,1.415784300796443,Health Care,2025-08-04,False,25,JNJ,235.6798584052901,16.772819910841932,True,True,JNJ-2025-08-04,100,BUY,90,85
75-89,80,2025-08-06,120.5015222846674,6.025076114233371,2025-09-17,545,117.96368610000613,30,6.025076114233371,2025-09-17,545,117.96368610000613,5.898184305000306,-253.78361846612734,TIME,1,-265.706878885361,-0.23678327426966952,100,-0.3372768074205187,Risk-on,90,0.2003235567559334,100,-0.23678327426966952,35,-2.2050084832759786,Utilities,2025-08-05,False,25,DUK,-265.706878885361,11.923260419233678,False,False,DUK-2025-08-05,100,BUY,90,100
75-89,75,2025-08-07,102.65346247273507,5.132673123636753,2025-09-17,545,105.19737500000001,29,2.5663365618183764,2025-08-07,517,102.778585,2.569464625,6.25612636324675,TP1,1,1.1203251764283735,0.0009981992447962982,50,-0.6952953333277276,Risk-on,90,0.25148250070572103,60,0.10969848288970452,46,1.1993719221653885,Consumer Staples,2025-08-06,False,25,WMT,123.11968060285682,10.332072123636753,True,True,WMT-2025-08-06,100,BUY,90,100
75-89,75,2025-08-07,102.65346247273507,5.132673123636753,2025-09-17,545,105.19737500000001,29,2.5663365618183764,2025-09-17,545,105.19737500000001,2.6299343750000004,127.19562636324682,TP2,2,121.99935542642844,0.10870028364490822,50,-0.6952953333277276,Risk-on,90,0.25148250070572103,60,0.10969848288970452,46,1.1993719221653885,Consumer Staples,2025-08-06,False,25,WMT,123.11968060285682,10.332072123636753,True,True,WMT-2025-08-06,100,BUY,90,100
60-74,65,2025-08-08,377.24356539824845,18.862178269912423,2025-08-13,521,391.06437,4,9.431089134956212,2025-08-11,519,381.119345,9.527983625000001,193.788980087578,TP1,1,174.8299073276218,0.04142538803957965,50,-0.09171300158501905,Risk-on,90,0.4742332503517174,100,0.2006139602284365,42,2.2443389806700567,Consumer Discretionary,2025-08-07,False,25,HD,846.6624390302429,38.166771144912424,True,True,HD-2025-08-07,85,WATCH,90,20
60-74,65,2025-08-08,377.24356539824845,18.862178269912423,2025-08-13,521,391.06437,4,9.431089134956212,2025-08-13,521,391.06437,9.77660925,691.0402300875774,TP2,2,671.8325317026212,0.15918857218885687,50,-0.09171300158501905,Risk-on,90,0.4742332503517174,100,0.2006139602284365,42,2.2443389806700567,Consumer Discretionary,2025-08-07,False,25,HD,846.6624390302429,38.166771144912424,True,True,HD-2025-08-07,85,WATCH,90,20
0-59,58,2025-08-08,650.7242600776535,32.53621300388268,2025-09-19,547,747.9736654357911,30,32.53621300388268,2025-09-19,547,747.9736654357911,37.39868327178955,9724.940535813756,TIME,1,9655.005639538083,1.6901760524185825,100,-0.5483812071541834,Risk-on,90,2.143969451654529,20,1.6901760524185825,6,14.837322398869704,Health Care,2025-08-07,False,100,LLY,9655.005639538083,69.93489627567223,False,False,LLY-2025-08-07,25,SKIP,90,100
75-89,76,2025-08-11,227.3906493795786,11.36953246897893,2025-09-04,536,238.10089000000002,18,5.684766234489465,2025-08-12,520,229.97495500000002,5.749373875000001,129.2152810210709,TP1,1,117.78114091158143,0.03519989692234262,50,-0.1267743314743762,Risk-on,90,0.35362593305013146,90,0.1917643247652487,49,2.8218217644343837,Technology,2025-08-08,False,25,AAPL,641.6558834481629,23.07142859397893,True,True,AAPL-2025-08-08,85,BUY,90,100
75-89,76,2025-08-11,227.3906493795786,11.36953246897893,2025-09-04,536,238.10089000000002,18,5.684766234489465,2025-09-04,536,238.10089000000002,5.952522250000001,535.5120310210708,TP2,2,523.8747425365814,0.15656442784290608,50,-0.1267743314743762,Risk-on,90,0.35362593305013146,90,0.1917643247652487,49,2.8218217644343837,Technology,2025-08-08,False,25,AAPL,641.6558834481629,23.07142859397893,True,True,AAPL-2025-08-08,85,BUY,90,100
0-59,52,2025-08-12,209.67187810992394,10.483593905496196,2025-09-19,547,202.66861500000002,28,10.483593905496196,2025-09-19,547,202.66861500000002,10.13343075,-700.3263109923921,STOP,1,-720.9433356478883,-1.0445610950608841,100,-1.1561020792347616,Risk-on,90,1.0501983758294886,20,-1.0445610950608841,30,-3.438436008427997,Industrials,2025-08-11,True,100,HON,-720.9433356478883,20.617024655496195,False,False,HON-2025-08-11,40,SKIP,90,20
75-89,79,2025-08-13,731.4288607059256,36.571443035296284,2025-09-10,540,754.4425900000001,20,18.285721517648142,2025-08-13,521,733.01331,18.32533275,79.22246470372443,TP1,1,42.611410436076284,0.005948916402707938,50,-0.5556662814467069,Risk-on,90,0.44426681905054777,80,0.16140855480289826,74,1.5806746916662777,Financials,2025-08-12,False,25,GS,1156.1510888721557,73.75784053529628,True,True,GS-2025-08-12,100,BUY,90,85
75-89,79,2025-08-13,731.4288607059256,36.571443035296284,2025-09-10,540,754.4425900000001,20,18.285721517648142,2025-09-10,540,754.4425900000001,18.86106475,1150.6864647037276,TP2,2,1113.5396784360794,0.1554596384001903,50,-0.5556662814467069,Risk-on,90,0.44426681905054777,80,0.16140855480289826,74,1.5806746916662777,Financials,2025-08-12,False,25,GS,1156.1510888721557,73.75784053529628,True,True,GS-2025-08-12,100,BUY,90,85
75-89,82,2025-08-14,304.92926918268273,15.246463459134137,2025-09-05,537,328.20581500000003,16,7.6232317295670695,2025-09-05,537,314.88248000000004,7.872062000000001,497.66054086586564,TP1,1,482.16524713629855,0.10710197119809535,50,-0.5577504519363676,Risk-on,90,1.0843976970978226,100,0.3621036481695402,100,5.346040297368002,Technology,2025-08-13,False,25,AVGO,1630.1641608975965,31.323670834134138,True,True,AVGO-2025-08-13,100,BUY,90,70
75-89,82,2025-08-14,304.92926918268273,15.246463459134137,2025-09-05,537,328.20581500000003,16,7.6232317295670695,2025-09-05,537,328.20581500000003,8.205145375,1163.827290865865,TP2,2,1147.998913761298,0.2550016769714449,50,-0.5577504519363676,Risk-on,90,1.0843976970978226,100,0.3621036481695402,100,5.346040297368002,Technology,2025-08-13,False,25,AVGO,1630.1641608975965,31.323670834134138,True,True,AVGO-2025-08-13,100,BUY,90,70
75-89,76,2025-08-14,391.00476681863324,19.55023834093166,2025-09-05,537,407.546125,16,9.77511917046583,2025-08-19,525,397.06137,9.92653425,302.8301590683384,TP1,1,283.1285056478726,0.052165770991515516,50,-0.15956510414713948,Risk-on,90,0.38379939390500684,60,0.20087283766025407,49,2.7882847856083757,Consumer Discretionary,2025-08-13,False,25,HD,1090.2326424207456,39.66542571593166,True,True,HD-2025-08-13,100,BUY,90,100
75-89,76,2025-08-14,391.00476681863324,19.55023834093166,2025-09-05,537,407.546125,16,9.77511917046583,2025-09-05,537,407.546125,10.188653125,827.0679090683387,TP2,2,807.104136772873,0.14870706666873854,50,-0.15956510414713948,Risk-on,90,0.38379939390500684,60,0.20087283766025407,49,2.7882847856083757,Consumer Discretionary,2025-08-13,False,25,HD,1090.2326424207456,39.66542571593166,True,True,HD-2025-08-13,100,BUY,90,100
60-74,69,2025-08-15,46.75538036731334,2.3377690183656674,2025-08-27,531,49.28534500000001,9,1.1688845091828337,2025-08-22,528,47.936020000000006,1.1984005000000002,59.031981634333164,TP1,1,56.664696625150334,0.1387011527213428,50,-0.23569389474664587,Risk-on,90,0.6842046429516081,100,0.4424604170802698,47,3.8661199781762705,Financials,2025-08-14,False,25,BAC,180.7619101253007,4.768303143365667,True,True,BAC-2025-08-14,100,WATCH,90,20
60-74,69,2025-08-15,46.75538036731334,2.3377690183656674,2025-08-27,531,49.28534500000001,9,1.1688845091828337,2025-08-27,531,49.28534500000001,1.2321336250000001,126.49823163433318,TP2,2,124.09721350015035,0.303759264358927,50,-0.23569389474664587,Risk-on,90,0.6842046429516081,100,0.4424604170802698,47,3.8661199781762705,Financials,2025-08-14,False,25,BAC,180.7619101253007,4.768303143365667,True,True,BAC-2025-08-14,100,WATCH,90,20
60-74,73,2025-08-15,171.37579678784815,8.568789839392409,2025-08-20,526,175.19236,4,4.284394919696204,2025-08-15,523,171.35428000000002,4.283857,-1.075839392406408,TP1,1,-9.644091312102614,-0.006117097310004674,50,-0.0431805484186353,Risk-on,90,0.30645249400449226,90,0.1094266707209928,61,1.0066757885850268,Health Care,2025-08-14,False,25,JNJ,172.51986537579432,17.232455839392408,True,True,JNJ-2025-08-14,100,WATCH,90,45
60-74,73,2025-08-15,171.37579678784815,8.568789839392409,2025-08-20,526,175.19236,4,4.284394919696204,2025-08-20,526,175.19236,4.379809000000001,190.82816060759313,TP2,2,182.16395668789693,0.11554376803099746,50,-0.0431805484186353,Risk-on,90,0.30645249400449226,90,0.1094266707209928,61,1.0066757885850268,Health Care,2025-08-14,False,25,JNJ,172.51986537579432,17.232455839392408,True,True,JNJ-2025-08-14,100,WATCH,90,45
0-59,59,2025-08-15,196.69388351307072,9.834694175653537,2025-09-03,535,187.95597500000002,13,9.834694175653537,2025-09-03,535,187.95597500000002,9.397798750000002,-873.7908513070693,STOP,1,-893.0233442327228,-1.033127462768734,100,-1.012734792852922,Risk-on,90,1.1693159965396576,20,-1.033127462768734,22,-4.540168348312568,Real Estate,2025-08-14,True,100,AMT,-893.0233442327228,19.23249292565354,False,False,AMT-2025-08-14,40,SKIP,90,70
60-74,60,2025-08-15,344.3130227367229,17.215651136836147,2025-09-26,552,335.1473754425049,30,17.215651136836147,2025-09-26,552,335.1473754425049,16.757368772125243,-916.5647294218047,TIME,1,-950.5377493307661,-0.36995948630527103,100,-0.5010788664663098,Risk-on,90,0.27105320218475326,70,-0.36995948630527103,20,-2.760679052379583,Financials,2025-08-14,False,25,V,-950.5377493307661,33.97301990896139,False,False,V-2025-08-14,75,WATCH,90,45
60-74,70,2025-08-18,284.69852544448753,14.234926272224376,2025-09-15,543,303.977935,20,7.117463136112189,2025-08-29,533,295.482185,7.387054625000001,539.1829777756243,TP1,1,524.6784600145121,0.421817250248933,50,-0.2268018779338083,Risk-on,90,1.5623413592875073,70,1.184973277465325,52,5.177167756586856,Financials,2025-08-15,False,70,JPM,1473.9320262790236,29.221429272224377,True,True,JPM-2025-08-15,75,WATCH,90,45
60-74,70,2025-08-18,284.69852544448753,14.234926272224376,2025-09-15,543,303.977935,20,7.117463136112189,2025-09-15,543,303.977935,7.599448375,963.9704777756236,TP2,2,949.2535662645115,0.7631560272163919,50,-0.2268018779338083,Risk-on,90,1.5623413592875073,70,1.184973277465325,52,5.177167756586856,Financials,2025-08-15,False,70,JPM,1473.9320262790236,29.221429272224377,True,True,JPM-2025-08-15,75,WATCH,90,45
60-74,66,2025-08-18,68.08672737805807,3.4043363689029036,2025-09-16,544,64.70763,21,1.7021681844514518,2025-08-20,526,69.06545,1.7266362499999999,48.936131097096336,TP1,1,45.507326662644886,0.13597560100354006,50,-1.0019934851463055,Risk-on,90,0.4925168104190284,90,-0.37878018390690266,25,-1.861851877104069,Consumer Staples,2025-08-15,True,25,KO,-126.76740117471044,6.748663368902903,True,False,KO-2025-08-15,85,WATCH,90,45
60-74,66,2025-08-18,68.08672737805807,3.4043363689029036,2025-09-16,544,64.70763,21,1.7021681844514518,2025-09-16,544,64.70763,1.6176907499999997,-168.95486890290385,STOP,2,-172.27472783735533,-0.5147557849104427,50,-1.0019934851463055,Risk-on,90,0.4925168104190284,90,-0.37878018390690266,25,-1.861851877104069,Consumer Staples,2025-08-15,True,25,KO,-126.76740117471044,6.748663368902903,True,False,KO-2025-08-15,85,WATCH,90,45
60-74,74,2025-08-18,203.72092731562324,10.186046365781161,2025-08-29,533,212.203845,10,5.0930231828905805,2025-08-22,528,205.747075,5.143676875000001,101.30738421883763,TP1,1,91.07068416094705,0.0387684500221403,50,-0.32694260735868774,Risk-on,90,0.439252548917337,90,0.21489932785077911,71,2.477990139372295,Communication Services,2025-08-15,False,25,GOOGL,504.8184490718944,20.634819365781162,True,True,GOOGL-2025-08-15,100,WATCH,90,45
60-74,74,2025-08-18,203.72092731562324,10.186046365781161,2025-08-29,533,212.203845,10,5.0930231828905805,2025-08-29,533,212.203845,5.305096125,424.1458842188379,TP2,2,413.74776491094735,0.17613087782863882,50,-0.32694260735868774,Risk-on,90,0.439252548917337,90,0.21489932785077911,71,2.477990139372295,Communication Services,2025-08-15,False,25,GOOGL,504.8184490718944,20.634819365781162,True,True,GOOGL-2025-08-15,100,WATCH,90,45
0-59,48,2025-08-19,104.14969506302951,5.207484753151475,2025-08-27,531,110.014965,7,2.6037423765757377,2025-08-19,525,107.016465,2.6754116249999997,143.33849684852424,TP1,1,138.0593428469485,0.21306456786008135,50,-0.07380659166007893,Risk-on,90,0.998004100655765,35,0.6573900763082212,31,4.0899661101850455,Real Estate,2025-08-18,False,85,PLD,425.9687231938974,10.633270503151476,True,True,PLD-2025-08-18,25,SKIP,90,20
0-59,48,2025-08-19,104.14969506302951,5.207484753151475,2025-08-27,531,110.014965,7,2.6037423765757377,2025-08-27,531,110.014965,2.7503741250000004,293.2634968485246,TP2,2,287.90938034694886,0.44432550844813984,50,-0.07380659166007893,Risk-on,90,0.998004100655765,35,0.6573900763082212,31,4.0899661101850455,Real Estate,2025-08-18,False,85,PLD,425.9687231938974,10.633270503151476,True,True,PLD-2025-08-18,25,SKIP,90,20
60-74,73,2025-08-21,174.28459416432744,8.714229708216372,2025-09-30,554,179.83004,28,4.357114854108186,2025-08-22,528,176.12189500000002,4.403047375000001,91.86504178362895,TP1,1,83.10487955452076,0.048472934825973334,50,-0.22972862735322042,Risk-on,90,0.49598309985509964,60,0.20503506943048697,67,2.0169556992088418,Health Care,2025-08-20,False,25,JNJ,351.5243054840402,17.613028083216374,True,True,JNJ-2025-08-20,100,WATCH,90,70
60-74,73,2025-08-21,174.28459416432744,8.714229708216372,2025-09-30,554,179.83004,28,4.357114854108186,2025-09-30,554,179.83004,4.495751,277.2722917836276,TP2,2,268.41942592951943,0.15656213460451363,50,-0.22972862735322042,Risk-on,90,0.49598309985509964,60,0.20503506943048697,67,2.0169556992088418,Health Care,2025-08-20,False,25,JNJ,351.5243054840402,17.613028083216374,True,True,JNJ-2025-08-20,100,WATCH,90,70
60-74,72,2025-08-22,150.8111767597217,7.540558837986084,2025-08-29,533,155.94199000000003,6,3.770279418993042,2025-08-22,528,152.093915,3.802347875,64.136912013916,TP1,1,56.56428471992296,0.055340286201510866,50,-0.007373701306551239,Risk-on,90,0.5414284666966808,80,0.2988267640263016,64,2.0252883382209785,Energy,2025-08-21,False,25,CVX,305.43611756484705,15.241456462986086,True,True,CVX-2025-08-21,100,WATCH,90,45
60-74,72,2025-08-22,150.8111767597217,7.540558837986084,2025-08-29,533,155.94199000000003,6,3.770279418993042,2025-08-29,533,155.94199000000003,3.8985497500000013,256.54066201391714,TP2,2,248.87183284492409,0.24348647782479074,50,-0.007373701306551239,Risk-on,90,0.5414284666966808,80,0.2988267640263016,64,2.0252883382209785,Energy,2025-08-21,False,25,CVX,305.43611756484705,15.241456462986086,True,True,CVX-2025-08-21,100,WATCH,90,45
60-74,74,2025-08-25,339.0694438934326,16.95347219467163,2025-09-11,541,367.96592499999997,13,8.476736097335815,2025-08-25,529,348.80551,8.720137750000001,486.80330532837104,TP1,1,469.60643148103526,0.08207112819125717,50,-0.23539966265668213,Risk-on,90,0.5229087230674144,100,0.3314877729534819,20,5.594000393568952,Consumer Discretionary,2025-08-22,False,25,TSLA,1896.7546025870677,34.87275806967163,True,True,TSLA-2025-08-22,100,WATCH,90,70
60-74,74,2025-08-25,339.0694438934326,16.95347219467163,2025-09-11,541,367.96592499999997,13,8.476736097335815,2025-09-11,541,367.96592499999997,9.199148124999999,1444.824055328368,TP2,2,1427.1481711060324,0.24941664476222475,50,-0.23539966265668213,Risk-on,90,0.5229087230674144,100,0.3314877729534819,20,5.594000393568952,Consumer Discretionary,2025-08-22,False,25,TSLA,1896.7546025870677,34.87275806967163,True,True,TSLA-2025-08-22,100,WATCH,90,70
75-89,79,2025-08-28,49.497051725584875,2.474852586279244,2025-09-18,546,50.804585,15,1.237426293139622,2025-08-28,532,49.525225,1.238130625,1.4086637207562092,TP1,1,-1.0668931973834128,-0.0015765997374450407,50,-0.20585699415874095,Risk-on,90,0.2755124921331039,90,0.09132814719233108,59,1.248604259257082,Financials,2025-08-27,False,25,BAC,61.80222960523338,4.983097836279244,True,True,BAC-2025-08-27,100,BUY,90,85
75-89,79,2025-08-28,49.497051725584875,2.474852586279244,2025-09-18,546,50.804585,15,1.237426293139622,2025-09-18,546,50.804585,1.2701146250000002,65.37666372075641,TP2,2,62.86912280261679,0.09290474692977613,50,-0.20585699415874095,Risk-on,90,0.2755124921331039,90,0.09132814719233108,59,1.248604259257082,Financials,2025-08-27,False,25,BAC,61.80222960523338,4.983097836279244,True,True,BAC-2025-08-27,100,BUY,90,85
60-74,73,2025-08-28,109.30532761256136,5.465266380628068,2025-10-03,557,114.05294500000001,26,2.732633190314034,2025-09-05,537,110.56469000000001,2.76411725,62.96811937193283,TP1,1,57.4713689316188,0.04771258265460987,50,-0.18787983811887413,Risk-on,90,0.5152693845170819,100,0.2401497832126847,41,2.6464243583218963,Real Estate,2025-08-27,False,25,PLD,289.26828148823733,11.080707255628068,True,True,PLD-2025-08-27,85,WATCH,90,70
60-74,73,2025-08-28,109.30532761256136,5.465266380628068,2025-10-03,557,114.05294500000001,26,2.732633190314034,2025-10-03,557,114.05294500000001,2.851323625,237.3808693719326,TP2,2,231.79691255661857,0.19243720055807487,50,-0.18787983811887413,Risk-on,90,0.5152693845170819,100,0.2401497832126847,41,2.6464243583218963,Real Estate,2025-08-27,False,25,PLD,289.26828148823733,11.080707255628068,True,True,PLD-2025-08-27,85,WATCH,90,70
60-74,71,2025-08-29,274.7427576999772,13.73713788499886,2025-09-16,544,288.59563,12,6.86856894249943,2025-09-04,536,279.93996,6.998498999999999,259.86011500114046,TP1,1,245.99304705864103,0.11408236853623852,50,-0.37504191949051147,Risk-on,90,0.8583319419223359,80,0.4287731723518199,52,3.365159504502422,Industrials,2025-08-28,False,25,GE,924.5532023672843,27.95052763499886,True,True,GE-2025-08-28,100,WATCH,90,45
60-74,71,2025-08-29,274.7427576999772,13.73713788499886,2025-09-16,544,288.59563,12,6.86856894249943,2025-09-16,544,288.59563,7.21489075,692.6436150011426,TP2,2,678.5601553086432,0.31469080381558134,50,-0.37504191949051147,Risk-on,90,0.8583319419223359,80,0.4287731723518199,52,3.365159504502422,Industrials,2025-08-28,False,25,GE,924.5532023672843,27.95052763499886,True,True,GE-2025-08-28,100,WATCH,90,45
75-89,75,2025-09-02,155.8213756070723,7.791068780353615,2025-10-13,563,147.3818386230469,30,3.8955343901768074,2025-09-02,534,156.271825,3.9067956250000004,22.522469646385446,TP1,1,14.720139631208639,0.009754007861490308,50,-0.7504823378797624,Risk-on,90,0.08358435746923167,100,-0.2748833510786179,69,-2.6622585528438014,Energy,2025-08-29,False,25,CVX,-414.83678992581474,15.382410370929787,True,False,CVX-2025-08-29,100,BUY,90,45
75-89,75,2025-09-02,155.8213756070723,7.791068780353615,2025-10-13,563,147.3818386230469,30,3.8955343901768074,2025-10-13,563,147.3818386230469,3.6845459655761728,-421.97684920127045,TIME,2,-429.5569295570234,-0.2846373589401082,50,-0.7504823378797624,Risk-on,90,0.08358435746923167,100,-0.2748833510786179,69,-2.6622585528438014,Energy,2025-08-29,False,25,CVX,-414.83678992581474,15.382410370929787,True,False,CVX-2025-08-29,100,BUY,90,45
75-89,82,2025-09-02,207.95097724138893,10.397548862069446,2025-09-03,535,220.50969,2,5.198774431034723,2025-09-03,535,213.93298000000001,5.348324500000001,299.1001379305544,TP1,1,288.5530389995197,0.12098164200114601,50,-0.0980067549697026,Risk-on,90,0.9517860800638387,90,0.3797652192955982,85,4.355724470568923,Communication Services,2025-08-29,False,25,GOOGL,905.777160249039,21.25861561206945,True,True,GOOGL-2025-08-29,100,BUY,90,85
75-89,82,2025-09-02,207.95097724138893,10.397548862069446,2025-09-03,535,220.50969,2,5.198774431034723,2025-09-03,535,220.50969,5.51274225,627.935637930554,TP2,2,617.2241212495193,0.25878357729445217,50,-0.0980067549697026,Risk-on,90,0.9517860800638387,90,0.3797652192955982,85,4.355724470568923,Communication Services,2025-08-29,False,25,GOOGL,905.777160249039,21.25861561206945,True,True,GOOGL-2025-08-29,100,BUY,90,85
75-89,76,2025-09-02,471.06760786093,23.553380393046503,2025-10-13,563,451.78595690917973,30,23.553380393046506,2025-10-13,563,451.78595690917973,22.589297845458987,-1928.1650951750294,TIME,1,-1974.307773413535,-0.7974549821225619,100,-0.9184219221708276,Risk-on,90,0.3418192220457874,90,-0.7974549821225619,35,-4.191134649182662,Materials,2025-08-29,False,25,LIN,-1974.307773413535,46.14267823850549,False,False,LIN-2025-08-29,100,BUY,90,85
0-59,51,2025-09-04,949.8513272845981,47.4925663642299,2025-09-26,552,911.374085,17,47.492566364229894,2025-09-26,552,911.374085,45.56870425,-3847.7242284598105,STOP,1,-3940.78549907404,-1.0364671042587186,100,-1.2787727423915909,Risk-on,90,0.7103595225988479,35,-1.0364671042587186,24,-4.148844546377401,Consumer Staples,2025-09-03,True,85,COST,-3940.78549907404,93.0612706142299,False,False,COST-2025-09-03,40,SKIP,90,20
60-74,63,2025-09-04,190.6540553450819,9.532702767254095,2025-09-08,538,182.36877,3,9.532702767254095,2025-09-08,538,182.36877,9.118438500000002,-828.5285345081888,STOP,1,-847.179675775443,-1.0338954767786916,100,-1.058559966617698,Risk-on,90,0.16227089943624284,20,-1.0338954767786916,21,-4.4435439584123,Real Estate,2025-09-03,True,100,AMT,-847.179675775443,18.651141267254097,False,False,AMT-2025-09-03,40,WATCH,90,100
75-89,80,2025-09-04,229.11121822902055,11.455560911451029,2025-09-09,539,239.00044000000003,4,5.727780455725513,2025-09-04,536,230.53467500000002,5.763366875,71.17283854897352,TP1,1,59.681691218248005,0.013862950614023963,50,-0.08465315852674106,Risk-on,90,0.2529359641679265,60,0.1259987546521601,97,2.3675837111095577,Communication Services,2025-09-03,False,25,GOOGL,542.4399883114962,23.193938786451028,True,True,GOOGL-2025-09-03,100,BUY,90,100
75-89,80,2025-09-04,229.11121822902055,11.455560911451029,2025-09-09,539,239.00044000000003,4,5.727780455725513,2025-09-09,539,239.00044000000003,5.975011,494.46108854897375,TP2,2,482.75829709324825,0.11213580403813612,50,-0.08465315852674106,Risk-on,90,0.2529359641679265,60,0.1259987546521601,97,2.3675837111095577,Communication Services,2025-09-03,False,25,GOOGL,542.4399883114962,23.193938786451028,True,True,GOOGL-2025-09-03,100,BUY,90,100
60-74,74,2025-09-05,239.442578403654,11.972128920182701,2025-09-22,548,245.92697500000003,12,5.986064460091351,2025-09-05,537,239.10039,5.97750975,-17.10942018270032,TP1,1,-29.072994392791667,-0.009884544630463218,50,-0.4804071427955788,Risk-on,90,0.5600810903102956,90,0.09622162079957543,71,1.1819643710665075,Technology,2025-09-04,False,25,AAPL,283.0125965894178,24.097813045182704,True,True,AAPL-2025-09-04,100,WATCH,90,45
60-74,74,2025-09-05,239.442578403654,11.972128920182701,2025-09-22,548,245.92697500000003,12,5.986064460091351,2025-09-22,548,245.92697500000003,6.148174375000001,324.2198298173008,TP2,2,312.08559098220945,0.10610616543003865,50,-0.4804071427955788,Risk-on,90,0.5600810903102956,90,0.09622162079957543,71,1.1819643710665075,Technology,2025-09-04,False,25,AAPL,283.0125965894178,24.097813045182704,True,True,AAPL-2025-09-04,100,WATCH,90,45
60-74,66,2025-09-05,69.81526868360933,3.4907634341804665,2025-10-03,557,77.571195,21,1.7453817170902333,2025-10-01,555,75.20238,1.8800595000000002,269.35556581953364,TP1,1,265.73012460244337,0.8529926359179081,50,-0.6431013407539733,Risk-on,90,3.167166087915714,20,2.0859895079001154,30,9.308018017875956,Utilities,2025-09-04,False,100,NEE,649.8417788298866,7.310102809180467,True,True,NEE-2025-09-04,55,WATCH,90,85
60-74,66,2025-09-05,69.81526868360933,3.4907634341804665,2025-10-03,557,77.571195,21,1.7453817170902333,2025-10-03,557,77.571195,1.9392798750000002,387.79631581953356,TP2,2,384.1116542274433,1.2329968719822075,50,-0.6431013407539733,Risk-on,90,3.167166087915714,20,2.0859895079001154,30,9.308018017875956,Utilities,2025-09-04,False,100,NEE,649.8417788298866,7.310102809180467,True,True,NEE-2025-09-04,55,WATCH,90,85
75-89,85,2025-09-08,340.4270317681019,17.0213515884051,2025-10-17,567,347.2095176239014,30,8.51067579420255,2025-09-10,540,353.573125,8.839328125,657.3046615949039,TP1,1,639.9546576757014,0.08446347213843526,50,-0.23998504649879834,Risk-on,90,0.4102167629467202,90,0.12695337461217943,100,2.825533659107628,Technology,2025-09-05,False,25,AVGO,961.8880367308739,34.54091765400264,True,False,AVGO-2025-09-05,100,BUY,90,100
75-89,85,2025-09-08,340.4270317681019,17.0213515884051,2025-10-17,567,347.2095176239014,30,8.51067579420255,2025-10-17,567,347.2095176239014,8.680237940597536,339.1242927899725,TIME,2,321.93337905517245,0.04248990247374415,50,-0.23998504649879834,Risk-on,90,0.4102167629467202,90,0.12695337461217943,100,2.825533659107628,Technology,2025-09-05,False,25,AVGO,961.8880367308739,34.54091765400264,True,False,AVGO-2025-09-05,100,BUY,90,100
75-89,77,2025-09-08,235.05747244262693,11.752873622131347,2025-10-14,564,212.783555,27,5.876436811065673,2025-09-08,538,235.882,5.89705,41.226377868653685,TP1,1,29.452891057588012,0.013286535546087596,50,-1.0130819558808493,Risk-on,90,0.17108552500535928,100,-0.49416504727591276,52,-4.660302841583561,Consumer Discretionary,2025-09-05,True,25,AMZN,-1095.4390067598238,22.969512497131348,True,False,AMZN-2025-09-05,100,BUY,90,70
75-89,77,2025-09-08,235.05747244262693,11.752873622131347,2025-10-14,564,212.783555,27,5.876436811065673,2025-10-14,564,212.783555,5.319588875000001,-1113.6958721313463,STOP,2,-1124.8918978174117,-0.5074515828220003,50,-1.0130819558808493,Risk-on,90,0.17108552500535928,100,-0.49416504727591276,52,-4.660302841583561,Consumer Discretionary,2025-09-05,True,25,AMZN,-1095.4390067598238,22.969512497131348,True,False,AMZN-2025-09-05,100,BUY,90,70
75-89,82,2025-09-08,410.17905628628745,20.508952814314373,2025-10-17,567,383.7240271148682,30,10.254476407157188,2025-09-08,538,411.63408,10.290852,72.75118568562675,TP1,1,52.205857278469566,0.011416342587879793,50,-0.9410711339556334,Risk-on,90,0.172251938813617,90,-0.2821823328911482,68,-3.145926537694511,Consumer Discretionary,2025-09-05,False,25,HD,-1290.3931783775222,40.392905492186074,True,False,HD-2025-09-05,100,BUY,90,100
75-89,82,2025-09-08,410.17905628628745,20.508952814314373,2025-10-17,567,383.7240271148682,30,10.254476407157188,2025-10-17,567,383.7240271148682,9.593100677871705,-1322.7514585709628,TIME,2,-1342.5990356559917,-0.293598675479028,50,-0.9410711339556334,Risk-on,90,0.172251938813617,90,-0.2821823328911482,68,-3.145926537694511,Consumer Discretionary,2025-09-05,False,25,HD,-1290.3931783775222,40.392905492186074,True,False,HD-2025-09-05,100,BUY,90,100
60-74,62,2025-09-09,186.81052383814,9.340526191907001,2025-10-20,568,187.44373735046386,30,9.340526191907001,2025-10-20,568,187.44373735046386,9.372186867523194,63.32135123238629,TIME,1,44.60863817295609,0.04172727066358367,100,-0.8932500136638734,Risk-on,90,0.45958950806016885,20,0.04172727066358367,14,0.2387908200054445,Real Estate,2025-09-08,False,100,AMT,44.60863817295609,18.712713059430193,False,False,AMT-2025-09-08,40,WATCH,90,100
60-74,70,2025-09-10,336.71492652485176,16.83574632624259,2025-10-03,557,358.30076,18,8.417873163121294,2025-09-11,541,342.36873,8.559218249999999,282.6901737574133,TP1,1,265.713082344292,0.025811187720858365,50,-0.10439171710517287,Risk-on,90,0.23262449905814978,60,0.12896501156063123,55,3.9428883585313703,Health Care,2025-09-09,False,25,UNH,1327.6293639385838,34.35248357624259,True,True,UNH-2025-09-09,75,WATCH,90,100
60-74,70,2025-09-10,336.71492652485176,16.83574632624259,2025-10-03,557,358.30076,18,8.417873163121294,2025-10-03,557,358.30076,8.957519,1079.2916737574133,TP2,2,1061.9162815942918,0.10315382383977287,50,-0.10439171710517287,Risk-on,90,0.23262449905814978,60,0.12896501156063123,55,3.9428883585313703,Health Care,2025-09-09,False,25,UNH,1327.6293639385838,34.35248357624259,True,True,UNH-2025-09-09,75,WATCH,90,100
75-89,76,2025-09-10,238.55268162461937,11.927634081230968,2025-09-15,543,248.285795,4,5.963817040615484,2025-09-10,540,239.88000000000002,5.997000000000001,66.36591876903282,TP1,1,54.405101728417335,0.010985895743854623,50,-0.05581335540215166,Risk-on,90,0.2698644554972668,60,0.10679748980291594,100,2.217077607260278,Communication Services,2025-09-09,False,25,GOOGL,528.8898085818339,24.131778956230967,True,True,GOOGL-2025-09-09,100,BUY,90,70
75-89,76,2025-09-10,238.55268162461937,11.927634081230968,2025-09-15,543,248.285795,4,5.963817040615484,2025-09-15,543,248.285795,6.207144875,486.655668769032,TP2,2,474.4847068534165,0.09581159405906131,50,-0.05581335540215166,Risk-on,90,0.2698644554972668,60,0.10679748980291594,100,2.217077607260278,Communication Services,2025-09-09,False,25,GOOGL,528.8898085818339,24.131778956230967,True,True,GOOGL-2025-09-09,100,BUY,90,70
75-89,81,2025-09-11,326.7806438634613,16.339032193173068,2025-10-22,570,269.9201481933594,30,16.339032193173068,2025-10-22,570,269.9201481933594,13.496007409667971,-5686.04956701019,TIME,1,-5715.884606613031,-0.44474447332255146,100,-0.4676516770852652,Risk-on,90,0.0038068381795428497,60,-0.44474447332255146,100,-17.49150298204718,Technology,2025-09-10,False,25,ORCL,-5715.884606613031,29.83503960284104,False,False,ORCL-2025-09-10,100,BUY,90,100
75-89,80,2025-09-11,761.1973806357556,38.059869031787784,2025-09-17,545,785.756925,5,19.029934515893892,2025-09-11,541,762.868375,19.071709375,83.54971821221966,TP1,1,45.44807432132576,0.00512683781465218,50,-0.011517732135646415,Risk-on,90,0.29109410891069615,100,0.13928797738154697,79,1.6221172934953898,Financials,2025-09-10,False,25,GS,1234.751434892652,76.77550153178778,True,True,GS-2025-09-10,100,BUY,90,70
75-89,80,2025-09-11,761.1973806357556,38.059869031787784,2025-09-17,545,785.756925,5,19.029934515893892,2025-09-17,545,785.756925,19.643923125,1227.9772182122201,TP2,2,1189.3033605713263,0.1341611395668948,50,-0.011517732135646415,Risk-on,90,0.29109410891069615,100,0.13928797738154697,79,1.6221172934953898,Financials,2025-09-10,False,25,GS,1234.751434892652,76.77550153178778,True,True,GS-2025-09-10,100,BUY,90,70
75-89,81,2025-09-12,371.1254724426269,18.556273622131346,2025-09-12,542,387.79600500000004,1,9.278136811065673,2025-09-12,542,368.80550500000004,9.220137625000001,-115.99837213134379,TP1,1,-134.49664656740947,-0.018588317099865023,50,-0.012237943839756465,Risk-on,90,0.3533185415802558,100,0.09398832201730432,62,1.8324178609710289,Consumer Discretionary,2025-09-11,False,25,TSLA,680.0569443651809,37.47131137213135,True,True,TSLA-2025-09-11,100,BUY,90,85
75-89,81,2025-09-12,371.1254724426269,18.556273622131346,2025-09-12,542,387.79600500000004,1,9.278136811065673,2025-09-12,542,387.79600500000004,9.694900125,833.5266278686561,TP2,2,814.5535909325904,0.11257663911716935,50,-0.012237943839756465,Risk-on,90,0.3533185415802558,100,0.09398832201730432,62,1.8324178609710289,Consumer Discretionary,2025-09-11,False,25,TSLA,680.0569443651809,37.47131137213135,True,True,TSLA-2025-09-11,100,BUY,90,85
60-74,69,2025-09-15,505.8408026264425,25.292040131322125,2025-10-24,572,520.0545399169922,30,12.646020065661062,2025-10-06,558,521.669035,13.041725875000001,791.4116186778756,TP1,1,765.7238727372145,0.289708898953811,50,-0.15055117313762692,Risk-on,90,0.8265835943204031,50,0.5488911457610108,42,2.8680235879913507,Technology,2025-09-12,False,25,MSFT,1450.7633537011143,51.33512950424693,True,False,MSFT-2025-09-12,100,WATCH,90,70
60-74,69,2025-09-15,505.8408026264425,25.292040131322125,2025-10-24,572,520.0545399169922,30,12.646020065661062,2025-10-24,572,520.0545399169922,13.001363497924805,710.6868645274858,TIME,2,685.0394809638999,0.25918224680719987,50,-0.15055117313762692,Risk-on,90,0.8265835943204031,50,0.5488911457610108,42,2.8680235879913507,Technology,2025-09-12,False,25,MSFT,1450.7633537011143,51.33512950424693,True,False,MSFT-2025-09-12,100,WATCH,90,70
60-74,69,2025-09-15,175.53396078794475,8.776698039397237,2025-10-09,561,191.36427,19,4.388349019698619,2025-09-22,548,184.12789,4.60319725,429.6964606027629,TP1,1,420.70491433306427,0.23736506719153533,50,-0.41404296640871874,Risk-on,90,1.101179621775003,80,0.6787692285938716,74,6.853647657500764,Technology,2025-09-12,False,25,NVDA,1203.0479191661284,18.16400203939724,True,True,NVDA-2025-09-12,100,WATCH,90,20
60-74,69,2025-09-15,175.53396078794475,8.776698039397237,2025-10-09,561,191.36427,19,4.388349019698619,2025-10-09,561,191.36427,4.784106749999999,791.5154606027627,TP2,2,782.3430048330641,0.4414041614023362,50,-0.41404296640871874,Risk-on,90,1.101179621775003,80,0.6787692285938716,74,6.853647657500764,Technology,2025-09-12,False,25,NVDA,1203.0479191661284,18.16400203939724,True,True,NVDA-2025-09-12,100,WATCH,90,20
75-89,83,2025-09-15,423.3415698852539,21.167078494262693,2025-09-15,543,417.11134000000004,1,10.583539247131347,2025-09-15,543,396.49165500000004,9.912291375,-1342.495744262692,TP1,1,-1362.9915748848232,-0.10823271528551195,50,-0.16605508236359437,Risk-on,90,0.018727967291493258,90,-0.13463775552385812,75,-4.005074182424876,Consumer Discretionary,2025-09-12,False,25,TSLA,-1695.5143918946462,41.507153369262696,True,True,TSLA-2025-09-12,100,BUY,90,100
75-89,83,2025-09-15,423.3415698852539,21.167078494262693,2025-09-15,543,417.11134000000004,1,10.583539247131347,2025-09-15,543,417.11134000000004,10.427783500000002,-311.5114942626917,TP2,2,-332.52281700982303,-0.026405040238346167,50,-0.16605508236359437,Risk-on,90,0.018727967291493258,90,-0.13463775552385812,75,-4.005074182424876,Consumer Discretionary,2025-09-12,False,25,TSLA,-1695.5143918946462,41.507153369262696,True,True,TSLA-2025-09-12,100,BUY,90,100
60-74,65,2025-09-15,109.78108524166767,5.489054262083383,2025-09-26,552,115.512215,10,2.7445271310416914,2025-09-16,544,112.66364,2.816591,144.12773791661664,TP1,1,138.56661978557497,0.15762174518431676,50,-0.1019273963240702,Risk-on,90,0.681367671240821,80,0.47717746292330576,29,3.8211571171181227,Energy,2025-09-12,False,25,XOM,419.4907751961497,11.193450637083384,True,True,XOM-2025-09-12,100,WATCH,90,20
60-74,65,2025-09-15,109.78108524166767,5.489054262083383,2025-09-26,552,115.512215,10,2.7445271310416914,2025-09-26,552,115.512215,2.887805375,286.55648791661645,TP2,2,280.9241554105747,0.31955571773898905,50,-0.1019273963240702,Risk-on,90,0.681367671240821,80,0.47717746292330576,29,3.8211571171181227,Energy,2025-09-12,False,25,XOM,419.4907751961497,11.193450637083384,True,True,XOM-2025-09-12,100,WATCH,90,20
75-89,76,2025-09-15,430.1746607525991,21.508733037629952,2025-09-17,545,446.47665,3,10.754366518814978,2025-09-15,543,433.71303500000005,10.842825875,176.91871237004761,TP1,1,155.32151997623265,0.039851923525947484,50,-0.08739664593078826,Risk-on,90,0.46517149443494304,100,0.24336445302200874,70,2.204929267377199,Industrials,2025-09-12,False,25,CAT,948.5046995774633,43.51347516262995,True,True,CAT-2025-09-12,100,BUY,90,45
75-89,76,2025-09-15,430.1746607525991,21.508733037629952,2025-09-17,545,446.47665,3,10.754366518814978,2025-09-17,545,446.47665,11.16191625,815.0994623700456,TP2,2,793.1831796012306,0.20351252949606122,50,-0.08739664593078826,Risk-on,90,0.46517149443494304,100,0.24336445302200874,70,2.204929267377199,Industrials,2025-09-12,False,25,CAT,948.5046995774633,43.51347516262995,True,True,CAT-2025-09-12,100,BUY,90,45
60-74,72,2025-09-15,755.3729190119051,37.76864595059526,2025-10-06,558,699.94985,16,37.76864595059526,2025-10-06,558,699.94985,34.9974925,-5542.306901190512,STOP,1,-5615.073039641106,-1.019570623889991,100,-1.2102883945386738,Risk-on,90,0.5963665724265963,70,-1.019570623889991,46,-7.433511181452099,Communication Services,2025-09-12,True,50,META,-5615.073039641106,72.76613845059526,False,False,META-2025-09-12,100,WATCH,90,45
75-89,79,2025-09-16,414.70725,20.7353625,2025-09-29,553,447.81598,10,10.36768125,2025-09-17,545,425.48715,10.637178749999999,538.9949999999999,TP1,1,517.9901399999999,0.04362858063334239,50,-0.042426962405560764,Risk-on,90,0.3055133592863319,60,0.1812442854736383,82,5.188873739849019,Consumer Discretionary,2025-09-15,False,25,TSLA,2151.863559250002,42.56794075,True,True,TSLA-2025-09-15,100,BUY,90,100
75-89,79,2025-09-16,414.70725,20.7353625,2025-09-29,553,447.81598,10,10.36768125,2025-09-29,553,447.81598,11.1953995,1655.4365000000018,TP2,2,1633.873419250002,0.13761570484029592,50,-0.042426962405560764,Risk-on,90,0.3055133592863319,60,0.1812442854736383,82,5.188873739849019,Consumer Discretionary,2025-09-15,False,25,TSLA,2151.863559250002,42.56794075,True,True,TSLA-2025-09-15,100,BUY,90,100
75-89,78,2025-09-16,304.33286926032355,15.216643463016176,2025-09-26,552,311.574135,9,7.608321731508088,2025-09-16,544,303.977935,7.599448375,-17.746713016177296,TP1,1,-32.95448312268538,-0.01144933912760126,50,-0.10312421763059726,Risk-on,90,0.26096406015735507,100,0.10899230577650319,53,1.0308157956026898,Financials,2025-09-15,False,25,JPM,313.7111287546297,30.605445213016175,True,True,JPM-2025-09-15,100,BUY,90,70
75-89,78,2025-09-16,304.33286926032355,15.216643463016176,2025-09-26,552,311.574135,9,7.608321731508088,2025-09-26,552,311.574135,7.789353375,362.0632869838232,TP2,2,346.6656118773151,0.12044164490410444,50,-0.10312421763059726,Risk-on,90,0.26096406015735507,100,0.10899230577650319,53,1.0308157956026898,Financials,2025-09-15,False,25,JPM,313.7111287546297,30.605445213016175,True,True,JPM-2025-09-15,100,BUY,90,70
75-89,81,2025-09-16,251.71353588011883,12.585676794005941,2025-10-24,572,260.56965,29,6.292838397002971,2025-09-16,544,251.79404,6.2948509999999995,4.025205994058467,TP1,1,-8.562483402944503,-0.0013594796296038545,50,-0.2593387879993421,Risk-on,90,0.15012576604338926,60,0.06691211235683284,100,1.6742688924954188,Communication Services,2025-09-15,False,25,GOOGL,421.4361429441124,25.39476904400594,True,True,GOOGL-2025-09-15,100,BUY,90,100
75-89,81,2025-09-16,251.71353588011883,12.585676794005941,2025-10-24,572,260.56965,29,6.292838397002971,2025-10-24,572,260.56965,6.51424125,442.8057059940599,TP2,2,429.9986263470569,0.0682715919864367,50,-0.2593387879993421,Risk-on,90,0.15012576604338926,60,0.06691211235683284,100,1.6742688924954188,Communication Services,2025-09-15,False,25,GOOGL,421.4361429441124,25.39476904400594,True,True,GOOGL-2025-09-15,100,BUY,90,100
75-89,80,2025-09-17,290.7594790788004,14.537973953940021,2025-09-23,549,302.278785,5,7.26898697697001,2025-09-18,546,293.103375,7.327584375,117.19479605998231,TP1,1,102.5982247080123,0.028547499111786483,50,-0.1587963808901141,Risk-on,90,0.3746729918401073,90,0.18468202132555206,67,2.282771885095245,Industrials,2025-09-16,False,25,GE,663.7375641660245,29.422527953940023,True,True,GE-2025-09-16,100,BUY,90,85
75-89,80,2025-09-17,290.7594790788004,14.537973953940021,2025-09-23,549,302.278785,5,7.26898697697001,2025-09-23,549,302.278785,7.556969625000001,575.9652960599823,TP2,2,561.1393394580123,0.1561345222137656,50,-0.1587963808901141,Risk-on,90,0.3746729918401073,90,0.18468202132555206,67,2.282771885095245,Industrials,2025-09-16,False,25,GE,663.7375641660245,29.422527953940023,True,True,GE-2025-09-16,100,BUY,90,85
0-59,59,2025-09-17,65.10884230600588,3.255442115300294,2025-10-28,574,68.71661632537842,30,1.627721057650147,2025-10-21,569,69.70513,1.74262825,229.8143846997057,TP1,1,226.44403539205555,1.5522173607100078,50,-0.7343204080344035,Risk-on,90,3.4772966766673976,20,2.7658033924145777,21,6.19711679096587,Consumer Staples,2025-09-16,False,100,KO,403.48709989489805,6.715985773434755,True,False,KO-2025-09-16,40,SKIP,90,70
0-59,59,2025-09-17,65.10884230600588,3.255442115300294,2025-10-28,574,68.71661632537842,30,1.627721057650147,2025-10-28,574,68.71661632537842,1.7179154081344608,180.3887009686271,TIME,2,177.04306450284247,1.2135860317045697,50,-0.7343204080344035,Risk-on,90,3.4772966766673976,20,2.7658033924145777,21,6.19711679096587,Consumer Staples,2025-09-16,False,100,KO,403.48709989489805,6.715985773434755,True,False,KO-2025-09-16,40,SKIP,90,70
75-89,78,2025-09-18,784.437573710814,39.2218786855407,2025-09-23,549,808.705445,4,19.61093934277035,2025-09-18,546,786.6065000000001,19.665162500000005,108.44631445930304,TP1,1,69.17021261653268,0.006218241760320621,50,-0.031608797964597,Risk-on,90,0.25942704249708515,90,0.11171901365260095,74,1.5842372207252307,Financials,2025-09-17,False,25,GS,1242.7352016080633,79.10467731054071,True,True,GS-2025-09-17,100,BUY,90,70
75-89,78,2025-09-18,784.437573710814,39.2218786855407,2025-09-23,549,808.705445,4,19.61093934277035,2025-09-23,549,808.705445,20.217636125000002,1213.393564459301,TP2,2,1173.5649889915308,0.10550077189228034,50,-0.031608797964597,Risk-on,90,0.25942704249708515,90,0.11171901365260095,74,1.5842372207252307,Financials,2025-09-17,False,25,GS,1242.7352016080633,79.10467731054071,True,True,GS-2025-09-17,100,BUY,90,70
75-89,84,2025-09-18,447.1603072357117,22.358015361785583,2025-09-18,546,460.919425,1,11.179007680892791,2025-09-18,546,448.07585000000006,11.201896250000003,45.777138214418756,TP1,1,23.396234283525956,0.004586569960344511,50,-0.044987363969880824,Risk-on,90,0.32105471563951143,100,0.13500215280215616,75,1.5400520083036802,Industrials,2025-09-17,False,25,CAT,688.6501291920483,45.082897236785584,True,True,CAT-2025-09-17,100,BUY,90,100
75-89,84,2025-09-18,447.1603072357117,22.358015361785583,2025-09-18,546,460.919425,1,11.179007680892791,2025-09-18,546,460.919425,11.522985625,687.9558882144153,TP2,2,665.2538949085224,0.13041558284181165,50,-0.044987363969880824,Risk-on,90,0.32105471563951143,100,0.13500215280215616,75,1.5400520083036802,Industrials,2025-09-17,False,25,CAT,688.6501291920483,45.082897236785584,True,True,CAT-2025-09-17,100,BUY,90,100
75-89,79,2025-09-18,103.21146936731749,5.160573468365874,2025-10-15,565,107.916015,20,2.5802867341829367,2025-10-14,564,105.42726,2.6356815000000005,110.78953163412564,TP1,1,105.5735633999427,0.10110987226605778,50,-0.3771696895347531,Risk-on,90,0.5453140249447345,100,0.3213366300485388,46,3.2508272576839263,Consumer Staples,2025-09-17,False,25,WMT,335.52265792488527,10.494155343365875,True,True,WMT-2025-09-17,100,BUY,90,85
75-89,79,2025-09-18,103.21146936731749,5.160573468365874,2025-10-15,565,107.916015,20,2.5802867341829367,2025-10-15,565,107.916015,2.697900375,235.22728163412552,TP2,2,229.94909452494258,0.22022675778248108,50,-0.3771696895347531,Risk-on,90,0.5453140249447345,100,0.3213366300485388,46,3.2508272576839263,Consumer Staples,2025-09-17,False,25,WMT,335.52265792488527,10.494155343365875,True,True,WMT-2025-09-17,100,BUY,90,85
60-74,68,2025-09-18,117.03837927358074,5.8519189636790365,2025-10-14,564,124.907515,19,2.9259594818395183,2025-10-08,560,122.688625,3.067215625,282.51228632096286,TP1,1,276.5191112141233,1.2752340634463597,50,-0.1797870711336635,Risk-on,90,3.775418129470763,35,3.061859418541086,42,5.672731067356091,Utilities,2025-09-17,False,100,DUK,663.9272501782467,12.041822463679036,True,True,DUK-2025-09-17,75,WATCH,90,45
60-74,68,2025-09-18,117.03837927358074,5.8519189636790365,2025-10-14,564,124.907515,19,2.9259594818395183,2025-10-14,564,124.907515,3.122687875,393.4567863209629,TP2,2,387.4081389641234,1.786625355094726,50,-0.1797870711336635,Risk-on,90,3.775418129470763,35,3.061859418541086,42,5.672731067356091,Utilities,2025-09-17,False,100,DUK,663.9272501782467,12.041822463679036,True,True,DUK-2025-09-17,75,WATCH,90,45
60-74,73,2025-09-19,51.34775562186073,2.567387781093036,2025-10-30,576,52.16202773475647,30,1.283693890546518,2025-09-19,547,51.334320000000005,1.2833580000000002,-0.6717810930361168,TP1,1,-3.2388329835826353,-0.005785949231034898,50,-0.6410053847441148,Risk-on,90,0.2222063910153034,90,0.062323242445679404,56,0.6794265426946207,Financials,2025-09-18,False,25,BAC,34.8870280772891,5.154796474461948,True,False,BAC-2025-09-18,100,WATCH,90,45
60-74,73,2025-09-19,51.34775562186073,2.567387781093036,2025-10-30,576,52.16202773475647,30,1.283693890546518,2025-10-30,576,52.16202773475647,1.304050693368912,40.713605644787165,TIME,2,38.125861060871735,0.0681091916767143,50,-0.6410053847441148,Risk-on,90,0.2222063910153034,90,0.062323242445679404,56,0.6794265426946207,Financials,2025-09-18,False,25,BAC,34.8870280772891,5.154796474461948,True,False,BAC-2025-09-18,100,WATCH,90,45
75-89,79,2025-09-19,466.2977149952768,23.314885749763842,2025-09-23,549,477.23126500000006,3,11.657442874881921,2025-09-19,547,463.30823000000004,11.58270575,-149.47424976383843,TP1,1,-172.71439838872035,-0.024309634504107877,50,-0.15184209332569013,Risk-on,90,0.2070779523663645,60,0.0493154322233802,84,0.751397371422053,Industrials,2025-09-18,False,25,CAT,350.37487734756064,46.82837312476384,True,True,CAT-2025-09-18,100,BUY,90,100
75-89,79,2025-09-19,466.2977149952768,23.314885749763842,2025-09-23,549,477.23126500000006,3,11.657442874881921,2025-09-23,549,477.23126500000006,11.930781625000002,546.6775002361629,TP2,2,523.089275736281,0.07362506672748809,50,-0.15184209332569013,Risk-on,90,0.2070779523663645,60,0.0493154322233802,84,0.751397371422053,Industrials,2025-09-18,False,25,CAT,350.37487734756064,46.82837312476384,True,True,CAT-2025-09-18,100,BUY,90,100
60-74,71,2025-09-22,745.3069197809342,37.265345989046715,2025-10-01,555,800.21969,8,18.632672994523357,2025-10-01,555,772.8134000000001,19.320335000000004,1375.3240109532953,TP1,1,1337.371002958772,0.1730397597354741,50,-0.47492678409648564,Risk-on,90,1.0863041229691164,90,0.5232931212850894,22,5.426450823583241,Health Care,2025-09-19,False,25,LLY,4044.3713486675388,76.59117323904673,True,True,LLY-2025-09-19,75,WATCH,90,100
60-74,71,2025-09-22,745.3069197809342,37.265345989046715,2025-10-01,555,800.21969,8,18.632672994523357,2025-10-01,555,800.21969,20.00549225,2745.6385109532903,TP2,2,2707.000345708767,0.3502533615496153,50,-0.47492678409648564,Risk-on,90,1.0863041229691164,90,0.5232931212850894,22,5.426450823583241,Health Care,2025-09-19,False,25,LLY,4044.3713486675388,76.59117323904673,True,True,LLY-2025-09-19,75,WATCH,90,100
60-74,63,2025-09-22,203.08738658184913,10.154369329092457,2025-10-10,562,197.58116,15,10.154369329092457,2025-10-10,562,197.58116,9.879058000000002,-550.622658184912,STOP,1,-570.6560855140044,-1.0553269622510721,100,-1.4627685432951474,Risk-on,90,0.7490900737838166,20,-1.0553269622510721,18,-2.809904126094095,Industrials,2025-09-19,True,100,HON,-570.6560855140044,20.03342732909246,False,False,HON-2025-09-19,40,WATCH,90,100
75-89,80,2025-09-23,255.28571988066585,12.764285994033292,2025-10-21,569,263.67809500000004,21,6.382142997016646,2025-09-23,549,255.79204000000001,6.394801,25.316005966708133,TP1,1,12.539061969691485,0.003317587813985721,50,-0.31681040525022575,Risk-on,90,0.2448913830985505,60,0.11090772285536359,88,1.6420179035487494,Technology,2025-09-22,False,25,AAPL,419.1837225643843,25.751039369033293,True,True,AAPL-2025-09-22,100,BUY,90,100
75-89,80,2025-09-23,255.28571988066585,12.764285994033292,2025-10-21,569,263.67809500000004,21,6.382142997016646,2025-10-21,569,263.67809500000004,6.591952375000001,419.6187559667095,TP2,2,406.6446605946928,0.10759013504137786,50,-0.31681040525022575,Risk-on,90,0.2448913830985505,60,0.11090772285536359,88,1.6420179035487494,Technology,2025-09-22,False,25,AAPL,419.1837225643843,25.751039369033293,True,True,AAPL-2025-09-22,100,BUY,90,100
60-74,73,2025-09-24,798.2219604748195,39.911098023740976,2025-11-04,579,778.9845194396974,30,39.911098023740976,2025-11-04,579,778.9845194396974,38.949225971984866,-1923.7441035122174,TIME,1,-2002.6044275079432,-0.18904629146214752,100,-0.6507155306320261,Risk-on,90,0.026842407536831703,90,-0.18904629146214752,64,-2.5088315364271625,Financials,2025-09-23,False,25,GS,-2002.6044275079432,78.86032399572585,False,False,GS-2025-09-23,100,WATCH,90,45
75-89,76,2025-09-24,468.7171918185838,23.43585959092919,2025-10-03,557,495.941905,8,11.717929795464595,2025-10-02,556,480.769495,12.019237375,602.615159070811,TP1,1,578.8779919003465,0.07769424370600973,50,-0.17766384292249518,Risk-on,90,0.4195859749814489,60,0.2571560042439823,78,4.087746741519728,Industrials,2025-09-23,False,25,CAT,1915.9971735506938,47.85364459092919,True,True,CAT-2025-09-23,100,BUY,90,85
75-89,76,2025-09-24,468.7171918185838,23.43585959092919,2025-10-03,557,495.941905,8,11.717929795464595,2025-10-03,557,495.941905,12.398547625,1361.2356590708118,TP2,2,1337.1191816503472,0.17946176053797253,50,-0.17766384292249518,Risk-on,90,0.4195859749814489,60,0.2571560042439823,78,4.087746741519728,Industrials,2025-09-23,False,25,CAT,1915.9971735506938,47.85364459092919,True,True,CAT-2025-09-23,100,BUY,90,85
60-74,70,2025-09-24,305.50198653619793,15.275099326809897,2025-10-21,569,313.30327,20,7.637549663404949,2025-09-24,550,304.07788500000004,7.601947125000001,-71.20507680989476,TP1,1,-86.44457359829971,-0.018340956949036986,50,-0.359700477635045,Risk-on,90,0.20821277313640904,60,0.06113671189248439,73,0.9431999819230528,Industrials,2025-09-23,False,25,GE,288.1494681783986,30.7096282018099,True,True,GE-2025-09-23,100,WATCH,90,45
60-74,70,2025-09-24,305.50198653619793,15.275099326809897,2025-10-21,569,313.30327,20,7.637549663404949,2025-10-21,569,313.30327,7.83258175,390.06417319010325,TP2,2,374.5940417766983,0.07947766884152138,50,-0.359700477635045,Risk-on,90,0.20821277313640904,60,0.06113671189248439,73,0.9431999819230528,Industrials,2025-09-23,False,25,GE,288.1494681783986,30.7096282018099,True,True,GE-2025-09-23,100,WATCH,90,45
60-74,72,2025-09-29,311.26380921297255,15.563190460648626,2025-11-07,582,309.6557941131592,30,7.781595230324313,2025-09-29,553,311.68408,7.792102000000001,21.0135393513724,TP1,1,5.439842121048087,0.0017338800284406653,50,-0.7902038922057977,Risk-on,90,0.024753920318449748,90,-0.028840585578419394,51,-0.2906984373851924,Financials,2025-09-26,False,25,JPM,-90.48390295277379,31.096687313477606,True,False,JPM-2025-09-26,100,WATCH,90,45
60-74,72,2025-09-29,311.26380921297255,15.563190460648626,2025-11-07,582,309.6557941131592,30,7.781595230324313,2025-11-07,582,309.6557941131592,7.7413948528289795,-80.40075499066859,TIME,2,-95.92374507382188,-0.030574465606860057,50,-0.7902038922057977,Risk-on,90,0.024753920318449748,90,-0.028840585578419394,51,-0.2906984373851924,Financials,2025-09-26,False,25,JPM,-90.48390295277379,31.096687313477606,True,False,JPM-2025-09-26,100,WATCH,90,45
75-89,77,2025-09-29,113.57811314096942,5.678905657048471,2025-11-07,582,114.59865497970581,30,5.678905657048471,2025-11-07,582,114.59865497970581,5.7299327489852905,102.0541838736392,TIME,1,90.64534546760544,0.091026627418677,100,-0.5626294252398459,Risk-on,90,0.13672543937168374,100,0.091026627418677,49,0.7980881435765659,Energy,2025-09-26,False,25,XOM,90.64534546760544,11.408838406033762,False,False,XOM-2025-09-26,100,BUY,90,70
60-74,63,2025-09-29,912.9292371677764,45.64646185838882,2025-11-07,582,919.6858620910645,30,45.64646185838882,2025-11-07,582,919.6858620910645,45.984293104553224,675.6624923288086,TIME,1,584.0317373658665,0.1917420761882145,100,-0.4416135910841659,Risk-on,90,1.5431328661569177,20,0.1917420761882145,24,0.6397338518566191,Consumer Staples,2025-09-26,False,100,COST,584.0317373658665,91.63075496294204,False,False,COST-2025-09-26,40,WATCH,90,100
60-74,66,2025-09-29,335.4926402699018,16.774632013495093,2025-11-07,582,333.8062799682617,30,8.387316006747547,2025-10-03,557,350.30476000000004,8.757619,740.6059865049116,TP1,1,723.461051498164,0.666008478162283,50,-0.35123251213854895,Risk-on,90,1.5967592027210908,20,0.5729827628875637,26,1.85521376239276,Financials,2025-09-26,False,100,V,622.4105634102053,33.877408012701636,True,False,V-2025-09-26,50,WATCH,90,100
60-74,66,2025-09-29,335.4926402699018,16.774632013495093,2025-11-07,582,333.8062799682617,30,8.387316006747547,2025-11-07,582,333.8062799682617,8.345156999206543,-84.31801508200465,TIME,2,-101.05048808795873,-0.09302571527471938,50,-0.35123251213854895,Risk-on,90,1.5967592027210908,20,0.5729827628875637,26,1.85521376239276,Financials,2025-09-26,False,100,V,622.4105634102053,33.877408012701636,True,False,V-2025-09-26,50,WATCH,90,100
75-89,77,2025-09-30,441.7407490081787,22.087037450408936,2025-11-10,583,445.007395980835,30,11.043518725204468,2025-10-01,555,450.75451000000004,11.26886275,450.68804959106785,TP1,1,428.3756681158634,0.031456404171351426,50,-0.22243038771455273,Risk-on,90,0.23739962183713936,90,0.041822307284398036,100,1.2893067130499396,Consumer Discretionary,2025-09-29,False,25,TSLA,569.5393131239532,44.481085099929814,True,False,TSLA-2025-09-29,100,BUY,90,45
75-89,77,2025-09-30,441.7407490081787,22.087037450408936,2025-11-10,583,445.007395980835,30,11.043518725204468,2025-11-10,583,445.007395980835,11.125184899520875,163.33234863281518,TIME,2,141.16364500808982,0.010365903113046608,50,-0.22243038771455273,Risk-on,90,0.23739962183713936,90,0.041822307284398036,100,1.2893067130499396,Consumer Discretionary,2025-09-29,False,25,TSLA,569.5393131239532,44.481085099929814,True,False,TSLA-2025-09-29,100,BUY,90,45
75-89,80,2025-10-01,182.88925684269125,9.144462842134562,2025-10-06,558,186.48671000000002,4,4.572231421067281,2025-10-01,555,182.69860500000001,4.567465125000001,-9.532592134561924,TP1,1,-18.672288680629205,-0.01189374049213166,50,-0.13665705915029705,Risk-on,90,0.2395723223590758,90,0.09679819340269535,74,0.8309179699081632,Health Care,2025-09-30,False,25,JNJ,151.96597001374167,18.374095717134566,True,True,JNJ-2025-09-30,100,BUY,90,85
75-89,80,2025-10-01,182.88925684269125,9.144462842134562,2025-10-06,558,186.48671000000002,4,4.572231421067281,2025-10-06,558,186.48671000000002,4.662167750000001,179.87265786543816,TP2,2,170.63825869437088,0.10869193389482702,50,-0.13665705915029705,Risk-on,90,0.2395723223590758,90,0.09679819340269535,74,0.8309179699081632,Health Care,2025-09-30,False,25,JNJ,151.96597001374167,18.374095717134566,True,True,JNJ-2025-09-30,100,BUY,90,85
75-89,76,2025-10-02,810.8209580077679,40.54104790038839,2025-10-31,577,862.8183750000001,22,20.270523950194196,2025-10-02,556,828.84537,20.72113425,901.2205996116052,TP1,1,860.228941411411,0.06589219677424554,50,-0.2356736639921344,Risk-on,90,0.42034002448517666,90,0.26183329941511685,45,4.215799769281588,Health Care,2025-10-01,False,25,LLY,3418.2588076978245,82.8326415253884,True,True,LLY-2025-10-01,85,BUY,90,100
75-89,76,2025-10-02,810.8209580077679,40.54104790038839,2025-10-31,577,862.8183750000001,22,20.270523950194196,2025-10-31,577,862.8183750000001,21.570459375000002,2599.870849611608,TP2,2,2558.0298662864134,0.1959411026408713,50,-0.2356736639921344,Risk-on,90,0.42034002448517666,90,0.26183329941511685,45,4.215799769281588,Health Care,2025-10-01,False,25,LLY,3418.2588076978245,82.8326415253884,True,True,LLY-2025-10-01,85,BUY,90,100
60-74,69,2025-10-06,354.00831808975533,17.70041590448777,2025-11-14,587,315.28472262573246,30,8.850207952243885,2025-10-08,560,360.47967000000006,9.011991750000002,323.56759551223604,TP1,1,305.7053958099922,0.05087601143259708,50,-0.7674089793371072,Risk-on,90,0.3227743201076406,70,-0.2741309385542407,73,-4.653016946882603,Health Care,2025-10-03,False,25,UNH,-1647.2067034090387,34.59452572013109,True,False,UNH-2025-10-03,75,WATCH,90,70
60-74,69,2025-10-06,354.00831808975533,17.70041590448777,2025-11-14,587,315.28472262573246,30,8.850207952243885,2025-11-14,587,315.28472262573246,7.882118065643312,-1936.179773201144,TIME,2,-1952.912099219031,-0.3250069499868378,50,-0.7674089793371072,Risk-on,90,0.3227743201076406,70,-0.2741309385542407,73,-4.653016946882603,Health Care,2025-10-03,False,25,UNH,-1647.2067034090387,34.59452572013109,True,False,UNH-2025-10-03,75,WATCH,90,70
60-74,74,2025-10-06,496.2036250578801,24.810181252894008,2025-10-14,564,515.0423499999999,7,12.405090626447004,2025-10-06,558,499.73001000000005,12.493250250000001,176.31924710599662,TP1,1,151.42090622954964,0.015733084257631227,50,-0.17629788840156246,Risk-on,90,0.31808999680226907,60,0.11097628578690397,81,2.152495366865785,Industrials,2025-10-03,False,25,CAT,1068.076003959094,50.17949025289401,True,True,CAT-2025-10-03,100,WATCH,90,70
60-74,74,2025-10-06,496.2036250578801,24.810181252894008,2025-10-14,564,515.0423499999999,7,12.405090626447004,2025-10-14,564,515.0423499999999,12.876058749999999,941.9362471059912,TP2,2,916.6550977295443,0.09524320152927275,50,-0.17629788840156246,Risk-on,90,0.31808999680226907,60,0.11097628578690397,81,2.152495366865785,Industrials,2025-10-03,False,25,CAT,1068.076003959094,50.17949025289401,True,True,CAT-2025-10-03,100,WATCH,90,70
75-89,76,2025-10-06,78.53605107396353,3.926802553698177,2025-10-07,559,82.10892500000001,2,1.9634012768490885,2025-10-06,558,79.64016000000001,1.991004,55.20544630182371,TP1,1,51.251041024974626,0.04008355725196346,50,-0.0030696265101139027,Risk-on,90,0.3385530376912048,90,0.17666018352211196,52,2.8761137062038165,Utilities,2025-10-03,False,25,NEE,225.8786129249495,7.970529678698178,True,True,NEE-2025-10-03,100,BUY,90,70
75-89,76,2025-10-06,78.53605107396353,3.926802553698177,2025-10-07,559,82.10892500000001,2,1.9634012768490885,2025-10-07,559,82.10892500000001,2.0527231250000004,178.64369630182395,TP2,2,174.62757189997487,0.1365766262701485,50,-0.0030696265101139027,Risk-on,90,0.3385530376912048,90,0.17666018352211196,52,2.8761137062038165,Utilities,2025-10-03,False,25,NEE,225.8786129249495,7.970529678698178,True,True,NEE-2025-10-03,100,BUY,90,70
60-74,74,2025-10-06,114.39637628307585,5.719818814153793,2025-10-15,565,118.490725,8,2.8599094070768967,2025-10-15,565,115.452245,2.886306125,52.793435846207615,TP1,1,47.04722031413072,0.048025125775751513,50,-0.601384918779116,Risk-on,90,0.620638739801745,100,0.25105454458007026,51,2.1499149415333934,Real Estate,2025-10-03,False,25,PLD,245.94247862826109,11.568393064153794,True,True,PLD-2025-10-03,100,WATCH,90,45
60-74,74,2025-10-06,114.39637628307585,5.719818814153793,2025-10-15,565,118.490725,8,2.8599094070768967,2025-10-15,565,118.490725,2.962268125,204.71743584620725,TP2,2,198.89525831413036,0.2030294188043187,50,-0.601384918779116,Risk-on,90,0.620638739801745,100,0.25105454458007026,51,2.1499149415333934,Real Estate,2025-10-03,False,25,PLD,245.94247862826109,11.568393064153794,True,True,PLD-2025-10-03,100,WATCH,90,45
60-74,71,2025-10-07,180.69654526063374,9.034827263031687,2025-10-14,564,190.46472,6,4.5174136315158435,2025-10-08,560,186.556675,4.663916875,293.0064869683136,TP1,1,283.82515646179775,0.20859457784846872,50,-0.06658675834218555,Risk-on,90,0.7611548603289547,90,0.5607263616033122,76,4.222299107590137,Health Care,2025-10-06,False,25,JNJ,762.9548617985948,18.460362138031687,True,True,JNJ-2025-10-06,100,WATCH,90,20
60-74,71,2025-10-07,180.69654526063374,9.034827263031687,2025-10-14,564,190.46472,6,4.5174136315158435,2025-10-14,564,190.46472,4.761618,488.40873696831295,TP2,2,479.1297053367971,0.35213178375484355,50,-0.06658675834218555,Risk-on,90,0.7611548603289547,90,0.5607263616033122,76,4.222299107590137,Health Care,2025-10-06,False,25,JNJ,762.9548617985948,18.460362138031687,True,True,JNJ-2025-10-06,100,WATCH,90,20
60-74,68,2025-10-07,716.2160708444799,35.810803542223994,2025-10-30,576,667.0463100000001,18,35.810803542223994,2025-10-30,576,667.0463100000001,33.3523155,-4916.976084447981,STOP,1,-4986.139203490205,-1.020995161418439,100,-1.3869397147285798,Risk-on,90,0.8390229156478854,20,-1.020995161418439,33,-6.961780678296035,Communication Services,2025-10-06,True,85,META,-4986.139203490205,69.163119042224,False,False,META-2025-10-06,65,WATCH,90,100
60-74,74,2025-10-08,82.0145601836586,4.10072800918293,2025-10-27,573,85.43726000000001,14,2.050364004591465,2025-10-09,561,82.81857000000001,2.07046425,40.20049081707029,TP1,1,36.07966256247882,0.02219664029959497,50,-0.07663120583253755,Risk-on,90,0.21378471597782076,60,0.1249054761131407,59,2.4755160232562106,Utilities,2025-10-07,False,25,NEE,203.0283578749577,8.30712375918293,True,True,NEE-2025-10-07,100,WATCH,90,85
60-74,74,2025-10-08,82.0145601836586,4.10072800918293,2025-10-27,573,85.43726000000001,14,2.050364004591465,2025-10-27,573,85.43726000000001,2.1359315000000003,171.13499081707033,TP2,2,166.94869531247886,0.10270883581354573,50,-0.07663120583253755,Risk-on,90,0.21378471597782076,60,0.1249054761131407,59,2.4755160232562106,Utilities,2025-10-07,False,25,NEE,203.0283578749577,8.30712375918293,True,True,NEE-2025-10-07,100,WATCH,90,85
75-89,78,2025-10-10,193.36013568724468,9.668006784362236,2025-10-28,574,202.708595,13,4.834003392181118,2025-10-10,562,194.95247500000002,4.873811875,79.61696563776712,TP1,1,69.909150370586,0.022109060840870092,50,-0.5321067341270193,Risk-on,90,0.3014245367347832,100,0.16680206655594226,58,2.72771011391033,Technology,2025-10-09,False,25,NVDA,527.4303977411711,19.609533534362235,True,True,NVDA-2025-10-09,100,BUY,90,70
75-89,78,2025-10-10,193.36013568724468,9.668006784362236,2025-10-28,574,202.708595,13,4.834003392181118,2025-10-28,574,202.708595,5.067714874999999,467.4229656377662,TP2,2,457.5212473705851,0.14469300571507218,50,-0.5321067341270193,Risk-on,90,0.3014245367347832,100,0.16680206655594226,58,2.72771011391033,Technology,2025-10-09,False,25,NVDA,527.4303977411711,19.609533534362235,True,True,NVDA-2025-10-09,100,BUY,90,70
0-59,54,2025-10-13,196.91939462035856,9.845969731017927,2025-10-23,571,212.463715,9,4.922984865508964,2025-10-23,571,207.646125,5.1911531250000005,536.3365189820727,TP1,1,526.2223809915637,0.8248782405029934,50,-0.289794190226216,Risk-on,90,3.043768458782424,20,2.027157589696873,12,6.567173460624833,Industrials,2025-10-10,False,100,HON,1293.203822233127,20.34871573101793,True,True,HON-2025-10-10,25,SKIP,90,70
0-59,54,2025-10-13,196.91939462035856,9.845969731017927,2025-10-23,571,212.463715,9,4.922984865508964,2025-10-23,571,212.463715,5.3115928750000005,777.2160189820725,TP2,2,766.9814412415635,1.2022793491938795,50,-0.289794190226216,Risk-on,90,3.043768458782424,20,2.027157589696873,12,6.567173460624833,Industrials,2025-10-10,False,100,HON,1293.203822233127,20.34871573101793,True,True,HON-2025-10-10,25,SKIP,90,70
60-74,63,2025-10-14,145.46111299143308,7.273055649571654,2025-11-24,593,146.879831451416,30,7.2730556495716545,2025-11-24,593,146.879831451416,7.3439915725708005,141.87184599829266,TIME,1,127.2547987761502,0.2986421599990287,100,-0.11270793833508576,Risk-on,90,2.1169924539168803,20,0.2986421599990287,44,0.8748372410958031,Energy,2025-10-13,False,100,CVX,127.2547987761502,14.617047222142453,False,False,CVX-2025-10-13,65,WATCH,90,45
0-59,52,2025-10-14,448.8806880731307,22.444034403656538,2025-10-16,566,439.26026,3,22.444034403656538,2025-10-16,566,439.26026,21.963013,-962.0428073130711,STOP,1,-1006.4498547167277,-1.0706129667182436,100,-1.3190185507795016,Risk-on,90,0.9048581604281691,20,-1.0706129667182436,33,-2.242132222344034,Materials,2025-10-13,True,100,LIN,-1006.4498547167277,44.407047403656534,False,False,LIN-2025-10-13,40,SKIP,90,20
0-59,58,2025-10-15,216.7283051147461,10.836415255737304,2025-10-31,577,242.34876500000001,13,5.418207627868652,2025-10-31,577,234.18285000000003,5.854571250000001,872.7272442626969,TP1,1,861.4544653848282,0.7875575387118138,50,-0.5209496604521702,Risk-on,90,3.087470547857159,20,1.9481999364068026,29,9.832589849149626,Consumer Discretionary,2025-10-14,False,100,AMZN,2131.0005328946554,22.749705630737306,True,True,AMZN-2025-10-14,50,SKIP,90,45
0-59,58,2025-10-15,216.7283051147461,10.836415255737304,2025-10-31,577,242.34876500000001,13,5.418207627868652,2025-10-31,577,242.34876500000001,6.0587191250000005,1281.022994262696,TP2,2,1269.5460675098275,1.1606423976949891,50,-0.5209496604521702,Risk-on,90,3.087470547857159,20,1.9481999364068026,29,9.832589849149626,Consumer Discretionary,2025-10-14,False,100,AMZN,2131.0005328946554,22.749705630737306,True,True,AMZN-2025-10-14,50,SKIP,90,45
75-89,75,2025-10-15,188.27759765663728,9.413879882831866,2025-11-17,588,195.572165,24,4.706939941415933,2025-10-20,568,190.95447500000003,4.773861875000001,133.84386716813736,TP1,1,124.36306535172145,0.057105961508026395,50,-0.31209474703141876,Risk-on,90,0.3928076272105636,60,0.22017818310979012,68,2.546745839236272,Health Care,2025-10-14,False,25,JNJ,479.4951884534419,19.077045882831868,True,True,JNJ-2025-10-14,100,BUY,90,85
75-89,75,2025-10-15,188.27759765663728,9.413879882831866,2025-11-17,588,195.572165,24,4.706939941415933,2025-11-17,588,195.572165,4.889304125000001,364.72836716813646,TP2,2,355.1321231017205,0.1630722216017637,50,-0.31209474703141876,Risk-on,90,0.3928076272105636,60,0.22017818310979012,68,2.546745839236272,Health Care,2025-10-14,False,25,JNJ,479.4951884534419,19.077045882831868,True,True,JNJ-2025-10-14,100,BUY,90,85
75-89,80,2025-10-15,529.698986636557,26.484949331827853,2025-10-29,575,546.996365,11,13.242474665913926,2025-10-15,565,526.55659,13.16391475,-157.11983182785048,TP1,1,-183.5262212437644,-0.017042246099236946,50,-0.2097514497419232,Risk-on,90,0.5839944600508095,60,0.060769938837488435,92,1.2354664246063392,Industrials,2025-10-14,False,25,CAT,654.4253131374682,53.32377320682785,True,True,CAT-2025-10-14,100,BUY,90,100
75-89,80,2025-10-15,529.698986636557,26.484949331827853,2025-10-29,575,546.996365,11,13.242474665913926,2025-10-29,575,546.996365,13.674909125,864.8689181721466,TP2,2,837.9515343812326,0.07781218493672538,50,-0.2097514497419232,Risk-on,90,0.5839944600508095,60,0.060769938837488435,92,1.2354664246063392,Industrials,2025-10-14,False,25,CAT,654.4253131374682,53.32377320682785,True,True,CAT-2025-10-14,100,BUY,90,100
75-89,77,2025-10-15,124.98524475254862,6.249262237627431,2025-11-25,594,119.80457732772827,30,3.1246311188137157,2025-10-15,565,125.15739,3.1289347500000004,8.607262372569124,TP1,1,2.3536965037554087,0.0022598571225889382,50,-0.5992516171616237,Risk-on,90,0.16711409696197188,100,-0.25232188636273933,52,-2.1026435625226907,Utilities,2025-10-14,False,25,DUK,-262.7994202892693,12.373311420820638,True,False,DUK-2025-10-14,100,BUY,90,70
75-89,77,2025-10-15,124.98524475254862,6.249262237627431,2025-11-25,594,119.80457732772827,30,3.1246311188137157,2025-11-25,594,119.80457732772827,2.9951144331932067,-259.0333712410178,TIME,2,-265.1531167930247,-0.2545817434853283,50,-0.5992516171616237,Risk-on,90,0.16711409696197188,100,-0.25232188636273933,52,-2.1026435625226907,Utilities,2025-10-14,False,25,DUK,-262.7994202892693,12.373311420820638,True,False,DUK-2025-10-14,100,BUY,90,70
75-89,80,2025-10-16,108.6017814324246,5.43008907162123,2025-11-26,595,108.39388080596925,30,2.7150445358106143,2025-10-16,566,108.855545,2.721388625,12.688178378770232,TP1,1,7.251745217959618,0.006108388416041264,50,-0.8686656507809243,Risk-on,90,0.028082850036250592,90,-0.007217263651237984,68,-0.07889536937383843,Consumer Staples,2025-10-15,False,25,WMT,-8.568177660768006,10.861324716770461,True,False,WMT-2025-10-15,100,BUY,90,85
75-89,80,2025-10-16,108.6017814324246,5.43008907162123,2025-11-26,595,108.39388080596925,30,2.7150445358106143,2025-11-26,595,108.39388080596925,2.709847020149231,-10.395031322767778,TIME,2,-15.819922878727624,-0.013325652067279248,50,-0.8686656507809243,Risk-on,90,0.028082850036250592,90,-0.007217263651237984,68,-0.07889536937383843,Consumer Staples,2025-10-15,False,25,WMT,-8.568177660768006,10.861324716770461,True,False,WMT-2025-10-15,100,BUY,90,85
75-89,83,2025-10-16,121.10372387240899,6.05518619362045,2025-10-20,568,124.43775000000001,3,3.027593096810225,2025-10-16,566,120.41976000000001,3.0104940000000004,-34.19819362044905,TP1,1,-40.23628071725927,-0.02522061998756636,50,-0.22492706769377363,Risk-on,90,0.21733977367046398,100,0.07542219595738324,65,0.9935820713676278,Real Estate,2025-10-15,False,25,PLD,120.32648881548135,12.176623943620452,True,True,PLD-2025-10-15,100,BUY,90,100
75-89,83,2025-10-16,121.10372387240899,6.05518619362045,2025-10-20,568,124.43775000000001,3,3.027593096810225,2025-10-20,568,124.43775000000001,3.1109437500000006,166.70130637955083,TP2,2,160.56276953274062,0.1006428159449496,50,-0.22492706769377363,Risk-on,90,0.21733977367046398,100,0.07542219595738324,65,0.9935820713676278,Real Estate,2025-10-15,False,25,PLD,120.32648881548135,12.176623943620452,True,True,PLD-2025-10-15,100,BUY,90,100
60-74,64,2025-10-17,439.9179011186618,21.995895055933094,2025-10-30,576,426.59659500000004,10,21.995895055933094,2025-10-30,576,426.59659500000004,21.329829750000002,-1332.1306118661767,STOP,1,-1375.4563366721097,-1.0493337752707517,100,-1.194080358740486,Risk-on,90,0.8169289365294967,20,-1.0493337752707517,30,-3.126620519816263,Materials,2025-10-16,True,100,LIN,-1375.4563366721097,43.32572480593309,False,False,LIN-2025-10-16,40,WATCH,90,100
75-89,77,2025-10-20,352.0042003388585,17.600210016942928,2025-11-26,595,388.90545000000003,28,8.800105008471464,2025-10-28,574,361.03939,9.025984750000001,451.7594830570772,TP1,1,433.9333932986057,0.09161632418453361,50,-0.5231384372280016,Risk-on,90,0.963540807848401,100,0.47725352036455176,82,6.4217220502515495,Technology,2025-10-17,False,25,AVGO,2260.4731350972115,36.34883101694293,True,True,AVGO-2025-10-17,100,BUY,90,45
75-89,77,2025-10-20,352.0042003388585,17.600210016942928,2025-11-26,595,388.90545000000003,28,8.800105008471464,2025-11-26,595,388.90545000000003,9.722636250000003,1845.0624830570773,TP2,2,1826.5397417986057,0.3856371961800181,50,-0.5231384372280016,Risk-on,90,0.963540807848401,100,0.47725352036455176,82,6.4217220502515495,Technology,2025-10-17,False,25,AVGO,2260.4731350972115,36.34883101694293,True,True,AVGO-2025-10-17,100,BUY,90,45
0-59,55,2025-10-20,383.6276839535663,19.181384197678316,2025-11-10,583,359.04039000000006,16,19.181384197678316,2025-11-10,583,359.04039000000006,17.952019500000002,-2458.7293953566245,STOP,1,-2495.8627990543027,-1.0225725651817223,100,-1.1300569197842287,Risk-on,90,0.08124695142619667,35,-1.0225725651817223,51,-6.505950700253421,Consumer Discretionary,2025-10-17,True,50,HD,-2495.8627990543027,37.13340369767832,False,False,HD-2025-10-17,50,SKIP,90,45
0-59,49,2025-10-21,186.7275162936142,9.33637581468071,2025-10-28,574,172.583665,6,9.33637581468071,2025-10-28,574,172.583665,8.62918325,-1414.3851293614205,STOP,1,-1432.3506884261012,-1.0189215921995858,100,-1.0195600591730585,Risk-on,90,0.14882395258682482,70,-1.0189215921995858,12,-7.670806728740735,Real Estate,2025-10-20,True,25,AMT,-1432.3506884261012,17.96555906468071,False,False,AMT-2025-10-20,50,SKIP,90,20
75-89,81,2025-10-21,124.11518218056938,6.2057591090284685,2025-12-02,598,125.934887714386,30,3.1028795545142343,2025-10-21,569,124.507715,3.1126928750000005,19.626640971531373,TP1,1,13.411068542017137,0.006983046771399872,50,-0.28513299489022514,Risk-on,90,0.14586321033552752,90,0.05110344310337823,78,0.79075816319302,Real Estate,2025-10-20,False,25,PLD,98.14509348547408,12.46682417688812,True,False,PLD-2025-10-20,100,BUY,90,85
75-89,81,2025-10-21,124.11518218056938,6.2057591090284685,2025-12-02,598,125.934887714386,30,3.1028795545142343,2025-12-02,598,125.934887714386,3.1483721928596498,90.98527669083083,TIME,2,84.73402494345694,0.044120396331978354,50,-0.28513299489022514,Risk-on,90,0.14586321033552752,90,0.05110344310337823,78,0.79075816319302,Real Estate,2025-10-20,False,25,PLD,98.14509348547408,12.46682417688812,True,False,PLD-2025-10-20,100,BUY,90,85
75-89,78,2025-10-22,262.03997365562674,13.101998682781337,2025-10-30,576,272.233815,7,6.550999341390668,2025-10-27,573,264.40773,6.610193249999999,118.38781721866383,TP1,1,105.22662462727317,0.041673954223641056,50,-0.2903205813797618,Risk-on,90,0.44858088433509613,80,0.23824256426322732,87,2.295687328682602,Technology,2025-10-21,False,25,AAPL,601.5618471295452,26.518037307781334,True,True,AAPL-2025-10-21,100,BUY,90,70
75-89,78,2025-10-22,262.03997365562674,13.101998682781337,2025-10-30,576,272.233815,7,6.550999341390668,2025-10-30,576,272.233815,6.805845375,509.6920672186627,TP2,2,496.3352225022721,0.19656861003958628,50,-0.2903205813797618,Risk-on,90,0.44858088433509613,80,0.23824256426322732,87,2.295687328682602,Technology,2025-10-21,False,25,AAPL,601.5618471295452,26.518037307781334,True,True,AAPL-2025-10-21,100,BUY,90,70
75-89,80,2025-10-22,306.57292179371007,15.3286460896855,2025-12-03,599,287.2393651123047,30,7.66432304484275,2025-10-28,574,315.16234000000003,7.879058500000001,429.47091031449816,TP1,1,413.9275287696554,0.1532331570537616,50,-0.8744989879247689,Risk-on,90,0.32880684130336907,80,-0.21012003692448658,65,-1.851421218652808,Industrials,2025-10-21,False,25,GE,-567.5956124732627,30.388688717493118,True,False,GE-2025-10-21,100,BUY,90,100
75-89,80,2025-10-22,306.57292179371007,15.3286460896855,2025-12-03,599,287.2393651123047,30,7.66432304484275,2025-12-03,599,287.2393651123047,7.180984127807617,-966.6778340702677,TIME,2,-981.5231412429181,-0.36335319397824817,50,-0.8744989879247689,Risk-on,90,0.32880684130336907,80,-0.21012003692448658,65,-1.851421218652808,Industrials,2025-10-21,False,25,GE,-567.5956124732627,30.388688717493118,True,False,GE-2025-10-21,100,BUY,90,100
60-74,62,2025-10-23,270.4874639618715,13.52437319809358,2025-11-04,579,248.705585,9,13.524373198093578,2025-11-04,579,248.705585,12.43527925,-2178.187896187151,STOP,1,-2204.1475486352447,-1.0177311399505038,100,-1.2762284841104599,Risk-on,90,0.6445309454092661,40,-1.0177311399505038,57,-8.148797420593015,Technology,2025-10-22,True,100,ORCL,-2204.1475486352447,25.95965244809358,False,False,ORCL-2025-10-22,65,WATCH,70,20
60-74,70,2025-10-24,214.93699143826504,10.74684957191325,2025-12-05,601,198.478790184021,30,10.746849571913252,2025-12-05,601,198.478790184021,9.92393950920105,-1645.8201254244045,TIME,1,-1666.490914505519,-0.653859408452393,100,-0.8279533116908077,Risk-on,90,0.0,80,-0.653859408452393,36,-7.753392765731413,Industrials,2025-10-23,False,25,HON,-1666.490914505519,20.6707890811143,False,False,HON-2025-10-23,70,WATCH,90,100
60-74,72,2025-10-27,528.6975779115331,26.43487889557666,2025-10-28,574,538.380675,2,13.21743944778833,2025-10-27,573,527.4261550000001,13.185653875000003,-63.57114557665113,TP1,1,-89.97423889943947,-0.025701360753037913,50,-0.08617572938130852,Risk-on,90,0.615227866492402,100,0.10497831644617796,32,0.6951112971858739,Technology,2025-10-24,False,25,MSFT,367.5036592011155,53.080049645576665,True,True,MSFT-2025-10-24,100,WATCH,90,45
60-74,72,2025-10-27,528.6975779115331,26.43487889557666,2025-10-28,574,538.380675,2,13.21743944778833,2025-10-28,574,538.380675,13.459516874999998,484.1548544233433,TP2,2,457.47789810055497,0.13067967719921586,50,-0.08617572938130852,Risk-on,90,0.615227866492402,100,0.10497831644617796,32,0.6951112971858739,Technology,2025-10-24,False,25,MSFT,367.5036592011155,53.080049645576665,True,True,MSFT-2025-10-24,100,WATCH,90,45
75-89,78,2025-10-27,264.4350005810799,13.221750029053997,2025-10-29,575,270.46470000000005,3,6.610875014526998,2025-10-27,573,261.039415,6.525985375,-169.77927905399497,TP1,1,-182.91613944352198,-0.049550626185624995,50,-0.018179747913953045,Risk-on,90,0.2808432527864739,100,0.02849690839281038,100,0.3978154887091157,Communication Services,2025-10-24,False,25,GOOGL,105.1963389879576,26.509352904053998,True,True,GOOGL-2025-10-24,100,BUY,90,45
75-89,78,2025-10-27,264.4350005810799,13.221750029053997,2025-10-29,575,270.46470000000005,3,6.610875014526998,2025-10-29,575,270.46470000000005,6.761617500000002,301.48497094600657,TP2,2,288.1124784314796,0.07804753457843537,50,-0.018179747913953045,Risk-on,90,0.2808432527864739,100,0.02849690839281038,100,0.3978154887091157,Communication Services,2025-10-24,False,25,GOOGL,105.1963389879576,26.509352904053998,True,True,GOOGL-2025-10-24,100,BUY,90,45
75-89,80,2025-10-28,85.75764859491385,4.287882429745692,2025-12-09,603,78.48621943664551,30,2.143941214872846,2025-10-28,574,85.447255,2.136181375,-15.519679745692372,TP1,1,-19.799802335565218,-0.013752108342580156,50,-0.5119034920980027,Risk-on,90,0.0,70,-0.26912544391912174,78,-4.51828336362235,Utilities,2025-10-27,False,25,NEE,-387.47735694977086,8.386219290661831,True,False,NEE-2025-10-27,100,BUY,90,100
75-89,80,2025-10-28,85.75764859491385,4.287882429745692,2025-12-09,603,78.48621943664551,30,2.143941214872846,2025-12-09,603,78.48621943664551,1.9621554859161376,-363.5714579134167,TIME,2,-367.67755461420563,-0.25537333557654157,50,-0.5119034920980027,Risk-on,90,0.0,70,-0.26912544391912174,78,-4.51828336362235,Utilities,2025-10-27,False,25,NEE,-387.47735694977086,8.386219290661831,True,False,NEE-2025-10-27,100,BUY,90,100
75-89,79,2025-10-29,541.7812812005918,27.089064060029592,2025-11-07,582,491.82396500000004,8,27.089064060029592,2025-11-07,582,491.82396500000004,24.59119825,-4995.731620059178,STOP,1,-5047.411882369207,-1.0153453623539108,100,-1.038707733894452,Risk-on,90,0.021139902076719393,90,-1.0153453623539108,36,-9.316327561528336,Technology,2025-10-28,True,25,MSFT,-5047.411882369207,51.68026231002959,False,False,MSFT-2025-10-28,100,BUY,90,100
75-89,82,2025-10-29,207.818938286347,10.39094691431735,2025-10-29,575,211.584155,1,5.195473457158675,2025-10-29,575,202.788555,5.069713875000001,-251.51916431734946,TP1,1,-261.78435164950815,-0.06776897405488184,50,-0.08542244834516023,Risk-on,90,0.10615840999025565,100,-0.021747580188790205,56,-0.4042393536977039,Technology,2025-10-28,False,25,NVDA,-84.00859329901593,20.750264664317353,True,True,NVDA-2025-10-28,100,BUY,90,100
75-89,82,2025-10-29,207.818938286347,10.39094691431735,2025-10-29,575,211.584155,1,5.195473457158675,2025-10-29,575,211.584155,5.289603875000001,188.2608356826509,TP2,2,177.77575835049223,0.046021393866091644,50,-0.08542244834516023,Risk-on,90,0.10615840999025565,100,-0.021747580188790205,56,-0.4042393536977039,Technology,2025-10-28,False,25,NVDA,-84.00859329901593,20.750264664317353,True,True,NVDA-2025-10-28,100,BUY,90,100
60-74,72,2025-10-29,68.55006053601356,3.4275030268006783,2025-11-21,592,71.58419,18,1.7137515134003392,2025-11-11,584,70.14491000000001,1.7536227500000001,79.74247319932246,TP1,1,76.27509893592212,0.14583980130000612,50,-0.4299873048860896,Risk-on,90,0.6061267896778321,100,0.4292076818731149,35,3.2746610887952743,Consumer Staples,2025-10-28,False,25,KO,224.4782158718441,6.970730526800679,True,True,KO-2025-10-28,100,WATCH,90,45
60-74,72,2025-10-29,68.55006053601356,3.4275030268006783,2025-11-21,592,71.58419,18,1.7137515134003392,2025-11-21,592,71.58419,1.78960475,151.7064731993223,TP2,2,148.20311693592197,0.28336788057310874,50,-0.4299873048860896,Risk-on,90,0.6061267896778321,100,0.4292076818731149,35,3.2746610887952743,Consumer Staples,2025-10-28,False,25,KO,224.4782158718441,6.970730526800679,True,True,KO-2025-10-28,100,WATCH,90,45
0-59,59,2025-10-29,177.51504837914192,8.875752418957097,2025-12-10,604,174.9979674987793,30,8.875752418957097,2025-12-10,604,174.9979674987793,8.749898374938965,-251.7080880362613,TIME,1,-269.33373883015736,-0.2626352688671503,100,-0.7966694981260626,Risk-on,90,0.24802272267430864,40,-0.2626352688671503,6,-1.517244545121078,Real Estate,2025-10-28,False,85,AMT,-269.33373883015736,17.625650793896064,False,False,AMT-2025-10-28,25,SKIP,90,100
75-89,82,2025-10-30,204.99112137897055,10.249556068948529,2025-12-11,605,180.61922467803956,30,10.249556068948529,2025-12-11,605,180.61922467803956,9.030961233901978,-2437.189670093099,TIME,1,-2456.4701873959493,-0.6772523412579612,100,-0.9830713503575738,Risk-on,90,0.16761706867695644,90,-0.6772523412579612,63,-11.983300402823941,Technology,2025-10-29,False,25,NVDA,-2456.4701873959493,19.280517302850505,False,False,NVDA-2025-10-29,100,BUY,90,100
75-89,81,2025-10-30,574.6671611950907,28.733358059754533,2025-12-11,605,616.441625,30,14.366679029877266,2025-12-04,600,592.293705,14.807342625000002,881.3271902454687,TP1,1,852.1531685905915,0.07373661858424116,50,-0.3534677092445475,Risk-on,90,0.41824754920171553,60,0.25189669877474224,100,5.065712530236106,Industrials,2025-10-29,False,25,CAT,2911.098639181183,58.95174130975454,True,True,CAT-2025-10-29,100,BUY,90,100
75-89,81,2025-10-30,574.6671611950907,28.733358059754533,2025-12-11,605,616.441625,30,14.366679029877266,2025-12-11,605,616.441625,15.411040625,2088.7231902454687,TP2,2,2058.9454705905914,0.17816008019050109,50,-0.3534677092445475,Risk-on,90,0.41824754920171553,60,0.25189669877474224,100,5.065712530236106,Industrials,2025-10-29,False,25,CAT,2911.098639181183,58.95174130975454,True,True,CAT-2025-10-29,100,BUY,90,100
75-89,83,2025-10-30,291.1661125525566,14.558305627627831,2025-10-30,576,284.41772000000003,1,7.279152813813916,2025-10-30,576,274.66260000000005,6.8665650000000005,-825.1756276278286,TP1,1,-839.3213454416425,-0.1313160816455302,50,-0.18231700485674293,Risk-on,90,0.0,90,-0.1863584190768563,100,-4.090896974380157,Communication Services,2025-10-29,False,25,GOOGL,-1191.1305688832863,28.535313627627833,True,True,GOOGL-2025-10-29,100,BUY,90,85
75-89,83,2025-10-30,291.1661125525566,14.558305627627831,2025-10-30,576,284.41772000000003,1,7.279152813813916,2025-10-30,576,284.41772000000003,7.110443000000001,-337.41962762782975,TP2,2,-351.80922344164367,-0.055042337431326055,50,-0.18231700485674293,Risk-on,90,0.0,90,-0.1863584190768563,100,-4.090896974380157,Communication Services,2025-10-29,False,25,GOOGL,-1191.1305688832863,28.535313627627833,True,True,GOOGL-2025-10-29,100,BUY,90,85
75-89,83,2025-10-31,276.34669339699485,13.817334669849743,2025-12-01,597,280.70957500000003,21,6.908667334924871,2025-10-31,577,273.233315,6.8308328750000005,-155.66891984974234,TP1,1,-169.4084200596672,-0.04313204738172511,50,-0.2932705102278186,Risk-on,90,0.16670783946904652,90,0.008862572271251876,81,0.12596225760031246,Technology,2025-10-30,False,25,AAPL,34.80925338066683,27.665906919849746,True,True,AAPL-2025-10-30,100,BUY,90,100
75-89,83,2025-10-31,276.34669339699485,13.817334669849743,2025-12-01,597,280.70957500000003,21,6.908667334924871,2025-12-01,597,280.70957500000003,7.0177393750000014,218.1440801502589,TP2,2,204.21767344033404,0.051994619652976984,50,-0.2932705102278186,Risk-on,90,0.16670783946904652,90,0.008862572271251876,81,0.12596225760031246,Technology,2025-10-30,False,25,AAPL,34.80925338066683,27.665906919849746,True,True,AAPL-2025-10-30,100,BUY,90,100
75-89,79,2025-10-31,51.977913399855666,2.5988956699927837,2025-12-05,601,54.122925,25,1.2994478349963918,2025-10-31,577,52.563705000000006,1.3140926250000002,29.289580007216998,TP1,1,26.676039547220604,0.048344433147353094,50,-0.37746123356714706,Risk-on,90,0.40994702147588025,100,0.2379053259478027,72,2.525574614443941,Financials,2025-10-30,False,25,BAC,131.27409859444103,5.266061419992784,True,True,BAC-2025-10-30,100,BUY,90,70
75-89,79,2025-10-31,51.977913399855666,2.5988956699927837,2025-12-05,601,54.122925,25,1.2994478349963918,2025-12-05,601,54.122925,1.353073125,107.25058000721681,TP2,2,104.59805904722043,0.18956089280044963,50,-0.37746123356714706,Risk-on,90,0.40994702147588025,100,0.2379053259478027,72,2.525574614443941,Financials,2025-10-30,False,25,BAC,131.27409859444103,5.266061419992784,True,True,BAC-2025-10-30,100,BUY,90,70
60-74,62,2025-10-31,673.0967069127594,33.65483534563797,2025-11-06,581,620.959365,5,33.65483534563797,2025-11-06,581,620.959365,31.04796825,-5213.734191275933,STOP,1,-5278.436994871571,-1.0184781764654345,100,-1.0940278218017845,Risk-on,90,0.0008227222416692256,20,-1.0184781764654345,9,-7.8420187480663355,Communication Services,2025-10-30,True,100,META,-5278.436994871571,64.70280359563797,False,False,META-2025-10-30,40,WATCH,90,100
75-89,81,2025-10-31,282.79824179349316,14.139912089674658,2025-11-19,590,301.74905,14,7.069956044837329,2025-11-11,584,290.87449,7.27186225,403.8124103253409,TP1,1,389.47059203050355,0.06894719673774063,50,-0.22353047829981282,Risk-on,90,0.36146401686866253,60,0.23410134181470216,100,4.676115776655566,Communication Services,2025-10-30,False,25,GOOGL,1322.3973200610087,28.955500589674656,True,True,GOOGL-2025-10-30,100,BUY,90,100
75-89,81,2025-10-31,282.79824179349316,14.139912089674658,2025-11-19,590,301.74905,14,7.069956044837329,2025-11-19,590,301.74905,7.5437262500000015,947.5404103253425,TP2,2,932.9267280305052,0.16515414507696155,50,-0.22353047829981282,Risk-on,90,0.36146401686866253,60,0.23410134181470216,100,4.676115776655566,Communication Services,2025-10-30,False,25,GOOGL,1322.3973200610087,28.955500589674656,True,True,GOOGL-2025-10-30,100,BUY,90,100
60-74,63,2025-10-31,420.903001257619,21.045150062880946,2025-10-31,577,414.7925,1,21.04515006288095,2025-10-31,577,414.7925,20.739625,-611.0501257618978,STOP,1,-652.8349008247787,-1.10593725519229,100,-1.801392858755104,Risk-on,90,0.20080752063144933,20,-1.10593725519229,18,-1.5510340835635974,Materials,2025-10-30,True,100,LIN,-652.8349008247787,41.78477506288095,False,False,LIN-2025-10-30,40,WATCH,90,100
75-89,82,2025-11-03,255.48768061065672,12.774384030532836,2025-12-15,607,222.42872328948977,30,6.387192015266418,2025-11-03,578,250.37475,6.259368750000001,-255.64653053283592,TP1,1,-268.29309129810235,-0.05059491348829328,50,-0.7601254188510563,Risk-on,90,0.05869246885811241,100,-0.3645622145248891,55,-7.566661777324531,Consumer Discretionary,2025-10-31,False,25,AMZN,-1933.188867453954,24.59447086277008,True,False,AMZN-2025-10-31,100,BUY,90,100
75-89,82,2025-11-03,255.48768061065672,12.774384030532836,2025-12-15,607,222.42872328948977,30,6.387192015266418,2025-12-15,607,222.42872328948977,5.560718082237243,-1652.947866058348,TIME,2,-1664.8957761558515,-0.31396730103659587,50,-0.7601254188510563,Risk-on,90,0.05869246885811241,100,-0.3645622145248891,55,-7.566661777324531,Consumer Discretionary,2025-10-31,False,25,AMZN,-1933.188867453954,24.59447086277008,True,False,AMZN-2025-10-31,100,BUY,90,100
75-89,87,2025-11-03,862.7643317665937,43.13821658832968,2025-11-04,579,898.9103200000001,2,21.569108294164845,2025-11-03,578,865.2671500000001,21.631678750000003,125.14091167032007,TP1,1,81.94012462615521,0.007397699540933642,50,-0.039022158381775605,Risk-on,90,0.4335590219834294,100,0.1665877129011683,100,2.138704165277772,Health Care,2025-10-31,False,25,LLY,1845.1976700023074,87.24265333832969,True,True,LLY-2025-10-31,100,BUY,90,100
75-89,87,2025-11-03,862.7643317665937,43.13821658832968,2025-11-04,579,898.9103200000001,2,21.569108294164845,2025-11-04,579,898.9103200000001,22.472758000000002,1807.299411670317,TP2,2,1763.2575453761522,0.15919001336023467,50,-0.039022158381775605,Risk-on,90,0.4335590219834294,100,0.1665877129011683,100,2.138704165277772,Health Care,2025-10-31,False,25,LLY,1845.1976700023074,87.24265333832969,True,True,LLY-2025-10-31,100,BUY,90,100
60-74,62,2025-11-03,418.1794968994871,20.908974844974356,2025-12-02,598,400.53963000000005,21,20.908974844974356,2025-12-02,598,400.53963000000005,20.0269815,-1763.986689948706,STOP,1,-1804.9226462936804,-1.0349625661201063,100,-1.0325277284483902,Risk-on,90,0.5164510204918101,20,-1.0349625661201063,13,-4.316143330019616,Materials,2025-10-31,True,100,LIN,-1804.9226462936804,40.93595634497436,False,False,LIN-2025-10-31,40,WATCH,90,100
60-74,60,2025-11-05,245.66439092945296,12.283219546472647,2025-11-11,584,227.236325,5,12.283219546472646,2025-11-11,584,227.236325,11.36181625,-1842.8065929452969,STOP,1,-1866.4516287417694,-1.0191174994196315,100,-1.0353094161276084,Risk-on,90,0.23611621954602166,20,-1.0191174994196315,35,-7.597566833679837,Technology,2025-11-04,True,100,ORCL,-1866.4516287417694,23.645035796472648,False,False,ORCL-2025-11-04,65,WATCH,70,45
60-74,74,2025-11-05,779.3794205078774,38.96897102539387,2025-11-12,585,823.5780050000001,6,19.484485512696935,2025-11-11,584,795.0522750000001,19.876306875000004,783.6427246061362,TP1,1,744.2819322184394,0.10074279509800435,50,-0.373976728770388,Risk-on,90,0.6558332791580176,100,0.394445056709149,53,3.7390482023350047,Financials,2025-11-04,False,25,GS,2914.1372211868766,79.43472802539388,True,True,GS-2025-11-04,100,WATCH,90,45
60-74,74,2025-11-05,779.3794205078774,38.96897102539387,2025-11-12,585,823.5780050000001,6,19.484485512696935,2025-11-12,585,823.5780050000001,20.589450125000003,2209.929224606134,TP2,2,2169.855288968437,0.2937022616111446,50,-0.373976728770388,Risk-on,90,0.6558332791580176,100,0.394445056709149,53,3.7390482023350047,Financials,2025-11-04,False,25,GS,2914.1372211868766,79.43472802539388,True,True,GS-2025-11-04,100,WATCH,90,45
75-89,85,2025-11-05,907.0410148641547,45.352050743207734,2025-11-05,580,946.5364950000001,1,22.67602537160387,2025-11-05,580,910.334605,22.758365125,164.67950679226533,TP1,1,119.24511629566145,0.007586966108141938,50,-0.02276565031019272,Risk-on,90,0.2786225776418538,90,0.13028354414528442,100,2.2575381397146645,Health Care,2025-11-04,False,25,LLY,2047.6796853413255,91.77382824320773,True,True,LLY-2025-11-04,100,BUY,90,100
75-89,85,2025-11-05,907.0410148641547,45.352050743207734,2025-11-05,580,946.5364950000001,1,22.67602537160387,2025-11-05,580,946.5364950000001,23.663412375,1974.7740067922678,TP2,2,1928.434569045664,0.1226965780371425,50,-0.02276565031019272,Risk-on,90,0.2786225776418538,90,0.13028354414528442,100,2.2575381397146645,Health Care,2025-11-04,False,25,LLY,2047.6796853413255,91.77382824320773,True,True,LLY-2025-11-04,100,BUY,90,100
75-89,81,2025-11-06,923.9671900783754,46.198359503918766,2025-11-11,584,989.155175,4,23.099179751959383,2025-11-10,583,950.354585,23.758864625,1319.3697460812302,TP1,1,1272.5117017042708,0.07219220441072792,50,-0.1556187715924538,Risk-on,90,0.40359001240527304,60,0.2543912390425432,100,4.853075884954505,Health Care,2025-11-05,False,25,LLY,4484.082888658539,94.68610350391877,True,True,LLY-2025-11-05,100,BUY,90,100
75-89,81,2025-11-06,923.9671900783754,46.198359503918766,2025-11-11,584,989.155175,4,23.099179751959383,2025-11-11,584,989.155175,24.728879375,3259.3992460812274,TP2,2,3211.571186954268,0.18219903463181525,50,-0.1556187715924538,Risk-on,90,0.40359001240527304,60,0.2543912390425432,100,4.853075884954505,Health Care,2025-11-05,False,25,LLY,4484.082888658539,94.68610350391877,True,True,LLY-2025-11-05,100,BUY,90,100
0-59,56,2025-11-07,615.1982445981964,30.75991222990982,2025-11-18,589,585.257225,8,30.75991222990982,2025-11-18,589,585.257225,29.26286125,-2994.1019598196476,STOP,1,-3054.124733299557,-1.0301199193038708,100,-1.1107756344239097,Risk-on,90,0.6123295249413104,20,-1.0301199193038708,0,-4.964456189718638,Communication Services,2025-11-06,True,100,META,-3054.124733299557,60.022773479909816,False,False,META-2025-11-06,40,SKIP,90,70
60-74,66,2025-11-10,497.14148513093846,24.857074256546923,2025-11-20,591,478.04086,9,24.85707425654692,2025-11-20,591,478.04086,23.902043000000003,-1910.0625130938454,STOP,1,-1958.8216303503923,-1.0385299019414636,100,-1.2591595561610258,Risk-on,90,0.6959600210801129,20,-1.0385299019414636,32,-3.940169325910254,Technology,2025-11-07,True,100,MSFT,-1958.8216303503923,48.75911725654693,False,False,MSFT-2025-11-07,65,WATCH,90,70
60-74,74,2025-11-10,310.74492860597394,15.537246430298698,2025-12-22,612,318.40706204223636,30,7.76862321514935,2025-11-10,583,310.274785,7.756869625000001,-23.50718029869654,TP1,1,-39.032673138845894,-0.012146494432102042,50,-0.6856907359729535,Risk-on,90,0.24768907939100857,100,0.10217704322113544,58,1.0566389623188774,Financials,2025-11-07,False,25,JPM,328.34519890806996,31.254292606354607,True,False,JPM-2025-11-07,100,WATCH,90,45
60-74,74,2025-11-10,310.74492860597394,15.537246430298698,2025-12-22,612,318.40706204223636,30,7.76862321514935,2025-12-22,612,318.40706204223636,7.960176551055908,383.1066718131211,TIME,2,367.37787204691585,0.11432353765323748,50,-0.6856907359729535,Risk-on,90,0.24768907939100857,100,0.10217704322113544,58,1.0566389623188774,Financials,2025-11-07,False,25,JPM,328.34519890806996,31.254292606354607,True,False,JPM-2025-11-07,100,WATCH,90,45
75-89,81,2025-11-10,114.92860765016822,5.746430382508411,2025-11-11,584,117.68113,2,2.8732151912542054,2025-11-10,583,114.88253,2.87206325,-2.3038825084107373,TP1,1,-8.049160949664943,-0.008665627027016447,50,-0.2146854841248019,Risk-on,90,0.3486897346738855,100,0.13324032811142417,61,1.0768573258747614,Energy,2025-11-07,False,25,XOM,123.76171310066978,11.56052188250841,True,True,XOM-2025-11-07,100,BUY,90,85
75-89,81,2025-11-10,114.92860765016822,5.746430382508411,2025-11-11,584,117.68113,2,2.8732151912542054,2025-11-11,584,117.68113,2.94202825,137.62611749158893,TP2,2,131.81087405033472,0.1419059551384406,50,-0.2146854841248019,Risk-on,90,0.3486897346738855,100,0.13324032811142417,61,1.0768573258747614,Energy,2025-11-07,False,25,XOM,123.76171310066978,11.56052188250841,True,True,XOM-2025-11-07,100,BUY,90,85
0-59,59,2025-11-10,916.8746850507333,45.84373425253667,2025-11-19,590,885.85685,8,45.84373425253667,2025-11-19,590,885.85685,44.2928425,-3101.783505073331,STOP,1,-3191.920081825868,-1.0439748035112815,100,-1.4836334690848039,Risk-on,90,0.3075743361484781,55,-1.0439748035112815,31,-3.481304625232672,Consumer Staples,2025-11-07,True,85,COST,-3191.920081825868,90.13657675253667,False,False,COST-2025-11-07,25,SKIP,90,70
0-59,56,2025-11-10,334.7667178461721,16.738335892308605,2025-11-17,588,323.93795000000006,6,16.738335892308605,2025-11-17,588,323.93795000000006,16.196897500000002,-1082.876784617207,STOP,1,-1115.8120180095157,-1.0460687477638118,100,-1.0477646395779345,Risk-on,90,0.7569441943242934,20,-1.0460687477638118,36,-3.3331031985152118,Financials,2025-11-07,True,100,V,-1115.8120180095157,32.935233392308604,False,False,V-2025-11-07,40,SKIP,90,45
60-74,74,2025-11-11,439.6196938934326,21.98098469467163,2025-11-14,587,387.556125,4,21.98098469467163,2025-11-14,587,387.556125,19.37780625,-5206.35688934326,STOP,1,-5247.715680287932,-1.0117113262841835,100,-1.0958170532279234,Risk-on,90,0.05533667399000799,70,-1.0117113262841835,100,-11.936944029536631,Consumer Discretionary,2025-11-10,True,25,TSLA,-5247.715680287932,41.358790944671625,False,False,TSLA-2025-11-10,100,WATCH,90,45
0-59,59,2025-11-11,364.5937972921337,18.229689864606684,2025-11-18,589,347.2263,6,18.229689864606684,2025-11-18,589,347.2263,17.361315,-1736.7497292133692,STOP,1,-1772.3407340779759,-1.0308023899344425,100,-2.0605798844510064,Risk-on,90,0.2178756460941006,20,-1.0308023899344425,26,-4.861137921822279,Consumer Discretionary,2025-11-10,True,100,HD,-1772.3407340779759,35.59100486460669,False,False,HD-2025-11-10,40,SKIP,90,70
60-74,63,2025-11-12,234.59556538011464,11.729778269005733,2025-11-14,587,212.08390500000002,3,11.729778269005733,2025-11-14,587,212.08390500000002,10.604195250000002,-2251.1660380114618,STOP,1,-2273.5000115304674,-1.0147032547316308,100,-1.153246424639002,Risk-on,90,0.0,20,-1.0147032547316308,38,-9.6911465817639,Technology,2025-11-11,True,100,ORCL,-2273.5000115304674,22.333973519005735,False,False,ORCL-2025-11-11,50,WATCH,90,70
75-89,76,2025-11-12,988.8041434065314,49.440207170326566,2025-11-19,590,1039.0801999999999,6,24.720103585163283,2025-11-12,585,994.6124450000001,24.865311125000005,290.41507967343705,TP1,1,240.82966496327379,0.00979682718003016,50,-0.014235979954187673,Risk-on,90,0.25715946330029327,60,0.10999470387983444,100,2.734551027199586,Health Care,2025-11-11,False,25,LLY,2703.935386051537,100.28252329532657,True,True,LLY-2025-11-11,100,BUY,90,70
75-89,76,2025-11-12,988.8041434065314,49.440207170326566,2025-11-19,590,1039.0801999999999,6,24.720103585163283,2025-11-19,590,1039.0801999999999,25.977005,2513.8028296734265,TP2,2,2463.105721088263,0.10019787669980428,50,-0.014235979954187673,Risk-on,90,0.25715946330029327,60,0.10999470387983444,100,2.734551027199586,Health Care,2025-11-11,False,25,LLY,2703.935386051537,100.28252329532657,True,True,LLY-2025-11-11,100,BUY,90,70
75-89,80,2025-11-12,116.5531078454735,5.827655392273675,2025-12-24,614,117.57337842178345,30,2.9138276961368375,2025-12-09,603,118.110915,2.9527728750000004,77.89035772632502,TP1,1,72.02375715518819,0.06516154385002543,50,-0.3513879567992288,Risk-on,90,0.20921143688924604,100,0.1060191626213014,59,1.005413978058542,Energy,2025-11-11,False,25,XOM,117.18412381400378,11.719762727818262,True,False,XOM-2025-11-11,100,BUY,90,85
75-89,80,2025-11-12,116.5531078454735,5.827655392273675,2025-12-24,614,117.57337842178345,30,2.9138276961368375,2025-12-24,614,117.57337842178345,2.939334460544586,51.01352881549701,TIME,2,45.16036665881559,0.040857618771275965,50,-0.3513879567992288,Risk-on,90,0.20921143688924604,100,0.1060191626213014,59,1.005413978058542,Energy,2025-11-11,False,25,XOM,117.18412381400378,11.719762727818262,True,False,XOM-2025-11-11,100,BUY,90,85
75-89,80,2025-11-13,821.4029294125952,41.07014647062976,2025-12-08,602,857.61098,17,20.53507323531488,2025-11-13,586,827.4160850000001,20.685402125,300.65777937024336,TP1,1,259.4373040099285,0.022120636422478985,50,-0.6678315564682328,Risk-on,90,0.3478733307749499,90,0.17290363532027198,69,2.468781657614771,Financials,2025-11-12,False,25,GS,2027.8644856448557,83.19582309562975,True,True,GS-2025-11-12,100,BUY,90,85
75-89,80,2025-11-13,821.4029294125952,41.07014647062976,2025-12-08,602,857.61098,17,20.53507323531488,2025-12-08,602,857.61098,21.4402745,1810.402529370242,TP2,2,1768.4271816349271,0.15078299889779298,50,-0.6678315564682328,Risk-on,90,0.3478733307749499,90,0.17290363532027198,69,2.468781657614771,Financials,2025-11-12,False,25,GS,2027.8644856448557,83.19582309562975,True,True,GS-2025-11-12,100,BUY,90,85
60-74,62,2025-11-17,216.23341440734663,10.811670720367331,2025-11-21,592,193.82304,5,10.811670720367331,2025-11-21,592,193.82304,9.691152,-2241.0374407346635,STOP,1,-2261.5402634550305,-1.0135339317278236,100,-1.099449505613664,Risk-on,90,0.6960421619848245,20,-1.0135339317278236,30,-10.458791809089583,Technology,2025-11-14,True,100,ORCL,-2261.5402634550305,20.502822720367334,False,False,ORCL-2025-11-14,40,WATCH,70,100
60-74,71,2025-11-17,398.93936022949214,19.94696801147461,2025-12-30,617,454.20277767944344,30,9.973484005737305,2025-12-15,607,473.832965,11.845824125,3744.680238525393,TP1,1,3722.860930394656,0.8617861261410684,50,-0.351379057079281,Risk-on,90,2.312317261462088,20,1.4964812476623335,79,16.2047265672799,Consumer Discretionary,2025-11-14,False,100,TSLA,6464.7032494444975,43.1478615784607,True,False,TSLA-2025-11-14,65,WATCH,70,85
60-74,71,2025-11-17,398.93936022949214,19.94696801147461,2025-12-30,617,454.20277767944344,30,9.973484005737305,2025-12-30,617,454.20277767944344,11.355069441986087,2763.170872497565,TIME,2,2741.842319049842,0.6346951215212652,50,-0.351379057079281,Risk-on,90,2.312317261462088,20,1.4964812476623335,79,16.2047265672799,Consumer Discretionary,2025-11-14,False,100,TSLA,6464.7032494444975,43.1478615784607,True,False,TSLA-2025-11-14,65,WATCH,70,85
0-59,54,2025-11-17,314.36467580808153,15.718233790404076,2025-12-30,617,327.5619366607666,30,15.718233790404076,2025-12-30,617,327.5619366607666,16.37809683303833,1319.7260852685076,TIME,1,1287.629754645065,0.683285702422572,100,-0.8440929873266054,Risk-on,90,1.3802307921666206,20,0.683285702422572,52,4.095974687153331,Health Care,2025-11-14,False,100,UNH,1287.629754645065,32.096330623442405,False,False,UNH-2025-11-14,25,SKIP,90,45
75-89,77,2025-11-18,195.6816539854357,9.784082699271785,2025-11-21,592,201.209345,4,4.8920413496358925,2025-11-18,589,196.73158500000002,4.918289625000001,52.49655072821611,TP1,1,42.68621975358022,0.02379168597735257,50,-0.03174312187359411,Defensive,35,0.4289290798676667,90,0.17230769011492145,68,1.5798542643663944,Health Care,2025-11-17,False,25,JNJ,309.14849550715985,19.732605949271786,True,True,JNJ-2025-11-17,100,BUY,90,100
75-89,77,2025-11-18,195.6816539854357,9.784082699271785,2025-11-21,592,201.209345,4,4.8920413496358925,2025-11-21,592,201.209345,5.030233625000001,276.3845507282156,TP2,2,266.46227575357966,0.1485160041375689,50,-0.03174312187359411,Defensive,35,0.4289290798676667,90,0.17230769011492145,68,1.5798542643663944,Health Care,2025-11-17,False,25,JNJ,309.14849550715985,19.732605949271786,True,True,JNJ-2025-11-17,100,BUY,90,100
0-59,54,2025-11-18,323.32385906271753,16.166192953135877,2025-12-31,618,349.0895890808106,30,8.083096476567938,2025-12-22,612,348.66558,8.7166395,1267.0860468641222,TP1,1,1250.2863108875542,1.512956962841043,50,-0.8028676944974673,Defensive,35,3.8644838125879994,20,3.051555522002513,29,7.799493928159053,Financials,2025-11-17,False,100,V,2521.7624755886186,33.61007218015614,True,False,V-2025-11-17,40,SKIP,90,70
0-59,54,2025-11-18,323.32385906271753,16.166192953135877,2025-12-31,618,349.0895890808106,30,8.083096476567938,2025-12-31,618,349.0895890808106,8.727239727020264,1288.2865009046527,TIME,2,1271.4761647010644,1.5385985591614697,50,-0.8028676944974673,Defensive,35,3.8644838125879994,20,3.051555522002513,29,7.799493928159053,Financials,2025-11-17,False,100,V,2521.7624755886186,33.61007218015614,True,False,V-2025-11-17,40,SKIP,90,70
0-59,57,2025-11-19,334.1905659908695,16.70952829954348,2026-01-02,619,340.79539840698243,30,16.70952829954348,2026-01-02,619,340.79539840698243,17.039769920349123,660.4832416112913,TIME,1,626.7339433913986,0.38167621246422734,100,-0.5828934738106032,Defensive,35,1.6423216094800486,20,0.38167621246422734,11,1.8753789220026091,Consumer Discretionary,2025-11-18,False,100,HD,626.7339433913986,33.7492982198926,False,False,HD-2025-11-18,40,SKIP,90,100
0-59,51,2025-11-19,592.4759299624027,29.623796498120132,2026-01-02,619,648.9272661437989,30,29.623796498120132,2026-01-02,619,648.9272661437989,32.44636330718994,5645.133618139618,TIME,1,5583.063458334308,1.610533300098821,100,-0.3673264525341013,Defensive,35,3.3658308822806786,20,1.610533300098821,3,9.42327472896426,Communication Services,2025-11-18,False,100,META,5583.063458334308,62.07015980531007,False,False,META-2025-11-18,40,SKIP,90,70
60-74,67,2025-11-20,1042.4851878859413,52.12425939429706,2025-11-25,594,1095.402025,4,26.06212969714853,2025-11-20,591,1051.49399,26.28734975,450.44010570293267,TP1,1,398.0906262557842,0.01437330912575642,50,-0.02886840156797853,Defensive,35,0.23420697354026318,60,0.10797332778399954,100,2.8686117907353577,Health Care,2025-11-19,False,25,LLY,2990.485301636576,105.79665976929707,True,True,LLY-2025-11-19,100,WATCH,90,45
60-74,67,2025-11-20,1042.4851878859413,52.12425939429706,2025-11-25,594,1095.402025,4,26.06212969714853,2025-11-25,594,1095.402025,27.385050625000005,2645.8418557029404,TP2,2,2592.394675380792,0.09360001865824312,50,-0.02886840156797853,Defensive,35,0.23420697354026318,60,0.10797332778399954,100,2.8686117907353577,Health Care,2025-11-19,False,25,LLY,2990.485301636576,105.79665976929707,True,True,LLY-2025-11-19,100,WATCH,90,45
0-59,53,2025-11-20,891.4336732038206,44.57168366019103,2025-12-15,607,851.8938400000001,17,44.57168366019103,2025-12-15,607,851.8938400000001,42.594692,-3953.9833203820535,STOP,1,-4041.1496960422446,-1.0331808201658526,100,-1.0847139840262114,Defensive,35,0.8253432972734742,20,-1.0331808201658526,32,-4.533315060354761,Consumer Staples,2025-11-19,True,100,COST,-4041.1496960422446,87.16637566019102,False,False,COST-2025-11-19,25,SKIP,90,85
75-89,78,2025-11-20,304.0972664166743,15.204863320833715,2025-11-24,593,317.19132500000006,3,7.602431660416857,2025-11-20,591,303.06839,7.57670975,-51.44382083371397,TP1,1,-66.62296224413083,-0.010327977907758567,50,-0.24789418703458552,Defensive,35,0.22879369178969705,80,0.08875709419129008,100,1.8827783586592162,Communication Services,2025-11-19,False,25,GOOGL,572.5477521367404,30.711356195833716,True,True,GOOGL-2025-11-19,100,BUY,90,100
75-89,78,2025-11-20,304.0972664166743,15.204863320833715,2025-11-24,593,317.19132500000006,3,7.602431660416857,2025-11-24,593,317.19132500000006,7.929783125000002,654.7029291662881,TP2,2,639.1707143808712,0.09908507209904864,50,-0.24789418703458552,Defensive,35,0.22879369178969705,80,0.08875709419129008,100,1.8827783586592162,Communication Services,2025-11-19,False,25,GOOGL,572.5477521367404,30.711356195833716,True,True,GOOGL-2025-11-19,100,BUY,90,100
0-59,55,2025-11-21,476.6167330005834,23.83083665002917,2026-01-06,621,476.15032502746584,30,23.83083665002917,2026-01-06,621,476.15032502746584,23.80751625137329,-46.64079731175548,TIME,1,-94.27915021315793,-0.05447541728989514,100,-0.7966754134802237,Defensive,35,0.8491103067210454,20,-0.05447541728989514,36,-0.19780914870448438,Technology,2025-11-20,False,100,MSFT,-94.27915021315793,47.638352901402456,False,False,MSFT-2025-11-20,40,SKIP,90,70
0-59,56,2025-11-24,195.07678737236017,9.753839368618008,2025-12-17,609,175.95198,17,9.753839368618008,2025-12-17,609,175.95198,8.797599,-1912.480737236018,STOP,1,-1931.032175604636,-1.014368726105715,100,-1.0347550056422932,Defensive,35,1.4755978755233878,20,-1.014368726105715,21,-9.898831130116498,Technology,2025-11-21,True,100,ORCL,-1931.032175604636,18.551438368618008,False,False,ORCL-2025-11-21,40,SKIP,70,100
60-74,70,2025-11-24,200.30306053311122,10.015153026655563,2025-12-11,605,207.83603000000002,13,5.007576513327781,2025-11-25,594,203.27831,5.081957750000001,148.76247334443917,TP1,1,138.6729390811114,0.06129716130942984,50,-0.11436365834772028,Defensive,35,0.38095600414278025,60,0.22327568563189348,75,2.521768433382099,Health Care,2025-11-21,False,25,JNJ,505.11793516222366,20.29301152665556,True,True,JNJ-2025-11-21,100,WATCH,90,85
60-74,70,2025-11-24,200.30306053311122,10.015153026655563,2025-12-11,605,207.83603000000002,13,5.007576513327781,2025-12-11,605,207.83603000000002,5.195900750000001,376.64847334444005,TP2,2,366.44499608111227,0.16197852432246365,50,-0.11436365834772028,Defensive,35,0.38095600414278025,60,0.22327568563189348,75,2.521768433382099,Health Care,2025-11-21,False,25,JNJ,505.11793516222366,20.29301152665556,True,True,JNJ-2025-11-21,100,WATCH,90,85
75-89,77,2025-11-24,71.72658455837141,3.5863292279185703,2026-01-07,622,66.61514378356934,30,1.7931646139592852,2025-11-28,596,71.68414,1.7921035,-2.1222279185707293,TP1,1,-5.707496032530015,-0.008510287140726047,50,-0.7969118544333069,Defensive,35,0.03295295322676106,100,-0.3947435176236257,58,-3.690933837310172,Consumer Staples,2025-11-21,False,25,KO,-264.73807798118236,7.043811322507803,True,False,KO-2025-11-21,100,BUY,90,100
75-89,77,2025-11-24,71.72658455837141,3.5863292279185703,2026-01-07,622,66.61514378356934,30,1.7931646139592852,2026-01-07,622,66.61514378356934,1.6653785945892334,-255.57203874010384,TIME,2,-259.03058194865235,-0.38623323048289965,50,-0.7969118544333069,Defensive,35,0.03295295322676106,100,-0.3947435176236257,58,-3.690933837310172,Consumer Staples,2025-11-21,False,25,KO,-264.73807798118236,7.043811322507803,True,False,KO-2025-11-21,100,BUY,90,100
60-74,66,2025-11-25,146.19223302094886,7.309611651047443,2026-01-05,620,158.530695,27,3.6548058255237215,2026-01-05,620,154.40276,3.860069,410.52634895255693,TP1,1,403.0114741270332,0.8662753398470889,50,-0.524056631256599,Risk-on,90,3.538573923560199,20,2.175979782871226,28,6.9245573376938925,Energy,2025-11-24,False,100,CVX,1012.3164998790669,15.132948026047444,True,True,CVX-2025-11-24,50,WATCH,90,100
60-74,66,2025-11-25,146.19223302094886,7.309611651047443,2026-01-05,620,158.530695,27,3.6548058255237215,2026-01-05,620,158.530695,3.963267375,616.9230989525573,TP2,2,609.3050257520337,1.3097044430241367,50,-0.524056631256599,Risk-on,90,3.538573923560199,20,2.175979782871226,28,6.9245573376938925,Energy,2025-11-24,False,100,CVX,1012.3164998790669,15.132948026047444,True,True,CVX-2025-11-24,50,WATCH,90,100
75-89,81,2025-11-25,325.73574631167793,16.286787315583897,2026-01-08,623,324.8544287872315,30,8.143393657791949,2025-11-25,594,318.70057,7.967514250000002,-351.75881558389506,TP1,1,-367.869723491687,-0.050046389833503825,50,-0.40814106198362454,Risk-on,90,0.056524178467081465,60,-0.05825399721483453,100,-1.3145635962279727,Communication Services,2025-11-24,False,25,GOOGL,-428.200354091482,32.37566228526468,True,False,GOOGL-2025-11-24,100,BUY,90,100
75-89,81,2025-11-25,325.73574631167793,16.286787315583897,2026-01-08,623,324.8544287872315,30,8.143393657791949,2026-01-08,623,324.8544287872315,8.121360719680787,-44.06587622232223,TIME,2,-60.330630599794965,-0.008207607381330698,50,-0.40814106198362454,Risk-on,90,0.056524178467081465,60,-0.05825399721483453,100,-1.3145635962279727,Communication Services,2025-11-24,False,25,GOOGL,-428.200354091482,32.37566228526468,True,False,GOOGL-2025-11-24,100,BUY,90,100
60-74,72,2025-11-26,1098.822308850258,54.941115442512896,2026-01-09,624,1059.433397216797,30,27.470557721256444,2025-11-26,595,1106.796325,27.669908125000006,398.7008074871028,TP1,1,343.56034164084633,0.010420951698590893,50,-0.3791735059606323,Risk-on,90,0.09491811302407721,60,-0.05095334470758232,100,-1.528765496617526,Health Care,2025-11-25,False,25,LLY,-1679.841632683881,109.09685849793283,True,False,LLY-2025-11-25,100,WATCH,90,45
60-74,72,2025-11-26,1098.822308850258,54.941115442512896,2026-01-09,624,1059.433397216797,30,27.470557721256444,2026-01-09,624,1059.433397216797,26.485834930419923,-1969.445581673051,TIME,2,-2023.4019743247275,-0.06137429640617321,50,-0.3791735059606323,Risk-on,90,0.09491811302407721,60,-0.05095334470758232,100,-1.528765496617526,Health Care,2025-11-25,False,25,LLY,-1679.841632683881,109.09685849793283,True,False,LLY-2025-11-25,100,WATCH,90,45
0-59,59,2025-11-26,120.39655392887151,6.019827696443575,2025-12-03,599,116.50172,5,6.019827696443575,2025-12-03,599,116.50172,5.825086,-389.4833928871506,STOP,1,-401.3283065835942,-1.0460645517412068,100,-1.0508729831809067,Risk-on,90,0.4250387552754625,20,-1.0460645517412068,42,-3.3333869906334113,Utilities,2025-11-25,True,100,DUK,-401.3283065835942,11.844913696443575,False,False,DUK-2025-11-25,65,SKIP,90,20
75-89,84,2025-11-28,397.3230200123295,19.866151000616476,2026-01-12,625,350.741869216919,30,9.933075500308238,2025-11-28,596,397.44118000000003,9.936029500000002,5.907999383526885,TP1,1,-13.961105616781355,-0.0015250868515044615,50,-0.8487186205044753,Risk-on,90,0.16359929118370467,100,-0.25799020693221053,100,-5.9440811346514755,Technology,2025-11-26,False,25,AVGO,-2361.720267618038,38.570727231039456,True,False,AVGO-2025-11-26,100,BUY,90,85
75-89,84,2025-11-28,397.3230200123295,19.866151000616476,2026-01-12,625,350.741869216919,30,9.933075500308238,2026-01-12,625,350.741869216919,8.768546730422974,-2329.057539770525,TIME,2,-2347.7591620012568,-0.25646512008070604,50,-0.8487186205044753,Risk-on,90,0.16359929118370467,100,-0.25799020693221053,100,-5.9440811346514755,Technology,2025-11-26,False,25,AVGO,-2361.720267618038,38.570727231039456,True,False,AVGO-2025-11-26,100,BUY,90,85
60-74,74,2025-11-28,108.70123244791517,5.435061622395758,2025-12-03,599,112.46374,4,2.717530811197879,2025-11-28,596,108.88553,2.72213825,9.214877604241423,TP1,1,3.775208543043544,0.0028191643732024766,50,-0.02632572592142072,Risk-on,90,0.4108863480874366,100,0.1391742414755129,56,1.7145294274872918,Consumer Staples,2025-11-26,False,25,WMT,186.371461836087,10.968793372395758,True,True,WMT-2025-11-26,100,WATCH,90,45
60-74,74,2025-11-28,108.70123244791517,5.435061622395758,2025-12-03,599,112.46374,4,2.717530811197879,2025-12-03,599,112.46374,2.8115935,188.12537760424135,TP2,2,182.59625329304347,0.13635507710231046,50,-0.02632572592142072,Risk-on,90,0.4108863480874366,100,0.1391742414755129,56,1.7145294274872918,Consumer Staples,2025-11-26,False,25,WMT,186.371461836087,10.968793372395758,True,True,WMT-2025-11-26,100,WATCH,90,45
75-89,79,2025-12-02,282.6164221597027,14.130821107985135,2026-01-08,623,257.75106,26,7.065410553992567,2025-12-02,598,282.748555,7.068713875,6.606642014864406,TP1,1,-7.527482414128162,-0.0030430764665679627,50,-1.1072987169096553,Risk-on,90,0.22106416308911328,90,-0.5111106081917107,78,-4.473571520691092,Technology,2025-12-01,True,25,AAPL,-1264.304777453257,27.643311482985133,True,False,AAPL-2025-12-01,100,BUY,90,70
75-89,79,2025-12-02,282.6164221597027,14.130821107985135,2026-01-08,623,257.75106,26,7.065410553992567,2026-01-08,623,257.75106,6.4437765,-1243.2681079851363,STOP,2,-1256.7772950391288,-0.5080675317251427,50,-1.1072987169096553,Risk-on,90,0.22106416308911328,90,-0.5111106081917107,78,-4.473571520691092,Technology,2025-12-01,True,25,AAPL,-1264.304777453257,27.643311482985133,True,False,AAPL-2025-12-01,100,BUY,90,70
75-89,76,2025-12-03,125.95334809783678,6.29766740489184,2026-01-15,628,130.30481500000002,30,3.1488337024459203,2025-12-04,600,126.85654000000001,3.1714135000000003,45.159595108161454,TP1,1,38.839347905715535,0.03810264059750691,50,-0.21805296938270144,Risk-on,90,0.5953530545577973,100,0.24526410413619415,72,1.9849114192838622,Real Estate,2025-12-02,False,25,PLD,250.00623893643154,12.726701279891842,True,True,PLD-2025-12-02,100,BUY,90,45
75-89,76,2025-12-03,125.95334809783678,6.29766740489184,2026-01-15,628,130.30481500000002,30,3.1488337024459203,2026-01-15,628,130.30481500000002,3.2576203750000006,217.57334510816193,TP2,2,211.16689103071602,0.20716146353868725,50,-0.21805296938270144,Risk-on,90,0.5953530545577973,100,0.24526410413619415,72,1.9849114192838622,Real Estate,2025-12-02,False,25,PLD,250.00623893643154,12.726701279891842,True,True,PLD-2025-12-02,100,BUY,90,45
0-59,50,2025-12-03,405.8929769184701,20.294648845923504,2025-12-08,602,391.574115,4,20.294648845923504,2025-12-08,602,391.574115,19.57870575,-1431.8861918470077,STOP,1,-1471.7595464429312,-1.042102918484669,100,-1.4606991289700282,Risk-on,90,0.1741669756828408,40,-1.042102918484669,13,-3.6259793347904044,Materials,2025-12-02,True,100,LIN,-1471.7595464429312,39.8733545959235,False,False,LIN-2025-12-02,25,SKIP,90,20
60-74,63,2025-12-04,287.8855532530193,14.394277662650964,2026-01-05,620,323.62810500000006,21,7.197138831325482,2025-12-22,612,312.40372,7.810093000000001,1225.908337349037,TP1,1,1210.9011055177116,0.8470473888528672,50,-0.6518466815089552,Risk-on,90,2.843941343287726,20,2.0864815783050945,44,10.36085631149726,Industrials,2025-12-03,False,100,GE,2982.7408514104254,30.29507328765097,True,True,GE-2025-12-03,65,WATCH,90,45
60-74,63,2025-12-04,287.8855532530193,14.394277662650964,2026-01-05,620,323.62810500000006,21,7.197138831325482,2026-01-05,620,323.62810500000006,8.090702625000002,1787.127587349039,TP2,2,1771.8397458927136,1.2394341894522274,50,-0.6518466815089552,Risk-on,90,2.843941343287726,20,2.0864815783050945,44,10.36085631149726,Industrials,2025-12-03,False,100,GE,2982.7408514104254,30.29507328765097,True,True,GE-2025-12-03,65,WATCH,90,45
75-89,78,2025-12-04,112.99756766372214,5.649878383186107,2026-01-12,625,117.5412,26,2.8249391915930535,2025-12-04,600,114.14290000000001,2.8535725000000003,57.266616813893734,TP1,1,51.58810512230068,0.02941576968453544,50,-0.20648283905996337,Risk-on,90,0.3063785551357878,90,0.15566939382896078,68,2.416036542990559,Consumer Staples,2025-12-03,False,25,WMT,273.006252744601,11.441980883186108,True,True,WMT-2025-12-03,100,BUY,90,70
75-89,78,2025-12-04,112.99756766372214,5.649878383186107,2026-01-12,625,117.5412,26,2.8249391915930535,2026-01-12,625,117.5412,2.93853,227.18161681389333,TP2,2,221.4181476223003,0.12625362414442534,50,-0.20648283905996337,Risk-on,90,0.3063785551357878,90,0.15566939382896078,68,2.416036542990559,Consumer Staples,2025-12-03,False,25,WMT,273.006252744601,11.441980883186108,True,True,WMT-2025-12-03,100,BUY,90,70
0-59,59,2025-12-04,116.43283380944199,5.821641690472099,2025-12-08,602,113.82306,3,5.821641690472099,2025-12-08,602,113.82306,5.691153,-260.97738094419896,STOP,1,-272.49017563467106,-1.067402721739387,100,-1.6594077952417072,Risk-on,90,0.3853997194826836,20,-1.067402721739387,37,-2.340320738741427,Utilities,2025-12-03,True,100,DUK,-272.49017563467106,11.512794690472099,False,False,DUK-2025-12-03,50,SKIP,90,45
60-74,74,2025-12-08,53.34662916183471,2.667331458091736,2025-12-24,614,55.682145000000006,13,1.333665729045868,2025-12-12,606,54.212880000000006,1.3553220000000001,43.312541908264635,TP1,1,40.623554179218765,0.08686503199941888,50,-0.13896329150566977,Risk-on,90,0.5442724796575559,100,0.3307374208665217,55,2.899407688238609,Financials,2025-12-05,False,25,BAC,154.67362673343754,5.414707083091736,True,True,BAC-2025-12-05,100,WATCH,90,45
60-74,74,2025-12-08,53.34662916183471,2.667331458091736,2025-12-24,614,55.682145000000006,13,1.333665729045868,2025-12-24,614,55.682145000000006,1.3920536250000002,116.77579190826464,TP2,2,114.05007255421877,0.2438723888671028,50,-0.13896329150566977,Risk-on,90,0.5442724796575559,100,0.3307374208665217,55,2.899407688238609,Financials,2025-12-05,False,25,BAC,154.67362673343754,5.414707083091736,True,True,BAC-2025-12-05,100,WATCH,90,45
0-59,59,2025-12-08,199.51847148419571,9.975923574209787,2026-01-09,624,214.71259,23,4.987961787104894,2025-12-17,609,209.37526,5.2343815,492.83942579021414,TP1,1,482.61708250310926,0.4760254869340347,50,-0.24324039977562759,Risk-on,90,1.689518905459894,55,1.2151409940607536,34,6.174702635759745,Industrials,2025-12-05,False,85,HON,1231.967231756219,20.578119824209786,True,True,HON-2025-12-05,25,SKIP,90,70
0-59,59,2025-12-08,199.51847148419571,9.975923574209787,2026-01-09,624,214.71259,23,4.987961787104894,2026-01-09,624,214.71259,5.367814750000001,759.7059257902146,TP2,2,749.3501492531097,0.7391155071267189,50,-0.24324039977562759,Risk-on,90,1.689518905459894,55,1.2151409940607536,34,6.174702635759745,Industrials,2025-12-05,False,85,HON,1231.967231756219,20.578119824209786,True,True,HON-2025-12-05,25,SKIP,90,70
75-89,77,2025-12-09,858.1151898212261,42.9057594910613,2025-12-11,605,891.7938800000001,3,21.452879745530655,2025-12-09,603,861.7689000000001,21.544222500000004,182.68550893870383,TP1,1,139.6884066931732,0.009972387463579629,50,-0.015010663129276163,Risk-on,90,0.3723810185691967,90,0.12706569886915342,64,2.0741681419916937,Financials,2025-12-08,False,25,GS,1779.875188886342,86.74482899106131,True,True,GS-2025-12-08,100,BUY,90,70
75-89,77,2025-12-09,858.1151898212261,42.9057594910613,2025-12-11,605,891.7938800000001,3,21.452879745530655,2025-12-11,605,891.7938800000001,22.294847000000004,1683.9345089386995,TP2,2,1640.1867821931687,0.11709331140557379,50,-0.015010663129276163,Risk-on,90,0.3723810185691967,90,0.12706569886915342,64,2.0741681419916937,Financials,2025-12-08,False,25,GS,1779.875188886342,86.74482899106131,True,True,GS-2025-12-08,100,BUY,90,70
60-74,62,2025-12-09,113.89527972340031,5.694763986170015,2026-01-22,632,115.65813779067994,30,5.694763986170014,2026-01-22,632,115.65813779067994,5.782906889533996,176.28580672796375,TIME,1,164.80813585225974,0.41250712656483257,100,-0.4817526448930548,Risk-on,90,1.225870971091706,20,0.41250712656483257,33,1.4470146282840126,Utilities,2025-12-08,False,100,DUK,164.80813585225974,11.47767087570401,False,False,DUK-2025-12-08,40,WATCH,90,85
0-59,58,2025-12-09,388.86558520170576,19.443279260085287,2026-01-08,623,437.371205,21,9.721639630042644,2026-01-02,619,426.976405,10.674410125000001,1905.540989914712,TP1,1,1885.1449401596697,1.5183697824414037,50,-0.19249617284583506,Risk-on,90,4.08303702057821,20,3.455149266528307,7,11.031498218321948,Materials,2025-12-08,False,100,LIN,4289.770010319338,41.051969510085286,True,True,LIN-2025-12-08,25,SKIP,90,100
0-59,58,2025-12-09,388.86558520170576,19.443279260085287,2026-01-08,623,437.371205,21,9.721639630042644,2026-01-08,623,437.371205,10.934280124999999,2425.280989914711,TP2,2,2404.625070159668,1.936779484086903,50,-0.19249617284583506,Risk-on,90,4.08303702057821,20,3.455149266528307,7,11.031498218321948,Materials,2025-12-08,False,100,LIN,4289.770010319338,41.051969510085286,True,True,LIN-2025-12-08,25,SKIP,90,100
60-74,72,2025-12-10,78.96921196601332,3.9484605983006658,2026-01-23,633,83.58131923294067,30,3.9484605983006658,2026-01-23,633,83.58131923294067,4.179065961647034,461.2107266927353,TIME,1,453.0832001327876,1.495713093755801,100,-0.5631207467876075,Risk-on,90,1.7641969813492444,20,1.495713093755801,72,5.737466398015787,Utilities,2025-12-09,False,100,NEE,453.0832001327876,8.1275265599477,False,False,NEE-2025-12-09,65,WATCH,90,85
0-59,52,2025-12-11,176.53355146887645,8.826677573443824,2026-01-09,624,164.61765,20,8.826677573443824,2026-01-09,624,164.61765,8.2308825,-1191.5901468876455,STOP,1,-1208.6477069610894,-1.0213736004275344,100,-1.0873105206496019,Risk-on,90,0.11976848130494878,55,-1.0213736004275344,25,-6.846560876979686,Real Estate,2025-12-10,True,25,AMT,-1208.6477069610894,17.057560073443824,False,False,AMT-2025-12-10,50,SKIP,90,45
0-59,58,2025-12-12,180.97981534375367,9.048990767187684,2026-01-27,635,188.1961990661621,30,9.048990767187684,2026-01-27,635,188.1961990661621,9.409809953308105,721.6383722408438,TIME,1,703.179571520348,0.3574916994549464,100,-0.5529938551206779,Risk-on,90,0.6311356189456186,55,0.3574916994549464,47,3.885403298620492,Technology,2025-12-11,False,50,NVDA,703.179571520348,18.458800720495788,False,False,NVDA-2025-12-11,50,SKIP,90,45
75-89,75,2025-12-12,905.4304283726724,45.271521418633625,2026-01-05,620,941.68892,15,22.635760709316813,2026-01-05,620,909.8248600000001,22.745621500000002,219.72158136638313,TP1,1,174.34019915706634,0.009228234376705705,50,-0.23992922574173559,Risk-on,90,0.2489263381301243,60,0.10274626272734587,69,2.1438276602906337,Financials,2025-12-11,False,25,GS,1941.0867968141324,91.55936591863363,True,True,GS-2025-12-11,100,BUY,90,85
75-89,75,2025-12-12,905.4304283726724,45.271521418633625,2026-01-05,620,941.68892,15,22.635760709316813,2026-01-05,620,941.68892,23.542223,1812.9245813663829,TP2,2,1766.746597657066,0.09351802835064016,50,-0.23992922574173559,Risk-on,90,0.2489263381301243,60,0.10274626272734587,69,2.1438276602906337,Financials,2025-12-11,False,25,GS,1941.0867968141324,91.55936591863363,True,True,GS-2025-12-11,100,BUY,90,85
60-74,72,2025-12-12,208.0759725919447,10.403798629597235,2026-01-14,627,213.86301500000002,22,5.201899314798618,2025-12-12,606,208.81554,5.2203885,36.97837040276539,TP1,1,26.556082587966777,0.011980562764756593,50,-0.42277159120103275,Risk-on,90,0.3781391383162011,70,0.13776058191640325,84,1.4675395938183209,Health Care,2025-12-11,False,25,JNJ,305.3597283009346,20.970762504597236,True,True,JNJ-2025-12-11,100,WATCH,90,45
60-74,72,2025-12-12,208.0759725919447,10.403798629597235,2026-01-14,627,213.86301500000002,22,5.201899314798618,2026-01-14,627,213.86301500000002,5.3465753750000005,289.3521204027664,TP2,2,278.8036457129678,0.12578001915164666,50,-0.42277159120103275,Risk-on,90,0.3781391383162011,70,0.13776058191640325,84,1.4675395938183209,Health Care,2025-12-11,False,25,JNJ,305.3597283009346,20.970762504597236,True,True,JNJ-2025-12-11,100,WATCH,90,45
75-89,81,2025-12-12,622.5088305537151,31.125441527685755,2026-01-15,628,647.186245,23,15.56272076384288,2025-12-12,606,622.6885000000001,15.5672125,8.983472314247365,TP1,1,-22.146460949595514,-0.0020297588047827743,50,-0.6272148855168884,Risk-on,90,0.23727487218637439,90,0.1081472396402314,100,1.8955263388412045,Industrials,2025-12-11,False,25,CAT,1179.9818844758036,62.872310152685756,True,True,CAT-2025-12-11,100,BUY,90,70
75-89,81,2025-12-12,622.5088305537151,31.125441527685755,2026-01-15,628,647.186245,23,15.56272076384288,2026-01-15,628,647.186245,16.179656125,1233.8707223142421,TP2,2,1202.1283454253992,0.11017699844501419,50,-0.6272148855168884,Risk-on,90,0.23727487218637439,90,0.1081472396402314,100,1.8955263388412045,Industrials,2025-12-11,False,25,CAT,1179.9818844758036,62.872310152685756,True,True,CAT-2025-12-11,100,BUY,90,70
60-74,65,2025-12-16,223.15151328277588,11.157575664138793,2026-01-09,624,247.0764,17,5.5787878320693975,2026-01-06,621,238.850515,5.971262875000001,784.950085861206,TP1,1,773.4000351541366,0.5214572649523906,50,-0.1457375082637042,Risk-on,90,1.6659451302430555,20,1.320086922928496,41,8.773808630651105,Consumer Discretionary,2025-12-15,False,85,AMZN,1957.8886731832736,23.305748539138794,True,True,AMZN-2025-12-15,65,WATCH,90,70
60-74,65,2025-12-16,223.15151328277588,11.157575664138793,2026-01-09,624,247.0764,17,5.5787878320693975,2026-01-09,624,247.0764,6.1769099999999995,1196.2443358612063,TP2,2,1184.488638029137,0.7986296579761054,50,-0.1457375082637042,Risk-on,90,1.6659451302430555,20,1.320086922928496,41,8.773808630651105,Consumer Discretionary,2025-12-15,False,85,AMZN,1957.8886731832736,23.305748539138794,True,True,AMZN-2025-12-15,65,WATCH,90,70
60-74,60,2025-12-16,855.457048191286,42.7728524095643,2026-01-14,627,948.74539,20,21.38642620478215,2026-01-08,623,923.25814,23.081453500000002,3390.0545904356986,TP1,1,3345.5867107309164,1.2079217567247806,50,-0.497161472193882,Risk-on,90,3.5190197300875368,20,2.8757211545444474,29,9.310693923268524,Consumer Staples,2025-12-15,False,100,COST,7964.898740211835,89.5729406595643,True,True,COST-2025-12-15,25,WATCH,90,100
60-74,60,2025-12-16,855.457048191286,42.7728524095643,2026-01-14,627,948.74539,20,21.38642620478215,2026-01-14,627,948.74539,23.71863475,4664.4170904357,TP2,2,4619.312029480918,1.6677993978196668,50,-0.497161472193882,Risk-on,90,3.5190197300875368,20,2.8757211545444474,29,9.310693923268524,Consumer Staples,2025-12-15,False,100,COST,7964.898740211835,89.5729406595643,True,True,COST-2025-12-15,25,WATCH,90,100
0-59,54,2025-12-18,181.06487991424797,9.0532439957124,2026-02-02,639,159.830045,30,9.0532439957124,2026-02-02,639,159.830045,7.991502250000001,-2123.4834914247954,STOP,1,-2140.5282376705077,-1.0118366288758016,100,-1.0481990703560267,Defensive,35,1.195656553326129,20,-1.0118366288758016,0,-11.821885274959222,Technology,2025-12-17,True,100,ORCL,-2140.5282376705077,17.0447462457124,False,False,ORCL-2025-12-17,40,SKIP,70,100
60-74,73,2025-12-23,319.2386225847691,15.961931129238454,2026-01-05,620,328.225805,8,7.980965564619228,2025-12-23,613,318.54065,7.9635162500000005,-34.89862923845237,TP1,1,-50.843111053071596,-0.01376794136752922,50,-0.08094980887461821,Risk-on,90,0.3598705513021686,100,0.10353199557909946,49,1.197628895661998,Financials,2025-12-22,False,25,JPM,382.3293990188544,32.13109250423845,True,True,JPM-2025-12-22,100,WATCH,90,45
60-74,73,2025-12-23,319.2386225847691,15.961931129238454,2026-01-05,620,328.225805,8,7.980965564619228,2026-01-05,620,328.225805,8.205645124999998,449.3591207615452,TP2,2,433.172510071926,0.11729993694662869,50,-0.08094980887461821,Risk-on,90,0.3598705513021686,100,0.10353199557909946,49,1.197628895661998,Financials,2025-12-22,False,25,JPM,382.3293990188544,32.13109250423845,True,True,JPM-2025-12-22,100,WATCH,90,45
60-74,71,2025-12-26,55.70219053752786,2.785109526876393,2026-02-09,644,55.775057962417605,30,1.3925547634381965,2025-12-26,615,55.862055000000005,1.3965513750000003,7.993223123607152,TP1,1,5.204116985168954,0.01014014765647368,50,-0.9633994279157829,Risk-on,90,0.2393708741086055,100,0.011808908833062955,66,0.10880284884082522,Financials,2025-12-24,False,25,BAC,6.060557017157488,5.576037350936833,True,False,BAC-2025-12-24,100,WATCH,90,20
60-74,71,2025-12-26,55.70219053752786,2.785109526876393,2026-02-09,644,55.775057962417605,30,1.3925547634381965,2026-02-09,644,55.775057962417605,1.39437644906044,3.64337124448717,TIME,2,0.8564400319885335,0.0016687611765892742,50,-0.9633994279157829,Risk-on,90,0.2393708741086055,100,0.011808908833062955,66,0.10880284884082522,Financials,2025-12-24,False,25,BAC,6.060557017157488,5.576037350936833,True,False,BAC-2025-12-24,100,WATCH,90,20
60-74,71,2025-12-26,117.36524086618775,5.868262043309387,2026-01-05,620,122.408765,6,2.9341310216546934,2025-12-29,616,118.81056500000001,2.970264125,72.26620669061319,TP1,1,66.3618115439585,0.09313623607992404,50,-0.058083553719824994,Risk-on,90,0.966645470824695,100,0.43864295110508744,58,2.663000269766912,Energy,2025-12-24,False,25,XOM,312.54366808791656,11.898745293309386,True,True,XOM-2025-12-24,100,WATCH,90,20
60-74,71,2025-12-26,117.36524086618775,5.868262043309387,2026-01-05,620,122.408765,6,2.9341310216546934,2026-01-05,620,122.408765,3.060219125,252.17620669061276,TP2,2,246.18185654395805,0.3455067150251634,50,-0.058083553719824994,Risk-on,90,0.966645470824695,100,0.43864295110508744,58,2.663000269766912,Energy,2025-12-24,False,25,XOM,312.54366808791656,11.898745293309386,True,True,XOM-2025-12-24,100,WATCH,90,20
60-74,60,2025-12-31,456.3280561065674,22.81640280532837,2026-02-04,641,400.72953500000006,24,22.81640280532837,2026-02-04,641,400.72953500000006,20.036476750000002,-5559.852110656731,STOP,1,-5602.704990212059,-1.0113540770156852,100,-1.0315896882889224,Risk-on,90,0.03631788500760658,55,-1.0113540770156852,45,-12.277800839191983,Consumer Discretionary,2025-12-30,True,50,TSLA,-5602.704990212059,42.85287955532837,False,False,TSLA-2025-12-30,75,WATCH,90,20
60-74,60,2025-12-31,328.04764719849237,16.402382359924616,2026-01-23,633,351.514155,16,8.201191179962308,2026-01-05,620,340.199815,8.504995375,607.6083900753815,TP1,1,590.9022035204192,0.2668013438288119,50,-0.2666771139209526,Risk-on,90,1.1308183355212387,90,0.7889048136272347,31,5.3261730832766325,Health Care,2025-12-30,False,50,UNH,1747.238548540839,33.69523160992462,True,True,UNH-2025-12-30,60,WATCH,90,20
60-74,60,2025-12-31,328.04764719849237,16.402382359924616,2026-01-23,633,351.514155,16,8.201191179962308,2026-01-23,633,351.514155,8.787853875000001,1173.3253900753823,TP2,2,1156.33634502042,0.5221034697984228,50,-0.2666771139209526,Risk-on,90,1.1308183355212387,90,0.7889048136272347,31,5.3261730832766325,Health Care,2025-12-30,False,50,UNH,1747.238548540839,33.69523160992462,True,True,UNH-2025-12-30,60,WATCH,90,20
60-74,69,2026-01-02,348.6019200373608,17.430096001868044,2026-02-13,648,316.851495,30,8.715048000934022,2026-01-05,620,355.08237,8.87705925,324.02249813196136,TP1,1,306.43039088102734,0.096996444191629,50,-1.1531140320659816,Risk-on,90,0.27031298924098973,100,-0.41077819734547516,45,-3.7226622166162056,Financials,2025-12-31,True,25,V,-1297.7271963629469,34.228442626868045,True,False,V-2025-12-31,100,WATCH,90,20
60-74,69,2026-01-02,348.6019200373608,17.430096001868044,2026-02-13,648,316.851495,30,8.715048000934022,2026-02-13,648,316.851495,7.9212873749999995,-1587.52125186804,STOP,2,-1604.1575872439741,-0.5077746415371042,50,-1.1531140320659816,Risk-on,90,0.27031298924098973,100,-0.41077819734547516,45,-3.7226622166162056,Financials,2025-12-31,True,25,V,-1297.7271963629469,34.228442626868045,True,False,V-2025-12-31,100,WATCH,90,20
0-59,52,2026-01-05,338.05863363889347,16.902931681944672,2026-01-13,626,370.984415,7,8.451465840972336,2026-01-09,624,360.97942000000006,9.0244855,1146.0393180553297,TP1,1,1128.5633667143572,1.0990394695159966,50,-0.4955801061153777,Risk-on,90,3.5822635718953806,20,2.684998272906366,28,8.155763776466102,Consumer Discretionary,2026-01-02,False,100,HD,2757.126358553712,35.20202755694467,True,True,HD-2026-01-02,25,SKIP,90,45
0-59,52,2026-01-05,338.05863363889347,16.902931681944672,2026-01-13,626,370.984415,7,8.451465840972336,2026-01-13,626,370.984415,9.274610375000002,1646.2890680553273,TP2,2,1628.562991839355,1.5859588033903695,50,-0.4955801061153777,Risk-on,90,3.5822635718953806,20,2.684998272906366,28,8.155763776466102,Consumer Discretionary,2026-01-02,False,100,HD,2757.126358553712,35.20202755694467,True,True,HD-2026-01-02,25,SKIP,90,45
60-74,60,2026-01-05,650.175753443244,32.5087876721622,2026-01-14,627,616.99135,8,32.5087876721622,2026-01-14,627,616.99135,30.8495675,-3318.4403443244037,STOP,1,-3381.798699496566,-1.028660439778155,100,-1.1087352880234647,Risk-on,90,0.4306904121133673,75,-1.028660439778155,28,-5.201360834492845,Communication Services,2026-01-02,True,100,META,-3381.798699496566,63.3583551721622,False,False,META-2026-01-02,25,WATCH,90,45
75-89,79,2026-01-06,329.60701144328186,16.480350572164095,2026-02-18,650,305.6771325836182,30,8.240175286082048,2026-01-06,621,332.36373499999996,8.309093374999998,137.836177835905,TP1,1,121.28690917482297,0.028406416532440203,50,-0.8415041148191263,Risk-on,90,0.07153263622357338,100,-0.2555422734582777,63,-3.310272838649205,Financials,2026-01-05,False,25,JPM,-1091.0891374090338,32.43137226175455,True,False,JPM-2026-01-05,100,BUY,90,70
75-89,79,2026-01-06,329.60701144328186,16.480350572164095,2026-02-18,650,305.6771325836182,30,8.240175286082048,2026-02-18,650,305.6771325836182,7.641928314590454,-1196.4939429831843,TIME,2,-1212.3760465838568,-0.2839486899907179,50,-0.8415041148191263,Risk-on,90,0.07153263622357338,100,-0.2555422734582777,63,-3.310272838649205,Financials,2026-01-05,False,25,JPM,-1091.0891374090338,32.43137226175455,True,False,JPM-2026-01-05,100,BUY,90,70
75-89,84,2026-01-06,940.7656900773618,47.03828450386809,2026-02-18,650,924.3037302246095,30,23.519142251934046,2026-01-15,628,951.98377,23.799594250000002,560.9039961319127,TP1,1,513.5852596299786,0.03703765937655153,50,-0.5777069732779158,Risk-on,90,0.2486635975327127,90,-0.025683315628869434,89,-0.3785634109231819,Financials,2026-01-05,False,25,GS,-356.1394685151871,93.94547200948332,True,False,GS-2026-01-05,100,BUY,90,100
75-89,84,2026-01-06,940.7656900773618,47.03828450386809,2026-02-18,650,924.3037302246095,30,23.519142251934046,2026-02-18,650,924.3037302246095,23.10759325561524,-823.0979926376165,TIME,2,-869.7247281451657,-0.06272097500542095,50,-0.5777069732779158,Risk-on,90,0.2486635975327127,90,-0.025683315628869434,89,-0.3785634109231819,Financials,2026-01-05,False,25,GS,-356.1394685151871,93.94547200948332,True,False,GS-2026-01-05,100,BUY,90,100
75-89,82,2026-01-06,123.74239532194377,6.187119766097188,2026-01-14,627,127.30631500000001,7,3.093559883048594,2026-01-13,626,124.187875,3.104696875,22.273983902811523,TP1,1,16.07572714476293,0.012121284846760871,50,-0.5313938633072033,Risk-on,90,0.4692445949539563,90,0.14175078387119977,68,1.5192488621253333,Energy,2026-01-05,False,25,XOM,187.99549328952622,12.474474516097189,True,True,XOM-2026-01-05,100,BUY,90,100
75-89,82,2026-01-06,123.74239532194377,6.187119766097188,2026-01-14,627,127.30631500000001,7,3.093559883048594,2026-01-14,627,127.30631500000001,3.1826578750000003,178.19598390281186,TP2,2,171.9197661447633,0.12962949902443888,50,-0.5313938633072033,Risk-on,90,0.4692445949539563,90,0.14175078387119977,68,1.5192488621253333,Energy,2026-01-05,False,25,XOM,187.99549328952622,12.474474516097189,True,True,XOM-2026-01-05,100,BUY,90,100
75-89,77,2026-01-06,161.88165735611773,8.094082867805886,2026-01-28,636,166.69661000000002,16,4.047041433902943,2026-01-13,626,162.568675,4.0642168750000005,34.35088219411426,TP1,1,26.23962388521132,0.0121639350431133,50,-0.45775475422663003,Risk-on,90,0.24827118206954893,60,0.11995962810063596,63,1.598530702129877,Energy,2026-01-05,False,25,CVX,258.772799395423,16.325714992805885,True,True,CVX-2026-01-05,100,BUY,90,100
75-89,77,2026-01-06,161.88165735611773,8.094082867805886,2026-01-28,636,166.69661000000002,16,4.047041433902943,2026-01-28,636,166.69661000000002,4.167415250000001,240.74763219411466,TP2,2,232.53317551021172,0.10779569305752267,50,-0.45775475422663003,Risk-on,90,0.24827118206954893,60,0.11995962810063596,63,1.598530702129877,Energy,2026-01-05,False,25,CVX,258.772799395423,16.325714992805885,True,True,CVX-2026-01-05,100,BUY,90,100
75-89,78,2026-01-06,325.2032981267106,16.26016490633553,2026-02-18,650,328.52651150512696,30,8.130082453167764,2026-01-06,621,328.37573000000003,8.209393250000002,158.62159366447202,TP1,1,142.28211796130424,0.025671896615754274,50,-0.6480275673137923,Risk-on,90,0.12068826182872419,100,0.05270338495076907,61,0.8982059632356943,Industrials,2026-01-05,False,25,GE,292.09954164132677,32.6827209439637,True,False,GE-2026-01-05,100,BUY,90,70
75-89,78,2026-01-06,325.2032981267106,16.26016490633553,2026-02-18,650,328.52651150512696,30,8.130082453167764,2026-02-18,650,328.52651150512696,8.213162787628173,166.16066892081847,TIME,2,149.81742368002253,0.027031488335014793,50,-0.6480275673137923,Risk-on,90,0.12068826182872419,100,0.05270338495076907,61,0.8982059632356943,Industrials,2026-01-05,False,25,GE,292.09954164132677,32.6827209439637,True,False,GE-2026-01-05,100,BUY,90,70
0-59,54,2026-01-07,477.8717810683111,23.893589053415553,2026-01-14,627,457.63107,6,23.893589053415553,2026-01-14,627,457.63107,22.881553500000003,-2024.07110683111,STOP,1,-2070.8462493845254,-1.0348135642277911,100,-1.1357620405490856,Risk-on,90,0.4825715572656503,20,-1.0348135642277911,25,-4.333476742977005,Technology,2026-01-06,True,70,MSFT,-2070.8462493845254,46.775142553415556,False,False,MSFT-2026-01-06,40,SKIP,90,70
60-74,63,2026-01-08,66.6817937063827,3.3340896853191357,2026-01-23,633,71.52422,11,1.6670448426595679,2026-01-14,627,70.34481,1.7586202499999999,183.15081468086447,TP1,1,179.72514958820489,1.4021378689352453,50,-0.0952884574728259,Risk-on,90,4.22361799334301,20,3.2641080373778375,45,6.274446001988126,Consumer Staples,2026-01-07,False,100,KO,418.39131392641,6.8808154353191355,True,True,KO-2026-01-07,40,WATCH,90,85
60-74,63,2026-01-08,66.6817937063827,3.3340896853191357,2026-01-23,633,71.52422,11,1.6670448426595679,2026-01-23,633,71.52422,1.7881055000000001,242.12131468086469,TP2,2,238.6661643382051,1.8619701684425922,50,-0.0952884574728259,Risk-on,90,4.22361799334301,20,3.2641080373778375,45,6.274446001988126,Consumer Staples,2026-01-07,False,100,KO,418.39131392641,6.8808154353191355,True,True,KO-2026-01-07,40,WATCH,90,85
60-74,68,2026-01-09,258.72883659692474,12.936441829846238,2026-01-20,630,249.565155,7,12.936441829846238,2026-01-20,630,249.565155,12.478257750000001,-916.3681596924732,STOP,1,-941.7828592723195,-1.0419292894317174,100,-1.7436143168848084,Risk-on,90,0.28827108302408405,20,-1.0419292894317174,50,-3.640038241038933,Technology,2026-01-08,True,100,AAPL,-941.7828592723195,25.41469957984624,False,False,AAPL-2026-01-08,65,WATCH,90,70
75-89,82,2026-01-09,326.8281286503493,16.341406432517466,2026-01-29,637,341.10936,14,8.170703216258733,2026-01-09,624,329.725055,8.243126375,144.84631748253491,TP1,1,128.43248789127617,0.03165066802314715,50,-0.19452015364298908,Risk-on,90,0.3700737457958057,100,0.2035075656822935,100,2.526696895911958,Communication Services,2026-01-08,False,25,GOOGL,825.7956181575515,33.112266807517464,True,True,GOOGL-2026-01-08,100,BUY,90,70
75-89,82,2026-01-09,326.8281286503493,16.341406432517466,2026-01-29,637,341.10936,14,8.170703216258733,2026-01-29,637,341.10936,8.527733999999999,714.0615674825341,TP2,2,697.3631302662753,0.17185689765914633,50,-0.19452015364298908,Risk-on,90,0.3700737457958057,100,0.2035075656822935,100,2.526696895911958,Communication Services,2026-01-08,False,25,GOOGL,825.7956181575515,33.112266807517464,True,True,GOOGL-2026-01-08,100,BUY,90,70
60-74,62,2026-01-09,435.19631472415654,21.759815736207827,2026-01-26,634,449.19529000000006,11,10.879907868103915,2026-01-09,624,439.34022000000004,10.983505500000001,207.1952637921754,TP1,1,185.3318504240715,0.03255072818147118,50,-0.15475810528699932,Risk-on,90,0.3060832532935006,100,0.15160286159720898,33,1.9834056376264426,Materials,2026-01-08,False,25,LIN,863.1708240981436,43.97320348620783,True,True,LIN-2026-01-08,60,WATCH,90,45
60-74,62,2026-01-09,435.19631472415654,21.759815736207827,2026-01-26,634,449.19529000000006,11,10.879907868103915,2026-01-26,634,449.19529000000006,11.229882250000001,699.948763792176,TP2,2,677.8389736740721,0.1190521334157378,50,-0.15475810528699932,Risk-on,90,0.3060832532935006,100,0.15160286159720898,33,1.9834056376264426,Materials,2026-01-08,False,25,LIN,863.1708240981436,43.97320348620783,True,True,LIN-2026-01-08,60,WATCH,90,45
75-89,76,2026-01-12,246.85336072540278,12.342668036270139,2026-02-06,643,214.26281500000002,19,6.171334018135069,2026-01-12,625,247.73607000000004,6.1934017500000005,44.135463729863034,TP1,1,31.770727961727964,0.00978061606072751,50,-1.432837062650694,Risk-on,90,0.06423724852988089,100,-0.4954180930678905,70,-6.519192033572098,Consumer Discretionary,2026-01-09,True,25,AMZN,-1609.2844627015452,23.892640161270137,True,False,AMZN-2026-01-09,100,BUY,90,45
75-89,76,2026-01-12,246.85336072540278,12.342668036270139,2026-02-06,643,214.26281500000002,19,6.171334018135069,2026-02-06,643,214.26281500000002,5.356570375,-1629.5272862701381,STOP,2,-1641.0551906632732,-0.505198709128618,50,-1.432837062650694,Risk-on,90,0.06423724852988089,100,-0.4954180930678905,70,-6.519192033572098,Consumer Discretionary,2026-01-09,True,25,AMZN,-1609.2844627015452,23.892640161270137,True,False,AMZN-2026-01-09,100,BUY,90,45
60-74,74,2026-01-12,1054.949111922893,52.74745559614465,2026-02-24,654,1039.8389512939455,30,52.74745559614465,2026-02-24,654,1039.8389512939455,51.99194756469727,-1511.0160628947597,TIME,1,-1615.7554660556016,-0.14639562083134403,100,-0.5864796378688081,Risk-on,90,0.50089630311822,70,-0.14639562083134403,98,-1.5315956455098643,Health Care,2026-01-09,False,25,LLY,-1615.7554660556016,104.73940316084192,False,False,LLY-2026-01-09,100,WATCH,90,45
75-89,77,2026-01-12,215.05295396712697,10.752647698356348,2026-01-15,628,222.62863000000002,4,5.376323849178174,2026-01-13,626,216.54167500000003,5.413541875000001,74.43605164365295,TP1,1,63.64618591947477,0.031301986923480914,50,-0.13085415957665028,Risk-on,90,0.4260392361794849,100,0.2122111468218299,59,2.006426510327807,Industrials,2026-01-09,False,25,HON,431.487947963949,21.73190532335635,True,True,HON-2026-01-09,85,BUY,90,85
75-89,77,2026-01-12,215.05295396712697,10.752647698356348,2026-01-15,628,222.62863000000002,4,5.376323849178174,2026-01-15,628,222.62863000000002,5.56571575,378.7838016436524,TP2,2,367.84176204447425,0.180909159898349,50,-0.13085415957665028,Risk-on,90,0.4260392361794849,100,0.2122111468218299,59,2.006426510327807,Industrials,2026-01-09,False,25,HON,431.487947963949,21.73190532335635,True,True,HON-2026-01-09,85,BUY,90,85
0-59,47,2026-01-12,166.2213409607574,8.31106704803787,2026-02-12,647,182.76857,23,4.155533524018935,2026-01-15,628,177.861025,4.4465256250000005,581.9842019621306,TP1,1,573.3821428131116,0.8633529677231361,50,-0.11883492539902643,Risk-on,90,3.079757978532717,20,2.095990636870532,20,8.374489334253775,Real Estate,2026-01-09,False,100,AMT,1392.018847001223,17.32680692303787,True,True,AMT-2026-01-09,25,SKIP,90,20
0-59,47,2026-01-12,166.2213409607574,8.31106704803787,2026-02-12,647,182.76857,23,4.155533524018935,2026-02-12,647,182.76857,4.56921425,827.3614519621304,TP2,2,818.6367041881116,1.232637669147396,50,-0.11883492539902643,Risk-on,90,3.079757978532717,20,2.095990636870532,20,8.374489334253775,Real Estate,2026-01-09,False,100,AMT,1392.018847001223,17.32680692303787,True,True,AMT-2026-01-09,25,SKIP,90,20
0-59,58,2026-01-13,351.7606635070771,17.588033175353857,2026-02-04,641,302.64860000000004,16,17.588033175353857,2026-02-04,641,302.64860000000004,15.132430000000001,-4911.206350707704,STOP,1,-4943.926813883058,-1.0097752889252476,100,-1.1753203919467963,Risk-on,90,0.13092006129409903,70,-1.0097752889252476,38,-14.054802957760485,Technology,2026-01-12,True,25,AVGO,-4943.926813883058,32.720463175353856,False,False,AVGO-2026-01-12,75,SKIP,90,20
75-89,83,2026-01-13,117.48316951723402,5.874158475861702,2026-02-02,639,121.67913,14,2.937079237930851,2026-01-13,626,118.310815,2.957770375,41.38227413829938,TP1,1,35.487424525368525,0.0325179815720144,50,-0.22534174541382412,Risk-on,90,0.5705371166479563,100,0.219282208342705,61,2.036941905458485,Consumer Staples,2026-01-12,False,25,WMT,239.30639117573685,11.873907100861702,True,True,WMT-2026-01-12,100,BUY,90,100
75-89,83,2026-01-13,117.48316951723402,5.874158475861702,2026-02-02,639,121.67913,14,2.937079237930851,2026-02-02,639,121.67913,3.04197825,209.79802413829916,TP2,2,203.8189666503683,0.1867642267706906,50,-0.22534174541382412,Risk-on,90,0.5705371166479563,100,0.219282208342705,61,2.036941905458485,Consumer Staples,2026-01-12,False,25,WMT,239.30639117573685,11.873907100861702,True,True,WMT-2026-01-12,100,BUY,90,100
60-74,67,2026-01-14,371.58827825080215,18.579413912540108,2026-02-12,647,387.46617000000003,21,9.289706956270054,2026-01-15,628,374.65258,9.3663145,153.21508745989263,TP1,1,134.55906600362258,0.02728934588208492,50,-0.1727322897221704,Risk-on,90,0.41494775845894044,90,0.18444718098475704,36,2.4475403167680074,Consumer Discretionary,2026-01-13,False,25,HD,909.4772922572469,37.63238266254011,True,True,HD-2026-01-13,70,WATCH,90,70
60-74,67,2026-01-14,371.58827825080215,18.579413912540108,2026-02-12,647,387.46617000000003,21,9.289706956270054,2026-02-12,647,387.46617000000003,9.686654250000002,793.8945874598943,TP2,2,774.9182262536243,0.15715783510267212,50,-0.1727322897221704,Risk-on,90,0.41494775845894044,90,0.18444718098475704,36,2.4475403167680074,Consumer Discretionary,2026-01-13,False,25,HD,909.4772922572469,37.63238266254011,True,True,HD-2026-01-13,70,WATCH,90,70
60-74,61,2026-01-15,462.2933553201799,23.114667766008996,2026-01-21,631,444.487645,4,23.114667766008996,2026-01-21,631,444.487645,22.224382249999998,-1780.5710320179912,STOP,1,-1825.9100820340002,-1.0384309756502816,100,-1.4535497946483702,Risk-on,90,0.0,20,-1.0384309756502816,22,-3.949678404461151,Technology,2026-01-14,True,100,MSFT,-1825.9100820340002,45.339050016009,False,False,MSFT-2026-01-14,40,WATCH,90,85
75-89,80,2026-01-15,215.94263257589625,10.797131628794812,2026-01-27,635,221.859015,8,5.398565814397406,2026-01-15,628,216.35177000000002,5.408794250000001,20.456871205188065,TP1,1,9.649511140790658,0.0044177418208458386,50,-0.35495064483528127,Risk-on,90,0.3242417317951075,90,0.13483887078776055,71,1.3638973816486462,Health Care,2026-01-14,False,25,JNJ,294.5235911565805,21.75240125379481,True,True,JNJ-2026-01-14,100,BUY,90,85
75-89,80,2026-01-15,215.94263257589625,10.797131628794812,2026-01-27,635,221.859015,8,5.398565814397406,2026-01-27,635,221.859015,5.546475375,295.81912120518723,TP2,2,284.87408001578984,0.1304211289669147,50,-0.35495064483528127,Risk-on,90,0.3242417317951075,90,0.13483887078776055,71,1.3638973816486462,Health Care,2026-01-14,False,25,JNJ,294.5235911565805,21.75240125379481,True,True,JNJ-2026-01-14,100,BUY,90,85
75-89,84,2026-01-15,127.4739223937988,6.3736961196899395,2026-01-23,633,133.89302,6,3.1868480598449698,2026-01-20,630,129.90501500000002,3.247625375,121.55463031006093,TP1,1,115.12015687521595,0.06495185112946211,50,-0.049800080135873684,Risk-on,90,0.3777414614775185,100,0.24235090522384473,77,3.369637142712783,Energy,2026-01-14,False,25,XOM,429.54086362543126,12.96864699468994,True,True,XOM-2026-01-14,100,BUY,90,100
75-89,84,2026-01-15,127.4739223937988,6.3736961196899395,2026-01-23,633,133.89302,6,3.1868480598449698,2026-01-23,633,133.89302,3.3473255000000006,320.9548803100603,TP2,2,314.4207067502153,0.17739905409438259,50,-0.049800080135873684,Risk-on,90,0.3777414614775185,100,0.24235090522384473,77,3.369637142712783,Energy,2026-01-14,False,25,XOM,429.54086362543126,12.96864699468994,True,True,XOM-2026-01-14,100,BUY,90,100
60-74,64,2026-01-15,952.3324220110119,47.616621100550596,2026-01-21,631,978.5904600000001,4,23.808310550275294,2026-01-15,628,952.44354,23.811088499999997,5.555899449404933,TP1,1,-42.06349960087036,-0.0031759838699848752,50,-0.037775986156905986,Risk-on,90,0.26068287076977564,90,0.09230919438309701,47,1.283759010552861,Consumer Staples,2026-01-14,False,25,COST,1222.5653277982663,95.89247110055061,True,True,COST-2026-01-14,70,WATCH,90,45
60-74,64,2026-01-15,952.3324220110119,47.616621100550596,2026-01-21,631,978.5904600000001,4,23.808310550275294,2026-01-21,631,978.5904600000001,24.464761500000005,1312.9018994494118,TP2,2,1264.6288273991365,0.09548517825308188,50,-0.037775986156905986,Risk-on,90,0.26068287076977564,90,0.09230919438309701,47,1.283759010552861,Consumer Staples,2026-01-14,False,25,COST,1222.5653277982663,95.89247110055061,True,True,COST-2026-01-14,70,WATCH,90,45
0-59,54,2026-01-15,617.6873931529155,30.884369657645777,2026-01-29,637,695.022315,10,15.442184828822887,2026-01-26,634,672.04381,16.80109525,2717.820842354223,TP1,1,2685.5775622754,1.0227891042478434,50,-0.7143032310622796,Risk-on,90,4.760100831762283,20,2.482921999894678,12,10.554701268302919,Communication Services,2026-01-14,False,100,META,6519.505911925802,65.06102278264578,True,True,META-2026-01-14,25,SKIP,90,70
0-59,54,2026-01-15,617.6873931529155,30.884369657645777,2026-01-29,637,695.022315,10,15.442184828822887,2026-01-29,637,695.022315,17.375557875000002,3866.746092354225,TP2,2,3833.9283496504017,1.4601328956468345,50,-0.7143032310622796,Risk-on,90,4.760100831762283,20,2.482921999894678,12,10.554701268302919,Communication Services,2026-01-14,False,100,META,6519.505911925802,65.06102278264578,True,True,META-2026-01-14,25,SKIP,90,70
75-89,78,2026-01-16,648.3340439639516,32.41670219819758,2026-01-29,637,671.594035,9,16.20835109909879,2026-01-16,629,648.0758,16.201894999999997,-12.912198197579983,TP1,1,-45.32244429667877,-0.003980050476737811,50,-0.2757015757028015,Risk-on,90,0.25560755481743963,100,0.09525251477632724,90,1.6730247557260047,Industrials,2026-01-15,False,25,CAT,1084.6789055316428,65.40844807319758,True,True,CAT-2026-01-15,100,BUY,90,45
75-89,78,2026-01-16,648.3340439639516,32.41670219819758,2026-01-29,637,671.594035,9,16.20835109909879,2026-01-29,637,671.594035,16.789850875,1162.9995518024202,TP2,2,1130.0013498283215,0.09923256525306504,50,-0.2757015757028015,Risk-on,90,0.25560755481743963,100,0.09525251477632724,90,1.6730247557260047,Industrials,2026-01-15,False,25,CAT,1084.6789055316428,65.40844807319758,True,True,CAT-2026-01-15,100,BUY,90,45
75-89,76,2026-01-16,227.6383940801121,11.381919704005606,2026-01-22,632,229.62513,4,5.690959852002803,2026-01-16,629,223.60814000000002,5.5902035,-201.51270400560435,TP1,1,-212.79386735760716,-0.06652221015680992,50,-0.16643369369540092,Risk-on,90,0.13336353748320945,90,-0.03904186598190646,63,-0.5486273964016061,Industrials,2026-01-15,False,25,HON,-124.88865946521467,22.712751454005605,True,True,HON-2026-01-15,85,BUY,90,85
75-89,76,2026-01-16,227.6383940801121,11.381919704005606,2026-01-22,632,229.62513,4,5.690959852002803,2026-01-22,632,229.62513,5.740628250000001,99.33679599439529,TP2,2,87.90520789239248,0.027480344174903457,50,-0.16643369369540092,Risk-on,90,0.13336353748320945,90,-0.03904186598190646,63,-0.5486273964016061,Industrials,2026-01-15,False,25,HON,-124.88865946521467,22.712751454005605,True,True,HON-2026-01-15,85,BUY,90,85
60-74,74,2026-01-16,130.62966735980163,6.531483367990081,2026-02-06,643,135.07243,15,3.2657416839950404,2026-01-16,629,131.95399,3.2988497500000005,66.21613200991874,TP1,1,59.6515405759237,0.0652666428958727,50,-0.7722236920509425,Risk-on,90,0.5230260717574358,100,0.3010471927698458,56,2.106314175890778,Real Estate,2026-01-15,False,25,PLD,275.14712015184705,13.20714386799008,True,True,PLD-2026-01-15,100,WATCH,90,45
60-74,74,2026-01-16,130.62966735980163,6.531483367990081,2026-02-06,643,135.07243,15,3.2657416839950404,2026-02-06,643,135.07243,3.3768107499999998,222.13813200991837,TP2,2,215.49557957592333,0.23578054987397307,50,-0.7722236920509425,Risk-on,90,0.5230260717574358,100,0.3010471927698458,56,2.106314175890778,Real Estate,2026-01-15,False,25,PLD,275.14712015184705,13.20714386799008,True,True,PLD-2026-01-15,100,WATCH,90,45
60-74,62,2026-01-21,248.3629254442967,12.418146272214836,2026-03-04,660,262.1472116546631,30,6.209073136107418,2026-02-04,641,277.18134000000003,6.929533500000001,1440.9207277851665,TP1,1,1427.782121149059,1.2412339174613818,50,-0.359619650928121,Defensive,35,2.7841723110755754,20,1.8293030659285145,38,8.472414610496475,Technology,2026-01-20,False,100,AAPL,2104.233678239906,25.901360063581414,True,False,AAPL-2026-01-20,50,WATCH,90,100
60-74,62,2026-01-21,248.3629254442967,12.418146272214836,2026-03-04,660,262.1472116546631,30,6.209073136107418,2026-03-04,660,262.1472116546631,6.553680291366577,689.2143105183209,TIME,2,676.4515570908468,0.5880691484671325,50,-0.359619650928121,Defensive,35,2.7841723110755754,20,1.8293030659285145,38,8.472414610496475,Technology,2026-01-20,False,100,AAPL,2104.233678239906,25.901360063581414,True,False,AAPL-2026-01-20,50,WATCH,90,100
60-74,63,2026-01-22,445.85826644230286,22.292913322115144,2026-01-29,637,425.38720000000006,6,22.292913322115147,2026-01-29,637,425.38720000000006,21.269360000000002,-2047.10664423028,STOP,1,-2090.6689175523948,-1.0320078095066954,100,-1.3182215277045939,Risk-on,90,1.764071158047596,20,-1.0320078095066954,17,-4.689088607092007,Technology,2026-01-21,True,100,MSFT,-2090.6689175523948,43.562273322115146,False,False,MSFT-2026-01-21,40,WATCH,90,100
60-74,73,2026-01-22,975.6284869636413,48.78142434818207,2026-02-13,648,1012.5734600000001,17,24.390712174091036,2026-01-26,634,986.36657,24.65916425,536.9041518179358,TP1,1,487.8542753938448,0.03187371605925607,50,-0.30495824733272353,Risk-on,90,0.2990323208084405,60,0.14931533192802196,58,2.342487851754232,Consumer Staples,2026-01-21,False,25,COST,2285.3978785376917,98.75492509818207,True,True,COST-2026-01-21,85,WATCH,90,100
60-74,73,2026-01-22,975.6284869636413,48.78142434818207,2026-02-13,648,1012.5734600000001,17,24.390712174091036,2026-02-13,648,1012.5734600000001,25.314336500000003,1847.248651817938,TP2,2,1797.543603143847,0.11744161586876589,50,-0.30495824733272353,Risk-on,90,0.2990323208084405,60,0.14931533192802196,58,2.342487851754232,Consumer Staples,2026-01-21,False,25,COST,2285.3978785376917,98.75492509818207,True,True,COST-2026-01-21,85,WATCH,90,100
75-89,78,2026-01-23,230.49399169243893,11.524699584621947,2026-02-03,640,238.28080000000003,8,5.762349792310974,2026-01-29,637,231.78405,5.79460125,64.50291537805413,TP1,1,52.945964335743156,0.01502269232094443,50,-0.1734803285638266,Risk-on,90,0.2850322851741728,90,0.12216749274000624,69,1.8680183668128625,Industrials,2026-01-22,False,25,HON,430.5670099214873,23.27632083462195,True,True,HON-2026-01-22,100,BUY,90,70
75-89,78,2026-01-23,230.49399169243893,11.524699584621947,2026-02-03,640,238.28080000000003,8,5.762349792310974,2026-02-03,640,238.28080000000003,5.957020000000001,389.3404153780551,TP2,2,377.6210455857441,0.10714480041906181,50,-0.1734803285638266,Risk-on,90,0.2850322851741728,90,0.12216749274000624,69,1.8680183668128625,Industrials,2026-01-22,False,25,HON,430.5670099214873,23.27632083462195,True,True,HON-2026-01-22,100,BUY,90,70
60-74,61,2026-01-23,115.9508956923078,5.797544784615391,2026-02-04,641,121.149395,9,2.8987723923076953,2026-01-28,636,118.73060500000001,2.9682651250000003,138.98546538461076,TP1,1,133.11842786730307,0.27612799853708975,50,-0.3464427505743431,Risk-on,90,1.1013643597652676,75,0.8029957723463833,35,3.33861919455864,Utilities,2026-01-22,False,50,DUK,387.1158859846055,11.79454478461539,True,True,DUK-2026-01-22,40,WATCH,90,70
60-74,61,2026-01-23,115.9508956923078,5.797544784615391,2026-02-04,641,121.149395,9,2.8987723923076953,2026-02-04,641,121.149395,3.028734875,259.9249653846101,TP2,2,253.99745811730241,0.5268677738092936,50,-0.3464427505743431,Risk-on,90,1.1013643597652676,75,0.8029957723463833,35,3.33861919455864,Utilities,2026-01-22,False,50,DUK,387.1158859846055,11.79454478461539,True,True,DUK-2026-01-22,40,WATCH,90,70
75-89,75,2026-01-26,349.39954280416663,17.469977140208332,2026-01-27,635,309.035405,2,17.469977140208332,2026-01-27,635,309.035405,15.451770250000001,-4036.4137804166603,STOP,1,-4069.335527806869,-1.0120322799057522,100,-1.8090922040582362,Risk-on,90,0.01626903052998534,100,-1.0120322799057522,44,-11.646653842611558,Health Care,2026-01-23,True,25,UNH,-4069.335527806869,32.92174739020833,False,False,UNH-2026-01-23,85,BUY,90,85
75-89,79,2026-01-26,135.17387326813792,6.758693663406896,2026-01-29,637,137.85103999999998,4,3.379346831703448,2026-01-26,634,134.102915,3.3525728749999995,-53.54791340689644,TP1,1,-60.27983311359989,-0.027902326756611036,50,-0.12918004289430726,Risk-on,90,0.243956134902311,90,0.030898570742057086,85,0.4938297544776652,Energy,2026-01-23,False,25,XOM,66.75288064779959,13.557542538406896,True,True,XOM-2026-01-23,100,BUY,90,70
75-89,79,2026-01-26,135.17387326813792,6.758693663406896,2026-01-29,637,137.85103999999998,4,3.379346831703448,2026-01-29,637,137.85103999999998,3.4462759999999997,133.85833659310293,TP2,2,127.03271376139948,0.05880089749866812,50,-0.12918004289430726,Risk-on,90,0.243956134902311,90,0.030898570742057086,85,0.4938297544776652,Energy,2026-01-23,False,25,XOM,66.75288064779959,13.557542538406896,True,True,XOM-2026-01-23,100,BUY,90,70
75-89,78,2026-01-26,71.9341954946153,3.596709774730765,2026-01-30,638,73.573195,5,1.7983548873653825,2026-01-26,634,72.06394999999999,1.80159875,6.487725269234801,TP1,1,2.887771631869418,0.0042378761134038365,50,-0.09071849331016592,Risk-on,90,0.2901476122806142,100,0.11916309445906717,58,1.1288103186587732,Consumer Staples,2026-01-23,False,25,KO,81.20006213873918,7.2376383997307645,True,True,KO-2026-01-23,100,BUY,90,70
75-89,78,2026-01-26,71.9341954946153,3.596709774730765,2026-01-30,638,73.573195,5,1.7983548873653825,2026-01-30,638,73.573195,1.8393298749999998,81.94997526923515,TP2,2,78.31229050686977,0.11492521834566334,50,-0.09071849331016592,Risk-on,90,0.2901476122806142,100,0.11916309445906717,58,1.1288103186587732,Consumer Staples,2026-01-23,False,25,KO,81.20006213873918,7.2376383997307645,True,True,KO-2026-01-23,100,BUY,90,70
75-89,82,2026-01-26,84.11872798561545,4.2059363992807715,2026-01-27,635,86.426765,2,2.1029681996403857,2026-01-26,634,84.26784500000001,2.1066961250000005,7.455850719227897,TP1,1,3.2461863945875105,0.003749033807252433,50,-0.17224883769080754,Risk-on,90,0.41534150864922903,100,0.13210300632979682,53,1.3597970693129697,Utilities,2026-01-23,False,25,NEE,114.38439978917476,8.473301649280772,True,True,NEE-2026-01-23,100,BUY,90,100
75-89,82,2026-01-26,84.11872798561545,4.2059363992807715,2026-01-27,635,86.426765,2,2.1029681996403857,2026-01-27,635,86.426765,2.160669125,115.40185071922764,TP2,2,111.13821339458725,0.1283539725225444,50,-0.17224883769080754,Risk-on,90,0.41534150864922903,100,0.13210300632979682,53,1.3597970693129697,Utilities,2026-01-23,False,25,NEE,114.38439978917476,8.473301649280772,True,True,NEE-2026-01-23,100,BUY,90,100
60-74,69,2026-01-27,452.30317823323196,22.6151589116616,2026-02-03,640,462.458655,6,11.307579455830798,2026-01-27,635,452.39369000000005,11.30984225,4.525588338404418,TP1,1,-18.091833367426382,-0.004373898268990138,50,-0.1704766118848967,Risk-on,90,0.27748092324628987,90,0.11285713020115544,59,1.0320797677424938,Materials,2026-01-26,False,25,LIN,466.81295914014584,45.4864675366616,True,True,LIN-2026-01-26,85,WATCH,90,45
60-74,69,2026-01-27,452.30317823323196,22.6151589116616,2026-02-03,640,462.458655,6,11.307579455830798,2026-02-03,640,462.458655,11.561466375,507.77383833840304,TP2,2,484.9047925075722,0.11723102847014558,50,-0.1704766118848967,Risk-on,90,0.27748092324628987,90,0.11285713020115544,59,1.0320797677424938,Materials,2026-01-26,False,25,LIN,466.81295914014584,45.4864675366616,True,True,LIN-2026-01-26,85,WATCH,90,45
60-74,70,2026-01-28,191.13252043502766,9.556626021751383,2026-02-05,642,170.924495,7,4.778313010875691,2026-01-30,638,193.293305,4.832332624999999,108.03922824861729,TP1,1,98.4285826127416,0.048914639162897816,50,-1.0093607580691706,Risk-on,90,0.1550778922371696,90,-0.45770812731852006,31,-4.818772401620705,Technology,2026-01-27,True,25,NVDA,-921.0241145245166,18.66207102175138,True,False,NVDA-2026-01-27,100,WATCH,90,45
60-74,70,2026-01-28,191.13252043502766,9.556626021751383,2026-02-05,642,170.924495,7,4.778313010875691,2026-02-05,642,170.924495,4.273112375,-1010.4012717513825,STOP,2,-1019.4526971372582,-0.5066227664814179,50,-1.0093607580691706,Risk-on,90,0.1550778922371696,90,-0.45770812731852006,31,-4.818772401620705,Technology,2026-01-27,True,25,NVDA,-921.0241145245166,18.66207102175138,True,False,NVDA-2026-01-27,100,WATCH,90,45
60-74,62,2026-01-28,280.0724487847741,14.003622439238706,2026-03-11,665,283.4882508850098,30,14.003622439238706,2026-03-11,665,283.4882508850098,14.174412544250492,341.58021002356804,TIME,1,313.4021750400788,0.15263750482235872,100,-0.8443835620118905,Risk-on,90,0.5640561544972573,20,0.15263750482235872,10,1.119003944871841,Health Care,2026-01-27,False,100,UNH,313.4021750400788,28.178034983489198,False,False,UNH-2026-01-27,40,WATCH,90,100
60-74,71,2026-01-28,224.02700428352574,11.201350214176287,2026-02-03,640,228.655615,5,5.6006751070881435,2026-01-28,636,222.90849000000003,5.57271225,-55.925714176285624,TP1,1,-67.09910153337377,-0.022279474047847962,50,-0.03885584960544344,Risk-on,90,0.285269288889811,60,0.05080663646614805,84,0.6830175196852544,Health Care,2026-01-27,False,25,JNJ,153.01436880825162,22.490452839176285,True,True,JNJ-2026-01-27,100,WATCH,90,45
60-74,71,2026-01-28,224.02700428352574,11.201350214176287,2026-02-03,640,228.655615,5,5.6006751070881435,2026-02-03,640,228.655615,5.716390375,231.4305358237135,TP2,2,220.11347034162537,0.07308611051399601,50,-0.03885584960544344,Risk-on,90,0.285269288889811,60,0.05080663646614805,84,0.6830175196852544,Health Care,2026-01-27,False,25,JNJ,153.01436880825162,22.490452839176285,True,True,JNJ-2026-01-27,100,WATCH,90,45
75-89,81,2026-01-28,86.53565385021733,4.326782692510867,2026-02-10,645,90.224865,10,2.1633913462554335,2026-01-29,637,87.67614,2.1919035,57.02430748913372,TP1,1,52.669012642878286,0.0461779862290619,50,-0.1386514183206552,Risk-on,90,0.3627510887613051,90,0.20403087820898738,60,2.689187020688024,Utilities,2026-01-27,False,25,NEE,232.71055716075608,8.774307817510866,True,True,NEE-2026-01-27,100,BUY,90,100
75-89,81,2026-01-28,86.53565385021733,4.326782692510867,2026-02-10,645,90.224865,10,2.1633913462554335,2026-02-10,645,90.224865,2.255621625,184.46055748913324,TP2,2,180.0415445178778,0.1578528919799255,50,-0.1386514183206552,Risk-on,90,0.3627510887613051,90,0.20403087820898738,60,2.689187020688024,Utilities,2026-01-27,False,25,NEE,232.71055716075608,8.774307817510866,True,True,NEE-2026-01-27,100,BUY,90,100
60-74,70,2026-01-29,169.51034253094937,8.47551712654747,2026-01-29,637,171.404255,1,4.237758563273735,2026-01-29,637,167.15638,4.1789095000000005,-117.69812654746801,TP1,1,-126.11479461074174,-0.051223818048919165,50,-0.06761260494198001,Risk-on,90,0.08703767928743975,90,-0.016223184566288646,63,-0.23563185290119476,Energy,2026-01-28,False,25,CVX,-39.942036096483804,16.93953300154747,True,True,CVX-2026-01-28,100,WATCH,90,20
60-74,70,2026-01-29,169.51034253094937,8.47551712654747,2026-01-29,637,171.404255,1,4.237758563273735,2026-01-29,637,171.404255,4.285106375,94.69562345253166,TP2,2,86.17275851425794,0.03500063348263052,50,-0.06761260494198001,Risk-on,90,0.08703767928743975,90,-0.016223184566288646,63,-0.23563185290119476,Energy,2026-01-28,False,25,CVX,-39.942036096483804,16.93953300154747,True,True,CVX-2026-01-28,100,WATCH,90,20
60-74,62,2026-01-30,437.44154004945966,21.872077002472984,2026-02-05,642,402.20879500000007,5,21.872077002472984,2026-02-05,642,402.20879500000007,20.110439750000005,-3523.2745049459595,STOP,1,-3565.2570216984323,-1.017727743817368,100,-1.3376776655637501,Risk-on,90,0.005979606223153257,20,-1.017727743817368,14,-8.150247965237421,Technology,2026-01-29,True,100,MSFT,-3565.2570216984323,41.98251675247299,False,False,MSFT-2026-01-29,40,WATCH,90,100
75-89,80,2026-01-30,136.96066893139863,6.848033446569931,2026-02-04,641,144.22785000000002,4,3.4240167232849656,2026-02-03,640,140.36978,3.5092445,170.4555534300681,TP1,1,163.52229220678313,0.0696412409222802,50,-0.04115428157922152,Risk-on,90,0.3794757885255561,60,0.2213955804165425,95,3.79562714405223,Energy,2026-01-29,False,25,XOM,519.8516326635676,13.962974196569931,True,True,XOM-2026-01-29,100,BUY,90,100
75-89,80,2026-01-30,136.96066893139863,6.848033446569931,2026-02-04,641,144.22785000000002,4,3.4240167232849656,2026-02-04,641,144.22785000000002,3.6056962500000003,363.3590534300694,TP2,2,356.32934045678445,0.1517543394942623,50,-0.04115428157922152,Risk-on,90,0.3794757885255561,60,0.2213955804165425,95,3.79562714405223,Energy,2026-01-29,False,25,XOM,519.8516326635676,13.962974196569931,True,True,XOM-2026-01-29,100,BUY,90,100
75-89,80,2026-01-30,169.480883975982,8.474044198799099,2026-02-04,641,176.03194000000002,4,4.2370220993995495,2026-01-30,638,171.564175,4.289104375,104.16455120089978,TP1,1,95.63842472650023,0.038609209432829215,50,-0.05690054649957912,Risk-on,90,0.39155306786739336,90,0.16735511164234376,71,2.4460186635960057,Energy,2026-01-29,False,25,CVX,414.5534053280012,17.1639470737991,True,True,CVX-2026-01-29,100,BUY,90,85
75-89,80,2026-01-30,169.480883975982,8.474044198799099,2026-02-04,641,176.03194000000002,4,4.2370220993995495,2026-02-04,641,176.03194000000002,4.4007985000000005,327.5528012009005,TP2,2,318.91498060150093,0.12874590220951454,50,-0.05690054649957912,Risk-on,90,0.39155306786739336,90,0.16735511164234376,71,2.4460186635960057,Energy,2026-01-29,False,25,CVX,414.5534053280012,17.1639470737991,True,True,CVX-2026-01-29,100,BUY,90,85
75-89,85,2026-01-30,653.5190408428952,32.67595204214476,2026-02-03,640,704.2277100000001,3,16.33797602107238,2026-02-02,639,677.1012800000001,16.927532000000003,1179.1119578552468,TP1,1,1145.8464498341746,0.10653185830355646,50,-0.05249774408014773,Risk-on,90,0.5006508043950647,100,0.33910085199121387,80,5.581071110359834,Industrials,2026-01-29,False,25,CAT,3647.3362389183503,67.20917679214476,True,True,CAT-2026-01-29,100,BUY,90,100
75-89,85,2026-01-30,653.5190408428952,32.67595204214476,2026-02-03,640,704.2277100000001,3,16.33797602107238,2026-02-03,640,704.2277100000001,17.605692750000003,2535.433457855248,TP2,2,2501.4897890841758,0.23256899368765738,50,-0.05249774408014773,Risk-on,90,0.5006508043950647,100,0.33910085199121387,80,5.581071110359834,Industrials,2026-01-29,False,25,CAT,3647.3362389183503,67.20917679214476,True,True,CAT-2026-01-29,100,BUY,90,100
75-89,79,2026-01-30,726.5676975506332,36.32838487753166,2026-03-13,667,612.3108789062501,30,36.32838487753166,2026-03-13,667,612.3108789062501,30.615543945312506,-11425.68186443831,TIME,1,-11492.625793261153,-0.746527942678795,100,-0.7671640325220634,Risk-on,90,0.02792224367249564,90,-0.746527942678795,78,-15.817694389668699,Communication Services,2026-01-29,False,25,META,-11492.625793261153,66.94392882284417,False,False,META-2026-01-29,85,BUY,90,100
75-89,83,2026-01-30,339.72778696094036,16.986389348047016,2026-02-17,649,299.700075,12,8.493194674023508,2026-02-02,639,341.67907500000007,8.541976875000001,97.56440195298524,TP1,1,80.52923040396172,0.020194006874764345,50,-1.0999337783375178,Risk-on,90,0.22113855637853247,100,-0.4856944709818488,85,-5.701158805755161,Communication Services,2026-01-29,True,25,GOOGL,-1936.8420641920786,33.02086809804702,True,False,GOOGL-2026-01-29,100,BUY,90,85
75-89,83,2026-01-30,339.72778696094036,16.986389348047016,2026-02-17,649,299.700075,12,8.493194674023508,2026-02-17,649,299.700075,7.492501875,-2001.3855980470169,STOP,2,-2017.3712945960403,-0.5058884778566132,50,-1.0999337783375178,Risk-on,90,0.22113855637853247,100,-0.4856944709818488,85,-5.701158805755161,Communication Services,2026-01-29,True,25,GOOGL,-1936.8420641920786,33.02086809804702,True,False,GOOGL-2026-01-29,100,BUY,90,85
75-89,79,2026-02-02,74.05687421176508,3.702843710588254,2026-02-03,640,75.432265,2,1.851421855294127,2026-02-02,639,73.873045,1.846826125,-9.19146058825362,TP1,1,-12.889708568547746,-0.014358793789997094,50,-0.07117828232450887,Risk-on,90,0.2695949687173734,90,0.058085477341953066,64,0.704088619967985,Consumer Staples,2026-01-30,False,25,KO,52.14260236290433,7.435476460588254,True,True,KO-2026-01-30,100,BUY,90,85
75-89,79,2026-02-02,74.05687421176508,3.702843710588254,2026-02-03,640,75.432265,2,1.851421855294127,2026-02-03,640,75.432265,1.885806625,68.7695394117462,TP2,2,65.03231093145207,0.07244427113195016,50,-0.07117828232450887,Risk-on,90,0.2695949687173734,90,0.058085477341953066,64,0.704088619967985,Consumer Staples,2026-01-30,False,25,KO,52.14260236290433,7.435476460588254,True,True,KO-2026-01-30,100,BUY,90,85
0-59,55,2026-02-03,157.24100052388513,7.8620500261942565,2026-02-04,641,146.25683500000002,2,7.8620500261942565,2026-02-04,641,146.25683500000002,7.312841750000001,-1098.416552388511,STOP,1,-1113.5914441647053,-1.0206135007756232,100,-1.2659397660938096,Risk-on,90,0.09473572968300525,20,-1.0206135007756232,0,-7.082067911387711,Technology,2026-02-02,True,100,ORCL,-1113.5914441647053,15.174891776194258,False,False,ORCL-2026-02-02,25,SKIP,70,100
60-74,72,2026-02-03,123.22329680512495,6.161164840256247,2026-02-03,640,127.33630000000001,1,3.0805824201281236,2026-02-03,640,123.648145,3.091203625,21.242409743752688,TP1,1,15.070623698624564,0.00890525284296891,50,-0.0036388216009376065,Risk-on,90,0.2623937092197842,90,0.12672282238606417,89,1.7403916230338206,Consumer Staples,2026-02-02,False,25,WMT,214.4567935222496,12.435775965256248,True,True,WMT-2026-02-02,100,WATCH,90,20
60-74,72,2026-02-03,123.22329680512495,6.161164840256247,2026-02-03,640,127.33630000000001,1,3.0805824201281236,2026-02-03,640,127.33630000000001,3.1834075000000004,205.65015974375314,TP2,2,199.38616982362504,0.11781756954309526,50,-0.0036388216009376065,Risk-on,90,0.2623937092197842,90,0.12672282238606417,89,1.7403916230338206,Consumer Staples,2026-02-02,False,25,WMT,214.4567935222496,12.435775965256248,True,True,WMT-2026-02-02,100,WATCH,90,20
60-74,72,2026-02-04,232.5368609782584,11.62684304891292,2026-02-11,646,238.22083,6,5.813421524456461,2026-02-04,641,232.50369,5.81259225,-1.658548912919855,TP1,1,-13.284562687376315,-0.00372149324151147,50,-0.060330163075453296,Risk-on,90,0.17018532049412047,60,0.07259600396883152,95,1.1144252357886466,Health Care,2026-02-03,False,25,JNJ,259.1449461252474,23.39495604891292,True,True,JNJ-2026-02-03,100,WATCH,90,45
60-74,72,2026-02-04,232.5368609782584,11.62684304891292,2026-02-11,646,238.22083,6,5.813421524456461,2026-02-11,646,238.22083,5.955520750000001,284.1984510870802,TP2,2,272.4295088126237,0.07631749721034298,50,-0.060330163075453296,Risk-on,90,0.17018532049412047,60,0.07259600396883152,95,1.1144252357886466,Health Care,2026-02-03,False,25,JNJ,259.1449461252474,23.39495604891292,True,True,JNJ-2026-02-03,100,WATCH,90,45
75-89,82,2026-02-04,704.7021363694431,35.235106818472154,2026-02-09,644,736.67148,4,17.617553409236077,2026-02-04,641,707.0163150000001,17.675407875,115.70893152784834,TP1,1,80.41597024361225,0.005790648314769261,50,-0.30333689368992556,Risk-on,90,0.2593101361125921,90,0.11829938346967822,91,2.3312669659638274,Industrials,2026-02-03,False,25,CAT,1642.8488113622193,71.32730169347215,True,True,CAT-2026-02-03,100,BUY,90,85
75-89,82,2026-02-04,704.7021363694431,35.235106818472154,2026-02-09,644,736.67148,4,17.617553409236077,2026-02-09,644,736.67148,18.416787,1598.4671815278432,TP2,2,1562.432841118607,0.11250873515490896,50,-0.30333689368992556,Risk-on,90,0.2593101361125921,90,0.11829938346967822,91,2.3312669659638274,Industrials,2026-02-03,False,25,CAT,1642.8488113622193,71.32730169347215,True,True,CAT-2026-02-03,100,BUY,90,85
75-89,75,2026-02-04,242.48752328817852,12.124376164408925,2026-02-06,643,247.27630000000002,3,6.062188082204463,2026-02-04,641,240.41973000000002,6.010493250000001,-103.38966440892534,TP1,1,-115.4623457411298,-0.02738181821873782,50,-0.02674875728025462,Risk-on,90,0.13397631783475655,90,0.026497262716651968,81,0.4607758483926406,Industrials,2026-02-03,False,25,HON,111.73239426774064,24.316776914408926,True,True,HON-2026-02-03,100,BUY,90,45
75-89,75,2026-02-04,242.48752328817852,12.124376164408925,2026-02-06,643,247.27630000000002,3,6.062188082204463,2026-02-06,643,247.27630000000002,6.1819075,239.4388355910749,TP2,2,227.19474000887044,0.05387908093538978,50,-0.02674875728025462,Risk-on,90,0.13397631783475655,90,0.026497262716651968,81,0.4607758483926406,Industrials,2026-02-03,False,25,HON,111.73239426774064,24.316776914408926,True,True,HON-2026-02-03,100,BUY,90,45
60-74,68,2026-02-04,127.68783323001219,6.384391661500609,2026-02-12,647,131.504215,7,3.192195830750305,2026-02-04,641,127.59617,3.18990425,-4.583161500609378,TP1,1,-10.965261581359684,-0.0050840812168842465,50,-0.0833159891653803,Risk-on,90,0.29076055384551247,60,0.08038546286190014,95,1.3577959726199629,Consumer Staples,2026-02-03,False,25,WMT,173.37402571228,12.861901286500608,True,True,WMT-2026-02-03,100,WATCH,90,20
60-74,68,2026-02-04,127.68783323001219,6.384391661500609,2026-02-12,647,131.504215,7,3.192195830750305,2026-02-12,647,131.504215,3.287605375,190.81908849938998,TP2,2,184.33928729363967,0.08546954407878438,50,-0.0833159891653803,Risk-on,90,0.29076055384551247,60,0.08038546286190014,95,1.3577959726199629,Consumer Staples,2026-02-03,False,25,WMT,173.37402571228,12.861901286500608,True,True,WMT-2026-02-03,100,WATCH,90,20
75-89,75,2026-02-04,76.2881510757984,3.81440755378992,2026-02-12,647,78.170895,7,1.90720377689496,2026-02-04,641,76.44176,1.9110440000000002,7.680446210080305,TP1,1,3.8621984331853447,0.0034033724149320245,50,-0.11292497400932044,Risk-on,90,0.26968550493568555,60,0.08295441068997893,68,1.2339782412322076,Consumer Staples,2026-02-03,False,25,KO,94.13791849137066,7.679723928789921,True,True,KO-2026-02-03,100,BUY,90,85
75-89,75,2026-02-04,76.2881510757984,3.81440755378992,2026-02-12,647,78.170895,7,1.90720377689496,2026-02-12,647,78.170895,1.9542723750000002,94.13719621008028,TP2,2,90.27572005818531,0.0795510382750469,50,-0.11292497400932044,Risk-on,90,0.26968550493568555,60,0.08295441068997893,68,1.2339782412322076,Consumer Staples,2026-02-03,False,25,KO,94.13791849137066,7.679723928789921,True,True,KO-2026-02-03,100,BUY,90,85
75-89,76,2026-02-04,463.4161634381024,23.17080817190512,2026-02-04,641,473.333215,1,11.58540408595256,2026-02-04,641,463.54811,11.58870275,6.59732809488105,TP1,1,-16.576778741071507,-0.0036677402416632012,50,-0.017873532508780262,Risk-on,90,0.23931767609606552,90,0.10086189406699701,68,0.9836883148633297,Materials,2026-02-03,False,25,LIN,455.85706489285633,46.59284129690512,True,True,LIN-2026-02-03,85,BUY,90,85
75-89,76,2026-02-04,463.4161634381024,23.17080817190512,2026-02-04,641,473.333215,1,11.58540408595256,2026-02-04,641,473.333215,11.833330375,495.8525780948804,TP2,2,472.43384363392784,0.1045296343086602,50,-0.017873532508780262,Risk-on,90,0.23931767609606552,90,0.10086189406699701,68,0.9836883148633297,Materials,2026-02-03,False,25,LIN,455.85706489285633,46.59284129690512,True,True,LIN-2026-02-03,85,BUY,90,85
60-74,63,2026-02-05,313.3429149584896,15.66714574792448,2026-03-19,671,318.5068046264649,30,15.667145747924478,2026-03-19,671,318.5068046264649,15.925340231323242,516.3889667975297,TIME,1,484.7964808182821,0.1292345533144358,100,-0.20708967624222058,Risk-on,90,1.0263403549096388,20,0.1292345533144358,22,1.5471754990295727,Technology,2026-02-04,False,100,AVGO,484.7964808182821,31.59248597924772,False,False,AVGO-2026-02-04,40,WATCH,90,100
0-59,55,2026-02-05,144.66253405719763,7.233126702859881,2026-03-19,671,154.36421604919434,30,7.233126702859881,2026-03-19,671,154.36421604919434,7.7182108024597165,970.1681991996708,TIME,1,955.2168616943512,0.8038831255154247,100,-0.8710702337073915,Risk-on,90,2.180195965657475,20,0.8038831255154247,0,6.603070158557234,Technology,2026-02-04,False,100,ORCL,955.2168616943512,14.951337505319596,False,False,ORCL-2026-02-04,25,SKIP,70,100
60-74,65,2026-02-05,397.2184990081787,19.860924950408936,2026-03-19,671,378.80050500000004,30,19.860924950408936,2026-03-19,671,378.80050500000004,18.94002525,-1841.7994008178653,STOP,1,-1880.600351018274,-1.031681407325142,100,-1.014262776850427,Risk-on,90,2.1467213004087484,20,-1.031681407325142,34,-4.734422882403452,Consumer Discretionary,2026-02-04,True,100,TSLA,-1880.600351018274,38.800950200408934,False,False,TSLA-2026-02-04,50,WATCH,90,85
75-89,78,2026-02-05,144.7001305045224,7.235006525226121,2026-02-11,646,150.434745,5,3.6175032626130603,2026-02-06,643,145.797065,3.644926625,54.846724773879885,TP1,1,47.58429488626682,0.014930687177297423,50,-0.08833625710873468,Risk-on,90,0.3181607172873081,60,0.10258403169266608,99,2.2594081058020548,Energy,2026-02-04,False,25,XOM,326.9366477725331,14.640801775226121,True,True,XOM-2026-02-04,100,BUY,90,85
75-89,78,2026-02-05,144.7001305045224,7.235006525226121,2026-02-11,646,150.434745,5,3.6175032626130603,2026-02-11,646,150.434745,3.760868625,286.73072477387933,TP2,2,279.35235288626626,0.08765334451536866,50,-0.08833625710873468,Risk-on,90,0.3181607172873081,60,0.10258403169266608,99,2.2594081058020548,Energy,2026-02-04,False,25,XOM,326.9366477725331,14.640801775226121,True,True,XOM-2026-02-04,100,BUY,90,85
75-89,77,2026-02-05,176.37322527236194,8.818661263618095,2026-02-19,651,184.28781,10,4.4093306318090475,2026-02-09,644,179.09041000000002,4.4772602500000005,135.85923638190422,TP1,1,126.97264550009518,0.04425178567234775,50,-0.07933898483920102,Risk-on,90,0.34228891855959825,60,0.17902670443081384,81,2.9124905733675743,Energy,2026-02-04,False,25,CVX,513.6853560001897,17.903116763618094,True,True,CVX-2026-02-04,100,BUY,90,85
75-89,77,2026-02-05,176.37322527236194,8.818661263618095,2026-02-19,651,184.28781,10,4.4093306318090475,2026-02-19,651,184.28781,4.60719525,395.7292363819036,TP2,2,386.71271050009454,0.13477491875846612,50,-0.07933898483920102,Risk-on,90,0.34228891855959825,60,0.17902670443081384,81,2.9124905733675743,Energy,2026-02-04,False,25,CVX,513.6853560001897,17.903116763618094,True,True,CVX-2026-02-04,100,BUY,90,85
75-89,79,2026-02-05,121.00634807248608,6.0503174036243035,2026-02-12,647,123.848045,6,3.0251587018121517,2026-02-05,642,121.19937000000002,3.0299842500000005,9.651096375696966,TP1,1,3.5959534238848136,0.0038974829430165536,50,-0.280385252748167,Risk-on,90,0.5325842937017047,100,0.15126184149604052,44,1.1533232941561786,Utilities,2026-02-04,False,25,DUK,139.55943997276879,12.176502778624304,True,True,DUK-2026-02-04,100,BUY,90,85
75-89,79,2026-02-05,121.00634807248608,6.0503174036243035,2026-02-12,647,123.848045,6,3.0251587018121517,2026-02-12,647,123.848045,3.096201125,142.08484637569612,TP2,2,135.96348654888396,0.14736435855302396,50,-0.280385252748167,Risk-on,90,0.5325842937017047,100,0.15126184149604052,44,1.1533232941561786,Utilities,2026-02-04,False,25,DUK,139.55943997276879,12.176502778624304,True,True,DUK-2026-02-04,100,BUY,90,85
60-74,72,2026-02-05,468.24704037403,23.4123520187015,2026-02-13,648,484.54760500000003,7,11.706176009350749,2026-02-12,647,473.99288500000006,11.849822125000001,287.29223129850254,TP1,1,263.73623316415177,0.052052819982619875,50,-0.53503158399404,Risk-on,90,0.3379443327662902,60,0.20821121394511657,71,2.2529658649537336,Materials,2026-02-04,False,25,LIN,1054.9445983283024,47.375864268701505,True,True,LIN-2026-02-04,85,WATCH,90,85
60-74,72,2026-02-05,468.24704037403,23.4123520187015,2026-02-13,648,484.54760500000003,7,11.706176009350749,2026-02-13,648,484.54760500000003,12.113690125000002,815.0282312985013,TP2,2,791.2083651641506,0.1561583939624967,50,-0.53503158399404,Risk-on,90,0.3379443327662902,60,0.20821121394511657,71,2.2529658649537336,Materials,2026-02-04,False,25,LIN,1054.9445983283024,47.375864268701505,True,True,LIN-2026-02-04,85,WATCH,90,85
0-59,52,2026-02-06,397.59897475663325,19.879948737831665,2026-03-20,672,380.85418589782716,30,19.879948737831665,2026-03-20,672,380.85418589782716,19.04270929489136,-1674.478885880609,TIME,1,-1713.401543913332,-0.6577616047929191,100,-0.7025414483328571,Defensive,35,0.929119867834323,20,-0.6577616047929191,6,-4.309371131960512,Technology,2026-02-05,False,100,MSFT,-1713.401543913332,38.92265803272302,False,False,MSFT-2026-02-05,25,SKIP,90,100
0-59,58,2026-02-06,176.5629871087957,8.828149355439786,2026-03-20,672,172.41269766998292,30,4.414074677719893,2026-02-25,655,194.15287500000002,4.853821875,879.4943945602156,TP1,1,870.2264980074957,0.6406738746324635,50,-0.37126552385726047,Defensive,35,1.5332607183748876,20,0.4814755610891321,23,3.703990539899557,Technology,2026-02-05,False,100,NVDA,653.9876339473867,17.99228867218936,True,False,NVDA-2026-02-05,50,SKIP,90,85
0-59,58,2026-02-06,176.5629871087957,8.828149355439786,2026-03-20,672,172.41269766998292,30,4.414074677719893,2026-03-20,672,172.41269766998292,4.310317441749572,-207.51447194063957,TIME,2,-216.23886406010902,-0.15919831354333147,50,-0.37126552385726047,Defensive,35,1.5332607183748876,20,0.4814755610891321,23,3.703990539899557,Technology,2026-02-05,False,100,NVDA,653.9876339473867,17.99228867218936,True,False,NVDA-2026-02-05,50,SKIP,90,85
60-74,66,2026-02-09,209.07448622131346,10.453724311065672,2026-03-23,673,210.03492938995362,30,10.453724311065674,2026-03-23,673,210.03492938995362,10.50174646949768,96.0443168640154,TIME,1,75.08884608345205,0.04079920796511818,100,-0.7103966969842624,Risk-on,90,0.6191705034500221,20,0.04079920796511818,16,0.3591487772638484,Consumer Discretionary,2026-02-06,False,100,AMZN,75.08884608345205,20.955470780563353,False,False,AMZN-2026-02-06,55,WATCH,90,100
60-74,67,2026-02-09,246.51651658006634,12.325825829003318,2026-02-23,653,254.97245,10,6.162912914501659,2026-02-09,644,248.01593,6.20039825,74.970670996683,TP1,1,62.60735983218134,0.015234225438598053,50,-0.013099710512350869,Risk-on,90,0.21419336561066948,60,0.11506250310609656,86,1.9181952318021678,Industrials,2026-02-06,False,25,HON,472.86680666436325,24.90053532900332,True,True,HON-2026-02-06,100,WATCH,90,20
60-74,67,2026-02-09,246.51651658006634,12.325825829003318,2026-02-23,653,254.97245,10,6.162912914501659,2026-02-23,653,254.97245,6.37431125,422.7966709966836,TP2,2,410.25944683218194,0.09982827766749851,50,-0.013099710512350869,Risk-on,90,0.21419336561066948,60,0.11506250310609656,86,1.9181952318021678,Industrials,2026-02-06,False,25,HON,472.86680666436325,24.90053532900332,True,True,HON-2026-02-06,100,WATCH,90,20
75-89,75,2026-02-09,134.3740419934247,6.718702099671235,2026-02-11,646,139.23035000000002,3,3.3593510498356176,2026-02-10,645,135.342295,3.3835573750000005,48.412650328765494,TP1,1,41.669741903929875,0.02967076139720979,50,-0.09103795641803139,Risk-on,90,0.3795167730642042,100,0.1976959571630811,66,2.0662103209371803,Real Estate,2026-02-06,False,25,PLD,277.64503243286015,13.583018224671235,True,True,PLD-2026-02-06,100,BUY,90,45
75-89,75,2026-02-09,134.3740419934247,6.718702099671235,2026-02-11,646,139.23035000000002,3,3.3593510498356176,2026-02-11,646,139.23035000000002,3.48075875,242.81540032876592,TP2,2,235.9752905289303,0.16802519576587133,50,-0.09103795641803139,Risk-on,90,0.3795167730642042,100,0.1976959571630811,66,2.0662103209371803,Real Estate,2026-02-06,False,25,PLD,277.64503243286015,13.583018224671235,True,True,PLD-2026-02-06,100,BUY,90,45
60-74,70,2026-02-10,55.86055012015992,2.7930275060079963,2026-02-24,654,49.3753,10,2.7930275060079963,2026-02-24,654,49.3753,2.4687650000000003,-648.5250120159918,STOP,1,-653.7868045219998,-1.0119676999051221,100,-1.0715666354147717,Risk-on,90,0.05539620613991888,100,-1.0119676999051221,56,-11.703909165156071,Financials,2026-02-09,True,25,BAC,-653.7868045219998,5.261792506007996,False,False,BAC-2026-02-09,100,WATCH,90,20
75-89,77,2026-02-10,740.3359047654915,37.01679523827457,2026-02-12,647,776.161725,3,18.508397619137284,2026-02-10,645,740.3396450000001,18.508491125000003,0.1870117254327397,TP1,1,-36.82987701870455,-0.0022880545462320967,50,-0.03373980618169928,Risk-on,90,0.28896553087166316,90,0.10664051473903108,100,2.3186079223137503,Industrials,2026-02-09,False,25,CAT,1716.5486939625866,74.92932948827458,True,True,CAT-2026-02-09,100,BUY,90,45
75-89,77,2026-02-10,740.3359047654915,37.01679523827457,2026-02-12,647,776.161725,3,18.508397619137284,2026-02-12,647,776.161725,19.404043125,1791.2910117254285,TP2,2,1753.3785709812912,0.10892856928526318,50,-0.03373980618169928,Risk-on,90,0.28896553087166316,90,0.10664051473903108,100,2.3186079223137503,Industrials,2026-02-09,False,25,CAT,1716.5486939625866,74.92932948827458,True,True,CAT-2026-02-09,100,BUY,90,45
60-74,69,2026-02-11,90.12651504135131,4.506325752067565,2026-02-13,648,93.47324,3,2.2531628760337825,2026-02-12,647,90.62466500000001,2.2656166250000003,24.907497932434808,TP1,1,20.388718431401024,0.015426697860676282,50,-0.07055167714886872,Risk-on,90,0.2636745236508298,90,0.13856525106264123,61,2.0319766320019923,Utilities,2026-02-10,False,25,NEE,183.13497248780192,9.108773377067564,True,True,NEE-2026-02-10,100,WATCH,90,20
60-74,69,2026-02-11,90.12651504135131,4.506325752067565,2026-02-13,648,93.47324,3,2.2531628760337825,2026-02-13,648,93.47324,2.336831,167.33624793243465,TP2,2,162.7462540564009,0.12313855320196494,50,-0.07055167714886872,Risk-on,90,0.2636745236508298,90,0.13856525106264123,61,2.0319766320019923,Utilities,2026-02-10,False,25,NEE,183.13497248780192,9.108773377067564,True,True,NEE-2026-02-10,100,WATCH,90,20
60-74,68,2026-02-12,237.95941467050443,11.89797073352522,2026-02-19,651,244.03792,5,5.94898536676261,2026-02-12,647,238.49069500000002,5.962267375000001,26.56401647477935,TP1,1,14.65276373301674,0.004259596819704221,50,-0.02645808069429853,Risk-on,90,0.1828512352440741,60,0.08910852111209439,91,1.2881528443221042,Health Care,2026-02-11,False,25,JNJ,306.52809684103335,23.961186108525222,True,True,JNJ-2026-02-11,100,WATCH,90,20
60-74,68,2026-02-12,237.95941467050443,11.89797073352522,2026-02-19,651,244.03792,5,5.94898536676261,2026-02-19,651,244.03792,6.100948000000001,303.9252664747792,TP2,2,291.8753331080166,0.08484892429239017,50,-0.02645808069429853,Risk-on,90,0.1828512352440741,60,0.08910852111209439,91,1.2881528443221042,Health Care,2026-02-11,False,25,JNJ,306.52809684103335,23.961186108525222,True,True,JNJ-2026-02-11,100,WATCH,90,20
75-89,76,2026-02-12,152.92894037530522,7.646447018765261,2026-03-20,672,159.58017,26,3.8232235093826303,2026-03-02,658,154.76258,3.8690645000000004,91.68198123473985,TP1,1,83.98969322535723,0.026664291631601722,50,-0.27802523394579604,Risk-on,90,0.2671817180784427,60,0.12976260211634302,100,2.6727344457996183,Energy,2026-02-11,False,25,XOM,408.73844670071423,15.505015768765261,True,True,XOM-2026-02-11,100,BUY,90,70
75-89,76,2026-02-12,152.92894037530522,7.646447018765261,2026-03-20,672,159.58017,26,3.8232235093826303,2026-03-20,672,159.58017,3.9895042500000004,332.56148123473963,TP2,2,324.74875347535703,0.1030983104847413,50,-0.27802523394579604,Risk-on,90,0.2671817180784427,60,0.12976260211634302,100,2.6727344457996183,Energy,2026-02-11,False,25,XOM,408.73844670071423,15.505015768765261,True,True,XOM-2026-02-11,100,BUY,90,70
60-74,74,2026-02-12,138.61110378604374,6.930555189302188,2026-03-26,676,128.7407731933594,30,3.465277594651094,2026-02-12,647,139.63015,3.4907537499999997,50.95231069781221,TP1,1,43.996279353161114,0.0240533758201791,50,-0.6690832257166828,Risk-on,90,0.17282223926811885,90,-0.24941307672948027,73,-3.29125181709631,Real Estate,2026-02-11,False,25,PLD,-456.20404720554166,13.639828269136173,True,False,PLD-2026-02-11,100,WATCH,90,45
60-74,74,2026-02-12,138.61110378604374,6.930555189302188,2026-03-26,676,128.7407731933594,30,3.465277594651094,2026-03-26,676,128.7407731933594,3.2185193298339843,-493.5165296342177,TIME,2,-500.2003265587028,-0.27346645254965934,50,-0.6690832257166828,Risk-on,90,0.17282223926811885,90,-0.24941307672948027,73,-3.29125181709631,Real Estate,2026-02-11,False,25,PLD,-456.20404720554166,13.639828269136173,True,False,PLD-2026-02-11,100,WATCH,90,45
60-74,69,2026-02-13,384.91532123666184,19.245766061833095,2026-03-06,662,352.34374,15,19.245766061833095,2026-03-06,662,352.34374,17.617187,-3257.1581236661814,STOP,1,-3294.021076728014,-1.0168200070200764,100,-1.1314382150341564,Defensive,35,0.12036878662602812,100,-1.0168200070200764,64,-8.55778114039455,Consumer Discretionary,2026-02-12,True,25,HD,-3294.021076728014,36.862953061833096,False,False,HD-2026-02-12,100,WATCH,90,45
75-89,80,2026-02-13,762.5135736388911,38.12567868194456,2026-03-27,677,692.4469992980958,30,38.12567868194456,2026-03-27,677,692.4469992980958,34.622349964904785,-7006.657434079534,TIME,1,-7079.405462726384,-0.40147802353419726,100,-0.579289494521952,Defensive,35,0.1051853858157818,90,-0.40147802353419726,100,-9.284300906201347,Industrials,2026-02-12,False,25,CAT,-7079.405462726384,72.74802864684935,False,False,CAT-2026-02-12,100,BUY,90,100
60-74,68,2026-02-13,132.24205195621806,6.612102597810903,2026-03-27,677,122.59459397506714,30,3.306051298905452,2026-02-13,648,133.89302,3.3473255000000006,82.5484021890972,TP1,1,75.89502539019175,0.03605112962291304,50,-0.6862446481263567,Defensive,35,0.09101503384828105,90,-0.19610857443931726,100,-3.1219176026724096,Consumer Staples,2026-02-12,False,25,WMT,-412.8487898156365,13.024292947187583,True,False,WMT-2026-02-12,100,WATCH,90,20
60-74,68,2026-02-13,132.24205195621806,6.612102597810903,2026-03-27,677,122.59459397506714,30,3.306051298905452,2026-03-27,677,122.59459397506714,3.0648648493766784,-482.3728990575461,TIME,2,-488.74381520582824,-0.2321597040622303,50,-0.6862446481263567,Defensive,35,0.09101503384828105,90,-0.19610857443931726,100,-3.1219176026724096,Consumer Staples,2026-02-12,False,25,WMT,-412.8487898156365,13.024292947187583,True,False,WMT-2026-02-12,100,WATCH,90,20
60-74,74,2026-02-13,77.45315838707388,3.8726579193536943,2026-03-27,677,75.18671492385864,30,1.936328959676847,2026-02-23,653,79.31032499999999,1.982758125,92.85833064630538,TP1,1,88.93924356162853,0.08649020098088422,50,-0.375206567158516,Defensive,35,0.3369029844775962,90,-0.027422437125303165,70,-0.36407716636914894,Consumer Staples,2026-02-12,False,25,KO,-28.19892643190674,7.73508391745016,True,False,KO-2026-02-12,100,WATCH,90,85
60-74,74,2026-02-13,77.45315838707388,3.8726579193536943,2026-03-27,677,75.18671492385864,30,1.936328959676847,2026-03-27,677,75.18671492385864,1.879667873096466,-113.32217316076196,TIME,2,-117.13816999353527,-0.11391263810618739,50,-0.375206567158516,Defensive,35,0.3369029844775962,90,-0.027422437125303165,70,-0.36407716636914894,Consumer Staples,2026-02-12,False,25,KO,-28.19892643190674,7.73508391745016,True,False,KO-2026-02-12,100,WATCH,90,85
60-74,72,2026-02-13,124.10016496745413,6.205008248372707,2026-02-27,657,128.92550500000002,10,3.1025041241863534,2026-02-13,648,125.85704000000001,3.1464260000000004,87.8437516272939,TP1,1,81.59482150310754,0.06590770132515185,50,-0.03143680010543236,Defensive,35,0.5123228312479321,90,0.2556800997509712,46,2.5506507704017025,Utilities,2026-02-12,False,25,DUK,316.5361813812153,12.574571873372708,True,True,DUK-2026-02-12,100,WATCH,90,85
60-74,72,2026-02-13,124.10016496745413,6.205008248372707,2026-02-27,657,128.92550500000002,10,3.1025041241863534,2026-02-27,657,128.92550500000002,3.223137625,241.26700162729406,TP2,2,234.94135987810773,0.1897723984258194,50,-0.03143680010543236,Defensive,35,0.5123228312479321,90,0.2556800997509712,46,2.5506507704017025,Utilities,2026-02-12,False,25,DUK,316.5361813812153,12.574571873372708,True,True,DUK-2026-02-12,100,WATCH,90,85
60-74,67,2026-02-13,185.12973842462057,9.256486921231028,2026-03-27,677,166.1728382034302,30,4.628243460615514,2026-02-13,648,186.58666000000002,4.6646665,72.84607876897269,TP1,1,63.55316880835718,0.024424983745502036,50,-0.8927179420284902,Defensive,35,0.2519989335433395,100,-0.343229586743967,55,-4.824046175760665,Real Estate,2026-02-12,False,25,AMT,-893.0744066668631,18.075474376316784,True,False,AMT-2026-02-12,70,WATCH,90,85
60-74,67,2026-02-13,185.12973842462057,9.256486921231028,2026-03-27,677,166.1728382034302,30,4.628243460615514,2026-03-27,677,166.1728382034302,4.154320955085755,-947.845011059519,TIME,2,-956.6275754752203,-0.367654570489469,50,-0.8927179420284902,Defensive,35,0.2519989335433395,100,-0.343229586743967,55,-4.824046175760665,Real Estate,2026-02-12,False,25,AMT,-893.0744066668631,18.075474376316784,True,False,AMT-2026-02-12,70,WATCH,90,85
60-74,74,2026-02-17,1021.369177257148,51.0684588628574,2026-03-30,678,994.6384793395997,30,25.5342294314287,2026-02-17,649,1020.8893,25.5222325,-23.993862857395243,TP1,1,-75.05032478882394,-0.006310505674024013,50,-0.5238477759019992,Defensive,35,0.046924119687529534,100,-0.12292907811176221,71,-1.4313976225592264,Consumer Staples,2026-02-13,False,25,COST,-1461.9854120811547,101.4566533463474,True,False,COST-2026-02-13,100,WATCH,90,70
60-74,74,2026-02-17,1021.369177257148,51.0684588628574,2026-03-30,678,994.6384793395997,30,25.5342294314287,2026-03-30,678,994.6384793395997,24.865961983489992,-1336.534895877412,TIME,2,-1386.9350872923308,-0.1166185724377382,50,-0.5238477759019992,Defensive,35,0.046924119687529534,100,-0.12292907811176221,71,-1.4313976225592264,Consumer Staples,2026-02-13,False,25,COST,-1461.9854120811547,101.4566533463474,True,False,COST-2026-02-13,100,WATCH,90,70
60-74,67,2026-02-17,93.6285824142224,4.68142912071112,2026-03-30,678,91.33499355697633,30,2.34071456035556,2026-02-17,649,93.56319500000001,2.3390798750000004,-3.2693707111192793,TP1,1,-7.949165146474839,-0.005244002987387931,50,-0.3369020065506729,Defensive,35,0.06195940593970268,60,-0.08394762381518234,66,-1.3591223334459885,Utilities,2026-02-13,False,25,NEE,-127.25269740805801,9.303883834635528,True,False,NEE-2026-02-13,100,WATCH,90,70
60-74,67,2026-02-17,93.6285824142224,4.68142912071112,2026-03-30,678,91.33499355697633,30,2.34071456035556,2026-03-30,678,91.33499355697633,2.2833748389244084,-114.6794428623032,TIME,2,-119.30353226158317,-0.07870362082779442,50,-0.3369020065506729,Defensive,35,0.06195940593970268,60,-0.08394762381518234,66,-1.3591223334459885,Utilities,2026-02-13,False,25,NEE,-127.25269740805801,9.303883834635528,True,False,NEE-2026-02-13,100,WATCH,90,70
0-59,53,2026-02-17,313.9164333768123,15.695821668840614,2026-03-18,670,301.98893,22,15.695821668840614,2026-03-18,670,301.98893,15.099446499999997,-1192.7503376812297,STOP,1,-1223.5456058500702,-1.0389780731568712,100,-1.3615310273107053,Defensive,35,0.949319388955796,20,-1.0389780731568712,39,-3.897679368640688,Financials,2026-02-13,True,100,V,-1223.5456058500702,30.79526816884061,False,False,V-2026-02-13,25,SKIP,90,85
75-89,79,2026-02-17,476.2587644042404,23.812938220212022,2026-02-24,654,499.23026000000004,6,11.906469110106011,2026-02-19,651,485.127315,12.128182875,443.4275297879793,TP1,1,419.39287780287333,0.06804044205889717,50,-0.021913765581399684,Defensive,35,0.4048975660952336,100,0.2504236492895302,76,3.2410541229863505,Materials,2026-02-13,False,25,LIN,1543.5804319807482,48.421877595212024,True,True,LIN-2026-02-13,100,BUY,90,100
75-89,79,2026-02-17,476.2587644042404,23.812938220212022,2026-02-24,654,499.23026000000004,6,11.906469110106011,2026-02-24,654,499.23026000000004,12.480756500000002,1148.574779787981,TP2,2,1124.187554177875,0.1823832072306331,50,-0.021913765581399684,Defensive,35,0.4048975660952336,100,0.2504236492895302,76,3.2410541229863505,Materials,2026-02-13,False,25,LIN,1543.5804319807482,48.421877595212024,True,True,LIN-2026-02-13,100,BUY,90,100
0-59,58,2026-02-18,301.84813929714727,15.092406964857364,2026-03-26,676,283.488185,27,15.092406964857364,2026-03-26,676,283.488185,14.17440925,-1835.9954297147283,STOP,1,-1865.2622459295858,-1.0238489318289832,100,-1.2907129750168598,Defensive,35,0.9472138001031943,20,-1.0238489318289832,50,-6.179472400501937,Communication Services,2026-02-17,True,100,GOOGL,-1865.2622459295858,29.266816214857364,False,False,GOOGL-2026-02-17,65,SKIP,90,45
0-59,51,2026-02-19,304.3875449197975,15.219377245989875,2026-03-06,662,283.60812500000003,12,15.219377245989877,2026-03-06,662,283.60812500000003,14.180406250000003,-2077.9419919797474,STOP,1,-2107.3417754757374,-1.021120382131391,100,-1.133274006496086,Risk-on,90,0.17644066688912716,35,-1.021120382131391,47,-6.92321946363146,Financials,2026-02-18,True,50,JPM,-2107.3417754757374,29.39978349598988,False,False,JPM-2026-02-18,50,SKIP,90,20
60-74,68,2026-02-19,916.5779726447448,45.82889863223725,2026-03-03,659,821.88885,9,45.82889863223725,2026-03-03,659,821.88885,41.09444250000001,-9468.912264474477,STOP,1,-9555.835605606713,-1.0135809391674868,100,-1.013559501319868,Risk-on,90,0.1358045601121676,70,-1.0135809391674868,82,-10.425556680173948,Financials,2026-02-18,True,25,GS,-9555.835605606713,86.92334113223725,False,False,GS-2026-02-18,100,WATCH,90,20
60-74,71,2026-02-19,327.3186153020452,16.365930765102263,2026-02-24,654,345.257285,4,8.182965382551131,2026-02-19,651,330.724555,8.268113875000001,170.29698489774034,TP1,1,153.84590564018922,0.03067799673302545,50,-0.05238260860723131,Risk-on,90,0.36981697369377226,100,0.206180168047075,66,3.1588945592851485,Industrials,2026-02-18,False,25,GE,1033.9649930303792,33.265476765102264,True,True,GE-2026-02-18,100,WATCH,90,20
60-74,71,2026-02-19,327.3186153020452,16.365930765102263,2026-02-24,654,345.257285,4,8.182965382551131,2026-02-24,654,345.257285,8.631432125000002,896.9334848977411,TP2,2,880.11908739019,0.17550217131404955,50,-0.05238260860723131,Risk-on,90,0.36981697369377226,100,0.206180168047075,66,3.1588945592851485,Industrials,2026-02-18,False,25,GE,1033.9649930303792,33.265476765102264,True,True,GE-2026-02-18,100,WATCH,90,20
60-74,66,2026-02-20,243.88663927554973,12.194331963777485,2026-03-02,658,249.425225,7,6.097165981888741,2026-02-24,654,244.12787500000002,6.103196875000001,12.06178622251457,TP1,1,-0.13857663437417234,-4.217614382652159e-05,50,-0.1900359790948694,Defensive,35,0.194299990497004,60,0.08048842450482993,85,1.0843476861496284,Health Care,2026-02-19,False,25,JNJ,264.4579129812514,24.533159463777487,True,True,JNJ-2026-02-19,100,WATCH,90,45
60-74,66,2026-02-20,243.88663927554973,12.194331963777485,2026-03-02,658,249.425225,7,6.097165981888741,2026-03-02,658,249.425225,6.235630625000001,276.9292862225143,TP2,2,264.59648961562556,0.08053060064865646,50,-0.1900359790948694,Defensive,35,0.194299990497004,60,0.08048842450482993,85,1.0843476861496284,Health Care,2026-02-19,False,25,JNJ,264.4579129812514,24.533159463777487,True,True,JNJ-2026-02-19,100,WATCH,90,45
60-74,70,2026-02-20,183.00610613808612,9.150305306904306,2026-03-12,666,191.354275,15,4.575152653452153,2026-03-02,658,186.09690500000002,4.652422625,154.5399430956948,TP1,1,145.31236781724266,0.05869758636786837,50,-0.11697222233779576,Defensive,35,0.5682985425619876,90,0.22352537927326252,90,3.0237340876863894,Energy,2026-02-19,False,25,CVX,553.3618013844844,18.586584806904305,True,True,CVX-2026-02-19,100,WATCH,90,45
60-74,70,2026-02-20,183.00610613808612,9.150305306904306,2026-03-12,666,191.354275,15,4.575152653452153,2026-03-12,666,191.354275,4.783856875000001,417.4084430956938,TP2,2,408.04943356724164,0.16482779290539415,50,-0.11697222233779576,Defensive,35,0.5682985425619876,90,0.22352537927326252,90,3.0237340876863894,Energy,2026-02-19,False,25,CVX,553.3618013844844,18.586584806904305,True,True,CVX-2026-02-19,100,WATCH,90,45
60-74,65,2026-02-24,252.39388510615203,12.6196942553076,2026-04-07,683,233.35631645202636,30,6.3098471276538,2026-03-02,658,255.19234,6.3798085,139.92274469239874,TP1,1,127.23308906474495,0.0375719113934835,50,-0.6822434296654178,Defensive,35,0.1909597943180608,70,-0.24710369057107212,100,-3.315409556489672,Industrials,2026-02-23,False,25,HON,-836.7890986804928,24.83341066660826,True,False,HON-2026-02-23,100,WATCH,90,20
60-74,65,2026-02-24,252.39388510615203,12.6196942553076,2026-04-07,683,233.35631645202636,30,6.3098471276538,2026-04-07,683,233.35631645202636,5.833907911300659,-951.8784327062832,TIME,2,-964.0221877452377,-0.2846756019645556,50,-0.6822434296654178,Defensive,35,0.1909597943180608,70,-0.24710369057107212,100,-3.315409556489672,Industrials,2026-02-23,False,25,HON,-836.7890986804928,24.83341066660826,True,False,HON-2026-02-23,100,WATCH,90,20
60-74,65,2026-02-25,49.81328354621636,2.4906641773108182,2026-03-09,663,47.15641,9,2.4906641773108182,2026-03-09,663,47.15641,2.3578205000000003,-265.687354621636,STOP,1,-270.5358392989468,-1.0273707124615075,100,-1.2475052658681782,Risk-on,90,0.8696063793854906,20,-1.0273707124615075,38,-5.430997919419343,Financials,2026-02-24,True,100,BAC,-270.5358392989468,4.848484677310818,False,False,BAC-2026-02-24,50,WATCH,90,85
60-74,68,2026-02-25,1035.3160934436557,51.76580467218278,2026-03-17,669,942.7383950000001,15,51.76580467218278,2026-03-17,669,942.7383950000001,47.136919750000004,-9257.769844365566,STOP,1,-9356.67256878775,-1.0158581499834787,100,-1.2122551302136666,Risk-on,90,0.2070311763616168,70,-1.0158581499834787,36,-9.037503259188892,Health Care,2026-02-24,True,50,LLY,-9356.67256878775,98.90272442218279,False,False,LLY-2026-02-24,100,WATCH,90,20
75-89,80,2026-02-25,344.8499681596426,17.24249840798213,2026-03-30,678,276.98144,24,8.621249203991065,2026-02-25,655,345.68707,8.64217675,41.8550920178717,TP1,1,24.591666063880634,0.0036308397496831795,50,-1.0984366085137767,Risk-on,90,0.039715718052658965,100,-0.4996873052036732,80,-9.814066520532476,Industrials,2026-02-24,True,25,GE,-3384.3805271222386,32.80921115798213,True,False,GE-2026-02-24,100,BUY,90,70
75-89,80,2026-02-25,344.8499681596426,17.24249840798213,2026-03-30,678,276.98144,24,8.621249203991065,2026-03-30,678,276.98144,6.924536,-3393.426407982128,STOP,2,-3408.972193186119,-0.5033181449533564,50,-1.0984366085137767,Risk-on,90,0.039715718052658965,100,-0.4996873052036732,80,-9.814066520532476,Industrials,2026-02-24,True,25,GE,-3384.3805271222386,32.80921115798213,True,False,GE-2026-02-24,100,BUY,90,70
60-74,72,2026-02-25,503.8126310132242,25.190631550661205,2026-04-08,684,498.65292308044434,30,12.595315775330603,2026-02-25,655,500.96939000000003,12.524234750000002,-142.16205066120722,TP1,1,-167.2816011865378,-0.022644597720716374,50,-0.4623874325235363,Risk-on,90,0.04769743350162902,60,-0.060960145929722834,95,-0.8938414977254733,Materials,2026-02-24,False,25,LIN,-450.3286366778715,50.18118937767231,True,False,LIN-2026-02-24,100,WATCH,90,45
60-74,72,2026-02-25,503.8126310132242,25.190631550661205,2026-04-08,684,498.65292308044434,30,12.595315775330603,2026-04-08,684,498.65292308044434,12.466323077011108,-257.9853966389919,TIME,2,-283.04703549133365,-0.038315548209006456,50,-0.4623874325235363,Risk-on,90,0.04769743350162902,60,-0.060960145929722834,95,-0.8938414977254733,Materials,2026-02-24,False,25,LIN,-450.3286366778715,50.18118937767231,True,False,LIN-2026-02-24,100,WATCH,90,45
60-74,74,2026-03-02,129.94262022819441,6.497131011409721,2026-04-13,687,129.21818024444582,30,3.2485655057048604,2026-03-02,658,130.37478000000002,3.2593695000000005,21.60798859028006,TP1,1,15.100053584575198,0.0096903173942813,50,-0.27329800605639326,Risk-on,90,0.21788175988428,90,-0.017712660137048572,69,-0.21240887374904455,Utilities,2026-02-27,False,25,DUK,-27.600965614670592,12.986955017520867,True,False,DUK-2026-02-27,100,WATCH,90,45
60-74,74,2026-03-02,129.94262022819441,6.497131011409721,2026-04-13,687,129.21818024444582,30,3.2485655057048604,2026-04-13,687,129.21818024444582,3.2304545061111454,-36.22199918742979,TIME,2,-42.70101919924579,-0.027402977531329874,50,-0.27329800605639326,Risk-on,90,0.21788175988428,90,-0.017712660137048572,69,-0.21240887374904455,Utilities,2026-02-27,False,25,DUK,-27.600965614670592,12.986955017520867,True,False,DUK-2026-02-27,100,WATCH,90,45
60-74,73,2026-03-03,245.1732253366098,12.25866126683049,2026-04-14,688,238.60770250701904,30,12.25866126683049,2026-04-14,688,238.60770250701904,11.930385125350952,-656.5522829590748,TIME,1,-680.7413293512562,-0.2687148281776411,100,-0.5629451110537431,Risk-on,90,0.05089572975326472,70,-0.2687148281776411,92,-2.7765728839951205,Health Care,2026-03-02,False,25,JNJ,-680.7413293512562,24.189046392181442,False,False,JNJ-2026-03-02,100,WATCH,90,45
60-74,63,2026-03-04,866.4563149831008,43.32281574915504,2026-03-13,667,778.65048,8,43.32281574915504,2026-03-13,667,778.65048,38.932524,-8780.58349831008,STOP,1,-8862.838838059235,-1.0138655283939366,100,-1.0224757539807738,Defensive,35,0.0970943966748972,20,-1.0138655283939366,58,-10.228835181646861,Financials,2026-03-03,True,85,GS,-8862.838838059235,82.25533974915504,False,False,GS-2026-03-03,65,WATCH,90,85
60-74,60,2026-03-05,260.6802297730818,13.034011488654091,2026-03-19,671,247.10638500000002,11,13.034011488654091,2026-03-19,671,247.10638500000002,12.35531925,-1357.3844773081787,STOP,1,-1382.773808046833,-1.028067052664188,100,-1.0117191666088148,Defensive,35,0.11584788380777863,55,-1.028067052664188,38,-5.304482849545271,Technology,2026-03-04,True,85,AAPL,-1382.773808046833,25.389330738654092,False,False,AAPL-2026-03-04,65,WATCH,90,45
60-74,61,2026-03-09,350.78390713385124,17.539195356692563,2026-03-12,666,336.281775,4,17.539195356692563,2026-03-12,666,336.281775,16.81408875,-1450.2132133851262,STOP,1,-1484.5664974918188,-1.0357026061553276,100,-1.0189431977095984,Defensive,35,0.40323479091125913,20,-1.0357026061553276,60,-4.232139694268647,Consumer Discretionary,2026-03-06,True,100,HD,-1484.5664974918188,34.35328410669256,False,False,HD-2026-03-06,55,WATCH,90,70
0-59,58,2026-03-09,282.91386787495577,14.145693393747788,2026-04-20,692,315.41060569763187,30,14.145693393747788,2026-04-20,692,315.41060569763187,15.770530284881595,3249.6737822676096,TIME,1,3219.75755858898,2.6254013753394143,100,-0.5284026191177248,Defensive,35,2.6740265859677494,20,2.6254013753394143,46,11.380698948317622,Financials,2026-03-06,False,100,JPM,3219.75755858898,29.916223678629382,False,False,JPM-2026-03-06,40,SKIP,90,85
0-59,56,2026-03-10,48.05445804923891,2.4027229024619454,2026-04-21,693,53.17696572113037,30,2.4027229024619454,2026-04-21,693,53.17696572113037,2.6588482860565184,512.2507671891462,TIME,1,507.18919600062776,1.4682163997110123,100,-0.6289991436659316,Defensive,35,2.0434997127390004,20,1.4682163997110123,30,10.554467089836645,Financials,2026-03-09,False,100,BAC,507.18919600062776,5.061571188518464,False,False,BAC-2026-03-09,40,SKIP,90,85
0-59,39,2026-03-12,283.304317230205,14.16521586151025,2026-03-27,677,255.462205,12,14.165215861510251,2026-03-27,677,255.462205,12.77311025,-2784.2112230205003,STOP,1,-2811.1495491320106,-1.0143311580731356,100,-1.0387401080262177,Defensive,35,0.145935083816011,55,-1.0143311580731356,19,-9.922720474632762,Health Care,2026-03-11,True,25,UNH,-2811.1495491320106,26.93832611151025,False,False,UNH-2026-03-11,25,SKIP,90,45
0-59,48,2026-03-13,339.3157549497426,16.96578774748713,2026-03-20,672,321.85899,6,16.96578774748713,2026-03-20,672,321.85899,16.0929495,-1745.6764949742592,STOP,1,-1778.7352322217464,-1.0284230074896017,100,-1.2396108940580304,Defensive,35,0.28229725298388536,20,-1.0284230074896017,45,-5.242123910471537,Consumer Discretionary,2026-03-12,True,100,HD,-1778.7352322217464,33.05873724748713,False,False,HD-2026-03-12,25,SKIP,90,45
75-89,80,2026-03-13,194.31820653245467,9.715910326622733,2026-03-20,672,203.028435,6,4.857955163311367,2026-03-17,669,196.971465,4.924286625,132.6629233772664,TP1,1,122.88068158895503,0.05523172459303732,50,-0.06271150499865233,Defensive,35,0.4000535057734078,90,0.24651804545586364,100,2.822475817963603,Energy,2026-03-12,False,25,CVX,548.4584389279104,19.715907826622733,True,True,CVX-2026-03-12,100,BUY,90,100
75-89,80,2026-03-13,194.31820653245467,9.715910326622733,2026-03-20,672,203.028435,6,4.857955163311367,2026-03-20,672,203.028435,5.0757108749999995,435.51142337726674,TP2,2,425.57775733895534,0.19128632086282632,50,-0.06271150499865233,Defensive,35,0.4000535057734078,90,0.24651804545586364,100,2.822475817963603,Energy,2026-03-12,False,25,CVX,548.4584389279104,19.715907826622733,True,True,CVX-2026-03-12,100,BUY,90,100
0-59,51,2026-03-16,788.9190512207798,39.445952561038986,2026-04-27,697,933.2281598205567,30,19.722976280519493,2026-04-21,693,938.1307,23.453267500000003,7460.582438961012,TP1,1,7417.406195180492,1.28553347728345,50,-0.04134360198564082,Defensive,35,2.75418206987478,20,2.5286044806987946,33,18.493415670868785,Financials,2026-03-13,False,100,GS,14589.807944893302,86.2299240565529,True,False,GS-2026-03-13,40,SKIP,90,45
0-59,51,2026-03-16,788.9190512207798,39.445952561038986,2026-04-27,697,933.2281598205567,30,19.722976280519493,2026-04-27,697,933.2281598205567,23.330703995513918,7215.455429988844,TIME,2,7172.401749712811,1.243071003415345,50,-0.04134360198564082,Defensive,35,2.75418206987478,20,2.5286044806987946,33,18.493415670868785,Financials,2026-03-13,False,100,GS,14589.807944893302,86.2299240565529,True,False,GS-2026-03-13,40,SKIP,90,45
0-59,56,2026-03-16,631.7305006372967,31.586525031864834,2026-03-26,676,583.018345,9,31.586525031864834,2026-03-26,676,583.018345,29.15091725,-4871.215563729675,STOP,1,-4931.953006011539,-1.0185671236560108,100,-1.8356618168954197,Defensive,35,0.08736150732503224,20,-1.0185671236560108,41,-7.8070522177354595,Communication Services,2026-03-13,True,100,META,-4931.953006011539,60.73744228186483,False,False,META-2026-03-13,25,SKIP,90,100
0-59,58,2026-03-18,923.8721251388922,46.193606256944605,2026-03-27,677,879.8898350000001,8,46.193606256944605,2026-03-27,677,879.8898350000001,43.99449175,-4398.229013889215,STOP,1,-4488.417111896159,-1.0308217840950233,100,-1.1085681757353025,Defensive,35,0.08110355015985006,20,-1.0308217840950233,27,-4.8582666256127,Health Care,2026-03-17,True,100,LLY,-4488.417111896159,90.18809800694461,False,False,LLY-2026-03-17,40,SKIP,90,100
0-59,46,2026-03-19,297.572119046726,14.8786059523363,2026-04-29,699,335.14234500000003,29,7.439302976168151,2026-04-29,699,324.93745,8.123436250000001,1368.2665476636998,TP1,1,1352.7038084375317,1.4433275993331234,50,-0.4577513687895356,Defensive,35,4.662810298002304,20,3.4308113549019663,27,10.805438543102117,Financials,2026-03-18,False,100,V,3215.3972445000645,31.380600827336302,True,True,V-2026-03-18,25,SKIP,90,45
0-59,46,2026-03-19,297.572119046726,14.8786059523363,2026-04-29,699,335.14234500000003,29,7.439302976168151,2026-04-29,699,335.14234500000003,8.378558625000002,1878.511297663701,TP2,2,1862.6934360625328,1.987483755568843,50,-0.4577513687895356,Defensive,35,4.662810298002304,20,3.4308113549019663,27,10.805438543102117,Financials,2026-03-18,False,100,V,3215.3972445000645,31.380600827336302,True,True,V-2026-03-18,25,SKIP,90,45
0-59,51,2026-03-20,247.875609323748,12.3937804661874,2026-05-01,701,284.247805,30,6.1968902330937,2026-05-01,701,275.72207000000003,6.893051750000001,1392.3230338126018,TP1,1,1379.233091829508,1.7424218849351332,50,-0.32740424863041145,Defensive,35,4.9370805857423425,20,4.023113900694834,41,12.847330154717717,Technology,2026-03-19,False,100,AAPL,3184.539790284016,26.3930273411874,True,True,AAPL-2026-03-19,40,SKIP,90,45
0-59,51,2026-03-20,247.875609323748,12.3937804661874,2026-05-01,701,284.247805,30,6.1968902330937,2026-05-01,701,284.247805,7.106195125000001,1818.6097838126016,TP2,2,1805.3066984545078,2.280692015759701,50,-0.32740424863041145,Defensive,35,4.9370805857423425,20,4.023113900694834,41,12.847330154717717,Technology,2026-03-19,False,100,AAPL,3184.539790284016,26.3930273411874,True,True,AAPL-2026-03-19,40,SKIP,90,45
0-59,52,2026-03-20,319.1045796752334,15.955228983761673,2026-04-10,686,371.843985,15,7.977614491880837,2026-04-08,684,351.66408,8.791602000000001,1627.9750162383293,TP1,1,1611.2057997464485,0.5396846370887152,50,-0.9915661286856696,Defensive,35,1.9042431677645788,20,1.4171702961129746,45,13.258670108006184,Technology,2026-03-19,False,85,AVGO,4230.902351867895,34.04293060876167,True,True,AVGO-2026-03-19,50,SKIP,90,45
0-59,52,2026-03-20,319.1045796752334,15.955228983761673,2026-04-10,686,371.843985,15,7.977614491880837,2026-04-10,686,371.843985,9.296099625,2636.9702662383274,TP2,2,2619.6965521214465,0.8774856590242595,50,-0.9915661286856696,Defensive,35,1.9042431677645788,20,1.4171702961129746,45,13.258670108006184,Technology,2026-03-19,False,85,AVGO,4230.902351867895,34.04293060876167,True,True,AVGO-2026-03-19,50,SKIP,90,45
0-59,42,2026-03-20,152.064554732312,7.603227736615599,2026-04-17,691,182.02894,20,3.8016138683077996,2026-04-15,689,170.484715,4.2621178749999995,921.0080133844002,TP1,1,912.9442816410925,0.37937302052601984,50,-0.7463711112548111,Defensive,35,1.3212710390604103,55,0.9984856293355305,15,15.801257642762264,Technology,2026-03-19,False,25,ORCL,2402.8112076571856,16.4160691116156,True,True,ORCL-2026-03-19,50,SKIP,90,20
0-59,42,2026-03-20,152.064554732312,7.603227736615599,2026-04-17,691,182.02894,20,3.8016138683077996,2026-04-17,691,182.02894,4.5507235,1498.2192633844008,TP2,2,1489.866926016093,0.6191126088095106,50,-0.7463711112548111,Defensive,35,1.3212710390604103,55,0.9984856293355305,15,15.801257642762264,Technology,2026-03-19,False,25,ORCL,2402.8112076571856,16.4160691116156,True,True,ORCL-2026-03-19,50,SKIP,90,20
0-59,52,2026-03-20,380.03993110656734,19.001996555328365,2026-03-27,677,360.24978500000003,6,19.001996555328365,2026-03-27,677,360.24978500000003,18.01248925,-1979.0146106567306,STOP,1,-2016.029096462059,-1.0280653641801396,100,-1.0489547247300313,Defensive,35,0.825606158011374,20,-1.0280653641801396,13,-5.304782291144934,Consumer Discretionary,2026-03-19,True,100,TSLA,-2016.029096462059,37.01448580532836,False,False,TSLA-2026-03-19,40,SKIP,90,70
0-59,49,2026-03-23,383.2618557451037,19.163092787255184,2026-03-26,676,367.79601,4,19.163092787255184,2026-03-26,676,367.79601,18.3898005,-1546.584574510365,STOP,1,-1584.1374677976203,-1.036613284551637,100,-1.2342147432313597,Defensive,15,0.2035949678741681,20,-1.036613284551637,18,-4.133303233941402,Technology,2026-03-20,True,100,MSFT,-1584.1374677976203,37.55289328725519,False,False,MSFT-2026-03-20,25,SKIP,90,85
0-59,56,2026-03-23,177.1421676690827,8.857108383454134,2026-04-24,696,205.93698,24,4.428554191727067,2026-04-15,689,197.291305,4.932282625,1007.4568665458642,TP1,1,998.0960297291372,0.7508903397680472,50,-0.9827886640594445,Defensive,15,2.5249641731449475,20,1.8268349663022627,43,13.70797083232875,Technology,2026-03-20,False,100,NVDA,2428.2596675832747,18.937815508454136,True,True,NVDA-2026-03-20,40,SKIP,90,85
0-59,56,2026-03-23,177.1421676690827,8.857108383454134,2026-04-24,696,205.93698,24,4.428554191727067,2026-04-24,696,205.93698,5.1484245,1439.7406165458647,TP2,2,1430.1636378541377,1.0759446265342156,50,-0.9827886640594445,Defensive,15,2.5249641731449475,20,1.8268349663022627,43,13.70797083232875,Technology,2026-03-20,False,100,NVDA,2428.2596675832747,18.937815508454136,True,True,NVDA-2026-03-20,40,SKIP,90,85
0-59,55,2026-03-23,329.6831642186713,16.484158210933565,2026-05-04,702,309.9390691528321,30,16.484158210933565,2026-05-04,702,309.9390691528321,15.496953457641604,-1974.4095065839247,TIME,1,-2006.3906182525,-0.8141773517592051,100,-0.8013524685014034,Defensive,15,0.8616874478268886,20,-0.8141773517592051,48,-6.0858146123643335,Consumer Discretionary,2026-03-20,False,100,HD,-2006.3906182525,31.981111668575167,False,False,HD-2026-03-20,25,SKIP,90,100
75-89,79,2026-03-23,155.1450163362604,7.75725081681302,2026-03-27,677,166.94648500000002,5,3.87862540840651,2026-03-24,674,161.25933,4.031483250000001,305.7156831869804,TP1,1,297.8055745285739,0.21113451231034142,50,-0.08295692549860034,Defensive,15,1.058530531713419,100,0.6237686644292204,100,5.670995697826462,Energy,2026-03-20,False,25,XOM,879.8267201821488,15.96239619181302,True,True,XOM-2026-03-20,100,BUY,90,100
75-89,79,2026-03-23,155.1450163362604,7.75725081681302,2026-03-27,677,166.94648500000002,5,3.87862540840651,2026-03-27,677,166.94648500000002,4.173662125000001,590.0734331869813,TP2,2,582.0211456535749,0.41263415211887894,50,-0.08295692549860034,Defensive,15,1.058530531713419,100,0.6237686644292204,100,5.670995697826462,Energy,2026-03-20,False,25,XOM,879.8267201821488,15.96239619181302,True,True,XOM-2026-03-20,100,BUY,90,100
60-74,73,2026-03-23,196.92563608499879,9.846281804249939,2026-03-27,677,208.805545,5,4.9231409021249695,2026-03-23,673,203.11839,5.077959750000001,309.63769575006097,TP1,1,299.63659509793604,0.1390061485155904,50,-0.06248887383079897,Defensive,15,0.6312070055484504,60,0.4098643889872116,100,4.486408061871297,Energy,2026-03-20,False,25,CVX,883.4887613208716,20.14438017924994,True,True,CVX-2026-03-20,100,WATCH,90,100
60-74,73,2026-03-23,196.92563608499879,9.846281804249939,2026-03-27,677,208.805545,5,4.9231409021249695,2026-03-27,677,208.805545,5.220138625,593.9954457500605,TP2,2,583.8521662229356,0.2708582404716212,50,-0.06248887383079897,Defensive,15,0.6312070055484504,60,0.4098643889872116,100,4.486408061871297,Energy,2026-03-20,False,25,CVX,883.4887613208716,20.14438017924994,True,True,CVX-2026-03-20,100,WATCH,90,100
0-59,45,2026-03-24,208.0539719467163,10.402698597335815,2026-04-09,685,229.535175,12,5.201349298667908,2026-04-08,684,220.359765,5.508994125,615.2896526641854,TP1,1,604.5793092405175,0.47514982882097834,50,-0.7005652475812255,Defensive,35,2.0234272138336378,55,1.3106754244781422,40,8.01570725916322,Consumer Discretionary,2026-03-23,False,50,AMZN,1667.6997332310348,21.650072097335816,True,True,AMZN-2026-03-23,25,SKIP,90,45
0-59,45,2026-03-24,208.0539719467163,10.402698597335815,2026-04-09,685,229.535175,12,5.201349298667908,2026-04-09,685,229.535175,5.738379375,1074.0601526641854,TP2,2,1063.1204239905173,0.835525595657164,50,-0.7005652475812255,Defensive,35,2.0234272138336378,55,1.3106754244781422,40,8.01570725916322,Consumer Discretionary,2026-03-23,False,50,AMZN,1667.6997332310348,21.650072097335816,True,True,AMZN-2026-03-23,25,SKIP,90,45
0-59,46,2026-03-27,361.29840864207364,18.06492043210368,2026-04-17,691,424.917435,15,9.03246021605184,2026-04-15,689,411.95392000000004,10.298848000000001,2532.77556789632,TP1,1,2513.4442596802683,2.7655493482594853,50,-0.6368997501694194,Defensive,15,7.630472737184642,20,6.24393158909584,12,15.706518616602356,Technology,2026-03-26,False,100,MSFT,5674.740181485535,38.98670430710368,True,True,MSFT-2026-03-26,25,SKIP,90,70
0-59,46,2026-03-27,361.29840864207364,18.06492043210368,2026-04-17,691,424.917435,15,9.03246021605184,2026-04-17,691,424.917435,10.622935875000001,3180.951317896319,TP2,2,3161.295921805267,3.478382240836355,50,-0.6368997501694194,Defensive,15,7.630472737184642,20,6.24393158909584,12,15.706518616602356,Technology,2026-03-26,False,100,MSFT,5674.740181485535,38.98670430710368,True,True,MSFT-2026-03-26,25,SKIP,90,70
0-59,54,2026-03-27,128.35306793904965,6.417653396952483,2026-05-08,706,142.98024718475344,30,3.2088266984762415,2026-04-16,690,141.699115,3.542477875,667.3023530475177,TP1,1,660.5510484740414,1.1402439181170807,50,-0.20130086429338456,Defensive,15,2.768650938829457,20,2.3910071355185334,64,10.791535411828903,Real Estate,2026-03-26,False,100,PLD,1385.1266778811355,13.534637451571319,True,False,PLD-2026-03-26,50,SKIP,90,45
0-59,54,2026-03-27,128.35306793904965,6.417653396952483,2026-05-08,706,142.98024718475344,30,3.2088266984762415,2026-05-08,706,142.98024718475344,3.574506179618836,731.3589622851894,TIME,2,724.5756294070942,1.2507632174014527,50,-0.20130086429338456,Defensive,15,2.768650938829457,20,2.3910071355185334,64,10.791535411828903,Real Estate,2026-03-26,False,100,PLD,1385.1266778811355,13.534637451571319,True,False,PLD-2026-03-26,50,SKIP,90,45
0-59,52,2026-03-27,539.8696432246575,26.993482161232876,2026-05-08,706,608.760957977295,30,13.496741080616438,2026-04-15,689,671.2342150000001,16.780855375,6568.22858876713,TP1,1,6537.950992311513,2.9358130825699753,50,-0.9021875088769058,Defensive,15,6.780982137672386,20,4.469672398654447,26,18.437415568430538,Communication Services,2026-03-26,False,100,META,9953.80096491334,58.99336148566525,True,False,META-2026-03-26,25,SKIP,90,100
0-59,52,2026-03-27,539.8696432246575,26.993482161232876,2026-05-08,706,608.760957977295,30,13.496741080616438,2026-05-08,706,608.760957977295,15.219023949432373,3444.5657376318763,TIME,2,3415.849972601827,1.5338593160844725,50,-0.9021875088769058,Defensive,15,6.780982137672386,20,4.469672398654447,26,18.437415568430538,Communication Services,2026-03-26,False,100,META,9953.80096491334,58.99336148566525,True,False,META-2026-03-26,25,SKIP,90,100
0-59,58,2026-03-27,277.25304377037116,13.862652188518556,2026-04-14,688,323.967935,12,6.931326094259279,2026-04-08,684,312.12386,7.8030965,1743.5408114814409,TP1,1,1728.8063888871816,1.9661068840718425,50,-0.6033744189987483,Defensive,15,6.350247868686438,20,4.605368211113113,41,14.605864631204165,Communication Services,2026-03-26,False,100,GOOGL,4049.5204258993645,29.764947063518555,True,True,GOOGL-2026-03-26,50,SKIP,90,85
0-59,58,2026-03-27,277.25304377037116,13.862652188518556,2026-04-14,688,323.967935,12,6.931326094259279,2026-04-14,688,323.967935,8.099198375,2335.7445614814424,TP2,2,2320.714037012183,2.6392613270412704,50,-0.6033744189987483,Defensive,15,6.350247868686438,20,4.605368211113113,41,14.605864631204165,Communication Services,2026-03-26,False,100,GOOGL,4049.5204258993645,29.764947063518555,True,True,GOOGL-2026-03-26,50,SKIP,90,85
0-59,51,2026-03-30,366.0429153442383,18.302145767211915,2026-04-07,683,341.42920000000004,6,18.302145767211915,2026-04-07,683,341.42920000000004,17.071460000000002,-2461.3715344238244,STOP,1,-2496.7451401910366,-1.0214596356565853,100,-1.178375193966082,Defensive,15,0.6994705444671675,20,-1.0214596356565853,24,-6.820908247446939,Consumer Discretionary,2026-03-27,True,100,TSLA,-2496.7451401910366,35.37360576721191,False,False,TSLA-2026-03-27,40,SKIP,90,70
0-59,50,2026-03-30,258.83179277233614,12.941589638616808,2026-04-07,683,303.57813500000003,6,6.470794819308404,2026-04-07,683,291.22431500000005,7.280607875000001,1619.6261113831952,TP1,1,1605.8747086888868,1.099026473828193,50,-0.24770385825980448,Defensive,15,3.5467187736991215,20,2.6205761548489086,22,14.793899663036406,Health Care,2026-03-27,False,100,UNH,3829.1315718777723,27.81165088861681,True,True,UNH-2026-03-27,25,SKIP,90,85
0-59,50,2026-03-30,258.83179277233614,12.941589638616808,2026-04-07,683,303.57813500000003,6,6.470794819308404,2026-04-07,683,303.57813500000003,7.589453375000001,2237.3171113831945,TP2,2,2223.2568631888857,1.5215496810207156,50,-0.24770385825980448,Defensive,15,3.5467187736991215,20,2.6205761548489086,22,14.793899663036406,Health Care,2026-03-27,False,100,UNH,3829.1315718777723,27.81165088861681,True,True,UNH-2026-03-27,25,SKIP,90,85
0-59,48,2026-03-30,887.396657381339,44.36983286906695,2026-05-11,707,964.8455829467773,30,44.36983286906695,2026-05-11,707,964.8455829467773,48.24227914733887,7744.892556543835,TIME,1,7652.280444527429,1.4984886101677313,100,-0.7509442598241024,Defensive,15,2.102759175048813,20,1.4984886101677313,27,8.623291941519035,Health Care,2026-03-27,False,100,LLY,7652.280444527429,92.61211201640582,False,False,LLY-2026-03-27,40,SKIP,90,45
60-74,71,2026-03-30,171.43265077362645,8.571632538681323,2026-04-17,691,141.38927,14,4.285816269340661,2026-03-30,678,169.99496000000002,4.249874,-71.88453868132143,TP1,1,-80.42022895066209,-0.026831203405414353,50,-1.0149176712429344,Defensive,15,0.12638331038829578,60,-0.5306203404107185,100,-9.27716983010098,Energy,2026-03-27,True,25,XOM,-1590.4098156513246,16.356238288681325,True,False,XOM-2026-03-27,100,WATCH,90,85
60-74,71,2026-03-30,171.43265077362645,8.571632538681323,2026-04-17,691,141.38927,14,4.285816269340661,2026-04-17,691,141.38927,3.5347317500000006,-1502.169038681322,STOP,2,-1509.9895867006626,-0.5037891370053041,50,-1.0149176712429344,Defensive,15,0.12638331038829578,60,-0.5306203404107185,100,-9.27716983010098,Energy,2026-03-27,True,25,XOM,-1590.4098156513246,16.356238288681325,True,False,XOM-2026-03-27,100,WATCH,90,85
60-74,65,2026-03-30,211.4300983574844,10.57150491787422,2026-04-17,691,177.18136500000003,14,5.28575245893711,2026-03-30,678,210.42473500000003,5.260618375000001,-50.268167874219216,TP1,1,-60.81453870815633,-0.017802799649969975,50,-1.0334652335715624,Defensive,15,0.03896913854808023,60,-0.5219441918777932,100,-8.432888727846526,Energy,2026-03-27,True,25,CVX,-1782.9664931663126,20.261657417874222,True,False,CVX-2026-03-27,100,WATCH,90,45
60-74,65,2026-03-30,211.4300983574844,10.57150491787422,2026-04-17,691,177.18136500000003,14,5.28575245893711,2026-04-17,691,177.18136500000003,4.429534125000001,-1712.4366678742192,STOP,2,-1722.1519544581563,-0.5041413922278232,50,-1.0334652335715624,Defensive,15,0.03896913854808023,60,-0.5219441918777932,100,-8.432888727846526,Energy,2026-03-27,True,25,CVX,-1782.9664931663126,20.261657417874222,True,False,CVX-2026-03-27,100,WATCH,90,45
0-59,58,2026-03-30,699.9276727132865,34.99638363566432,2026-04-09,685,788.1757150000001,8,17.49819181783216,2026-04-08,684,752.52355,18.81308875,2629.7938643356756,TP1,1,2593.482583767843,0.37430649381163594,50,-0.5462546750760215,Defensive,15,1.3366074048142211,35,1.0057607422098316,100,9.956288892531465,Industrials,2026-03-27,False,70,CAT,6968.682113410692,73.51386526066432,True,True,CAT-2026-03-27,75,SKIP,90,20
0-59,58,2026-03-30,699.9276727132865,34.99638363566432,2026-04-09,685,788.1757150000001,8,17.49819181783216,2026-04-09,685,788.1757150000001,19.704392875000003,4412.40211433568,TP2,2,4375.199529642849,0.6314542483981955,50,-0.5462546750760215,Defensive,15,1.3366074048142211,35,1.0057607422098316,100,9.956288892531465,Industrials,2026-03-27,False,70,CAT,6968.682113410692,73.51386526066432,True,True,CAT-2026-03-27,75,SKIP,90,20
0-59,54,2026-03-30,123.53609150108451,6.176804575054226,2026-05-01,701,132.38377499999999,24,3.088402287527113,2026-04-09,685,128.17588,3.204397,231.98942494577466,TP1,1,225.69662565824754,0.24436378270153117,50,-0.26387736652158655,Defensive,15,1.0372202091422578,35,0.7164099704553579,85,5.356190210499618,Consumer Staples,2026-03-27,False,50,WMT,661.6828039414941,12.690795950054227,True,True,WMT-2026-03-27,75,SKIP,90,20
0-59,54,2026-03-30,123.53609150108451,6.176804575054226,2026-05-01,701,132.38377499999999,24,3.088402287527113,2026-05-01,701,132.38377499999999,3.3095943749999996,442.3841749457736,TP2,2,435.9861782832465,0.4720461877538268,50,-0.26387736652158655,Defensive,15,1.0372202091422578,35,0.7164099704553579,85,5.356190210499618,Consumer Staples,2026-03-27,False,50,WMT,661.6828039414941,12.690795950054227,True,True,WMT-2026-03-27,75,SKIP,90,20
60-74,68,2026-03-30,75.48063736838242,3.774031868419121,2026-05-11,707,78.11633306121827,30,3.774031868419121,2026-05-11,707,78.11633306121827,3.905816653060914,263.5695692835853,TIME,1,255.88972076210524,0.7415723341628934,100,-0.40829143073375745,Defensive,15,1.2531353499629512,35,0.7415723341628934,82,3.390137254846409,Consumer Staples,2026-03-27,False,100,KO,255.88972076210524,7.679848521480035,False,False,KO-2026-03-27,75,WATCH,90,70
0-59,43,2026-03-30,168.32117913588155,8.416058956794076,2026-05-11,707,175.70406568908692,30,8.416058956794076,2026-05-11,707,175.70406568908692,8.785203284454346,738.2886553205367,TIME,1,721.0873930792882,0.5672859971297067,100,-0.14241204853060557,Defensive,15,1.1051680762859308,20,0.5672859971297067,57,4.283996801716628,Real Estate,2026-03-27,False,100,AMT,721.0873930792882,17.201262241248422,False,False,AMT-2026-03-27,25,SKIP,90,20
0-59,57,2026-03-31,277.7227835267245,13.886139176336227,2026-05-12,708,296.93117205810546,30,13.886139176336227,2026-05-12,708,296.93117205810546,14.846558602905274,1920.8388531380933,TIME,1,1892.1061553588518,0.9282864398172349,100,-0.4487883529433645,Defensive,15,2.012478189166248,20,0.9282864398172349,35,6.812930978623795,Industrials,2026-03-30,False,100,GE,1892.1061553588518,28.7326977792415,False,False,GE-2026-03-30,40,SKIP,90,100
60-74,71,2026-03-31,996.0531651551566,49.802658257757834,2026-05-12,708,1021.3690648803711,30,24.901329128878913,2026-04-02,681,1013.77286,25.344321500000003,885.9847422421694,TP1,1,835.7390916132905,0.14185947901665888,50,-0.5338845583735806,Defensive,15,0.6495310224730189,60,0.3481562256451929,98,2.059225946843531,Consumer Staples,2026-03-30,False,25,COST,2051.0985221231235,100.6812063797671,True,False,COST-2026-03-30,100,WATCH,90,85
60-74,71,2026-03-31,996.0531651551566,49.802658257757834,2026-05-12,708,1021.3690648803711,30,24.901329128878913,2026-05-12,708,1021.3690648803711,25.534226622009275,1265.794986260721,TIME,2,1215.359430509833,0.20629674662853398,50,-0.5338845583735806,Defensive,15,0.6495310224730189,60,0.3481562256451929,98,2.059225946843531,Consumer Staples,2026-03-30,False,25,COST,2051.0985221231235,100.6812063797671,True,False,COST-2026-03-30,100,WATCH,90,85
60-74,66,2026-03-31,91.63495085211903,4.581747542605952,2026-05-12,708,93.85526294326782,30,2.290873771302976,2026-04-09,685,93.703125,2.342578125,103.40870739404835,TP1,1,98.77525549774538,0.17467040489084393,50,-0.42239686816618527,Defensive,15,1.1312233481022613,70,0.3627858315221688,94,2.2388139329214884,Utilities,2026-03-30,False,25,NEE,205.15360471029993,9.270707241187647,True,False,NEE-2026-03-30,100,WATCH,90,45
60-74,66,2026-03-31,91.63495085211903,4.581747542605952,2026-05-12,708,93.85526294326782,30,2.290873771302976,2026-05-12,708,93.85526294326782,2.3463815735816955,111.01560455743922,TIME,2,106.37834921255455,0.1881154266313249,50,-0.42239686816618527,Defensive,15,1.1312233481022613,70,0.3627858315221688,94,2.2388139329214884,Utilities,2026-03-30,False,25,NEE,205.15360471029993,9.270707241187647,True,False,NEE-2026-03-30,100,WATCH,90,45
0-59,52,2026-04-08,363.97190354919434,18.198595177459715,2026-05-11,707,438.48065,24,9.099297588729858,2026-05-08,706,416.17181,10.404295249999999,2609.995322540283,TP1,1,2590.491729701553,0.5714500223645675,50,-0.5894723463398273,Defensive,35,1.8792085362236906,20,1.3888381571205826,15,17.29767511450828,Consumer Discretionary,2026-04-07,False,100,TSLA,6295.867738403107,39.56490667745972,True,True,TSLA-2026-04-07,40,SKIP,90,70
0-59,52,2026-04-08,363.97190354919434,18.198595177459715,2026-05-11,707,438.48065,24,9.099297588729858,2026-05-11,707,438.48065,10.962016250000001,3725.437322540284,TP2,2,3705.3760087015544,0.817388134756015,50,-0.5894723463398273,Defensive,35,1.8792085362236906,20,1.3888381571205826,15,17.29767511450828,Consumer Discretionary,2026-04-07,False,100,TSLA,6295.867738403107,39.56490667745972,True,True,TSLA-2026-04-07,40,SKIP,90,70
60-74,62,2026-04-08,310.3832554497133,15.519162772485666,2026-04-21,693,324.6376,10,7.759581386242832,2026-04-08,684,310.50467000000003,7.762616750000001,6.070727514335772,TP1,1,-9.451470621907061,-0.0013972524768464732,50,-0.13576408434667167,Defensive,35,0.6691793079597788,80,0.10161992218384554,40,2.214649867339743,Health Care,2026-04-07,False,25,UNH,687.3902355061851,31.397719522485666,True,True,UNH-2026-04-07,60,WATCH,90,100
60-74,62,2026-04-08,310.3832554497133,15.519162772485666,2026-04-21,693,324.6376,10,7.759581386242832,2026-04-21,693,324.6376,8.11594,712.7172275143351,TP2,2,696.8417061280923,0.10301717466069202,50,-0.13576408434667167,Defensive,35,0.6691793079597788,80,0.10161992218384554,40,2.214649867339743,Health Care,2026-04-07,False,25,UNH,687.3902355061851,31.397719522485666,True,True,UNH-2026-04-07,60,WATCH,90,100
60-74,61,2026-04-08,239.52762431969856,11.976381215984928,2026-04-23,695,222.64862,12,11.976381215984928,2026-04-23,695,222.64862,11.132431,-1687.9004319698565,STOP,1,-1711.0092441858415,-1.020424367556799,100,-1.3569949799128531,Defensive,35,0.44695945699493356,20,-1.020424367556799,76,-7.143264786453816,Industrials,2026-04-07,True,100,HON,-1711.0092441858415,23.108812215984926,False,False,HON-2026-04-07,65,WATCH,90,45
75-89,77,2026-04-09,498.13452146218907,24.906726073109454,2026-05-01,701,518.48063,17,12.453363036554727,2026-04-09,685,501.81896500000005,12.545474125,184.2221768905489,TP1,1,159.22333972899418,0.038455544009703926,50,-0.2819214595003569,Risk-on,90,0.5193222349650176,100,0.27801634874205544,81,2.3108484520488353,Materials,2026-04-08,False,25,LIN,1151.113387832987,50.41421594810946,True,True,LIN-2026-04-08,100,BUY,90,45
75-89,77,2026-04-09,498.13452146218907,24.906726073109454,2026-05-01,701,518.48063,17,12.453363036554727,2026-05-01,701,518.48063,12.96201575,1017.3054268905474,TP2,2,991.8900481039927,0.2395608047323515,50,-0.2819214595003569,Risk-on,90,0.5193222349650176,100,0.27801634874205544,81,2.3108484520488353,Materials,2026-04-08,False,25,LIN,1151.113387832987,50.41421594810946,True,True,LIN-2026-04-08,100,BUY,90,45
60-74,74,2026-04-10,235.4176530532837,11.770882652664184,2026-04-14,688,243.69809,3,5.885441326332092,2026-04-10,686,233.68310000000002,5.8420775,-86.7276526641831,TP1,1,-98.45517149051518,-0.02206147192480938,50,-0.00465286263583203,Risk-on,90,0.3756043277132225,100,0.06802705531175827,46,1.2895752647753032,Consumer Discretionary,2026-04-09,False,25,AMZN,303.58878226896877,23.705412402664187,True,True,AMZN-2026-04-09,70,WATCH,90,100
60-74,74,2026-04-10,235.4176530532837,11.770882652664184,2026-04-14,688,243.69809,3,5.885441326332092,2026-04-14,688,243.69809,6.092452250000001,414.02184733581606,TP2,2,402.04395375948394,0.09008852723656766,50,-0.00465286263583203,Risk-on,90,0.3756043277132225,100,0.06802705531175827,46,1.2895752647753032,Consumer Discretionary,2026-04-09,False,25,AMZN,303.58878226896877,23.705412402664187,True,True,AMZN-2026-04-09,70,WATCH,90,100
75-89,82,2026-04-10,788.1001755049465,39.405008775247325,2026-04-23,695,832.44357,10,19.702504387623662,2026-04-10,686,792.14373,19.803593250000002,202.17772475267566,TP1,1,162.671627115052,0.010191169543602647,50,-0.2285305448708611,Risk-on,90,0.34835635251057745,100,0.14655589438050776,100,2.9683126979781034,Industrials,2026-04-09,False,25,CAT,2339.327758230105,80.01969127524733,True,True,CAT-2026-04-09,100,BUY,90,70
75-89,82,2026-04-10,788.1001755049465,39.405008775247325,2026-04-23,695,832.44357,10,19.702504387623662,2026-04-23,695,832.44357,20.811089250000002,2217.1697247526763,TP2,2,2176.6561311150526,0.1363647248369051,50,-0.2285305448708611,Risk-on,90,0.34835635251057745,100,0.14655589438050776,100,2.9683126979781034,Industrials,2026-04-09,False,25,CAT,2339.327758230105,80.01969127524733,True,True,CAT-2026-04-09,100,BUY,90,70
75-89,78,2026-04-13,369.2604183088666,18.463020915443327,2026-04-15,689,395.85197500000004,3,9.231510457721663,2026-04-13,687,375.762025,9.394050625,325.0803345566709,TP1,1,306.4547734739493,0.031753543176363454,50,-0.0037741645354787026,Risk-on,90,0.2817530770831916,90,0.16753681380006546,72,4.378765548722979,Technology,2026-04-10,False,25,AVGO,1616.9047981979008,37.75337091544333,True,True,AVGO-2026-04-10,100,BUY,90,70
75-89,78,2026-04-13,369.2604183088666,18.463020915443327,2026-04-15,689,395.85197500000004,3,9.231510457721663,2026-04-15,689,395.85197500000004,9.896299375000002,1329.5778345566732,TP2,2,1310.4500247239516,0.13578327062370202,50,-0.0037741645354787026,Risk-on,90,0.2817530770831916,90,0.16753681380006546,72,4.378765548722979,Technology,2026-04-10,False,25,AVGO,1616.9047981979008,37.75337091544333,True,True,AVGO-2026-04-10,100,BUY,90,70
60-74,69,2026-04-14,128.80191292030315,6.440095646015157,2026-05-08,706,122.87853,19,6.440095646015157,2026-05-08,706,122.87853,6.1439265,-592.3382920303154,STOP,1,-604.9223141763306,-1.0319537707241246,100,-1.0968040541532262,Risk-on,90,0.13277910780647975,70,-1.0319537707241246,72,-4.696532065875679,Utilities,2026-04-13,True,50,DUK,-604.9223141763306,12.584022146015158,False,False,DUK-2026-04-13,75,WATCH,90,45
60-74,73,2026-04-15,249.37462499999998,12.46873125,2026-04-24,696,262.438715,8,6.234365624999999,2026-04-17,691,252.05391000000003,6.301347750000001,133.9642500000025,TP1,1,121.4285366250025,0.020617931878333978,50,-0.08786248408505519,Risk-on,90,0.25682097474939386,60,0.12935606655531023,57,3.0549928771822863,Consumer Discretionary,2026-04-14,False,25,AMZN,761.8377031250036,25.331046875,True,True,AMZN-2026-04-14,85,WATCH,90,100
60-74,73,2026-04-15,249.37462499999998,12.46873125,2026-04-24,696,262.438715,8,6.234365624999999,2026-04-24,696,262.438715,6.560967875,653.2045000000011,TP2,2,640.4091665000011,0.10873813467697625,50,-0.08786248408505519,Risk-on,90,0.25682097474939386,60,0.12935606655531023,57,3.0549928771822863,Consumer Discretionary,2026-04-14,False,25,AMZN,761.8377031250036,25.331046875,True,True,AMZN-2026-04-14,85,WATCH,90,100
60-74,71,2026-04-15,238.68726294752994,11.934363147376498,2026-04-21,693,225.15736500000003,5,11.934363147376498,2026-04-21,693,225.15736500000003,11.257868250000001,-1352.9897947529917,STOP,1,-1376.182026150368,-1.0256801491720915,100,-1.138245974453066,Risk-on,90,0.02667958664659335,70,-1.0256801491720915,69,-5.765628249936784,Health Care,2026-04-14,True,25,JNJ,-1376.182026150368,23.1922313973765,False,False,JNJ-2026-04-14,75,WATCH,90,85
60-74,74,2026-04-15,332.8576523420645,16.642882617103226,2026-04-27,697,345.896965,9,8.321441308551613,2026-04-15,689,332.923455,8.323086374999999,3.290132896773912,TP1,1,-13.3543947867777,-0.001861819584320348,50,-0.030046689891687083,Risk-on,90,0.28038709432347375,100,0.08666704574574309,51,1.8675922524311057,Communication Services,2026-04-14,False,25,GOOGL,621.6423726764463,33.61339311710323,True,True,GOOGL-2026-04-14,100,WATCH,90,45
60-74,74,2026-04-15,332.8576523420645,16.642882617103226,2026-04-27,697,345.896965,9,8.321441308551613,2026-04-27,697,345.896965,8.647424125000002,651.9656328967756,TP2,2,634.9967674632239,0.08852886533006343,50,-0.030046689891687083,Risk-on,90,0.28038709432347375,100,0.08666704574574309,51,1.8675922524311057,Communication Services,2026-04-14,False,25,GOOGL,621.6423726764463,33.61339311710323,True,True,GOOGL-2026-04-14,100,WATCH,90,45
60-74,74,2026-04-16,394.57303234053745,19.728651617026873,2026-04-22,694,415.722035,5,9.864325808513437,2026-04-16,690,396.251775,9.906294375,83.93713297312786,TP1,1,64.16651278961442,0.005289769888808545,50,-0.02343712601896818,Risk-on,90,0.2304825607691174,60,0.09079404264085925,82,2.7912684821518594,Technology,2026-04-15,False,25,AVGO,1101.3592690792286,40.02799686702687,True,True,AVGO-2026-04-15,100,WATCH,90,70
60-74,74,2026-04-16,394.57303234053745,19.728651617026873,2026-04-22,694,415.722035,5,9.864325808513437,2026-04-22,694,415.722035,10.393050875,1057.4501329731277,TP2,2,1037.1927562896142,0.08550427275205069,50,-0.02343712601896818,Risk-on,90,0.2304825607691174,60,0.09079404264085925,82,2.7912684821518594,Technology,2026-04-15,False,25,AVGO,1101.3592690792286,40.02799686702687,True,True,AVGO-2026-04-15,100,WATCH,90,70
60-74,66,2026-04-20,420.4499233880704,21.022496169403517,2026-05-29,720,445.26725500000003,29,10.511248084701759,2026-04-22,694,430.434675,10.760866875000001,499.23758059648264,TP1,1,477.9654656367809,0.06182459439748136,50,-0.3013854431896178,Risk-on,90,0.38649712578561435,90,0.2195305650807893,31,4.036602273814845,Technology,2026-04-17,False,25,MSFT,1697.189116773562,42.915044419403515,True,True,MSFT-2026-04-17,60,WATCH,90,85
60-74,66,2026-04-20,420.4499233880704,21.022496169403517,2026-05-29,720,445.26725500000003,29,10.511248084701759,2026-05-29,720,445.26725500000003,11.131681375,1240.866580596483,TP2,2,1219.2236511367812,0.15770597068330797,50,-0.3013854431896178,Risk-on,90,0.38649712578561435,90,0.2195305650807893,31,4.036602273814845,Technology,2026-04-17,False,25,MSFT,1697.189116773562,42.915044419403515,True,True,MSFT-2026-04-17,60,WATCH,90,85
60-74,71,2026-04-20,176.28511920953545,8.814255960476773,2026-05-07,705,196.28181,14,4.4071279802383865,2026-04-21,693,183.76807000000002,4.59420175,374.14753952322855,TP1,1,365.14620979299013,0.06939948350945,50,-0.3138065112646023,Risk-on,90,0.4403862913977162,100,0.2576572278943524,40,7.690192922492859,Technology,2026-04-17,False,25,ORCL,1355.6665760859794,18.31550296047677,True,True,ORCL-2026-04-17,60,WATCH,90,100
60-74,71,2026-04-20,176.28511920953545,8.814255960476773,2026-05-07,705,196.28181,14,4.4071279802383865,2026-05-07,705,196.28181,4.90704525,999.8345395232277,TP2,2,990.5203662929893,0.1882577443849024,50,-0.3138065112646023,Risk-on,90,0.4403862913977162,100,0.2576572278943524,40,7.690192922492859,Technology,2026-04-17,False,25,ORCL,1355.6665760859794,18.31550296047677,True,True,ORCL-2026-04-17,60,WATCH,90,100
60-74,69,2026-04-20,146.45959979952158,7.322979989976079,2026-06-01,721,149.3053148803711,30,7.322979989976079,2026-06-01,721,149.3053148803711,7.465265744018555,284.5715080849516,TIME,1,269.78326235095693,0.2220511513157662,100,-0.28888808185188863,Risk-on,90,1.41736297165424,20,0.2220511513157662,64,1.8420319509287515,Energy,2026-04-17,False,100,XOM,269.78326235095693,14.788245733994634,False,False,XOM-2026-04-17,65,WATCH,90,70
60-74,69,2026-04-20,182.91687487461977,9.145843743730989,2026-06-01,721,185.73708683013916,30,9.145843743730989,2026-06-01,721,185.73708683013916,9.286854341506958,282.02119555193974,TIME,1,263.58849746670177,0.18805083146171142,100,-0.3578763066805219,Risk-on,90,1.1381367377013487,20,0.18805083146171142,66,1.4410288697933327,Energy,2026-04-17,False,100,CVX,263.58849746670177,18.432698085237945,False,False,CVX-2026-04-17,65,WATCH,90,70
75-89,78,2026-04-21,316.22416991735577,15.811208495867788,2026-06-02,722,299.46045487976073,30,7.905604247933894,2026-04-21,693,315.552145,7.888803624999999,-33.60124586778852,TP1,1,-49.395653740722416,-0.010814789591162888,50,-0.5226404236611144,Risk-on,90,0.05647905498985141,100,-0.1976989451311912,58,-2.855485466137492,Financials,2026-04-20,False,25,JPM,-902.973521240402,31.186523492861806,True,False,JPM-2026-04-20,100,BUY,90,70
75-89,78,2026-04-21,316.22416991735577,15.811208495867788,2026-06-02,722,299.46045487976073,30,7.905604247933894,2026-06-02,722,299.46045487976073,7.486511371994019,-838.1857518797517,TIME,2,-853.5778674996795,-0.18688415554002832,50,-0.5226404236611144,Risk-on,90,0.05647905498985141,100,-0.1976989451311912,58,-2.855485466137492,Financials,2026-04-20,False,25,JPM,-902.973521240402,31.186523492861806,True,False,JPM-2026-04-20,100,BUY,90,70
60-74,74,2026-04-22,53.4192772645976,2.6709638632298804,2026-06-03,723,52.103085815429694,30,2.6709638632298804,2026-06-03,723,52.103085815429694,2.605154290771485,-131.619144916791,TIME,1,-136.89526307079234,-0.16376447237915873,100,-0.5232634424782704,Risk-on,90,0.05988176832679665,100,-0.16376447237915873,53,-2.5626565929134446,Financials,2026-04-21,False,25,BAC,-136.89526307079234,5.276118154001365,False,False,BAC-2026-04-21,100,WATCH,90,45
60-74,71,2026-04-22,349.0618115627698,17.45309057813849,2026-05-01,701,370.464675,8,8.726545289069245,2026-04-22,694,355.472175,8.886804375,320.51817186151084,TP1,1,302.9048221974416,0.02829780417344833,50,-0.019557630652671555,Risk-on,90,0.20291590055871836,60,0.12659163854866853,44,3.8820053841702213,Health Care,2026-04-21,False,25,UNH,1355.0598318948837,35.601511828138484,True,True,UNH-2026-04-21,85,WATCH,90,100
60-74,71,2026-04-22,349.0618115627698,17.45309057813849,2026-05-01,701,370.464675,8,8.726545289069245,2026-05-01,701,370.464675,9.261616875,1070.1431718615113,TP2,2,1052.155009697442,0.09829383437522018,50,-0.019557630652671555,Risk-on,90,0.20291590055871836,60,0.12659163854866853,44,3.8820053841702213,Health Care,2026-04-21,False,25,UNH,1355.0598318948837,35.601511828138484,True,True,UNH-2026-04-21,85,WATCH,90,100
60-74,72,2026-04-22,224.99910143112885,11.24995507155644,2026-06-03,723,223.12838549041751,30,11.249955071556439,2026-06-03,723,223.12838549041751,11.156419274520877,-187.07159407113352,TIME,1,-209.47796841721083,-0.2812123990443053,100,-0.7905946024061986,Risk-on,90,1.2289091799180387,20,-0.2812123990443053,51,-0.9310169111112253,Health Care,2026-04-21,False,100,JNJ,-209.47796841721083,22.406374346077317,False,False,JNJ-2026-04-21,65,WATCH,90,100
75-89,76,2026-04-23,421.9334302922578,21.09667151461289,2026-05-14,710,441.1793,16,10.548335757306445,2026-04-23,695,422.318735,10.557968375,19.26523538710967,TP1,1,-1.8410687451967753,-0.00012426770960111786,50,-0.18836591507180814,Risk-on,90,0.13315619970273967,60,0.06337177590370449,99,2.225172339945386,Technology,2026-04-22,False,25,AVGO,938.8745983846069,42.684122389612895,True,True,AVGO-2026-04-22,100,BUY,90,70
75-89,76,2026-04-23,421.9334302922578,21.09667151461289,2026-05-14,710,441.1793,16,10.548335757306445,2026-05-14,710,441.1793,11.0294825,962.2934853871101,TP2,2,940.7156671298037,0.06349604361330562,50,-0.18836591507180814,Risk-on,90,0.13315619970273967,60,0.06337177590370449,99,2.225172339945386,Technology,2026-04-22,False,25,AVGO,938.8745983846069,42.684122389612895,True,True,AVGO-2026-04-22,100,BUY,90,70
75-89,81,2026-04-24,838.1248491735927,41.90624245867963,2026-04-30,700,879.9198200000001,5,20.953121229339814,2026-04-30,700,843.2781500000001,21.08195375,257.66504132037085,TP1,1,215.62996634103104,0.010437335064430698,50,-0.1675522064374461,Risk-on,90,0.2768424148735798,90,0.10951034839358656,100,2.699391854522459,Industrials,2026-04-23,False,25,CAT,2262.4273909320605,84.98619170867963,True,True,CAT-2026-04-23,100,BUY,90,70
75-89,81,2026-04-24,838.1248491735927,41.90624245867963,2026-04-30,700,879.9198200000001,5,20.953121229339814,2026-04-30,700,879.9198200000001,21.997995500000002,2089.7485413203694,TP2,2,2046.7974245910295,0.09907301332915587,50,-0.1675522064374461,Risk-on,90,0.2768424148735798,90,0.10951034839358656,100,2.699391854522459,Industrials,2026-04-23,False,25,CAT,2262.4273909320605,84.98619170867963,True,True,CAT-2026-04-23,100,BUY,90,70
60-74,66,2026-04-24,222.07934118021197,11.103967059010598,2026-06-05,725,224.2926285171509,30,5.551983529505298,2026-05-26,717,246.89649000000003,6.172412250000001,1240.857440989403,TP1,1,1229.1330452098975,0.9499193414032545,50,-0.37212628348905913,Risk-on,90,2.284659266060144,20,1.026820526879903,45,5.982718184201798,Industrials,2026-04-23,False,100,HON,1328.6381128144094,22.88369502193937,True,False,HON-2026-04-23,40,WATCH,90,100
60-74,66,2026-04-24,222.07934118021197,11.103967059010598,2026-06-05,725,224.2926285171509,30,5.551983529505298,2026-06-05,725,224.2926285171509,5.607315712928772,110.66436684694594,TIME,2,99.50506760451188,0.07690118547664859,50,-0.37212628348905913,Risk-on,90,2.284659266060144,20,1.026820526879903,45,5.982718184201798,Industrials,2026-04-23,False,100,HON,1328.6381128144094,22.88369502193937,True,False,HON-2026-04-23,40,WATCH,90,100
75-89,79,2026-04-27,209.5106326120122,10.47553163060061,2026-05-11,707,218.760565,11,5.237765815300305,2026-04-27,697,210.59465,5.26486625,54.20086939939068,TP1,1,43.69823733409038,0.008366400165722003,50,-0.287136805333431,Risk-on,90,0.23990860681701784,90,0.09486541747901925,60,2.3649781904423155,Technology,2026-04-24,False,25,NVDA,495.4880767931814,21.209412005600612,True,True,NVDA-2026-04-24,100,BUY,90,85
75-89,79,2026-04-27,209.5106326120122,10.47553163060061,2026-05-11,707,218.760565,11,5.237765815300305,2026-05-11,707,218.760565,5.469014125000001,462.4966193993913,TP2,2,451.789839459091,0.08649901731329725,50,-0.287136805333431,Risk-on,90,0.23990860681701784,90,0.09486541747901925,60,2.3649781904423155,Technology,2026-04-24,False,25,NVDA,495.4880767931814,21.209412005600612,True,True,NVDA-2026-04-24,100,BUY,90,85
60-74,72,2026-04-27,263.59172145080566,13.179586072540284,2026-05-04,702,274.32277,6,6.589793036270141,2026-04-29,699,264.36775,6.60919375,38.80142745971682,TP1,1,25.602440673446683,0.0035191525592640333,50,-0.10215177923620102,Risk-on,90,0.1719311159003708,60,0.07542185874157298,62,2.0816549276540863,Consumer Discretionary,2026-04-24,False,25,AMZN,548.7070058468929,26.646849072540284,True,True,AMZN-2026-04-24,100,WATCH,90,70
60-74,72,2026-04-27,263.59172145080566,13.179586072540284,2026-05-04,702,274.32277,6,6.589793036270141,2026-05-04,702,274.32277,6.858069249999999,536.5524274597163,TP2,2,523.1045651734462,0.07190270618230894,50,-0.10215177923620102,Risk-on,90,0.1719311159003708,60,0.07542185874157298,62,2.0816549276540863,Consumer Discretionary,2026-04-24,False,25,AMZN,548.7070058468929,26.646849072540284,True,True,AMZN-2026-04-24,100,WATCH,90,70
60-74,69,2026-04-28,937.5785361080636,46.87892680540319,2026-05-21,715,983.3081,18,23.439463402701595,2026-05-13,709,947.3560850000001,23.683902125000007,488.8774445968238,TP1,1,441.75407906912216,0.026110166163206598,50,-0.251336412600843,Risk-on,90,0.3400692112342128,100,0.15841558591483645,44,2.8586513071096165,Financials,2026-04-27,False,25,GS,2680.210107763237,95.1455314304032,True,True,GS-2026-04-27,100,WATCH,90,20
60-74,69,2026-04-28,937.5785361080636,46.87892680540319,2026-05-21,715,983.3081,18,23.439463402701595,2026-05-21,715,983.3081,24.5827025,2286.478194596816,TP2,2,2238.4560286941146,0.13230541975162985,50,-0.251336412600843,Risk-on,90,0.3400692112342128,100,0.15841558591483645,44,2.8586513071096165,Financials,2026-04-27,False,25,GS,2680.210107763237,95.1455314304032,True,True,GS-2026-04-27,100,WATCH,90,20
75-89,76,2026-04-28,348.51609173923424,17.425804586961714,2026-04-30,700,364.90745499999997,3,8.712902293480857,2026-04-29,699,352.79351500000007,8.819837875000001,213.87116303829146,TP1,1,196.3384228698106,0.02265458369353549,50,-0.05205695271431759,Risk-on,90,0.4280056618692716,90,0.11516280210750338,50,2.8637730678627897,Communication Services,2026-04-27,False,25,GOOGL,998.0709972396163,35.36832883696171,True,True,GOOGL-2026-04-27,100,BUY,90,70
75-89,76,2026-04-28,348.51609173923424,17.425804586961714,2026-04-30,700,364.90745499999997,3,8.712902293480857,2026-04-30,700,364.90745499999997,9.122686374999999,819.5681630382865,TP2,2,801.7325743698057,0.09250821841396788,50,-0.05205695271431759,Risk-on,90,0.4280056618692716,90,0.11516280210750338,50,2.8637730678627897,Communication Services,2026-04-27,False,25,GOOGL,998.0709972396163,35.36832883696171,True,True,GOOGL-2026-04-27,100,BUY,90,70
60-74,72,2026-04-30,331.5986216610104,16.57993108305052,2026-06-11,729,318.8904627990723,30,16.57993108305052,2026-06-11,729,318.8904627990723,15.944523139953613,-1270.8158861938102,TIME,1,-1303.3403404168143,-0.2715370348802177,100,-0.4708181376668033,Risk-on,90,0.07440613174159248,90,-0.2715370348802177,47,-3.9304757477225123,Financials,2026-04-29,False,25,V,-1303.3403404168143,32.524454223004135,False,False,V-2026-04-29,70,WATCH,90,100
75-89,81,2026-05-01,895.6269398740097,44.78134699370049,2026-06-04,724,935.7319000000001,24,22.390673496850244,2026-05-01,701,894.8723400000001,22.371808500000004,-37.72999370048069,TP1,1,-82.49247569733093,-0.0036171876963228566,50,-0.22644621158711534,Risk-on,90,0.21683121774879255,60,0.08230276003187066,98,2.0957069021052184,Industrials,2026-04-30,False,25,CAT,1876.9715596053375,90.54645299370048,True,True,CAT-2026-04-30,100,BUY,90,100
75-89,81,2026-05-01,895.6269398740097,44.78134699370049,2026-06-04,724,935.7319000000001,24,22.390673496850244,2026-06-04,724,935.7319000000001,23.393297500000003,2005.2480062995187,TP2,2,1959.4640353026684,0.08591994772819352,50,-0.22644621158711534,Risk-on,90,0.21683121774879255,60,0.08230276003187066,98,2.0957069021052184,Industrials,2026-04-30,False,25,CAT,1876.9715596053375,90.54645299370048,True,True,CAT-2026-04-30,100,BUY,90,100
75-89,78,2026-05-01,381.59290485361475,19.079645242680737,2026-05-08,706,400.689555,6,9.539822621340369,2026-05-01,701,385.41719500000005,9.635429875000002,191.21450731926473,TP1,1,172.03925482292436,0.016377998596161646,50,-0.02636235299842363,Risk-on,90,0.1919893686672587,60,0.10541546829735644,71,2.9018220374685146,Communication Services,2026-04-30,False,25,GOOGL,1107.3147006458455,38.73231399268074,True,True,GOOGL-2026-04-30,100,BUY,90,100
75-89,78,2026-05-01,381.59290485361475,19.079645242680737,2026-05-08,706,400.689555,6,9.539822621340369,2026-05-08,706,400.689555,10.017238874999999,954.8325073192615,TP2,2,935.2754458229211,0.0890374697011948,50,-0.02636235299842363,Risk-on,90,0.1919893686672587,60,0.10541546829735644,71,2.9018220374685146,Communication Services,2026-04-30,False,25,GOOGL,1107.3147006458455,38.73231399268074,True,True,GOOGL-2026-04-30,100,BUY,90,100
75-89,81,2026-05-04,279.54227814476576,13.977113907238287,2026-05-13,709,296.70157500000005,8,6.988556953619144,2026-05-06,704,286.81651999999997,7.170412999999999,363.71209276171044,TP1,1,349.5531228080913,0.08261269261185661,50,-0.11663993059274987,Risk-on,90,0.5052371609448106,100,0.28197769573151193,40,4.268090956257117,Technology,2026-05-01,False,25,AAPL,1193.1118692411865,28.565066282238288,True,True,AAPL-2026-05-01,100,BUY,90,100
75-89,81,2026-05-04,279.54227814476576,13.977113907238287,2026-05-13,709,296.70157500000005,8,6.988556953619144,2026-05-13,709,296.70157500000005,7.417539375000001,857.9648427617144,TP2,2,843.5587464330952,0.19936500311965533,50,-0.11663993059274987,Risk-on,90,0.5052371609448106,100,0.28197769573151193,40,4.268090956257117,Technology,2026-05-01,False,25,AAPL,1193.1118692411865,28.565066282238288,True,True,AAPL-2026-05-01,100,BUY,90,100
60-74,65,2026-05-04,366.64021094538526,18.332010547269263,2026-05-12,708,384.537635,7,9.166005273634632,2026-05-08,706,370.59461,9.26486525,197.71995273073628,TP1,1,179.28908220710167,0.017476236821712714,50,-0.10161509908333435,Risk-on,90,0.2780270575945098,60,0.1028734446555574,100,2.87851906932929,Health Care,2026-05-01,False,25,UNH,1055.380838789205,37.210316672269265,True,True,UNH-2026-05-01,85,WATCH,90,20
60-74,65,2026-05-04,366.64021094538526,18.332010547269263,2026-05-12,708,384.537635,7,9.166005273634632,2026-05-12,708,384.537635,9.613440875,894.871202730738,TP2,2,876.0917565821034,0.08539720783384469,50,-0.10161509908333435,Risk-on,90,0.2780270575945098,60,0.1028734446555574,100,2.87851906932929,Health Care,2026-05-01,False,25,UNH,1055.380838789205,37.210316672269265,True,True,UNH-2026-05-01,85,WATCH,90,20
60-74,69,2026-05-04,130.22668684289434,6.511334342144717,2026-05-28,719,117.58118,18,3.2556671710723584,2026-05-15,711,133.05344000000002,3.326336000000001,141.33765785528425,TP1,1,134.7556546842119,0.1070620540307528,50,-1.0246290523324122,Risk-on,90,0.39194721222448475,100,-0.40019656516356683,44,-3.867985098471096,Consumer Staples,2026-05-01,True,25,WMT,-503.71488413157726,12.777199842144718,True,False,WMT-2026-05-01,100,WATCH,90,20
60-74,69,2026-05-04,130.22668684289434,6.511334342144717,2026-05-28,719,117.58118,18,3.2556671710723584,2026-05-28,719,117.58118,2.9395295000000004,-632.2753421447168,STOP,2,-638.4705388157892,-0.5072586191943196,50,-1.0246290523324122,Risk-on,90,0.39194721222448475,100,-0.40019656516356683,44,-3.867985098471096,Consumer Staples,2026-05-01,True,25,WMT,-503.71488413157726,12.777199842144718,True,False,WMT-2026-05-01,100,WATCH,90,20
75-89,80,2026-05-04,502.24357980607823,25.11217899030391,2026-06-15,731,521.2192404785156,30,12.556089495151955,2026-06-10,728,519.38018,12.984504499999998,856.8300096960883,TP1,1,831.2894157009364,0.25104184463570056,50,-0.4501068424111801,Risk-on,90,0.7134962589207124,100,0.5298387818805516,58,3.493296777418476,Materials,2026-05-01,False,25,LIN,1754.485878815692,51.1271645022668,True,False,LIN-2026-05-01,100,BUY,90,85
75-89,80,2026-05-04,502.24357980607823,25.11217899030391,2026-06-15,731,521.2192404785156,30,12.556089495151955,2026-06-15,731,521.2192404785156,13.030481011962891,948.7830336218707,TIME,2,923.1964631147558,0.278796937244851,50,-0.4501068424111801,Risk-on,90,0.7134962589207124,100,0.5298387818805516,58,3.493296777418476,Materials,2026-05-01,False,25,LIN,1754.485878815692,51.1271645022668,True,False,LIN-2026-05-01,100,BUY,90,85
60-74,72,2026-05-05,276.2180265655517,13.810901328277588,2026-06-16,732,245.877,30,6.905450664138794,2026-05-05,703,275.96195000000006,6.899048750000002,-12.803828277583307,TP1,1,-26.608327691722103,-0.003477393352392222,50,-0.5570978779901274,Risk-on,90,0.030606787683366315,60,-0.20344382905639063,100,-5.635808969419342,Consumer Discretionary,2026-05-04,False,25,AMZN,-1556.7120316334465,26.85687507827759,True,False,AMZN-2026-05-04,100,WATCH,90,45
60-74,72,2026-05-05,276.2180265655517,13.810901328277588,2026-06-16,732,245.877,30,6.905450664138794,2026-06-16,732,245.877,6.146925,-1517.0513282775858,TIME,2,-1530.1037039417245,-0.1999664357039984,50,-0.5570978779901274,Risk-on,90,0.030606787683366315,60,-0.20344382905639063,100,-5.635808969419342,Consumer Discretionary,2026-05-04,False,25,AMZN,-1556.7120316334465,26.85687507827759,True,False,AMZN-2026-05-04,100,WATCH,90,45
0-59,58,2026-05-05,311.2322700466217,15.561613502331085,2026-05-13,709,297.32126500000004,7,15.561613502331083,2026-05-13,709,297.32126500000004,14.866063250000003,-1391.1005046621653,STOP,1,-1421.5281814144964,-1.0329169363766775,100,-1.0310997446203929,Risk-on,90,1.0041683310002971,20,-1.0329169363766775,5,-4.567418992900561,Consumer Discretionary,2026-05-04,True,100,HD,-1421.5281814144964,30.427676752331088,False,False,HD-2026-05-04,25,SKIP,90,100
60-74,73,2026-05-08,192.0083048506765,9.600415242533826,2026-05-29,720,212.703595,15,4.800207621266913,2026-05-14,710,199.36027,4.984006750000001,367.59825746617594,TP1,1,357.81404309490904,0.051835843842455646,50,-0.20032623290297277,Risk-on,90,0.4852670187822246,100,0.20027447523959716,86,7.200004990096379,Technology,2026-05-07,False,25,ORCL,1382.4607530648175,19.90201186753383,True,True,ORCL-2026-05-07,85,WATCH,90,45
60-74,73,2026-05-08,192.0083048506765,9.600415242533826,2026-05-29,720,212.703595,15,4.800207621266913,2026-05-29,720,212.703595,5.317589875,1034.7645074661755,TP2,2,1024.6467099699084,0.14843863139714153,50,-0.20032623290297277,Risk-on,90,0.4852670187822246,100,0.20027447523959716,86,7.200004990096379,Technology,2026-05-07,False,25,ORCL,1382.4607530648175,19.90201186753383,True,True,ORCL-2026-05-07,85,WATCH,90,45
0-59,58,2026-05-11,123.52484715309281,6.176242357654641,2026-06-23,736,124.98747805023193,30,6.176242357654641,2026-06-23,736,124.98747805023193,6.249373902511596,146.2630897139121,TIME,1,133.83747345374587,0.34991587401217783,100,-0.9843125401280515,Risk-on,90,0.9007298670286829,20,0.34991587401217783,31,1.0834862502430131,Utilities,2026-05-08,False,100,DUK,133.83747345374587,12.425616260166237,False,False,DUK-2026-05-08,50,SKIP,90,45
60-74,70,2026-05-11,143.34183277199475,7.167091638599738,2026-06-15,731,148.66563000000002,25,3.583545819299869,2026-05-22,716,144.317805,3.6079451249999996,48.79861140026236,TP1,1,41.60712045596249,0.032248999960902164,50,-0.5511271210770586,Risk-on,90,0.4461430427841533,80,0.23291016136807882,46,2.096364958336403,Real Estate,2026-05-08,False,25,PLD,300.49679528692644,14.491677513599738,True,True,PLD-2026-05-08,100,WATCH,90,45
60-74,70,2026-05-11,143.34183277199475,7.167091638599738,2026-06-15,731,148.66563000000002,25,3.583545819299869,2026-06-15,731,148.66563000000002,3.7166407500000003,266.1898614002638,TP2,2,258.88967483096394,0.20066116140717666,50,-0.5511271210770586,Risk-on,90,0.4461430427841533,80,0.23291016136807882,46,2.096364958336403,Real Estate,2026-05-08,False,25,PLD,300.49679528692644,14.491677513599738,True,True,PLD-2026-05-08,100,WATCH,90,45
0-59,51,2026-05-11,604.3122209381901,30.215611046909505,2026-06-10,728,573.842935,22,30.2156110469095,2026-06-10,728,573.842935,28.692146750000003,-3046.928593819007,STOP,1,-3105.8363516159166,-1.0290284329891868,100,-1.1344619101601383,Risk-on,90,1.2620801857720578,20,-1.0290284329891868,21,-5.139456466384429,Communication Services,2026-05-08,True,100,META,-3105.8363516159166,58.90775779690951,False,False,META-2026-05-08,25,SKIP,90,45
60-74,68,2026-05-11,393.6117161166952,19.680585805834763,2026-06-23,736,345.9569398803711,30,9.840292902917382,2026-05-13,709,401.55912,10.038978000000002,397.37019416523935,TP1,1,377.490923262322,0.04187284940573796,50,-0.5924646386157105,Risk-on,90,0.16366149680088393,60,-0.22448126249024702,92,-5.141455454933222,Communication Services,2026-05-08,False,25,GOOGL,-2023.7371049538099,38.368487302844045,True,False,GOOGL-2026-05-08,100,WATCH,90,20
60-74,68,2026-05-11,393.6117161166952,19.680585805834763,2026-06-23,736,345.9569398803711,30,9.840292902917382,2026-06-23,736,345.9569398803711,8.648923497009278,-2382.738811816205,TIME,2,-2401.228028216132,-0.266354111895985,50,-0.5924646386157105,Risk-on,90,0.16366149680088393,60,-0.22448126249024702,92,-5.141455454933222,Communication Services,2026-05-08,False,25,GOOGL,-2023.7371049538099,38.368487302844045,True,False,GOOGL-2026-05-08,100,WATCH,90,20
75-89,80,2026-05-12,218.40472782820797,10.920236391410398,2026-05-14,710,232.053915,3,5.460118195705199,2026-05-12,708,221.92898,5.5482245,176.21260858960142,TP1,1,165.2042658938962,0.04551742795147808,50,-0.10290549230972607,Risk-on,90,0.492079867371227,100,0.23044728765337308,73,3.82959731105586,Technology,2026-05-11,False,25,NVDA,836.4021584127922,22.2698087664104,True,True,NVDA-2026-05-11,100,BUY,90,70
75-89,80,2026-05-12,218.40472782820797,10.920236391410398,2026-05-14,710,232.053915,3,5.460118195705199,2026-05-14,710,232.053915,5.801347874999999,682.4593585896012,TP2,2,671.197892518896,0.18492985970189496,50,-0.10290549230972607,Risk-on,90,0.492079867371227,100,0.23044728765337308,73,3.82959731105586,Technology,2026-05-11,False,25,NVDA,836.4021584127922,22.2698087664104,True,True,NVDA-2026-05-11,100,BUY,90,70
75-89,78,2026-05-12,441.6307086639404,22.081535433197022,2026-06-24,737,375.34223377990725,30,11.040767716598511,2026-05-13,709,448.93542,11.223385500000001,365.23556680297986,TP1,1,342.97141358638135,0.032017283853335285,50,-0.6402190736631838,Risk-on,90,0.10986937427259377,90,-0.27929955761985314,46,-6.77461189967441,Consumer Discretionary,2026-05-11,False,25,TSLA,-2991.8766541763734,42.6884767776947,True,False,TSLA-2026-05-11,100,BUY,90,85
75-89,78,2026-05-12,441.6307086639404,22.081535433197022,2026-06-24,737,375.34223377990725,30,11.040767716598511,2026-06-24,737,375.34223377990725,9.38355584449768,-3314.423744201659,TIME,2,-3334.848067762755,-0.31131684147318844,50,-0.6402190736631838,Risk-on,90,0.10986937427259377,90,-0.27929955761985314,46,-6.77461189967441,Consumer Discretionary,2026-05-11,False,25,TSLA,-2991.8766541763734,42.6884767776947,True,False,TSLA-2026-05-11,100,BUY,90,85
60-74,67,2026-05-12,973.2518511620534,48.66259255810267,2026-05-21,715,1041.53897,8,24.331296279051333,2026-05-12,708,994.28261,24.857065249999998,1051.5379418973282,TP1,1,1002.349580368277,0.061267618504842844,50,-0.022865207722829607,Risk-on,90,0.45261222376221294,100,0.2668879184876428,18,4.486336960493007,Health Care,2026-05-11,False,25,LLY,4366.335751736558,99.55813205810267,True,True,LLY-2026-05-11,85,WATCH,90,45
60-74,67,2026-05-12,973.2518511620534,48.66259255810267,2026-05-21,715,1041.53897,8,24.331296279051333,2026-05-21,715,1041.53897,26.038474250000004,3414.3559418973327,TP2,2,3363.9861713682812,0.20562029998279993,50,-0.022865207722829607,Risk-on,90,0.45261222376221294,100,0.2668879184876428,18,4.486336960493007,Health Care,2026-05-11,False,25,LLY,4366.335751736558,99.55813205810267,True,True,LLY-2026-05-11,85,WATCH,90,45
60-74,68,2026-05-12,78.53247196190316,3.9266235980951576,2026-05-19,713,81.65915000000001,6,1.9633117990475788,2026-05-12,708,79.76010000000001,1.9940025000000001,61.38140190484265,TP1,1,57.424087605795066,0.09487708157468029,50,-0.12468114261728253,Risk-on,90,0.5943488259976181,100,0.3465579027575289,34,2.6709104364286853,Consumer Staples,2026-05-11,False,25,KO,209.75319896159027,7.962104848095158,True,True,KO-2026-05-11,100,WATCH,90,20
60-74,68,2026-05-12,78.53247196190316,3.9266235980951576,2026-05-19,713,81.65915000000001,6,1.9633117990475788,2026-05-19,713,81.65915000000001,2.04147875,156.33390190484278,TP2,2,152.3291113557952,0.25168082118284857,50,-0.12468114261728253,Risk-on,90,0.5943488259976181,100,0.3465579027575289,34,2.6709104364286853,Consumer Staples,2026-05-11,False,25,KO,209.75319896159027,7.962104848095158,True,True,KO-2026-05-11,100,WATCH,90,20
0-59,52,2026-05-12,173.0256511335758,8.651282556678789,2026-05-15,711,166.386765,4,8.651282556678789,2026-05-15,711,166.386765,8.319338250000001,-663.8886133575795,STOP,1,-680.8592341642583,-1.0385836895394436,100,-1.104116740853288,Risk-on,90,0.8813087559056352,55,-1.0385836895394436,19,-3.9350190547101893,Real Estate,2026-05-11,True,50,AMT,-680.8592341642583,16.970620806678788,False,False,AMT-2026-05-11,40,SKIP,90,45
75-89,76,2026-05-13,394.44539017454724,19.72226950872736,2026-06-09,727,409.11534,19,9.86113475436368,2026-05-13,709,394.96242000000007,9.8740605,25.85149127264117,TP1,1,6.116296018277488,0.000631422224930513,50,-0.22560612975736333,Risk-on,90,0.16733718131365224,60,0.07428089307646407,100,1.824142928171002,Health Care,2026-05-12,False,25,UNH,719.5247690365519,39.82421350872736,True,True,UNH-2026-05-12,100,BUY,90,70
75-89,76,2026-05-13,394.44539017454724,19.72226950872736,2026-06-09,727,409.11534,19,9.86113475436368,2026-06-09,727,409.11534,10.227883499999999,733.4974912726381,TP2,2,713.4084730182744,0.07364947085153356,50,-0.22560612975736333,Risk-on,90,0.16733718131365224,60,0.07428089307646407,100,1.824142928171002,Health Care,2026-05-12,False,25,UNH,719.5247690365519,39.82421350872736,True,True,UNH-2026-05-12,100,BUY,90,70
0-59,56,2026-05-13,295.7493204312763,14.787466021563818,2026-06-12,730,333.783025,22,7.39373301078191,2026-05-27,718,318.02091,7.950522750000001,1113.579478436185,TP1,1,1098.235222675403,0.2724519319415948,50,-0.3669013321452561,Risk-on,90,1.0094755339452173,70,0.740320628218866,15,10.090241756512317,Industrials,2026-05-12,False,25,GE,2984.1821424758054,31.082564396563818,True,True,GE-2026-05-12,75,SKIP,90,20
0-59,56,2026-05-13,295.7493204312763,14.787466021563818,2026-06-12,730,333.783025,22,7.39373301078191,2026-06-12,730,333.783025,8.344575625,1901.6852284361846,TP2,2,1885.9469198004026,0.4678686962772713,50,-0.3669013321452561,Risk-on,90,1.0094755339452173,70,0.740320628218866,15,10.090241756512317,Industrials,2026-05-12,False,25,GE,2984.1821424758054,31.082564396563818,True,True,GE-2026-05-12,75,SKIP,90,20
75-89,78,2026-05-13,1018.4489724426269,50.92244862213134,2026-05-18,712,1059.6699,4,25.46122431106567,2026-05-13,709,1030.754365,25.768859125,615.2696278686562,TP1,1,564.0395444325907,0.0745502517709064,50,-0.006727159843554445,Risk-on,90,0.8112849227314914,100,0.34009620636090754,35,2.5265212299432513,Consumer Staples,2026-05-12,False,25,COST,2573.132950490186,103.18305524713134,True,True,COST-2026-05-12,100,BUY,90,85
75-89,78,2026-05-13,1018.4489724426269,50.92244862213134,2026-05-18,712,1059.6699,4,25.46122431106567,2026-05-18,712,1059.6699,26.491747500000002,2061.046377868661,TP2,2,2009.093406057595,0.2655459545900011,50,-0.006727159843554445,Risk-on,90,0.8112849227314914,100,0.34009620636090754,35,2.5265212299432513,Consumer Staples,2026-05-12,False,25,COST,2573.132950490186,103.18305524713134,True,True,COST-2026-05-12,100,BUY,90,85
60-74,64,2026-05-13,93.46248539388141,4.673124269694071,2026-05-18,712,86.47674,4,4.673124269694071,2026-05-18,712,86.47674,4.323837,-698.5745393881402,STOP,1,-707.5715006578343,-1.0191904779251462,100,-1.0748880902922842,Risk-on,90,0.22492171819137785,70,-1.0191904779251462,39,-7.570647171171376,Utilities,2026-05-12,True,25,NEE,-707.5715006578343,8.996961269694072,False,False,NEE-2026-05-12,100,WATCH,90,20
60-74,72,2026-05-14,299.96991732788086,14.998495866394043,2026-05-22,716,310.20482000000004,7,7.499247933197022,2026-05-15,711,300.76954,7.519238500000001,39.9811336059571,TP1,1,24.96264717276007,0.005332768908329571,50,-0.10809490711827661,Risk-on,90,0.24418066130177807,60,0.11139806308415214,59,1.738352355431526,Technology,2026-05-13,False,25,AAPL,521.4534123455219,30.272854866394045,True,True,AAPL-2026-05-13,100,WATCH,90,70
60-74,72,2026-05-14,299.96991732788086,14.998495866394043,2026-05-22,716,310.20482000000004,7,7.499247933197022,2026-05-22,716,310.20482000000004,7.755120500000001,511.7451336059588,TP2,2,496.4907651727618,0.10606529417582257,50,-0.10809490711827661,Risk-on,90,0.24418066130177807,60,0.11139806308415214,59,1.738352355431526,Technology,2026-05-13,False,25,AAPL,521.4534123455219,30.272854866394045,True,True,AAPL-2026-05-13,100,WATCH,90,70
0-59,55,2026-05-14,302.94026759578776,15.147013379789389,2026-06-26,739,348.68555535888675,30,15.147013379789389,2026-06-26,739,348.68555535888675,17.434277767944337,4574.528776309899,TIME,1,4541.947485162165,2.826304825411043,100,-0.9951648091782853,Risk-on,90,2.959486027269286,20,2.826304825411043,0,14.992881339969207,Consumer Discretionary,2026-05-13,False,100,HD,4541.947485162165,32.58129114773372,False,False,HD-2026-05-13,25,SKIP,90,85
60-74,74,2026-05-15,229.60727352718519,11.480363676359259,2026-06-29,740,194.8725162200928,30,11.480363676359259,2026-06-29,740,194.8725162200928,9.743625811004641,-3473.4757307092395,TIME,1,-3494.6997201966033,-0.792857506951106,100,-0.9031246102569335,Risk-on,90,0.054502301255369576,60,-0.792857506951106,82,-15.220335429760834,Technology,2026-05-14,False,25,NVDA,-3494.6997201966033,21.2239894873639,False,False,NVDA-2026-05-14,100,WATCH,90,70
75-89,79,2026-05-15,432.3421446666708,21.61710723333354,2026-06-02,722,467.70603,12,10.80855361666677,2026-05-29,720,441.43917000000005,11.03597925,454.8512666664635,TP1,1,433.00673379979673,0.07483420054583864,50,-0.4687605916319793,Risk-on,90,0.9627270305273217,80,0.37653284520484537,95,5.039295435283866,Technology,2026-05-14,False,25,AVGO,2178.699796099591,44.345737233333544,True,True,AVGO-2026-05-14,100,BUY,90,70
75-89,79,2026-05-15,432.3421446666708,21.61710723333354,2026-06-02,722,467.70603,12,10.80855361666677,2026-06-02,722,467.70603,11.69265075,1768.194266666461,TP2,2,1745.6930622997943,0.30169864465900675,50,-0.4687605916319793,Risk-on,90,0.9627270305273217,80,0.37653284520484537,95,5.039295435283866,Technology,2026-05-14,False,25,AVGO,2178.699796099591,44.345737233333544,True,True,AVGO-2026-05-14,100,BUY,90,70
0-59,59,2026-05-18,169.35880223502815,8.467940111751407,2026-06-04,724,188.88551,13,4.233970055875703,2026-05-19,713,182.278815,4.556970375,646.0006382485928,TP1,1,637.2096978177171,0.7018653797295117,50,-0.03768924876527474,Risk-on,90,2.6179312621593795,20,1.7674016205238547,19,9.474494133665763,Real Estate,2026-05-15,False,100,AMT,1604.5889782604345,17.747048236751407,True,True,AMT-2026-05-15,25,SKIP,90,100
0-59,59,2026-05-18,169.35880223502815,8.467940111751407,2026-06-04,724,188.88551,13,4.233970055875703,2026-06-04,724,188.88551,4.72213775,976.3353882485931,TP2,2,967.3792804427173,1.065536240794343,50,-0.03768924876527474,Risk-on,90,2.6179312621593795,20,1.7674016205238547,19,9.474494133665763,Real Estate,2026-05-15,False,100,AMT,1604.5889782604345,17.747048236751407,True,True,AMT-2026-05-15,25,SKIP,90,100
75-89,78,2026-05-19,1077.5384999999999,53.876925,2026-05-29,720,957.690915,8,26.9384625,2026-05-19,713,1079.290085,26.982252125000006,87.57925000001023,TP1,1,33.65853537501023,0.0028197167070885746,50,-1.1065606738207208,Risk-on,90,0.158848439915054,90,-0.5034495239531356,52,-5.577157057497234,Consumer Staples,2026-05-18,True,25,COST,-6009.601449999983,104.80145,True,False,COST-2026-05-18,100,BUY,90,85
75-89,78,2026-05-19,1077.5384999999999,53.876925,2026-05-29,720,957.690915,8,26.9384625,2026-05-29,720,957.690915,23.942272874999997,-5992.379249999994,STOP,2,-6043.259985374993,-0.5062692406602242,50,-1.1065606738207208,Risk-on,90,0.158848439915054,90,-0.5034495239531356,52,-5.577157057497234,Consumer Staples,2026-05-18,True,25,COST,-6009.601449999983,104.80145,True,False,COST-2026-05-18,100,BUY,90,85
60-74,70,2026-05-19,88.3473734280582,4.41736867140291,2026-07-01,742,86.32681774520874,30,4.41736867140291,2026-07-01,742,86.32681774520874,4.316340887260437,-202.05556828494622,TIME,1,-210.78927784360954,-0.38413510690888164,100,-0.9813499800596229,Risk-on,90,0.3067409571858888,20,-0.38413510690888164,24,-2.3859144835274195,Utilities,2026-05-18,False,100,NEE,-210.78927784360954,8.733709558663346,False,False,NEE-2026-05-18,65,WATCH,90,100
75-89,75,2026-05-20,81.68371010359301,4.084185505179651,2026-07-02,743,83.97799,30,2.0420927525898254,2026-06-10,728,82.088935,2.052223375,20.26124482034959,TP1,1,16.166928692759765,0.01760391879795362,50,-0.5843432059855278,Risk-on,90,0.2674615442286696,90,0.13800455325885586,40,1.5515869792126962,Consumer Staples,2026-05-19,False,25,KO,126.73938101051948,8.235858630179651,True,True,KO-2026-05-19,100,BUY,90,70
75-89,75,2026-05-20,81.68371010359301,4.084185505179651,2026-07-02,743,83.97799,30,2.0420927525898254,2026-07-02,743,83.97799,2.0994497500000002,114.71399482034954,TP2,2,110.57245231775971,0.12040063446090224,50,-0.5843432059855278,Risk-on,90,0.2674615442286696,90,0.13800455325885586,40,1.5515869792126962,Consumer Staples,2026-05-19,False,25,KO,126.73938101051948,8.235858630179651,True,True,KO-2026-05-19,100,BUY,90,70
75-89,79,2026-05-22,990.7608170171289,49.538040850856454,2026-06-01,721,1033.52298,6,24.769020425428224,2026-05-22,716,994.6124450000001,24.865311125000005,192.58139914355752,TP1,1,142.9470675931293,0.011155467158760287,50,-0.1608890727430953,Risk-on,90,0.47166184484891327,100,0.17406226788089713,48,2.251247812288776,Financials,2026-05-21,False,25,GS,2230.448121811252,100.24142647585646,True,True,GS-2026-05-21,100,BUY,90,85
75-89,79,2026-05-22,990.7608170171289,49.538040850856454,2026-06-01,721,1033.52298,6,24.769020425428224,2026-06-01,721,1033.52298,25.8380745,2138.1081491435507,TP2,2,2087.5010542181226,0.16290680072213684,50,-0.1608890727430953,Risk-on,90,0.47166184484891327,100,0.17406226788089713,48,2.251247812288776,Financials,2026-05-21,False,25,GS,2230.448121811252,100.24142647585646,True,True,GS-2026-05-21,100,BUY,90,85
60-74,69,2026-05-22,1050.3349636230469,52.516748181152344,2026-05-27,718,1092.203625,3,26.258374090576172,2026-05-22,716,1046.77635,26.169408750000002,-177.93068115233837,TP1,1,-230.35846399291455,-0.009632184107874203,50,-0.013652308463606218,Risk-on,90,0.17839912553185072,100,0.07566270474700665,38,1.7227943492401765,Health Care,2026-05-21,False,25,LLY,1809.5111401391714,105.99124755615236,True,True,LLY-2026-05-21,100,WATCH,90,20
60-74,69,2026-05-22,1050.3349636230469,52.516748181152344,2026-05-27,718,1092.203625,3,26.258374090576172,2026-05-27,718,1092.203625,27.305090625000005,2093.433068847662,TP2,2,2039.869604132086,0.08529488885488086,50,-0.013652308463606218,Risk-on,90,0.17839912553185072,100,0.07566270474700665,38,1.7227943492401765,Health Care,2026-05-21,False,25,LLY,1809.5111401391714,105.99124755615236,True,True,LLY-2026-05-21,100,WATCH,90,20
60-74,69,2026-05-26,309.71477755737305,15.485738877868652,2026-07-08,746,313.2333196411133,30,7.742869438934326,2026-05-26,717,311.2443,7.7811075,76.47612213134778,TP1,1,60.95214519241346,0.011653265349528569,50,-0.6876002391545083,Risk-on,90,0.1469314410271876,60,0.042310771077597106,66,0.7145462954491062,Technology,2026-05-22,False,25,AAPL,221.30554694946488,31.097679368896486,True,False,AAPL-2026-05-22,100,WATCH,90,45
60-74,69,2026-05-26,309.71477755737305,15.485738877868652,2026-07-08,746,313.2333196411133,30,7.742869438934326,2026-07-08,746,313.2333196411133,7.830832991027833,175.92710418701358,TIME,2,160.35340175705142,0.030657505728068534,50,-0.6876002391545083,Risk-on,90,0.1469314410271876,60,0.042310771077597106,66,0.7145462954491062,Technology,2026-05-22,False,25,AAPL,221.30554694946488,31.097679368896486,True,False,AAPL-2026-05-22,100,WATCH,90,45
60-74,68,2026-05-28,1097.1883346557618,54.859416732788084,2026-05-28,719,1136.65139,1,27.429708366394042,2026-05-28,719,1092.4535,27.3113375,-236.7417327880844,TP1,1,-291.4827786544784,-0.010227884555575278,50,-0.018170304747356338,Risk-on,90,0.18215356426037566,90,0.05704879104630289,44,1.4818094069065495,Health Care,2026-05-27,False,25,LLY,1625.823995441039,110.58703898278807,True,True,LLY-2026-05-27,100,WATCH,90,20
60-74,68,2026-05-28,1097.1883346557618,54.859416732788084,2026-05-28,719,1136.65139,1,27.429708366394042,2026-05-28,719,1136.65139,28.41628475,1973.1527672119114,TP2,2,1917.3067740955173,0.06727667560187817,50,-0.018170304747356338,Risk-on,90,0.18215356426037566,90,0.05704879104630289,44,1.4818094069065495,Health Care,2026-05-27,False,25,LLY,1625.823995441039,110.58703898278807,True,True,LLY-2026-05-27,100,WATCH,90,20
60-74,74,2026-05-29,1127.5635,56.378175,2026-06-26,739,1196.6513750000001,20,28.1890875,2026-06-05,725,1148.5254499999999,28.713136249999994,1048.0974999999944,TP1,1,991.1952762499943,0.03638301736937617,50,-0.27681425223380196,Risk-on,90,0.32373592001580215,60,0.16104787606425064,54,3.8911189076047625,Health Care,2026-05-28,False,25,LLY,4387.4836543750025,115.007595625,True,True,LLY-2026-05-28,100,WATCH,90,85
60-74,74,2026-05-29,1127.5635,56.378175,2026-06-26,739,1196.6513750000001,20,28.1890875,2026-06-26,739,1196.6513750000001,29.916284375,3454.3937500000084,TP2,2,3396.2883781250084,0.12466485869487448,50,-0.27681425223380196,Risk-on,90,0.32373592001580215,60,0.16104787606425064,54,3.8911189076047625,Health Care,2026-05-28,False,25,LLY,4387.4836543750025,115.007595625,True,True,LLY-2026-05-28,100,WATCH,90,85
60-74,61,2026-05-29,118.16905561065673,5.908452780532836,2026-06-02,722,113.44325,3,5.908452780532837,2026-06-02,722,113.44325,5.6721625,-472.5805610656721,STOP,1,-484.16117634620497,-1.0369573993531964,100,-1.164914858008749,Risk-on,90,0.19510288511423765,20,-1.0369573993531964,16,-4.0971908749226085,Consumer Staples,2026-05-28,True,100,WMT,-484.16117634620497,11.580615280532836,False,False,WMT-2026-05-28,50,WATCH,90,70
75-89,76,2026-06-01,465.0724163360595,23.25362081680298,2026-06-11,729,385.137335,9,11.62681040840149,2026-06-01,721,450.10483500000004,11.252620875,-748.3790668029741,TP1,1,-771.2584980863757,-0.09671872681109268,50,-1.0166787020146837,Risk-on,90,0.015645261900535286,90,-0.6005922605215871,47,-10.297896930554673,Technology,2026-05-29,True,25,MSFT,-4789.267808672753,44.13467506680298,True,False,MSFT-2026-05-29,85,BUY,90,100
75-89,76,2026-06-01,465.0724163360595,23.25362081680298,2026-06-11,729,385.137335,9,11.62681040840149,2026-06-11,729,385.137335,9.628433375,-3996.7540668029756,STOP,2,-4018.009310586377,-0.5038735337104944,50,-1.0166787020146837,Risk-on,90,0.015645261900535286,90,-0.6005922605215871,47,-10.297896930554673,Technology,2026-05-29,True,25,MSFT,-4789.267808672753,44.13467506680298,True,False,MSFT-2026-05-29,85,BUY,90,100
75-89,77,2026-06-01,229.81573503394995,11.490786751697497,2026-06-01,721,239.730075,1,5.7453933758487485,2026-06-01,721,225.397245,5.634931125,-220.92450169749753,TP1,1,-232.3048261983463,-0.03048790409264246,50,-0.07867093579868104,Risk-on,90,0.25679493354807287,60,0.03302987060117883,100,1.09511007510486,Technology,2026-05-29,False,25,ORCL,251.67352685330752,23.1189697516975,True,True,ORCL-2026-05-29,85,BUY,90,100
75-89,77,2026-06-01,229.81573503394995,11.490786751697497,2026-06-01,721,239.730075,1,5.7453933758487485,2026-06-01,721,239.730075,5.993251875,495.71699830250253,TP2,2,483.9783530516538,0.06351777469382129,50,-0.07867093579868104,Risk-on,90,0.25679493354807287,60,0.03302987060117883,100,1.09511007510486,Technology,2026-05-29,False,25,ORCL,251.67352685330752,23.1189697516975,True,True,ORCL-2026-05-29,85,BUY,90,100
60-74,67,2026-06-01,955.4775,47.773875,2026-07-09,747,914.8823300000001,27,47.773875,2026-07-09,747,914.8823300000001,45.744116500000004,-4059.5169999999825,STOP,1,-4153.034991499982,-1.0347019598878828,100,-1.1908441563181262,Risk-on,90,1.0447206015454713,20,-1.0347019598878828,22,-4.346554462559278,Consumer Staples,2026-05-29,True,100,COST,-4153.034991499982,93.5179915,False,False,COST-2026-05-29,55,WATCH,90,100
75-89,77,2026-06-02,242.07922231744726,12.103961115872364,2026-06-24,737,160.19986,16,12.103961115872364,2026-06-24,737,160.19986,8.009993000000001,-8187.936231744726,STOP,1,-8208.050185860599,-1.0034386578892784,100,-1.0668536751060889,Risk-on,90,0.07405355423115684,60,-1.0034386578892784,100,-33.906462964000625,Technology,2026-06-01,True,25,ORCL,-8208.050185860599,20.113954115872367,False,False,ORCL-2026-06-01,85,BUY,90,100
75-89,76,2026-06-02,1050.2648602294921,52.51324301147461,2026-06-04,724,1090.784335,3,26.256621505737304,2026-06-02,722,1050.6744,26.266860000000005,20.47698852539952,TP1,1,-32.04649298033779,-0.0016987737138108227,50,-0.10206930864929484,Risk-on,90,0.2419104561293313,60,0.1028599991170587,80,1.8475349306081967,Financials,2026-06-01,False,25,GS,1940.4010156643221,106.04971138647461,True,True,GS-2026-06-01,100,BUY,90,85
75-89,76,2026-06-02,1050.2648602294921,52.51324301147461,2026-06-04,724,1090.784335,3,26.256621505737304,2026-06-04,724,1090.784335,27.269608375,2025.973738525397,TP2,2,1972.4475086446598,0.10455877283086952,50,-0.10206930864929484,Risk-on,90,0.2419104561293313,60,0.1028599991170587,80,1.8475349306081967,Financials,2026-06-01,False,25,GS,1940.4010156643221,106.04971138647461,True,True,GS-2026-06-01,100,BUY,90,85
60-74,61,2026-06-02,149.1045137786865,7.455225688934325,2026-06-18,734,137.561185,13,7.455225688934325,2026-06-18,734,137.561185,6.87805925,-1154.3328778686514,STOP,1,-1168.6661628075858,-1.0184886134158817,100,-1.1551258668398345,Risk-on,90,0.5059464823865869,35,-1.0184886134158817,23,-7.837899290843862,Energy,2026-06-01,True,85,XOM,-1168.6661628075858,14.333284938934325,False,False,XOM-2026-06-01,65,WATCH,90,45
0-59,55,2026-06-02,184.9724448852539,9.248622244262695,2026-06-24,737,172.05393,16,9.248622244262695,2026-06-24,737,172.05393,8.6026965,-1291.8514885253899,STOP,1,-1309.7028072696526,-1.020618299147861,100,-1.0997471176454694,Risk-on,90,0.6014097566879698,35,-1.020618299147861,21,-7.080529254409303,Energy,2026-06-01,True,70,CVX,-1309.7028072696526,17.851318744262695,False,False,CVX-2026-06-01,50,SKIP,90,45
75-89,85,2026-06-03,494.24516310876004,24.712258155438,2026-06-09,727,382.44868,5,12.356129077718998,2026-06-03,723,487.80597500000005,12.195149375000002,-321.95940543799964,TP1,1,-346.51068389071867,-0.031047908021337816,50,-1.1155431100954818,Risk-on,90,0.0,90,-0.5338688658695905,100,-12.055256439799106,Technology,2026-06-02,True,25,AVGO,-5958.252185406439,46.46862453043801,True,False,AVGO-2026-06-02,100,BUY,90,100
75-89,85,2026-06-03,494.24516310876004,24.712258155438,2026-06-09,727,382.44868,5,12.356129077718998,2026-06-09,727,382.44868,9.561217000000001,-5589.824155438001,STOP,2,-5611.74150151572,-0.5028209578482526,50,-1.1155431100954818,Risk-on,90,0.0,90,-0.5338688658695905,100,-12.055256439799106,Technology,2026-06-02,True,25,AVGO,-5958.252185406439,46.46862453043801,True,False,AVGO-2026-06-02,100,BUY,90,100
0-59,59,2026-06-03,298.7242589761654,14.936212948808269,2026-06-15,731,323.70806500000003,9,7.468106474404134,2026-06-08,726,314.72256,7.8680639999999995,799.9150511917293,TP1,1,784.5788807173251,0.5659003355795117,50,-0.2520318469554235,Risk-on,90,1.856147580299188,35,1.4556914850474423,34,6.756091322233998,Financials,2026-06-02,False,85,JPM,2018.2083738096526,30.89697857380827,True,True,JPM-2026-06-02,50,SKIP,90,45
0-59,59,2026-06-03,298.7242589761654,14.936212948808269,2026-06-15,731,323.70806500000003,9,7.468106474404134,2026-06-15,731,323.70806500000003,8.092701625,1249.1903011917316,TP2,2,1233.6294930923275,0.8897911494679306,50,-0.2520318469554235,Risk-on,90,1.856147580299188,35,1.4556914850474423,34,6.756091322233998,Financials,2026-06-02,False,85,JPM,2018.2083738096526,30.89697857380827,True,True,JPM-2026-06-02,50,SKIP,90,45
0-59,57,2026-06-03,113.15654847335814,5.657827423667907,2026-07-01,742,108.475735,20,5.657827423667907,2026-07-01,742,108.475735,5.42378675,-468.08134733581426,STOP,1,-479.16296150948216,-1.0356812735643635,100,-1.2766641282093656,Risk-on,90,2.114633408551938,20,-1.0356812735643635,8,-4.234513759690165,Consumer Staples,2026-06-02,True,100,WMT,-479.16296150948216,11.081614173667907,False,False,WMT-2026-06-02,40,SKIP,90,70
75-89,79,2026-06-04,52.881805608727994,2.6440902804363997,2026-06-12,730,55.5722,7,1.3220451402181999,2026-06-04,724,53.893040000000006,1.3473260000000002,50.561719563600604,TP1,1,47.8923484233824,0.09154076432711043,50,-0.0678014061057439,Risk-on,90,0.6323233822873836,100,0.3434774364456081,42,3.3981577553604847,Financials,2026-06-03,False,25,BAC,179.7007178467646,5.3807212804364,True,True,BAC-2026-06-03,100,BUY,90,85
75-89,79,2026-06-04,52.881805608727994,2.6440902804363997,2026-06-12,730,55.5722,7,1.3220451402181999,2026-06-12,730,55.5722,1.389305,134.5197195636004,TP2,2,131.8083694233822,0.25193667211849763,50,-0.0678014061057439,Risk-on,90,0.6323233822873836,100,0.3434774364456081,42,3.3981577553604847,Financials,2026-06-03,False,25,BAC,179.7007178467646,5.3807212804364,True,True,BAC-2026-06-03,100,BUY,90,85
0-59,54,2026-06-04,227.20354133605957,11.36017706680298,2026-06-10,728,240.11988000000002,5,5.680088533401491,2026-06-05,725,234.032925,5.850823125,341.46918319702166,TP1,1,329.9382715386202,0.25045525961609827,50,-0.09895193754825854,Risk-on,90,1.0419712505208178,20,0.7318245675999916,11,4.2432090342125,Health Care,2026-06-03,False,85,JNJ,964.0721192022411,23.213997191802978,True,True,JNJ-2026-06-03,50,SKIP,90,45
0-59,54,2026-06-04,227.20354133605957,11.36017706680298,2026-06-10,728,240.11988000000002,5,5.680088533401491,2026-06-10,728,240.11988000000002,6.002997,645.8169331970225,TP2,2,634.1338476636209,0.4813693079838934,50,-0.09895193754825854,Risk-on,90,1.0419712505208178,20,0.7318245675999916,11,4.2432090342125,Health Care,2026-06-03,False,85,JNJ,964.0721192022411,23.213997191802978,True,True,JNJ-2026-06-03,50,SKIP,90,45
75-89,75,2026-06-05,1093.3663562622069,54.66831781311034,2026-07-14,750,1139.0901700000002,26,27.33415890655517,2026-06-05,725,1095.3520500000002,27.38380125000001,99.28468688966632,TP1,1,44.56672673311114,0.0020915847968729267,50,-0.43799499799976777,Risk-on,90,0.2368803861841619,60,0.1067667028089557,92,2.080680448448564,Financials,2026-06-04,False,25,GS,2274.946000466221,110.52937331311036,True,True,GS-2026-06-04,100,BUY,90,70
75-89,75,2026-06-05,1093.3663562622069,54.66831781311034,2026-07-14,750,1139.0901700000002,26,27.33415890655517,2026-07-14,750,1139.0901700000002,28.477254250000005,2286.1906868896654,TP2,2,2230.37927373311,0.10467511801208278,50,-0.43799499799976777,Risk-on,90,0.2368803861841619,60,0.1067667028089557,92,2.080680448448564,Financials,2026-06-04,False,25,GS,2274.946000466221,110.52937331311036,True,True,GS-2026-06-04,100,BUY,90,70
75-89,81,2026-06-05,928.672162669406,46.433608133470294,2026-06-18,734,988.92529,10,23.21680406673515,2026-06-16,732,944.6074600000001,23.6151865,796.764866529702,TP1,1,749.9328759629668,0.061650735197885526,50,-0.6208773324546789,Risk-on,90,0.5259388071613146,100,0.30537514498747026,92,3.9999576335942066,Industrials,2026-06-04,False,25,CAT,3714.649306175931,94.77192688347029,True,True,CAT-2026-06-04,100,BUY,90,70
75-89,81,2026-06-05,928.672162669406,46.433608133470294,2026-06-18,734,988.92529,10,23.21680406673515,2026-06-18,734,988.92529,24.72313225,3012.6563665297,TP2,2,2964.7164302129645,0.24372440978958473,50,-0.6208773324546789,Risk-on,90,0.5259388071613146,100,0.30537514498747026,92,3.9999576335942066,Industrials,2026-06-04,False,25,CAT,3714.649306175931,94.77192688347029,True,True,CAT-2026-06-04,100,BUY,90,70
75-89,75,2026-06-05,192.24191265953152,9.612095632976576,2026-07-20,754,166.97646755981447,30,4.806047816488288,2026-06-05,725,193.033435,4.825835875,39.57611702342376,TP1,1,29.944233331935475,0.009153923111619213,50,-0.9837980259940772,Risk-on,90,0.06065303589114742,100,-0.37977249881089414,40,-6.462214529458938,Real Estate,2026-06-04,False,25,AMT,-1242.3084811594008,18.61234319697194,True,False,AMT-2026-06-04,85,BUY,90,85
75-89,75,2026-06-05,192.24191265953152,9.612095632976576,2026-07-20,754,166.97646755981447,30,4.806047816488288,2026-07-20,754,166.97646755981447,4.174411688995362,-1263.2722549858527,TIME,2,-1272.2527144913363,-0.38892642192251337,50,-0.9837980259940772,Risk-on,90,0.06065303589114742,100,-0.37977249881089414,40,-6.462214529458938,Real Estate,2026-06-04,False,25,AMT,-1242.3084811594008,18.61234319697194,True,False,AMT-2026-06-04,85,BUY,90,85
60-74,64,2026-06-08,224.32815721893306,11.216407860946653,2026-07-21,755,229.7450706100464,30,5.608203930473326,2026-06-29,740,251.51418,6.287854500000001,1359.3011390533477,TP1,1,1347.4050806228743,1.2228951301471358,50,-0.797358140404145,Risk-on,90,2.511476486604949,40,1.4584098661449503,12,7.163161947229677,Industrials,2026-06-05,False,100,HON,1606.8989194828175,23.247889126197812,True,False,HON-2026-06-05,55,WATCH,90,70
60-74,64,2026-06-08,224.32815721893306,11.216407860946653,2026-07-21,755,229.7450706100464,30,5.608203930473326,2026-07-21,755,229.7450706100464,5.74362676525116,270.8456695556677,TIME,2,259.4938388599432,0.23551473599781442,50,-0.797358140404145,Risk-on,90,2.511476486604949,40,1.4584098661449503,12,7.163161947229677,Industrials,2026-06-05,False,100,HON,1606.8989194828175,23.247889126197812,True,False,HON-2026-06-05,55,WATCH,90,70
60-74,73,2026-06-10,381.0876127929997,19.054380639649985,2026-07-23,757,392.2737662200928,30,19.054380639649985,2026-07-23,757,392.2737662200928,19.613688311004637,1118.6153427093075,TIME,1,1079.947273758653,0.26699901407915955,100,-0.6096186749860789,Risk-on,90,0.8295273698141387,40,0.26699901407915955,71,2.833855621398174,Technology,2026-06-09,False,100,AVGO,1079.947273758653,38.66806895065462,False,False,AVGO-2026-06-09,65,WATCH,70,85
75-89,80,2026-06-10,411.35730982133737,20.567865491066872,2026-06-26,739,425.22728,12,10.283932745533436,2026-06-10,728,410.444675,10.261116874999999,-45.63174106686745,TP1,1,-66.17679068740088,-0.012951130092521343,50,-0.2498627330497021,Risk-on,90,0.32433572163369484,90,0.11867691383763855,100,1.474161486916509,Health Care,2026-06-09,False,20,UNH,606.4071035001978,41.459664366066875,True,True,UNH-2026-06-09,100,BUY,90,70
75-89,80,2026-06-10,411.35730982133737,20.567865491066872,2026-06-26,739,425.22728,12,10.283932745533436,2026-06-26,739,425.22728,10.630682,693.498508933132,TP2,2,672.5838941875986,0.1316280439301599,50,-0.2498627330497021,Risk-on,90,0.32433572163369484,90,0.11867691383763855,100,1.474161486916509,Health Care,2026-06-09,False,20,UNH,606.4071035001978,41.459664366066875,True,True,UNH-2026-06-09,100,BUY,90,70
75-89,76,2026-06-11,240.11999999999998,12.005999999999998,2026-06-25,738,247.606135,10,6.002999999999999,2026-06-11,729,240.809535,6.020238375,34.47675000000174,TP1,1,22.453511625001745,0.009003011878509132,50,-0.5060144346431432,Risk-on,90,0.3235766816923129,100,0.15419691589815684,35,1.6015621699566995,Health Care,2026-06-10,False,25,JNJ,384.56710825000266,24.21639175,True,True,JNJ-2026-06-10,100,BUY,90,70
75-89,76,2026-06-11,240.11999999999998,12.005999999999998,2026-06-25,738,247.606135,10,6.002999999999999,2026-06-25,738,247.606135,6.190153375,374.30675000000093,TP2,2,362.1135966250009,0.1451939040196477,50,-0.5060144346431432,Risk-on,90,0.3235766816923129,100,0.15419691589815684,35,1.6015621699566995,Health Care,2026-06-10,False,25,JNJ,384.56710825000266,24.21639175,True,True,JNJ-2026-06-10,100,BUY,90,70
0-59,51,2026-06-11,565.5887105131178,28.27943552565589,2026-06-25,738,541.539095,10,28.27943552565589,2026-06-25,738,541.539095,27.07695475,-2404.961551311783,STOP,1,-2460.317941587439,-1.0346725657096376,100,-1.0685490209117723,Risk-on,90,1.6914831030592392,20,-1.0346725657096376,17,-4.3500124664004876,Communication Services,2026-06-10,True,100,META,-2460.317941587439,55.35639027565589,False,False,META-2026-06-10,25,SKIP,90,45
